1.000000000000000000e+00 0.000000000000000000e+00 0.000000000000000000e+00
9.999637071893894280e-01 5.212713436467787155e-03 -6.738856006083996687e-03
9.998592608403223947e-01 8.221569391271780353e-03 -1.462411771586417594e-02
9.997147387662764784e-01 1.019461685784878863e-02 -2.159887816787440726e-02
9.995117623978339028e-01 1.704541129436348834e-02 -2.618571461821224064e-02
9.992530879269179156e-01 2.412955998513966610e-02 -3.018329979015246800e-02
9.988344670329849517e-01 2.923264210136614777e-02 -3.840783201488400661e-02
9.981923790916570338e-01 4.225105719890236144e-02 -4.274136603624297676e-02
9.970676878328701420e-01 5.189197010010024314e-02 -5.624280093504299000e-02
9.956611004534992038e-01 6.751698139913422936e-02 -6.403463161247918700e-02
9.947484670838762089e-01 8.172252779263229627e-02 -6.161914558035117701e-02
9.933259913949650244e-01 9.373723122602090063e-02 -6.720721761658282611e-02
9.918742852574550239e-01 1.005692705336228426e-01 -7.791808916655676431e-02
9.896642870971127381e-01 1.174444734533618556e-01 -8.228851333229474097e-02
9.873477016741220025e-01 1.317565831567014123e-01 -8.823108546381361328e-02
9.845476900431349154e-01 1.486820182282185265e-01 -9.251761949175116295e-02
9.815456481239018816e-01 1.663260745202539415e-01 -9.435986612560649800e-02
9.780845736908807542e-01 1.824430477609971513e-01 -1.003250135222093220e-01
9.740752017325751133e-01 2.024495647768099482e-01 -1.009538631034154060e-01
9.698895144065514673e-01 2.189200587572147083e-01 -1.067161933706305271e-01
9.656186807193213317e-01 2.343467902773862521e-01 -1.125262408184572044e-01
9.603881324974137268e-01 2.542317171097734363e-01 -1.141090656912307350e-01
9.555630388981976031e-01 2.690704622178036187e-01 -1.204175065300060188e-01
9.495150106716285787e-01 2.881110943544641922e-01 -1.241501228145907021e-01
9.438748589913972253e-01 3.052695646442940003e-01 -1.261378410554788998e-01
9.366224771503781632e-01 3.282534000449380818e-01 -1.224256967405570329e-01
9.286226165896529494e-01 3.492959201138594039e-01 -1.251095804009752510e-01
9.225008936872033383e-01 3.649728448552472804e-01 -1.256460689528823838e-01
9.140954010545543351e-01 3.836133103092134733e-01 -1.314170382114473179e-01
9.037592438763556446e-01 4.056007360149344598e-01 -1.367745755287432807e-01
8.930298983550831737e-01 4.281077411672817856e-01 -1.386411754658173068e-01
8.827521528334700829e-01 4.487847683689598077e-01 -1.390714970855835286e-01
8.704046758445013188e-01 4.711165809549847650e-01 -1.429855952348806636e-01
8.585503061648130929e-01 4.924519315580898060e-01 -1.427672226911926023e-01
8.421908583312158747e-01 5.195245006008177846e-01 -1.442527800774896785e-01
8.293471812510471164e-01 5.393452958534832309e-01 -1.459106510597911188e-01
8.159558696595355931e-01 5.586472132566865367e-01 -1.487592808068786965e-01
8.028156211908804574e-01 5.780821483249269921e-01 -1.459730163097699152e-01
7.923931220454317748e-01 5.912648259253697747e-01 -1.500635174279133788e-01
7.777389314602474180e-01 6.090885157505745440e-01 -1.553491185868277613e-01
7.599109683899973877e-01 6.316245476782559320e-01 -1.535765749776044076e-01
7.472733823061763481e-01 6.478091727525772114e-01 -1.480735670762242662e-01
7.312989256904812718e-01 6.659926786850561831e-01 -1.471585758603809191e-01
7.172402949205346490e-01 6.813217612641815357e-01 -1.461746563601369620e-01
7.022144623462239776e-01 6.977097010650539222e-01 -1.417604836527897871e-01
6.873983084278881828e-01 7.112965573215663806e-01 -1.467677976524310313e-01
6.728551951224756023e-01 7.250104471636885650e-01 -1.470569659284769459e-01
6.601673627499211605e-01 7.367898508595329687e-01 -1.460129521155388299e-01
6.442882378972241142e-01 7.516651063750975359e-01 -1.410398807102618834e-01
6.289399452486764686e-01 7.638175575717344179e-01 -1.449734373612736049e-01
6.109857890406863445e-01 7.780210874208711713e-01 -1.462175316261083158e-01
5.924013860736350168e-01 7.919089352714102636e-01 -1.481244409784841787e-01
5.773628646746777893e-01 8.037919972479311559e-01 -1.434244087822569569e-01
5.604004105876317920e-01 8.150120088593887369e-01 -1.473323402656245562e-01
5.402902053121169113e-01 8.291142797501381834e-01 -1.437220172889701053e-01
5.174347340956786390e-01 8.429304568820541466e-01 -1.474094770021843470e-01
4.924572644612517092e-01 8.574937780574463098e-01 -1.489640099988953081e-01
4.710478698984769119e-01 8.693240756633432431e-01 -1.496314430506311688e-01
4.527726238662012070e-01 8.788271649109746786e-01 -1.505316521179660416e-01
4.311110686762117949e-01 8.900318403850435711e-01 -1.482787322425148380e-01
4.118302173822381840e-01 8.992428025101216749e-01 -1.475068374186529752e-01
3.939398880605048947e-01 9.071484106685483439e-01 -1.479633012564956218e-01
3.745727959163763776e-01 9.154942548080855502e-01 -1.468519764260295679e-01
3.501398332513893097e-01 9.251334657848050425e-01 -1.467316620183246045e-01
3.271809813648845489e-01 9.330727012331118120e-01 -1.494254078973143440e-01
3.093487034608409791e-01 9.398138122112120740e-01 -1.450978655670974726e-01
2.928268492083810348e-01 9.452289012751653452e-01 -1.442039290578095156e-01
2.743978058665503261e-01 9.508560965514286645e-01 -1.434522233373141942e-01
2.537153435383369127e-01 9.567473874142496948e-01 -1.423480728700638465e-01
2.354724936298970006e-01 9.623618825561863765e-01 -1.356920217616345015e-01
2.143713001643393901e-01 9.669723406706287605e-01 -1.378747658714306046e-01
1.928476975267441329e-01 9.706767476441177100e-01 -1.435145646771903427e-01
1.775140126309578958e-01 9.735660127567350441e-01 -1.437289367435578280e-01
1.551633698083685620e-01 9.781074854604836499e-01 -1.386725942142373880e-01
1.395054447301359024e-01 9.806647375517471010e-01 -1.372403592680810080e-01
1.171024121365260295e-01 9.834259459189866881e-01 -1.384212653184112851e-01
9.904737334664991122e-02 9.859662063664167420e-01 -1.343885058360654861e-01
8.154555798918550202e-02 9.875773806393431942e-01 -1.343177277844291861e-01
6.337669843286580784e-02 9.887720644247695034e-01 -1.353263146493061952e-01
4.508619408784671906e-02 9.894315956220903763e-01 -1.378127914400209264e-01
2.637744514694347064e-02 9.895347692553864150e-01 -1.418632556515249388e-01
1.756343589303703545e-03 9.901591667046535372e-01 -1.399348141069751139e-01
-1.776903696476278549e-02 9.893359770588322499e-01 -1.445634752794486833e-01
-4.300108822316146134e-02 9.887344661849974958e-01 -1.433704097292715363e-01
-6.565057687184198965e-02 9.866654236616296814e-01 -1.489340661197333104e-01
-8.618867539833661995e-02 9.849878524262818402e-01 -1.495675611855038778e-01
-1.047890585880954378e-01 9.830368844527840322e-01 -1.505249133824872465e-01
-1.270913251980805292e-01 9.797435862543530938e-01 -1.547588861815198114e-01
-1.457565097102769547e-01 9.767879037267130915e-01 -1.569727477881852074e-01
-1.667841966590350167e-01 9.731452712958355011e-01 -1.586547361614586427e-01
-1.868573119020420781e-01 9.694734064290772002e-01 -1.587629422023453529e-01
-2.060884236711081618e-01 9.653312951467067915e-01 -1.601969565446682009e-01
-2.350588599232415199e-01 9.582467555950047178e-01 -1.628204546564901989e-01
-2.542766599023305596e-01 9.534265882684135329e-01 -1.622378925759218327e-01
-2.744213340108978549e-01 9.480914501444877018e-01 -1.606721709213285165e-01
-2.940286289227933558e-01 9.418796071613771970e-01 -1.625114889061483603e-01
-3.186832595725103690e-01 9.340841948283696849e-01 -1.610208381136406519e-01
-3.395324832947790861e-01 9.266268911104305062e-01 -1.614939959412519666e-01
-3.663816340615019818e-01 9.158924321780671507e-01 -1.640291565784988137e-01
-3.892355853109090158e-01 9.060354674279299525e-01 -1.661186460699395628e-01
-4.103604683631809080e-01 8.964136601302146179e-01 -1.674719366290999545e-01
-4.362114944788344495e-01 8.842989939849870140e-01 -1.665377874865334451e-01
-4.575518035843124665e-01 8.730853330093947262e-01 -1.684290992497500528e-01
-4.780555525253370464e-01 8.623314684563411214e-01 -1.668752243643343014e-01
-5.040437894544184116e-01 8.486499090229530085e-01 -1.604157250045775140e-01
-5.241836218195253805e-01 8.356802616476343148e-01 -1.639208516466514887e-01
-5.435737050829958505e-01 8.226531847693743238e-01 -1.666414684241550315e-01
-5.670868278287926056e-01 8.052754841026603660e-01 -1.730431696596865521e-01
-5.867390329926260861e-01 7.893098207232480679e-01 -1.809069592827622919e-01
-6.118136849484212547e-01 7.688964970763481066e-01 -1.856938516163795239e-01
-6.339535854167198670e-01 7.507794744170973589e-01 -1.855614377570438400e-01
-6.541313049107737587e-01 7.330111346697809616e-01 -1.865661471501418034e-01
-6.738891292118177612e-01 7.137774430506701462e-01 -1.907753088822431997e-01
-6.942139907660407339e-01 6.938157430437918993e-01 -1.915376335761119486e-01
-7.120404521796056541e-01 6.724673818389981239e-01 -2.019555153746086795e-01
-7.303091910549952548e-01 6.508859488854179531e-01 -2.073547267319523491e-01
-7.497119954365361050e-01 6.274670807368702974e-01 -2.102783923456806592e-01
-7.676380345023265939e-01 6.038713800861110759e-01 -2.146420738420152796e-01
-7.830264669807657230e-01 5.829558447122720199e-01 -2.168687408957400975e-01
-7.987613264215204234e-01 5.619560178077435131e-01 -2.149088017176266352e-01
-8.186082519623945064e-01 5.310411695384965602e-01 -2.188054431500535690e-01
-8.329977032413343752e-01 5.064054555317977213e-01 -2.228639878509358352e-01
-8.491134840748381096e-01 4.784828080501026260e-01 -2.237420608498027763e-01
-8.646764422735095934e-01 4.501119128445051354e-01 -2.230110586191869360e-01
-8.786283440365175723e-01 4.223140794035098455e-01 -2.228521203482682345e-01
-8.927188521366193896e-01 3.954178282898950236e-01 -2.160967531614524373e-01
-9.036729947017162479e-01 3.695322383656859944e-01 -2.163817415988626147e-01
-9.152438903114892277e-01 3.421895212415948517e-01 -2.126851360277301761e-01
-9.271222279087021345e-01 3.119734125713524708e-01 -2.076462789181121593e-01
-9.365734177085259793e-01 2.858538493361432731e-01 -2.027752996411097408e-01
-9.446166056050870896e-01 2.592777813302941659e-01 -2.011827830375381709e-01
-9.514752463237616809e-01 2.375529010444594469e-01 -1.956105453154529938e-01
-9.585472021689712685e-01 2.088789895689270870e-01 -1.937958698157728477e-01
-9.659124415968831645e-01 1.802769992584387082e-01 -1.857777378779647826e-01
-9.708295328201588248e-01 1.568570582256857970e-01 -1.813446703411283334e-01
-9.748103177318977464e-01 1.294206220957875852e-01 -1.816456853508894298e-01
-9.792215842250370228e-01 1.023706827511116912e-01 -1.750581034086065302e-01
-9.825750177744274616e-01 7.694379914892621186e-02 -1.691921766585028908e-01
-9.834530214693533168e-01 5.905159781316648981e-02 -1.712689988704216570e-01
-9.858515333524456858e-01 3.668732644087255301e-02 -1.635567170493490430e-01
-9.874071373541508656e-01 1.563246749627786314e-02 -1.574254598422976104e-01
-9.884341743080574672e-01 -6.561560107326169788e-03 -1.515085249608119078e-01
-9.889960393053910392e-01 -2.796570606487937954e-02 -1.452747628359703225e-01
-9.885078413517544016e-01 -4.899360348801337639e-02 -1.430100597452793054e-01
-9.880242417375818542e-01 -6.995432204270302101e-02 -1.375299701566286836e-01
-9.867838578323532284e-01 -9.034105656440249987e-02 -1.345217948262669716e-01
-9.857312244599610862e-01 -1.103100317172377859e-01 -1.271442155894702553e-01
-9.846130175225570325e-01 -1.277149088413068456e-01 -1.192732517494247690e-01
-9.835028603059041696e-01 -1.417657631689086817e-01 -1.123592115917177864e-01
-9.820736124444554571e-01 -1.536682002728094742e-01 -1.091673217190910483e-01
-9.815822492952512857e-01 -1.609952780997102872e-01 -1.028436102715335754e-01
-9.796521943010511047e-01 -1.762294907289653767e-01 -9.604552891298794026e-02
-9.773822734688532021e-01 -1.898174327689892416e-01 -9.323750484685135176e-02
-9.760276883190778241e-01 -1.984364903142031844e-01 -8.940307246234900640e-02
-9.741468067964783595e-01 -2.101982771607386058e-01 -8.279300195200510470e-02
-9.717410575467134715e-01 -2.225467650929829622e-01 -7.869086399829654244e-02
-9.697701204263965424e-01 -2.331645035535310495e-01 -7.197378029284058620e-02
-9.677610797496940531e-01 -2.434996253561947654e-01 -6.439271690859815767e-02
-9.654851774795143449e-01 -2.540465367139811415e-01 -5.743453234972026311e-02
-9.645709665955065626e-01 -2.587286376863839332e-01 -5.159785454196157140e-02
-9.646157893351557933e-01 -2.598222448015885533e-01 -4.481937318069144360e-02
-9.637753575762667557e-01 -2.640659113482850540e-01 -3.750001027297266559e-02
-9.624760350004345488e-01 -2.695868130526750117e-01 -3.102947381601331781e-02
-9.613735668607081841e-01 -2.737578800258348433e-01 -2.859167796577348139e-02
-9.597099201030090398e-01 -2.792982343381125721e-01 -3.081171195209838481e-02
-9.570236361329446106e-01 -2.884914462010776948e-01 -2.963851017331391169e-02
-9.545718496022763677e-01 -2.964390244170746480e-01 -3.027349844601543230e-02
-9.536139968462371552e-01 -3.000407854114821582e-01 -2.441040766211160715e-02
-9.514623942712823190e-01 -3.067157936139492391e-01 -2.539153728471727281e-02
-9.493208788416265254e-01 -3.134736480430603822e-01 -2.289403398968806180e-02
-9.482996414633887428e-01 -3.168380975752596029e-01 -1.847716734586115489e-02
-9.487753103876287453e-01 -3.156475813580981726e-01 -1.385678955517676003e-02
-9.487693601404313393e-01 -3.156344650752753167e-01 -1.454584308498860050e-02
-9.467368936501685539e-01 -3.217841783702728442e-01 -1.200802238521385054e-02
-9.461926277530570140e-01 -3.233241161997545965e-01 -1.345447609028254353e-02
-9.459459660828621885e-01 -3.242374784260657061e-01 -7.502178852574928163e-03
-9.453493343128138715e-01 -3.258901449833001562e-01 -1.049978114660166627e-02
-9.464784417182596776e-01 -3.226012381794555739e-01 -1.034390534457563238e-02
-9.455855025043568007e-01 -3.251504192025671536e-01 -1.205231310665087416e-02
-9.436055424636319300e-01 -3.308937246981715208e-01 -1.085905516854153777e-02
-9.417611543827837384e-01 -3.361124737314418742e-01 -1.069247323288974837e-02
-9.404580594224700718e-01 -3.397130908659610760e-01 -1.156072105836204213e-02
-9.391258144584769818e-01 -3.433563053135355592e-01 -1.221262278742225871e-02
-9.384298085366222786e-01 -3.454053542386406050e-01 -6.680687021224346323e-03
-9.378474375024110632e-01 -3.470314905682523321e-01 -3.365169554217934886e-03
-9.386062643170423048e-01 -3.449894600909667042e-01 -7.408874956754646184e-04
-9.402424952200068020e-01 -3.404394946089708829e-01 6.707961745605794252e-03
-9.414267706254958457e-01 -3.370501602563352184e-01 1.062172615647170686e-02
-9.428495646070280678e-01 -3.328398418172618389e-01 1.588503541800993096e-02
-9.430779133184296059e-01 -3.320448302791838002e-01 1.871566846978661020e-02
-9.435179978470905615e-01 -3.306046556036447148e-01 2.177947692421921752e-02
-9.443809550413611031e-01 -3.279509251133501113e-01 2.434745760092289074e-02
-9.456637340704193706e-01 -3.234872733930675426e-01 3.280370071941363097e-02
-9.463923276832085785e-01 -3.211073867993995967e-01 3.509423081896163865e-02
-9.479970033606414104e-01 -3.160389571411956755e-01 3.769689742022597906e-02
-9.484955052553922794e-01 -3.142234844004881955e-01 4.024767428610698944e-02
-9.511688654315660907e-01 -3.057278840726821989e-01 4.252349209678638747e-02
-9.554936450992688179e-01 -2.919568258191055365e-01 4.234504763904990005e-02
-9.578385183577259321e-01 -2.838573082643559564e-01 4.438916968118426787e-02
-9.603774411540549893e-01 -2.752356452478613158e-01 4.382359132141158686e-02
-9.633536620742759737e-01 -2.648100801594455711e-01 4.272400004955943104e-02
-9.658155471681315607e-01 -2.551133318042934084e-01 4.601645197759622608e-02
-9.673901087743749239e-01 -2.486997871924042924e-01 4.800823229474802945e-02
-9.688864406556215725e-01 -2.418175207700550278e-01 5.275745545606634612e-02
-9.712119545387947195e-01 -2.332991828293886627e-01 4.815420906332083112e-02
-9.725138311288553661e-01 -2.278486215194313325e-01 4.797761070941148481e-02
-9.736870225250741084e-01 -2.216349028924803344e-01 5.302404440512333700e-02
-9.760407336060215044e-01 -2.095157255168692279e-01 5.871664694732949691e-02
-9.769307592970396525e-01 -2.055389259963086857e-01 5.796584304509995456e-02
-9.789905839929544662e-01 -1.954077408697324214e-01 5.825159907462069270e-02
-9.808366442513527517e-01 -1.851791764355840975e-01 6.056523365986440227e-02
-9.821854812369967824e-01 -1.781053296197112057e-01 5.991802407166370303e-02
-9.829343712256716215e-01 -1.710121814041656862e-01 6.778534854325164727e-02
-9.845412844411788322e-01 -1.611462241288478259e-01 6.863200068247531094e-02
-9.869860940763491852e-01 -1.484341855705616497e-01 6.185256553708294580e-02
-9.892998598095169571e-01 -1.328757212490253858e-01 6.024804703957348934e-02
-9.898857905118292333e-01 -1.274434579556273373e-01 6.232402377506809227e-02
-9.908686434551128297e-01 -1.191446069334447799e-01 6.311807409219193088e-02
-9.910756685031424373e-01 -1.176808772494445376e-01 6.261172133119777272e-02
-9.918179821509435223e-01 -1.064732880661100334e-01 7.043100610449008758e-02
-9.931937584750304415e-01 -9.346660021396781259e-02 6.949928100730405622e-02
-9.945492585128690166e-01 -8.041163710981616419e-02 6.637573342522473663e-02
-9.959047318643425850e-01 -6.432513406350043317e-02 6.352982656352122726e-02
-9.966867559054888304e-01 -4.865998392829665176e-02 6.517448340032648557e-02
-9.971735882138124119e-01 -3.753133380902445859e-02 6.508633241963003579e-02
-9.973556413984243640e-01 -2.539325486576939767e-02 6.809481694251667827e-02
-9.976220136626752222e-01 -1.709885692207797556e-02 6.676783520648575665e-02
-9.979298158099900729e-01 -5.116410207385466494e-03 6.410851496760880397e-02
-9.980239072060838046e-01 5.840243031452696520e-03 6.256331780036061829e-02
-9.979838255825828064e-01 1.427662479156669405e-02 6.184220549815750562e-02
-9.976303381448233809e-01 2.622730222643208930e-02 6.360686855900804515e-02
-9.973757456260420318e-01 3.839281621222037644e-02 6.138086118734544655e-02
-9.967250517233001705e-01 4.695790446372881399e-02 6.583405574542246230e-02
-9.960701289220093013e-01 6.226598108655811981e-02 6.298604803392349183e-02
-9.951172834958526003e-01 7.298554099483960111e-02 6.644320532621753039e-02
-9.945734294735437686e-01 8.077497303937548889e-02 6.556747428778308961e-02
-9.938878449645960345e-01 9.160297544738363329e-02 6.161041103905310484e-02
-9.934797732035604012e-01 9.764640217371696462e-02 5.884825047184899516e-02
-9.922694390107809070e-01 1.086727936811081735e-01 5.992979785752609867e-02
-9.908306999507652257e-01 1.205938687055776171e-01 6.092322439729720013e-02
-9.895472201224457809e-01 1.317783054504106377e-01 5.857280580867433445e-02
-9.881203004306761128e-01 1.426014281899496139e-01 5.729834839811481090e-02
-9.862329792137501938e-01 1.551964192213262095e-01 5.708395858058722822e-02
-9.848178526680237965e-01 1.653875586922976537e-01 5.273280271533185848e-02
-9.841082132007278327e-01 1.708712825851670392e-01 4.831175082639024149e-02
-9.827574320922275453e-01 1.782527221355949543e-01 4.913036227985812660e-02
-9.810068985332213165e-01 1.878422016335004607e-01 4.838148480471188978e-02
-9.805682897668119846e-01 1.917605694978032072e-01 4.139696649044986854e-02
-9.793613839397242726e-01 1.977397250916473614e-01 4.183630647211000753e-02
-9.783815101216271071e-01 2.034673828737643131e-01 3.702216042863216289e-02
-9.773069623868726463e-01 2.078716645186008405e-01 4.074883991484391094e-02
-9.763550914815801729e-01 2.126210933787997248e-01 3.902565277674692468e-02
-9.757055371984700853e-01 2.163584758198383584e-01 3.446317015355990915e-02
-9.750318872748825472e-01 2.200842999567528824e-01 2.959248479033732213e-02
-9.742664297455947420e-01 2.237118131592745196e-01 2.753078132532475741e-02
-9.722043589968881738e-01 2.316888711767446374e-01 3.374829169703223025e-02
-9.717055456200262009e-01 2.331346911424423962e-01 3.790177186088747319e-02
-9.702167105587707896e-01 2.392048472941082915e-01 3.821742418174852579e-02
-9.686408810768852851e-01 2.460886691071547394e-01 3.428128105886940613e-02
-9.675495918670583562e-01 2.505157268481231769e-01 3.300990180537836244e-02
-9.664806813990521883e-01 2.545490567762839773e-01 3.346439780967633282e-02
-9.655148238641910741e-01 2.580174372202478361e-01 3.475806069162577089e-02
-9.643826806417248321e-01 2.625513766179893294e-01 3.213744994287504042e-02
-9.639128513540411447e-01 2.647948854189204893e-01 2.748962349694624926e-02
-9.632770277463233999e-01 2.669652321544325191e-01 2.875636269625786445e-02
-9.617586234200208306e-01 2.725687737442877845e-01 2.695569579312027605e-02
-9.624041371510170251e-01 2.703299191668412371e-01 2.645765071646748873e-02
-9.600808383533621093e-01 2.785875361534145278e-01 2.517467316721891737e-02
-9.582403283392030291e-01 2.848805522835855530e-01 2.487045856903466121e-02
-9.569936047030731530e-01 2.895550438057215015e-01 1.791962192467451420e-02
-9.561555691127585632e-01 2.923003467043764902e-01 1.808398907056422630e-02
-9.552507013600304298e-01 2.956510389770595770e-01 9.303563641838444309e-03
-9.558715593325215476e-01 2.935878100030588911e-01 1.075897162095552223e-02
-9.560040199679168405e-01 2.933345571580928124e-01 3.338718258904155994e-03
-9.554985484350632108e-01 2.949880505381742291e-01 -2.137668018590889799e-03
-9.553387939201328782e-01 2.955100488075230736e-01 -1.263144895735681707e-03
-9.526535133564177915e-01 3.040126514793740631e-01 -5.252309047734973237e-03
-9.534452233435650736e-01 3.015528633839386630e-01 -2.841158338762416434e-03
-9.538814274890454747e-01 3.001808466656817886e-01 -1.295023090174881849e-03
-9.533480526217484874e-01 3.018648488070104774e-01 -2.258119335086269767e-03
-9.526593931724745001e-01 3.039897353108649281e-01 -5.506073598262409448e-03
-9.528689672756528450e-01 3.029830711480362981e-01 -1.555587828005837100e-02
-9.539739721994300314e-01 2.992110549064619374e-01 -2.015938154746046290e-02
-9.549816213560075040e-01 2.956492785027722281e-01 -2.452759244591571144e-02
-9.559280886853530612e-01 2.928656292044229392e-01 -2.076555481552555885e-02
-9.584138575605211097e-01 2.840200921591745642e-01 -2.784710196565735874e-02
-9.597312199668194266e-01 2.797002597859581940e-01 -2.614854294498443477e-02
-9.610927124063270988e-01 2.749045882554864151e-01 -2.698632527919964108e-02
-9.617591221005966640e-01 2.721808905041629978e-01 -3.060964246879191442e-02
-9.636145320858042762e-01 2.650168116435608900e-01 -3.482986687266462905e-02
-9.654066611951875876e-01 2.581494612004117672e-01 -3.672643257922866833e-02
-9.663318166690441080e-01 2.540307680292439030e-01 -4.088013850418560635e-02
-9.679187123512708046e-01 2.480933612590643655e-01 -3.978752466948313332e-02
-9.695277584872125098e-01 2.401395895900591826e-01 -4.846545311594385730e-02
-9.714087657615650961e-01 2.320043558731388622e-01 -5.038835051425250705e-02
-9.731287233515487634e-01 2.240663310545504272e-01 -5.305435443801868878e-02
-9.752001375200757272e-01 2.143439574451612706e-01 -5.514850130764380881e-02
-9.765951279147214725e-01 2.071019274428548829e-01 -5.805812109286633688e-02
-9.772665454923082917e-01 2.038843894763328057e-01 -5.814853766974966559e-02
-9.785679824486818168e-01 1.976358401011545918e-01 -5.783403898121767389e-02
-9.796979238381343658e-01 1.906908512311609183e-01 -6.187871354165054572e-02
-9.823632631082478417e-01 1.754661691521372247e-01 -6.460681697395501133e-02
-9.841727085807492337e-01 1.640003346115696536e-01 -6.714140450870868804e-02
-9.845826170087061957e-01 1.583590296005780718e-01 -7.429324811302741305e-02
-9.861082823981458523e-01 1.488843668549085786e-01 -7.364712717755110549e-02
-9.871680084990887005e-01 1.402023768124904257e-01 -7.643700184118461249e-02
-9.884997020660017952e-01 1.299193727282395849e-01 -7.739053136964006707e-02
-9.898046722694969768e-01 1.173139829135020906e-01 -8.077214439055066530e-02
-9.909234889328197848e-01 1.065739325953839328e-01 -8.193067276338958371e-02
-9.929132965383600240e-01 8.910043132855149928e-02 -7.864030448660785932e-02
-9.942303389458649887e-01 7.327099388254147694e-02 -7.834151747587594916e-02
-9.940800359000282471e-01 6.840730235283935812e-02 -8.441162289127257523e-02
-9.946666706859620399e-01 5.334290762975917033e-02 -8.827654107874889633e-02
-9.950115136030405205e-01 4.330846933360358447e-02 -8.986914695199203773e-02
-9.957025662785710107e-01 2.950925520644327726e-02 -8.778156161336901631e-02
-9.958380872777886639e-01 1.645260015947950377e-02 -8.964270869732755831e-02
-9.953971888241233135e-01 5.602247381871894652e-03 -9.567157935112741152e-02
-9.956355447595959252e-01 -5.687819251905626775e-03 -9.315315581045680027e-02
-9.955184592218095929e-01 -1.761374441190681484e-02 -9.291260980641898037e-02
-9.951319975351499147e-01 -2.497358673093878073e-02 -9.533429232828793953e-02
-9.949167529425263501e-01 -4.179876192411340757e-02 -9.161614215617977508e-02
-9.939142103621260160e-01 -5.565258704321361660e-02 -9.506488057838204109e-02
-9.925282807154961473e-01 -7.218325635774872073e-02 -9.837270620837820778e-02
-9.910435779201044459e-01 -8.539941124984569421e-02 -1.026623959172169032e-01
-9.896934103430450325e-01 -1.007366043353822432e-01 -1.017796161019788592e-01
-9.884731487258493488e-01 -1.146880733458549712e-01 -9.883056433955428322e-02
-9.866083464517452217e-01 -1.317676293398036269e-01 -9.613148598763418540e-02
-9.849188074218724331e-01 -1.442094418364855413e-01 -9.559591886524614057e-02
-9.830116067171347227e-01 -1.583690469718574689e-01 -9.277621367583742396e-02
-9.804660291061246813e-01 -1.715175877650246539e-01 -9.627088273213210701e-02
-9.787851107950104046e-01 -1.822983710714625172e-01 -9.352545481855607801e-02
-9.771625321402933606e-01 -1.918647688807756380e-01 -9.133069589368154884e-02
-9.754108612891618790e-01 -2.026686987612794089e-01 -8.659705388282561145e-02
-9.744524355439119212e-01 -2.091581732600126253e-01 -8.182486592221327459e-02
-9.708954954077689825e-01 -2.242865548572329226e-01 -8.400879602630140219e-02
-9.694234018414883414e-01 -2.306718271212690186e-01 -8.371843061803474484e-02
-9.662251349694503944e-01 -2.437015259489122010e-01 -8.377681243264321898e-02
-9.635566124021122114e-01 -2.546750048275566725e-01 -8.184922741524411349e-02
-9.613901385286125478e-01 -2.641464740476432427e-01 -7.717279929578328701e-02
-9.592541466255077864e-01 -2.724125154758672007e-01 -7.498601660949152925e-02
-9.563969191971982697e-01 -2.828819551465243110e-01 -7.268240057104395635e-02
-9.541864397574374435e-01 -2.908023784302787851e-01 -7.044298147220783013e-02
-9.509967512612367280e-01 -3.008239711756556800e-01 -7.148507720037816648e-02
-9.481567005042693674e-01 -3.092006054576484919e-01 -7.344287374551643210e-02
-9.432605930669121230e-01 -3.233652938647467723e-01 -7.546084593574699240e-02
-9.389323618136906635e-01 -3.346907461765955549e-01 -7.992573627990265384e-02
-9.384112173245197086e-01 -3.381203326880313220e-01 -7.112683634605745930e-02
-9.349935679983469861e-01 -3.485561338643853868e-01 -6.554119407289552002e-02
-9.332327678124584525e-01 -3.552789680311453369e-01 -5.341773608247002425e-02
-9.333881039763819443e-01 -3.548741777040450573e-01 -5.339441849726288269e-02
-9.331778536964566717e-01 -3.556809850505365245e-01 -5.167328921570145395e-02
-9.296787638785667385e-01 -3.648591197430443023e-01 -5.074659875335595788e-02
-9.254364411225320941e-01 -3.754423750358865663e-01 -5.109222086913810246e-02
-9.226442825071835552e-01 -3.822693435840328058e-01 -5.096739616088776653e-02
-9.193639608075514502e-01 -3.903662522225518350e-01 -4.882719689046007699e-02
-9.191040266531960157e-01 -3.915951407792002681e-01 -4.360082963495840597e-02
-9.152526048001436987e-01 -4.007038508524718989e-01 -4.182214391484836979e-02
-9.153234255600415370e-01 -4.004674917362310849e-01 -4.253014326790858363e-02
-9.134915516245865064e-01 -4.042434065894699446e-01 -4.604836522236741003e-02
-9.112926841645310194e-01 -4.095763482180154180e-01 -4.234214556913538235e-02
-9.099496099042378994e-01 -4.130695003798740550e-01 -3.694988200082716806e-02
-9.086451309364035334e-01 -4.160755822298471407e-01 -3.528646171682373739e-02
-9.093818255280070595e-01 -4.146605948327390934e-01 -3.288289832709374166e-02
-9.093607137192525336e-01 -4.151963705844646246e-01 -2.598200815517213991e-02
-9.094261528375746639e-01 -4.154950311484367775e-01 -1.754851068061964031e-02
-9.085586724296687011e-01 -4.174908737450986340e-01 -1.491669180513104272e-02
-9.091135609036883336e-01 -4.163125944005192647e-01 -1.401269902402490705e-02
-9.085083346832653062e-01 -4.176082708697272383e-01 -1.469477884125665150e-02
-9.075560584429774869e-01 -4.197928453737195253e-01 -1.076876922670589633e-02
-9.081637647080540443e-01 -4.186150623708488339e-01 -6.965735124314295645e-05
-9.085406019527954014e-01 -4.177964160293124452e-01 -3.580221369316841941e-04
-9.086266324780206682e-01 -4.176067037517097180e-01 -1.510813843648780349e-03
-9.087701840371988915e-01 -4.172896453279573703e-01 2.470497332140428760e-03
-9.105139270470156143e-01 -4.134602302471191426e-01 3.876279391768362378e-03
-9.126742796921790690e-01 -4.086269744567795348e-01 7.046543751321856890e-03
-9.137999463547773482e-01 -4.060683726822735817e-01 8.839323617886842011e-03
-9.131683402396734150e-01 -4.073598763351613528e-01 1.347265400847358005e-02
-9.143050705052181426e-01 -4.047695463350140521e-01 1.441704872118206721e-02
-9.149289350435003687e-01 -4.033617293036544926e-01 1.429538518964488907e-02
-9.163815809463207174e-01 -4.000018486358556946e-01 1.559865657686568610e-02
-9.160716449700209152e-01 -4.008245266723182709e-01 1.234661972362195541e-02
-9.172472539438006889e-01 -3.980192996132369543e-01 1.543085245700371970e-02
-9.186833545416694946e-01 -3.946382519195261174e-01 1.677924852198235672e-02
-9.181956629727873187e-01 -3.956923934361099016e-01 1.855406266975706889e-02
-9.180077712610553720e-01 -3.960815163100404046e-01 1.952340410003012075e-02
-9.218336410364698086e-01 -3.871492702487601134e-01 1.838966444418603172e-02
-9.232746842733885462e-01 -3.835248419263689312e-01 2.173826172265744955e-02
-9.236461580695736195e-01 -3.826688414539776706e-01 2.103167795329661388e-02
-9.254333707220541161e-01 -3.782283803218829399e-01 2.272372571214206077e-02
-9.277403756881303920e-01 -3.725629295839640864e-01 2.224090457270543053e-02
-9.293449388554999580e-01 -3.683333463282720821e-01 2.546624506567250756e-02
-9.296125192627678890e-01 -3.674666908448112612e-01 2.808548040037580490e-02
-9.294180739257683621e-01 -3.680897316912055683e-01 2.630574747403072525e-02
-9.319527231228261765e-01 -3.612208866240961269e-01 3.136227235876069830e-02
-9.354961032915382058e-01 -3.515077152205060007e-01 3.590774675341529276e-02
-9.359602977869272422e-01 -3.499850687898196644e-01 3.858460862824777959e-02
-9.377322974945078160e-01 -3.452827199531460223e-01 3.792071925202076393e-02
-9.406234814411075229e-01 -3.365839327255506497e-01 4.403092062771189752e-02
-9.420880094586191467e-01 -3.320911964904879610e-01 4.675060690034874705e-02
-9.457063425750895647e-01 -3.210704419128892484e-01 5.053003887420726148e-02
-9.492921599547915479e-01 -3.090595196065125116e-01 5.767676447714852744e-02
-9.510182875889400256e-01 -3.044656704702735639e-01 5.352450681809328703e-02
-9.539758420694940400e-01 -2.950005423180174224e-01 5.389595029453416591e-02
-9.567561062778242587e-01 -2.866334188176800080e-01 4.958867549890732390e-02
-9.596921711319662540e-01 -2.761715160350642351e-01 5.215583306162181743e-02
-9.617119297365293029e-01 -2.689974240057965704e-01 5.244569207349826512e-02
-9.627055538066142670e-01 -2.654115389196371466e-01 5.248554291690033652e-02
-9.668198201827921112e-01 -2.499173818498364730e-01 5.292200064677277105e-02
-9.672935557065541756e-01 -2.454063767495727466e-01 6.417856522564184540e-02
-9.694751993180169558e-01 -2.368779215999944898e-01 6.329841236200668686e-02
-9.715866854309879175e-01 -2.274321059253985866e-01 6.552824501930928913e-02
-9.750831281727500022e-01 -2.116973429992983768e-01 6.631085252011585662e-02
-9.770863884816960443e-01 -2.017045495134134891e-01 6.795193314428273068e-02
-9.781726038415129443e-01 -1.962054478938399793e-01 6.842353682695380412e-02
-9.804142972370388787e-01 -1.844625736062656951e-01 6.900265101230058928e-02
-9.827545625109690430e-01 -1.692607810097143117e-01 7.445978606143113798e-02
-9.841035351847607915e-01 -1.615977949983132822e-01 7.366401103317915533e-02
-9.858108703551281549e-01 -1.505770367798228704e-01 7.418548217537963840e-02
-9.878329110213655007e-01 -1.376858980308244829e-01 7.230999350612074550e-02
-9.892419807115916397e-01 -1.274176175987420112e-01 7.186832450486654866e-02
-9.900898218014183572e-01 -1.197542714294015376e-01 7.335571611796944114e-02
-9.912868837309828374e-01 -1.062528384029141487e-01 7.785017889533976665e-02
-9.925800788606019553e-01 -9.408578550233026583e-02 7.702372278125121929e-02
-9.933216890670584220e-01 -8.286788891509488941e-02 8.028036598720357520e-02
-9.934789402606516440e-01 -7.085193956207887223e-02 8.932861093308036571e-02
-9.939303294595925875e-01 -6.055069824679431417e-02 9.184833232969624728e-02
-9.947266803849413863e-01 -4.707075326515698654e-02 9.112177840636644099e-02
-9.951931030849412441e-01 -3.538121946775354965e-02 9.131735800054230356e-02
-9.957630501886050034e-01 -1.962755371378752112e-02 8.983712935496684926e-02
-9.959115731128415083e-01 -5.880027324684464554e-03 9.014192496236107799e-02
-9.960323698958956085e-01 9.228711442614750959e-03 8.851187273110408538e-02
-9.954901136105822612e-01 2.376687005912584555e-02 9.183992924986443540e-02
-9.946428637896967961e-01 3.771839862275785937e-02 9.624395745143557446e-02
-9.943192862137415489e-01 4.965067683364127876e-02 9.414866212283128089e-02
-9.939085557223860112e-01 6.360478310035233562e-02 9.000120771082059656e-02
-9.927644522120289139e-01 7.745500043841149762e-02 9.175766132117302298e-02
-9.916226536611960629e-01 9.083428734921691894e-02 9.183489571262430651e-02
-9.904360037289136054e-01 1.058785912704493515e-01 8.846609039198202740e-02
-9.891380654976895670e-01 1.160808137804678897e-01 9.017280608187240587e-02
-9.873566402169818845e-01 1.287906255903532304e-01 9.241127052139605502e-02
-9.845168784067530598e-01 1.460655472881140227e-01 9.690910926438971174e-02
-9.828978843357590867e-01 1.585769568573012489e-01 9.362211780698830033e-02
-9.818639923210924492e-01 1.663183952852733682e-01 9.100162116277817070e-02
-9.777402546585813869e-01 1.853988728311349865e-01 9.824081115573669865e-02
-9.752233870155898598e-01 2.006517357691832426e-01 9.315701993382528856e-02
-9.730556351615325950e-01 2.141616026559508557e-01 8.542565236785534810e-02
-9.704249868305868665e-01 2.262080890850586001e-01 8.429263667518485659e-02
-9.696693446365836078e-01 2.305646127339326668e-01 8.112536363704971054e-02
-9.659829698958631861e-01 2.439372448078668820e-01 8.585759113487527461e-02
-9.643862048443564428e-01 2.510588069245816567e-01 8.323897354596535014e-02
-9.614258464166731688e-01 2.623514922154299711e-01 8.265615355455947777e-02
-9.578815496897716830e-01 2.744526349196933501e-01 8.449077732280171893e-02
-9.535223613178598345e-01 2.898620604848622939e-01 8.231096956950406662e-02
-9.499131220787164764e-01 3.034663064760824147e-01 7.465429840006311546e-02
-9.465647127400418359e-01 3.147697107567213881e-01 7.025152228240305607e-02
-9.413479997625859852e-01 3.285175604698555296e-01 7.707242834322092229e-02
-9.369725754826812025e-01 3.402857800386438480e-01 7.929681113710468354e-02
-9.317998504613149713e-01 3.541261723489878555e-01 7.964732469122436098e-02
-9.277737661543861147e-01 3.650572569097991216e-01 7.725957246396644718e-02
-9.244429358739501001e-01 3.740334719234238436e-01 7.419045528379150656e-02
-9.181413294196330011e-01 3.897953936520535123e-01 7.124642899369558469e-02
-9.146463036412857406e-01 3.984351725597576888e-01 6.834877993744092883e-02
-9.132262315672979858e-01 4.022421020761375310e-01 6.495494142522288683e-02
-9.108078451761810745e-01 4.080370991122267421e-01 6.272796808394545676e-02
-9.081195406874580378e-01 4.148357451431817222e-01 5.683491158399446574e-02
-9.051461616172939983e-01 4.210659547500365529e-01 5.842850905112303983e-02
-9.017699120910919186e-01 4.279140622829022966e-01 6.083242478627445132e-02
-8.968404793292432675e-01 4.383524393580816580e-01 5.936578471811709834e-02
-8.928320769991402450e-01 4.460548014257345595e-01 6.233778497496724608e-02
-8.861516028995028993e-01 4.587167421412948198e-01 6.568325667576471738e-02
-8.809040873964106844e-01 4.694096468748141793e-01 6.051921523073360010e-02
-8.768420540754552350e-01 4.768528218685569864e-01 6.131395983553029200e-02
-8.746853379463587208e-01 4.812433602299212576e-01 5.770953991781706260e-02
-8.694823770106837602e-01 4.906961694843396948e-01 5.672449629023994938e-02
-8.663187420363017699e-01 4.969607744606837629e-01 5.021781587943202618e-02
-8.634566451718890256e-01 5.023142239584712510e-01 4.607651703360878676e-02
-8.593768328846146387e-01 5.092569955019803363e-01 4.613864696218426820e-02
-8.558335367031453256e-01 5.150521276711866880e-01 4.764731227911462447e-02
-8.521674900311160261e-01 5.221244164803766630e-01 3.459284960583919322e-02
-8.478109524766167526e-01 5.292468038144890752e-01 3.338281188339865119e-02
-8.441009229571247996e-01 5.351836463133048394e-01 3.274292586127276056e-02
-8.404717684904615682e-01 5.409373883549258855e-01 3.152698616865881598e-02
-8.388456596632181128e-01 5.435044481696247320e-01 3.067371317678982759e-02
-8.373880670110822599e-01 5.459877933873843459e-01 2.604913248442568968e-02
-8.370918771804277680e-01 5.466472359733283159e-01 2.130706889765798112e-02
-8.354403565078092342e-01 5.491002616207021347e-01 2.298512679034914880e-02
-8.335128745050581767e-01 5.522832940647177669e-01 1.547429756296471795e-02
-8.328154590207315078e-01 5.532873007819231193e-01 1.707561907141526975e-02
-8.311913823563086279e-01 5.557701337853916401e-01 1.550635451400106390e-02
-8.283703941275092353e-01 5.600042550744914749e-01 1.406154767663923139e-02
-8.274935065255263344e-01 5.612886876940861303e-01 1.447440562304905948e-02
-8.288171120869035624e-01 5.593439649165391492e-01 1.401878454103073872e-02
-8.257849963629159129e-01 5.638290217862615972e-01 1.326561969154830753e-02
-8.246551835363228333e-01 5.655839798327467749e-01 7.654587375764717976e-03
-8.240672218518488856e-01 5.664186266797526237e-01 9.118986639731688562e-03
-8.272223667004398040e-01 5.618362171453072929e-01 6.574483469396253527e-03
-8.267584534088573411e-01 5.625525189364479761e-01 2.264040866910326660e-03
-8.268933539935436894e-01 5.623587361197823764e-01 1.891085274738340399e-04
-8.255619811591297097e-01 5.642880012671497303e-01 -5.144856599596959491e-03
-8.275076655974952233e-01 5.613932199800613088e-01 -8.289669028839062592e-03
-8.286268010654813665e-01 5.597206368437400714e-01 -9.509780390765748548e-03
-8.303810714161192763e-01 5.571849002193084432e-01 -3.502272894004242014e-03
-8.296332517496119996e-01 5.582801447427485630e-01 -5.652458633127833976e-03
-8.310355844754414578e-01 5.561519321262398119e-01 -8.653812341272694442e-03
-8.332025208123493565e-01 5.528380096883671602e-01 -1.198737679412504621e-02
-8.349987141066456120e-01 5.498494348332035875e-01 -2.104161342321695174e-02
-8.392741511509678176e-01 5.429368984153970512e-01 -2.895560084074691454e-02
-8.430748737978290830e-01 5.369529711154918949e-01 -3.010427364466120720e-02
-8.461760207166081349e-01 5.318397883810400684e-01 -3.365389814917357086e-02
-8.485890214829865386e-01 5.273014564186209174e-01 -4.300988763358504219e-02
-8.534731144792007118e-01 5.188468763607532175e-01 -4.880128702685051362e-02
-8.552219294020035889e-01 5.151060901183731611e-01 -5.710666753843981341e-02
-8.566123609176852227e-01 5.125256174938813691e-01 -5.943701406853189873e-02
-8.591218388125989591e-01 5.076149360881483386e-01 -6.509029871324863159e-02
-8.621353913952426451e-01 5.023128012283208932e-01 -6.636581110039145581e-02
-8.665727679829823282e-01 4.940451042130321602e-01 -7.050586606933777201e-02
-8.713133699643526020e-01 4.851987882301114774e-01 -7.345169639786357230e-02
-8.758253251513652415e-01 4.772231005616787702e-01 -7.202858151348232041e-02
-8.808440584279999541e-01 4.678420818229491185e-01 -7.237082063532125631e-02
-8.849136027279814742e-01 4.599088944260153466e-01 -7.356445507907202752e-02
-8.893235614452646987e-01 4.510879615343201254e-01 -7.498838948274254290e-02
-8.938859903806632978e-01 4.427330262006904382e-01 -7.039394945671931247e-02
-8.984497474257425731e-01 4.334000047450345394e-01 -7.037394151834140688e-02
-9.030467818179609418e-01 4.216397282681990100e-01 -8.201496732057360350e-02
-9.064198632716773396e-01 4.133113388964277379e-01 -8.704466933646656801e-02
-9.126835856213022513e-01 3.991803676967811687e-01 -8.754263229297779003e-02
-9.169019884752122040e-01 3.897780642341129309e-01 -8.581264438897390212e-02
-9.202969133592194817e-01 3.811158205939305654e-01 -8.834210984589428717e-02
-9.253442898335929589e-01 3.675249699745896104e-01 -9.307710731827673056e-02
-9.304971110264766976e-01 3.539284175811192590e-01 -9.439177831242540062e-02
-9.359347063820817603e-01 3.395302321116336342e-01 -9.351712665019580595e-02
-9.397697095551031943e-01 3.277565553357641437e-01 -9.699762742665250792e-02
-9.439816296308174426e-01 3.128397378080433611e-01 -1.050237525336550209e-01
-9.492278505556505097e-01 2.947602261442268667e-01 -1.099222665146985384e-01
-9.549009894208985161e-01 2.756283874974871928e-01 -1.104223722852173684e-01
-9.606492008888393164e-01 2.539219391385883484e-01 -1.125911619138758590e-01
-9.654546263081155155e-01 2.324858932827474078e-01 -1.176761773674214751e-01
-9.688799965942165304e-01 2.168500255962944601e-01 -1.193634264571243053e-01
-9.723251767514208277e-01 1.953687431138394770e-01 -1.281203139484240194e-01
-9.750657063523265888e-01 1.801525482225054542e-01 -1.295837095598709743e-01
-9.779406685090962226e-01 1.599880920285466079e-01 -1.342976933648081517e-01
-9.803294472214528765e-01 1.435790559130106503e-01 -1.354224536704383974e-01
-9.821093444914995585e-01 1.276641725869303023e-01 -1.384308709596413778e-01
-9.844633027156062255e-01 1.074701072220649589e-01 -1.388603371475042592e-01
-9.865325319602799015e-01 8.899124642592096124e-02 -1.372375050070910874e-01
-9.887443523199095363e-01 6.257130804635012422e-02 -1.359023478341334079e-01
-9.901019069756625823e-01 3.774089585696366322e-02 -1.351808030930173044e-01
-9.911392014324864608e-01 1.890746424455360883e-02 -1.314747193788027013e-01
-9.909769312355257709e-01 -4.226165121883427439e-03 -1.339659363385465596e-01
-9.900344378060825790e-01 -2.767435829124931940e-02 -1.380795173220336625e-01
-9.887737787710179083e-01 -4.807655419410405973e-02 -1.414746299514034189e-01
-9.878017999229306012e-01 -6.961945290842404266e-02 -1.392865649134664152e-01
-9.863319316056278208e-01 -8.501777746019681392e-02 -1.411428702128296186e-01
-9.844430571944352559e-01 -1.078549058119572385e-01 -1.387054350121567636e-01
-9.825482491296386733e-01 -1.278662308712686380e-01 -1.350895105705097743e-01
-9.789317700259883015e-01 -1.543767661822275095e-01 -1.336428602146687017e-01
-9.752542296186401671e-01 -1.735773504433840153e-01 -1.369310095276610462e-01
-9.713725981287674172e-01 -1.950225273323897834e-01 -1.356521277782579138e-01
-9.679883327843581409e-01 -2.131480530412123153e-01 -1.325386936007811878e-01
-9.638484183023986462e-01 -2.370866911117911480e-01 -1.215982617121428577e-01
-9.600436114554283806e-01 -2.513450540684232792e-01 -1.230525816811390144e-01
-9.554376551050578481e-01 -2.683134117622210657e-01 -1.230723780542890972e-01
-9.492859618861783089e-01 -2.901618224893851572e-01 -1.210879393966124429e-01
-9.433733377972607359e-01 -3.098783241965933910e-01 -1.184152832287123785e-01
-9.367473734441768007e-01 -3.289385137000407910e-01 -1.195985881280079155e-01
-9.304489092649471660e-01 -3.466475301066259118e-01 -1.187447971296945043e-01
-9.237042454588295648e-01 -3.641935998868249258e-01 -1.188843911247630392e-01
-9.160676968750874893e-01 -3.834716783482366442e-01 -1.173433261708097808e-01
-9.079468595275174136e-01 -4.011528330576749068e-01 -1.212803161703871618e-01
-9.026376089955676640e-01 -4.155829236538777782e-01 -1.119651257278753559e-01
-8.986542962255659184e-01 -4.246052303607005252e-01 -1.101401977403168447e-01
-8.910505293642028146e-01 -4.400020808818410067e-01 -1.114770463106510706e-01
-8.865066024595106287e-01 -4.503113950620167838e-01 -1.064222713231845890e-01
-8.791788730003756713e-01 -4.658785748459952081e-01 -1.000083542078598481e-01
-8.748932260622510615e-01 -4.743894723261347646e-01 -9.755244529448144075e-02
-8.692680920040670722e-01 -4.855561961759095602e-01 -9.278023619410952216e-02
-8.611678041753969559e-01 -5.004731275856466599e-01 -8.897566369074533243e-02
-8.550825050148960216e-01 -5.116632482742818899e-01 -8.387274215871362570e-02
-8.485261975005173873e-01 -5.222849783078526986e-01 -8.498058884513463862e-02
-8.411012802556639967e-01 -5.346857824126004521e-01 -8.160733596727312578e-02
-8.360466053489608029e-01 -5.427858973995632885e-01 -8.005966574776723910e-02
-8.265684029384986475e-01 -5.573790958371659388e-01 -7.818711960464709565e-02
-8.236216053686773453e-01 -5.622801775068726471e-01 -7.408414113301026171e-02
-8.179258146671830598e-01 -5.709431162122224901e-01 -7.086131957587188390e-02
-8.106634341453500259e-01 -5.814549983431132052e-01 -6.881052449149474559e-02
-8.057920835934475612e-01 -5.882649472808320068e-01 -6.814306027671671040e-02
-8.020315104416492202e-01 -5.944376201569380180e-01 -5.821837454392719824e-02
-7.940311916044119345e-01 -6.055089960685478001e-01 -5.360344708868350350e-02
-7.876849227627777950e-01 -6.137066092770553372e-01 -5.400617831153191328e-02
-7.831723218191326552e-01 -6.194935896553278587e-01 -5.356130921599185080e-02
-7.815991395590129454e-01 -6.217095724470859119e-01 -5.079369711830123563e-02
-7.764832329996981253e-01 -6.278432900845459796e-01 -5.372708056738485782e-02
-7.731769472107609120e-01 -6.322731368534063590e-01 -4.927571198646245321e-02
-7.683850085313368439e-01 -6.381722664700748560e-01 -4.817306359908950231e-02
-7.657139177774723304e-01 -6.415180882088774572e-01 -4.622494684944868093e-02
-7.642961791966598195e-01 -6.434789603029649196e-01 -4.226328400254959067e-02
-7.590845927592920761e-01 -6.498674397954895543e-01 -3.824785949561167187e-02
-7.517034815681511439e-01 -6.587026629632772856e-01 -3.244509654550484928e-02
-7.486119204898608048e-01 -6.621551530455966894e-01 -3.362666350748012151e-02
-7.445309456933040249e-01 -6.668584312768703892e-01 -3.120112526000714398e-02
-7.442142489944582051e-01 -6.673082771818954484e-01 -2.906581294046346742e-02
-7.397663271598050594e-01 -6.723594457606028030e-01 -2.604925225745729003e-02
-7.354065762512890236e-01 -6.772062696585986474e-01 -2.385042129054779428e-02
-7.338072618974219585e-01 -6.789817194881841989e-01 -2.259941660590714108e-02
-7.350995328819547314e-01 -6.777810031119572143e-01 -1.554333567809246426e-02
-7.338050697447708881e-01 -6.792222110268830715e-01 -1.368628396766467456e-02
-7.318618666774563408e-01 -6.814183276715730653e-01 -6.875872792197622492e-03
-7.303385393525789748e-01 -6.830803345620952705e-01 -2.623216513766661422e-03
-7.289223953814170098e-01 -6.845958844149114819e-01 -7.895273476166686771e-04
-7.243267768386715266e-01 -6.894474176358406092e-01 -3.603540334827443244e-03
-7.233128838515079373e-01 -6.905204305339761595e-01 1.180303552050384307e-04
-7.258288311679813587e-01 -6.878746129818119615e-01 -1.015640337996705439e-03
-7.270319120957238201e-01 -6.865990774547304776e-01 2.512468495292507868e-03
-7.250062533721618463e-01 -6.887325568050012281e-01 3.661234168686970832e-03
-7.274829831149554060e-01 -6.861080562083914369e-01 4.924566197937988062e-03
-7.259029186384708954e-01 -6.877238228140514220e-01 1.004505309913545849e-02
-7.274030953121921605e-01 -6.861141074473906531e-01 1.149675355759537804e-02
-7.295491638981456139e-01 -6.838150862571176214e-01 1.244797546572976032e-02
-7.327006935911345442e-01 -6.803974051970657078e-01 1.445930384765090060e-02
-7.336578719573990659e-01 -6.791826268797518384e-01 2.137973825183767454e-02
-7.371341722236944838e-01 -6.754143560444637595e-01 2.118175473089318681e-02
-7.434949318653860661e-01 -6.684318528281869565e-01 2.035070899110694859e-02
-7.415172570070095448e-01 -6.704209050718118457e-01 2.622927034631940962e-02
-7.413483309863313497e-01 -6.706422525489611486e-01 2.533038217443980486e-02
-7.469245740063874539e-01 -6.640342816417749150e-01 3.409047887378071490e-02
-7.503775418562187438e-01 -6.602638633954936997e-01 3.138761709576987080e-02
-7.535657577651412309e-01 -6.565550462878896321e-01 3.277387745677130815e-02
-7.549866530992975777e-01 -6.547617125348376144e-01 3.580866668258485958e-02
-7.587340310024338619e-01 -6.501554806883292903e-01 4.025578715859023243e-02
-7.602611377592535247e-01 -6.484769511183453572e-01 3.847926097461382144e-02
-7.647508698144525052e-01 -6.430402144387808994e-01 4.068656995359686002e-02
-7.634463001120426195e-01 -6.445726648225093003e-01 4.093694969202832379e-02
-7.709870532003627597e-01 -6.352091277584875906e-01 4.569830386466287170e-02
-7.743835240748072613e-01 -6.314446161787974354e-01 4.009814881393003461e-02
-7.789397963403308367e-01 -6.254743378589804337e-01 4.510713457287293671e-02
-7.845287830785946381e-01 -6.184113900562252519e-01 4.562837287508147294e-02
-7.884305763739150041e-01 -6.130091904353115462e-01 5.096043622233209502e-02
-7.923236163743840876e-01 -6.079343490077689927e-01 5.137238170737700588e-02
-7.943186018909977886e-01 -6.049686689884440360e-01 5.541548175543507815e-02
-7.975453003020739340e-01 -6.000552567791328507e-01 6.209017907430576522e-02
-8.015391174590219547e-01 -5.943293185319014071e-01 6.563316259900824068e-02
-8.090494641831300626e-01 -5.838406089268143306e-01 6.759523442733701704e-02
-8.164979510357732728e-01 -5.727433815685195606e-01 7.277446418357697011e-02
-8.232779472948534849e-01 -5.622473327680796995e-01 7.804720408505572138e-02
-8.285506126211110711e-01 -5.541186143744132320e-01 8.035204661818171057e-02
-8.365555826533700445e-01 -5.410255264709209477e-01 8.640685567208170048e-02
-8.429639292632356007e-01 -5.306744407397694374e-01 8.829756433883539923e-02
-8.497033829256142035e-01 -5.182742136833645707e-01 9.693301093787967671e-02
-8.574646090323452263e-01 -5.052829195968332465e-01 9.717830808651350960e-02
-8.637392630753212286e-01 -4.945426670268798230e-01 9.686095211371519020e-02
-8.711184439582858596e-01 -4.809682524429800266e-01 9.910703787817509713e-02
-8.782529115415819154e-01 -4.661248129145579844e-01 1.067684004013162574e-01
-8.861666905296311514e-01 -4.500649768087778835e-01 1.102275946858139871e-01
-8.928436552443458352e-01 -4.356014150879674585e-01 1.143749272151392549e-01
-9.010879141356331612e-01 -4.172377567253980901e-01 1.181238137088690549e-01
-9.101748125065799444e-01 -3.980205964104294725e-01 1.147232560088302378e-01
-9.187515795711810318e-01 -3.774103206737196570e-01 1.160042891389682501e-01
-9.257095397738545062e-01 -3.603840625177774926e-01 1.148267634542787241e-01
-9.325182918597109127e-01 -3.435112721705306793e-01 1.113986145778078363e-01
-9.383748769028932291e-01 -3.267235446743790850e-01 1.127134686462095831e-01
-9.434089774961206265e-01 -3.095772100429595164e-01 1.189178842780446166e-01
-9.487256999652307066e-01 -2.908938821984138889e-01 1.236944095772719576e-01
-9.526614122139142049e-01 -2.770732460798950858e-01 1.251665350151585365e-01
-9.567608893517871582e-01 -2.639981642472395973e-01 1.221211738809020869e-01
-9.625947425795396972e-01 -2.402241278670038671e-01 1.253145706462649445e-01
-9.667800631215199836e-01 -2.212199960468366755e-01 1.280548135304426238e-01
-9.708564829511497907e-01 -2.017512360259467452e-01 1.293605069467869961e-01
-9.738746489007102936e-01 -1.826649214722030901e-01 1.349137046922214422e-01
-9.773775530069324091e-01 -1.609627471422424849e-01 1.372010436960741653e-01
-9.802949535359724020e-01 -1.381137188119684611e-01 1.412317925093384552e-01
-9.825351698307591697e-01 -1.241797820119082268e-01 1.385786269571458451e-01
-9.851095209708112810e-01 -1.056034366846227979e-01 1.356729867336061990e-01
-9.868304153097474662e-01 -8.657205407117853080e-02 1.366419575422044841e-01
-9.887202254226533649e-01 -6.297300245258853624e-02 1.358923485684734866e-01
-9.903253064418571228e-01 -3.975718198517080859e-02 1.329479870324434265e-01
-9.902841135341360346e-01 -2.091068897075213512e-02 1.374777505313333203e-01
-9.908807977726322713e-01 -6.181387028881759824e-03 1.345995888597061874e-01
-9.910408140194136850e-01 1.388493488320803083e-02 1.328357165090726932e-01
-9.904565656826780362e-01 3.550279656762574815e-02 1.331741604385610345e-01
-9.901194795061373233e-01 5.047453495369821908e-02 1.308271821245303168e-01
-9.891248558604501806e-01 7.436424772029383290e-02 1.268936225827618502e-01
-9.876548857264559889e-01 8.989425170065568071e-02 1.282843077910533203e-01
-9.864490038753410683e-01 1.059338775967606089e-01 1.252852331705519573e-01
-9.847595540404995296e-01 1.233534577864727477e-01 1.226073327171802313e-01
-9.824377163842922256e-01 1.420154423962433077e-01 1.210279321090141358e-01
-9.800259644628100952e-01 1.613856133238497081e-01 1.162058738418210307e-01
-9.773159898527133960e-01 1.777103550112607011e-01 1.152063280090600272e-01
-9.733605221448529132e-01 1.998466848195637469e-01 1.123859788753164418e-01
-9.701780928592852460e-01 2.165686801558626973e-01 1.088691248659853505e-01
-9.671985995448537654e-01 2.290292502775690964e-01 1.098748516459747970e-01
-9.631657228699307405e-01 2.472033674805819981e-01 1.058409022057709009e-01
-9.599368414555334850e-01 2.607435215500225612e-01 1.026357024172818017e-01
-9.575437200095513468e-01 2.719875223362562267e-01 9.556580218576220254e-02
-9.536126863281646493e-01 2.859349727342150871e-01 9.414906398567043921e-02
-9.497276228032879297e-01 2.999107886578599724e-01 8.983858490941649955e-02
-9.463689199849504297e-01 3.116530705226016051e-01 8.519530871814422202e-02
-9.418734050730309670e-01 3.256554982555304179e-01 8.260142102084171156e-02
-9.375504710920021800e-01 3.402098855070735395e-01 7.250073336404523616e-02
-9.332957084294062344e-01 3.521216065883794877e-01 7.049470305994154362e-02
-9.296461966627540541e-01 3.622150542822692998e-01 6.751453059708989457e-02
-9.269715933712980860e-01 3.703749337032187783e-01 5.954898381740464375e-02
-9.249094554116668032e-01 3.755649879515060019e-01 5.910538908721459095e-02
-9.227408880475771458e-01 3.804830709011886025e-01 6.149710759603300297e-02
-9.194419475829540556e-01 3.885985011471528860e-01 6.014746804785923301e-02
-9.156580104789805441e-01 3.976206808039240426e-01 5.889150991287390308e-02
-9.144338437026469091e-01 4.004315478416176632e-01 5.886704410234772089e-02
-9.108229448928322203e-01 4.090761218875074157e-01 5.530187552424092878e-02
-9.100496195989864479e-01 4.116970732413200440e-01 4.811670815431903780e-02
-9.062042556444693808e-01 4.199878506543012757e-01 4.903121669257502757e-02
-9.035788475449177959e-01 4.253625684378409266e-01 5.110733319904689487e-02
-9.018406058965222627e-01 4.298131086595600170e-01 4.409332086838371051e-02
-8.975712687951127311e-01 4.390581428226397742e-01 3.992207536108670352e-02
-8.944508951939159624e-01 4.455294269885752834e-01 3.822477145136258386e-02
-8.912450256416950545e-01 4.518493774020187481e-01 3.891595831684612622e-02
-8.888515161625817340e-01 4.567867826283109611e-01 3.590020670708518602e-02
-8.842505326071705696e-01 4.660911669028435234e-01 2.932621479560387073e-02
-8.838146593316068556e-01 4.673131127827666598e-01 2.213842265484952665e-02
-8.816832459015008228e-01 4.715562378426117474e-01 1.641266396307268505e-02
-8.824978653363039216e-01 4.702220129784362435e-01 9.422492107384331655e-03
-8.820042915476002943e-01 4.711451231875983803e-01 9.524167109424776581e-03
-8.801986264915402369e-01 4.745673273830817163e-01 6.019701177379151863e-03
-8.812158580918051376e-01 4.727123735118162196e-01 1.276949447816367635e-03
-8.808345408784471475e-01 4.733939034119758471e-01 -5.360137658966595761e-03
-8.817602192604532263e-01 4.715683769040541207e-01 -1.105391184020946410e-02
-8.811585900791174542e-01 4.724559111105732234e-01 -1.857306097263921110e-02
-8.837668518974308718e-01 4.672364178905811238e-01 -2.542221632635303236e-02
-8.889207596487511687e-01 4.568401677112534087e-01 -3.342083491316489435e-02
-8.903677428997300858e-01 4.535821063749552740e-01 -3.884022722413192630e-02
-8.905505698049857033e-01 4.532526151209249066e-01 -3.849360435681344061e-02
-8.946066893296827915e-01 4.445997089722680262e-01 -4.483278572029060494e-02
-8.975381280247500815e-01 4.380636080610448846e-01 -5.025527440881115415e-02
-9.013724559382051416e-01 4.301549252510695198e-01 -4.994441443698525301e-02
-9.060940330144875432e-01 4.194616590572123882e-01 -5.518630950236417393e-02
-9.086542153645024156e-01 4.127898507673786743e-01 -6.286545384474670484e-02
-9.114402235717403711e-01 4.066989827342357144e-01 -6.223074441578450855e-02
-9.164675498122705211e-01 3.952070783268545329e-01 -6.243880718045269340e-02
-9.206965322312339328e-01 3.854675219904882266e-01 -6.109577979481677079e-02
-9.242797831956280907e-01 3.764532543638941520e-01 -6.316517326117378206e-02
-9.281192092003507366e-01 3.661375054101653204e-01 -6.736520202573081928e-02
-9.344391107639202776e-01 3.502359388095292458e-01 -6.448523139427232709e-02
-9.373570278636651487e-01 3.419120176030582270e-01 -6.676813802461958880e-02
-9.410924992053266713e-01 3.318926738496186801e-01 -6.474697303785313662e-02
-9.442960862424176760e-01 3.225640197747715598e-01 -6.524848036545631558e-02
-9.468810392017404931e-01 3.138888628590983387e-01 -6.992917146936754313e-02
-9.489730992000312559e-01 3.064090539773555721e-01 -7.458926478676174143e-02
-9.519083510715989904e-01 2.964926733473576825e-01 -7.721784619845790953e-02
-9.558065963033016699e-01 2.820380652092329687e-01 -8.299572667280769034e-02
-9.589583640929143504e-01 2.696954980029889204e-01 -8.753973430985012572e-02
-9.632490130239631521e-01 2.536170292138074656e-01 -8.848588718821732979e-02
-9.653640835741620352e-01 2.442133460814647772e-01 -9.182613397043955239e-02
-9.685421195088845803e-01 2.300003018681739120e-01 -9.500544808865445112e-02
-9.707099606166366135e-01 2.205546958889445519e-01 -9.527754075766253772e-02
-9.733957664077083072e-01 2.076532582007203365e-01 -9.685462127666402687e-02
-9.758475169552897066e-01 1.936550918653378306e-01 -1.010907563504278434e-01
-9.786611348825821066e-01 1.799871013405625331e-01 -9.913141934224424523e-02
-9.799738124289690822e-01 1.685722549267499037e-01 -1.059940292605678347e-01
-9.830444320246765066e-01 1.487598644387160829e-01 -1.072108205836544842e-01
-9.849079851031740107e-01 1.374965214463814145e-01 -1.051236413350221388e-01
-9.872086748606480056e-01 1.216590751642169232e-01 -1.030442334964654788e-01
-9.892566227190568995e-01 1.043718656801426864e-01 -1.023614201511150040e-01
-9.900250542866976255e-01 8.968553129001125002e-02 -1.086596078350972328e-01
-9.910359257690561918e-01 7.455607803560104774e-02 -1.108566564046817027e-01
-9.918067863031816422e-01 5.418787633276223037e-02 -1.156848592573610640e-01
-9.924326365712347053e-01 3.579419505783844324e-02 -1.174574462719204515e-01
-9.930878293745107888e-01 1.624572521851514947e-02 -1.162439399803438661e-01
-9.928283544288533102e-01 -1.337643119298542738e-03 -1.195411393036763387e-01
-9.929418116965910146e-01 -1.245204508795561341e-02 -1.179471054686798831e-01
-9.928764465931827488e-01 -3.692252013778195979e-02 -1.132832871864088986e-01
-9.912391646495946063e-01 -5.678756893614943929e-02 -1.192480806338288152e-01
-9.905958515245389950e-01 -7.029428505941333338e-02 -1.173822242692082046e-01
-9.891410658897014097e-01 -8.990853181839597585e-02 -1.162601465206623552e-01
-9.875185275709889021e-01 -1.098383774114789629e-01 -1.128835779167503411e-01
-9.861233488660459123e-01 -1.272761242419480077e-01 -1.065905343363440366e-01
-9.843541255910689403e-01 -1.402983187022335543e-01 -1.065990159312670549e-01
-9.824198522817245705e-01 -1.543276055352277576e-01 -1.050439758643384736e-01
-9.812506759532807488e-01 -1.651195988151991922e-01 -9.941147539016620405e-02
-9.795607277184459338e-01 -1.766108325115618993e-01 -9.627775810379403387e-02
-9.764738721265840971e-01 -1.923595353044881551e-01 -9.745049237362911343e-02
-9.735131999769273126e-01 -2.077450093565346434e-01 -9.546765161443900027e-02
-9.700610060851123650e-01 -2.240119939099746160e-01 -9.380982270954396629e-02
-9.683497980195234778e-01 -2.317830147976148447e-01 -9.260299357310917967e-02
-9.656736283875848592e-01 -2.443202937258526775e-01 -8.821592283857419836e-02
-9.626743267077128019e-01 -2.566828854053072040e-01 -8.586063455303837022e-02
-9.597217811826910250e-01 -2.665523903910219095e-01 -8.879153994075673906e-02
-9.563545555231589557e-01 -2.794973276760828740e-01 -8.524798703073231676e-02
-9.528792029882204861e-01 -2.914646084820540217e-01 -8.408101934192795113e-02
-9.491408365920493972e-01 -3.043294403688224792e-01 -8.071725439551677428e-02
-9.467929793855133225e-01 -3.124597329024191295e-01 -7.714907989578051462e-02
-9.443708401840665845e-01 -3.211254732597512151e-01 -7.100815038472202412e-02
-9.396305078667602784e-01 -3.349212509398166726e-01 -7.015892698670138372e-02
-9.348909933785074511e-01 -3.480586272210119958e-01 -6.952721162338440508e-02
-9.318622135998845257e-01 -3.562853297619396620e-01 -6.850977493489056325e-02
-9.295407019649873925e-01 -3.631468579101420069e-01 -6.386277044843385875e-02
-9.256900075480977153e-01 -3.735878035092315974e-01 -5.941526210139284198e-02
-9.220272360168867420e-01 -3.829587817042484077e-01 -5.664236686126745968e-02
-9.192807597142672593e-01 -3.901357853407332321e-01 -5.212450441647151905e-02
-9.180137728266070107e-01 -3.934915933949438838e-01 -4.914355421239467031e-02
-9.172340295095171570e-01 -3.949569230076628856e-01 -5.187267285349632384e-02
-9.130544882587603439e-01 -4.045850814546184671e-01 -5.140450789480996430e-02
-9.100633710669758791e-01 -4.114723748936741088e-01 -4.975093368569311059e-02
-9.084031702016965859e-01 -4.155021214445389077e-01 -4.649384357618622371e-02
-9.047455851083310296e-01 -4.241657345162545556e-01 -3.897262875778485097e-02
-9.017644547331211680e-01 -4.307594231655865746e-01 -3.559771658896140889e-02
-9.004282034823906100e-01 -4.337655453864487365e-01 -3.281024061048672114e-02
-8.993942808108974507e-01 -4.358502397776119475e-01 -3.353365511071842303e-02
-8.970208039206341022e-01 -4.406361511454096602e-01 -3.454662844196233068e-02
-8.938041091520142478e-01 -4.472358986676498449e-01 -3.307983109921307230e-02
-8.905275360073784396e-01 -4.539988847419287321e-01 -2.908143938806984422e-02
-8.886285212087643437e-01 -4.579990187921603173e-01 -2.400541494945231460e-02
-8.864018815940708507e-01 -4.623516172881649844e-01 -2.286254889384272543e-02
-8.847844328609016928e-01 -4.656859619263749583e-01 -1.712022518020821921e-02
-8.818830215728803434e-01 -4.712191115627168414e-01 -1.532628495741107308e-02
-8.821191668786200202e-01 -4.708443276761974938e-01 -1.309214957665944326e-02
-8.821090213605692343e-01 -4.709069779642671705e-01 -1.141500777473368651e-02
-8.826224363590376987e-01 -4.700303736341133187e-01 -7.006609939949100772e-03
-8.838988583731395288e-01 -4.675924613290062815e-01 -8.950316059290532381e-03
-8.834144855847083644e-01 -4.685596158516816545e-01 -5.544631670877052214e-03
-8.855912758114337091e-01 -4.644614259683746971e-01 1.919934068532983852e-03
-8.876638705366493021e-01 -4.604914227681791705e-01 7.159883602587931509e-04
-8.879620226851686615e-01 -4.598586773365200830e-01 7.311179486885355065e-03
-8.877717870542407574e-01 -4.601605844807114543e-01 1.065367576257007440e-02
-8.876662891957213253e-01 -4.603867461166364916e-01 9.623576959549405216e-03
-8.894401791812730496e-01 -4.569641679674382728e-01 8.940192692348537459e-03
-8.912055025714058498e-01 -4.534453986511721157e-01 1.183354665791201341e-02
-8.940694006366900481e-01 -4.475223192521862181e-01 1.907068733483879147e-02
-8.956172558140527151e-01 -4.445623811586221774e-01 1.529806669878838211e-02
-8.980748365512599696e-01 -4.394755621436203241e-01 1.796743820898507107e-02
-8.991312503608795970e-01 -4.370912655828784743e-01 2.267665871845443715e-02
-8.993207736955385334e-01 -4.368901619437792760e-01 1.868537106847152976e-02
-9.007364958394136201e-01 -4.339003361362705480e-01 2.010656801327431048e-02
-9.029208370542484152e-01 -4.289930974728110025e-01 2.643662384174783747e-02
-9.042526720490868808e-01 -4.260611140183764856e-01 2.826734850636856630e-02
-9.042251473188714916e-01 -4.263308638661709726e-01 2.487746498749785970e-02
-9.058246664858234931e-01 -4.224026241679634808e-01 3.252241898181323226e-02
-9.090468545153146396e-01 -4.153215962613696077e-01 3.379051719957781169e-02
-9.110882390403818309e-01 -4.107829538858890350e-01 3.428697366426779886e-02
-9.128935007112998212e-01 -4.065665027546773724e-01 3.645745923581188846e-02
-9.159907630366584952e-01 -3.993446475865283785e-01 3.853291701238361483e-02
-9.171215185421658367e-01 -3.963251200283162134e-01 4.259730961127142224e-02
-9.207304070329309642e-01 -3.875929707457316797e-01 4.502463784206092723e-02
-9.229336850819246374e-01 -3.821861198961447603e-01 4.612151501436475426e-02
-9.231262760524157063e-01 -3.804120206010490057e-01 5.589798519316660497e-02
-9.269005689849811880e-01 -3.705863958973051320e-01 5.933860641487014032e-02
-9.322415706371472988e-01 -3.555731887385661927e-01 6.703263261779182636e-02
-9.360123938586455417e-01 -3.455276287920092115e-01 6.701842055482788718e-02
-9.404121330222782182e-01 -3.332310925381641864e-01 6.769099981332894755e-02
-9.434623647280281356e-01 -3.244638152064481806e-01 6.783812639475181316e-02
-9.475398351384304307e-01 -3.120700991200440755e-01 6.914135165650550641e-02
-9.499405369621672923e-01 -3.049943430710995163e-01 6.776016029851930633e-02
-9.511856159292747526e-01 -3.010750322406151036e-01 6.782154085887012740e-02
-9.544182763769922806e-01 -2.899483376231608012e-01 7.082180347582490987e-02
-9.570629533550782941e-01 -2.807829650400070487e-01 7.205166603223656097e-02
-9.597790891685996639e-01 -2.694005772322722314e-01 7.904076098982709686e-02
-9.615094102406107623e-01 -2.632590611884896847e-01 7.870408906456252685e-02
-9.639706431785075580e-01 -2.504412723522830286e-01 8.966483307862867236e-02
-9.671367072361889416e-01 -2.374398599691541767e-01 9.093358330507662901e-02
-9.694876317344817140e-01 -2.266980240766982291e-01 9.328318153066189611e-02
-9.727964377263932372e-01 -2.132155960718245535e-01 9.058815726508098742e-02
-9.759724514041013821e-01 -1.986397735228778161e-01 8.955461059340801000e-02
-9.779290600009288292e-01 -1.843155133553691649e-01 9.839999675433007409e-02
-9.797760116730916957e-01 -1.725690352869422572e-01 1.012862753463288079e-01
-9.822026225538480482e-01 -1.564996365772315379e-01 1.038551252151914406e-01
-9.844881218530971978e-01 -1.427344631061039371e-01 1.020295341813778206e-01
-9.860040844844639718e-01 -1.299687809369708957e-01 1.044225856647950507e-01
-9.880591264437155186e-01 -1.129295278480204612e-01 1.048145956459542866e-01
-9.896456179159375255e-01 -1.016618315502269276e-01 1.013234325688033982e-01
-9.907007862775905060e-01 -8.674522624500149992e-02 1.048200043916565904e-01
-9.922759728395630363e-01 -7.329373071234214498e-02 1.000821545896800890e-01
-9.935462301807155283e-01 -5.439050408253007229e-02 9.953680931162836587e-02
-9.941459541225245999e-01 -3.528947038538346459e-02 1.021199808199890063e-01
-9.941501462665146560e-01 -1.658326096273036662e-02 1.067262758066388623e-01
-9.948161194252765904e-01 -1.448013479176522844e-03 1.016799248901323338e-01
-9.947195601216849425e-01 1.314127797336844122e-02 1.017856516075735518e-01
-9.945378355486593769e-01 2.734908050268449603e-02 1.007300187406559161e-01
-9.946781178550931912e-01 4.116561190705103623e-02 9.445024700305894305e-02
-9.939156885969537836e-01 6.209670100803009463e-02 9.097042401058248740e-02
-9.931781468586214912e-01 7.758380889169828876e-02 8.705133581997345771e-02
-9.919062322509658580e-01 8.996286425721362889e-02 8.960314464328679451e-02
-9.901960753205556465e-01 1.055438111208378271e-01 9.150000295458668442e-02
-9.898664164178051506e-01 1.144251509908619929e-01 8.409147580345972817e-02
-9.875753779175797664e-01 1.325406245461734633e-01 8.442671152131467349e-02
-9.860974793475273392e-01 1.424547141445210163e-01 8.554782022164980626e-02
-9.846747752496500805e-01 1.541633986792900757e-01 8.154291524793697010e-02
-9.818590739211067175e-01 1.713504393631115341e-01 8.118989706809459639e-02
-9.801841761442228185e-01 1.820451569449115792e-01 7.809324543630775939e-02
-9.792001231958121776e-01 1.875984187698288286e-01 7.729143088388665261e-02
-9.775672130890010747e-01 1.966716091951691558e-01 7.538325563603395785e-02
-9.746514671452266576e-01 2.092437335511163898e-01 7.919337781817746558e-02
-9.719669429301167618e-01 2.230885507062943252e-01 7.424131933987287990e-02
-9.693107078408857991e-01 2.345553989689848073e-01 7.362424538865823542e-02
-9.683265653204696788e-01 2.387041216636695273e-01 7.323945807085101289e-02
-9.656459357608263572e-01 2.505063608818141052e-01 6.909777654994626872e-02
-9.630258408253922209e-01 2.606104097996993496e-01 6.828950880447058613e-02
-9.613261812906441772e-01 2.676238074802579359e-01 6.503448007168527445e-02
-9.595224090420956253e-01 2.749825755589963561e-01 6.083865918264598494e-02
-9.572886697859624983e-01 2.826077991421840352e-01 6.108393673529214501e-02
-9.547366086008214348e-01 2.912014598618888339e-01 6.066078403088707299e-02
-9.517542658673480149e-01 3.014417265065803542e-01 5.741703268002032456e-02
-9.487323011208653734e-01 3.106535826834024849e-01 5.832139487506438763e-02
-9.468217337101663134e-01 3.176543031685176155e-01 5.122851163998393131e-02
-9.452431052893074392e-01 3.227619644539548860e-01 4.837559610336919502e-02
-9.422960498771308924e-01 3.319437392155725197e-01 4.349161189250898979e-02
-9.403357334404858214e-01 3.379278420869080701e-01 3.966728967055784677e-02
-9.384768042213684769e-01 3.431265963193136370e-01 3.905686537873821751e-02
-9.376232170447182934e-01 3.456183190091726698e-01 3.755918413351416046e-02
-9.354120583404262890e-01 3.522062981456782760e-01 3.090333987307210956e-02
-9.343890019781821987e-01 3.551822459507548713e-01 2.761841556247440072e-02
-9.340246067601976065e-01 3.561782935848040732e-01 2.711215369753742360e-02
-9.334174257661971286e-01 3.580542674315238538e-01 2.300135975099475150e-02
-9.333679947816675426e-01 3.582883391216654667e-01 2.129939129765033232e-02
-9.326501610518923568e-01 3.604649105537351961e-01 1.512405680129143629e-02
-9.299501247049617447e-01 3.674586488299488862e-01 1.291969756655711801e-02
-9.303458498205855465e-01 3.665026664989482486e-01 1.150681549490826378e-02
-9.274932957930293043e-01 3.735656348793963688e-01 1.431482894794502102e-02
-9.273255406017170133e-01 3.740336953650253982e-01 1.288984505913255869e-02
-9.268941172116826888e-01 3.750209213039291112e-01 1.505376059692735587e-02
-9.255698515628441037e-01 3.783664460975887933e-01 1.262117204458164388e-02
-9.245090118131754631e-01 3.808288293508033662e-01 1.589029505466275569e-02
-9.215975974359135181e-01 3.879261806503472854e-01 1.308274711776736751e-02
-9.200579262622415877e-01 3.916252072488654035e-01 1.109598339600368667e-02
-9.183092900694679317e-01 3.956888711309875517e-01 1.176335560432678617e-02
-9.172614297759742463e-01 3.981598423825713495e-01 1.001103601325994963e-02
-9.145697266451263685e-01 4.043538157774345110e-01 7.760039757709251071e-03
-9.130257091747594478e-01 4.077484334565594226e-01 1.119289833569549197e-02
-9.140831583769624125e-01 4.054874341852273134e-01 5.650840334971652702e-03
-9.128207943936135216e-01 4.083443231750324975e-01 3.622534092604486750e-03
-9.134594437739408379e-01 4.069276569150760969e-01 -1.318477630922641579e-03
-9.127903266466312893e-01 4.084049781119917788e-01 -4.382374555150871966e-03
-9.125620944929129230e-01 4.088682883504694554e-01 -7.560308591059229297e-03
-9.138209221830148055e-01 4.060395243084422567e-01 -7.952275007730255640e-03
-9.121669645243229985e-01 4.096577165060795167e-01 -1.148894617056510532e-02
-9.135495622433529306e-01 4.063981586282500169e-01 -1.636293940078542564e-02
-9.147452105782107878e-01 4.033273635440051130e-01 -2.383798322411277704e-02
-9.167909204756057306e-01 3.985487100150367779e-01 -2.556063006246158190e-02
-9.185548012388106143e-01 3.943076546467174648e-01 -2.790273374558798619e-02
-9.200871263696538405e-01 3.904834559362307944e-01 -3.102196861061117319e-02
-9.223501527089728036e-01 3.847328003313836842e-01 -3.536778621170611620e-02
-9.243087972911431249e-01 3.802653975564181388e-01 -3.242663778101868843e-02
-9.270988394633802310e-01 3.728234790323116110e-01 -3.860579933954648435e-02
-9.281630277937059637e-01 3.702877738575637845e-01 -3.742152799790186835e-02
-9.302067931150508340e-01 3.655757576679423693e-01 -3.270626445066783516e-02
-9.326371350444401243e-01 3.593213526097570609e-01 -3.280475861519481506e-02
-9.345288314552651077e-01 3.535281409524737017e-01 -4.091123638862317891e-02
-9.372448632631533716e-01 3.460054506249037876e-01 -4.303843769459585189e-02
-9.382799221053277350e-01 3.432097069081069263e-01 -4.287070738296779732e-02
-9.413260023265161980e-01 3.346633384246786025e-01 -4.365569863772657266e-02
-9.454784664557961404e-01 3.230023781975148722e-01 -4.171265644224957797e-02
-9.468608170865858709e-01 3.188949033798680888e-01 -4.196005519388480709e-02
-9.489059616966176725e-01 3.132050423068882816e-01 -3.847193573917304099e-02
-9.517606476996278708e-01 3.037986914571801367e-01 -4.310495872613034907e-02
-9.526708980473130861e-01 3.016128646955040238e-01 -3.805066078579604633e-02
-9.544163299772149278e-01 2.954022684946662758e-01 -4.274320686442024952e-02
-9.566264554053018898e-01 2.877121334922571050e-01 -4.568989031863377598e-02
-9.581034958862861828e-01 2.824785551382075766e-01 -4.736633964882851211e-02
-9.587331787042870923e-01 2.795080455729567204e-01 -5.201882080798318764e-02
-9.612915012236460388e-01 2.708523347328534725e-01 -5.057346735558093664e-02
-9.633697588925599353e-01 2.637646610894459620e-01 -4.844506452692073917e-02
-9.634775901139762677e-01 2.638702099276628577e-01 -4.564492013594908387e-02
-9.642675303273000598e-01 2.599736789356218436e-01 -5.100813050453624486e-02
-9.669937479063257513e-01 2.487308043698266691e-01 -5.528193043604524848e-02
-9.688683362866638005e-01 2.412724143623898310e-01 -5.551380350589142643e-02
-9.691198844316379901e-01 2.395416360015007462e-01 -5.853603702803825137e-02
-9.722988574815550900e-01 2.266855368652868352e-01 -5.699660012475649823e-02
-9.749653293021643963e-01 2.141833182123293877e-01 -5.973379592250379483e-02
-9.768154229177887782e-01 2.060221252877023068e-01 -5.819387307742554527e-02
-9.794478782058062549e-01 1.946853174674364750e-01 -5.272090660894745290e-02
-9.806658247580108956e-01 1.882835407007519002e-01 -5.332786716685220668e-02
-9.817044415304853056e-01 1.824775326030072808e-01 -5.439074000695396510e-02
-9.838686305429269474e-01 1.701416620507417432e-01 -5.526613567140787470e-02
-9.862697860102782599e-01 1.543943962014845961e-01 -5.860284491882564867e-02
-9.866888891612437540e-01 1.514062713525112791e-01 -5.933962275161028255e-02
-9.881188069351831693e-01 1.407207300084732660e-01 -6.179735775344757237e-02
-9.890735996652316731e-01 1.321612107636936373e-01 -6.532107483921929802e-02
-9.904837995275556084e-01 1.189268699360269965e-01 -6.926945131525798216e-02
-9.920515047056299718e-01 1.045038067352273559e-01 -7.009123225259003553e-02
-9.932242751236816103e-01 9.022879985972560857e-02 -7.324150435205861731e-02
-9.947353188023502213e-01 7.738351552923608545e-02 -6.718222551569420775e-02
-9.959068129767795208e-01 6.153559690707838953e-02 -6.620426315741380352e-02
-9.966626260491521228e-01 5.409366490149386530e-02 -6.113509114010831635e-02
-9.971386567314788341e-01 4.772842047765180756e-02 -5.862176319191623325e-02
-9.975262321683796563e-01 3.848773286517543496e-02 -5.882282341859042252e-02
-9.977407112959891800e-01 3.167664212106528765e-02 -5.924590602803168210e-02
-9.980118976150957888e-01 2.906739452063334186e-02 -5.592273898871318732e-02
-9.982570431252455467e-01 2.473620401999977736e-02 -5.358180625974432593e-02
-9.983806133792521020e-01 1.710067137247093041e-02 -5.425616830940711149e-02
-9.985320447729060245e-01 4.331943953355427146e-03 -5.399077456295839350e-02
-9.986050571817215449e-01 -2.105101407522527723e-03 -5.275909608468080936e-02
-9.983424057362606518e-01 -9.335856223692141215e-03 -5.679169633323699617e-02
-9.981293553195120793e-01 -2.058448987646075909e-02 -5.756807239682522337e-02
-9.980098539417548986e-01 -3.535225047019449618e-02 -5.221650439134569582e-02
-9.977352872909586168e-01 -4.444015112881688490e-02 -5.049141381503340770e-02
-9.973853536882710813e-01 -5.386556192686450806e-02 -4.817645383645096507e-02
-9.967415251632272266e-01 -6.412639909628919943e-02 -4.893005408268077255e-02
-9.964105704235139971e-01 -7.234487723551455418e-02 -4.395687465490565049e-02
-9.958986161089660172e-01 -7.949221574846769556e-02 -4.320818195643081477e-02
-9.955057569612963952e-01 -8.748579536001820089e-02 -3.625653149371213524e-02
-9.954265173861757132e-01 -9.089221198923311262e-02 -2.940521746787448654e-02
-9.946367661406453342e-01 -1.002247056597390107e-01 -2.554846258559613503e-02
-9.948526538592722401e-01 -9.991187849533827992e-02 -1.690638482837895917e-02
-9.945464547984256276e-01 -1.028752189343216383e-01 -1.714790911987755864e-02
-9.940736610312506105e-01 -1.070188720451656084e-01 -1.909266186877432367e-02
-9.937584920761678431e-01 -1.093831128107002337e-01 -2.189535119551347039e-02
-9.929693675416118026e-01 -1.160225936240162209e-01 -2.346497977666602355e-02
-9.928035730378793611e-01 -1.182493516108909792e-01 -1.892534189173792486e-02
-9.924907516024316090e-01 -1.213256274539392943e-01 -1.556317466639342735e-02
-9.919603466288947624e-01 -1.251710727812100077e-01 -1.862486542637276088e-02
-9.918306242946173246e-01 -1.263969390234960521e-01 -1.719996689905760670e-02
-9.916642247532125864e-01 -1.279111229688069118e-01 -1.551845007028141050e-02
-9.907692404867506353e-01 -1.347052066630620160e-01 -1.519314753229485983e-02
-9.902647285787183895e-01 -1.385852791225203884e-01 -1.303457082827862157e-02
-9.890698213752426859e-01 -1.467677591028629935e-01 -1.414657736033151855e-02
-9.888866082504191857e-01 -1.480732044736853548e-01 -1.332720707206264295e-02
-9.882164638586646843e-01 -1.523993254863027225e-01 -1.423651986665984935e-02
-9.881205506900472280e-01 -1.532836625459859103e-01 -1.104121575968982846e-02
-9.878408116408460282e-01 -1.552504082122032614e-01 -8.237350200635739847e-03
-9.878349983696971259e-01 -1.554086997571050011e-01 -5.492209923660182694e-03
-9.880830836067535650e-01 -1.539028178103068745e-01 -2.398942090451615643e-03
-9.874484274367500980e-01 -1.579139056509666628e-01 2.968808503163010686e-03
-9.870907400434598689e-01 -1.601600625603468997e-01 7.984884641456775969e-04
-9.866013748176538645e-01 -1.631476331602473018e-01 -7.676840995256030680e-04
-9.878863903056830376e-01 -1.550683669206721349e-01 5.856123951438978355e-03
-9.878944326289544886e-01 -1.550193102059652106e-01 5.797948115088209613e-03
-9.883544824610908108e-01 -1.521381564292228761e-01 3.067740386754186192e-03
-9.881325715268596266e-01 -1.534260115348461406e-01 7.381921012155786416e-03
-9.883951844778595675e-01 -1.517536206187775349e-01 6.768353300388435870e-03
-9.879014810187768392e-01 -1.547171979450503443e-01 1.064260912314962497e-02
-9.886262780018914009e-01 -1.498172953010893094e-01 1.314812540468140480e-02
-9.894034573515421149e-01 -1.446675396036027905e-01 1.233346162072671698e-02
-9.896091952773200529e-01 -1.432493420102243231e-01 1.238060362520263837e-02
-9.907164375625128194e-01 -1.357577262894689718e-01 7.126888395320770536e-03
-9.907558692128496380e-01 -1.353680314784379835e-01 8.849639693158967146e-03
-9.909980516369345516e-01 -1.332956086323581479e-01 1.245611733762320289e-02
-9.910257243964506468e-01 -1.332737275977680658e-01 1.030240792486774096e-02
-9.911239943053994361e-01 -1.326948628741406178e-01 8.081693426138042424e-03
-9.914385348782507323e-01 -1.305050616432510413e-01 4.251222107367268535e-03
-9.918895741317222958e-01 -1.270373481740246224e-01 4.073983490378203093e-03
-9.916686057784499519e-01 -1.286652077011651851e-01 6.217160620508152893e-03
-9.923485856530329663e-01 -1.230751184077735622e-01 9.839332754159543087e-03
-9.925074584146527101e-01 -1.216028152466890055e-01 1.190432762647361531e-02
-9.931891763077742574e-01 -1.157720994760214894e-01 1.311845203072248799e-02
-9.929539425088816929e-01 -1.178421131530175830e-01 1.247866851703383073e-02
-9.934920673375913225e-01 -1.130926964681106400e-01 1.354868709512286641e-02
-9.935503772216519591e-01 -1.116999940687381926e-01 1.951338332671311016e-02
-9.935175860602106779e-01 -1.121805102703685580e-01 1.839435214364125090e-02
-9.934798893454495072e-01 -1.117693440641659569e-01 2.247968209047293553e-02
-9.940120438951416393e-01 -1.066625698304166231e-01 2.373111387023771682e-02
-9.945544898404081735e-01 -1.014402824972345657e-01 2.390081173412166027e-02
-9.951821647365222123e-01 -9.501316198046987072e-02 2.418617412148771698e-02
-9.963288923368345262e-01 -8.246138657721938103e-02 2.299719403050959343e-02
-9.962828398289547138e-01 -8.300975500390209150e-02 2.301948199139340623e-02
-9.968401629062326741e-01 -7.519753668859444073e-02 2.559361461229023998e-02
-9.972892753508642016e-01 -7.030596146066819818e-02 2.170681859262409141e-02
-9.977636532686727788e-01 -6.375482898827801448e-02 2.007552878191027831e-02
-9.978955710481247632e-01 -6.135956376642937027e-02 2.096296920964058411e-02
-9.980590512451874563e-01 -5.920154652873875489e-02 1.932148941409419021e-02
-9.984735696214710465e-01 -5.303991817290642369e-02 1.540488614576709936e-02
-9.986695169463133404e-01 -4.908126557132944101e-02 1.581891168607685305e-02
-9.990619185788937040e-01 -4.036270134504869184e-02 1.568909980879310689e-02
-9.990949382162201964e-01 -3.859100433880587738e-02 1.788998346066770703e-02
-9.994195382349014833e-01 -3.181943873106350684e-02 1.217055427227723211e-02
-9.993258445296572257e-01 -3.576776752311585511e-02 8.278640325062714897e-03
-9.993405979323675137e-01 -3.461694968383464271e-02 1.095667756977594491e-02
-9.995266543933802872e-01 -3.062242732995328412e-02 2.957480398772716415e-03
-9.994670921851220857e-01 -3.174174650376349743e-02 7.616149865391622087e-03
-9.994122773042295460e-01 -3.299567399343819596e-02 9.295054391987706693e-03
-9.994757561441277582e-01 -3.083882723461962155e-02 9.858609893745984287e-03
-9.993974877719361549e-01 -3.311879772927702609e-02 1.038360427741321854e-02
-9.996018730243394490e-01 -2.547662833432846885e-02 1.212639802576651916e-02
-9.997022814904150678e-01 -2.200275701019090840e-02 1.054702381460955948e-02
-9.997404512002409094e-01 -1.967537637500961153e-02 1.148574986503307811e-02
-9.997494052609768866e-01 -1.793458624446035016e-02 1.339738744764504795e-02
-9.998354038041671332e-01 -1.508440472408328903e-02 1.008160015606270922e-02
-9.998811216426904958e-01 -9.662765975031819415e-03 1.201608379973136305e-02
-9.998979859064681674e-01 -7.354340271907594540e-03 1.224517026157241444e-02
-9.999596743046219594e-01 -3.662658296346244045e-03 8.200447263073010890e-03
-9.999151273322581801e-01 -4.279586476498074658e-03 1.230593003938463582e-02
-9.999523176628097865e-01 -2.451599323915113968e-03 9.453289900135693549e-03
-9.999077254457345854e-01 -2.403076422723656944e-03 1.337080646076653501e-02
-9.999456302272458075e-01 -8.137591724364501549e-04 1.039649026038384078e-02
-9.999389808046142969e-01 6.524423439634198518e-03 8.915105910451113364e-03
-9.998572243121739422e-01 9.951394282777569281e-03 1.365699212125902513e-02
-9.999325989411084192e-01 9.989830427131741325e-03 5.917229239306639153e-03
-9.999527240779944037e-01 9.687631903900498220e-03 -8.439138065885693277e-04
-9.999474145794793323e-01 9.801379630538837109e-03 -3.018911694320262733e-03
-9.999567707846415132e-01 9.063311195010961482e-03 -2.079841691394693475e-03
-9.999923045255649789e-01 3.574624798734138929e-03 -1.620407432511901868e-03
-9.999767579953822150e-01 6.752166653045231157e-03 -9.510541359441010336e-04
-9.999099391828201178e-01 1.088842433118611744e-02 -7.846560267880614212e-03
-9.997404553860727017e-01 1.728919529723839388e-02 -1.483639187708045773e-02
-9.998667391125526382e-01 1.029362162466524941e-02 -1.267115679304863483e-02
-9.998895175287507708e-01 8.415545924082579524e-03 -1.225333266706972804e-02
-9.998895041638965475e-01 5.501748284042597484e-03 -1.381025296329214946e-02
-9.998971735106663150e-01 8.193442923616858775e-03 -1.176957134889440246e-02
-9.998794378735619270e-01 2.853901112686752124e-03 -1.526361761637745271e-02
-9.998736499361585706e-01 -1.772454993155757851e-03 -1.579733026054341849e-02
-9.999160533741187074e-01 -8.605926631672929745e-04 -1.292898607966730569e-02
-9.999771378223681895e-01 -5.082835095819848541e-03 -4.461125755887435790e-03
-9.999652963129144201e-01 -5.280409059773710952e-03 -6.444880091039835446e-03
-9.999645701131438802e-01 -4.551032353031776549e-03 -7.082347681236930703e-03
-9.999766263790179632e-01 -6.290080913359031613e-03 -2.682271267642711773e-03
-9.999566968328809091e-01 -9.279765539547124575e-03 7.094992215469996498e-04
-9.998993963577508248e-01 -1.371454313935309074e-02 3.622346514185717254e-03
-9.998281245642300918e-01 -1.853679637177881728e-02 3.486702471047929339e-04
-9.998747885134121605e-01 -1.582123502923664729e-02 -3.299452988750993651e-04
-9.998856861739413571e-01 -1.507120381151764305e-02 1.219202100800136860e-03
-9.998949256525488938e-01 -1.448024208335175513e-02 6.879666531103428590e-04
-9.998699298299464910e-01 -1.603109492991586227e-02 -1.772148530331815438e-03
-9.998940184531529551e-01 -1.429411780642789696e-02 -2.764623326446550254e-03
-9.999052041680176472e-01 -1.372189119595004260e-02 1.142582966014779079e-03
-9.999248778715041919e-01 -1.144524346212619746e-02 4.388418946716401287e-03
-9.999376559217990623e-01 -6.173759128258789024e-03 9.304964548321194642e-03
-9.999130866277513574e-01 -7.417116763270326790e-03 1.090041125743343442e-02
-9.999390370965849373e-01 -4.349495104545460927e-03 1.014974739675230352e-02
-9.999352865554519409e-01 1.574959076650550398e-03 1.126745875702738972e-02
-9.999512371181975556e-01 6.652873826713197151e-03 7.299043513281306197e-03
-9.999532554437596810e-01 5.702853130848782245e-03 7.808826464220224375e-03
-9.999704242245885943e-01 2.507539920874894603e-03 7.271610152369734417e-03
-9.999686124599529435e-01 -5.577007098812040292e-03 5.628901914600788724e-03
-9.999605456287931071e-01 -3.291396992936857120e-03 8.251507164667586797e-03
-9.999721880344285552e-01 -9.414649237910357842e-04 7.399342046845119522e-03
-9.999900392594599507e-01 1.833785631787015168e-03 4.070874287949565601e-03
-9.999931416236610415e-01 5.248852569131317192e-04 3.668052319540298072e-03
-9.999915401590485642e-01 3.061770480836251140e-03 2.749283156153371419e-03
-9.999853017905809827e-01 5.397997957295225593e-03 -5.207415895736805869e-04
-9.999830166391220354e-01 3.671526075420736106e-03 -4.527667700125454116e-03
-9.999952647330907496e-01 2.941976924784277594e-03 -9.103447126840103279e-04
-9.999981139322142720e-01 1.626771238635043530e-03 -1.067330360035725423e-03
-9.999753305780958446e-01 2.609595191642223502e-03 -6.522399312137336716e-03
-9.999490407729378916e-01 2.215915484523863464e-03 -9.849824302283555905e-03
-9.998942543708636554e-01 -4.212929717069528561e-03 -1.391922479662542969e-02
-9.998710131371105758e-01 -5.662637231031835035e-03 -1.503014161047937398e-02
-9.998509388881715587e-01 5.249944974794100785e-04 -1.725798057171646499e-02
-9.998636513553297300e-01 -8.619556774482201034e-04 -1.649088333457239194e-02
-9.997558397421227872e-01 -1.130523481620820773e-02 -1.898594988943863929e-02
-9.996936463579190191e-01 -1.828869758919893923e-02 -1.667784714701783452e-02
-9.997888147738639431e-01 -1.671179125214756339e-02 -1.196058415217041669e-02
-9.997312315224002877e-01 -2.197694907309288848e-02 -7.381861443902011481e-03
-9.996485202206986109e-01 -2.517338571287384627e-02 -8.315655459990045975e-03
-9.995981191460314719e-01 -2.559501750673882220e-02 -1.218641676502769250e-02
-9.994475356284333589e-01 -3.060191284075515147e-02 -1.296765027293179766e-02
-9.992441204737054772e-01 -3.750060886067528576e-02 -1.024233489106346137e-02
-9.992476165964613299e-01 -3.827036071245733945e-02 -6.292344866961060296e-03
-9.993055482684942703e-01 -3.719214403590903606e-02 -2.275750852012147461e-03
-9.994663992436816358e-01 -3.266372042203496279e-02 -1.078608157534209633e-04
-9.994303674363201884e-01 -3.356495495348329333e-02 3.513961065091601287e-03
-9.994875041704673890e-01 -3.106651397498135306e-02 7.721023983060059173e-03
-9.993861798179657363e-01 -3.471670316660670913e-02 4.693363429385224300e-03
-9.994912344430165740e-01 -3.117056980589578627e-02 6.758802247144498829e-03
-9.995119762407084218e-01 -3.066966744194260866e-02 5.932487552011715161e-03
-9.994858029992335080e-01 -2.908589200161420391e-02 1.349644956996024110e-02
-9.994466908510418746e-01 -3.072830905852418082e-02 1.273172588535501082e-02
-9.994956553115088571e-01 -2.741299158346268902e-02 1.603049004001377148e-02
-9.994794808850044898e-01 -2.951200278960601150e-02 1.303160470829480694e-02
-9.995298968869086309e-01 -2.601859056129200362e-02 1.621826169657401839e-02
-9.995737831646595017e-01 -2.178071385557932282e-02 1.943878764085167979e-02
-9.995041752289139936e-01 -2.086932417753094987e-02 2.357729819752819519e-02
-9.997062222547519195e-01 -1.593850634417644241e-02 1.826052879377827731e-02
-9.997476073114095474e-01 -1.080026974666496893e-02 1.969998914603908122e-02
-9.997135223348311284e-01 -1.059613415882033720e-02 2.146180166609725631e-02
-9.998218185847550510e-01 -4.666041783577947431e-03 1.829133107322310214e-02
-9.997095776397353362e-01 -3.382019659453451912e-04 2.409688320059910280e-02
-9.996288888615559864e-01 6.821422294645892483e-03 2.637359755977321252e-02
-9.994924338997227542e-01 9.467696596656091992e-03 3.041794365492411431e-02
-9.994075987915757020e-01 1.298213070817928749e-02 3.187365342798773038e-02
-9.995418472936190568e-01 1.571923084380064117e-02 2.586532816243129751e-02
-9.995359317604549654e-01 1.738081282101273939e-02 2.501684166536160409e-02
-9.994950546336227593e-01 2.264311579536484875e-02 2.229212738831341800e-02
-9.994309216904059268e-01 2.371356234524808412e-02 2.398986484205165026e-02
-9.992573573531072784e-01 3.057140913368355806e-02 2.345499029039834621e-02
-9.992740467129731519e-01 3.097251111370986909e-02 2.218325871012371761e-02
-9.990115311643530394e-01 4.010769846215560958e-02 1.916629248988020728e-02
-9.989888609450569001e-01 4.322770931938135774e-02 1.235452950235907399e-02
-9.988929591332900149e-01 4.399261328315622055e-02 1.665892443629572034e-02
-9.988255822161380415e-01 4.676388793722111026e-02 1.267314691691363154e-02
-9.986677023438975676e-01 5.009621166350693849e-02 1.237753694662807082e-02
-9.986163399365713955e-01 5.003944224953099651e-02 1.617013893574572453e-02
-9.986299116223896766e-01 5.007412503461798614e-02 1.519523537016065351e-02
-9.987758727632818356e-01 4.772098350950390588e-02 1.301834487920360689e-02
-9.986526747459413267e-01 5.016608033070131534e-02 1.327453178500630736e-02
-9.984384048184686833e-01 5.542212516692541363e-02 7.010934462981804720e-03
-9.981418456328379207e-01 6.085455840475507971e-02 3.097085850547169443e-03
-9.978999922385591859e-01 6.415677885640302947e-02 8.917768049267731784e-03
-9.976988017157806254e-01 6.718731486076466586e-02 9.109289175030168759e-03
-9.975632260893214642e-01 6.914534052836761313e-02 9.302968017383355173e-03
-9.976660189766168862e-01 6.721363030345960110e-02 1.203560843667955682e-02
-9.974138421777212216e-01 7.074745731281018024e-02 1.266641729274577133e-02
-9.973905319742145670e-01 7.093806459840805434e-02 1.341384105229589604e-02
-9.976672293772584910e-01 6.718958794719120942e-02 1.206947080666893532e-02
-9.976443000208126133e-01 6.793099236346031300e-02 9.552190449126437763e-03
-9.976318794782514932e-01 6.787075170764680920e-02 1.114484379428558325e-02
-9.974086476585938277e-01 7.159913116298061153e-02 7.040410735595992522e-03
-9.974885407786193703e-01 7.077884215841741267e-02 2.641958969593056691e-03
-9.975327673030504050e-01 7.006535225902658925e-02 4.386113422940990901e-03
-9.976635443556124416e-01 6.824312420943827451e-02 3.215851145571138082e-03
-9.974464308002328750e-01 7.131616718536482047e-02 3.825628576889231018e-03
-9.974136212308194471e-01 7.155469161999220007e-02 6.782901725754957034e-03
-9.974995586175144924e-01 7.051650697520199518e-02 4.697475930225498628e-03
-9.970473382156691544e-01 7.657305849861402447e-02 5.760694768095446852e-03
-9.965704939265839224e-01 8.268890664238802424e-02 3.131895928286693599e-03
-9.966082160914442323e-01 8.229046649757468246e-02 5.968045504600402208e-04
-9.964767286380769029e-01 8.386366750995677410e-02 1.013899254302922000e-03
-9.964745711677980289e-01 8.384784848783972955e-02 2.825023944912587702e-03
-9.970184313957071165e-01 7.712819567737273785e-02 2.345707602809331358e-03
-9.970798176184156869e-01 7.628684696868834325e-02 3.488227271262351985e-03
-9.971964937988286870e-01 7.482623869961958774e-02 4.474851287486910321e-04
-9.972853803383019411e-01 7.358193194323948971e-02 -2.753719588245856064e-03
-9.973823840775460914e-01 7.202398817142784126e-02 -6.398330711099072671e-03
-9.975884070159477535e-01 6.916527176235373608e-02 -5.792144386650164081e-03
-9.974253302435891477e-01 7.139313642582904851e-02 -6.763447007640418368e-03
-9.976591618350773016e-01 6.820323062011174331e-02 -4.952741575933040930e-03
-9.976809939944419892e-01 6.746416295261115081e-02 -9.013017115079895170e-03
-9.979996781425028995e-01 6.291624095311353082e-02 -6.180816976629697687e-03
-9.979546639299677890e-01 6.360017571608735099e-02 -6.443588680513106029e-03
-9.983318406548077339e-01 5.718743643769839957e-02 -7.946478558932401973e-03
-9.984822847226579867e-01 5.402332268980031271e-02 -1.070613191031944897e-02
-9.985937075816182507e-01 5.158240270595994964e-02 -1.224240515073003223e-02
-9.986984787245239970e-01 4.897594703503121982e-02 -1.423793532473000868e-02
-9.987628214357127110e-01 4.719650329359052765e-02 -1.566301978485310636e-02
-9.989249550668162225e-01 4.322134456286801790e-02 -1.675897186817310730e-02
-9.990734891821493324e-01 4.003756566952898499e-02 -1.578512357985814574e-02
-9.992139872687045843e-01 3.669049805262284553e-02 -1.500761659000665084e-02
-9.994548444691042643e-01 2.876751765866269323e-02 -1.620053646175628054e-02
-9.995560276875899985e-01 2.409852656219384562e-02 -1.752204722010570342e-02
-9.995307065267788893e-01 2.550702645633964871e-02 -1.696384174541212472e-02
-9.995226413982755131e-01 2.843498402893590918e-02 -1.208117215624890384e-02
-9.997263269166195565e-01 1.964095774637173580e-02 -1.270896464007930000e-02
-9.997073104198906934e-01 1.864551814510202396e-02 -1.541596216277865347e-02
-9.997490160650178703e-01 1.544511134985367129e-02 -1.622859114705988218e-02
-9.997620072825920134e-01 1.129276994435994726e-02 -1.866590297456975633e-02
-9.997131225015201128e-01 9.655531417344501155e-03 -2.191933451145753817e-02
-9.998286339102929743e-01 3.958869307796620933e-03 -1.808435474492034109e-02
-9.998067968738141298e-01 3.930713107138046440e-03 -1.925959865849623601e-02
-9.997661228935045274e-01 -2.156945163225460448e-03 -2.151885030887631944e-02
-9.998126829242730551e-01 -3.143096701547968760e-03 -1.909800545838516786e-02
-9.997449369720031731e-01 -1.579487853672301113e-03 -2.252953592609854491e-02
-9.997598530966889108e-01 -6.113068671557735784e-03 -2.104471967385901365e-02
-9.997207203903173411e-01 -6.412622509108510324e-03 -2.274583917600501992e-02
-9.995372523201274673e-01 -1.117522742117990631e-02 -2.829150664421394359e-02
-9.995591195667175022e-01 -1.376064409970894319e-02 -2.631016885633514352e-02
-9.997412861859064082e-01 -1.307891990134096676e-02 -1.860957956940482300e-02
-9.997073703994637794e-01 -1.314561076835555654e-02 -2.030715125840855048e-02
-9.997624424523805509e-01 -1.517966781723618583e-02 -1.564129884254274530e-02
-9.997572747413300265e-01 -1.577513483029551952e-02 -1.538020173240601564e-02
-9.997549606207358774e-01 -1.927414292601230608e-02 -1.088760322392089488e-02
-9.997945200528914889e-01 -1.963151869681304187e-02 -5.053211795732235473e-03
-9.997507672234799969e-01 -2.215092207905905441e-02 -2.784580695986609532e-03
-9.997426629052043046e-01 -2.239009249612979383e-02 -3.647674589238794965e-03
-9.997082225242547304e-01 -2.372590712153388459e-02 -4.534860680181637509e-03
-9.996213406611021979e-01 -2.746756744663339522e-02 -1.649801280082496911e-03
-9.996190565127091032e-01 -2.754454937406174489e-02 -1.747417317655941072e-03
-9.995255532977913582e-01 -3.072327121211258436e-02 -2.182368858091533661e-03
-9.994594762417707834e-01 -3.245629066991272127e-02 -5.230527694341480585e-03
-9.994059890743884900e-01 -3.385766885317736952e-02 -6.429708554450263604e-03
-9.994831867486069221e-01 -3.197209491025286565e-02 -3.340427273100761169e-03
-9.992925484237494826e-01 -3.753320614867639710e-02 2.382158652154217019e-03
-9.993040260355974258e-01 -3.728286992712975811e-02 1.210262680565102897e-03
-9.994688969839525816e-01 -3.258429125586058406e-02 4.488607831399747802e-04
-9.996304179258128642e-01 -2.710524597542746453e-02 2.084901387021741159e-03
-9.996470678309661295e-01 -2.600114221009115420e-02 5.449222922620041223e-03
-9.996020320946015225e-01 -2.586726968487074868e-02 1.125502012490868162e-02
-9.995805299947191358e-01 -2.526522727425456472e-02 1.415789737485658069e-02
-9.996835176155389746e-01 -2.341249297988278952e-02 9.205078220159106442e-03
-9.997130106577268860e-01 -2.083974799669408712e-02 1.181587724824999242e-02
-9.997884227601826490e-01 -1.777147301132048912e-02 1.035848198503546216e-02
-9.998067492820211788e-01 -1.633618814215856072e-02 1.093648649722143117e-02
-9.998790496021612295e-01 -1.259471255320743568e-02 9.125405468135229861e-03
-9.998216724511261866e-01 -1.515633607645660262e-02 1.126598321468186628e-02
-9.998849793301480826e-01 -1.223193749689120528e-02 8.967796004909742852e-03
-9.998979591850774007e-01 -4.122370803254312224e-03 1.367813593387809737e-02
-9.998797124366102240e-01 -8.307607180508998213e-04 1.548821003041697328e-02
-9.998228622561906587e-01 6.070575477719980691e-03 1.781590620000044270e-02
-9.998462543024114746e-01 9.796217935566708598e-03 1.454359318194590155e-02
-9.997716054838609034e-01 1.091072937699404805e-02 1.837680947100336221e-02
-9.996445647691699632e-01 2.161211290524776146e-02 1.561008516889607171e-02
-9.996918418206842682e-01 1.965656042930179898e-02 1.516097254822646942e-02
-9.996981679764267437e-01 2.228685487325575768e-02 1.033842309970659651e-02
-9.996792857105469832e-01 2.304471409528856263e-02 1.050146757512068936e-02
-9.997056301996645189e-01 2.117921584192235251e-02 1.183670970959838087e-02
-9.996760673349522897e-01 2.360389886719573005e-02 9.519993536140740342e-03
-9.996862445055472168e-01 2.326497378887422071e-02 9.282643067413609561e-03
-9.996390573875959529e-01 2.387968758671606129e-02 1.230972792678680997e-02
-9.995545214599894646e-01 2.700935708768592916e-02 1.269910243259754143e-02
-9.995446806462965350e-01 2.672288294749846152e-02 1.401188284507969874e-02
-9.993546780337873026e-01 3.271945708967249900e-02 1.482155882149109247e-02
-9.993210838241927130e-01 3.288952353123320016e-02 1.660315202762554718e-02
-9.994044854236664444e-01 2.998896509334370020e-02 1.706899150381678207e-02
-9.993530968307913209e-01 3.284860957824160821e-02 1.464140341420794474e-02
-9.991835398063012574e-01 3.729090264077060402e-02 1.554530094456217995e-02
-9.991692273918525435e-01 3.787099898076359134e-02 1.505511504960531551e-02
-9.991324639656089523e-01 3.999402321855833470e-02 1.161083912241265767e-02
-9.989715828163039379e-01 4.215248743705315299e-02 1.670205511206530186e-02
-9.986823287970607588e-01 4.640633438377658737e-02 2.191055934940665945e-02
-9.984235309122687640e-01 4.946493522237040835e-02 2.652710991585177647e-02
-9.981716053582838644e-01 5.390219259018537434e-02 2.734985111992283349e-02
-9.979297033164815645e-01 6.022337500423886880e-02 2.257136673734230076e-02
-9.976658319171750611e-01 6.380343510392511019e-02 2.433153878855532498e-02
-9.977591066837269151e-01 6.293643475764876261e-02 2.271088955875430818e-02
-9.976371322309471878e-01 6.578012118948453613e-02 1.982781658409247735e-02
-9.975316566539131902e-01 6.776020503445612242e-02 1.841637367820815607e-02
-9.968721772118679381e-01 7.558038112757452243e-02 2.309724463766991281e-02
-9.962777410973953085e-01 8.258175069745522789e-02 2.471702962084599761e-02
-9.961176048655754345e-01 8.525509417010239399e-02 2.193856562629751053e-02
-9.959168989757904988e-01 8.897125208440796740e-02 1.528597660896848995e-02
-9.959230698286374306e-01 8.972599592501580290e-02 9.300489525438545430e-03
-9.958156363545302980e-01 9.118911265337541205e-02 5.981516876072569613e-03
-9.957521624587445386e-01 9.189461993311391630e-02 5.746668937610080637e-03
-9.956695830967466909e-01 9.236827326684854400e-02 1.049751594475370649e-02
-9.956864518653962826e-01 9.184408141909726486e-02 1.315935900141872519e-02
-9.950999978807893998e-01 9.745491321258595296e-02 1.668977975384126206e-02
-9.945319318466480096e-01 1.029495566259761852e-01 1.753966945827484247e-02
-9.940958231624361652e-01 1.073857820435030475e-01 1.555001035778256352e-02
-9.936607584959391559e-01 1.111419696466768720e-01 1.690486006649438017e-02
-9.931317196672225789e-01 1.164320729631356383e-01 1.153145118786090897e-02
-9.931258883324616260e-01 1.164805238621056532e-01 1.154435250834903726e-02
-9.935275773198953830e-01 1.129259463684399029e-01 1.227592523099429490e-02
-9.929038552584690258e-01 1.178575127717150367e-01 1.586050547393405563e-02
-9.926483582607134037e-01 1.201321765427677546e-01 1.474827842874995576e-02
-9.923768988624677156e-01 1.217080521311606767e-01 1.937151046586218020e-02
-9.920845315039942269e-01 1.246244592793972344e-01 1.539614305220702098e-02
-9.921455469581995645e-01 1.244864820089652685e-01 1.226149178833778330e-02
-9.911116105661353926e-01 1.326679708859686280e-01 9.848829019384004735e-03
-9.912591794491389940e-01 1.319176486013141913e-01 1.728515974983723877e-03
-9.918384539219615714e-01 1.274868748299555210e-01 1.895437798899339728e-03
-9.916165463349422282e-01 1.291939270230803294e-01 2.359847164230470789e-03
-9.911642218183053243e-01 1.326168843508833406e-01 2.502399056586538609e-03
-9.914186833588481962e-01 1.307247086521240720e-01 2.439337573272486528e-04
-9.914882587692054328e-01 1.301484888233511994e-01 -3.523958565594649019e-03
-9.920108970057784914e-01 1.256660273902614200e-01 -1.106547795936770745e-02
-9.918957171543032469e-01 1.263373805555872698e-01 -1.348212059723936235e-02
-9.923396177804445495e-01 1.228235713910376253e-01 -1.328413727381629397e-02
-9.915694686008763581e-01 1.288928315643729783e-01 -1.329067037457918286e-02
-9.925523598987565643e-01 1.215955532415196189e-01 -7.372181341740634275e-03
-9.931087468275238139e-01 1.171041757279523282e-01 -4.652278427772981242e-03
-9.937251786851949431e-01 1.117354419482892436e-01 -5.047273085392330050e-03
-9.944135101268255506e-01 1.054734087308376311e-01 -4.140724533511481661e-03
-9.951262307026218501e-01 9.849683905997635991e-02 -4.708753645684033567e-03
-9.953689745252709553e-01 9.602639440829259521e-02 -4.421631600897241339e-03
-9.952463692926152294e-01 9.718937175653853677e-02 -6.237396269758306924e-03
-9.952242118099948742e-01 9.730636216854887666e-02 -7.762396204077292791e-03
-9.951768830440445024e-01 9.714805965873545002e-02 -1.361031539142435950e-02
-9.957828804628929831e-01 9.023120617783783604e-02 -1.657707020738075077e-02
-9.958994388542689036e-01 8.955753093390612929e-02 -1.279731145606965645e-02
-9.954825872559341926e-01 9.366239385485118640e-02 -1.554957250886281409e-02
-9.954907550908232983e-01 9.361008471581729051e-02 -1.534025181644205378e-02
-9.958487698798506038e-01 9.000462704774490896e-02 -1.357974093249206260e-02
-9.959746658627838256e-01 8.843260954261708551e-02 -1.463397639261931546e-02
-9.958297903596048384e-01 9.056706448951257205e-02 -1.098409251819707118e-02
-9.960444658644239668e-01 8.821290795200811830e-02 -1.067331785244645878e-02
-9.962661192217121542e-01 8.597376833699074683e-02 -7.895926433499785707e-03
-9.964581791131029709e-01 8.394392422415446198e-02 -4.952739097597749600e-03
-9.962457845120207267e-01 8.640144463914799233e-02 -5.398329468790186679e-03
-9.961434765539450842e-01 8.754448861623685685e-02 -5.843918706087924270e-03
-9.961502682328648994e-01 8.747156826329303969e-02 -5.777767651719192127e-03
-9.962379807381213093e-01 8.652549720394239752e-02 -4.820665533348739325e-03
-9.962519394106058579e-01 8.615702599823439611e-02 -7.684715538658476279e-03
-9.957584975014317497e-01 9.189765376495284688e-02 -4.455414189028963044e-03
-9.956634932302769192e-01 9.270977792209268709e-02 -7.688962810061232209e-03
-9.958874473604161226e-01 9.045718793967759408e-02 -5.069925150603653979e-03
-9.961706538643170239e-01 8.700515850334764045e-02 -8.610784442878988490e-03
-9.957969861005130374e-01 9.079221878324077177e-02 -1.204783054034439145e-02
-9.959643533807291949e-01 8.856954720178432383e-02 -1.450713181527934180e-02
-9.964290511115722060e-01 8.258179156032634249e-02 -1.759001884797558798e-02
-9.962791839141433847e-01 8.323742909734259399e-02 -2.234576184663315118e-02
-9.964186615966713623e-01 8.031650938616563540e-02 -2.644095762556915655e-02
-9.967937036290951403e-01 7.539627613502278280e-02 -2.679046564062415731e-02
-9.972652680186575580e-01 6.936783423041162355e-02 -2.549713437929311197e-02
-9.973219941034752178e-01 6.837135304416203097e-02 -2.596561665842815614e-02
-9.978517505644556307e-01 6.016284868979078493e-02 -2.592933897494990522e-02
-9.982537483069974238e-01 5.427857457590828938e-02 -2.330891218122595546e-02
-9.981922098280064937e-01 5.491076079159776940e-02 -2.443635893987658805e-02
-9.982899331568824142e-01 4.967513920806490568e-02 -3.081566570190204940e-02
-9.984497046161326939e-01 4.416811325117435405e-02 -3.387300655890018025e-02
-9.987940410809559300e-01 3.587467124990408041e-02 -3.351845616122924032e-02
-9.991429284096918773e-01 2.745762908401149643e-02 -3.097583751243221731e-02
-9.991293279349887646e-01 2.064541888810607004e-02 -3.625421888442779267e-02
-9.990953335784923395e-01 1.480938527783127664e-02 -3.986492634092906467e-02
-9.993652433950941383e-01 5.035348573583049367e-03 -3.526713806842964039e-02
-9.993821349070188820e-01 1.493111484897539747e-03 -3.511601505339187468e-02
-9.992744433278611949e-01 -9.257211535514662561e-04 -3.807552275866573493e-02
-9.992956642138001166e-01 -7.605055354730176978e-03 -3.674716372431943018e-02
-9.991480934974258377e-01 -1.791576295944537905e-02 -3.717698403965281895e-02
-9.989926206246437790e-01 -2.450982365384859682e-02 -3.759026399460765888e-02
-9.987531683997133980e-01 -2.980284943864865144e-02 -4.004889956330219547e-02
-9.984565609896922656e-01 -3.934862797467760659e-02 -3.919434726741320707e-02
-9.979314594502308733e-01 -4.901012710312932508e-02 -4.160318944760917764e-02
-9.978567094073584887e-01 -4.963544766179624895e-02 -4.264182828291555871e-02
-9.975106586654430840e-01 -5.614019190724800490e-02 -4.267060341722651168e-02
-9.964730119567164479e-01 -6.637076139702097199e-02 -5.134661425012247010e-02
-9.957589713998116210e-01 -7.476597600352205553e-02 -5.361097094942015445e-02
-9.951675901365417687e-01 -8.210338403849234967e-02 -5.385646090823610621e-02
-9.948624498868866572e-01 -8.447466509623217934e-02 -5.579205414419976389e-02
-9.933965659841805795e-01 -9.947667086952795279e-02 -5.716354898918354216e-02
-9.925426192090903710e-01 -1.088940371244473404e-01 -5.478370450024156596e-02
-9.917747706288116971e-01 -1.177545777142942479e-01 -5.016652339030525098e-02
-9.907055881589381663e-01 -1.267543848438190124e-01 -4.935361962351510201e-02
-9.898395729192753789e-01 -1.341001244976956497e-01 -4.727359352636120726e-02
-9.885529662076060209e-01 -1.433090721126451250e-01 -4.717583064478057808e-02
-9.877763731311424156e-01 -1.468328095773345776e-01 -5.232570062538495492e-02
-9.869640811889494048e-01 -1.519121034870834774e-01 -5.314726276940567873e-02
-9.858291995251161621e-01 -1.587166098563562444e-01 -5.431246145263260439e-02
-9.846342710177431456e-01 -1.662749683897446484e-01 -5.336668949991256461e-02
-9.837376722178547972e-01 -1.729864202517460703e-01 -4.833122116513746680e-02
-9.825913532181812515e-01 -1.806173086245841664e-01 -4.349294746682166174e-02
-9.817037772234578075e-01 -1.856492464398278031e-01 -4.233281398161423820e-02
-9.804747248585353736e-01 -1.927325291915370498e-01 -3.903206443730021513e-02
-9.794020759641933749e-01 -1.988224820332295528e-01 -3.523081316148373582e-02
-9.785380204192002385e-01 -2.018093069171267018e-01 -4.166968127967850960e-02
-9.777019242416866707e-01 -2.063855456772404340e-01 -3.878105118158700626e-02
-9.773129421279386220e-01 -2.077524800334491772e-01 -4.121087576034064559e-02
-9.753284203445004019e-01 -2.166946532923045843e-01 -4.216533930052033391e-02
-9.743490438863862124e-01 -2.206980347819176846e-01 -4.400379868980044962e-02
-9.735628264874116589e-01 -2.235888509250540390e-01 -4.672755966856239479e-02
-9.723654643260356556e-01 -2.294730858968677678e-01 -4.298281644250950134e-02
-9.711296964832237810e-01 -2.357973763912450949e-01 -3.614865915658405787e-02
-9.699977040674112594e-01 -2.406087572912078698e-01 -3.481229176828260635e-02
-9.694036603249541750e-01 -2.434422288937104772e-01 -3.150301798712463325e-02
-9.681785247275155326e-01 -2.487814239279423356e-01 -2.716915108976994397e-02
-9.685137270183908909e-01 -2.479303155792991764e-01 -2.262155249347009081e-02
-9.676813181946698483e-01 -2.514240881208349432e-01 -1.946303618126394436e-02
-9.673339460114955823e-01 -2.526270211981991309e-01 -2.108650080686141209e-02
-9.670048233080911215e-01 -2.538458901334482154e-01 -2.153952701434234951e-02
-9.660817137227790674e-01 -2.572814206490795508e-01 -2.219027892898631574e-02
-9.653181665935930411e-01 -2.602846580169410062e-01 -2.031623719197417355e-02
-9.636742420461461567e-01 -2.661105146092733187e-01 -2.274125569968337562e-02
-9.620810631572039862e-01 -2.721052544180315169e-01 -1.894132791125563084e-02
-9.625885460952168238e-01 -2.704897409101019723e-01 -1.608124616694515258e-02
-9.620853520049336138e-01 -2.722186269797868818e-01 -1.699441318442500293e-02
-9.619563653436871142e-01 -2.728552909798384052e-01 -1.378248376844258376e-02
-9.630599058668963819e-01 -2.691339907229681194e-01 -9.084511249294118310e-03
-9.627680600241179665e-01 -2.700928459507244694e-01 -1.129304132651211441e-02
-9.627614896353651197e-01 -2.701248464687082129e-01 -1.108589257423633033e-02
-9.622698205432237417e-01 -2.718332337228635542e-01 -1.197919614178707265e-02
-9.611193783613017905e-01 -2.760122129492186827e-01 -8.174006606281949278e-03
-9.596585137992215131e-01 -2.811572782828807848e-01 2.477347568838734332e-03
-9.592525753729670424e-01 -2.823225019213054243e-01 1.133653894539315629e-02
-9.586435461535757208e-01 -2.843252995211744127e-01 1.271577830750791893e-02
-9.617169813442478787e-01 -2.735714576051572200e-01 1.609723520286307843e-02
-9.629816956371536341e-01 -2.689774908065903358e-01 1.781513160515494493e-02
-9.623185776983703699e-01 -2.710627554260512384e-01 2.163222590560509237e-02
-9.622914316210959829e-01 -2.710150651727481486e-01 2.336772649959295567e-02
-9.633747455515989655e-01 -2.668292019488558431e-01 2.667006245993207986e-02
-9.637604557922900828e-01 -2.650852145189852571e-01 2.992705373250543685e-02
-9.651761464918360289e-01 -2.594191318496050225e-01 3.371551625422673781e-02
-9.659821245584967464e-01 -2.566030795761341521e-01 3.214670022619690176e-02
-9.671962450214962592e-01 -2.513702487926350315e-01 3.666657162158094840e-02
-9.691757796683793114e-01 -2.433747279510680983e-01 3.830229518018789248e-02
-9.711464108045956278e-01 -2.349008518453638839e-01 4.118561366872306589e-02
-9.735030793927988979e-01 -2.260110737886724674e-01 3.479604787223715412e-02
-9.741378567106827591e-01 -2.228877903257102666e-01 3.710101205958973164e-02
-9.754326955939940369e-01 -2.150872506737510070e-01 4.762927337679028622e-02
-9.770033592851653514e-01 -2.076416164522000563e-01 4.847073157051388914e-02
-9.787898075316040503e-01 -1.985534036950435122e-01 5.046855854752187870e-02
-9.805623570718708937e-01 -1.898744702485926084e-01 4.944862237494713347e-02
-9.819561839461241615e-01 -1.838250961106599746e-01 4.438922671099026357e-02
-9.829028386223234159e-01 -1.794971157053292521e-01 4.102208794684081283e-02
-9.844988439974949879e-01 -1.708402675411306582e-01 3.969440036398391020e-02
-9.856548740053875379e-01 -1.637769138649701472e-01 4.076282804576977087e-02
-9.875459087926373725e-01 -1.531751336198494962e-01 3.592315095166091765e-02
-9.885016954443808235e-01 -1.469192822138764565e-01 3.576505156833289373e-02
-9.886549009917606767e-01 -1.452370402895891699e-01 3.831064085732003438e-02
-9.888618361099921206e-01 -1.445883850966666051e-01 3.530558476682710278e-02
-9.889703557632396613e-01 -1.421668749631742334e-01 4.154794299906956062e-02
-9.896220446589921726e-01 -1.373499090169887082e-01 4.222828083764706281e-02
-9.907568667778694493e-01 -1.285710488520371009e-01 4.324734467677074368e-02
-9.913885149723336010e-01 -1.244440651510802381e-01 4.077380837447087958e-02
-9.915799738324310164e-01 -1.215312287999594509e-01 4.471389455435467036e-02
-9.918390757345003639e-01 -1.156695367533520646e-01 5.362670068988232425e-02
-9.927283728887814629e-01 -1.081650192061435756e-01 5.282729564661752669e-02
-9.932838326921192840e-01 -1.023867445464327203e-01 5.389062204577944187e-02
-9.937811310517077334e-01 -9.718333040409915524e-02 5.435513554167632072e-02
-9.948569007574236123e-01 -8.680543695053158371e-02 5.219750901433498069e-02
-9.952683730372227089e-01 -7.898590603118234299e-02 5.658718256289811677e-02
-9.961068900773047963e-01 -6.716457470052041023e-02 5.709641319707911555e-02
-9.967241479549625582e-01 -5.897307855254906028e-02 5.534587434280498208e-02
-9.971635684615878237e-01 -4.878674337700619063e-02 5.731220098062084906e-02
-9.975935957114315800e-01 -3.724007257514821284e-02 5.848257758780223831e-02
-9.979964968256554991e-01 -2.668551693340219522e-02 5.736630186834865835e-02
-9.979315860880859645e-01 -1.953256927238573859e-02 6.124578046991720204e-02
-9.978819841563837389e-01 -8.203654808290853848e-03 6.453110374371232028e-02
-9.978978100532756024e-01 4.413385252632575154e-03 6.465678880646993920e-02
-9.980421268458584683e-01 1.495785729955482514e-02 6.073049355728056542e-02
-9.977499810939391978e-01 2.755594807154081172e-02 6.112006450939239111e-02
-9.974263060961775507e-01 3.830301741113109615e-02 6.061072582274717319e-02
-9.969899225866958314e-01 3.780415528863757119e-02 6.769015783805543141e-02
-9.962605783696382167e-01 5.001228344780707380e-02 7.045316897820168289e-02
-9.958358557206936634e-01 6.039715216234228107e-02 6.828726036644079678e-02
-9.947193195124085507e-01 7.295811392219878067e-02 7.218453329892587922e-02
-9.943322720812991511e-01 7.994437833544432159e-02 7.008742304377517385e-02
-9.934985240265884476e-01 9.184648977580994744e-02 6.726754615670101078e-02
-9.923785506310617288e-01 9.963339775646611052e-02 7.251217980703884847e-02
-9.911398153868358207e-01 1.084622735363320045e-01 7.666694065145079895e-02
-9.891216565799708649e-01 1.263594572423009099e-01 7.531038466986143820e-02
-9.880698794488999015e-01 1.351599395494517408e-01 7.382223258033608626e-02
-9.865427387598604270e-01 1.444725221366719992e-01 7.655803716996131825e-02
-9.849245842062965828e-01 1.542272627716103905e-01 7.834240913701540077e-02
-9.828892640486944776e-01 1.663507002149360869e-01 7.909587503423039234e-02
-9.810428584346343461e-01 1.776795779415889509e-01 7.736210657770943577e-02
-9.796966929382143752e-01 1.869128715399702434e-01 7.251197133320455568e-02
-9.774483646810360193e-01 1.977484851689784440e-01 7.409621275270301954e-02
-9.757002337868658781e-01 2.082344755008744830e-01 6.817238868411426567e-02
-9.732867997920753300e-01 2.211026230450152397e-01 6.185832967036066637e-02
-9.708231588136495560e-01 2.314069597084091323e-01 6.287472385608790237e-02
-9.682079718721051664e-01 2.428999191144750325e-01 5.977432411649437338e-02
-9.662414108511979682e-01 2.499165609161377033e-01 6.260404099198174643e-02
-9.645772703259959391e-01 2.565997925332362262e-01 6.121481332177539092e-02
-9.616634026365126209e-01 2.673185802701074643e-01 6.119063652814107218e-02
-9.597302364323121449e-01 2.743323847943802685e-01 6.049490255114994830e-02
-9.573289556861014349e-01 2.820760317261090111e-01 6.288402343795843064e-02
-9.553312388464919591e-01 2.896887533025835348e-01 5.850356892526219210e-02
-9.534206499821447078e-01 2.960264247211787936e-01 5.794339758635620730e-02
-9.500323254655976823e-01 3.066150572633598581e-01 5.853037272344898539e-02
-9.486456443588617837e-01 3.118861849030994948e-01 5.290053265146388989e-02
-9.467839219478607626e-01 3.176586006849124733e-01 5.189639429224079253e-02
-9.450133235421567246e-01 3.233918149634381622e-01 4.865767482890343693e-02
-9.418153918500264954e-01 3.322598353401214344e-01 5.086439421076856954e-02
-9.391391209180343091e-01 3.405610044729983632e-01 4.512129001529687627e-02
-9.376776195736994390e-01 3.445905640524342672e-01 4.492262160936352777e-02
-9.355926835886843040e-01 3.503720645150532609e-01 4.365505486954365799e-02
-9.335906765802947094e-01 3.557736559185021297e-01 4.282022136292452236e-02
-9.320437553774998385e-01 3.603757481949381170e-01 3.773294387654780452e-02
-9.304184263513949338e-01 3.649668916173942068e-01 3.347740672970034997e-02
-9.282999598665830909e-01 3.703731446566370655e-01 3.290797844255563542e-02
-9.254030152792830366e-01 3.771978343817665169e-01 3.675690397884489452e-02
-9.227108446947563936e-01 3.842616066479964121e-01 3.078525054796470151e-02
-9.197663881870914437e-01 3.916337277222159963e-01 2.555056228984136507e-02
-9.184494681874444399e-01 3.947722231868150966e-01 2.460656281447480553e-02
-9.168011500554714699e-01 3.987449898665060832e-01 2.186552184323704504e-02
-9.161123753352070631e-01 4.005375011200677515e-01 1.754544500886986297e-02
-9.142643241403523025e-01 4.049106094433611580e-01 1.296767144876723177e-02
-9.137118009489705317e-01 4.061408466142458762e-01 1.343034089195561422e-02
-9.138742882921594424e-01 4.058872178408567399e-01 9.453473003398538826e-03
-9.130327414941170616e-01 4.077248417604554809e-01 1.147532001261415691e-02
-9.136073090093447258e-01 4.065269685982474401e-01 7.584547597046751091e-03
-9.144102287058928358e-01 4.047395313805012274e-01 6.313638744705403136e-03
-9.163583979846399163e-01 4.002511062462049685e-01 9.292742568635783962e-03
-9.183728534088401174e-01 3.957029794377565635e-01 3.235905552567051868e-03
-9.180416526463478499e-01 3.964821664841788329e-01 1.196897171736603389e-03
-9.185786897303817033e-01 3.952356889804019002e-01 1.399222980187807969e-03
-9.191101198914128911e-01 3.939964575156406079e-01 -1.842798037027407708e-03
-9.201290490316049731e-01 3.916126229386296398e-01 1.450379705901131723e-03
-9.208981652331013068e-01 3.898005077145780817e-01 -1.466422726083620523e-03
-9.206853674116292074e-01 3.902595200327404479e-01 -5.998184005403425258e-03
-9.220446443748389065e-01 3.869960962178809472e-01 -8.228747306597429534e-03
-9.233299216870508586e-01 3.838506294722219270e-01 -1.098030037818847025e-02
-9.237125648282349388e-01 3.827490368452346470e-01 -1.607138643127934904e-02
-9.255263206332691173e-01 3.782921058425899319e-01 -1.720841593144360401e-02
-9.250421008472101692e-01 3.792736233173565896e-01 -2.118129918874440271e-02
-9.252731485522758259e-01 3.785766131613251817e-01 -2.343855080507383642e-02
-9.270763981679512877e-01 3.738767825378935816e-01 -2.730422281665485090e-02
-9.281622919702996466e-01 3.711402901708107382e-01 -2.774278156258703706e-02
-9.298772071350164259e-01 3.664868313395304722e-01 -3.187160756655625649e-02
-9.329010453335059294e-01 3.588634294327023855e-01 -3.021085566062231206e-02
-9.338326451478783374e-01 3.559699621392379831e-01 -3.524193785220244152e-02
-9.371745752004139174e-01 3.466572999907245323e-01 -3.914778976729892807e-02
-9.399255101729424577e-01 3.389972571054209460e-01 -4.026055795759878736e-02
-9.424400319024026640e-01 3.308999183842092351e-01 -4.808376523389924079e-02
-9.444819033784218609e-01 3.244975310682945424e-01 -5.152965021233613108e-02
-9.477697104052177357e-01 3.134597777922956130e-01 -5.895390277277057223e-02
-9.476843645703767471e-01 3.141652214095441709e-01 -5.652059557204060225e-02
-9.508123545902947837e-01 3.047645578493796137e-01 -5.544771914461193996e-02
-9.540039708608771818e-01 2.945774073982532770e-01 -5.568297372017563807e-02
-9.562840745988140378e-01 2.850430292240790364e-01 -6.535487686098484517e-02
-9.586766457872990532e-01 2.769833039001948771e-01 -6.495658499032710975e-02
-9.618883423767651264e-01 2.654884581425358547e-01 -6.547301111700908061e-02
-9.645322924966163169e-01 2.562419413847913940e-01 -6.338409921965690308e-02
-9.658389082939647929e-01 2.517163072112673095e-01 -6.159645826918087180e-02
-9.687818097601080813e-01 2.396820463587868710e-01 -6.335883227431780840e-02
-9.720395083546730097e-01 2.275019311159861279e-01 -5.815569455934362780e-02
-9.731741024825341091e-01 2.221039541337265222e-01 -6.001682351851676117e-02
-9.745685796107840249e-01 2.154023307799806108e-01 -6.178947238017359900e-02
-9.750777896537003997e-01 2.120909530503616025e-01 -6.512105040272808676e-02
-9.772229348475013344e-01 2.014203888679346743e-01 -6.682201851797983649e-02
-9.795172118743806777e-01 1.886888720395723251e-01 -7.030335093889676645e-02
-9.815577455298825083e-01 1.767833017892707637e-01 -7.274665992674904380e-02
-9.829121571369396904e-01 1.696707379673729477e-01 -7.138313629049296283e-02
-9.852049934505622275e-01 1.540018468826991060e-01 -7.519688964950951848e-02
-9.863203932470019364e-01 1.445984856487957382e-01 -7.914152074153819882e-02
-9.885849134445524600e-01 1.292487323821391865e-01 -7.742515437019374669e-02
-9.891109962439246228e-01 1.217423276239365248e-01 -8.269379426749746964e-02
-9.898696290519942709e-01 1.135403086997569394e-01 -8.524515632448433078e-02
-9.913331059290351188e-01 9.780564323361629064e-02 -8.770832533078920523e-02
-9.928042352767937340e-01 8.820205001113821941e-02 -8.099486963900161263e-02
-9.941833105255155623e-01 7.385534519743656989e-02 -7.838975114784668685e-02
-9.946085711004550856e-01 6.647626895419032900e-02 -7.959092949191236277e-02
-9.954286609675565556e-01 5.222700442158677986e-02 -7.996337327039253207e-02
-9.959945390950633026e-01 3.195959520388399339e-02 -8.350738353923778390e-02
-9.963560654287110241e-01 1.830634000734037564e-02 -8.330359846573656690e-02
-9.965579773188172341e-01 2.188729286949967628e-03 -8.286994600133960887e-02
-9.965393867305776254e-01 -1.573099422142292675e-02 -8.161989399268386458e-02
-9.963885829842340502e-01 -2.779591566040629652e-02 -8.023215882211043315e-02
-9.960760263090175926e-01 -3.911385462721991835e-02 -7.938939895695631965e-02
-9.958348447544698168e-01 -4.657238006185462909e-02 -7.838364532383360062e-02
-9.954524147599180806e-01 -5.597000098915281413e-02 -7.708352188485620426e-02
-9.950657660250289416e-01 -6.851126387375681970e-02 -7.176592632802243632e-02
-9.943886935256686099e-01 -7.865607205689478798e-02 -7.074156206314788364e-02
-9.938082766977482940e-01 -8.446341684000774341e-02 -7.218767566206926722e-02
-9.925045544301271949e-01 -9.592634643620182033e-02 -7.571569123225396769e-02
-9.919975280575471510e-01 -1.024654938214548255e-01 -7.376819924599875566e-02
-9.910754719271274160e-01 -1.110944370992613256e-01 -7.367126511523039434e-02
-9.902764718217255124e-01 -1.179844736995739191e-01 -7.370341673001350180e-02
-9.886614500837632713e-01 -1.325157034596809169e-01 -7.062680612744233477e-02
-9.871674832867035621e-01 -1.413783064279385826e-01 -7.424658300492331664e-02
-9.857075673676516381e-01 -1.521012017301908437e-01 -7.242814833835867216e-02
-9.843496225676444666e-01 -1.608959468399984161e-01 -7.189113587351456114e-02
-9.824976758451017256e-01 -1.709084333058295824e-01 -7.408539075841262533e-02
-9.805671261496405888e-01 -1.814399428668291847e-01 -7.461688155201900985e-02
-9.784692275935245043e-01 -1.927602273105179231e-01 -7.376642950576495217e-02
-9.761758032428353715e-01 -2.039783343559428419e-01 -7.398419422011734414e-02
-9.738090639023302408e-01 -2.153350626041846405e-01 -7.298450888971841355e-02
-9.730135788570802857e-01 -2.212677435861744590e-01 -6.546130003339095671e-02
-9.704700877157393935e-01 -2.327079164953188839e-01 -6.352050964776384534e-02
-9.685777794671170948e-01 -2.409091789429789188e-01 -6.180512302822527282e-02
-9.654497015380532066e-01 -2.538010002114768349e-01 -5.909269511612716408e-02
-9.622690497198143067e-01 -2.655598800758448563e-01 -5.929794752628115423e-02
-9.608238931125069326e-01 -2.711772362457789409e-01 -5.727454406783975827e-02
-9.584623243431688033e-01 -2.803246039059448802e-01 -5.261282809336835509e-02
-9.558200238341553190e-01 -2.894521349995285986e-01 -5.124025695988913831e-02
-9.555223979733306061e-01 -2.908697351719333746e-01 -4.870076466786981556e-02
-9.530499690613598585e-01 -2.988876213805251592e-01 -4.860006789007018796e-02
-9.492017887228396678e-01 -3.111986839884203770e-01 -4.659789158446769886e-02
-9.447801994285676130e-01 -3.241207290584086076e-01 -4.833371594158837603e-02
-9.431281167457308268e-01 -3.286155171857320090e-01 -5.021172810159539590e-02
-9.416630399880587809e-01 -3.320458216329357226e-01 -5.492096027089360399e-02
-9.380039953437830924e-01 -3.418048308303164307e-01 -5.760193485016562587e-02
-9.337063687805654544e-01 -3.526512195662770410e-01 -6.188340010514210149e-02
-9.310219821033324239e-01 -3.605713182504912684e-01 -5.644833291357019556e-02
-9.277366209858541879e-01 -3.697878914661105187e-01 -5.061322124833302766e-02
-9.256981743058151357e-01 -3.755192148200310331e-01 -4.547779711002724462e-02
-9.223697592940780510e-01 -3.836012277497032885e-01 -4.565244631609010478e-02
-9.206275149714372441e-01 -3.883011873938656544e-01 -4.083120346202041839e-02
-9.183745370197033964e-01 -3.943663870487776890e-01 -3.260955408524977839e-02
-9.165752347351415752e-01 -3.987726386790071409e-01 -2.949986684213239813e-02
-9.129700403994928104e-01 -4.069844362544529637e-01 -2.914437138167367061e-02
-9.119465585548376385e-01 -4.094077926172545179e-01 -2.718003070983461208e-02
-9.097331310351592926e-01 -4.140532030361168681e-01 -3.075054098972242536e-02
-9.058851640913709868e-01 -4.222804719093625758e-01 -3.242364939922668526e-02
-9.017105397626482555e-01 -4.310939580657081605e-01 -3.280430364047441649e-02
-9.008544217250229469e-01 -4.334399499995642002e-01 -2.431339347249187807e-02
-8.993904621814124978e-01 -4.364609459630875987e-01 -2.446752308694203140e-02
-8.983254984787215625e-01 -4.390348147621684349e-01 -1.611678181537504889e-02
-8.984356344067099265e-01 -4.389466608452194385e-01 -1.180085708731524324e-02
-8.955433764140621200e-01 -4.448656222665520188e-01 -9.831556283003551125e-03
-8.945599865874918066e-01 -4.469186132201018458e-01 -5.118981089733869519e-03
-8.941938210668813891e-01 -4.476703429464484740e-01 -2.948697763332601678e-03
-8.947002101071245272e-01 -4.466561945490121199e-01 -3.130225356662834184e-03
-8.962926802972934759e-01 -4.433938045576381604e-01 -7.834898309889449033e-03
-8.962526235978872657e-01 -4.435111653012281940e-01 -5.394558204198695098e-03
-8.964623422920638962e-01 -4.431100053535671490e-01 -2.968556516486349148e-03
-8.972523523836154480e-01 -4.415180982329912629e-01 7.373515577958770009e-05
-8.977169042843679003e-01 -4.405721641008304434e-01 7.405062680539184049e-04
-8.982289959804482526e-01 -4.395221889016202033e-01 -2.221851461157642836e-03
-8.968700717409271439e-01 -4.422880099383542651e-01 -2.326168737026057358e-03
-8.958958672252123057e-01 -4.442535920892301537e-01 -3.059638904689117832e-03
-8.968825825071676805e-01 -4.422681555958100086e-01 -7.294946095479032735e-04
-8.970374817053107241e-01 -4.419526660523295791e-01 1.271933320518239385e-03
-8.957636694967068269e-01 -4.445248058237752931e-01 2.272850615164192893e-03
-9.004970717542781777e-01 -4.348263973905131530e-01 5.572119643419358101e-03
-8.987655372825925637e-01 -4.383797611753955659e-01 6.611701462610856082e-03
-8.973459705603795689e-01 -4.412371228799774059e-01 8.946012025920246566e-03
-8.974520448917125970e-01 -4.410374266991583525e-01 8.113938009637725740e-03
-8.965195251509679997e-01 -4.428998199231538035e-01 9.618270518464545546e-03
-8.946389574164977931e-01 -4.466447935958755555e-01 1.138353213279349151e-02
-8.947145128775862988e-01 -4.464208533468791984e-01 1.394212072112194223e-02
-8.960615764830799357e-01 -4.435746955873103858e-01 1.775278049596198601e-02
-8.967979562469100552e-01 -4.418670311377881355e-01 2.251606399501293598e-02
-8.975807586060167154e-01 -4.399882612285527794e-01 2.755235986048145194e-02
-9.016378890826275416e-01 -4.310246417824725729e-01 3.559348363819449940e-02
-9.029711617100875110e-01 -4.281318218191724201e-01 3.669121422308617431e-02
-9.057425475583900099e-01 -4.217846716319577083e-01 4.157101655859118255e-02
-9.078427184294872720e-01 -4.165819368163797276e-01 4.776096588749667582e-02
-9.090868169430227352e-01 -4.136643472099787444e-01 4.942659715707506396e-02
-9.119215014811176134e-01 -4.067569201734467788e-01 5.429553200751879860e-02
-9.162815999240290221e-01 -3.968398314816417027e-01 5.427890528068389508e-02
-9.176830862803022626e-01 -3.937577748077087936e-01 5.303385408586442501e-02
-9.210181472439261663e-01 -3.855674245974791692e-01 5.534758742013583949e-02
-9.231775875486080141e-01 -3.799011638035004190e-01 5.846596918233923357e-02
-9.255353273882618304e-01 -3.742282665627624239e-01 5.777182880375816149e-02
-9.279901891256646662e-01 -3.676607988979143649e-01 6.049601486637598557e-02
-9.289163270076991052e-01 -3.649732148369262408e-01 6.252225112859249867e-02
-9.330132534823089019e-01 -3.534831538379621940e-01 6.734946970102215213e-02
-9.346860654255324530e-01 -3.483893313438150563e-01 7.061766967557421559e-02
-9.371595614957795028e-01 -3.416990621967604391e-01 7.052467338480379599e-02
-9.421791841989360927e-01 -3.265545380705327516e-01 7.523657111281290000e-02
-9.458507933696908010e-01 -3.157622950738669387e-01 7.523611364712255722e-02
-9.495576252031142639e-01 -3.052006294691415045e-01 7.206188316082505485e-02
-9.520263594232913906e-01 -2.970148658930399921e-01 7.367498440594812126e-02
-9.544858863063979681e-01 -2.891271573482668833e-01 7.322706226093263215e-02
-9.575417279911999646e-01 -2.788175954688941749e-01 7.331173533280950505e-02
-9.610659808543556837e-01 -2.656225926732698195e-01 7.613699405340558501e-02
-9.644336262840234042e-01 -2.534625357199096207e-01 7.499697653530106034e-02
-9.674453792130123242e-01 -2.412778715323491696e-01 7.638357226908751296e-02
-9.699842143981347586e-01 -2.309750599900275980e-01 7.603399647347815205e-02
-9.725794477555326223e-01 -2.195556112655348280e-01 7.671098084427648012e-02
-9.759359188497656046e-01 -2.027011223845133214e-01 8.038259072784306736e-02
-9.783410064893998115e-01 -1.907838148973258208e-01 8.031459768388247988e-02
-9.809776032334489582e-01 -1.776503259553893488e-01 7.825169060815334587e-02
-9.817353280399939708e-01 -1.710247763717652747e-01 8.334443771013060054e-02
-9.839120048634422133e-01 -1.567505386460302519e-01 8.571148824307533998e-02
-9.863037024658155572e-01 -1.423696594722456410e-01 8.328211283146702559e-02
-9.873357096549678635e-01 -1.330002670148283939e-01 8.648207605870179837e-02
-9.894702629406061378e-01 -1.142804827935933187e-01 8.881775989663998061e-02
-9.907890860957243584e-01 -1.013808504074514144e-01 8.977156892616117156e-02
-9.920885873580070902e-01 -9.000217875397097111e-02 8.752066657223779578e-02
-9.933095493543973031e-01 -7.239843495452981392e-02 8.997016391280571179e-02
-9.942157711698216271e-01 -5.883144359937862028e-02 8.985480625371480845e-02
-9.949955736596178824e-01 -4.760947695645791761e-02 8.784742804476976252e-02
-9.958247794761557747e-01 -3.241992079749576178e-02 8.533452781945627397e-02
-9.963013645580744981e-01 -2.421365330006824967e-02 8.244582574976110079e-02
-9.962882564920751971e-01 -1.655820042930581174e-02 8.447224576518401473e-02
-9.959725024071264254e-01 -3.791007469059332058e-03 8.957917072990936869e-02
-9.953226795793207460e-01 1.833295149529641510e-02 9.485089615125645579e-02
-9.948536601182138561e-01 3.567896477214960171e-02 9.483265533217029308e-02
-9.941882877893776227e-01 5.480978577093062465e-02 9.265830602837391017e-02
-9.935976991151828086e-01 6.703339425785245775e-02 9.094043108859603541e-02
-9.932780254029870415e-01 7.461129124637443100e-02 8.849827707920250586e-02
-9.926785835656838364e-01 8.428907688715185642e-02 8.651362126465256264e-02
-9.913207079128774080e-01 9.912381338223079374e-02 8.635826005535660044e-02
-9.894875874831092766e-01 1.155803417594480492e-01 8.692251893517440042e-02
-9.877004933053633584e-01 1.307125248939398632e-01 8.580207904550707365e-02
-9.870178575486485695e-01 1.371956671570585262e-01 8.350522830133644270e-02
-9.850726525897204322e-01 1.490702509409267407e-01 8.608109542487021870e-02
-9.824448998025689939e-01 1.631685924269335730e-01 9.043260071740567840e-02
-9.798663474578421795e-01 1.774759064893351723e-01 9.145638176738814240e-02
-9.767476702185680093e-01 1.939775352836957123e-01 9.130569833559465387e-02
-9.748688391950498522e-01 2.046219825454368424e-01 8.809436186151581305e-02
-9.726725594145964049e-01 2.138541001128403951e-01 9.041317433025874983e-02
-9.699862083147411385e-01 2.261419968102737488e-01 8.936766154309831733e-02
-9.672219789127393108e-01 2.386509200093999694e-01 8.676063448331537697e-02
-9.653509203888177570e-01 2.480502466002895701e-01 8.104752298362311036e-02
-9.622752666290387280e-01 2.599035480482450589e-01 8.047659420001682107e-02
-9.595883483074915121e-01 2.689352921183271738e-01 8.284947676493577273e-02
-9.554389706082572209e-01 2.849867969711832316e-01 7.693453822773657635e-02
-9.505585714763808980e-01 3.018886086268537938e-01 7.281273303279976739e-02
-9.483581118707066215e-01 3.097280238641415551e-01 6.845046834751340736e-02
-9.449132421054223796e-01 3.215744863880090065e-01 6.106421070339511370e-02
-9.430088333968920100e-01 3.272942948335532676e-01 6.010663785406209630e-02
-9.418077626446961226e-01 3.314587443929434274e-01 5.597554955737674837e-02
-9.382211570228552455e-01 3.414654806537300580e-01 5.605719583599805961e-02
-9.362748929662708663e-01 3.477529760321431129e-01 4.957030974138328105e-02
-9.338861288858703036e-01 3.547535838767763017e-01 4.479526916547550697e-02
-9.320043862604467932e-01 3.603843843233939248e-01 3.861272565430894088e-02
-9.306069582407909824e-01 3.643471064054903952e-01 3.495566218275759224e-02
-9.280492943397085082e-01 3.712246184367959945e-01 3.027891760412889516e-02
-9.279237310001402506e-01 3.718127436075804315e-01 2.669936403433458005e-02
-9.275616083893303276e-01 3.720168369156243715e-01 3.511351163803491660e-02
-9.262375686450460277e-01 3.754311882184604432e-01 3.369587982938415660e-02
-9.238459134631652470e-01 3.816686682762198135e-01 2.894440567686253768e-02
-9.201677643205914414e-01 3.905934646402920984e-01 2.698246975142041745e-02
-9.178419539158075846e-01 3.962088451920838250e-01 2.418101398742051114e-02
-9.169023753159241119e-01 3.984684465943708620e-01 2.264848799223176390e-02
-9.157271520881142823e-01 4.013483424259732257e-01 1.906079085231042816e-02
-9.173341346171103305e-01 3.976821997704758083e-01 1.862729847351411727e-02
-9.160400874429207585e-01 4.008058145765742153e-01 1.500932983887081143e-02
-9.142367950717469327e-01 4.049212755588281198e-01 1.448674933831425350e-02
-9.134162355896588981e-01 4.069150521402580822e-01 9.536439768750773829e-03
-9.132037755095420151e-01 4.074490225084106410e-01 6.646897488342455584e-03
-9.146455070028635115e-01 4.042233022799754383e-01 5.209723501631581197e-03
-9.154933503649191895e-01 4.023092561633851982e-01 4.382996702042551811e-03
-9.155758800758669880e-01 4.021427554001006932e-01 1.426510087376009830e-03
-9.136073521441250289e-01 4.065864680100675366e-01 3.012137251900083058e-03
-9.129454988223348888e-01 4.080807272904283800e-01 8.117915141284499578e-04
-9.129332840873798371e-01 4.080988328352038730e-01 -2.860815896789356376e-03
-9.131199977409212298e-01 4.076395916884919535e-01 -6.469610184823261501e-03
-9.117202807367204009e-01 4.106170473652882014e-01 -1.264092188086457687e-02
-9.135903651844979878e-01 4.062355418455974032e-01 -1.803751844705684532e-02
-9.138686820715369308e-01 4.056020199506998880e-01 -1.819495066094774585e-02
-9.139726599917971095e-01 4.051385632923036328e-01 -2.273200903797598094e-02
-9.144029486199015677e-01 4.040624769827128038e-01 -2.451091955618300150e-02
-9.165165636845705732e-01 3.990890729816269911e-01 -2.693182726878755665e-02
-9.206084257174561580e-01 3.898464368414517045e-01 -2.235855528264094408e-02
-9.195483267210792233e-01 3.920293916635119724e-01 -2.727368226530312023e-02
-9.219409988453128868e-01 3.863227654175287462e-01 -2.792021538800120231e-02
-9.232546646133557022e-01 3.831510926913236914e-01 -2.821501919358617577e-02
-9.234117407510052944e-01 3.829510681282418672e-01 -2.567604592099064983e-02
-9.247995103297895758e-01 3.794894501947596588e-01 -2.708589649072388680e-02
-9.251531999128590478e-01 3.784198433276766971e-01 -2.983289785509541520e-02
-9.268075830072390886e-01 3.741687466678402241e-01 -3.202305534095846451e-02
-9.277769192415308286e-01 3.712705431448815041e-01 -3.725848858380088890e-02
-9.318299324270068462e-01 3.606735364433974467e-01 -4.009489202215781034e-02
-9.336661587481989155e-01 3.548663231465038481e-01 -4.834687338523835365e-02
-9.356421927475493394e-01 3.490799032251226675e-01 -5.212419757671869075e-02
-9.388523381444319194e-01 3.403213666087230305e-01 -5.232282733173001382e-02
-9.414005264627975933e-01 3.329950293882961709e-01 -5.365988193840048881e-02
-9.433132960260004474e-01 3.265689093858182845e-01 -5.926885284036935431e-02
-9.451572793758673541e-01 3.195694787819849392e-01 -6.747658604048822895e-02
-9.484916082915039182e-01 3.085828982093603012e-01 -7.169580510394991946e-02
-9.525732758470595307e-01 2.945166194439102214e-01 -7.657767200481706282e-02
-9.547050406080394014e-01 2.866371564321270604e-01 -7.985894438016742647e-02
-9.569022157023459041e-01 2.790794782786705786e-01 -8.032944307924512473e-02
-9.603360735519347324e-01 2.658562092365432949e-01 -8.411377407825695873e-02
-9.643855771251997888e-01 2.504669827451249664e-01 -8.501043716897570268e-02
-9.674820367525610587e-01 2.354130639448342166e-01 -9.251607455261783020e-02
-9.720977869132619853e-01 2.137191601957564580e-01 -9.669560663751113061e-02
-9.753356144960870777e-01 1.989176349219442530e-01 -9.566734324786632659e-02
-9.783372498042323118e-01 1.847346388809716911e-01 -9.343107329036325071e-02
-9.807209125338128830e-01 1.705790702604166598e-01 -9.533781606070937387e-02
-9.832237830068178974e-01 1.517926133195686145e-01 -1.011435734230397843e-01
-9.854880885392949263e-01 1.363558410896307804e-01 -1.010956938638380848e-01
-9.877737800645323141e-01 1.194972833138754631e-01 -1.001168612778729206e-01
-9.895004012917355540e-01 1.011216796103463766e-01 -1.032636889801783336e-01
-9.904473502150634712e-01 8.619365216529867313e-02 -1.076323780913597816e-01
-9.919037733988342875e-01 6.820261341228840701e-02 -1.071229936353650658e-01
-9.930881584102640991e-01 4.863920687839071166e-02 -1.068183742335711006e-01
-9.942220813755666686e-01 3.408192263658104543e-02 -1.017885198631424959e-01
-9.953810420007460635e-01 1.914985955120219324e-02 -9.407385688684288816e-02
-9.948121791826186611e-01 5.296880907879143729e-03 -1.015908373521367397e-01
-9.944277818578087791e-01 -8.968025831429801004e-03 -1.050380337085153187e-01
-9.947160474154553844e-01 -2.439984532316116089e-02 -9.972291427190690949e-02
-9.940287275856107829e-01 -4.019014676404933373e-02 -1.014478595073129014e-01
-9.928449821092637517e-01 -5.902995019827379092e-02 -1.037994886399672828e-01
-9.915630139955788902e-01 -7.344378844219848212e-02 -1.068121101137093215e-01
-9.897655341571195420e-01 -8.847502662963668829e-02 -1.119659990027754987e-01
-9.876892901278283565e-01 -1.093683650177057209e-01 -1.118412033411644163e-01
-9.869065841749793400e-01 -1.211621209236435626e-01 -1.064667189833032740e-01
-9.857188858223646655e-01 -1.345786842886220469e-01 -1.012268869895340540e-01
-9.839654319928119452e-01 -1.494244336969998144e-01 -9.738785268380764637e-02
-9.798521012037760824e-01 -1.732047906027870121e-01 -9.944841396136697154e-02
-9.773581510813613704e-01 -1.861662616830559169e-01 -1.005643792223247374e-01
-9.759937998425408656e-01 -1.968264249415716816e-01 -9.324959941538774055e-02
-9.741643809999601666e-01 -2.072958899597211191e-01 -8.962253820262558457e-02
-9.710361156493785284e-01 -2.217023475051989878e-01 -8.908960507826077513e-02
-9.695020675038762414e-01 -2.310952105126605483e-01 -8.161354470284180873e-02
-9.673303809650981577e-01 -2.405435563738288762e-01 -8.006720538265175990e-02
-9.642434907584442882e-01 -2.535274183474779952e-01 -7.719044286168937063e-02
-9.614018288023508108e-01 -2.635711668658883844e-01 -7.897334645867859493e-02
-9.597283372355388531e-01 -2.689972497141936425e-01 -8.100632248538403024e-02
-9.583609562180301911e-01 -2.754335503367192906e-01 -7.537017057626040073e-02
-9.549444891542454572e-01 -2.880009573526708389e-01 -7.166935782877333072e-02
-9.522894733610666185e-01 -2.965759882167472439e-01 -7.202407798300346220e-02
-9.506673319237640696e-01 -3.031679752076243961e-01 -6.573300760618068506e-02
-9.484071691069505539e-01 -3.107157867361188264e-01 -6.308380881904337989e-02
-9.472294549997192226e-01 -3.145703386889133202e-01 -6.165944420346199800e-02
-9.455582087741964958e-01 -3.200329865607444146e-01 -5.914885232302406759e-02
-9.425276643190411141e-01 -3.293769552869161843e-01 -5.614667220589670410e-02
-9.388116252747308321e-01 -3.386697909488580738e-01 -6.273380834243867665e-02
-9.357666947372667021e-01 -3.474032180228939781e-01 -6.042948599035165291e-02
-9.327312591274893316e-01 -3.556697273536970072e-01 -5.925764856042632645e-02
-9.308056563560282992e-01 -3.615786447857600172e-01 -5.349522536583668775e-02
-9.281483230465528145e-01 -3.687240324924722645e-01 -5.082620967406664692e-02
-9.264215474116133109e-01 -3.732372621828546899e-01 -4.936687021814514797e-02
-9.241990762978254947e-01 -3.788350213890294693e-01 -4.837477841597372791e-02
-9.214021548709032672e-01 -3.858996506664632564e-01 -4.582088812456099058e-02
-9.195903530492358646e-01 -3.901622369753322550e-01 -4.611980700124736904e-02
-9.153958552950294258e-01 -3.997819023053035270e-01 -4.716867533161173132e-02
-9.127742141858883329e-01 -4.056321947015246177e-01 -4.801855694883592346e-02
-9.100449089647213441e-01 -4.124427763234076449e-01 -4.134302023246286262e-02
-9.067929745725871182e-01 -4.195175822966061840e-01 -4.161159467940227230e-02
-9.041295204265518137e-01 -4.252060778523202300e-01 -4.182854353711488310e-02
-9.002627610447596629e-01 -4.332702269534861039e-01 -4.247230793096386930e-02
-8.956713960074559333e-01 -4.430370728152344117e-01 -3.861253346316201318e-02
-8.922476790838974603e-01 -4.502925034618445732e-01 -3.362685825555516983e-02
-8.922815471127827358e-01 -4.502413918854299424e-01 -3.341189632184671243e-02
-8.895889987806189225e-01 -4.560618286935652077e-01 -2.527936882465748811e-02
-8.867750116575063846e-01 -4.617558977315254221e-01 -2.028778739765036560e-02
-8.852019503213329754e-01 -4.649151713065183822e-01 -1.647468660577634803e-02
-8.858643892893033334e-01 -4.636305320386219786e-01 -1.705984189907712792e-02
-8.855627960025063139e-01 -4.642224861790268942e-01 -1.661452122772549139e-02
-8.836470437082173390e-01 -4.680330076365453729e-01 -1.063157338470588353e-02
-8.826976991550167240e-01 -4.699212203399985577e-01 -4.340853800210238769e-03
-8.806214897511083217e-01 -4.737519966855249787e-01 -8.053690631903422451e-03
-8.800079700627656543e-01 -4.749365594417196412e-01 -4.611034692401438234e-03
-8.796843491805653725e-01 -4.755565633737295350e-01 1.193901722846996485e-03
-8.766627390607514281e-01 -4.811045450888111197e-01 9.397879100604097143e-04
-8.755070333768705249e-01 -4.832043859783736739e-01 9.901728155252982177e-04
-8.764008410823627138e-01 -4.815611479175957998e-01 4.522299451050810007e-03
-8.768543154836337949e-01 -4.807242431888653078e-01 5.544011204065372837e-03
-8.748571964085676278e-01 -4.842882501031958165e-01 9.476357807614877241e-03
-8.750404073678760275e-01 -4.838975802599995713e-01 1.214256788689311098e-02
-8.749633702730225115e-01 -4.840041555355544811e-01 1.338292825725757168e-02
-8.785939044894062189e-01 -4.771975789982083604e-01 1.884798015843804769e-02
-8.825299572628692024e-01 -4.698165013503473597e-01 2.033111904794158292e-02
-8.839641345342746925e-01 -4.670035379133852804e-01 2.269645967828644306e-02
-8.840465766341250031e-01 -4.667276969466619407e-01 2.503861223061194449e-02
-8.853473171095559424e-01 -4.640675346487410091e-01 2.831035625666192615e-02
-8.889109181113518110e-01 -4.568034567419543834e-01 3.417610787970030983e-02
-8.913508338992218727e-01 -4.516385100090948845e-01 3.894062340930162791e-02
-8.946671765119429409e-01 -4.448068696855133064e-01 4.144293571981195329e-02
-8.978852603850647762e-01 -4.379682702810857586e-01 4.456319611194052566e-02
-9.008552127008183641e-01 -4.306917579300424959e-01 5.444741375582079490e-02
-9.016475112517268187e-01 -4.283992162954181615e-01 5.921066182606316008e-02
-9.047664241220143566e-01 -4.221197793668919340e-01 5.668011279694527838e-02
-9.089141216980591853e-01 -4.125273395637295004e-01 6.079752761689953544e-02
-9.114221984408800159e-01 -4.067277532847727306e-01 6.230679546156214083e-02
-9.163293573710534767e-01 -3.953998582099981784e-01 6.324149694233484331e-02
-9.212041253582025080e-01 -3.844123578581383760e-01 6.008431182425211931e-02
-9.252270764195338337e-01 -3.741421139168952803e-01 6.302826115037507559e-02
-9.285516152162052173e-01 -3.652903351324387482e-01 6.599162926578001909e-02
-9.307804358196569705e-01 -3.587757469812691835e-01 7.019807589042069418e-02
-9.333780636479672710e-01 -3.523106419187847504e-01 6.842973028659349310e-02
-9.365137263826086578e-01 -3.436028152402164637e-01 6.985106855083432487e-02
-9.403169648339289033e-01 -3.311616385099321325e-01 7.833263611106032476e-02
-9.423543253534332198e-01 -3.251845599617254057e-01 7.888824068831172542e-02
-9.448889028527136524e-01 -3.175849111820218673e-01 7.952869019286884500e-02
-9.476012285554409331e-01 -3.080908381150342934e-01 8.445101679782245074e-02
-9.516079961428640654e-01 -2.943608494277687448e-01 8.828328966237657116e-02
-9.531334489145594224e-01 -2.893158333042630814e-01 8.850426204165982857e-02
-9.573033168597886444e-01 -2.732382758897446973e-01 9.439932011037920068e-02
-9.601046410816108656e-01 -2.625341481241984520e-01 9.630642146214174470e-02
-9.633580390090032974e-01 -2.503809164170796575e-01 9.618062662417928288e-02
-9.668294873302746284e-01 -2.360500324823997242e-01 9.757639182587792004e-02
-9.701742565796357409e-01 -2.194628009910291333e-01 1.029466800993608933e-01
-9.739402375068757500e-01 -2.035681274215359049e-01 1.000022949602683564e-01
-9.760538281723508680e-01 -1.946544234508963966e-01 9.710101676999732812e-02
-9.789617456230907955e-01 -1.804685981508069859e-01 9.521036190205869887e-02
-9.811891638495515711e-01 -1.657671778359155468e-01 9.893985630908168349e-02
-9.837794501198261488e-01 -1.466657522025287264e-01 1.032820361760511119e-01
-9.858129330366084409e-01 -1.356542469199282785e-01 9.884743042123862733e-02
-9.873693137507564277e-01 -1.238822005491289485e-01 9.876774166130905530e-02
-9.888002120499346237e-01 -1.158304289603646064e-01 9.411418824744743894e-02
-9.907416791000741574e-01 -9.981553122358545471e-02 9.202071992946096735e-02
-9.919648350750395194e-01 -8.749852084715538381e-02 9.137725465500155797e-02
-9.929740488879018612e-01 -7.452657811036136892e-02 9.191493511860493459e-02
-9.939187879130590986e-01 -5.610351079398935570e-02 9.475160892210109098e-02
-9.948335066762962198e-01 -3.650934853909050537e-02 9.472797762464760241e-02
-9.947681032664719147e-01 -2.180077896519096864e-02 9.980568917498906789e-02
-9.949122562564212124e-01 -7.198571529531584343e-03 1.004878688952304117e-01
-9.952162377339776045e-01 4.189725818941846675e-03 9.760694149816963316e-02
-9.948060374380909288e-01 2.028106310979845700e-02 9.974795925042082012e-02
-9.947487449798996240e-01 3.418731324061213134e-02 9.646859814580585613e-02
-9.937850654410383955e-01 5.489949152475431804e-02 9.683655334810231663e-02
-9.929826853555262511e-01 6.922650176131255051e-02 9.588068874374944262e-02
-9.917258940167495984e-01 8.575401438680602118e-02 9.553024950056679399e-02
-9.897851302026114961e-01 1.025283470702714334e-01 9.906241815509250759e-02
-9.877665046024006745e-01 1.187608431951769211e-01 1.010604929996309631e-01
-9.854482920581461025e-01 1.350750256370386870e-01 1.031815405520941920e-01
-9.826763309891708431e-01 1.515679048025777020e-01 1.066509645989869581e-01
-9.796053607599943813e-01 1.717198578387016672e-01 1.043343523651360377e-01
-9.776367131771906971e-01 1.847416781526542984e-01 1.004838221397022502e-01
-9.754310416760753055e-01 1.963225553160638515e-01 9.995882289901408813e-02
-9.719694262139344509e-01 2.129298239085107569e-01 9.968126013058642432e-02
-9.683500895588468271e-01 2.306280809218025085e-01 9.544014345775651831e-02
-9.656879491587933018e-01 2.436796254911408610e-01 8.981677560056711140e-02
-9.629276158815124331e-01 2.558753081230942805e-01 8.542985975598137161e-02
-9.596245952454174333e-01 2.704487398566227663e-01 7.731844488583936026e-02
-9.568541721485301910e-01 2.792345715556730501e-01 8.036276503339243038e-02
-9.542614086051951494e-01 2.890734961781122880e-01 7.630009541839484488e-02
-9.517766574370317700e-01 2.986660100295407405e-01 7.014153692035164644e-02
-9.496013021896607675e-01 3.064366902529412351e-01 6.598445297431282386e-02
-9.483338693367450167e-01 3.107451510627691205e-01 6.403397236202092169e-02
-9.464414271751826480e-01 3.175258831700145112e-01 5.853173870820714553e-02
-9.428692375357228261e-01 3.290896378175536263e-01 5.193878225736926063e-02
-9.399760387390384553e-01 3.378367619437504521e-01 4.807696609035034402e-02
-9.366619586597465519e-01 3.467921093533700705e-01 4.898605848212636560e-02
-9.354895612998801457e-01 3.501760040797192164e-01 4.728713015664618574e-02
-9.325842402489420424e-01 3.580040282568240362e-01 4.604102921488147787e-02
-9.305897003849464832e-01 3.634932221553894283e-01 4.330718947161135007e-02
-9.289027868438040070e-01 3.679946173105995144e-01 4.146805848007018014e-02
-9.273085941181471448e-01 3.719748923435695631e-01 4.163503800898585294e-02
-9.241519483527699252e-01 3.802392256106534307e-01 3.689624872739995232e-02
-9.230464680855652304e-01 3.833446605120950368e-01 3.212653864656001695e-02
-9.217203743643483937e-01 3.866603648007456151e-01 3.041938893361027102e-02
-9.183764559121011528e-01 3.948398272488319316e-01 2.619582925555686073e-02
-9.181952685747353238e-01 3.954459493385533708e-01 2.323736953347788764e-02
-9.176950852530131320e-01 3.965609770182749738e-01 2.398223171039332371e-02
-9.153862288890036725e-01 4.018980173334594785e-01 2.336794946780057849e-02
-9.150712133670132475e-01 4.028454253019502218e-01 1.898060141183120775e-02
-9.130629691672664805e-01 4.073425802374920912e-01 1.969929251425875383e-02
-9.104171489192091071e-01 4.132665510558137245e-01 1.874561708578213748e-02
-9.080833351936720144e-01 4.184656920780018829e-01 1.646651968970970492e-02
-9.087558485420035304e-01 4.171637467664273680e-01 1.171501497074173281e-02
-9.079600562997326429e-01 4.190038293732337715e-01 6.659772054744259040e-03
-9.074223541865104048e-01 4.202056527244800166e-01 3.450502755957212449e-03
-9.084326908896098729e-01 4.180255695234085245e-01 -2.166771075595130911e-03
-9.084376121449405650e-01 4.179555545395242100e-01 -7.367824977938159520e-03
-9.081439802740490785e-01 4.185318828955369441e-01 -1.027617016914558756e-02
-9.087968562923950389e-01 4.169873920034750103e-01 -1.448497561020995091e-02
-9.074068433971570480e-01 4.201192981373457758e-01 -1.061233003997451817e-02
-9.065268614264623270e-01 4.219376262580225578e-01 -1.333096802528059913e-02
-9.061842429147464184e-01 4.224949218258138295e-01 -1.811586586229156290e-02
-9.067220378117655244e-01 4.211549069100127274e-01 -2.199354952988172990e-02
-9.072436460424658788e-01 4.197284629825776547e-01 -2.714792464808508596e-02
-9.099057429186325763e-01 4.136916359775155705e-01 -3.050893531680634943e-02
-9.124298449095392671e-01 4.080722735729255257e-01 -3.080297831677472967e-02
-9.148989538079199679e-01 4.021577488044882354e-01 -3.505817143167252320e-02
-9.164714857399964831e-01 3.982765526038034021e-01 -3.815533319817837610e-02
-9.178384036934958967e-01 3.939740096397067459e-01 -4.855070379677392522e-02
-9.196960325816405657e-01 3.895963469276794711e-01 -4.872289524182073922e-02
-9.210697784597140503e-01 3.863010564439945393e-01 -4.901003373167856642e-02
-9.250611560085428842e-01 3.765822896466263225e-01 -4.947386379189408490e-02
-9.270916624895745306e-01 3.710571245964542353e-01 -5.308188123882878057e-02
-9.316042066953422740e-01 3.592663341899943186e-01 -5.514825214359085626e-02
-9.320752005854407995e-01 3.579698914771434204e-01 -5.561837629903242791e-02
-9.347812693723753785e-01 3.513635503624476519e-01 -5.222700891786632299e-02
-9.373658764581013214e-01 3.445507828682923268e-01 -5.128350829306880382e-02
-9.391976778698590822e-01 3.393885194077114198e-01 -5.218410985108530575e-02
-9.401484575161722645e-01 3.358454640760514254e-01 -5.769513683456627129e-02
-9.419292943369856896e-01 3.297621959442851858e-01 -6.345175671723282673e-02
-9.441596728914344316e-01 3.238126868210359222e-01 -6.089238648511809127e-02
-9.447236819738711322e-01 3.216703033226414599e-01 -6.344609910442516876e-02
-9.476499677815226619e-01 3.137244959999475058e-01 -5.946852855692058570e-02
-9.506976042743354727e-01 3.030817583718350416e-01 -6.569277098481828003e-02
-9.541850907434388240e-01 2.902095918782210959e-01 -7.286448845754045500e-02
-9.559713259317551559e-01 2.823864688289537961e-01 -7.985445951556673083e-02
-9.589622778237848477e-01 2.715726975218572536e-01 -8.148403697938821910e-02
-9.612766759805758676e-01 2.647327128513928263e-01 -7.657526572768533213e-02
-9.635241718332364647e-01 2.549953597562308882e-01 -8.123155449475395751e-02
-9.670421487457805387e-01 2.421019208316426419e-01 -7.884269757527428979e-02
-9.703516831657688080e-01 2.278883784388282818e-01 -8.052655792648791278e-02
-9.723574784167348106e-01 2.181664938051522395e-01 -8.321264230796600325e-02
