1.000000000000000000e+00 0.000000000000000000e+00 0.000000000000000000e+00
9.999719468962106061e-01 1.234747998024363037e-03 -7.387889441429497904e-03
9.999209355226850171e-01 2.030954215179934380e-03 -1.240959647260045026e-02
9.996883318768239324e-01 6.001675643163906400e-03 -2.423261775406800045e-02
9.995352000298606265e-01 1.155847491071839220e-02 -2.820968737965873219e-02
9.990967388404692340e-01 2.092358270713423618e-02 -3.698529573814636484e-02
9.983053986482922637e-01 3.319720420795745086e-02 -4.779413794656486858e-02
9.975176526660584075e-01 4.362173276365719637e-02 -5.527820719910123137e-02
9.965634743514021343e-01 5.961676893960279194e-02 -5.750726823497018247e-02
9.961834174674040199e-01 6.426859212714269853e-02 -5.906056491897865995e-02
9.950425224399280788e-01 7.494884520982952880e-02 -6.536859452645345236e-02
9.933494341752945322e-01 8.792639811477012679e-02 -7.433609564312494700e-02
9.915658261232727089e-01 9.857999774549296157e-02 -8.413799494595100570e-02
9.900900958674687669e-01 1.118769503249403552e-01 -8.488318947043216323e-02
9.871496806158652770e-01 1.283628263420192595e-01 -9.517615172041112015e-02
9.841745320102236461e-01 1.483254442382401228e-01 -9.695390843736917397e-02
9.799962625861442511e-01 1.680447443435582888e-01 -1.066222242018936284e-01
9.753166485449199508e-01 1.873117113268739642e-01 -1.169263408511300728e-01
9.711960631438768532e-01 2.025780118957647147e-01 -1.254606234293738631e-01
9.662153351484213948e-01 2.223675158967160781e-01 -1.303097324931655199e-01
9.596835551198938941e-01 2.447174436284347832e-01 -1.382782031964004954e-01
9.525804876073347138e-01 2.674758615565674402e-01 -1.450761626337575549e-01
9.458973127227602307e-01 2.871073680769719028e-01 -1.511543863825541290e-01
9.367918991311746657e-01 3.147065455148876922e-01 -1.529076320738571027e-01
9.270640503304978797e-01 3.389127115261185152e-01 -1.602823672615464323e-01
9.184322300420618701e-01 3.612837627641706795e-01 -1.611095849255530787e-01
9.057071362174938800e-01 3.889681318001909638e-01 -1.685182299911945902e-01
8.968688455943361060e-01 4.077800294350140686e-01 -1.712943070389028322e-01
8.851048176788944843e-01 4.324290993574301245e-01 -1.720306778459448072e-01
8.693787763365484755e-01 4.607075879114541084e-01 -1.786871060184604121e-01
8.550696988613926131e-01 4.877038015937553705e-01 -1.760705309510594840e-01
8.389388529391037519e-01 5.128930643406539591e-01 -1.819954037432386651e-01
8.218157100943774829e-01 5.393945443758935143e-01 -1.835006422744449306e-01
8.041224459386483447e-01 5.643655343244438072e-01 -1.867582872117801440e-01
7.865650643784600771e-01 5.881282020267457611e-01 -1.882037192753651667e-01
7.676829740986389483e-01 6.125958986693276209e-01 -1.881200111213784387e-01
7.473959592625393222e-01 6.367402535827487720e-01 -1.896342585762020028e-01
7.292979972508776276e-01 6.562772308922445452e-01 -1.934545165405183453e-01
7.071326234574635272e-01 6.789091179320512204e-01 -1.976003181855532920e-01
6.856489254642308406e-01 7.024041698867641292e-01 -1.910862524277737173e-01
6.662053099405866874e-01 7.208135834316287127e-01 -1.913067841324986584e-01
6.418106979618265484e-01 7.428471346214839954e-01 -1.904131950910285531e-01
6.206963305391391961e-01 7.601216983621783552e-01 -1.922266665450547141e-01
5.928745849073979723e-01 7.813026331497490151e-01 -1.951049586708810402e-01
5.676827077087510665e-01 8.019553313982326070e-01 -1.860215364009097094e-01
5.424646614685757484e-01 8.197757035843901141e-01 -1.835753494457584012e-01
5.193730300709323844e-01 8.332650004268156163e-01 -1.895286704616219453e-01
4.959776489433224134e-01 8.474147175179405078e-01 -1.894584136214592374e-01
4.735767542037115363e-01 8.601985691603463158e-01 -1.891652760687594359e-01
4.550170092951215106e-01 8.706950006208136195e-01 -1.866809022968021758e-01
4.309020448289009875e-01 8.832603355687171920e-01 -1.848638137768538192e-01
4.088776650060856332e-01 8.923486969060789864e-01 -1.911357645918052572e-01
3.798588161688102316e-01 9.043649797969988136e-01 -1.945026624591810471e-01
3.518469969277746023e-01 9.152629396823941388e-01 -1.962077081681967150e-01
3.209182735195573732e-01 9.261230445332389039e-01 -1.982614208280082113e-01
2.950327443473208522e-01 9.353534776431366993e-01 -1.951142606770437937e-01
2.671923515485040701e-01 9.431893541586892082e-01 -1.974895251757382841e-01
2.411163116588374289e-01 9.509661726421507755e-01 -1.937170262430190359e-01
2.102307890314768501e-01 9.577337012450791720e-01 -1.963394924062359104e-01
1.850460818326788992e-01 9.637357048181766084e-01 -1.922796472655270705e-01
1.625785572256215894e-01 9.676765527690264213e-01 -1.927960731652879345e-01
1.314919268305831668e-01 9.734527516848028306e-01 -1.873489725264827210e-01
1.009496485920185899e-01 9.772258743558127625e-01 -1.866515015220820695e-01
7.166384926168051228e-02 9.801985569070589266e-01 -1.845944368550145043e-01
4.579404528432223787e-02 9.818642333155134239e-01 -1.839716200361784793e-01
1.690987009104064076e-02 9.828360655232616372e-01 -1.837045149725635429e-01
-1.414238644092756167e-02 9.837975551355135906e-01 -1.787243331566063520e-01
-4.796658986384501333e-02 9.819515030566677849e-01 -1.829493800405330162e-01
-7.307513163906791120e-02 9.814777666876575157e-01 -1.770916213946075735e-01
-9.885942523163210316e-02 9.793630526470784581e-01 -1.762805965004607955e-01
-1.243715308669788022e-01 9.768293096004984077e-01 -1.741730337853288346e-01
-1.485718544439604272e-01 9.742587908225932569e-01 -1.695471485999485439e-01
-1.705935205595845161e-01 9.708859923592983998e-01 -1.681614212006452280e-01
-1.985466081250899795e-01 9.665750571604907471e-01 -1.622095170835397004e-01
-2.216960050936963578e-01 9.611870196032836766e-01 -1.642267302970829013e-01
-2.499159983304753418e-01 9.544475454983244456e-01 -1.630088979123404391e-01
-2.740652689909525708e-01 9.480520169048727297e-01 -1.615104508057766119e-01
-3.051334613019278663e-01 9.381128783963064155e-01 -1.638225333985328380e-01
-3.208515218881312081e-01 9.332887598874595181e-01 -1.613270463846378233e-01
-3.402260713906089529e-01 9.264714976116968925e-01 -1.609248543625730055e-01
-3.620079868996680106e-01 9.188943329495873336e-01 -1.567910925635017383e-01
-3.808850883228731554e-01 9.107038825184503583e-01 -1.598280706922007299e-01
-3.998931407138180405e-01 9.035048651771011574e-01 -1.541572542504388854e-01
-4.226693166815276292e-01 8.923767100065755908e-01 -1.581596668450662713e-01
-4.482932368687349567e-01 8.795513285958667105e-01 -1.594448441397517402e-01
-4.701319942830082255e-01 8.673699993438144240e-01 -1.632336254035548495e-01
-4.869770451392281263e-01 8.583387912352917759e-01 -1.615793961876481888e-01
-5.128742922028295403e-01 8.443981745530730887e-01 -1.547633887922610363e-01
-5.330137551665494744e-01 8.314679719490073451e-01 -1.567079187020443409e-01
-5.538161593944969097e-01 8.185154460439229007e-01 -1.527093640466963553e-01
-5.705901833322689631e-01 8.072325202793980692e-01 -1.510050480096905012e-01
-5.857438960911104386e-01 7.970322919753918267e-01 -1.471177669362879747e-01
-6.008375215204266873e-01 7.852066152942123178e-01 -1.498161135446264003e-01
-6.146490254056481417e-01 7.757802535201321348e-01 -1.427291060668518241e-01
-6.321916301245995573e-01 7.628138388286673788e-01 -1.358264087567728207e-01
-6.448275177003710557e-01 7.518425195864160138e-01 -1.375875050211805006e-01
-6.623020301075804861e-01 7.366567644156869488e-01 -1.367218183359917849e-01
-6.771129483067470645e-01 7.230532708823947941e-01 -1.367919805850327519e-01
-6.883227170396333250e-01 7.127655847751978024e-01 -1.348224081486400494e-01
-7.026411937756057435e-01 6.983677097315346138e-01 -1.363008378206978233e-01
-7.154382822068821035e-01 6.845736578530750016e-01 -1.396674445410390486e-01
-7.306629787836316225e-01 6.679967861596819434e-01 -1.411096349612114276e-01
-7.403917161725551699e-01 6.552616894149589921e-01 -1.498407459395264818e-01
-7.521479452650481345e-01 6.399126748449597279e-01 -1.574333564273407704e-01
-7.665767551181325024e-01 6.205739821447580074e-01 -1.650697925205431849e-01
-7.803580404840768647e-01 6.006937410937838173e-01 -1.738055906096513115e-01
-7.983126009667544931e-01 5.751756799746097215e-01 -1.785215791395727281e-01
-8.119020854056128167e-01 5.543800663100912907e-01 -1.829693186973036789e-01
-8.274665014265721874e-01 5.300314293345620431e-01 -1.853804167087605148e-01
-8.412893241456655957e-01 5.060105578087247258e-01 -1.902251693644561037e-01
-8.532750550464021089e-01 4.835710251783454372e-01 -1.951429511236981162e-01
-8.657338376049460438e-01 4.600157406391758297e-01 -1.972066639761741458e-01
-8.792148856685716440e-01 4.311470363431685326e-01 -2.027151834004027597e-01
-8.901909045141415122e-01 4.072752114636939980e-01 -2.041741498678069089e-01
-9.000073713359133531e-01 3.871498544751378335e-01 -2.002542119858431446e-01
-9.105364639516706493e-01 3.608861751072280355e-01 -2.017041011603901146e-01
-9.210026118502386838e-01 3.285410520962484537e-01 -2.093203158884263115e-01
-9.312591044794130690e-01 2.984294125223619365e-01 -2.090368259656826821e-01
-9.385301009258329996e-01 2.741606437700592203e-01 -2.097551422562328183e-01
-9.471023970922348711e-01 2.472416481034890867e-01 -2.046182895847539762e-01
-9.541725684492474713e-01 2.197483004576489540e-01 -2.031389215094311085e-01
-9.614404478779667862e-01 1.857551812371824873e-01 -2.027986812090546154e-01
-9.667446036512650220e-01 1.550653206105497839e-01 -2.033707083886847899e-01
-9.725531483778027120e-01 1.271059985770738310e-01 -1.948960328439947598e-01
-9.771971978785801705e-01 9.905107807351611060e-02 -1.878151841250344511e-01
-9.803988555498549529e-01 7.528301010463189780e-02 -1.820729914574039376e-01
-9.835580171706898023e-01 5.021308391307227614e-02 -1.734713043618285322e-01
-9.853009928174518706e-01 2.107110256519161007e-02 -1.695228072404753039e-01
-9.860996965488888488e-01 -3.188499149289793222e-04 -1.661544655653954261e-01
-9.866363950583287856e-01 -2.079905465399954287e-02 -1.616045874306109020e-01
-9.863561501833463252e-01 -4.006791783183720479e-02 -1.596750643510935763e-01
-9.872906504084277834e-01 -5.350088925757492259e-02 -1.496490725413534839e-01
-9.873482642836594048e-01 -7.034068998660475414e-02 -1.421112613111636391e-01
-9.870931001629569268e-01 -8.664715741388978598e-02 -1.346829600866591981e-01
-9.858470330124813330e-01 -1.016088873704676931e-01 -1.333464638759792598e-01
-9.852715455404947864e-01 -1.168906484200963186e-01 -1.248061512721809901e-01
-9.842123680428654930e-01 -1.344632585569457972e-01 -1.150898009782270887e-01
-9.828337899839170166e-01 -1.470968306968772898e-01 -1.113565405109419038e-01
-9.803508624562541351e-01 -1.663763257451687516e-01 -1.059769775994430646e-01
-9.785903204289289059e-01 -1.801485197900578039e-01 -9.953647908143774259e-02
-9.776627831712995098e-01 -1.895187546978700788e-01 -9.087430183066530498e-02
-9.763481997814293933e-01 -2.013823732806943601e-01 -7.867239837419469362e-02
-9.732619198861089949e-01 -2.169195667395958371e-01 -7.554568509013449840e-02
-9.718485870332721488e-01 -2.246118497976016259e-01 -7.113265318357198108e-02
-9.681436601101838235e-01 -2.419740977265766035e-01 -6.439256414222484237e-02
-9.673009438565899343e-01 -2.469937564221302007e-01 -5.764530425515054096e-02
-9.650905926485927600e-01 -2.570510593331588045e-01 -5.024851818732763153e-02
-9.640408048876062397e-01 -2.615145170931193475e-01 -4.728103723731878760e-02
-9.649361779303342601e-01 -2.599407084893391451e-01 -3.645563425338958774e-02
-9.645924966423370384e-01 -2.620578498411333390e-01 -2.978273753979334207e-02
-9.640794969991868246e-01 -2.645007119200534773e-01 -2.429216979688774564e-02
-9.627604762715380460e-01 -2.698987802754400089e-01 -1.571387867115636369e-02
-9.622378999927079235e-01 -2.716798022194777396e-01 -1.698002202635349317e-02
-9.624079406445097407e-01 -2.714366442395771961e-01 -9.649674801427358950e-03
-9.634809857969905966e-01 -2.677741814855578717e-01 -1.179054090816542347e-03
-9.645754391533556404e-01 -2.637675803794554130e-01 4.571447057935554975e-03
-9.645904384914844032e-01 -2.634196481973663517e-01 1.324338920626570541e-02
-9.660569557282753239e-01 -2.576477799555995096e-01 1.875079471096681438e-02
-9.673759307513964956e-01 -2.523082360287492998e-01 2.289924263930042184e-02
-9.701998528205456607e-01 -2.398935962243789466e-01 3.410749854399380138e-02
-9.730792173213224094e-01 -2.276439849685296668e-01 3.598703088677156908e-02
-9.742892721825193725e-01 -2.209249062988436485e-01 4.418838725203165507e-02
-9.767947715443088263e-01 -2.099151811483130070e-01 4.251593370634873525e-02
-9.771917665432898747e-01 -2.089736423044228075e-01 3.776614674026505802e-02
-9.785874744742055764e-01 -2.019459418007014395e-01 3.980458712400123528e-02
-9.803479757433501973e-01 -1.938579862132278064e-01 3.656420741575951150e-02
-9.823847826379936699e-01 -1.837493085466707365e-01 3.400505799010532931e-02
-9.824269340165557862e-01 -1.824373649328837610e-01 3.942005587138201067e-02
-9.840858238611261966e-01 -1.728105674354006582e-01 4.137164118143656782e-02
-9.845878122882955052e-01 -1.696053893647838096e-01 4.267160004984733163e-02
-9.858866279098109642e-01 -1.598405915259885346e-01 4.978510058485562800e-02
-9.859432011351919600e-01 -1.576782224281964295e-01 5.525935627382008025e-02
-9.868626621438787438e-01 -1.509843878873510237e-01 5.749621663265128829e-02
-9.881723286916751503e-01 -1.416504468913283021e-01 5.874192704427504130e-02
-9.893162550501974906e-01 -1.323012949814709460e-01 6.123503256595674155e-02
-9.904861784115609469e-01 -1.232705931866379667e-01 6.116784778582422255e-02
-9.919416100405443748e-01 -1.109168396879972318e-01 6.123162025321072371e-02
-9.927215529268664795e-01 -1.047311257551024610e-01 5.945859031648425413e-02
-9.937097879572570625e-01 -9.358128038443692953e-02 6.150947684616719230e-02
-9.935484853331342237e-01 -9.119116853429533320e-02 6.742101028325117595e-02
-9.947319533251673951e-01 -7.943327399139386846e-02 6.479745654809111743e-02
-9.954139525905542074e-01 -7.105274986775725332e-02 6.405141718838433529e-02
-9.961531403584499289e-01 -5.881901769576793754e-02 6.495581964503610584e-02
-9.967573106872760214e-01 -5.260390924351895925e-02 6.089094025090648760e-02
-9.972279494592747318e-01 -4.244590135413676968e-02 6.111281835021125514e-02
-9.972666825309773886e-01 -3.424816125056769078e-02 6.546939678621885306e-02
-9.978323925499877900e-01 -2.334522861321769102e-02 6.152666941556819702e-02
-9.978047635954155892e-01 -1.332988814488602312e-02 6.486896398443314782e-02
-9.978531667671775018e-01 -3.342395746386516570e-03 6.540566245473362905e-02
-9.980609552608965540e-01 4.312172943628159519e-03 6.209467972582378287e-02
-9.982700496086243103e-01 1.064912003435867713e-02 5.782316716673933238e-02
-9.983319981457965397e-01 2.309879670630819726e-02 5.291201427455197170e-02
-9.981322156816050395e-01 2.929706231825263130e-02 5.360761474443573316e-02
-9.977087176136715252e-01 3.956193399915530762e-02 5.488335332119461535e-02
-9.975600022489331531e-01 4.139071526943764040e-02 5.622156975301468435e-02
-9.972684600507260022e-01 4.931610160727015885e-02 5.498686175635215945e-02
-9.972808249126543512e-01 5.704799226734948159e-02 4.665294014139136081e-02
-9.963427567276061936e-01 6.626230846476283132e-02 5.394841886235592077e-02
-9.960963422073566553e-01 6.993829433764332804e-02 5.385839144271473145e-02
-9.954702262634896881e-01 7.494438359871838373e-02 5.850113147895014132e-02
-9.950642227214774316e-01 7.998904460139041883e-02 5.872784525307752496e-02
-9.949403768598963360e-01 8.379422104145120564e-02 5.542733467090826122e-02
-9.943823456571042607e-01 8.884746634113983854e-02 5.753166866710944516e-02
-9.937472668527416175e-01 9.809879235319324264e-02 5.331989223048541615e-02
-9.926839900967669994e-01 1.079623473367783554e-01 5.406146275489231295e-02
-9.914030740317314461e-01 1.173227006760606123e-01 5.792532441249435143e-02
-9.904754369369230815e-01 1.255726113262599641e-01 5.647957580028811764e-02
-9.902607845625531757e-01 1.290368446704157346e-01 5.227892136842211129e-02
-9.894673387210908277e-01 1.362171203880114811e-01 4.898260974261441081e-02
-9.885202728483111212e-01 1.430503418950490602e-01 4.862390535404801511e-02
-9.873073352250025803e-01 1.501536754759461856e-01 5.175049733648016265e-02
-9.859215478681677691e-01 1.600863968396786241e-01 4.828106468781034194e-02
-9.840749639187483799e-01 1.698395539763661588e-01 5.245003233261733705e-02
-9.812864720749765457e-01 1.855641689402942884e-01 5.140830152888951898e-02
-9.781437230393751348e-01 2.012416928367513347e-01 5.231302679735588823e-02
-9.771942559518537186e-01 2.050437471831688951e-01 5.521288421502191374e-02
-9.754817519658014469e-01 2.138556605654358678e-01 5.197232607876976773e-02
-9.740779922596143336e-01 2.202560464861892109e-01 5.156892110655880712e-02
-9.737123342350842981e-01 2.242648048882921463e-01 3.986980845849345811e-02
-9.716000970393949832e-01 2.333636425744184950e-01 3.917493979098071732e-02
-9.709157492784230570e-01 2.372075879994929581e-01 3.248356507855901937e-02
-9.698145024135954584e-01 2.423293072556166328e-01 2.713579971989804607e-02
-9.698153333604592197e-01 2.420213612312240303e-01 2.973035089302956957e-02
-9.681469161966073100e-01 2.484997496556295427e-01 3.065023646993436657e-02
-9.666589971131934744e-01 2.540352434265468196e-01 3.219460107176388280e-02
-9.655053375449946795e-01 2.588101245297971809e-01 2.857930005161323297e-02
-9.645923670216605128e-01 2.623857279105480389e-01 2.674526168835023726e-02
-9.629524496802227551e-01 2.687077662475605977e-01 2.277563694583210202e-02
-9.623777452128311483e-01 2.711739996686372556e-01 1.713916465531150485e-02
-9.628593891356329593e-01 2.691080147050697868e-01 2.197013193565878347e-02
-9.629957929591079768e-01 2.686941326149691611e-01 2.103757034665081072e-02
-9.622661966128234212e-01 2.710607961724893489e-01 2.387101215138001664e-02
-9.607911528851307281e-01 2.765215776991426511e-01 2.040076458861387471e-02
-9.589503953425527749e-01 2.827285946865241151e-01 2.187909066894636739e-02
-9.593394866984930047e-01 2.819085591612636166e-01 1.397595072759137691e-02
-9.570601256935851175e-01 2.894880196099138270e-01 1.525175377019374542e-02
-9.564369477382517193e-01 2.914778553933414784e-01 1.640239351760047759e-02
-9.577767027592964943e-01 2.870250177516240897e-01 1.674635834704946841e-02
-9.558990573924015521e-01 2.933531919451378700e-01 1.417428796884967132e-02
-9.562200477441443747e-01 2.924671022877575743e-01 1.030669669880075398e-02
-9.572067163229968090e-01 2.891938223639169969e-01 1.105662441382782718e-02
-9.570707622134835280e-01 2.897484562970079058e-01 7.835929639807250741e-03
-9.578728434162601113e-01 2.871032796040323687e-01 7.164934526584628739e-03
-9.580669773824475044e-01 2.865413277585499019e-01 -1.322130644344841725e-03
-9.576308158514654778e-01 2.879548196267694982e-01 -5.025539626359575192e-03
-9.569198642248877285e-01 2.902636090592177753e-01 -7.171076531281045385e-03
-9.586377669551752190e-01 2.845294127696831321e-01 -7.527195489174812182e-03
-9.576906026511629033e-01 2.877348843750495710e-01 -6.112248126473989948e-03
-9.579530743351462041e-01 2.866419048084400401e-01 -1.274125315165258385e-02
-9.592983918939643750e-01 2.817136491957784039e-01 -1.959665997025258899e-02
-9.600600589959040754e-01 2.789809695313190119e-01 -2.131468276853476160e-02
-9.614517575026650942e-01 2.738473130418150325e-01 -2.486324872475215858e-02
-9.629334944690818299e-01 2.683900810468858311e-01 -2.694185797152050602e-02
-9.653939877590541618e-01 2.592047707224803821e-01 -2.876368360652808986e-02
-9.672910179701008637e-01 2.516461221973635976e-01 -3.197389883606867322e-02
-9.688308887509272660e-01 2.452710535226484967e-01 -3.476828909642371707e-02
-9.710379829063301438e-01 2.369349629317098471e-01 -3.077455996636693780e-02
-9.725055760728038567e-01 2.307193633495692731e-01 -3.164639566922095026e-02
-9.724749233206585464e-01 2.304709764347460943e-01 -3.428800111891448787e-02
-9.744793646131996168e-01 2.212927758534168621e-01 -3.767611993862079317e-02
-9.763383165440979727e-01 2.122019699375780888e-01 -4.163928992486549963e-02
-9.773045748097830554e-01 2.076602743916738103e-01 -4.186876353024247127e-02
-9.791227614775035448e-01 1.987925144799531640e-01 -4.242839908851864933e-02
-9.804609219346857030e-01 1.912618040743108982e-01 -4.599258458015013928e-02
-9.822273763432824989e-01 1.819472954871828585e-01 -4.609314273949678686e-02
-9.831548672636357677e-01 1.762235835967545239e-01 -4.849505756141132135e-02
-9.847065407665117620e-01 1.667176460803266869e-01 -5.057934601217396048e-02
-9.861721708835775591e-01 1.568772339771713764e-01 -5.342282448865547095e-02
-9.864144852213126979e-01 1.540235664961458750e-01 -5.712459842951351369e-02
-9.874611195482073667e-01 1.473226161816708069e-01 -5.671507351163928429e-02
-9.881411059819834586e-01 1.423427583055165702e-01 -5.758219577532499439e-02
-9.895880696306448288e-01 1.315451036534842633e-01 -5.840679473284175749e-02
-9.904757488694815315e-01 1.261682289975428750e-01 -5.513061211575015497e-02
-9.910076523015380889e-01 1.200597723632895047e-01 -5.907198739061764875e-02
-9.920548749894432250e-01 1.102374420486244289e-01 -6.062051656122543347e-02
-9.931543022038057389e-01 1.002284813032398719e-01 -5.998999222090724281e-02
-9.942060793653149098e-01 8.756954858756965665e-02 -6.233668258373929738e-02
-9.946086714486837010e-01 7.817522290672800078e-02 -6.813399696893897295e-02
-9.952781256854509317e-01 7.004927498859711554e-02 -6.719053452704078222e-02
-9.953992636199985311e-01 6.013082642745188472e-02 -7.459628985491800757e-02
-9.957436509473283071e-01 4.869092277660461848e-02 -7.825466555080876074e-02
-9.963578321657829973e-01 3.586437603572620314e-02 -7.736170743669057437e-02
-9.967788447602143886e-01 2.329690873651868444e-02 -7.674115981138537879e-02
-9.965562836932148061e-01 1.481133342264012547e-02 -8.158562997084889412e-02
-9.964564941411548915e-01 5.825683446189161910e-03 -8.390789025514708288e-02
-9.964618429495317731e-01 -9.372197067640279308e-03 -8.352230110302920341e-02
-9.963013519970487231e-01 -1.957738122048596763e-02 -8.366815091339128985e-02
-9.961967331190804131e-01 -2.563882326775487885e-02 -8.327506817380353477e-02
-9.962561230065308804e-01 -3.273760631749440125e-02 -8.001252192826187326e-02
-9.953808732422788630e-01 -4.414235829916333953e-02 -8.525483590267762812e-02
-9.944164229203918959e-01 -6.006639713175199874e-02 -8.676418330315575911e-02
-9.937316068692265691e-01 -6.882049338200788013e-02 -8.809796241251521831e-02
-9.925195145242009520e-01 -8.039100461811286846e-02 -9.188208530421963782e-02
-9.918568148295342501e-01 -8.938448420508406100e-02 -9.072205194908095072e-02
-9.913715476034159479e-01 -9.904225040196983076e-02 -8.586678508744602367e-02
-9.905005345146846718e-01 -1.107522146374892019e-01 -8.150248747879865197e-02
-9.894486470235172026e-01 -1.248554900926621969e-01 -7.350169107097243026e-02
-9.884261132328746591e-01 -1.323407411578959580e-01 -7.416039390133000175e-02
-9.869225706403653708e-01 -1.426763912998163797e-01 -7.501535897550891396e-02
-9.857080210631286032e-01 -1.510620521331152433e-01 -7.456521137171823188e-02
-9.839321391662800842e-01 -1.629003895562535498e-01 -7.308232106544226836e-02
-9.803720887481950363e-01 -1.808496665828193684e-01 -7.851103652354049500e-02
-9.770286492911315346e-01 -1.968169381509617399e-01 -8.171982073446393269e-02
-9.755042144370050794e-01 -2.058226041321059296e-01 -7.764406411686861076e-02
-9.738813565774759873e-01 -2.148124748627489311e-01 -7.355760414542916736e-02
-9.723205593941984803e-01 -2.224955337877286832e-01 -7.133361273885892306e-02
-9.700845153713392177e-01 -2.340257888342733572e-01 -6.455989503290483766e-02
-9.681664504142281080e-01 -2.425379659661801857e-01 -6.187952968069727194e-02
-9.664138748515614941e-01 -2.492765256784406636e-01 -6.249362447058425668e-02
-9.654288901535159617e-01 -2.535531231933231822e-01 -6.048048109246236675e-02
-9.657340709755954933e-01 -2.530533205178711609e-01 -5.763452059533628880e-02
-9.636639828043264133e-01 -2.626859470971499300e-01 -4.845448998714219080e-02
-9.624313346944664005e-01 -2.680021403805419866e-01 -4.359810646404903289e-02
-9.614027286032543751e-01 -2.721107894197004606e-01 -4.074957362321456750e-02
-9.590816992028902144e-01 -2.797271704535336245e-01 -4.376094832148757358e-02
-9.581353438602779882e-01 -2.842237745083456280e-01 -3.454743230182179270e-02
-9.550698824861874048e-01 -2.944215057918183054e-01 -3.402223790087718219e-02
-9.562425576278906769e-01 -2.908523621845338636e-01 -3.170316367838146160e-02
-9.551462379823597582e-01 -2.941277524350298656e-01 -3.441722714803335803e-02
-9.550883043846514209e-01 -2.941934504419975172e-01 -3.544800072120034284e-02
-9.530715503765138097e-01 -3.010172089606401591e-01 -3.229978129229275213e-02
-9.514886892439426980e-01 -3.062914634039329842e-01 -2.923747198532338637e-02
-9.492368323031055155e-01 -3.136816290741340496e-01 -2.352207248849880195e-02
-9.485407093948786672e-01 -3.162304056893480153e-01 -1.639723393352017153e-02
-9.468875414920061573e-01 -3.211421315121642528e-01 -1.648427369677600562e-02
-9.453510653481775883e-01 -3.255915674281257277e-01 -1.736406186545757027e-02
-9.436108155217592941e-01 -3.306489276934962973e-01 -1.642959527511582765e-02
-9.449729069392867054e-01 -3.268001702437986489e-01 -1.509536614039399746e-02
-9.431213359010982566e-01 -3.318986201179158213e-01 -1.911721995350476946e-02
-9.429254327760028254e-01 -3.326444440621557641e-01 -1.546992002354189572e-02
-9.426330128655464602e-01 -3.335305717595994368e-01 -1.415546257910304043e-02
-9.415182103244732481e-01 -3.364274176480021028e-01 -1.897547575055901978e-02
-9.401574821107413493e-01 -3.401930233026386197e-01 -1.930368173575606680e-02
-9.381439846322818799e-01 -3.458501017971978286e-01 -1.654048251767596678e-02
-9.395675808997215883e-01 -3.420212453544989595e-01 -1.530506601604327867e-02
-9.405772980176758669e-01 -3.394127409499294590e-01 -1.064679534338917877e-02
-9.389176860981076622e-01 -3.439920706872809930e-01 -1.015138142450086253e-02
-9.392136598299793970e-01 -3.430070920584580296e-01 -1.496170104394493015e-02
-9.356977067591720765e-01 -3.525343652733066158e-01 -1.376005969894958554e-02
-9.362509631727879977e-01 -3.509231992814647039e-01 -1.694280192244212654e-02
-9.366181518193081867e-01 -3.502122259488692491e-01 -9.891962806441612077e-03
-9.345690678109274119e-01 -3.556200915476188662e-01 -1.072494369151804836e-02
-9.349958376110900637e-01 -3.545734383397487477e-01 -7.776692192941695586e-03
-9.351552512975351839e-01 -3.542355616688261932e-01 -1.356222832493102042e-03
-9.370613081468746053e-01 -3.491640508793278919e-01 7.661141088557421597e-04
-9.377158864794973292e-01 -3.473008474386485855e-01 8.429374873694299095e-03
-9.389862805923728795e-01 -3.437080103035968781e-01 1.302249442890412653e-02
-9.381173365882139459e-01 -3.459837291633077183e-01 1.520324839210577747e-02
-9.395173644607611729e-01 -3.420564436565117217e-01 1.745073385866593996e-02
-9.412313052536016578e-01 -3.371039312294933921e-01 2.108521906241742072e-02
-9.430555285638938523e-01 -3.321435443362832918e-01 1.808183711999258522e-02
-9.444166289284199323e-01 -3.281262895848728323e-01 2.025798427979464897e-02
-9.440031162778874663e-01 -3.288632118746305788e-01 2.659175064753251105e-02
-9.448770222052118584e-01 -3.262172819195487405e-01 2.810186406926651684e-02
-9.466790174230127475e-01 -3.213145607401911574e-01 2.357557628101646444e-02
-9.494774460347423783e-01 -3.127487486402268368e-01 2.609246258203350502e-02
-9.508700718457530066e-01 -3.077336994199508236e-01 3.385400748059700510e-02
-9.531341370755334053e-01 -3.008238960425431152e-01 3.225395124156614501e-02
-9.558192777773167892e-01 -2.911059767750514560e-01 4.082690061942354648e-02
-9.570001682349842387e-01 -2.870920203592876585e-01 4.157964849025509724e-02
-9.587091883461716924e-01 -2.804582225527212369e-01 4.711576313324051385e-02
-9.603110129264699202e-01 -2.743844004139324722e-01 5.015951506927517067e-02
-9.633090245262264650e-01 -2.639416185017847694e-01 4.868842585826940739e-02
-9.644476414249385510e-01 -2.596368015742480662e-01 4.928991523314354278e-02
-9.663642278292993160e-01 -2.504921113539559374e-01 5.825718034331218986e-02
-9.682680401368879419e-01 -2.421167728655895246e-01 6.193939427816795573e-02
-9.708276218765716781e-01 -2.315932821566381861e-01 6.211520015553719659e-02
-9.728690923646209354e-01 -2.231076757680601208e-01 6.122672538899497779e-02
-9.756866404700266227e-01 -2.104709718657939987e-01 6.113564728562321388e-02
-9.779785211763690755e-01 -1.986795878605788768e-01 6.390971342826126667e-02
-9.800016466164955808e-01 -1.888162866843101362e-01 6.281083058507329342e-02
-9.816819557248147587e-01 -1.781196377105490058e-01 6.763099132497502053e-02
-9.832238222351878942e-01 -1.687469258429026842e-01 6.924889231571614012e-02
-9.851301309589594046e-01 -1.595127236696762540e-01 6.383051247462852296e-02
-9.872753401023596220e-01 -1.439914192215077660e-01 6.748253599354571419e-02
-9.884349134217235155e-01 -1.383944816288514290e-01 6.199522406373855071e-02
-9.892275110650426972e-01 -1.312724558570766975e-01 6.478033890838789943e-02
-9.903036911826957889e-01 -1.225232368276246153e-01 6.547269912034579809e-02
-9.913608577125641030e-01 -1.157577015401046738e-01 6.167513805081917266e-02
-9.917405153276651619e-01 -1.081394927000674105e-01 6.896824764761803894e-02
-9.935646054514895020e-01 -9.247227402447097400e-02 6.540849739079561409e-02
-9.942451733891177756e-01 -8.417134320906391465e-02 6.627019245875599707e-02
-9.951607646625939552e-01 -7.445882738301973225e-02 6.411671835585301682e-02
-9.958934854804666337e-01 -6.662187326281319988e-02 6.130016005678771279e-02
-9.967422149675462251e-01 -5.539041924021668312e-02 5.862487746232204755e-02
-9.970017514117333057e-01 -4.713648331698865046e-02 6.136511843532740929e-02
-9.975042448928406191e-01 -3.415754369666740287e-02 6.179451281923344086e-02
-9.976115743913559486e-01 -2.550796009042281126e-02 6.419118937781297107e-02
-9.980206676482544781e-01 -1.280307216380879680e-02 6.156984828751371763e-02
-9.979031850248455404e-01 -2.238491567924974848e-03 6.468570600836058559e-02
-9.979732850216087581e-01 5.586416215155046855e-03 6.338873985638678044e-02
-9.974820349510110651e-01 2.158817952814045399e-02 6.755411847148354298e-02
-9.972865602552891673e-01 2.682019373365587822e-02 6.855809558905098799e-02
-9.974867962121050091e-01 3.008145464206473524e-02 6.414994864084881676e-02
-9.968920567052175219e-01 3.989118112601421073e-02 6.793334734562994637e-02
-9.959827775679140904e-01 5.316093707437805072e-02 7.205720524836960184e-02
-9.953899814851812078e-01 6.399745068256715297e-02 7.143619710877317786e-02
-9.947993200130061942e-01 7.622286221322011057e-02 6.756039504562501297e-02
-9.942463248788054875e-01 8.832340534504178053e-02 6.060726337629215865e-02
-9.934310393827211483e-01 9.607396085013357456e-02 6.216576997526156168e-02
-9.928402950164916252e-01 1.012761094330788814e-01 6.333496015868186890e-02
-9.922156586808368317e-01 1.072522826238995197e-01 6.328549176356342010e-02
-9.907186847423390397e-01 1.197102257762921035e-01 6.438919613197587044e-02
-9.896914892874700831e-01 1.287752201628207249e-01 6.267150567669123318e-02
-9.885442228723252400e-01 1.344972622736033407e-01 6.848959828819510542e-02
-9.872587530492814567e-01 1.442406241712101134e-01 6.719238046172523737e-02
-9.859473115427249690e-01 1.517350925303825870e-01 6.988833746737106722e-02
-9.833420402299822838e-01 1.663280835604214747e-01 7.330361600969834135e-02
-9.815202837838298278e-01 1.771059295031314762e-01 7.246683247909636860e-02
-9.799707210531211077e-01 1.855759754760027969e-01 7.224238880905575755e-02
-9.779618174596401703e-01 1.967152831498341081e-01 6.995570285015406675e-02
-9.749890247718746572e-01 2.098379811702305031e-01 7.324235808612571119e-02
-9.734399644956942543e-01 2.180393789834192686e-01 6.981034525236314014e-02
-9.716184754840878623e-01 2.269028140844905617e-01 6.687802679529117333e-02
-9.705846343627955175e-01 2.329464153789156944e-01 6.083957961124655117e-02
-9.682015237894769921e-01 2.436637446241721461e-01 5.669045786448190932e-02
-9.665319417838109661e-01 2.501925090341713398e-01 5.674269169967821602e-02
-9.633778959815516574e-01 2.606807528007945018e-01 6.283784217655349891e-02
-9.600880608192753352e-01 2.723654033778223904e-01 6.362407004020355361e-02
-9.583231597933073997e-01 2.791330087292106521e-01 6.083999023807491746e-02
-9.553755230070803961e-01 2.902488150794187427e-01 5.489311650107728952e-02
-9.507743575426054194e-01 3.059577262193174385e-01 4.917325782309068388e-02
-9.464123387827751976e-01 3.200307216349967954e-01 4.340553011529270366e-02
-9.460811557897392809e-01 3.216890827145588161e-01 3.803417617452842930e-02
-9.438812963275898804e-01 3.284246221438683055e-01 3.500548349652728847e-02
-9.402340272691305234e-01 3.389019829372569848e-01 3.324812494205848373e-02
-9.385339739853361118e-01 3.436355653300484647e-01 3.268938335330244527e-02
-9.363431523829145453e-01 3.496210423994211558e-01 3.204131004761710810e-02
-9.345809466480707872e-01 3.538081051172669578e-01 3.712542213123600637e-02
-9.307261409004715658e-01 3.637330767998473990e-01 3.804099884894129174e-02
-9.293278556300906823e-01 3.672771344691395656e-01 3.817409274995225976e-02
-9.279621563112765426e-01 3.706316185249247108e-01 3.896739566344768063e-02
-9.273396204186306058e-01 3.726645503912823787e-01 3.409368540986548735e-02
-9.248637094630913769e-01 3.783437579934103012e-01 3.851153099306727640e-02
-9.228176176000024711e-01 3.829032563157621638e-01 4.234099001129327383e-02
-9.190723134059273214e-01 3.919544452563972770e-01 4.096112806146490898e-02
-9.187509274219420874e-01 3.928621294639133010e-01 3.944742117800379561e-02
-9.175252139249758798e-01 3.959442610975009713e-01 3.708965271447068474e-02
-9.147354046766630331e-01 4.022296548120214976e-01 3.834661252599087106e-02
-9.124919635598185419e-01 4.075224450715021485e-01 3.583143449906169009e-02
-9.089127465412842888e-01 4.157615497389325343e-01 3.193698785089596481e-02
-9.055895893567895705e-01 4.230020465535021534e-01 3.125352010797769614e-02
-9.049403915733525983e-01 4.247571852671588322e-01 2.577284500738980313e-02
-9.038520695690976936e-01 4.273569098827065815e-01 2.043345738327406735e-02
-9.008423569553861698e-01 4.337997442138164517e-01 1.734496879044363296e-02
-8.991878760012300686e-01 4.371838029621243349e-01 1.820725692412034080e-02
-8.957906839034890378e-01 4.440423611435965756e-01 1.963288694065833118e-02
-8.950325143813913087e-01 4.456742827323516565e-01 1.706604765398344464e-02
-8.938815717077525091e-01 4.478341753195627106e-01 2.050134871557241639e-02
-8.948462821394126410e-01 4.460327900559244441e-01 1.746137731141444646e-02
-8.945075268330470175e-01 4.468193406945979440e-01 1.444919997532074715e-02
-8.930922770089465557e-01 4.497629364551404274e-01 9.975161792504873975e-03
-8.901522551746771095e-01 4.554528907711027919e-01 1.384359376672072463e-02
-8.905830952574848025e-01 4.546047036309337486e-01 1.401185465028531758e-02
-8.913480417231959274e-01 4.531124721059396343e-01 1.370307745602187058e-02
-8.893574917303123106e-01 4.571346635286988036e-01 8.436205922043419486e-03
-8.888986122504906051e-01 4.581035737253162932e-01 6.254625448394203480e-04
-8.908288949496473430e-01 4.543375138137264457e-01 -1.149700068249832246e-03
-8.925548414592827662e-01 4.509273102232236874e-01 -3.230205098452826502e-03
-8.946432187314635742e-01 4.467780725909344941e-01 -1.698038264428335369e-03
-8.926688309134879207e-01 4.506600291058301955e-01 -6.922053252618258837e-03
-8.946310507980401727e-01 4.467763288832308777e-01 -5.119889209490269613e-03
-8.947329441095097646e-01 4.463833137622840175e-01 -1.396117437148734937e-02
-8.953041620783744881e-01 4.449539836830113115e-01 -2.112885145436348144e-02
-8.972732339051059380e-01 4.410919676935786127e-01 -1.840212743379907034e-02
-9.001390271201112903e-01 4.350171212666578691e-01 -2.257996110553562794e-02
-9.003312991590817216e-01 4.344453033227188565e-01 -2.570697905891715720e-02
-9.001189711827720652e-01 4.345765795454749614e-01 -3.048036838924740935e-02
-9.019884317198775259e-01 4.302341981394216530e-01 -3.626875357813901662e-02
-9.068275222283967985e-01 4.199710587731488309e-01 -3.589113270401150108e-02
-9.101870423046841685e-01 4.126576342212160409e-01 -3.568253943772879688e-02
-9.120089820759229582e-01 4.085924946856981377e-01 -3.594173869854248859e-02
-9.114533582999173600e-01 4.096900678560584930e-01 -3.750790069076775923e-02
-9.126784608938702803e-01 4.068998104297649743e-01 -3.808661145500871759e-02
-9.132065745615830510e-01 4.055713438414532690e-01 -3.956837029273552186e-02
-9.163088365882607889e-01 3.982319356724612347e-01 -4.230201178860125422e-02
-9.198848795327826400e-01 3.899829477655357701e-01 -4.153465575123631986e-02
-9.209610063684284809e-01 3.870790326073496601e-01 -4.472880626216601402e-02
-9.243843477187160262e-01 3.787708956315119502e-01 -4.523499941205683800e-02
-9.256288407735725476e-01 3.757554821887036933e-01 -4.493423621377834465e-02
-9.268014011510644634e-01 3.729136861497742150e-01 -4.443607053805739837e-02
-9.278705276077815478e-01 3.697982794560231712e-01 -4.801599205122902142e-02
-9.307633929978711418e-01 3.621766564048449766e-01 -5.007589142654313846e-02
-9.323432849569397440e-01 3.583068768144618832e-01 -4.849948570076157567e-02
-9.351019687811698011e-01 3.503455406869572797e-01 -5.331350027585857188e-02
-9.361723740022832585e-01 3.474786722403430117e-01 -5.329050292724916288e-02
-9.405915789186612974e-01 3.342369938459738843e-01 -5.977569205969786303e-02
-9.443033314760057584e-01 3.225171206865921625e-01 -6.537541890562606484e-02
-9.478669935621480969e-01 3.112353348920689489e-01 -6.841600273028869417e-02
-9.511554925270025995e-01 3.011311771598852438e-01 -6.799458625076866547e-02
-9.543815944565321452e-01 2.892976325509022395e-01 -7.390989562402057456e-02
-9.567936743043087278e-01 2.817955483643621029e-01 -7.167394428360200631e-02
-9.582973786600418320e-01 2.756307230225271687e-01 -7.545766510354226519e-02
-9.605685300692724526e-01 2.677260899682413764e-01 -7.503905928501702904e-02
-9.640524163455094220e-01 2.549830817037461173e-01 -7.474347593372457355e-02
-9.677708920775520696e-01 2.416719162131336640e-01 -7.081105559796931070e-02
-9.695472215560307916e-01 2.336044090887143265e-01 -7.353356726035682744e-02
-9.710605398557495826e-01 2.266197979423086317e-01 -7.539837864384354993e-02
-9.728548486962763642e-01 2.180550285628062579e-01 -7.749495723594107544e-02
-9.746527953174293213e-01 2.083340182019402520e-01 -8.154070165230520306e-02
-9.761416264695208511e-01 2.001235274676164688e-01 -8.425033855014243955e-02
-9.781994922300005779e-01 1.893638445308969964e-01 -8.524733732708077161e-02
-9.811535892984816210e-01 1.750399328456162251e-01 -8.184544379425047478e-02
-9.826188886640824238e-01 1.640497968950832552e-01 -8.687810290394709645e-02
-9.847139909915342271e-01 1.509097055545503552e-01 -8.697492574697009149e-02
-9.866633433018949795e-01 1.391876217235399060e-01 -8.439356482220362887e-02
-9.882170012417978988e-01 1.286959064219995175e-01 -8.285253669141706689e-02
-9.896981889004509148e-01 1.151570314443738224e-01 -8.506687881225488690e-02
-9.908718325117513714e-01 1.043506093987143502e-01 -8.534625205972443118e-02
-9.916025258645179141e-01 9.660761272356276075e-02 -8.597337244412744939e-02
-9.922131753441345570e-01 8.330149628230185122e-02 -9.259533570278119519e-02
-9.930268535528087304e-01 7.068587524264417776e-02 -9.434615050719731555e-02
-9.945821545836602828e-01 4.813479791312760825e-02 -9.213793824560531642e-02
-9.957970695444008369e-01 3.461392474598360552e-02 -8.479441154639430489e-02
-9.959891708791790421e-01 2.591843491575820946e-02 -8.563776022868480053e-02
-9.964881670314482687e-01 7.557726236001097858e-03 -8.339204540080902284e-02
-9.963384420632196425e-01 -4.537383470044700079e-03 -8.537646515538226122e-02
-9.960824883970528232e-01 -1.463311888596672758e-02 -8.720990795431887710e-02
-9.955034074010181699e-01 -2.852193890837669346e-02 -9.032986890255245704e-02
-9.952061410577792699e-01 -4.419237236345827796e-02 -8.724557730932074040e-02
-9.945895763498043829e-01 -5.653283498676197477e-02 -8.715292831467486012e-02
-9.940433547130793634e-01 -6.777681925137631069e-02 -8.534712313287565189e-02
-9.933757342701083903e-01 -8.212651985761273976e-02 -8.037353089787674376e-02
-9.922296465273352517e-01 -9.609330387876635626e-02 -7.903432514052619040e-02
-9.915007926668082394e-01 -1.053213915323639727e-01 -7.637801743763705797e-02
-9.908269952813487658e-01 -1.121148587776628069e-01 -7.544629047229026164e-02
-9.889878602390196338e-01 -1.284347673336181939e-01 -7.353598832466562429e-02
-9.860444390634587331e-01 -1.444754982986647673e-01 -8.272372532396789213e-02
-9.846145843520769381e-01 -1.547230546664061512e-01 -8.120909258421207810e-02
-9.825918200191365859e-01 -1.633001857471746976e-01 -8.857982275698014774e-02
-9.808491698232195688e-01 -1.741028529732194241e-01 -8.731049771177691599e-02
-9.781511355754288761e-01 -1.878345820553990186e-01 -8.909852056774068829e-02
-9.760279967817865332e-01 -2.007232678025586414e-01 -8.413999985573629437e-02
-9.735881763212590467e-01 -2.125366042157322832e-01 -8.339229607292596158e-02
-9.709275202721583398e-01 -2.239132695371901238e-01 -8.463225433484135307e-02
-9.675468380091321041e-01 -2.396470222581219001e-01 -8.014013383554774439e-02
-9.656492331845091259e-01 -2.476468673149317956e-01 -7.869312282336410336e-02
-9.632391187333461113e-01 -2.564294893873308445e-01 -8.008955711641876918e-02
-9.607426626055632912e-01 -2.669687205194160584e-01 -7.550667557401541385e-02
-9.572072202863700641e-01 -2.804751185389074419e-01 -7.133067048163810320e-02
-9.556225883330097259e-01 -2.878904543847066178e-01 -6.248659009540635106e-02
-9.530477381240057833e-01 -2.963596930147089359e-01 -6.221704108953415163e-02
-9.512706596219190347e-01 -3.023470886441848582e-01 -6.058373618335937544e-02
-9.474771052935719862e-01 -3.138877001931749677e-01 -6.133241896227516199e-02
-9.448250909748131532e-01 -3.207758950842107271e-01 -6.639572168320126422e-02
-9.427091579973804203e-01 -3.276670925152013192e-01 -6.271952637683467224e-02
-9.400972251520426370e-01 -3.356097178420490157e-01 -5.986103422183756267e-02
-9.364723186561968449e-01 -3.467152655992847277e-01 -5.299188324371798681e-02
-9.334927868505065174e-01 -3.546073894974156038e-01 -5.333699390925313727e-02
-9.309384094085064731e-01 -3.623016850528597566e-01 -4.572948091004220422e-02
-9.246762773040729799e-01 -3.776745984257144917e-01 -4.832906409393415703e-02
-9.235189464669608661e-01 -3.807099209124902850e-01 -4.661255393117847562e-02
-9.207227098548138589e-01 -3.876651245715608818e-01 -4.455851430223247561e-02
-9.185799107360353988e-01 -3.936104826358856612e-01 -3.580159097247477551e-02
-9.175763719813138097e-01 -3.961667670549171016e-01 -3.324924954681062611e-02
-9.163752101633556579e-01 -3.991282158495564336e-01 -3.087328635658449782e-02
-9.147796352347525861e-01 -4.029747553607901933e-01 -2.809953355936734704e-02
-9.134329416627355869e-01 -4.062518623165863318e-01 -2.448884897860012858e-02
-9.126514961384761815e-01 -4.079572406403662033e-01 -2.526172365284161045e-02
-9.139277547071256169e-01 -4.050163889681285823e-01 -2.641594400845560797e-02
-9.140793626993385379e-01 -4.051466404972496882e-01 -1.775208993846391636e-02
-9.148549253585778196e-01 -4.033120664676911327e-01 -1.949002010373405286e-02
-9.117228444085482275e-01 -4.106509806177894295e-01 -1.128030323309243445e-02
-9.104289875914604036e-01 -4.135513531789786201e-01 -9.713648157896563953e-03
-9.075465712813076680e-01 -4.198719517251478517e-01 -8.172100341370475141e-03
-9.058025550998959341e-01 -4.236763572319173221e-01 -4.482577664527219452e-03
-9.037664147570095841e-01 -4.280187962579241057e-01 -2.489090889401175764e-03
-9.006099576847508281e-01 -4.346282571931566197e-01 5.920877384912957148e-06
-9.009202697003444449e-01 -4.339704073904643855e-01 3.517248939661438232e-03
-9.022358250001050184e-01 -4.311347919263950335e-01 9.660502386318950419e-03
-9.043367767035263016e-01 -4.266756056500359828e-01 1.108782657182605727e-02
-9.056979481124596276e-01 -4.235810067227416265e-01 1.704041400663884251e-02
-9.055034163687670778e-01 -4.238130362649483729e-01 2.112087664440357240e-02
-9.063793090338090330e-01 -4.216691913468696429e-01 2.591639414654284962e-02
-9.087616762460994924e-01 -4.161718405540522081e-01 3.087447848028696679e-02
-9.096481830007757674e-01 -4.140683335803521659e-01 3.297903588009534065e-02
-9.121847337041903980e-01 -4.083587729785594367e-01 3.409021360228688124e-02
-9.154552526382251365e-01 -4.001155967279479420e-01 4.300242647201901747e-02
-9.181649062001401296e-01 -3.936968478582726916e-01 4.445240213759670683e-02
-9.200369210489713900e-01 -3.891650538662550507e-01 4.563599315826966096e-02
-9.239077947324240148e-01 -3.794134778419821497e-01 4.939452118053247465e-02
-9.244663809295757817e-01 -3.776590555085846401e-01 5.230265190215893645e-02
-9.272831192360649899e-01 -3.704154119548054291e-01 5.420754987935680336e-02
-9.315886876488651547e-01 -3.589400742922383980e-01 5.748530016815587423e-02
-9.329583093635436253e-01 -3.557681036388219420e-01 5.493513484184926743e-02
-9.366688634029091132e-01 -3.454707467140109012e-01 5.745801218016802214e-02
-9.379908097101763431e-01 -3.399152132809834526e-01 6.805078026319046069e-02
-9.417847361316808996e-01 -3.300863494165606760e-01 6.391034837954390202e-02
-9.428259162295850038e-01 -3.265819363236067141e-01 6.650977732497936890e-02
-9.439722530039772463e-01 -3.221801086778418033e-01 7.152889831008608923e-02
-9.483763138699934370e-01 -3.081507492519947045e-01 7.500335616222121582e-02
-9.506170019871952315e-01 -2.999320558485594201e-01 7.980036485263768131e-02
-9.539856127278364406e-01 -2.883914602529518145e-01 8.210869232696706155e-02
-9.568607659617214267e-01 -2.787294881129291357e-01 8.202053407861423229e-02
-9.584987018976309781e-01 -2.737616273719952753e-01 7.959165030904422067e-02
-9.612867332215317973e-01 -2.624783891047256512e-01 8.386258431564883042e-02
-9.643531594595557976e-01 -2.508532765173828727e-01 8.423561474459850817e-02
-9.661015332763613905e-01 -2.425527446860195335e-01 8.840822861266653399e-02
-9.703409170341791290e-01 -2.263647029905187236e-01 8.483835737318969061e-02
-9.743095955662554042e-01 -2.101823976234273861e-01 8.089618289553510144e-02
-9.757574598068305960e-01 -2.017626272317784020e-01 8.478940261548661983e-02
-9.777704553728365777e-01 -1.899868305415287617e-01 8.871280588459357075e-02
-9.800493467023001504e-01 -1.775075711020559499e-01 8.941119284069276585e-02
-9.812316258526081469e-01 -1.700380371137288904e-01 9.094824706370004119e-02
-9.841545902247705868e-01 -1.496648363471720922e-01 9.507997315991988108e-02
-9.861851235981347052e-01 -1.330234157704988651e-01 9.871015833034792186e-02
-9.880342905977703705e-01 -1.198324171812595734e-01 9.710023004389073398e-02
-9.891203008952981213e-01 -1.084184074755133592e-01 9.943088947022320212e-02
-9.906856833382653438e-01 -9.248321898576963851e-02 9.994375211691768068e-02
-9.923434794212762089e-01 -7.701023819106894708e-02 9.656015835399107961e-02
-9.937412405978253149e-01 -5.934690820087155927e-02 9.463780053468667797e-02
-9.945276883943400259e-01 -4.377647017159942699e-02 9.485947384802351223e-02
-9.950170201303020212e-01 -2.788617702920235392e-02 9.572623990388783033e-02
-9.950313703155002631e-01 -1.489498722774575123e-02 9.844152509939975426e-02
-9.949007906122261380e-01 2.445364293331666466e-03 1.008288629851314261e-01
-9.946866295722385232e-01 2.168015349720119750e-02 1.006404612749752514e-01
-9.942368593317352232e-01 3.625882550093691148e-02 1.008879958892926476e-01
-9.932967746368648321e-01 5.565885480736043611e-02 1.013095851493947125e-01
-9.920864036902187211e-01 7.464710118254361260e-02 1.009574193348618670e-01
-9.901171417351957160e-01 9.283236172592042312e-02 1.051200341328420440e-01
-9.896533736046639884e-01 1.064904186345598247e-01 9.615619145862906725e-02
-9.884688084458734814e-01 1.147448417038801488e-01 9.880819018495684558e-02
-9.870665048723040735e-01 1.291643664756617904e-01 9.495421795378422569e-02
-9.837320518360790356e-01 1.488692768455043558e-01 1.005445718862823246e-01
-9.811950448112618517e-01 1.649388351772080319e-01 1.002571043824324604e-01
-9.783930953497647076e-01 1.816943004324077793e-01 9.866181813563948411e-02
-9.756363758774605488e-01 1.973847909245811105e-01 9.577540615734403406e-02
-9.727766246263767069e-01 2.098898954986427312e-01 9.824404573889607140e-02
-9.701978339429662146e-01 2.240915774814953576e-01 9.219083138833279734e-02
-9.670153380788946151e-01 2.382220036011526154e-01 9.017557438688425520e-02
-9.651214341302788435e-01 2.488689904655689844e-01 8.127031435321371844e-02
-9.616054300345534545e-01 2.636577753530815471e-01 7.615507165044019255e-02
-9.594187255042451179e-01 2.728344635391360962e-01 7.125366513091843657e-02
-9.562391362118484173e-01 2.828072138713311756e-01 7.501209500889495507e-02
-9.531755841808664531e-01 2.927752880448170614e-01 7.575590224977934994e-02
-9.488846613374467553e-01 3.063186620618488232e-01 7.607100003679646838e-02
-9.442765725455006809e-01 3.204793717334395997e-01 7.506495245948995032e-02
-9.394403896969333312e-01 3.335736187712112222e-01 7.861562017249053291e-02
-9.359657151265078356e-01 3.443171940699433220e-01 7.357900727299589161e-02
-9.343243572781866346e-01 3.482798391949952221e-01 7.575730568733488046e-02
-9.325834931316308030e-01 3.541929213909985608e-01 6.953720456414648476e-02
-9.297681446196619515e-01 3.623647558061493523e-01 6.498461917936637633e-02
-9.259603592741841860e-01 3.728134873935597948e-01 6.006276750368905182e-02
-9.214751912831774527e-01 3.838701533560303081e-01 5.939020554446405170e-02
-9.191309330756963769e-01 3.901994491799464226e-01 5.424699981925526493e-02
-9.147259065575149561e-01 4.010790529331877963e-01 4.911342185796990084e-02
-9.132415483441019832e-01 4.050250593254753340e-01 4.409755748489350285e-02
-9.123514233691590869e-01 4.076340650558967216e-01 3.807056779087191617e-02
-9.112928753813571703e-01 4.101051483555369082e-01 3.686572132722569506e-02
-9.098686159549397301e-01 4.134252102845017429e-01 3.491011275077517129e-02
-9.079468447330055758e-01 4.179297989361438481e-01 3.110030547107563159e-02
-9.066038973143788482e-01 4.209236427641319112e-01 2.987773443902261641e-02
-9.070066013055441134e-01 4.201038429508026084e-01 2.918569872721969369e-02
-9.051644676056979089e-01 4.243226710756500819e-01 2.505146875689862745e-02
-9.064067077793207527e-01 4.219390984626359975e-01 1.985688877060392751e-02
-9.049564760906244620e-01 4.250905246671278781e-01 1.875742423479555276e-02
-9.043515929234524631e-01 4.265782457910253234e-01 1.338713306630877863e-02
-9.067308570339007723e-01 4.215540580624077549e-01 1.146070676322819351e-02
-9.054275470723853747e-01 4.244380329875721558e-01 7.302869732061690808e-03
-9.062936230431273277e-01 4.226337530260815267e-01 3.549427688701705438e-03
-9.048181838135421762e-01 4.257814618413424679e-01 3.770914617964250294e-03
-9.069149608962224773e-01 4.212892620616022210e-01 4.542045214534136746e-03
-9.055631966009556333e-01 4.242011018428532010e-01 2.956508400998022167e-03
-9.064754935305279204e-01 4.222577130677901969e-01 7.887930732503288522e-04
-9.053589626735448759e-01 4.246465048458805680e-01 -7.165307888520665129e-04
-9.081347375567407898e-01 4.186575308408131968e-01 -4.145983073556073345e-03
-9.083795413214147407e-01 4.180302486667550332e-01 -9.866053373179195507e-03
-9.118839971792300769e-01 4.101965381220964435e-01 -1.436645107815216586e-02
-9.121534511800840628e-01 4.096865198817587483e-01 -1.153499241722687717e-02
-9.119402690101364728e-01 4.101142226337628482e-01 -1.308775275394774042e-02
-9.109878865130651704e-01 4.120695524651680208e-01 -1.731397252753846469e-02
-9.118050986883331488e-01 4.102131098721188418e-01 -1.834899421956846799e-02
-9.128207742542326919e-01 4.079371241739609411e-01 -1.858913407482474384e-02
-9.142522995160292654e-01 4.047111574029921832e-01 -1.875182659331023696e-02
-9.155722792939418042e-01 4.012195517944800449e-01 -2.739145630922329086e-02
-9.169943509444989926e-01 3.978140056608586717e-01 -2.941762216400807192e-02
-9.180963111149946787e-01 3.950342817485871794e-01 -3.235891010977517274e-02
-9.195289804040461812e-01 3.912676952932643837e-01 -3.709534074224966199e-02
-9.223540643289274144e-01 3.845642230240809978e-01 -3.705884338358488017e-02
-9.250078081245308725e-01 3.777334893753479528e-01 -4.096322114191409958e-02
-9.283858730700320638e-01 3.698612813968823465e-01 -3.608770804062739340e-02
-9.311794604657721575e-01 3.626987426285117055e-01 -3.680290742862243197e-02
-9.356666465466075833e-01 3.508088412566587877e-01 -3.822437802997899481e-02
-9.376392605957544202e-01 3.450491043939633018e-01 -4.211593871808841372e-02
-9.398024723977547179e-01 3.398495253867134247e-01 -3.568798547715523045e-02
-9.423504682644744390e-01 3.317286968418849402e-01 -4.395095555220213113e-02
-9.431824123135837956e-01 3.288605256430199852e-01 -4.751538364045124196e-02
-9.462364407840982983e-01 3.194559229793493826e-01 -5.083828927977113860e-02
-9.487833970222497859e-01 3.119604439879137825e-01 -4.990758594266689330e-02
-9.510333589998151149e-01 3.046351834102739020e-01 -5.227786701178102624e-02
-9.517272474563289730e-01 3.007281564652082295e-01 -6.146415947329184060e-02
-9.542405632842353436e-01 2.917719323258236575e-01 -6.552944240162064671e-02
-9.563775005706859345e-01 2.844003787466281574e-01 -6.677216458436185942e-02
-9.593431993923215995e-01 2.743494548649746401e-01 -6.627988646539481610e-02
-9.615268383110755490e-01 2.667711973878088560e-01 -6.556895903587385555e-02
-9.660508684757337372e-01 2.508954657096242880e-01 -6.162146972295323710e-02
-9.683963947135945105e-01 2.420142805571588729e-01 -6.031195055652682074e-02
-9.707597315734429744e-01 2.316368323152054598e-01 -6.300747774953541214e-02
-9.730852667893946650e-01 2.210167089371398719e-01 -6.524338154733705375e-02
-9.753918444371805219e-01 2.096650319023588838e-01 -6.820077248378819679e-02
-9.776841944682519436e-01 1.988086244470554931e-01 -6.788790678114581256e-02
-9.794280724708109842e-01 1.902826677887814455e-01 -6.718019280979342644e-02
-9.814096280708429765e-01 1.800365598210933449e-01 -6.649812124727115525e-02
-9.821619344734648926e-01 1.742838990444503522e-01 -7.059092136218170221e-02
-9.843522655286858214e-01 1.592314719497843756e-01 -7.547169524148550357e-02
-9.861504801945569776e-01 1.455260351965917132e-01 -7.955768218768753675e-02
-9.878110026577839875e-01 1.331968360756163872e-01 -8.054841544700279410e-02
-9.890746463666658661e-01 1.214669442688419282e-01 -8.352931630664364726e-02
-9.909292117772169339e-01 1.089060292836368932e-01 -7.873242583251297000e-02
-9.921237382587358988e-01 9.288408165836634089e-02 -8.404199271136675309e-02
-9.927268459749907237e-01 8.058114583045472568e-02 -8.944333407848535644e-02
-9.942530108076121920e-01 6.456422708775473585e-02 -8.539574144091907626e-02
-9.948684928754785162e-01 5.224733142111018247e-02 -8.664248296957786921e-02
-9.955880785356230334e-01 3.990351036936523599e-02 -8.492413808581146528e-02
-9.962533884965297792e-01 2.407224719028444246e-02 -8.306463821733502118e-02
-9.967148450928692283e-01 1.298735109623874555e-02 -7.994290035260347149e-02
-9.963705320795522846e-01 -1.241027979261640976e-03 -8.511312513237123678e-02
-9.962208162865369143e-01 -1.394932900097019431e-02 -8.572935838779711937e-02
-9.961329160415043349e-01 -2.766092251255167223e-02 -8.339129530928317269e-02
-9.955816588610145734e-01 -4.596370590732286321e-02 -8.188112955649792801e-02
-9.946226101803985475e-01 -6.046433739592538270e-02 -8.408298608217941450e-02
-9.937905585546764620e-01 -6.767148318608474933e-02 -8.832280349044178969e-02
-9.933146693322703058e-01 -7.743524606617359363e-02 -8.561408542311213510e-02
-9.919726197743287122e-01 -9.020173797858249687e-02 -8.862273651941122987e-02
-9.909064704327446016e-01 -1.054310223517295059e-01 -8.359836953425209272e-02
-9.898327987080626222e-01 -1.150106093099198812e-01 -8.368758185499750035e-02
-9.881722691989529572e-01 -1.294124659427985380e-01 -8.226786047850762063e-02
-9.864003207121685435e-01 -1.397707365819867986e-01 -8.647872403441329847e-02
-9.846291839638917631e-01 -1.515310078588127107e-01 -8.685473478404506786e-02
-9.815078296708122929e-01 -1.693233347025436542e-01 -8.928611339990377704e-02
-9.794171207481705554e-01 -1.829816888837493549e-01 -8.520461377521235113e-02
-9.768169852922021779e-01 -1.963062286749277241e-01 -8.539591875965482637e-02
-9.746655692198807897e-01 -2.081783068852546548e-01 -8.178533913940183586e-02
-9.710815762171478571e-01 -2.232916952390147092e-01 -8.450687739336647242e-02
-9.682343317915231840e-01 -2.349989368763905073e-01 -8.542715958937589782e-02
-9.658680962627771427e-01 -2.467904547839907259e-01 -7.869760317209797962e-02
-9.631810003083042249e-01 -2.562437296571062340e-01 -8.137279994881489731e-02
-9.597633191211702997e-01 -2.673583016821122205e-01 -8.587159603451965939e-02
-9.572125577967889321e-01 -2.773092300386137410e-01 -8.272684505518136666e-02
-9.536422827083325116e-01 -2.899757010797103796e-01 -8.050161399871626211e-02
-9.504402051148826969e-01 -3.015917664481307936e-01 -7.553703133241050638e-02
-9.456193936247965226e-01 -3.158305150175581555e-01 -7.781432157527919113e-02
-9.423827264203387122e-01 -3.272698742592214383e-01 -6.934872885810262899e-02
-9.380189700907817230e-01 -3.395229238750518963e-01 -6.960327421937678727e-02
-9.326023715067827125e-01 -3.548042168257506956e-01 -6.608179460063690058e-02
-9.292458639527768627e-01 -3.644601231796684715e-01 -6.058846330408365621e-02
-9.257362083997695557e-01 -3.731426263349802985e-01 -6.145788671691117949e-02
-9.240257230022052015e-01 -3.784438348182249112e-01 -5.437596891441108526e-02
-9.206945081040451839e-01 -3.863851557206947618e-01 -5.502865720752096040e-02
-9.181427349860599163e-01 -3.926355098332566795e-01 -5.339750466222796532e-02
-9.160451898090321565e-01 -3.972235204925230745e-01 -5.545001281440827684e-02
-9.129819438563214762e-01 -4.044594289152947941e-01 -5.363356562275845008e-02
-9.103569412371025349e-01 -4.109571156557037530e-01 -4.862619948419725363e-02
-9.091577191557768112e-01 -4.141195930081654764e-01 -4.401389529706714598e-02
-9.072803186198477032e-01 -4.184558732418691696e-01 -4.167882105706398332e-02
-9.073594390723002112e-01 -4.185879656571236396e-01 -3.850950368077666469e-02
-9.014687042916932347e-01 -4.309488598377556601e-01 -4.046324412282618216e-02
-8.998009007678914317e-01 -4.346891007547751817e-01 -3.746656291072562872e-02
-8.960066250132346921e-01 -4.424987608396170891e-01 -3.697287189461324203e-02
-8.939113729359761118e-01 -4.471941784063608871e-01 -3.065685230311522916e-02
-8.918367240537223850e-01 -4.513149404595234171e-01 -3.069365740970973755e-02
-8.912354070690945429e-01 -4.523744372934344060e-01 -3.250901619128932635e-02
-8.899832968967051894e-01 -4.546683654382191464e-01 -3.473366109312932271e-02
-8.884517285687300037e-01 -4.580433193034206263e-01 -2.915239470739398528e-02
-8.866514627804720217e-01 -4.616108631543058838e-01 -2.765163586983574590e-02
-8.834188814905498122e-01 -4.679158127480723128e-01 -2.501780253121692332e-02
-8.812977736714935340e-01 -4.720632077590792286e-01 -2.169286572641398667e-02
-8.785629623677911892e-01 -4.773768864792017896e-01 -1.544174604060655730e-02
-8.781762235376378012e-01 -4.781116298774614193e-01 -1.469040152808676926e-02
-8.763174578964074701e-01 -4.814514412288714573e-01 -1.649972343648568873e-02
-8.748173486627573991e-01 -4.844252199242965462e-01 -5.179858375285638361e-03
-8.729467507277074434e-01 -4.878155232899291094e-01 -6.080021520092106224e-05
-8.732937816952746068e-01 -4.871699680193218307e-01 4.838514895737799394e-03
-8.758672728847133326e-01 -4.825125766765216428e-01 6.176713533761819808e-03
-8.794626275745663913e-01 -4.758852177790677263e-01 8.874935954900185428e-03
-8.806899504782641497e-01 -4.736314432012996289e-01 7.647575227498979063e-03
-8.813103756315503468e-01 -4.724008991944921854e-01 1.137675474656899000e-02
-8.825344417258208507e-01 -4.700903795622646819e-01 1.216603983733739736e-02
-8.823244317007428172e-01 -4.702916248219767281e-01 1.814946839113945609e-02
-8.846176669886719468e-01 -4.656613363492684843e-01 2.472087587801858818e-02
-8.882192790563624429e-01 -4.581125030515205698e-01 3.463330899968230375e-02
-8.924593585429591025e-01 -4.496830138793865284e-01 3.607630323297041086e-02
-8.939836246767743910e-01 -4.462215103552241713e-01 4.098367941638605960e-02
-8.958166633461170925e-01 -4.417664253765605786e-01 4.852783451680098975e-02
-8.987178838749694254e-01 -4.357581745129616158e-01 4.920363998026598684e-02
-9.030174783219295787e-01 -4.266697768564626791e-01 5.012339805138896903e-02
-9.061900219596460415e-01 -4.190594574121103144e-01 5.664658288941649272e-02
-9.111177519013917703e-01 -4.071050361779832150e-01 6.426470410326398652e-02
-9.165823295223405331e-01 -3.937752902250379883e-01 6.941091198311015453e-02
-9.222598707476148405e-01 -3.795151227243259151e-01 7.351886516678723948e-02
-9.250533348083030960e-01 -3.715316373038121678e-01 7.899741545396093967e-02
-9.283888911664134325e-01 -3.609616179447878714e-01 8.832212952259296812e-02
-9.342581470311318581e-01 -3.458233990942040648e-01 8.699375080899951485e-02
-9.366762649476337854e-01 -3.387059404768414939e-01 8.897124231776205872e-02
-9.406428494346573688e-01 -3.271239761513585753e-01 9.044863437788243365e-02
-9.443412855053957555e-01 -3.150730485470178976e-01 9.459668143224614356e-02
-9.465874698185235969e-01 -3.065690846246101331e-01 9.993788159724222020e-02
-9.515971552927641186e-01 -2.901576833166328862e-01 1.013478898847656046e-01
-9.561638516828190326e-01 -2.743949167048311821e-01 1.022650499558738768e-01
-9.592102180175379189e-01 -2.636605421275877714e-01 1.019749880293957245e-01
-9.624438404879624986e-01 -2.515499061909478584e-01 1.021005417007439936e-01
-9.671794277207195201e-01 -2.329781858450922782e-01 1.014156864445708711e-01
-9.692326888202037471e-01 -2.245368376293102042e-01 1.008524932451608930e-01
-9.721629199213945860e-01 -2.107981736746433188e-01 1.022908062341996022e-01
-9.759596554320761896e-01 -1.906627932745279530e-01 1.055957985250116082e-01
-9.781411346934176798e-01 -1.782666738372605253e-01 1.070557616959849911e-01
-9.809342940002138134e-01 -1.586955004093196231e-01 1.121769673206637341e-01
-9.839221008138704372e-01 -1.385593141147980212e-01 1.126882385096256295e-01
-9.865480460680853270e-01 -1.199298555230868119e-01 1.110846775269152542e-01
-9.887114957508001956e-01 -1.020917555511913349e-01 1.096671072140108366e-01
-9.905860422954646527e-01 -8.618317422857216248e-02 1.063568325569282796e-01
-9.919457830140139265e-01 -7.445347148573677742e-02 1.024708080423224060e-01
-9.932536906078943684e-01 -6.218896174715687203e-02 9.787574257833521474e-02
-9.943748023249465717e-01 -5.127016118693457358e-02 9.268303429864215015e-02
-9.953166396007270267e-01 -3.420337402712531061e-02 9.041536159374051473e-02
-9.956588995992136093e-01 -2.241516418798745330e-02 9.033790749695344569e-02
-9.957440269908158781e-01 -1.023578767613306413e-02 9.159193681772312412e-02
-9.956656522557173483e-01 5.633009340796439265e-03 9.283425945074832986e-02
-9.955012379882132167e-01 2.294971427527654068e-02 9.192723899608781779e-02
-9.950228698569885122e-01 3.230290956771313116e-02 9.426575246896461147e-02
-9.943006853706882753e-01 4.639094063331583584e-02 9.598983965315315003e-02
-9.936650531403707909e-01 5.865918048060413809e-02 9.585866847935453627e-02
-9.926880007073253243e-01 7.375277161638937873e-02 9.555670308472362373e-02
-9.908601704045758574e-01 9.325407681354902500e-02 9.746702816525616708e-02
-9.895645931512232485e-01 1.073218097880613842e-01 9.614554969621358360e-02
-9.885613521775610257e-01 1.216323895903218821e-01 8.917418889435765883e-02
-9.871268653103278945e-01 1.316560890943225814e-01 9.081435602109300120e-02
-9.861063740270376021e-01 1.402260003757569984e-01 8.905565179045538127e-02
-9.844182019826354102e-01 1.527381825827719142e-01 8.713135064557561704e-02
-9.815954839507728957e-01 1.689808530629275662e-01 8.897077309952100554e-02
-9.798839662685647767e-01 1.804885846228897195e-01 8.515459227920275931e-02
-9.771904407031744011e-01 1.965837399899014182e-01 8.033490025194316153e-02
-9.760953842100262845e-01 2.045203000838381191e-01 7.354772488667868369e-02
-9.730759147461334191e-01 2.175977274194915434e-01 7.599021967768504471e-02
-9.703245570695666622e-01 2.279696937811543367e-01 8.062315475982280433e-02
-9.671793855978951804e-01 2.402569840980286198e-01 8.270815074601034489e-02
-9.635667859396158663e-01 2.559459074143852764e-01 7.765797997269260899e-02
-9.600464984233855192e-01 2.700960547289129599e-01 7.320424886454054980e-02
-9.583558520050439178e-01 2.774916852960844782e-01 6.747181070218674637e-02
-9.574769691315181408e-01 2.819206119453369075e-01 6.130776235442276373e-02
-9.552579943832295584e-01 2.895498847508584661e-01 6.035766676929792129e-02
-9.528727629633927387e-01 2.975036385272536443e-01 5.937257045478127465e-02
-9.509599230603986708e-01 3.036523603496722457e-01 5.891084989195510130e-02
-9.485264486252482641e-01 3.114929920086249027e-01 5.718139171448965996e-02
-9.460516092823603174e-01 3.189914828693507509e-01 5.684017763911288629e-02
-9.441242759467097789e-01 3.243036836609373696e-01 5.879193632557826177e-02
-9.406682453090101648e-01 3.348574506032263587e-01 5.489771797959221850e-02
-9.370972816901020908e-01 3.449150744515194766e-01 5.368701302411920534e-02
-9.336649110618362446e-01 3.540532752412737239e-01 5.400121720766982991e-02
-9.304083962643724393e-01 3.620894131503338831e-01 5.684621644691337933e-02
-9.281346125074505515e-01 3.686253671729455839e-01 5.178319022624727069e-02
-9.257559126042907982e-01 3.751550272798859775e-01 4.727276770140030615e-02
-9.241708416752592026e-01 3.792823298370350815e-01 4.531212178096974408e-02
-9.237105721266296587e-01 3.803416456600164364e-01 4.581517467886242478e-02
-9.210614793285134549e-01 3.867439765150910702e-01 4.555070402490843384e-02
-9.186750233974755320e-01 3.926864175947905045e-01 4.282052558180484553e-02
-9.160408336666608919e-01 3.993149000615448529e-01 3.764066875359291242e-02
-9.123977308534351183e-01 4.074450886910737646e-01 3.897305126407027420e-02
-9.099856404109102348e-01 4.133788508026071118e-01 3.231219653279829990e-02
-9.082786437627645704e-01 4.175035873768497829e-01 2.684544231459633917e-02
-9.081177770826964757e-01 4.179823854108943304e-01 2.475573445142653997e-02
-9.072891313239660471e-01 4.198887553912177828e-01 2.280094765028150075e-02
-9.059752667891163291e-01 4.227679705774267660e-01 2.181918774805987130e-02
-9.059444164784017373e-01 4.231142600640571128e-01 1.546140819738609645e-02
-9.025230784603499590e-01 4.305630619631413691e-01 8.219519280662520785e-03
-9.028507398000926720e-01 4.298116249450488202e-01 1.106917640400055178e-02
-9.004835572248757192e-01 4.348422323611587648e-01 6.450899183601384486e-03
-9.011211712309554756e-01 4.335019371129899546e-01 7.531483782628670479e-03
-8.984751584931807145e-01 4.389972849930887655e-01 4.877623900596745818e-03
-8.997416624965612897e-01 4.364211436243443654e-01 -1.242653636313025521e-03
-8.973795341959825977e-01 4.412414728046099022e-01 -3.994028721558869240e-03
-8.975043648574269062e-01 4.409834844780088914e-01 -4.415819591107782160e-03
-8.968597436799846667e-01 4.422630480665561969e-01 -6.783395516672870509e-03
-8.981349393126222269e-01 4.396476191317737481e-01 -7.976199989211823355e-03
-8.970549163826866401e-01 4.418082458204573015e-01 -9.897923830998422295e-03
-8.986085794784296477e-01 4.383970693012458897e-01 -1.762522869151746455e-02
-9.008600759478863074e-01 4.336638635370208550e-01 -1.966710994772634391e-02
-8.985406115430569773e-01 4.386276774222114261e-01 -1.518381580526362989e-02
-8.995897065905882339e-01 4.364302448831627324e-01 -1.634072827829265856e-02
-8.989734881639108721e-01 4.373823307102905900e-01 -2.331056893833805682e-02
-8.994547347914377822e-01 4.364096162161073544e-01 -2.297488183777672208e-02
-9.004110787435211094e-01 4.343095892208529429e-01 -2.520095772633673334e-02
-9.026572848118677994e-01 4.294874630706989049e-01 -2.739276458644892415e-02
-9.043872568303285009e-01 4.256021814067556530e-01 -3.076509682926063458e-02
-9.056164378303916962e-01 4.225233832727818273e-01 -3.650858214027312421e-02
-9.094436004674630869e-01 4.139297824082503463e-01 -3.967986096185677214e-02
-9.080898196305215997e-01 4.161744365974268112e-01 -4.660189286718181834e-02
-9.137880660939666777e-01 4.027085537807992832e-01 -5.307739490373980518e-02
-9.183172434482864688e-01 3.918162868058863713e-01 -5.633344336479749470e-02
-9.230669861648408414e-01 3.799992151845000832e-01 -5.956471080434073279e-02
-9.282771186205382996e-01 3.658282969765239145e-01 -6.686754049565694913e-02
-9.313936917040341879e-01 3.561054596227114510e-01 -7.546332248478436477e-02
-9.346487645378938058e-01 3.458003821074359663e-01 -8.278769966703583560e-02
-9.375564026553081520e-01 3.363945010734545882e-01 -8.846893349317437594e-02
-9.406562136316496403e-01 3.273466235842282246e-01 -8.949914296461186636e-02
-9.448995373757835825e-01 3.141819381852453130e-01 -9.194887128258226461e-02
-9.483858313238211490e-01 3.023687066146731328e-01 -9.559027834461752970e-02
-9.530352260469311387e-01 2.868796025402724492e-01 -9.707714858692974291e-02
-9.572895634167143397e-01 2.723747103051125107e-01 -9.699860911980193179e-02
-9.618853395435288389e-01 2.568898023475771342e-01 -9.372429706126461646e-02
-9.651296371092601412e-01 2.429117043484472216e-01 -9.756386856625577642e-02
-9.684815275079791119e-01 2.279762076908711799e-01 -1.003513871365471488e-01
-9.715614222259708610e-01 2.120758540792294922e-01 -1.053197868872480514e-01
-9.745557769586280505e-01 1.978336241845772003e-01 -1.053703814794060556e-01
-9.772551415968627753e-01 1.838928605259850246e-01 -1.056211468034079226e-01
-9.797169590182605026e-01 1.688312597942050741e-01 -1.079384493202688589e-01
-9.815153718532634297e-01 1.561873521489038907e-01 -1.106033858610212250e-01
-9.840422051865224118e-01 1.406204467832132265e-01 -1.090268374263741180e-01
-9.867879370104620795e-01 1.205231989956798699e-01 -1.082762611085319598e-01
-9.884876461220950539e-01 1.070293680121874313e-01 -1.069434922601535387e-01
-9.905450963414280663e-01 9.084864672104089878e-02 -1.027957100620936065e-01
-9.913633852101516597e-01 8.024582572589991636e-02 -1.037268936137224762e-01
-9.932134644420277381e-01 6.199623048324970354e-02 -9.840479274535099408e-02
-9.934080093296817626e-01 4.938410269168470174e-02 -1.034493093521176854e-01
-9.943333498552776595e-01 3.445543359664196559e-02 -1.005685552854004988e-01
-9.946221579886065367e-01 1.727967995457789854e-02 -1.021185459172646443e-01
-9.944072977663445112e-01 4.861460168626388634e-03 -1.055012537066922079e-01
-9.942479686964984520e-01 -8.151886365341089527e-03 -1.067920679830874492e-01
-9.940181257163778206e-01 -2.493541856313354066e-02 -1.063306769979951993e-01
-9.935417630621330431e-01 -4.585987741162448478e-02 -1.037865997872872564e-01
-9.923624946485452014e-01 -5.961878773083902766e-02 -1.079921343349918711e-01
-9.916076784004533851e-01 -7.296508877040196184e-02 -1.067254868895096964e-01
-9.900283636304516577e-01 -9.117207665795604155e-02 -1.073848841575727048e-01
-9.885277471607566424e-01 -1.074359456842250704e-01 -1.061622921743556047e-01
-9.872882761974942634e-01 -1.186739191105036229e-01 -1.057278685451407269e-01
-9.849927628009025327e-01 -1.345813553220414349e-01 -1.080608059699882245e-01
-9.837825939422604193e-01 -1.457691140462043511e-01 -1.045140892913486996e-01
-9.823005771692989718e-01 -1.578234380442718465e-01 -1.008829017870550848e-01
-9.791371797113838094e-01 -1.739545253017726056e-01 -1.050248936907497571e-01
-9.769750563610876126e-01 -1.874861800624567365e-01 -1.018267815456239400e-01
-9.739206767405005349e-01 -2.030380834590333750e-01 -1.012624012042955129e-01
-9.719892374159906367e-01 -2.121108586804270613e-01 -1.012221704516030329e-01
-9.693622397871377583e-01 -2.250064615068581020e-01 -9.853406557047469927e-02
-9.664503854312459508e-01 -2.387571993332211207e-01 -9.470308119460089935e-02
-9.619509177694171020e-01 -2.550697519308584571e-01 -9.792790663860208300e-02
-9.581073731033006302e-01 -2.703550822036933088e-01 -9.454317865545601440e-02
-9.551144960844419884e-01 -2.811294116407717092e-01 -9.339472531637353636e-02
-9.522659846995676913e-01 -2.917703634865374540e-01 -8.977511122109350927e-02
-9.505898176449947279e-01 -2.977807300371224097e-01 -8.778186936430426579e-02
-9.449768088776817621e-01 -3.156788280429643212e-01 -8.582382721433873263e-02
-9.400920305266797783e-01 -3.302068365267815664e-01 -8.479646419433330140e-02
-9.350058190232254374e-01 -3.446717518583229944e-01 -8.345970714468836649e-02
-9.312391995375153275e-01 -3.551206607833648499e-01 -8.174894664351907425e-02
-9.263707705224234479e-01 -3.675398974409103126e-01 -8.216836416622369521e-02
-9.214542691092852955e-01 -3.805939498880392402e-01 -7.791210509260340644e-02
-9.166966752210766733e-01 -3.923461161076188253e-01 -7.570833157759282450e-02
-9.083321268620995204e-01 -4.108669634121145942e-01 -7.823750161726053531e-02
-9.035946915277626168e-01 -4.213283099815717803e-01 -7.745391941732478192e-02
-8.983351572712404698e-01 -4.317871514213318940e-01 -8.095567998213955285e-02
-8.944571754653655171e-01 -4.406911327739312378e-01 -7.574765679236515614e-02
-8.896578821650844571e-01 -4.500341581678418135e-01 -7.731836785586863880e-02
-8.831094361143797533e-01 -4.638367212022545538e-01 -7.052120520491265976e-02
-8.800560694468795297e-01 -4.701484756841087798e-01 -6.679630143248159457e-02
-8.765602476757318184e-01 -4.770990900716672312e-01 -6.339251332219322799e-02
-8.715865076310236326e-01 -4.862028686027785040e-01 -6.279928752983154894e-02
-8.673822590377381347e-01 -4.945839162735743422e-01 -5.508889875342681125e-02
-8.615380245237194146e-01 -5.049075380799471491e-01 -5.310960824017536830e-02
-8.603894903459614607e-01 -5.072769854077098239e-01 -4.898984748509031123e-02
-8.544023895701984284e-01 -5.172966596975333564e-01 -4.899737483897619039e-02
-8.490137579873492379e-01 -5.259547795931386327e-01 -5.047007775424981746e-02
-8.439214740992033725e-01 -5.340698199123939949e-01 -5.065563332440089356e-02
-8.423911085613087213e-01 -5.372420543387635972e-01 -4.181166748240829761e-02
-8.351047020609818627e-01 -5.489276563312323054e-01 -3.575730253389741015e-02
-8.351005512134140885e-01 -5.489695180395400831e-01 -3.520735151915996286e-02
-8.336563427329246601e-01 -5.512641984753393620e-01 -3.353961366269487404e-02
-8.288912386532812926e-01 -5.584433024531620937e-01 -3.286962738502459402e-02
-8.215608261178838356e-01 -5.694182762376845952e-01 -2.829585843899101033e-02
-8.155500628901193316e-01 -5.781277632317326498e-01 -2.542448356852001351e-02
-8.136291573330516336e-01 -5.809725950455947308e-01 -2.187368847624972593e-02
-8.103904018409627819e-01 -5.854669709865545357e-01 -2.226752335114077705e-02
-8.098723331271212578e-01 -5.862238901172099892e-01 -2.117486256785148374e-02
-8.055939363174935419e-01 -5.921385294505505659e-01 -1.975833488202140623e-02
-8.051133988565120081e-01 -5.928444414786754324e-01 -1.810809981224653989e-02
-8.025106495927465389e-01 -5.964308504158375435e-01 -1.571362282967810053e-02
-8.015277409713946755e-01 -5.978525861450494361e-01 -1.120650289530727289e-02
-8.001742242257738891e-01 -5.996773197791552823e-01 -1.040879595282213736e-02
-8.014160430733199281e-01 -5.980659309143061542e-01 -7.034786578991557293e-03
-8.016518924505738886e-01 -5.977612689163409598e-01 -5.977353267382474154e-03
-8.032840109007775009e-01 -5.955818037776023921e-01 -4.139190391456978868e-03
-8.033482388445919442e-01 -5.955084152253138363e-01 -1.163876332103016414e-03
-8.047724066512158547e-01 -5.935421658862134464e-01 7.006496935836853401e-03
-8.032158408629426205e-01 -5.955284170048156245e-01 1.379267083338994032e-02
-8.020406622318485557e-01 -5.970320755836769910e-01 1.683737233762671454e-02
-8.027934460575705256e-01 -5.959974046208433851e-01 1.760104855816027256e-02
-8.033021743104689083e-01 -5.952105317233618020e-01 2.073788681575941539e-02
-8.055046878712183167e-01 -5.921758637582702489e-01 2.213514138554249430e-02
-8.049288880026956861e-01 -5.927430341117888579e-01 2.729837123441093694e-02
-8.069501172593206428e-01 -5.897513703867142132e-01 3.201327454218948904e-02
-8.058991034278301102e-01 -5.911257588965992404e-01 3.312087909362016608e-02
-8.088842380593042058e-01 -5.864265509918736852e-01 4.254656258245051448e-02
-8.122646321399237257e-01 -5.817465785626994013e-01 4.239228680294601648e-02
-8.188508748784085745e-01 -5.721603571389607401e-01 4.599772703068655960e-02
-8.215496957243559883e-01 -5.678297402318590592e-01 5.123967306183797865e-02
-8.278497174365986311e-01 -5.579525344259140818e-01 5.791230916140921448e-02
-8.308797795504762052e-01 -5.538028367506928618e-01 5.423311612075683991e-02
-8.351119583912359756e-01 -5.469383131258521713e-01 5.870706684054724511e-02
-8.386835225001633143e-01 -5.405892720192991829e-01 6.613024548622221943e-02
-8.430347619878633125e-01 -5.332184490389814124e-01 7.050175211265892472e-02
-8.481022180652403319e-01 -5.244311869516339319e-01 7.546243626931209425e-02
-8.534767880244837901e-01 -5.144148863490242141e-01 8.339495680490202623e-02
-8.587350725032314447e-01 -5.044623409983737261e-01 8.995467627874736971e-02
-8.645133755075797843e-01 -4.946581180737856798e-01 8.905050124542593371e-02
-8.733376982658224152e-01 -4.794385104781950790e-01 8.613942936584810528e-02
-8.801613998215569445e-01 -4.660031489286003969e-01 9.031609742853537182e-02
-8.859645462082383904e-01 -4.546617220016558880e-01 9.137594573192799052e-02
-8.929014825014406354e-01 -4.402530633868621535e-01 9.436209460271570426e-02
-9.009598603135553496e-01 -4.238801124424402822e-01 9.272002137304680147e-02
-9.047563513013763270e-01 -4.149149367854859105e-01 9.623700984619455723e-02
-9.091673924768360893e-01 -4.040180444014359051e-01 1.009162730965385973e-01
-9.144013288491475988e-01 -3.920782293812590802e-01 1.007218633341519509e-01
-9.220155110423541300e-01 -3.730450792084588074e-01 1.035605531892784814e-01
-9.262069513894091166e-01 -3.633488658831438012e-01 1.005897936370432344e-01
-9.323015665027855059e-01 -3.465139473831263528e-01 1.036431159838314825e-01
-9.356692046479776481e-01 -3.360332674372883410e-01 1.077256003662823425e-01
-9.401313533583040005e-01 -3.246997290831434846e-01 1.035526255781907823e-01
-9.431683753620287991e-01 -3.150247381738580099e-01 1.057962762492339892e-01
-9.476808111192867035e-01 -3.011300740755116778e-01 1.059329067912585937e-01
-9.511022832180777709e-01 -2.895407498335749730e-01 1.075668310218961116e-01
-9.549459207891298762e-01 -2.746503007677715269e-01 1.124523149428916374e-01
-9.580871678664899527e-01 -2.607430739852015789e-01 1.186678178057054833e-01
-9.631922846616101097e-01 -2.395854242432102488e-01 1.218994278306426149e-01
-9.663682888700613205e-01 -2.265548908605788947e-01 1.216767640826974528e-01
-9.702658056542917686e-01 -2.096996185495396403e-01 1.208733200029451643e-01
-9.742103733899858398e-01 -1.890802613871440108e-01 1.231374296016316539e-01
-9.768769390820326581e-01 -1.730941151118427779e-01 1.254985931314731851e-01
-9.795902353642519378e-01 -1.564820979867140860e-01 1.261600078161247140e-01
-9.824674524686393129e-01 -1.365391055485505600e-01 1.269440876160676523e-01
-9.853731231112260458e-01 -1.147295875189551784e-01 1.260037850141619287e-01
-9.881631854439512086e-01 -9.238165204607634573e-02 1.224711097440084051e-01
-9.891891597854394202e-01 -7.862421032300981327e-02 1.237863610519813057e-01
-9.899921831997773314e-01 -5.699494773982351215e-02 1.291010350103395932e-01
-9.913115324562042918e-01 -3.624952376474704224e-02 1.264414551864330438e-01
-9.915337775002217580e-01 -2.520164357012450243e-02 1.273800189326612931e-01
-9.917791208594253227e-01 -8.386718654574826237e-03 1.276865787012209930e-01
-9.922065640036955569e-01 7.924797572221135844e-03 1.243517406469788339e-01
-9.921849485682906478e-01 2.489362207002770999e-02 1.222675693103104366e-01
-9.914965924933276664e-01 3.877464846153164807e-02 1.242218059732454055e-01
-9.910077951196742951e-01 5.590255339782320559e-02 1.215667614352739512e-01
-9.897880268817634830e-01 7.395686164029129095e-02 1.218608527841232442e-01
-9.892391571368279735e-01 8.902883968751555688e-02 1.161024484187824224e-01
-9.875741273153023636e-01 1.092597899368448477e-01 1.129586812425626974e-01
-9.853204243399674711e-01 1.302700093619500177e-01 1.103331689266462412e-01
-9.827137254821421974e-01 1.480781822167347439e-01 1.111152913915000456e-01
-9.798947767956993626e-01 1.661785651550381770e-01 1.104125587455516144e-01
-9.769549057806781178e-01 1.847500847092590492e-01 1.068949951618454741e-01
-9.735836630341366815e-01 2.018765332677025792e-01 1.066805422677502280e-01
-9.687354209183830500e-01 2.227599645284618068e-01 1.092231869603208089e-01
-9.647695702489396119e-01 2.408107274719366309e-01 1.059711831376315000e-01
-9.611682648179534771e-01 2.559951363426794524e-01 1.030634685198080630e-01
-9.589215736927210187e-01 2.654838152336445600e-01 9.993888592355495981e-02
-9.551970596050399775e-01 2.783913144232099124e-01 1.004832074401165037e-01
-9.512610847407463321e-01 2.939268326176901480e-01 9.332409412856981779e-02
-9.472665182497588265e-01 3.074193468404426977e-01 9.044063931252525890e-02
-9.444534568349350900e-01 3.174597761140712793e-01 8.501163828909495679e-02
-9.401025527899312673e-01 3.297125901172197060e-01 8.658417035116115767e-02
-9.352962193328533402e-01 3.427519208576372267e-01 8.798933648140547237e-02
-9.304246511942559916e-01 3.563312159739061569e-01 8.566243849977740743e-02
-9.258639803588671890e-01 3.694973277968757186e-01 7.904198014258174976e-02
-9.206900605326914233e-01 3.816622887975499867e-01 8.163167250312371170e-02
-9.159796139282488925e-01 3.935894676381134771e-01 7.790184801207926391e-02
-9.127202893354785518e-01 4.018977932249364615e-01 7.361967967080877695e-02
-9.105640883385998086e-01 4.082030568091974398e-01 6.514081212355071759e-02
-9.077855387153525024e-01 4.150562600393678525e-01 6.044614662569329500e-02
-9.022872591523624086e-01 4.279991787850103147e-01 5.190784557157736290e-02
-8.998168050256388772e-01 4.334882009319990792e-01 4.917028093880555090e-02
-8.962345604332433435e-01 4.415118474898322432e-01 4.278925079308645851e-02
-8.930310977776890757e-01 4.480854829068758871e-01 4.141107487358292732e-02
-8.921409608144654779e-01 4.497983201974756762e-01 4.202375395938847541e-02
-8.873035458506928208e-01 4.592986253934558949e-01 4.167983824758389466e-02
-8.848176843899614452e-01 4.644346945511543256e-01 3.739115530555449374e-02
-8.823462317214793016e-01 4.696926132378058116e-01 2.922318970326262533e-02
-8.810930837103667645e-01 4.721652373695592320e-01 2.711060390720471461e-02
-8.804065350209929752e-01 4.738148625388126645e-01 1.959151591539309498e-02
-8.803840567775430559e-01 4.738127303374656818e-01 2.062589415192164072e-02
-8.762264387691618417e-01 4.814589291313499109e-01 2.060451234700732409e-02
-8.738880790117764530e-01 4.855732103212280215e-01 2.320131695053532367e-02
-8.712634729495241093e-01 4.904344054441598932e-01 1.934096507729182735e-02
-8.712420260889250923e-01 4.906377974390063179e-01 1.455685361523563828e-02
-8.685093142028852409e-01 4.955602881528944348e-01 1.056363038030210671e-02
-8.685200001594123309e-01 4.956155517046702541e-01 6.184868194477119788e-03
-8.672490442780405040e-01 4.978353811710764520e-01 6.248745207324618404e-03
-8.674245228189865209e-01 4.975075979505403923e-01 7.804201444509354865e-03
-8.653147373737809511e-01 5.011791466046201515e-01 7.063047436982495576e-03
-8.635443792887024239e-01 5.042404541246111593e-01 5.717319769615006493e-03
-8.631570156690284712e-01 5.049319244402327156e-01 1.932955719481481861e-03
-8.628710147103845207e-01 5.054197451924514750e-01 2.124024061597562085e-03
-8.627219052865652271e-01 5.056399491033632954e-01 -6.258948006999599106e-03
-8.643643008921624293e-01 5.028021333803717186e-01 -8.024241767415658463e-03
-8.661712927762817982e-01 4.996968263769195895e-01 -7.098712267843670931e-03
-8.660860961703666927e-01 4.997285388455722233e-01 -1.289495829004987451e-02
-8.699300937080579610e-01 4.927775070681840175e-01 -1.979846543631342409e-02
-8.725166415416867327e-01 4.881389811896562625e-01 -2.085818698285430220e-02
-8.737307988400128123e-01 4.860264919921920557e-01 -1.930696524070770262e-02
-8.784850066560435655e-01 4.770569968985668430e-01 -2.609087817197761061e-02
-8.800345651120757839e-01 4.742212202527267273e-01 -2.556203451423016623e-02
-8.807417851390059171e-01 4.729087300377360914e-01 -2.551979824893264512e-02
-8.829204995892909746e-01 4.683158295998463005e-01 -3.364066612638897530e-02
-8.841798375636905627e-01 4.654234326148054546e-01 -4.008818615123911633e-02
-8.844225152259255207e-01 4.645744754827653145e-01 -4.435527911373817606e-02
-8.886279031521086003e-01 4.560765406643657038e-01 -4.831830168403279668e-02
-8.934726174012239674e-01 4.469966991070431495e-01 -4.359647126382933807e-02
-8.955979177001233138e-01 4.431369970822929827e-01 -3.916619733548962201e-02
-8.976761877431564951e-01 4.385166331100253112e-01 -4.336639134275508539e-02
-9.028915507469991164e-01 4.276014274952185112e-01 -4.408952581131425630e-02
-9.045656643415614928e-01 4.238806057134194560e-01 -4.567505342258084550e-02
-9.080361701463346424e-01 4.159318214483083698e-01 -4.970969105254290088e-02
-9.113432062536700462e-01 4.084333211421911081e-01 -5.134006711786773258e-02
-9.128994469979309079e-01 4.054959999167834783e-01 -4.677193148051853044e-02
-9.183799271811443621e-01 3.934868091963473757e-01 -4.179067260362133440e-02
-9.180253361245820365e-01 3.940006746297554652e-01 -4.464269938209398242e-02
-9.227960960963496051e-01 3.824983905200097234e-01 -4.628570390340162877e-02
-9.254282965924061077e-01 3.760113699139190357e-01 -4.688216816397396819e-02
-9.277855974097629632e-01 3.698487381028164322e-01 -4.925257729019979352e-02
-9.314051093223087996e-01 3.608798157243165994e-01 -4.743733811445417087e-02
-9.360927933070576357e-01 3.484370217304328388e-01 -4.818655803001170579e-02
-9.389581717179298348e-01 3.401970165039053251e-01 -5.122071926348147758e-02
-9.424049282248007087e-01 3.301537068619309623e-01 -5.358639568739266557e-02
-9.470235902334087630e-01 3.166223582335526698e-01 -5.382027987016652082e-02
-9.498078081401533090e-01 3.079757105205295775e-01 -5.491912320886952609e-02
-9.515284164317152626e-01 3.026109539615793875e-01 -5.495729283427389783e-02
-9.541205965038014325e-01 2.955408529660472072e-01 -4.805738524149568563e-02
-9.565594833862678392e-01 2.870609116839240027e-01 -5.089212616088435726e-02
-9.584411969033049816e-01 2.798175420328194440e-01 -5.561147565292767075e-02
-9.618961076461726156e-01 2.672262298584991980e-01 -5.784497632709049986e-02
-9.646696709580131479e-01 2.573145544169356258e-01 -5.658327541464056032e-02
-9.677478723843070396e-01 2.453351701724575673e-01 -5.722526423052223810e-02
-9.694725498412761766e-01 2.391449012893524795e-01 -5.415452190768010182e-02
-9.715589664623340838e-01 2.308040703012164407e-01 -5.294031308862050950e-02
-9.718442102626380086e-01 2.285372214052799333e-01 -5.735495147783593178e-02
-9.743213958606037339e-01 2.193961983730232934e-01 -5.062752801814240922e-02
-9.768367166733367135e-01 2.084877947789564034e-01 -4.819635833876442094e-02
-9.777571242875037205e-01 2.040508168304205061e-01 -4.852103291684672914e-02
-9.800412676670724466e-01 1.927313769672818200e-01 -4.872115144942318343e-02
-9.823672106123083614e-01 1.813705714740306840e-01 -4.538061055079199713e-02
-9.834299316870828145e-01 1.748037614228106218e-01 -4.805450175632224041e-02
-9.843505011231215018e-01 1.709010383256487908e-01 -4.297611668926579892e-02
-9.847273635172432149e-01 1.688047885510064461e-01 -4.262608901323444027e-02
-9.866243248685955258e-01 1.574490124532795798e-01 -4.221694653559265875e-02
-9.873776689280584495e-01 1.529484063116055836e-01 -4.113568291187261888e-02
-9.885766396070487794e-01 1.447791070278284520e-01 -4.189580319498558553e-02
-9.900124175032667395e-01 1.339046001172409239e-01 -4.410206328324218356e-02
-9.909682082693600513e-01 1.256557363097150215e-01 -4.682592156825115398e-02
-9.921049749137137441e-01 1.156884700682523637e-01 -4.841402274953311713e-02
-9.931403200858486269e-01 1.068302566217668309e-01 -4.753547890081629562e-02
-9.937880748038490086e-01 9.989279108835005805e-02 -4.905826745236206710e-02
-9.949743617684490005e-01 8.623654348458087426e-02 -5.088515544583452344e-02
-9.958113659039565801e-01 7.208645088973131276e-02 -5.624312235525349979e-02
-9.966239998840917824e-01 6.174379337397820078e-02 -5.411403215511909059e-02
-9.968290992418095131e-01 5.754977428479265272e-02 -5.495263471870473482e-02
-9.975674642850128615e-01 4.665231975824749716e-02 -5.179514097751562740e-02
-9.983083517923004857e-01 3.928123697909564893e-02 -4.286537297786795903e-02
-9.987386994227109849e-01 2.832005109449114294e-02 -4.146089639032722596e-02
-9.987789747978146337e-01 2.219208279322232996e-02 -4.413719553523526296e-02
-9.989980827105162664e-01 1.821347840936453355e-02 -4.087934555353763683e-02
-9.991576864101038291e-01 8.597439963545587191e-03 -4.012508673774492496e-02
-9.993499013109152784e-01 -5.923131913909245039e-04 -3.604781062769527034e-02
-9.992622428384098088e-01 -5.324138160747611363e-03 -3.803477851364615858e-02
-9.992432504198517362e-01 -9.547016903259273116e-03 -3.770678638263338239e-02
-9.993515457209770636e-01 -1.274605756407483359e-02 -3.367561115228975138e-02
-9.993057591773443216e-01 -1.352116227333379460e-02 -3.471596974249316347e-02
-9.992151234385865388e-01 -1.631567919769049205e-02 -3.609648769572201127e-02
-9.992421069971657577e-01 -1.987607902586892988e-02 -3.346899716435128291e-02
-9.990591423063686083e-01 -2.158693386400638986e-02 -3.761456119636271550e-02
-9.989114188998977628e-01 -2.234436060435151389e-02 -4.094786336544478655e-02
-9.986861125389444593e-01 -2.810839498643967482e-02 -4.284842600679608648e-02
-9.984700299597120132e-01 -3.295989651117545854e-02 -4.439893490703612777e-02
-9.983755799030067379e-01 -3.861490819308156797e-02 -4.189404683844322186e-02
-9.984135909757553273e-01 -4.162737186610610679e-02 -3.791416682004864619e-02
-9.981656869859594217e-01 -4.520347636202165509e-02 -4.027316541762107627e-02
-9.978908896265564765e-01 -5.187374021339198615e-02 -3.902445676462352325e-02
-9.975689107434090319e-01 -5.902286345058682659e-02 -3.704849007062373245e-02
-9.974926646206070391e-01 -6.227648651110658656e-02 -3.361612650601776553e-02
-9.972934321287527659e-01 -6.405167548148589518e-02 -3.610005322587493681e-02
-9.970764143280597125e-01 -6.883728706704529687e-02 -3.316734162394872204e-02
-9.969113827939033445e-01 -7.191529904861572453e-02 -3.155796638409449906e-02
-9.961789756973231658e-01 -8.163938851235519323e-02 -3.102384907458550362e-02
-9.955166984779992845e-01 -9.080715824905516431e-02 -2.646853486273542666e-02
-9.951311648376466312e-01 -9.507148234708258372e-02 -2.598842580486071183e-02
-9.946208060832018027e-01 -1.004123156663826455e-01 -2.543303354579773065e-02
-9.937155251142245627e-01 -1.090333858898766273e-01 -2.532185089600127656e-02
-9.937158279498774505e-01 -1.092568717459448946e-01 -2.432713469655311753e-02
-9.930023204586901908e-01 -1.167341286301149528e-01 -1.787608507617886519e-02
-9.932305567753419995e-01 -1.145041937337085286e-01 -1.954150278650093955e-02
-9.932750641973201455e-01 -1.143979350710476739e-01 -1.782635479253719471e-02
-9.930145708098487844e-01 -1.160385384833201305e-01 -2.138081946494203509e-02
-9.925447760321137736e-01 -1.201634564640825104e-01 -2.038702876824241561e-02
-9.921555383349247581e-01 -1.224599475051267178e-01 -2.511909042972400308e-02
-9.912538933406612740e-01 -1.291791853490820430e-01 -2.699030889643376507e-02
-9.912432632430915325e-01 -1.303897610442630306e-01 -2.086439537204923256e-02
-9.910815661703190615e-01 -1.316756454759510087e-01 -2.046639410009252341e-02
-9.909276374874367299e-01 -1.330963955467673876e-01 -1.864903346937824349e-02
-9.906366333866982732e-01 -1.360554665737941926e-01 -1.131327780395310553e-02
-9.910580262963678555e-01 -1.330607902469848891e-01 -9.941543335770214318e-03
-9.907876200732282923e-01 -1.351733264161471548e-01 -8.251266615924072317e-03
-9.910986001493889974e-01 -1.330452338765119313e-01 -4.748708455724031351e-03
-9.912880643882819864e-01 -1.317117764271253377e-01 3.343896344871078591e-05
-9.916413589301027454e-01 -1.289376770851615450e-01 -4.744519964580770285e-03
-9.922191753204239184e-01 -1.244997232370777529e-01 -9.731081799323375650e-04
-9.924572437050227514e-01 -1.225440850440040474e-01 3.403911398223533925e-03
-9.929367909907318435e-01 -1.185353596751928251e-01 5.090936658599645205e-03
-9.926849073003191082e-01 -1.204954619420220002e-01 7.585411515582542175e-03
-9.922546637946295656e-01 -1.238135536973770379e-01 1.004520082868699121e-02
-9.926469304080056677e-01 -1.207492424510800272e-01 8.468289622644478015e-03
-9.925775740183885310e-01 -1.214968202640933082e-01 5.319978761328095565e-03
-9.931264277375658756e-01 -1.169660578017602537e-01 4.342785922613431882e-03
-9.936354502927527976e-01 -1.122989616248689648e-01 8.806547958522197017e-03
-9.933961245398409412e-01 -1.138228219436339256e-01 1.444039637517512478e-02
-9.938183459097840178e-01 -1.096170493803233781e-01 1.758459686480862844e-02
-9.937430416349343210e-01 -1.093861517390950777e-01 2.257116015802141870e-02
-9.938802919828519933e-01 -1.082575242676319938e-01 2.196119087920639021e-02
-9.941197150632121726e-01 -1.070517449909485913e-01 1.630755311976363545e-02
-9.944065341419725534e-01 -1.046269953634730437e-01 1.445188368395666084e-02
-9.949366558768263369e-01 -9.954506685594935456e-02 1.385101711082999294e-02
-9.947994824207598841e-01 -1.010570523714697522e-01 1.270756363728879103e-02
-9.952572706574064343e-01 -9.628001324521497095e-02 1.389764462497446174e-02
-9.954411770811516513e-01 -9.294241988420889888e-02 2.141471391906074953e-02
-9.960015575294913770e-01 -8.597991260032941674e-02 2.425639386113728063e-02
-9.959836251225383519e-01 -8.630823799629824822e-02 2.382282850222287168e-02
-9.965322851100505419e-01 -7.977687827789151087e-02 2.364476771255937318e-02
-9.968173853733975909e-01 -7.600410325347847773e-02 2.405196717214545463e-02
-9.971832192537126716e-01 -7.087551714336422226e-02 2.454198313270239060e-02
-9.975359084564678902e-01 -6.595013767313266662e-02 2.393138719836504849e-02
-9.975748792346426086e-01 -6.396148008748082925e-02 2.744649421798512137e-02
-9.982456365805926213e-01 -5.263833919766480046e-02 2.710857664538206604e-02
-9.979530250735813013e-01 -5.339357932478812352e-02 3.519809806199496877e-02
-9.982676646634699447e-01 -4.950922625195400273e-02 3.178878453935450599e-02
-9.984355447171827658e-01 -4.576517344224837608e-02 3.212526380026945599e-02
-9.986823344708035677e-01 -4.185365976433881585e-02 2.969657423419129472e-02
-9.989052271936601501e-01 -3.705239105409997152e-02 2.855674879156465049e-02
-9.991242475157742220e-01 -3.270468632658916908e-02 2.609908008909854818e-02
-9.992737006279664991e-01 -2.970518857734523802e-02 2.386825109032237116e-02
-9.993699003918418144e-01 -2.857572116280314087e-02 2.105352121874008373e-02
-9.994647154817872803e-01 -2.081346636019651072e-02 2.524089330702086742e-02
-9.994525027414260521e-01 -2.025711672299826405e-02 2.616036239503185742e-02
-9.996334940620470455e-01 -1.507653893311365970e-02 2.248546004827048708e-02
-9.996912746842695485e-01 -1.368288922290730736e-02 2.074016010209828870e-02
-9.996509064482027584e-01 -9.631466953822526156e-03 2.460326391502389715e-02
-9.996885029284918733e-01 -7.460387243788785781e-03 2.381722577106425501e-02
-9.996260159007570589e-01 -2.475237676897138958e-03 2.723457615115847108e-02
-9.994570994561249311e-01 -4.672061042244749288e-05 3.294730439709703251e-02
-9.993148580520863078e-01 9.829779512135447192e-03 3.568207713659605346e-02
-9.991686008849252065e-01 1.787397101151680726e-02 3.664217417855176323e-02
-9.991800842469585886e-01 2.273757741083152345e-02 3.349899225419409460e-02
-9.990164957142341207e-01 2.902654788909824965e-02 3.351897184936988155e-02
-9.987114593224259984e-01 3.558818316836136197e-02 3.617904187630364976e-02
-9.985352001422840296e-01 3.841889514100287756e-02 3.809807653290980811e-02
-9.984469023052237047e-01 4.311768031687996522e-02 3.527987590202025237e-02
-9.979893781849606960e-01 5.236516671101228149e-02 3.570869779084664269e-02
-9.976840338744963343e-01 5.619146380829617010e-02 3.832895465373478000e-02
-9.973573439503514715e-01 6.416705162488547942e-02 3.407254675087042356e-02
-9.969263847758990105e-01 6.766638178175356233e-02 3.948499458523913042e-02
-9.962774144922738051e-01 7.665166536852141554e-02 3.944434370963981196e-02
-9.957552572660797185e-01 8.227906399917883640e-02 4.125098803744656206e-02
-9.958485739233009504e-01 8.125288200965580243e-02 4.103178939504921463e-02
-9.960487944356746226e-01 8.207366010264369183e-02 3.392247302366139389e-02
-9.956425808401918598e-01 9.005167273759842606e-02 2.421916322941227578e-02
-9.952595554906014108e-01 9.396037556329966955e-02 2.509751867039966208e-02
-9.951149559542546985e-01 9.605692974834469100e-02 2.278839766698822003e-02
-9.948265297857670220e-01 9.855543590557182265e-02 2.463781832328706956e-02
-9.944514535363783159e-01 1.016198234731326422e-01 2.719813363636187226e-02
-9.939754421538726792e-01 1.065395324348331757e-01 2.573264056829451668e-02
-9.936191008291238580e-01 1.109414635129512133e-01 2.032472186283826657e-02
-9.931744476794917009e-01 1.148408582433013969e-01 2.039887091478808853e-02
-9.924884417692043659e-01 1.199746272065936870e-01 2.393328425733876400e-02
-9.921209567839317511e-01 1.224629795297977747e-01 2.643569809205806309e-02
-9.911146619144052261e-01 1.312236576837925717e-01 2.172783844101348893e-02
-9.907951243040935552e-01 1.336690473134890256e-01 2.139223702729103199e-02
-9.906199928258166976e-01 1.352832712138243298e-01 1.924803059090553908e-02
-9.895857008517559006e-01 1.426040180731009133e-01 1.960242445305812944e-02
-9.899067699041819157e-01 1.409243269536796794e-01 1.499804635112617773e-02
-9.894713259364534830e-01 1.440431511165375100e-01 1.407430890426955745e-02
-9.897829768074464241e-01 1.421991469572280176e-01 1.044422771920986044e-02
-9.904070885423942316e-01 1.378259827084839795e-01 9.890295099601622425e-03
-9.894404971057099152e-01 1.447322319173381389e-01 7.752688858317964213e-03
-9.897798407670078680e-01 1.425550933742769644e-01 3.732652908197199235e-03
-9.895063386972589026e-01 1.443626476869379061e-01 6.054107983572030657e-03
-9.901108086001708664e-01 1.402863099515986589e-01 5.989442885794568974e-04
-9.897602726281838903e-01 1.427395607960350032e-01 -2.032234938562922210e-04
-9.893219422610778357e-01 1.456945557502746791e-01 -3.900222043007338206e-03
-9.892007226410998166e-01 1.464041751005657199e-01 -6.911482572377887316e-03
-9.899569163160644170e-01 1.413174969436953310e-01 -3.832680185223385876e-03
-9.903000385786702164e-01 1.388164348517415825e-01 -5.987618582390335717e-03
-9.901525151611378917e-01 1.398318086099362700e-01 -6.714356858813810315e-03
-9.890861171746510028e-01 1.469260579965065150e-01 -1.101847706263607216e-02
-9.888051113941596082e-01 1.488882571763654461e-01 -9.836621146950134606e-03
-9.901984107516254019e-01 1.389701128271534358e-01 -1.394402987497141838e-02
-9.907661340978546338e-01 1.349469342138985561e-01 -1.310775837414171821e-02
-9.907237161190329822e-01 1.347997612853548410e-01 -1.719196196272620297e-02
-9.911329711794832908e-01 1.317628397984719202e-01 -1.714667222244802003e-02
-9.915490388481353889e-01 1.283641697155051831e-01 -1.879266894601584748e-02
-9.917560263635609719e-01 1.264937668511951496e-01 -2.047759893337213269e-02
-9.914886057143545983e-01 1.286040683545868479e-01 -2.028199400818781958e-02
-9.915567888068675950e-01 1.284615969942690672e-01 -1.768540680405440713e-02
-9.915772376678078093e-01 1.288259505014496265e-01 -1.335953545584733088e-02
-9.911747491277187461e-01 1.321575024206223525e-01 -1.034563983822886502e-02
-9.907501369522742074e-01 1.352098035881594829e-01 -1.151069706204836673e-02
-9.911142794845417825e-01 1.325526289912452582e-01 -1.105922898589865866e-02
-9.908457752759857184e-01 1.346062587198452731e-01 -1.028716389492639535e-02
-9.907084189767378923e-01 1.354183822640522283e-01 -1.259806828150647831e-02
-9.907161447727491632e-01 1.354250160250907997e-01 -1.189985430838605938e-02
-9.903692767754055382e-01 1.376636321344400504e-01 -1.474588012639068899e-02
-9.903573204390432316e-01 1.380806183410985821e-01 -1.123128156666290678e-02
-9.901761781820729302e-01 1.393330520505784154e-01 -1.172423810914543195e-02
-9.907932838897385297e-01 1.352215506203213735e-01 -6.619799873573515604e-03
-9.911498828627622881e-01 1.323557044872931687e-01 -1.019304407902203551e-02
-9.912864212825190924e-01 1.314169873616758133e-01 -8.990404220212430339e-03
-9.910067834096012440e-01 1.336066603665618802e-01 -7.405169347407666511e-03
-9.912548826910810851e-01 1.315560042572242183e-01 -1.033423081093041984e-02
-9.916652042599922723e-01 1.282069209005773092e-01 -1.277220255751001891e-02
-9.914603796860322893e-01 1.288408386012523388e-01 -2.015874284987584364e-02
-9.916205161653027789e-01 1.277835330347770748e-01 -1.897739948109530145e-02
-9.920210952159135287e-01 1.240517834730700819e-01 -2.247938686029861757e-02
-9.922997628832140871e-01 1.211678588294349546e-01 -2.568174222582197616e-02
-9.922920456344568318e-01 1.213290699651052851e-01 -2.521456459506423928e-02
-9.922907963367404438e-01 1.207443419202789553e-01 -2.792491247252928618e-02
-9.930510371368869160e-01 1.133622022591325162e-01 -3.160174728768737340e-02
-9.933716817593499782e-01 1.111227731073256009e-01 -2.940157878611443856e-02
-9.935235975906058226e-01 1.072956932110482597e-01 -3.739675457406165665e-02
-9.939480457389736623e-01 1.020556638439181624e-01 -4.064413760071314274e-02
-9.940622720534650902e-01 9.934107166742009443e-02 -4.440239713512535158e-02
-9.943371580603246329e-01 9.594638476480880918e-02 -4.569386668118706474e-02
-9.952922423981473976e-01 8.366532431487001820e-02 -4.892328717877862665e-02
-9.958202864468934656e-01 7.629627298687002845e-02 -5.020814843142383521e-02
-9.966321292610504923e-01 6.736886075856242384e-02 -4.675315749905704227e-02
-9.968587494778283764e-01 6.142728047777031714e-02 -4.999345143989346318e-02
-9.975901164399924026e-01 4.944167789798992185e-02 -4.867753467184778027e-02
-9.979795428886825137e-01 3.812622662655958811e-02 -5.082563508260306423e-02
-9.980414142650279041e-01 3.380033684809245070e-02 -5.263929209518560665e-02
-9.981665414093273681e-01 2.385686302460466451e-02 -5.562758430683172745e-02
-9.985517441480941114e-01 1.806771652235972594e-02 -5.067538079405772833e-02
-9.985424452856000999e-01 9.098351471076134012e-03 -5.319988210371937032e-02
-9.985320349878450408e-01 4.995255870845799646e-03 -5.393370961930465252e-02
-9.986714292917205915e-01 1.457391651087460577e-03 -5.150994842542336305e-02
-9.988273144406057957e-01 -8.295837276860701381e-03 -4.769902593936650032e-02
-9.987729844983203042e-01 -1.387072198338996400e-02 -4.754104083505403255e-02
-9.984946039767290671e-01 -2.345193186155643608e-02 -4.958381615761596473e-02
-9.983534535015814448e-01 -3.064252939475160115e-02 -4.849164136154755084e-02
-9.977495462618611866e-01 -4.186605185696923304e-02 -5.237460275786087055e-02
-9.973036280850173796e-01 -5.043580439106604141e-02 -5.330783686243941583e-02
-9.967244661273321205e-01 -6.042754209609943472e-02 -5.374823922237687707e-02
-9.962385955262119674e-01 -6.620192453482466599e-02 -5.591053974800265502e-02
-9.959821312045468167e-01 -7.097520635213319662e-02 -5.460894488891636367e-02
-9.957435941145712510e-01 -7.659758621509388243e-02 -5.125940904147563426e-02
-9.948480091219649157e-01 -8.750341953697027275e-02 -5.119192086075875781e-02
-9.941957192830240819e-01 -9.435932439644516279e-02 -5.168377043850911484e-02
-9.930288691871812512e-01 -1.047808523133990505e-01 -5.398759607105706182e-02
-9.921928196989547866e-01 -1.134812217017491798e-01 -5.172468846233822803e-02
-9.907820289709676764e-01 -1.266762575245175271e-01 -4.800124227354838485e-02
-9.897965263753718546e-01 -1.337512736883140207e-01 -4.912693420509696429e-02
-9.887320772809918834e-01 -1.403404583040331610e-01 -5.209086025227541855e-02
-9.871716802205486863e-01 -1.518738172725875024e-01 -4.925890662910756279e-02
-9.858731599410294200e-01 -1.603045605667431928e-01 -4.854464776891629502e-02
-9.842782450357356883e-01 -1.703358871344303471e-01 -4.671235683974031550e-02
-9.834340841938898903e-01 -1.751045645516668969e-01 -4.685953373519318593e-02
-9.823851711183314572e-01 -1.817260672839603186e-01 -4.353199210890459220e-02
-9.807203429662310068e-01 -1.893756161589296994e-01 -4.821314775309273187e-02
-9.796644402849749023e-01 -1.955150025214405785e-01 -4.507206205339862187e-02
-9.779882850127640248e-01 -2.043513890774365793e-01 -4.218348798369733754e-02
-9.769589051565138460e-01 -2.097874382778137647e-01 -3.924985086641811366e-02
-9.752154826512187125e-01 -2.180875191863149154e-01 -3.731780695515318769e-02
-9.745185955911132014e-01 -2.209188969022352622e-01 -3.883774197989998955e-02
-9.728424431556829122e-01 -2.282424739551878468e-01 -3.850943019357992020e-02
-9.715615920159601515e-01 -2.341647010908064208e-01 -3.514239348391336865e-02
-9.702039138476852287e-01 -2.400039887486490608e-01 -3.320350998855844948e-02
-9.687439467157287210e-01 -2.461882615624232107e-01 -3.043891530979491236e-02
-9.685852910812752237e-01 -2.472339137452062297e-01 -2.679454811998321917e-02
-9.665706536209113242e-01 -2.544444181359353241e-01 -3.161062794305523338e-02
-9.654319954011773008e-01 -2.590239178563757960e-01 -2.911519179796259738e-02
-9.637295707772365327e-01 -2.653717790798859055e-01 -2.833999673874098776e-02
-9.630447179165102511e-01 -2.678421700488916590e-01 -2.838072188117532826e-02
-9.607417130186187704e-01 -2.757824885859121444e-01 -3.032164494740107602e-02
-9.600503985882709035e-01 -2.786457691401665326e-01 -2.568637233072308332e-02
-9.588835391125374308e-01 -2.827485567500697128e-01 -2.440561969433594630e-02
-9.574086126908157857e-01 -2.875631216774187093e-01 -2.600426254283736208e-02
-9.564293742340866933e-01 -2.911703218378636215e-01 -2.151088065366892760e-02
-9.553640492857922162e-01 -2.948386087437511738e-01 -1.870161230122508594e-02
-9.558194130508215203e-01 -2.936254746866915899e-01 -1.390512482924045369e-02
-9.541104048675070892e-01 -2.992714237869444349e-01 -1.048677458472921896e-02
-9.532911714199800990e-01 -3.018221232540537202e-01 -1.180553462651454111e-02
-9.529988592499561983e-01 -3.028610985427022673e-01 -8.267496464597427416e-03
-9.522261648003331747e-01 -3.053644234994679629e-01 -4.233457779213479696e-03
-9.523231397807001564e-01 -3.050590970142399438e-01 -4.427979301889265612e-03
-9.531761476047264647e-01 -3.023229573718421159e-01 -7.488878140384640572e-03
-9.520416152367181528e-01 -3.058966895585409906e-01 -6.633279283364406330e-03
-9.544577606530152414e-01 -2.983442621796752459e-01 -1.052069761154158026e-03
-9.539042461646918269e-01 -3.001111646380135167e-01 -2.225139654681495757e-05
-9.551229431242761470e-01 -2.961261562302697214e-01 7.034613325458885860e-03
-9.547428271911482245e-01 -2.972229030405819650e-01 1.116702810490174426e-02
-9.554316745569713110e-01 -2.948007945748533642e-01 1.558298944833673774e-02
-9.565210907430237164e-01 -2.911825393141892482e-01 1.673781859628392654e-02
-9.575725758901275642e-01 -2.874182697604060199e-01 2.110741546087979703e-02
-9.574247409698478650e-01 -2.875050468978755380e-01 2.605256749914232339e-02
-9.578673676752941235e-01 -2.859267034194642454e-01 2.713022508793195425e-02
-9.592248845893939224e-01 -2.810529315141784279e-01 2.994818070573646365e-02
-9.621160250458867802e-01 -2.701422430842423950e-01 3.682317681547023214e-02
-9.631578455533480465e-01 -2.654746059811011749e-01 4.301420695369495562e-02
-9.654308528686849078e-01 -2.574050290928216467e-01 4.106023702924081753e-02
-9.676162802180720002e-01 -2.493914960974044359e-01 3.902101456949862157e-02
-9.687456685851415505e-01 -2.451413570399896824e-01 3.791527787154427842e-02
-9.701564149482616584e-01 -2.398391499292049089e-01 3.568944167825068015e-02
-9.715426283858843437e-01 -2.349675730386822647e-01 2.991963093532921947e-02
-9.724457602752264451e-01 -2.313622394686493111e-01 2.864927409029148844e-02
-9.725143407349713387e-01 -2.307082589859782429e-01 3.145758655013845134e-02
-9.723305982883718723e-01 -2.311074007582560041e-01 3.409692662012883679e-02
-9.737990420595601382e-01 -2.245558279087207232e-01 3.591837111682899542e-02
-9.753410105076812942e-01 -2.175208186866290083e-01 3.734474948420862805e-02
-9.768162819726007307e-01 -2.110050009283193362e-01 3.615058000595783999e-02
-9.776968026964795166e-01 -2.078716982565528282e-01 2.997236335194205376e-02
-9.782353551186956375e-01 -2.048661194390621054e-01 3.294672483004566083e-02
-9.786503368912845557e-01 -2.026449854338081835e-01 3.433003876963686835e-02
-9.798659744054775134e-01 -1.965593105167436350e-01 3.503046201598528087e-02
-9.805786053670679792e-01 -1.927160974822526573e-01 3.641604202385609335e-02
-9.816997473127739848e-01 -1.871364179279805251e-01 3.529292898841253356e-02
-9.833125847633621408e-01 -1.786892826688405989e-01 3.415442094211825624e-02
-9.839172431229067373e-01 -1.754775450709036289e-01 3.338432890995393643e-02
-9.848725480683865330e-01 -1.703906721332792140e-01 3.151359126959082241e-02
-9.865800290336117495e-01 -1.604892202035985427e-01 3.005128821514844659e-02
-9.865952687642223218e-01 -1.609509629697415956e-01 2.691814628677799068e-02
-9.873905868207059067e-01 -1.550873511827948747e-01 3.174533492367979937e-02
-9.883800861192288956e-01 -1.475834142600973842e-01 3.638633082692276088e-02
-9.899623476533780941e-01 -1.376200114922917495e-01 3.217617714526193468e-02
-9.907377593436538232e-01 -1.306802537754243598e-01 3.689698341025712813e-02
-9.912145743266339570e-01 -1.274070358224496102e-01 3.551251555393195036e-02
-9.918196161698870084e-01 -1.220919123546295032e-01 3.724832709360757776e-02
-9.927118965507306658e-01 -1.149413673307236594e-01 3.621596932677240144e-02
-9.939787688292656131e-01 -1.038705797493553601e-01 3.488744155228899746e-02
-9.943916333532115681e-01 -9.850119853217252641e-02 3.850736733161931602e-02
-9.950242000146740651e-01 -9.292722117789770087e-02 3.593600922548217946e-02
-9.950766263256716204e-01 -8.991999952730869716e-02 4.167643732802520096e-02
-9.958724746221098156e-01 -8.124744405588907314e-02 4.045850975653954990e-02
-9.958415066938575144e-01 -7.982176704821876412e-02 4.391130780368251302e-02
-9.961066210038306279e-01 -7.394510104626507430e-02 4.799734988344644265e-02
-9.968872329203674054e-01 -6.125567675858562683e-02 4.963477705305669591e-02
-9.974676234155817056e-01 -5.456669370562030469e-02 4.561622787824797659e-02
-9.982487834040272290e-01 -3.927025767621288022e-02 4.424067468168969841e-02
-9.986073699106962076e-01 -3.072032478760648375e-02 4.289063241766098017e-02
-9.988517782487396079e-01 -1.726907229954922560e-02 4.468700474771277603e-02
-9.991008402617854722e-01 -1.249515132464986723e-02 4.051427171025689250e-02
-9.991655160606918162e-01 -6.985332101412247002e-03 4.024302017808657067e-02
-9.990600670395315408e-01 1.221632537161799689e-03 4.333029185779399550e-02
-9.991222287045543604e-01 6.409825345835395115e-03 4.139698486794390203e-02
-9.989812282681717059e-01 9.020999288682525832e-03 4.421709272797604007e-02
-9.989025865675515981e-01 1.409548090370739935e-02 4.466502128490428686e-02
-9.986782790397235043e-01 1.828815661688088998e-02 4.803397246313419189e-02
-9.984423363428740483e-01 3.117294048899621473e-02 4.627280923895225884e-02
-9.982461026082271038e-01 3.748132893802783028e-02 4.582458602286912375e-02
-9.979243807162475610e-01 4.468821586050168021e-02 4.636720630575744129e-02
-9.976498680812936337e-01 4.891295156352089973e-02 4.798216366584151515e-02
-9.975884679335161875e-01 5.099740368522602540e-02 4.708011888611120244e-02
-9.965942788401864760e-01 6.635332928139404951e-02 4.896022288628497365e-02
-9.961299905836356050e-01 7.363073257438934593e-02 4.799563940747131330e-02
-9.952878395792684740e-01 8.428077123893348843e-02 4.794676532296106297e-02
-9.944906493865205421e-01 9.254939553029617461e-02 4.922379583566635630e-02
-9.941286597370205813e-01 9.720885011283539323e-02 4.752548445381907932e-02
-9.937221473430523089e-01 1.024708634685591174e-01 4.490033649935230159e-02
-9.926971251265165330e-01 1.124328003788694352e-01 4.371850123771457708e-02
-9.922189791692670457e-01 1.174622208800190637e-01 4.128132889459480009e-02
-9.924841487580166044e-01 1.160951698007672561e-01 3.869302402034970750e-02
-9.921650655676990116e-01 1.187459282610358186e-01 3.883183337515862948e-02
-9.917865586490449692e-01 1.213866936307865241e-01 4.030777591043602920e-02
-9.906231598746926270e-01 1.299903569056219954e-01 4.205099813161687627e-02
-9.900671644368190805e-01 1.343179116128773720e-01 4.154193921394257194e-02
-9.894337381960129907e-01 1.386949091313867954e-01 4.224481145273518978e-02
-9.889076868155758371e-01 1.424664436359216468e-01 4.201099360661825904e-02
-9.883574535673773642e-01 1.472977342023641945e-01 3.811752313204439663e-02
-9.871777626416563534e-01 1.540298771533078759e-01 4.189136044114601110e-02
-9.861829839427256328e-01 1.603286526606788609e-01 4.168776204041473032e-02
-9.855216385265853640e-01 1.638497321373775795e-01 4.359345703014527035e-02
-9.843325861758346340e-01 1.702827985051500737e-01 4.575098553942748975e-02
-9.827316532163914431e-01 1.795703667036344098e-01 4.464308959160551149e-02
-9.801652951982950945e-01 1.914065144912318328e-01 5.137669601945601960e-02
-9.786552331822562234e-01 1.994919815240440708e-01 4.936505200025025075e-02
-9.772145321481696678e-01 2.062295660137932751e-01 5.021104261609326408e-02
-9.747175083616662628e-01 2.178189011585582036e-01 4.980692406041067888e-02
-9.730736157543105058e-01 2.249930660804917715e-01 5.005879589314728845e-02
-9.718433533539219127e-01 2.301190371633233533e-01 5.065323089689121455e-02
-9.703010479375823172e-01 2.368227239623951208e-01 4.930414034378803601e-02
-9.686166726868041810e-01 2.434625246087741834e-01 5.007758979704027974e-02
-9.661402664176894639e-01 2.536000633303556184e-01 4.753964409560421794e-02
-9.648504851243979719e-01 2.590478390755660554e-01 4.424683698961514450e-02
-9.633632764012699523e-01 2.650178600783148486e-01 4.119169308246702077e-02
-9.614370973404450238e-01 2.726620649589978629e-01 3.597402122202945918e-02
-9.606638628129401392e-01 2.759691893200472146e-01 3.108010757028283749e-02
-9.603536321585323110e-01 2.766952433749201856e-01 3.406856865503650467e-02
-9.587004279453645861e-01 2.827318518003368308e-01 3.092269789384054918e-02
-9.574693332484252029e-01 2.864167927456033880e-01 3.489871912838506812e-02
-9.564546055390391599e-01 2.904077589667352077e-01 2.929069649009087908e-02
-9.547655162018341413e-01 2.955137155112680936e-01 3.308287983994993853e-02
-9.517589569083912959e-01 3.047587510239104236e-01 3.573535568312802974e-02
-9.511384166987087996e-01 3.068167404638206808e-01 3.462981496669349790e-02
-9.491669829564050032e-01 3.127691423201915399e-01 3.546161501615269218e-02
-9.480355184803915813e-01 3.164133421318694461e-01 3.333581649434767813e-02
-9.457527164393522146e-01 3.233895720471351432e-01 3.116100196516538925e-02
-9.436940164337499493e-01 3.297381314951573494e-01 2.672811164377326271e-02
-9.431842076968294242e-01 3.313559561721848845e-01 2.463340421647393017e-02
-9.416984907244738690e-01 3.356102351187811306e-01 2.386936454860142526e-02
-9.418695667183504261e-01 3.353424389977111564e-01 2.066861936657468646e-02
-9.394644564537697473e-01 3.420258809326117699e-01 2.061202946441064929e-02
-9.383381674647259807e-01 3.451357291147909012e-01 2.007077198926399131e-02
-9.385119754499157141e-01 3.447081107917686071e-01 1.927729786347883584e-02
-9.371158772202977660e-01 3.484665307987336313e-01 1.961972243178341721e-02
-9.358983001230469778e-01 3.519998921510992251e-01 1.380114791617689102e-02
-9.312956203853699488e-01 3.641400511470329615e-01 9.513896616889547242e-03
-9.311120599253656094e-01 3.646764679076092142e-01 6.436555762157422297e-03
-9.339330448960612152e-01 3.574476972907670302e-01 4.849905374980324410e-04
-9.356802530944368090e-01 3.528489591350915666e-01 3.160327353035699842e-04
-9.344757511675094719e-01 3.560243471899964263e-01 -1.326100715844289856e-03
-9.353469784938056586e-01 3.537211558433704939e-01 -2.719851269951735137e-03
-9.346827653789440138e-01 3.554339876706433810e-01 -5.901896196373170554e-03
-9.348208910019720763e-01 3.548994464088449097e-01 -1.250234437070392099e-02
-9.342786847028327069e-01 3.560490210924501797e-01 -1.877385908021445352e-02
-9.354205347454017661e-01 3.527740359422517069e-01 -2.321479500911438967e-02
-9.365648619310553702e-01 3.493678505879047047e-01 -2.807825574338609562e-02
-9.394210398785411975e-01 3.417116897620557370e-01 -2.685619034763482224e-02
-9.420349077423976203e-01 3.341911441231716351e-01 -2.977475535594643202e-02
-9.426698398613841956e-01 3.321508334643925031e-01 -3.239477025096024893e-02
-9.450864554314331034e-01 3.248213889685392375e-01 -3.609267799550520961e-02
-9.457001457507694386e-01 3.225152169477191744e-01 -4.043752715899605332e-02
-9.482108863101756935e-01 3.149469014390761101e-01 -4.128666642013868043e-02
-9.515309929816978540e-01 3.052225352359748123e-01 -3.778885659144098907e-02
-9.532128245933356725e-01 2.999886767030830459e-01 -3.731124717278705427e-02
-9.547743816258338345e-01 2.949789680369742650e-01 -3.732710667758820655e-02
-9.553907295206812700e-01 2.929783849047960520e-01 -3.731278883306900912e-02
-9.575621700783615298e-01 2.854103769288444670e-01 -4.019492065259123309e-02
-9.600109612521592339e-01 2.773180797393907104e-01 -3.838829732526656546e-02
-9.616413430429866516e-01 2.717896783464297528e-01 -3.709882065992519545e-02
-9.622380704913735538e-01 2.686528009783816229e-01 -4.385878206149304570e-02
-9.635917829113653799e-01 2.630076461486624551e-01 -4.814435194053586636e-02
-9.659044131664732413e-01 2.548453986966515150e-01 -4.563454841753523950e-02
-9.682723018584363794e-01 2.457965578091694525e-01 -4.508687401214674095e-02
-9.682624548686267207e-01 2.460689464426824291e-01 -4.379402558630668407e-02
-9.696353692594120721e-01 2.399273570775619646e-01 -4.735122754500489806e-02
-9.703764025322242359e-01 2.364938241577181355e-01 -4.939973002164398108e-02
-9.730746891855939218e-01 2.245143143535892338e-01 -5.214400049019120992e-02
-9.746461877509906557e-01 2.168395616337551457e-01 -5.518548944617243657e-02
-9.765222916257620955e-01 2.071210237729822212e-01 -5.920405941389465798e-02
-9.781618677528191030e-01 1.987413132232283275e-01 -6.083811440785492908e-02
-9.802828097433947674e-01 1.864114734992266265e-01 -6.554693756046697795e-02
-9.815228099990125354e-01 1.796385780687003997e-01 -6.590129202899365490e-02
-9.831722269408977866e-01 1.700611595358025585e-01 -6.672031031369166088e-02
-9.851475532012430314e-01 1.569539474213351715e-01 -6.964038038695266608e-02
-9.864599386138319659e-01 1.464779475081041948e-01 -7.376331433630774204e-02
-9.887189089742191017e-01 1.318933782797183929e-01 -7.098648807465679500e-02
-9.899874288050702908e-01 1.212445594614384586e-01 -7.228190203552567472e-02
-9.905885340249110937e-01 1.139724058628404091e-01 -7.579361997030339970e-02
-9.914961025531535688e-01 1.030389527916973080e-01 -7.948886016699452384e-02
-9.924071089054495864e-01 9.985357930673302573e-02 -7.181517207817629533e-02
-9.932662592904447640e-01 8.878705736682915295e-02 -7.442461127249383468e-02
-9.944147855618650222e-01 7.584230169536232413e-02 -7.339758584171487965e-02
-9.953168851117054627e-01 6.453814188340882552e-02 -7.196632827997070936e-02
-9.959659597800785136e-01 5.432102150728562728e-02 -7.142170186084459416e-02
-9.966591922002994153e-01 4.464018230935803966e-02 -6.839396418706979175e-02
-9.972077105892755977e-01 3.020009984193550157e-02 -6.829905937677469008e-02
-9.974888935809241852e-01 2.170926529730273988e-02 -6.741394915571273516e-02
-9.978230240714394128e-01 7.094086109107425667e-03 -6.556608728668270047e-02
-9.977951312874312473e-01 -6.334603180834137010e-03 -6.606643686414769012e-02
-9.978789734529287525e-01 -1.356303351193991098e-02 -6.366807441911921661e-02
-9.977428356739495019e-01 -2.231379021825722134e-02 -6.333524971338988507e-02
-9.977534679320171351e-01 -3.151770853260519450e-02 -5.911578730571440121e-02
-9.972974100825213739e-01 -3.878906980435261470e-02 -6.239638740585783105e-02
-9.971960075841878046e-01 -5.071201232380161822e-02 -5.503125579466244810e-02
-9.963285368257982499e-01 -6.447136676993776849e-02 -5.632863022286453691e-02
-9.960550333382224286e-01 -7.127179764036722931e-02 -5.286517097362586348e-02
-9.956970680549378505e-01 -7.885109757225053362e-02 -4.868139037071922415e-02
-9.953967555808268530e-01 -8.475789032048344773e-02 -4.473727254453270519e-02
-9.948165167208120607e-01 -9.070045077573143932e-02 -4.597337163405484928e-02
-9.940015663792035605e-01 -9.804273511198038915e-02 -4.846166411082639819e-02
-9.928728454650143087e-01 -1.081317059791144647e-01 -5.011059534489740314e-02
-9.926961826769518105e-01 -1.071279191287616978e-01 -5.547902927686642477e-02
-9.920466499252788006e-01 -1.127862558608773713e-01 -5.588138973728727643e-02
-9.920119226225171394e-01 -1.141530184650385304e-01 -5.367921927857862568e-02
-9.916179908941725740e-01 -1.170207378527189507e-01 -5.477163416726699846e-02
-9.899588594481047998e-01 -1.308492547103858872e-01 -5.347853697890726093e-02
-9.885702806112812713e-01 -1.416181845916382465e-01 -5.170217325505020028e-02
-9.864586753117854379e-01 -1.554134524967738795e-01 -5.240195976584663407e-02
-9.851699728421586810e-01 -1.626641419200488548e-01 -5.459419672225984677e-02
-9.843663332927127252e-01 -1.680738301623031228e-01 -5.267004974277784968e-02
-9.834146725951677936e-01 -1.734261879026096353e-01 -5.309391435375599572e-02
-9.822969482483526749e-01 -1.815662898565699734e-01 -4.611303508299991610e-02
-9.805162220356579139e-01 -1.903590857649437584e-01 -4.849104080098826097e-02
-9.792420874323759516e-01 -1.974529915532910462e-01 -4.579600907580672065e-02
-9.782274452574017953e-01 -2.028634554457959538e-01 -4.378935785491525068e-02
-9.764107764083685970e-01 -2.117842075593858175e-01 -4.206505785941236364e-02
-9.763641074887774440e-01 -2.132167465217884861e-01 -3.538039770870373552e-02
-9.754422268896596471e-01 -2.181272548909838349e-01 -3.054482747336157919e-02
-9.752473531161620635e-01 -2.185692633512043015e-01 -3.346791281406596291e-02
-9.752026840711865985e-01 -2.195336603314423651e-01 -2.801286832785874689e-02
-9.746822621518140828e-01 -2.221390513928053478e-01 -2.547063941481579954e-02
-9.737951610974890926e-01 -2.263592130192218499e-01 -2.201169182777517122e-02
-9.723972263713767106e-01 -2.327913042640979424e-01 -1.587030137954732051e-02
-9.712852946370694740e-01 -2.375334836084643519e-01 -1.351828925581674556e-02
-9.713940935221880846e-01 -2.369060676550862887e-01 -1.640285763921190548e-02
-9.715219792086825512e-01 -2.364031566276883489e-01 -1.608151151859965600e-02
-9.715505172330116679e-01 -2.364115711191493996e-01 -1.411329408043790479e-02
-9.717813121827488798e-01 -2.355862665347263907e-01 -1.184127939537125626e-02
-9.706497484119873675e-01 -2.403804109882773377e-01 -7.506489648962125227e-03
-9.716610784566215298e-01 -2.363187091351504343e-01 -5.314113709930482973e-03
-9.701800726711993228e-01 -2.422829257939736192e-01 -7.045138151797863610e-03
-9.697504736461400876e-01 -2.438858973211662506e-01 -1.018388450607591450e-02
-9.682638153503678735e-01 -2.498831387574886320e-01 -4.860475227929017192e-03
-9.668503812017895660e-01 -2.552869563541517173e-01 -5.379003894044984135e-03
-9.676361574746665806e-01 -2.522862053936691940e-01 -5.653380362515697533e-03
-9.676382273622533559e-01 -2.522044527032213379e-01 -8.318556573694024098e-03
-9.665713910938787956e-01 -2.562364527262043223e-01 -9.091184397626845062e-03
-9.667670121883888967e-01 -2.555684677631903101e-01 -6.806310703208147406e-03
-9.661341044433887637e-01 -2.580100665461373399e-01 -3.964995632303370057e-03
-9.669751977242283525e-01 -2.548437994692465680e-01 -3.691647986110865864e-03
-9.666398473328455809e-01 -2.560541844689934177e-01 -6.609355721904899492e-03
-9.663685716760592737e-01 -2.570316960222410740e-01 -8.155633036228746371e-03
-9.660046510158960542e-01 -2.584755172264497913e-01 -5.044269345998097023e-03
-9.666412858651398654e-01 -2.561071322004823125e-01 -3.712782565394610011e-03
-9.671041766929666661e-01 -2.543806532860671821e-01 1.347133635397064315e-04
-9.663452953273861112e-01 -2.572426069798870452e-01 1.742075372339025327e-03
-9.661818468603453613e-01 -2.578516985460138633e-01 -2.272411855341560823e-03
-9.673058457048022696e-01 -2.536016749509166224e-01 2.369592804984307736e-03
-9.671053125734905276e-01 -2.543566750006875932e-01 3.165425003197812164e-03
-9.676631730034939149e-01 -2.522098340285968132e-01 4.266953446005434386e-03
-9.683214506231289098e-01 -2.496914721506523216e-01 2.785792560020029958e-03
-9.672616203964030657e-01 -2.537267417934169211e-01 5.265145199606962624e-03
-9.674902586028794049e-01 -2.528842769648724231e-01 3.487909465557419847e-03
-9.678127738744329855e-01 -2.515263095302223140e-01 8.542477306601599721e-03
-9.679202300496394518e-01 -2.508624549433345341e-01 1.408831424510770952e-02
-9.686071818989693272e-01 -2.482085437304257236e-01 1.388054852924635978e-02
-9.690734638737424911e-01 -2.464719221214701772e-01 1.217525545443885054e-02
-9.684133349481132136e-01 -2.490261071352092015e-01 1.271354739366519458e-02
-9.693333990869700267e-01 -2.453662576034862930e-01 1.371804201901423090e-02
-9.706049501616703656e-01 -2.403874259124500479e-01 1.182961479900451925e-02
-9.712586287035448462e-01 -2.375910045378399615e-01 1.439494222509603641e-02
-9.712958893201599775e-01 -2.373498329539875107e-01 1.579163766234419411e-02
-9.709333620193466574e-01 -2.386327587658240434e-01 1.851584674325939747e-02
-9.728774321559523486e-01 -2.304428613935969594e-01 2.013984576009424793e-02
-9.744535509014575769e-01 -2.236051346986863697e-01 2.100106227973092682e-02
-9.758751315972986617e-01 -2.171771890736358956e-01 2.240133761008262017e-02
-9.770898825208780281e-01 -2.115935829033813442e-01 2.288101896718331210e-02
-9.783413947998366167e-01 -2.058177653642223603e-01 2.207230258506569925e-02
-9.797323098706169908e-01 -1.989431833285019713e-01 2.337166380280491368e-02
-9.812004972748979981e-01 -1.913541594097691034e-01 2.508373457898692774e-02
-9.815750674052851066e-01 -1.891279206565062987e-01 2.722206160015320717e-02
-9.814851148904603084e-01 -1.895426614666676224e-01 2.757848242949281770e-02
-9.834518316394758042e-01 -1.792576474264530872e-01 2.625289628191456587e-02
-9.844904426404871289e-01 -1.735163565910942396e-01 2.589722386270623330e-02
-9.847013809011143648e-01 -1.711671938911831226e-01 3.263443206326145651e-02
-9.859757907994032289e-01 -1.636981803632828469e-01 3.247567804552178167e-02
-9.867609774168260017e-01 -1.580942799003397237e-01 3.618005320145035314e-02
-9.878915967450548896e-01 -1.497603628247346497e-01 4.052223095921420742e-02
-9.885572812415953647e-01 -1.437436526304926854e-01 4.574154178061876769e-02
-9.891804357349629484e-01 -1.411571121184514721e-01 3.995947723919183320e-02
-9.902651162147159125e-01 -1.342848165416360706e-01 3.664167067626443453e-02
-9.905979925164303257e-01 -1.317371746205753813e-01 3.689116993662177463e-02
-9.912032903041880783e-01 -1.261935958957796089e-01 3.989032681752011089e-02
-9.921426865552106511e-01 -1.182310957160608023e-01 4.091848123240452578e-02
-9.930724775052393039e-01 -1.092469934825788247e-01 4.326862053952184456e-02
-9.936194193217284809e-01 -1.050692877459002972e-01 4.099901112760900163e-02
-9.944820055624478128e-01 -9.604342266909138282e-02 4.220457578990067377e-02
-9.953500870453326765e-01 -8.705732500929776185e-02 4.122197201011720130e-02
-9.956955527789508320e-01 -8.192225821594427415e-02 4.334898440222753613e-02
-9.965049418805167480e-01 -7.145378914147210159e-02 4.326986806191903540e-02
-9.970473688254256617e-01 -6.466348892068937704e-02 4.141499821121709390e-02
-9.976080019216534422e-01 -5.718480109035538328e-02 3.883551835147022041e-02
-9.982008327925779856e-01 -4.309101654377103102e-02 4.169276295184890652e-02
-9.983575807560995941e-01 -3.579934779117281696e-02 4.472776075347403152e-02
-9.987297851369578705e-01 -2.566449271010910749e-02 4.336098374534506222e-02
-9.988793084349717466e-01 -2.428386290432292885e-02 4.062568139342423446e-02
-9.988742097627620886e-01 -2.398325441985134365e-02 4.092849111366939768e-02
-9.990331073100601200e-01 -1.880731391180283374e-02 3.973864853917134787e-02
-9.991036073769865578e-01 -1.236360611517832789e-02 4.048638957512189218e-02
-9.993047045054506139e-01 -7.098952976545265178e-03 3.660241810706642979e-02
-9.993661062209223678e-01 2.510597261163694666e-03 3.551207076298727727e-02
-9.992641347356476800e-01 5.795363755933865407e-03 3.791605713570921771e-02
-9.993084257456821273e-01 1.114168003808663210e-02 3.547615748704315008e-02
-9.991933346504583424e-01 1.869957503985127806e-02 3.553913958929164063e-02
-9.990196428479475310e-01 2.803648109077361977e-02 3.425979278404814310e-02
-9.988588738323611604e-01 3.720943038552285143e-02 2.994048812057224784e-02
-9.987056630592808792e-01 4.034582100752196615e-02 3.097156278032076049e-02
-9.987242840554171330e-01 4.344387238551233876e-02 2.573827323334236528e-02
-9.987211274838393438e-01 4.632779349843083039e-02 2.024523093976272198e-02
-9.983537700769582468e-01 5.267138815236337840e-02 2.270460469481381735e-02
-9.980202973148520895e-01 5.659034137392501829e-02 2.744164903475384762e-02
-9.978949556363457818e-01 5.853403398229665988e-02 2.791861529322137506e-02
-9.979559570724242379e-01 5.763065107809216270e-02 2.761594649312799910e-02
-9.976524047548815943e-01 6.378898385228627677e-02 2.491323698251411700e-02
-9.970795878885839736e-01 7.389808190338656435e-02 1.927155731715248649e-02
-9.968630326786969142e-01 7.692294517175163326e-02 1.862736159872920363e-02
-9.965890433422577299e-01 7.975354045425100957e-02 2.120555431382558156e-02
-9.957091377225748552e-01 8.759920390557617009e-02 2.982812931645911422e-02
-9.955829843081775987e-01 9.046375237062292962e-02 2.511683980949180536e-02
-9.949333672875898538e-01 9.732712700272169726e-02 2.520019427603574502e-02
-9.953389384138034979e-01 9.415532347244578992e-02 2.086138985389665579e-02
-9.954023815880950199e-01 9.369475090685817908e-02 1.988510079529487787e-02
-9.949597976938588939e-01 9.828004798772420336e-02 1.990120581858001100e-02
-9.946466219682696952e-01 1.017758895858107832e-01 1.788268747252240443e-02
-9.940762047282573066e-01 1.069718852913384421e-01 1.922341737112456123e-02
-9.942621342969822917e-01 1.052826041633831283e-01 1.893162413599467839e-02
-9.937837674468207316e-01 1.093841436020879659e-01 2.071129134347791598e-02
-9.935688037551109186e-01 1.117642187983331065e-01 1.816084966416348437e-02
-9.928705118173836164e-01 1.175699965593203777e-01 1.963332814488334688e-02
-9.929018914164656762e-01 1.170207063330325203e-01 2.126060246795749217e-02
-9.928133281789989217e-01 1.177547638996449125e-01 2.134328642863498465e-02
-9.925199899617515031e-01 1.203945509071335240e-01 2.022984266922888894e-02
-9.925110028920900440e-01 1.202918099806577212e-01 2.125592826120347931e-02
-9.921588276954054209e-01 1.229160187331094223e-01 2.263929936382639077e-02
-9.918120501832217162e-01 1.263806586149993916e-01 1.835241263131125525e-02
-9.917678568424734831e-01 1.262543693888111274e-01 2.136298579864437733e-02
-9.917474369719718741e-01 1.269975382733948832e-01 1.756904495963492255e-02
-9.915447262820714647e-01 1.285180278402048015e-01 1.794984989902870254e-02
-9.914380946280259010e-01 1.302105101774508888e-01 9.785312277235091658e-03
-9.917152083971990661e-01 1.280877216608721780e-01 9.721407882247852517e-03
-9.921216303113844504e-01 1.250208542781538201e-01 8.030035759706649623e-03
-9.913730577486029594e-01 1.305476537247975133e-01 1.169595840533850170e-02
-9.914088122777199308e-01 1.304397309223916668e-01 9.698891991859913062e-03
-9.913531923293595893e-01 1.308350381031098963e-01 1.005315049768934661e-02
-9.914282056574034163e-01 1.298165916960519750e-01 1.475772742083891406e-02
-9.921267481603406324e-01 1.246167736738229975e-01 1.245794361650675794e-02
-9.910160670166135999e-01 1.333016581814292778e-01 1.085577651944741144e-02
-9.896529959344875227e-01 1.427251747147061378e-01 1.471385019453473261e-02
-9.891203405556303618e-01 1.463330460556849788e-01 1.508697415763595936e-02
-9.893361012629819928e-01 1.449669376329375814e-01 1.409577942302585665e-02
-9.889487402673278194e-01 1.476794570266522777e-01 1.308404972745393254e-02
-9.888390286745682989e-01 1.483189198556748023e-01 1.410314323983391516e-02
-9.884083695327938734e-01 1.514508758687158618e-01 1.056184092308929193e-02
-9.892851177730276335e-01 1.456023509703243679e-01 1.072083877424591727e-02
-9.888259382069696235e-01 1.489041557942727689e-01 7.130324801424286693e-03
-9.895783098238809528e-01 1.436385882243237100e-01 1.013655757494413834e-02
-9.892034064212812394e-01 1.462563064649143318e-01 9.259515625451582299e-03
-9.895310486626843760e-01 1.436847610539306874e-01 1.352842081696728482e-02
-9.894744518224561913e-01 1.442192477735326772e-01 1.188035183718801763e-02
-9.897823190903974888e-01 1.420503402015271255e-01 1.235664398146426798e-02
-9.897966254464526381e-01 1.420003355594015859e-01 1.177157347783260033e-02
-9.889821492531803981e-01 1.478793180578967803e-01 6.785332875125854417e-03
-9.889993221151150982e-01 1.477690542383193750e-01 6.683745836576007737e-03
-9.889227262550270847e-01 1.481744622481669105e-01 8.728988363459221078e-03
-9.893602127193840134e-01 1.449863596503945806e-01 1.205611938696318254e-02
-9.892701597653643653e-01 1.456952972514984346e-01 1.083772883405604778e-02
-9.897082735884049631e-01 1.427546023866695657e-01 9.933867362943986368e-03
-9.889563317811232990e-01 1.476982017018700910e-01 1.227355348989170140e-02
-9.887812195339296117e-01 1.492319362437191932e-01 6.446249454787932390e-03
-9.887990560765672621e-01 1.491513426074763116e-01 5.507152784060061201e-03
-9.890837675369147375e-01 1.471571732502462149e-01 7.621822255829437814e-03
-9.894912612257220630e-01 1.445440706130605435e-01 3.752422140365955019e-03
-9.894959800215549217e-01 1.445524439494760283e-01 -1.523667121711775457e-03
-9.905534571317105019e-01 1.371215160296788138e-01 1.250395403874880653e-03
-9.902589405780253262e-01 1.392367677931696524e-01 6.149558405516155441e-04
-9.903939296835450046e-01 1.382634868551952112e-01 1.759920122622855767e-03
-9.904869500715044461e-01 1.375350688466661919e-01 4.442030886538848866e-03
-9.908642097506169533e-01 1.348425795885050682e-01 -2.371013134165300337e-03
-9.906951290240236796e-01 1.360840998317031925e-01 -2.074666522776035318e-03
-9.904428503725170030e-01 1.378448459672840798e-01 -4.667300434222426339e-03
-9.907009045240914302e-01 1.359806400676913662e-01 -4.583493098614542863e-03
-9.896330853001380490e-01 1.436144717301623408e-01 -1.124828629598763341e-03
-9.900489309226441215e-01 1.406269896550837450e-01 -5.214353935012432627e-03
-9.901623855944645669e-01 1.397788999089012996e-01 -6.350954991810564033e-03
-9.904024358475284062e-01 1.381870712304820170e-01 -2.715457985169934460e-03
-9.907539890263263871e-01 1.356675996072111701e-01 -9.278563336218655002e-04
-9.904793743003845741e-01 1.376527061384553441e-01 -1.538454170641509033e-03
-9.904017738748137623e-01 1.381933349920408949e-01 -2.636992051452334909e-03
-9.898076913377028552e-01 1.423102787938227698e-01 -5.342651759272147236e-03
-9.896078526468808922e-01 1.434420020923768413e-01 -1.003569677623637572e-02
-9.894763669423184416e-01 1.443024930600753097e-01 -1.064588887418782201e-02
-9.890865598294305006e-01 1.463921929964908386e-01 -1.664716527323118964e-02
-9.894343249867496581e-01 1.444977081988209622e-01 -1.183866207631994669e-02
-9.891419010655889688e-01 1.468991128035470328e-01 -4.356074810496078815e-03
-9.898337881005189187e-01 1.422124550871087245e-01 -2.171331777328815767e-03
-9.895390196065754207e-01 1.441759457331552585e-01 -5.084331742840807189e-03
-9.897104228529429726e-01 1.427908527279112272e-01 -9.169317922680058838e-03
-9.901473354813223882e-01 1.397032798516857355e-01 -9.553677626681701326e-03
-9.902078723377750746e-01 1.389558536431863278e-01 -1.340393389180686776e-02
-9.910688577301067781e-01 1.331570623468356362e-01 -7.193105113451431394e-03
-9.915933276247607120e-01 1.293875054886684250e-01 -1.253280320272297244e-03
-9.914394631215689424e-01 1.305648873917234776e-01 -7.910905774318107439e-04
-9.916042210801870871e-01 1.293097171785919375e-01 -3.007554401339225698e-04
-9.916353761738784245e-01 1.290416029946835907e-01 2.751379771880594141e-03
-9.918337080975432318e-01 1.275362922486672768e-01 6.436979940707796173e-04
-9.917125800981111405e-01 1.283990285702451273e-01 4.457879409186071840e-03
-9.918148060345192141e-01 1.276669000795168374e-01 -2.139622115039417974e-03
-9.917140492146522268e-01 1.284224278926200669e-01 -3.308991508452498696e-03
-9.910934262411683626e-01 1.331557571172507504e-01 1.841120035810876743e-03
-9.915731179303602927e-01 1.295176769336618405e-01 2.819228522375579003e-03
-9.917044744027014858e-01 1.284283596654654525e-01 5.330738841373815901e-03
-9.917253142416937450e-01 1.283748818172147921e-01 9.031730902101294672e-04
-9.916738709075909597e-01 1.287476869555386205e-01 2.644197491964055471e-03
-9.911312329351074091e-01 1.328714438882176996e-01 2.020741906186731066e-03
-9.910107471406615076e-01 1.337389571621725448e-01 3.408121694679753025e-03
-9.908989383226538550e-01 1.345858517537698862e-01 2.442833830835347293e-03
-9.902788396861612608e-01 1.390922912611765316e-01 -1.085815069432840077e-03
-9.897385857405817111e-01 1.428432288302475539e-01 3.656350220613373975e-03
-9.900485079085118434e-01 1.407257384585612336e-01 4.935761741477738031e-04
-9.898932755374436621e-01 1.417497573454289950e-01 -4.281874385568672225e-03
-9.897215412855709937e-01 1.429925986949340533e-01 -2.100612583177569135e-03
-9.897207164100274568e-01 1.430069793903923359e-01 -1.390141897368117434e-03
-9.888528752787983933e-01 1.488663396768111213e-01 2.971411053598956194e-03
-9.879970308541332624e-01 1.544262839733589465e-01 3.796734844265858572e-03
-9.869649909060494997e-01 1.609345251865619553e-01 4.589728797444177048e-04
-9.866663086772429203e-01 1.627562598159002227e-01 -1.432949670804960609e-04
-9.863323127483926145e-01 1.647670362194915694e-01 -6.464670790004671541e-04
-9.859066630365229678e-01 1.672935091212986447e-01 -9.792309029911742263e-04
-9.859667843006016952e-01 1.669054319444515100e-01 -3.478844816964673028e-03
-9.859359383929595655e-01 1.671001812465267022e-01 2.807165247684620564e-03
-9.859689963666148360e-01 1.668722271171413363e-01 4.338592480707548910e-03
-9.861369429747760540e-01 1.658859466780814862e-01 3.975897831475744965e-03
-9.860775141942261790e-01 1.662556813006592082e-01 3.195278188953092936e-03
-9.854572740484784932e-01 1.699201682114011014e-01 1.059648680283032003e-03
-9.853418301730555440e-01 1.705781470377754905e-01 -2.144493739443167207e-03
-9.857187644539125992e-01 1.683070299541422343e-01 -5.593438296696026310e-03
-9.856287951112504553e-01 1.688099334450203770e-01 -6.253806568878066824e-03
-9.856708650683453365e-01 1.686660557171164310e-01 -2.175520269350975783e-03
-9.852931152947808080e-01 1.708694164206869814e-01 -1.070039708730868323e-03
-9.860443890811070311e-01 1.664762643034402023e-01 -1.463452916763233105e-03
-9.861476463929051972e-01 1.658553560477760147e-01 -2.201339687022229111e-03
-9.865145856774071298e-01 1.635601115761423086e-01 -6.089967761461917775e-03
-9.867400743789600526e-01 1.622858661282168546e-01 -2.710871427287100347e-03
-9.882391467576744359e-01 1.528348325011124054e-01 -4.992833948520330328e-03
-9.891589076604064834e-01 1.466729257596557645e-01 -7.192630452852642742e-03
-9.896168646776150046e-01 1.432076332447594358e-01 -1.224992863741109980e-02
-9.901490345530131743e-01 1.395705287800936556e-01 -1.117956465482966046e-02
-9.896283815129833794e-01 1.433654349387744886e-01 -9.057836658590013787e-03
-9.901368755817937517e-01 1.394944681458085700e-01 -1.304940211500149778e-02
-9.905677136226193058e-01 1.356092744694367414e-01 -1.964065984232509290e-02
-9.904338106892698335e-01 1.362119305329621832e-01 -2.207266940645238179e-02
-9.908548206667423530e-01 1.331944641685896269e-01 -2.158668973901638546e-02
-9.915701556888665280e-01 1.272792121827886203e-01 -2.426220751883120114e-02
-9.921318688241904660e-01 1.229339265152203237e-01 -2.369875044269266484e-02
-9.931122790595706684e-01 1.144984986393844939e-01 -2.486204338158982605e-02
-9.944410715838004622e-01 1.029681979872560382e-01 -2.201207501865112132e-02
-9.950526634702955286e-01 9.625618671148951366e-02 -2.459613024668975620e-02
-9.953971243042466499e-01 9.298140487691060330e-02 -2.321743786081592251e-02
-9.958322971427295833e-01 8.715600624811215003e-02 -2.686806325961923689e-02
-9.962754349228358786e-01 8.160265613633788107e-02 -2.786199193594580611e-02
-9.966060349684952024e-01 7.733530102408975315e-02 -2.820795297958869977e-02
-9.967666013300671146e-01 7.486648214430949300e-02 -2.917839376121600381e-02
-9.975621995144738907e-01 6.460460970012205095e-02 -2.638046094052233850e-02
-9.978750750613245568e-01 5.947289902464682199e-02 -2.661456511917880199e-02
-9.981005745838045229e-01 5.692148170784700617e-02 -2.356298161951209807e-02
-9.979812849330484958e-01 5.610499043557703319e-02 -2.975922057763223313e-02
-9.984738414436993281e-01 4.741686908990683236e-02 -2.831350574494853958e-02
-9.987199229894800911e-01 4.190552817971578831e-02 -2.832787075283707198e-02
-9.989299665656046212e-01 3.840303743475289439e-02 -2.577119907049266884e-02
-9.991663997241584383e-01 3.298972400474156630e-02 -2.404599381584751963e-02
-9.992722119562238436e-01 2.966681099657359627e-02 -2.397817302990209662e-02
-9.993094647198735858e-01 2.564894203380818985e-02 -2.688403914405670253e-02
-9.993072269279075215e-01 2.754122014196310614e-02 -2.503145013768016264e-02
-9.994840526393469204e-01 2.541985173812352436e-02 -1.963378929372696854e-02
-9.994146715435570094e-01 2.422255979225813524e-02 -2.415797946721350009e-02
-9.995483939238066773e-01 1.909274498615495114e-02 -2.320563187000662317e-02
-9.996632410820410763e-01 1.137425063202642667e-02 -2.332502765728824284e-02
-9.996579251303062685e-01 1.579789458616547362e-03 -2.610676207596018122e-02
-9.997024838952223158e-01 2.826465426262637828e-03 -2.422768752004105658e-02
-9.997226882034638829e-01 3.602957651145351561e-04 -2.354661185716947977e-02
-9.996771598715024076e-01 -2.728180527462942002e-03 -2.526181231059173096e-02
-9.995884296304798911e-01 -2.800716327209874616e-03 -2.855089227747791350e-02
-9.994942575950453989e-01 -1.002037271237546726e-02 -3.018024792592277281e-02
-9.996886724839063598e-01 -1.049078351353832303e-02 -2.263907733851926868e-02
-9.996680900370535916e-01 -1.432896712784459403e-02 -2.141066747489600575e-02
-9.995257734276499217e-01 -1.810554112786974534e-02 -2.490871198340246367e-02
-9.993878887157329194e-01 -2.610161234001989738e-02 -2.329334529865722744e-02
-9.990660462583913493e-01 -2.907666816310670865e-02 -3.196262082664069054e-02
-9.987781677527445279e-01 -4.027834698855689566e-02 -2.863306697942628876e-02
-9.986757428906775091e-01 -4.380127556940224820e-02 -2.698582858005184673e-02
-9.983099780280040303e-01 -5.103512339306494339e-02 -2.779622501124106790e-02
-9.980440818687759119e-01 -5.569040868493551483e-02 -2.840097209867435690e-02
-9.977405562733526745e-01 -5.971498278708457091e-02 -3.078846287630645703e-02
-9.975881034613898191e-01 -6.145348498738830573e-02 -3.227183419268314646e-02
-9.972816571243678929e-01 -6.712664615150423786e-02 -3.038644269187850896e-02
-9.972093322721711228e-01 -6.635129006241839711e-02 -3.422104773981441556e-02
-9.968670820945730870e-01 -7.033877476665283124e-02 -3.617324485157950853e-02
-9.967478599978704112e-01 -7.371757072668719268e-02 -3.254918625816601019e-02
-9.962120477587687040e-01 -8.090851712765277648e-02 -3.186524600240885075e-02
-9.955734765051469370e-01 -8.683459392840930935e-02 -3.596154301625971439e-02
-9.951366210717977889e-01 -9.202235102221285878e-02 -3.514283287237224968e-02
-9.945286855619469568e-01 -9.710537018505828455e-02 -3.851320798529530437e-02
-9.942928588479326146e-01 -1.012340228443305151e-01 -3.366615346523584712e-02
-9.938270005852042344e-01 -1.047955138814378739e-01 -3.641180685741334661e-02
-9.929054491106560354e-01 -1.134750508929503604e-01 -3.552757304170265501e-02
-9.924124154052704760e-01 -1.184031940860318238e-01 -3.314072755165722861e-02
-9.920783727616157011e-01 -1.217963674876736124e-01 -3.075993419009210444e-02
-9.913630322514976889e-01 -1.273202860606076070e-01 -3.144693094264665312e-02
-9.906910617590977131e-01 -1.314938591726120820e-01 -3.522231821048948941e-02
-9.901803565129357887e-01 -1.357375627284444775e-01 -3.343952961779002309e-02
-9.896125531198219916e-01 -1.400372511804576503e-01 -3.250522221428244624e-02
-9.895611612495259779e-01 -1.403628557052719050e-01 -3.266501747919169779e-02
-9.892811676129825704e-01 -1.425175436820640129e-01 -3.180483653853116710e-02
-9.886442151758916275e-01 -1.475131230105307112e-01 -2.867962226859668146e-02
-9.888971432673734352e-01 -1.459437042411979302e-01 -2.798037936664379138e-02
-9.881185192132416750e-01 -1.514895534473077177e-01 -2.593710849212998992e-02
-9.871772106811061986e-01 -1.581470147849441399e-01 -2.169568468227786942e-02
-9.862886856613591879e-01 -1.634606561530168312e-01 -2.269953177521544241e-02
-9.867052106407808720e-01 -1.608467318992951867e-01 -2.326332831380322277e-02
-9.861982635991788371e-01 -1.638605883200897895e-01 -2.372169452986128829e-02
-9.850858036089084058e-01 -1.711941217014002481e-01 -1.727884105389362185e-02
-9.844768787410108635e-01 -1.744649748569030157e-01 -1.916439200096831108e-02
-9.841844173312765953e-01 -1.761786133033045598e-01 -1.849743304223799498e-02
-9.840668372150009890e-01 -1.766925210346236008e-01 -1.980502562349428092e-02
-9.833730720339268760e-01 -1.803336886133885542e-01 -2.138195757065817007e-02
-9.824941749174964656e-01 -1.850824852199383919e-01 -2.120603867912537396e-02
-9.818329610614255909e-01 -1.886464070793461567e-01 -2.041067859475307819e-02
-9.821534828072689960e-01 -1.874543715502909602e-01 -1.534343461042836712e-02
-9.826741626524766460e-01 -1.846249068122596537e-01 -1.628373436602337937e-02
-9.817621610683060496e-01 -1.892507686081249807e-01 -1.808955209432245095e-02
-9.802964755046615908e-01 -1.969519253793216573e-01 -1.512564934413579767e-02
-9.794165536688389517e-01 -2.015056582223449799e-01 -1.177752629224753170e-02
-9.806094221077155115e-01 -1.958249299750560446e-01 -7.601591244823549011e-03
-9.808270825468420329e-01 -1.948679054948379286e-01 -2.181680325070504446e-03
-9.813437201814050326e-01 -1.922580754434334294e-01 -1.166828380077405492e-03
-9.811455526408482397e-01 -1.932702967021593665e-01 1.520843816807599443e-04
-9.806712274898017334e-01 -1.955663220333398178e-01 6.146820020252558199e-03
-9.817425357206310821e-01 -1.901699190465987455e-01 4.125726305524546333e-03
-9.816268434585728730e-01 -1.907795020056674284e-01 3.456586679539492592e-03
-9.818699482943250567e-01 -1.894509856097482681e-01 6.305148934602359048e-03
-9.816954599729512676e-01 -1.903849813463259488e-01 5.254423774860354085e-03
-9.834169707570857843e-01 -1.813002936615470129e-01 4.614251675010269671e-03
-9.835936888352880825e-01 -1.802765238100408063e-01 6.622418945503621285e-03
-9.829653885707745342e-01 -1.837709466277024917e-01 2.703757884798561016e-03
-9.830505033675047688e-01 -1.833252532764556297e-01 1.893567271685718707e-03
-9.823428625621150045e-01 -1.869779524036485341e-01 6.463114353995154208e-03
-9.826289470823406091e-01 -1.852610321631700530e-01 1.089626305469250725e-02
-9.832753687225954664e-01 -1.817061776415175300e-01 1.234668114559749931e-02
-9.835970410859488089e-01 -1.797259745473532011e-01 1.534474343194137252e-02
-9.842602105080670016e-01 -1.753772121703972009e-01 2.178756354858423644e-02
-9.848497061754200033e-01 -1.720342410160987379e-01 2.180143637018126801e-02
-9.857023173644473557e-01 -1.672449485395420821e-01 2.049622312180856068e-02
-9.855272057170255673e-01 -1.676508346594200449e-01 2.508686663731985594e-02
-9.867990946804384711e-01 -1.604648595302678449e-01 2.187697402719469483e-02
-9.875384511507441232e-01 -1.563407744820475842e-01 1.803873820509793030e-02
-9.883236387655164323e-01 -1.514291941757074655e-01 1.690001467013652059e-02
-9.893379102831424410e-01 -1.438313534033880403e-01 2.287067789532494858e-02
-9.898327886321240943e-01 -1.403038200909260957e-01 2.336483422822246275e-02
-9.900091289586622212e-01 -1.384514876445306353e-01 2.670462633382413714e-02
-9.909337207316588625e-01 -1.316229010368136221e-01 2.694067507894623917e-02
-9.913890150140520774e-01 -1.275587766739488260e-01 2.960753962930178992e-02
-9.925579072756760546e-01 -1.181037341890365383e-01 2.967045127799928378e-02
-9.936373216984820678e-01 -1.094908016293835717e-01 2.639439886756795445e-02
-9.935998062636378636e-01 -1.102467503522488179e-01 2.459890342012456196e-02
-9.938778988219244548e-01 -1.080089648039781747e-01 2.325538138978170896e-02
-9.939444235561760710e-01 -1.077582520053842474e-01 2.150974230051852856e-02
-9.942260024418693165e-01 -1.047486707619710300e-01 2.328946252085561247e-02
-9.941136812244941723e-01 -1.062234597853055768e-01 2.132117350679407428e-02
-9.940987237363885232e-01 -1.058939280192477822e-01 2.354210119617577979e-02
-9.943210219018363549e-01 -1.033714315783557797e-01 2.529979467786477865e-02
-9.946465160761897017e-01 -1.001012690705355146e-01 2.565289595453373525e-02
-9.951521638460364416e-01 -9.385302226764219435e-02 2.939061463226561033e-02
-9.954436038813441190e-01 -9.188965510744914744e-02 2.546271766710567902e-02
-9.957004143850727296e-01 -8.860273055991114977e-02 2.702347433337684221e-02
-9.963032154387704287e-01 -8.233992546062279816e-02 2.449626050991324591e-02
-9.962318211406364643e-01 -8.290630121076664194e-02 2.547019753786021468e-02
-9.966073479516235345e-01 -7.949990740878708217e-02 2.129755431709481894e-02
-9.972485968658423294e-01 -7.086013902057676506e-02 2.177392560668425792e-02
-9.973204709264290591e-01 -6.916428926116303944e-02 2.383708221028578086e-02
-9.977619758274161033e-01 -6.295104423577796426e-02 2.254401731575652462e-02
-9.979182930697984011e-01 -6.071665937878800018e-02 2.173924366916022560e-02
-9.983593407359775407e-01 -5.082452666399422947e-02 2.637273987785188761e-02
-9.986658163451113124e-01 -4.387206586524518281e-02 2.723703862626392080e-02
-9.990618405472809771e-01 -3.578307920923029517e-02 2.439338064819843513e-02
-9.992694836349477194e-01 -3.176390103446733587e-02 2.125042414707900909e-02
-9.993233792596176723e-01 -3.048147395122326880e-02 2.058373783369646381e-02
-9.993281062060200837e-01 -3.167197501911562380e-02 1.844584001417170702e-02
-9.993754239392975691e-01 -3.027821347977288288e-02 1.822137978154218449e-02
-9.996190479405461238e-01 -2.233233537394398865e-02 1.621889193175127947e-02
-9.996920545434739847e-01 -2.208260772464899074e-02 1.132171360381937879e-02
-9.996503700130915382e-01 -2.509552462469515771e-02 8.329413634124857579e-03
-9.996859121504478862e-01 -2.400186122716627471e-02 7.212104765658141486e-03
-9.997241924142571401e-01 -2.275071372237199782e-02 5.828452790012744918e-03
-9.997022244079306619e-01 -2.311890780773554269e-02 7.810592033568101306e-03
-9.996485813653051000e-01 -2.415304393884644060e-02 1.092570122989994057e-02
-9.996477558086825921e-01 -2.493821222599220538e-02 9.081662502304658699e-03
-9.996461197530351894e-01 -2.638554230288373340e-02 3.386035727716648139e-03
-9.997089543625776731e-01 -2.381381157604352608e-02 3.864683233072675576e-03
-9.997220210418980013e-01 -2.264902124767162114e-02 6.552047718867029351e-03
-9.996699664163803956e-01 -2.537536629219992387e-02 4.009478251951768824e-03
-9.996805434735382967e-01 -2.508499209796734297e-02 3.095328218074528976e-03
-9.996377719374281989e-01 -2.661126499181231536e-02 4.023973454061490797e-03
-9.996920474358582664e-01 -2.353025258227644384e-02 7.884444351009160107e-03
-9.998355411606533183e-01 -1.527840149553105591e-02 9.771802377643072635e-03
-9.998308527798865919e-01 -1.453513865645475640e-02 1.127043151845559012e-02
-9.999267469788448714e-01 -1.086363171420817730e-02 5.339389967459327001e-03
-9.999512792983517029e-01 -7.973198465055996234e-03 5.821858930488561269e-03
-9.999421788903132269e-01 -6.594385098417096872e-03 8.495874339159563762e-03
-9.999296877488546009e-01 -1.498290302084795758e-03 1.176442681926861272e-02
-9.999439175154022363e-01 5.322626395832149616e-03 9.157423783935643435e-03
-9.999334011577231118e-01 8.205305052927151788e-03 8.117460550840980421e-03
-9.999472457878009202e-01 1.002449548397947414e-02 2.245456489367866383e-03
-9.999716482532452488e-01 7.520885523199012483e-03 -4.074118639443360945e-04
-9.999496041468565188e-01 1.000178045937038553e-02 8.835060951047888928e-04
-9.999380187870005043e-01 1.102966001667017408e-02 1.527159500496045371e-03
-9.999510496688954753e-01 9.866064548474089840e-03 -7.655581275061206295e-04
-9.999301059505052436e-01 1.177924414566892952e-02 -1.029397943156676711e-03
-9.999027454340890797e-01 1.391874841843244136e-02 -8.917154878742851974e-04
-9.998359948684401033e-01 1.771708666664902759e-02 -3.757019955256497932e-03
-9.998503775650230407e-01 1.690005023631548434e-02 -3.692936232051414070e-03
-9.998608140903835206e-01 1.573165858195904598e-02 -5.558270214962073019e-03
-9.998659689828564012e-01 1.632937614570142970e-02 -1.192720322374824296e-03
-9.998630368827330361e-01 1.655095695015825971e-02 1.842181042996599363e-05
-9.998332546799076903e-01 1.744535350461134254e-02 -5.399027541259017460e-03
-9.998892691115499609e-01 1.438336622460060880e-02 -3.820379133544652382e-03
-9.999128379366365449e-01 1.296583991565285546e-02 2.496097680011551481e-03
-9.999614388410877908e-01 8.272493320996547606e-03 -2.951919722097545717e-03
-9.999920323872067973e-01 3.041749488666832535e-03 -2.590377906293942281e-03
-9.999838324201952844e-01 4.618677514620963750e-03 -3.321120337782576537e-03
-9.998993768133697113e-01 3.035794992362964018e-03 -1.385812237138911961e-02
-9.999354007193393956e-01 1.807335327346662772e-03 -1.122298018481252685e-02
-9.999271825726082641e-01 6.300421681941646875e-04 -1.205238404306601882e-02
