1.000000000000000000e+00 0.000000000000000000e+00 0.000000000000000000e+00
9.999871676559554112e-01 4.736276218464989356e-03 -1.797858058972990388e-03
9.998951651290363118e-01 8.898163562916172609e-03 -1.142285767717146627e-02
9.998599022810148451e-01 1.144326661944128180e-02 -1.221587940940466188e-02
9.996007362394109252e-01 1.465130055462518510e-02 -2.416005066252905481e-02
9.993314396593240279e-01 2.356993722341415437e-02 -2.794875098337885194e-02
9.988114517051375207e-01 3.247764792150050622e-02 -3.634402229670111173e-02
9.984419010326265331e-01 4.039972376672569532e-02 -3.849200344954649411e-02
9.980011599620794982e-01 4.639017886281060488e-02 -4.291431125170225985e-02
9.971047738798757276e-01 5.490537266400814798e-02 -5.260677502633876595e-02
9.961788848199788493e-01 6.633133930555064339e-02 -5.681360906248471287e-02
9.953827949059832481e-01 7.642306650523533751e-02 -5.807417585342147109e-02
9.944730512826845947e-01 8.367193896424643396e-02 -6.342208215516212388e-02
9.928352426289324129e-01 9.624128757892536079e-02 -7.082231142166695026e-02
9.905458226948363754e-01 1.130253725730347159e-01 -7.774473396772448031e-02
9.888681697035426321e-01 1.235496359426701551e-01 -8.291704331108107340e-02
9.865464558383720828e-01 1.391914604431107871e-01 -8.574283542792789092e-02
9.837680502892902634e-01 1.563961337063548285e-01 -8.798112764144416786e-02
9.798683656004468778e-01 1.774313412312202576e-01 -9.152110137163754766e-02
9.763504775725213580e-01 1.937364045940760393e-01 -9.594768137869226499e-02
9.724593933619005703e-01 2.113107874957637078e-01 -9.833863220564179053e-02
9.690203896996745225e-01 2.231173228614814485e-01 -1.059157795439836930e-01
9.654224885432178827e-01 2.363876296754964246e-01 -1.099104885980939500e-01
9.606344483763156195e-01 2.529121212096421267e-01 -1.149648841961619788e-01
9.554463219056480439e-01 2.710027765285372148e-01 -1.169608069725261851e-01
9.487022134308743526e-01 2.919283665369341585e-01 -1.214164281180983990e-01
9.406787651153567520e-01 3.165256241128561743e-01 -1.222088388494665528e-01
9.348698497943572772e-01 3.339800050562938272e-01 -1.203151279724235523e-01
9.251514082920357929e-01 3.586977123996535899e-01 -1.242209048700887025e-01
9.141003955909644541e-01 3.844640102730326192e-01 -1.288716538309405135e-01
9.034321371638034393e-01 4.069246084628208027e-01 -1.349916628294816345e-01
8.940868338670243665e-01 4.260777884242023528e-01 -1.380813698059393246e-01
8.845754148055519073e-01 4.442355842208807193e-01 -1.420601803028519183e-01
8.729773289484797916e-01 4.639798108415819633e-01 -1.504437840900127998e-01
8.599960922826582754e-01 4.853124921076101272e-01 -1.577292657485050709e-01
8.453996932386546037e-01 5.089823105133280956e-01 -1.619764850633042541e-01
8.304307534628482257e-01 5.326664136375465208e-01 -1.632521707256140986e-01
8.143837472218451445e-01 5.560962197597144607e-01 -1.659401185642485343e-01
7.994644756771518423e-01 5.777390382997260598e-01 -1.645423104602726505e-01
7.831526393061185587e-01 5.995854606099115802e-01 -1.648309289525018706e-01
7.676684845663160894e-01 6.204177785386021382e-01 -1.605206958577107268e-01
7.500803041843232544e-01 6.413730781617067445e-01 -1.613075566076792311e-01
7.267611456648267465e-01 6.672906706706038804e-01 -1.629153586734257697e-01
7.110184849814377150e-01 6.851562190800610797e-01 -1.581571550805853932e-01
6.944158645786189243e-01 7.020439099606676780e-01 -1.578637756657379765e-01
6.765428325124893671e-01 7.198911426057366114e-01 -1.550695142132552939e-01
6.624606283742444646e-01 7.337832769362925278e-01 -1.506918505436876110e-01
6.489528531487291918e-01 7.463628134417664706e-01 -1.476575784331177754e-01
6.302064640560081088e-01 7.616100320728905748e-01 -1.509635311784225664e-01
6.133991299672839626e-01 7.752341675239928787e-01 -1.508426626455245112e-01
5.957727876627255670e-01 7.893259067643356719e-01 -1.483894000845842331e-01
5.771447053684680695e-01 8.022166084985412615e-01 -1.528153074456830296e-01
5.565712727569119833e-01 8.167948185677539330e-01 -1.519034519588419174e-01
5.377334646397817774e-01 8.283238051816719238e-01 -1.572336186489104171e-01
5.182730206786728688e-01 8.411341919447422599e-01 -1.545521368360238679e-01
4.991831371331906797e-01 8.525148799172974634e-01 -1.550309355538355693e-01
4.814693699418450268e-01 8.635972714985469256e-01 -1.496229058901768216e-01
4.650435600013487214e-01 8.732132407103416760e-01 -1.457159526355463475e-01
4.454558549195579142e-01 8.838147116533712211e-01 -1.429708080312732110e-01
4.229909269925846704e-01 8.955197356391189079e-01 -1.382862755122304110e-01
4.051426166838014709e-01 9.036904701456425215e-01 -1.385749239674947120e-01
3.886440611525184274e-01 9.108776083221953312e-01 -1.387724454792476358e-01
3.728232324835616396e-01 9.175069044542013552e-01 -1.385060751036177595e-01
3.528587388510583400e-01 9.253924240119626443e-01 -1.383458969201015742e-01
3.275560681552381892e-01 9.353063228912682492e-01 -1.338249578539915940e-01
3.091862160906357349e-01 9.420832777755563381e-01 -1.299345853386977001e-01
2.919813506983014451e-01 9.475958393286878501e-01 -1.296496476208255921e-01
2.793861801101319431e-01 9.513530473904981966e-01 -1.298874766028655092e-01
2.586204737695012579e-01 9.577984397510759251e-01 -1.254496498313935893e-01
2.407045909519676397e-01 9.624700256679856736e-01 -1.253505679711481302e-01
2.208383251191003427e-01 9.674065248536163342e-01 -1.239155567168746669e-01
1.979196016972507854e-01 9.723343968563107342e-01 -1.240712187716343368e-01
1.790986714209996666e-01 9.754905526484209943e-01 -1.278352959642335418e-01
1.684247959658153049e-01 9.771700963130878215e-01 -1.295056227837449447e-01
1.456562209850182643e-01 9.811878661532664747e-01 -1.267069534978429168e-01
1.245284551820542984e-01 9.846362130838045568e-01 -1.224099978964006824e-01
1.091749847759476144e-01 9.866173299414073838e-01 -1.211077324117005721e-01
9.263518963923178529e-02 9.887748828126994294e-01 -1.172304097988936672e-01
7.636587246457837708e-02 9.896153893323316186e-01 -1.217770550498356863e-01
5.504504339260217483e-02 9.919739981084787495e-01 -1.138316626690027145e-01
3.812765383222165710e-02 9.930482695851281516e-01 -1.113617242047234834e-01
2.506383679898881861e-02 9.934460305733739949e-01 -1.115204275177044124e-01
2.130038822554466277e-03 9.939406358942257658e-01 -1.098976458324407018e-01
-1.574380713056169889e-02 9.939593363115041269e-01 -1.086139380043544128e-01
-2.843424222949283292e-02 9.934592515043704219e-01 -1.105903555473200794e-01
-4.329195928958087802e-02 9.925414020808036586e-01 -1.139622240202884385e-01
-5.352080565257157085e-02 9.916729908113569580e-01 -1.171333410806650877e-01
-7.438745392971327086e-02 9.904428204912375522e-01 -1.161444916568048352e-01
-8.890419888019816808e-02 9.885441907817806850e-01 -1.219690258247315973e-01
-1.063029259095225471e-01 9.871201647955284431e-01 -1.195553645840193163e-01
-1.293331469177355642e-01 9.845013724640798713e-01 -1.184483076019623299e-01
-1.457124923821352669e-01 9.821140772156862209e-01 -1.192469107801368555e-01
-1.611249349003405773e-01 9.794594668311149555e-01 -1.212349993042272367e-01
-1.825196376023930367e-01 9.757310475872842392e-01 -1.209773595620344117e-01
-1.988025784449729549e-01 9.731758685364051420e-01 -1.157854953744486687e-01
-2.142148438236147756e-01 9.704187588946093790e-01 -1.113528192139438128e-01
-2.274726764881681851e-01 9.673477728652524199e-01 -1.117787325710537655e-01
-2.445314603685621591e-01 9.631522556147232850e-01 -1.119915830130472773e-01
-2.530987813711703116e-01 9.615702338616999301e-01 -1.064129195344726969e-01
-2.655326074644011602e-01 9.586857829979785750e-01 -1.020491116281247723e-01
-2.794900859596257670e-01 9.551926105394348276e-01 -9.742887643017691945e-02
-2.933130354136595508e-01 9.513004078469889935e-01 -9.484205213919032207e-02
-3.002654729357360774e-01 9.483245092005920807e-01 -1.025733315964577896e-01
-3.115748113138850917e-01 9.441644656867534957e-01 -1.071196338493940192e-01
-3.277737734028145500e-01 9.382172869967945195e-01 -1.109625754294751160e-01
-3.431690252639303385e-01 9.321747167988877480e-01 -1.152620255705734675e-01
-3.608935474305957625e-01 9.254035975192408392e-01 -1.156894385641516199e-01
-3.801483234068264161e-01 9.170487151576502960e-01 -1.204529915820165137e-01
-3.937619354130869609e-01 9.111298786518217119e-01 -1.216301744830489417e-01
-4.110324372846125840e-01 9.030689785923202706e-01 -1.245743648756117844e-01
-4.295692221988275383e-01 8.942540097300230029e-01 -1.256187337936355564e-01
-4.493050860506294097e-01 8.842219306665111134e-01 -1.275795189205878866e-01
-4.742893255602573244e-01 8.705744399241237552e-01 -1.309572341702132381e-01
-4.877176095589121352e-01 8.626123895384472107e-01 -1.342811057446235135e-01
-5.071259685082427637e-01 8.511761420360436370e-01 -1.353604220532419189e-01
-5.189473455147899372e-01 8.438615974451997293e-01 -1.363498200206638145e-01
-5.317954283460946119e-01 8.356425294663933911e-01 -1.374598187101932767e-01
-5.467352906158108317e-01 8.256906056091570800e-01 -1.389804379944968582e-01
-5.655371765686950658e-01 8.122814710219327106e-01 -1.427113528061637882e-01
-5.838961526328400042e-01 7.985413767341233982e-01 -1.462770261696188234e-01
-6.003446909011931343e-01 7.859944099874971446e-01 -1.476450314333304925e-01
-6.178430117362643248e-01 7.718323193056297882e-01 -1.501495894597403846e-01
-6.361577933345874403e-01 7.567037679240046222e-01 -1.506741022275908670e-01
-6.562114396750355905e-01 7.384856118222532517e-01 -1.550018202029805059e-01
-6.730839018338349300e-01 7.226023624666673140e-01 -1.574925522148437340e-01
-6.868987674803004317e-01 7.102267074963842797e-01 -1.541042640055836077e-01
-7.016061512339626383e-01 6.960451990375131626e-01 -1.525447683750127681e-01
-7.163195667751118823e-01 6.805529357305480920e-01 -1.540584202060403529e-01
-7.282254868614810306e-01 6.689915677757966028e-01 -1.487882371791803826e-01
-7.425132547171036101e-01 6.533958172488593119e-01 -1.474719957552349525e-01
-7.574427231617769651e-01 6.369729095835933164e-01 -1.433389350145030383e-01
-7.715860935883279703e-01 6.192666081458326754e-01 -1.454777822917086849e-01
-7.835173336612671902e-01 6.049821237968837639e-01 -1.417647147062449930e-01
-7.961064670749756766e-01 5.875372302097806587e-01 -1.449638344620050034e-01
-8.092478857726257413e-01 5.690347989465551759e-01 -1.460043634473459917e-01
-8.221930095925514825e-01 5.490231240592957640e-01 -1.502407482729643806e-01
-8.323277880349071456e-01 5.356191918021050435e-01 -1.426273211164901800e-01
-8.411655432640746666e-01 5.224551184980771312e-01 -1.395750550986586402e-01
-8.511319951482937407e-01 5.062364461693555917e-01 -1.389208602040767904e-01
-8.616895124072844192e-01 4.897149827936573829e-01 -1.329301947791237393e-01
-8.684648784150357237e-01 4.779423475345415118e-01 -1.316809938401051205e-01
-8.761399226352446501e-01 4.650203554099721637e-01 -1.270233101783031782e-01
-8.845348748028086794e-01 4.504408992356753738e-01 -1.212479592577465487e-01
-8.929485783515938024e-01 4.332643226545374593e-01 -1.221674234611266896e-01
-8.981984875286875836e-01 4.233685945816253460e-01 -1.183153668538947517e-01
-9.049996076849342597e-01 4.095205052056001271e-01 -1.151897631970157238e-01
-9.118943975210428432e-01 3.947607117020184853e-01 -1.123058494423805342e-01
-9.205607626680707423e-01 3.773314894050463497e-01 -1.009398041340857088e-01
-9.227738821611274345e-01 3.719308472476416383e-01 -1.007760983004797328e-01
-9.284534089749971741e-01 3.580975843600470165e-01 -9.869347425578556265e-02
-9.329579484770339493e-01 3.477984606895567765e-01 -9.287470868804865998e-02
-9.359415764806069404e-01 3.406919306658118818e-01 -8.912007717919365191e-02
-9.393357160134689909e-01 3.317651540345565309e-01 -8.706497304967042439e-02
-9.440991299547257798e-01 3.192424010443082882e-01 -8.222613080501031679e-02
-9.495464110588542894e-01 3.045861699153751823e-01 -7.475889312028902167e-02
-9.531058750518127676e-01 2.948770627250746346e-01 -6.809348224793300430e-02
-9.546162173288150754e-01 2.913182965124883617e-01 -6.198016723247626314e-02
-9.580071542544225105e-01 2.811923201869360178e-01 -5.615322360916654570e-02
-9.597617595591158013e-01 2.753172276718593992e-01 -5.529739639260115858e-02
-9.616597816479036664e-01 2.694026992490026751e-01 -5.130948037966626823e-02
-9.640104155533771868e-01 2.615017976195109228e-01 -4.796604182257523108e-02
-9.653618079920117667e-01 2.562213653586121187e-01 -4.926666514362436355e-02
-9.659710088159464414e-01 2.541301538390639547e-01 -4.814444633035740162e-02
-9.677040880633895892e-01 2.478034841494748675e-01 -4.628437990637963850e-02
-9.697297374747517740e-01 2.405665783527063117e-01 -4.185654308183479194e-02
-9.702926961580389253e-01 2.372402623211835315e-01 -4.742525135797238250e-02
-9.719180145741738164e-01 2.304273084935596627e-01 -4.773511515838840813e-02
-9.728866906626167932e-01 2.257978902595272619e-01 -5.006808107921568302e-02
-9.753193413912595311e-01 2.145943857512734865e-01 -5.197542681241516110e-02
-9.773955274792481829e-01 2.046146138927857350e-01 -5.320578714556983835e-02
-9.792501690331655295e-01 1.956388088534569969e-01 -5.286374981078807017e-02
-9.804067667894871274e-01 1.889345352929232835e-01 -5.573442618866346343e-02
-9.817595341091673866e-01 1.805647211832048238e-01 -5.953664365275716103e-02
-9.825394469860297963e-01 1.748752924000785969e-01 -6.352071066177052139e-02
-9.851632305609768769e-01 1.574180405901076663e-01 -6.835922584852191508e-02
-9.861032227392055871e-01 1.527103177238366971e-01 -6.542176231598802183e-02
-9.879605806441653648e-01 1.403588140589805411e-01 -6.506387940074374876e-02
-9.895723859383637189e-01 1.288415476608453514e-01 -6.439225545083103464e-02
-9.911987242051737423e-01 1.153430173021003091e-01 -6.496992788803537811e-02
-9.919340420289813887e-01 1.078194660684858586e-01 -6.664707849710836685e-02
-9.931653405884949271e-01 9.653169266077335497e-02 -6.560680279193492614e-02
-9.930576549345252468e-01 9.064857598291997665e-02 -7.496228503809418409e-02
-9.946059611097788355e-01 7.127176781782211534e-02 -7.536134191724994102e-02
-9.953206646473420349e-01 5.754888750067962272e-02 -7.762032501026257247e-02
-9.959006360324212936e-01 4.609262404875531793e-02 -7.782935139428566462e-02
-9.964737152281908372e-01 3.337303926316014663e-02 -7.698304862122860859e-02
-9.972146456737578379e-01 2.437680405625970714e-02 -7.048926569818170229e-02
-9.973518636284544048e-01 1.394762728783662149e-02 -7.137743715495675767e-02
-9.969673358184161227e-01 2.287292599246940061e-03 -7.778762559656005049e-02
-9.970796525180093406e-01 -5.854294141583409397e-03 -7.614400036211614597e-02
-9.970259994052027563e-01 -2.171452191143005001e-02 -7.394356521689587902e-02
-9.968310817642690447e-01 -2.876896741412188555e-02 -7.416303491382900126e-02
-9.965279689786037398e-01 -4.076148289963336946e-02 -7.259836988079519660e-02
-9.960398279698844393e-01 -5.474928758543440299e-02 -7.005134595763701233e-02
-9.958376922543702436e-01 -6.270741155674973422e-02 -6.614442807309252326e-02
-9.948575173552272055e-01 -7.570532510219837863e-02 -6.728475399807987145e-02
-9.945174536603965665e-01 -8.372765007795963943e-02 -6.264765733742601317e-02
-9.930488871300063858e-01 -9.915848147876364649e-02 -6.341543492917671443e-02
-9.920551519877633950e-01 -1.067688014883839825e-01 -6.653580100991500490e-02
-9.907663430092789048e-01 -1.178402689723767049e-01 -6.705027197138140049e-02
-9.892793715419545553e-01 -1.287680772632756876e-01 -6.888484513840716084e-02
-9.876190726538170983e-01 -1.403139185895044272e-01 -7.014689039632636403e-02
-9.861556038545946645e-01 -1.508682040759469767e-01 -6.881805323764876581e-02
-9.837684761132776678e-01 -1.652418601768770867e-01 -6.996233077496574748e-02
-9.836866214717570056e-01 -1.678211023657712742e-01 -6.478211897243504880e-02
-9.821422441045877250e-01 -1.770813339423867039e-01 -6.355177469130804391e-02
-9.800320177243448949e-01 -1.898229005359553523e-01 -5.919902762745796188e-02
-9.792246699927193987e-01 -1.946204329238866437e-01 -5.693809672155029922e-02
-9.777070975705614009e-01 -2.035392896495253068e-01 -5.158103234097845963e-02
-9.767776465785658058e-01 -2.067985104633999205e-01 -5.603408950397244237e-02
-9.747879473320100185e-01 -2.160079280177892580e-01 -5.593788286045728309e-02
-9.731106645596085958e-01 -2.244767568202110375e-01 -5.163171415521668889e-02
-9.699291215008447598e-01 -2.374618483165540361e-01 -5.337961938766822706e-02
-9.689728112061462006e-01 -2.430704268173152216e-01 -4.481598720395798402e-02
-9.669073614528934657e-01 -2.515595543415656277e-01 -4.252009982238851710e-02
-9.643358535399620957e-01 -2.615581666236150293e-01 -4.054258013732230104e-02
-9.632470736967658764e-01 -2.651098901261028651e-01 -4.326470870902129201e-02
-9.626619656178971862e-01 -2.674285387422090654e-01 -4.199917199584208422e-02
-9.619388420803628437e-01 -2.712420425262034307e-01 -3.318783077097711004e-02
-9.607878115640435812e-01 -2.751543122257992802e-01 -3.430596581789855520e-02
-9.613003932393843209e-01 -2.735332519726484390e-01 -3.288050646825680517e-02
-9.617271506678349846e-01 -2.728155215317193960e-01 -2.554589271559198557e-02
-9.608753551034622253e-01 -2.758189322184629866e-01 -2.534723524682603799e-02
-9.601704720504812274e-01 -2.788277924129422547e-01 -1.810360655072602507e-02
-9.596078000270672481e-01 -2.810185015912677886e-01 -1.347166179145006110e-02
-9.588840922634602748e-01 -2.835327904516852238e-01 -1.226654436648228971e-02
-9.575531765645073357e-01 -2.878708927560971187e-01 -1.490895708125281223e-02
-9.583390241202838222e-01 -2.854494451758288753e-01 -1.024417079705415221e-02
-9.568005462786535187e-01 -2.906215448024627168e-01 -8.476215675516231979e-03
-9.570645977986487196e-01 -2.898463878631993840e-01 -4.054752362165678532e-03
-9.555635997048461672e-01 -2.947297488689678557e-01 -5.709290150296391329e-03
-9.553724363525335495e-01 -2.953112067481181158e-01 -7.403578573771996997e-03
-9.540331381957468659e-01 -2.995807689712879918e-01 -8.494001667513772710e-03
-9.524475341781740712e-01 -3.045987737813636853e-01 -7.955854445096480557e-03
-9.523720708810032853e-01 -3.048261128759503502e-01 -8.276079148262352470e-03
-9.536598671615715839e-01 -3.008774021552632072e-01 -2.379225359378565538e-03
-9.529259111616249500e-01 -3.031431767066948280e-01 -6.036256090457894040e-03
-9.525443332385520323e-01 -3.043935896170055222e-01 -1.962130184590743162e-03
-9.529753614352212132e-01 -3.030393108503747768e-01 -2.269518618136006239e-03
-9.526904254085535317e-01 -3.038212398808452508e-01 -8.580311624166048895e-03
-9.510182093630065170e-01 -3.089601460893022788e-01 -1.039268174351037910e-02
-9.517061249092207964e-01 -3.068592992823611088e-01 -9.635170280433813517e-03
-9.499881793134602459e-01 -3.121041066046225665e-01 -1.065364303289903329e-02
-9.468523664119108396e-01 -3.215495224486806247e-01 -8.747289717299102166e-03
-9.467495010641140407e-01 -3.218983186559292164e-01 -6.846088709133311273e-03
-9.485693311554300733e-01 -3.164726894761498155e-01 -7.827837073003728746e-03
-9.478426694339238123e-01 -3.184188026333362176e-01 -1.427426004011591795e-02
-9.477795954475612961e-01 -3.187122802709890790e-01 -1.167626798596220483e-02
-9.487799486902060986e-01 -3.158598093713478328e-01 -7.014579804400752558e-03
-9.468356268567011957e-01 -3.216847424514658882e-01 -4.608322099106429426e-03
-9.463927610603822815e-01 -3.230147322444155145e-01 -1.496323944157270519e-03
-9.461146226887021671e-01 -3.238150213593375959e-01 -3.311661184299431217e-03
-9.462669963254370931e-01 -3.233853436605187426e-01 8.400121929241534391e-04
-9.457075594632666782e-01 -3.249949154172428467e-01 3.940985699246284286e-03
-9.451906872329355336e-01 -3.265137595559473582e-01 1.828674495621163219e-03
-9.463956968933677771e-01 -3.230078759084559215e-01 -1.054213823261114687e-03
-9.455426693715585085e-01 -3.254801368431499142e-01 -3.428600337246651142e-03
-9.453136957606310675e-01 -3.261554193962441506e-01 2.161804592618952851e-03
-9.467802786497606649e-01 -3.218320908770220257e-01 5.587824415240649073e-03
-9.464308755227751613e-01 -3.228436669975379147e-01 6.370170598800094230e-03
-9.469871307852231190e-01 -3.211828399940033774e-01 7.547977341136071633e-03
-9.470243301487921705e-01 -3.210244822502778539e-01 9.392254725999936438e-03
-9.492278255065097481e-01 -3.143472835788458375e-01 1.234241778737707809e-02
-9.511961987486461378e-01 -3.081103773961192394e-01 1.714064512235698862e-02
-9.526439143909006813e-01 -3.035230138812785583e-01 1.853017392788632034e-02
-9.541301104002954947e-01 -2.987116044329949371e-01 2.017733373042610370e-02
-9.556888788844080107e-01 -2.936453481314161840e-01 2.076514624454408459e-02
-9.552847388738961998e-01 -2.949345993072316485e-01 2.108707672698142965e-02
-9.552534857889346531e-01 -2.950216730017548583e-01 2.128392224382014142e-02
-9.564319632948804495e-01 -2.909577278153950286e-01 2.411462741803405488e-02
-9.570272814532997385e-01 -2.891744466443821326e-01 2.183888675144154620e-02
-9.574541551761143188e-01 -2.875414018900331881e-01 2.452545555284838669e-02
-9.579060841024635842e-01 -2.860440860096805094e-01 2.438708537414597741e-02
-9.599413413975380616e-01 -2.787733197947074859e-01 2.825017742645291943e-02
-9.616527608696158191e-01 -2.725734566076395415e-01 3.045806428797028995e-02
-9.638531606229180371e-01 -2.642396093578403549e-01 3.412519782699350440e-02
-9.652347430270371564e-01 -2.587879801998155815e-01 3.675170414776025157e-02
-9.685839634885936578e-01 -2.452117331149655799e-01 4.142858177279280796e-02
-9.691256658135566360e-01 -2.421769332433486577e-01 4.632270246239061223e-02
-9.700508484981358315e-01 -2.378595740489750643e-01 4.923606670185472212e-02
-9.727003556684556962e-01 -2.274229937275645819e-01 4.618241774474267369e-02
-9.737066945838878107e-01 -2.229980143083455935e-01 4.655291885033423921e-02
-9.743823694367031996e-01 -2.191305008589074788e-01 5.060471851693960216e-02
-9.768909580079341293e-01 -2.084809482664888025e-01 4.711439231752843210e-02
-9.797812094596337618e-01 -1.952063157777362834e-01 4.385534218172769394e-02
-9.807790544373720110e-01 -1.897407895198832684e-01 4.550708051994750702e-02
-9.821035205279292635e-01 -1.821573992450469803e-01 4.786827925677229062e-02
-9.834258894298114617e-01 -1.745608425175010636e-01 4.901068846996008838e-02
-9.850478454909992188e-01 -1.652891067269822989e-01 4.858259545649390443e-02
-9.855340375606840286e-01 -1.631228881770024619e-01 4.597389956766400471e-02
-9.864695482460489329e-01 -1.561280019499296789e-01 5.001892420134388534e-02
-9.881368954847657982e-01 -1.456264003365227155e-01 4.876928024851793358e-02
-9.882226916091405577e-01 -1.444846483857500086e-01 5.039953940510486646e-02
-9.891392326557884029e-01 -1.365793848736829852e-01 5.431082503096450187e-02
-9.903916350327198748e-01 -1.278178279070854018e-01 5.279230771737664085e-02
-9.916129182337073411e-01 -1.169557952216991326e-01 5.500162077632346491e-02
-9.926377478384194042e-01 -1.095176674663307509e-01 5.173198159421710240e-02
-9.936681779583086405e-01 -9.846712991431347262e-02 5.410907828458431240e-02
-9.949392771898292187e-01 -8.596038729682119184e-02 5.202559302592564550e-02
-9.955664542492831393e-01 -7.904652315583182709e-02 5.098135003079156541e-02
-9.963753240125099442e-01 -6.766032827664662797e-02 5.155879580211658597e-02
-9.967970944743045347e-01 -5.555735570667148793e-02 5.752346577549741907e-02
-9.978125769310900450e-01 -4.485207991521235338e-02 4.856303303394775978e-02
-9.981572415028729939e-01 -3.166820392186753957e-02 5.176159033593327047e-02
-9.984766948661589758e-01 -2.773327937386736719e-02 4.769875418350011387e-02
-9.985905712134517387e-01 -2.031071222734818008e-02 4.903429716089163781e-02
-9.987583300104390105e-01 -1.382239242005514276e-02 4.786184152844365908e-02
-9.990286413165452295e-01 -2.562138439056560468e-03 4.399119542286193674e-02
-9.987726044235283318e-01 1.117427514202353270e-03 4.951820016990762796e-02
-9.986359417026302587e-01 8.121945481388715554e-03 5.157815598423366732e-02
-9.985082428099374408e-01 1.653010340830974451e-02 5.203903322671918352e-02
-9.982871242092108410e-01 2.731906925723703167e-02 5.173492361453650018e-02
-9.978119169665476962e-01 4.101062175065574994e-02 5.186061619414044505e-02
-9.971394500415995399e-01 5.472738541465192730e-02 5.213297167892451400e-02
-9.967766693232024133e-01 6.274739612110052933e-02 4.999051928954881957e-02
-9.964039219185816254e-01 7.054183086545467996e-02 4.693709183844984451e-02
-9.962134702819006593e-01 7.351622169257392148e-02 4.641231382498491043e-02
-9.957258000623314675e-01 8.057546312710879566e-02 4.514135484209115534e-02
-9.948537736759768269e-01 8.848484976455385509e-02 4.936007192523021031e-02
-9.939752762827084309e-01 9.591204867382183141e-02 5.304757871723573409e-02
-9.931424213120750855e-01 1.050739106176033916e-01 5.126032232923007081e-02
-9.914927692845167950e-01 1.173015219830275679e-01 5.641327967281405814e-02
-9.898762760158926755e-01 1.286102357839544463e-01 6.003650857979821870e-02
-9.879502468981400387e-01 1.425401826477528944e-01 6.030441882601120934e-02
-9.865090537367813273e-01 1.521816825847845667e-01 6.033771066981049452e-02
-9.858112408868945353e-01 1.568150900255274871e-01 5.987688888671895832e-02
-9.845416890843023960e-01 1.654041826165409679e-01 5.761194036823618497e-02
-9.836013137583370369e-01 1.722980203696791723e-01 5.330914080832578616e-02
-9.823521424314586303e-01 1.812559797059754563e-01 4.615793086570833120e-02
-9.806743570785246833e-01 1.882031741395271129e-01 5.345453781409958277e-02
-9.798914928008219949e-01 1.930694120797196156e-01 5.036746294391396261e-02
-9.787650251122180789e-01 1.975401188611425329e-01 5.474435176118001845e-02
-9.774670750458442914e-01 2.041499173778117404e-01 5.367443872359693030e-02
-9.751005413409049583e-01 2.146578094876096243e-01 5.568640985729710752e-02
-9.738241749722541529e-01 2.203320575824577743e-01 5.585944670584679778e-02
-9.728276409043953299e-01 2.248835012509695919e-01 5.508002420753592421e-02
-9.701321385243197870e-01 2.365916351945831775e-01 5.355416799045119303e-02
-9.689711963057342503e-01 2.422202060433004400e-01 4.923625935842339263e-02
-9.669997890686606867e-01 2.517208926007927783e-01 3.934483022560272825e-02
-9.658225704730892813e-01 2.566584360492612515e-01 3.623844642689870443e-02
-9.651296276642227223e-01 2.594286203902965715e-01 3.495151120648277987e-02
-9.635257119039429829e-01 2.654800552675405934e-01 3.374252729142559332e-02
-9.618626683077394768e-01 2.717957502082954946e-01 3.077812197891823323e-02
-9.606436569089388255e-01 2.762479456980700965e-01 2.916937152074141823e-02
-9.594376076306522227e-01 2.806169164897054924e-01 2.708576184444761933e-02
-9.593986670668623873e-01 2.807919047110615796e-01 2.664806052981934931e-02
-9.582434843202404240e-01 2.847673350173334228e-01 2.601931797389767445e-02
-9.576186836187525753e-01 2.866059210682398994e-01 2.869700461706696168e-02
-9.561666738921387187e-01 2.917745570015981005e-01 2.475711595765864304e-02
-9.554976449694772000e-01 2.938980310432987020e-01 2.546002724152076485e-02
-9.561749268224254417e-01 2.916722217560746566e-01 2.562888117119899861e-02
-9.562968539150653591e-01 2.914949717520053940e-01 2.295699943416169841e-02
-9.543597987601313282e-01 2.975443973419484855e-01 2.578219190830361579e-02
-9.534647047852997659e-01 3.008519682895581804e-01 1.982839064149779021e-02
-9.518834287899468061e-01 3.059991982348255202e-01 1.680606286899771415e-02
-9.509154905863199669e-01 3.089895362320037586e-01 1.688820120602350927e-02
-9.493728781066282929e-01 3.137087455795949942e-01 1.667262240776176338e-02
-9.482528734499175993e-01 3.172635945236158550e-01 1.266154003661753950e-02
-9.476257125873105425e-01 3.193226154887583434e-01 6.212170091599330049e-03
-9.481628272093213239e-01 3.177669630529136868e-01 3.380131415967597367e-03
-9.498600602579085894e-01 3.126678570375232558e-01 -2.166132651832900890e-03
-9.501409163021049542e-01 3.117560707371204720e-01 -6.356618456704397901e-03
-9.516056821841283320e-01 3.072134522242920274e-01 -8.156933703085027590e-03
-9.517543604207562291e-01 3.064921793516991455e-01 -1.503983556640158675e-02
-9.525255538997524640e-01 3.040162203793779216e-01 -1.640799118288521416e-02
-9.532599279981359697e-01 3.014671884779662192e-01 -2.032385947872538887e-02
-9.546590238299644815e-01 2.967701948368807741e-01 -2.352902556329548173e-02
-9.557740500069573653e-01 2.932551374436999092e-01 -2.230257925736323088e-02
-9.576399579467042011e-01 2.874670126669590098e-01 -1.698360387641336539e-02
-9.580062947743898105e-01 2.857042599080302780e-01 -2.443420493612349226e-02
-9.576215064412367806e-01 2.866220163112495611e-01 -2.844091251328080550e-02
-9.585723412496860441e-01 2.831140419956050258e-01 -3.139301237537507616e-02
-9.597426976416317812e-01 2.789357089572603865e-01 -3.299757599105654360e-02
-9.608420897436295016e-01 2.742539056485108762e-01 -3.958900637600420297e-02
-9.629521888137844154e-01 2.667592065031196835e-01 -3.953003182290516782e-02
-9.639640593236503685e-01 2.624949087406397985e-01 -4.324038593707157929e-02
-9.642769906940894531e-01 2.612612215774532398e-01 -4.373185426659327579e-02
-9.652077298845586073e-01 2.575309084231739987e-01 -4.529773908638415336e-02
-9.663421573244614926e-01 2.529694990090882722e-01 -4.678977839915955672e-02
-9.675513456052090566e-01 2.474420771307961620e-01 -5.115494238005331706e-02
-9.704599615253975964e-01 2.363673571771862936e-01 -4.835236707520539079e-02
-9.715964291876801884e-01 2.316736960056045846e-01 -4.824617323440310440e-02
-9.722812628919866862e-01 2.285260684198292536e-01 -4.944691866585788215e-02
-9.734083979336080050e-01 2.224020280525115523e-01 -5.489485294818808453e-02
-9.749485310217755885e-01 2.146035720071767239e-01 -5.848662220974144843e-02
-9.768747120391707561e-01 2.061605988315050597e-01 -5.668880533994634374e-02
-9.783906685118368696e-01 1.978414437763623690e-01 -6.008726241599043200e-02
-9.799563130934980659e-01 1.888187897830656270e-01 -6.350673481302614165e-02
-9.814514323429853748e-01 1.807232242440851566e-01 -6.397045022565085726e-02
-9.823232665778657280e-01 1.738541460385168713e-01 -6.939562202800067525e-02
-9.838407341350475788e-01 1.634696486329430543e-01 -7.304177273431061712e-02
-9.857337942514982077e-01 1.493516223050325720e-01 -7.760796794220695127e-02
-9.865299371520896976e-01 1.451422040636929922e-01 -7.544826389575005898e-02
-9.880246496748888996e-01 1.368961775170596529e-01 -7.118107019924679868e-02
-9.894408162976925381e-01 1.258827483875351594e-01 -7.183607245026503441e-02
-9.910845995891837124e-01 1.142319306962247677e-01 -6.857403910809883874e-02
-9.915919646378333896e-01 1.098207327400235467e-01 -6.844558930879281189e-02
-9.929880674149959008e-01 9.570573555653123787e-02 -6.939111266416467250e-02
-9.936537023630064303e-01 8.342003228793516689e-02 -7.545485342049253197e-02
-9.941599816151159841e-01 7.615323163794199268e-02 -7.646328028413540423e-02
-9.948767606278134945e-01 6.484652327506360003e-02 -7.755757018190162499e-02
-9.955604613655650859e-01 5.529594901627805925e-02 -7.616917243873062848e-02
-9.959230003993845282e-01 4.406668134977942408e-02 -7.871163936725154853e-02
-9.965335465527620507e-01 3.354329478603292058e-02 -7.612985737334579395e-02
-9.973024101389472706e-01 2.477115993972235641e-02 -6.909637702250774616e-02
-9.976391895349618899e-01 1.368012679118211887e-02 -6.729723956253175210e-02
-9.978737732891689305e-01 4.980224953119328363e-04 -6.517439070158133341e-02
-9.976660600504921872e-01 -7.347736594335695787e-03 -6.788564119458020962e-02
-9.975111455377068115e-01 -1.927625614155560260e-02 -6.782298549633229701e-02
-9.968252465707119203e-01 -3.663796308111416655e-02 -7.069020125797408072e-02
-9.959507265228101369e-01 -5.111206848439704686e-02 -7.395758360337248427e-02
-9.952301647058300338e-01 -6.053522083463003939e-02 -7.650113650057915882e-02
-9.941353680882979438e-01 -7.224678596545300313e-02 -8.046918466273784987e-02
-9.934997995111803926e-01 -8.420942990838634068e-02 -7.659593842106518502e-02
-9.930997905936542747e-01 -9.401884676316316081e-02 -7.009479069265117657e-02
-9.920913818670584750e-01 -1.037370526820348693e-01 -7.066350724549678997e-02
-9.905058587417482352e-01 -1.154591397371248912e-01 -7.461466622437169793e-02
-9.890817997902946468e-01 -1.278592744379837831e-01 -7.327493874963343645e-02
-9.875366320184654212e-01 -1.402317109849230692e-01 -7.145967327744923159e-02
-9.865650841569328922e-01 -1.506123258032500412e-01 -6.328727343340799505e-02
-9.854161158071123028e-01 -1.583536644844814878e-01 -6.228332472028656752e-02
-9.838556694396678459e-01 -1.662072942532645536e-01 -6.635641765132241354e-02
-9.828553968774944583e-01 -1.717913751235881359e-01 -6.695527921363446378e-02
-9.809889379308166513e-01 -1.820745331599582517e-01 -6.715344504239574575e-02
-9.791929530438834295e-01 -1.908276612323890342e-01 -6.903608934361077365e-02
-9.770378717591123863e-01 -2.030866843841784564e-01 -6.444232192948602667e-02
-9.755780642716037621e-01 -2.107987552163897993e-01 -6.173606944563811427e-02
-9.740115570493969033e-01 -2.176932113806591407e-01 -6.253934321051268785e-02
-9.719252213925626549e-01 -2.269846487184863648e-01 -6.196249065149900259e-02
-9.696082907587668664e-01 -2.368498219591642362e-01 -6.133466612485436592e-02
-9.677322244148075514e-01 -2.445235699604827173e-01 -6.084884950655165131e-02
-9.651325542827697834e-01 -2.538273603812788437e-01 -6.395968194018646080e-02
-9.625393570451803438e-01 -2.633726248566019001e-01 -6.444271717315296077e-02
-9.597060987749349570e-01 -2.739343166519926931e-01 -6.264352454255636693e-02
-9.566367782158278210e-01 -2.846251374455391892e-01 -6.192433036386302270e-02
-9.537834889553651330e-01 -2.948135332566912958e-01 -5.815542695129452544e-02
-9.515298573706868490e-01 -3.028309238774684609e-01 -5.370641194120591433e-02
-9.493285810105498435e-01 -3.104665501968252306e-01 -4.884447816262547926e-02
-9.436748871936182503e-01 -3.272171828650926595e-01 -4.905750789208761231e-02
-9.388779289527019456e-01 -3.407963765584506310e-01 -4.864237592074413530e-02
-9.362528285921144500e-01 -3.477860757960365423e-01 -4.975442650277469431e-02
-9.336050310087141701e-01 -3.549013692840852774e-01 -4.926135058639800890e-02
-9.315830900448734964e-01 -3.603486184222637889e-01 -4.797745325553107176e-02
-9.277064709640792106e-01 -3.708008018861257971e-01 -4.321440689366190524e-02
-9.244108015011077706e-01 -3.793972957816131863e-01 -3.901766144446203177e-02
-9.218095846366536339e-01 -3.860445392552673272e-01 -3.516701667336614295e-02
-9.198039028490448965e-01 -3.911122362696537458e-01 -3.149625953010026791e-02
-9.202321202209072792e-01 -3.902812333450344506e-01 -2.921334021705673800e-02
-9.196989234166963456e-01 -3.915876344786027863e-01 -2.851368481440282390e-02
-9.162597020221349142e-01 -3.995313160955335507e-01 -2.903276354705188605e-02
-9.131466631423318381e-01 -4.067626595209918317e-01 -2.659559752374238487e-02
-9.107943092714503308e-01 -4.120604146019596348e-01 -2.568961453242682783e-02
-9.105396480847620655e-01 -4.125974922003687873e-01 -2.609356385666336889e-02
-9.088625947644101144e-01 -4.165574417170385124e-01 -2.118246494340679867e-02
-9.060278831382746478e-01 -4.229462646960547301e-01 -1.516401331132893882e-02
-9.054192669728292620e-01 -4.242412919762193479e-01 -1.533924119555814432e-02
-9.047061261458865244e-01 -4.259853756726840746e-01 -6.580282505101517701e-03
-9.058026500820376414e-01 -4.236364376506159823e-01 -7.330953842503641800e-03
-9.033763346521411775e-01 -4.287267943737683162e-01 -1.022491904998785485e-02
-9.031344905261260436e-01 -4.293075077292888841e-01 -6.570464553497945212e-03
-9.030991032241951766e-01 -4.293887945173984755e-01 -6.106396111189376329e-03
-9.039098693652306560e-01 -4.276802919229769628e-01 -6.044099635197477775e-03
-9.033942645046928455e-01 -4.287933769000262796e-01 -3.880459801358746019e-03
-9.056246295001303404e-01 -4.240532991961261655e-01 -4.779650449834691936e-03
-9.076139056144222339e-01 -4.198056655020483419e-01 4.656357785086271892e-04
-9.058686401146044398e-01 -4.235580401748423318e-01 7.802087897054328907e-04
-9.082112860009472488e-01 -4.185053651598513724e-01 2.352573962965010847e-03
-9.082944113855085932e-01 -4.183315379159991965e-01 4.387654814690285232e-05
-9.087627998617776592e-01 -4.172689491946373064e-01 6.067370510370686566e-03
-9.085903412719920080e-01 -4.176144602187221722e-01 7.859371600501015645e-03
-9.102019648896132464e-01 -4.141056925129844024e-01 6.990986234005213025e-03
-9.113825633186676267e-01 -4.114674061647986547e-01 8.741414858746835229e-03
-9.104635765499383693e-01 -4.134443448334021998e-01 1.094828341516915909e-02
-9.113641354146152507e-01 -4.115435915178485282e-01 6.877525194496299059e-03
-9.133876566225442861e-01 -4.069000082558205111e-01 1.246545385873586154e-02
-9.141311518071667530e-01 -4.049473615190000708e-01 1.954193685641148967e-02
-9.148463663841288618e-01 -4.032689547308206390e-01 2.074347322402274665e-02
-9.144213849151662243e-01 -4.042402589168059834e-01 2.057570166240829321e-02
-9.173047795314230868e-01 -3.976055708733300942e-01 2.148876660665706081e-02
-9.187899904090159886e-01 -3.940689844404332010e-01 2.312151961358390601e-02
-9.181553681723376714e-01 -3.953613391241665442e-01 2.607962981661153881e-02
-9.209818366586954852e-01 -3.885439305171244917e-01 2.874171897151596433e-02
-9.223698524037752255e-01 -3.850219049115377601e-01 3.149609471423592266e-02
-9.243439891294182864e-01 -3.800893036279108239e-01 3.347128500641541327e-02
-9.277069678464251457e-01 -3.710526297984045874e-01 4.098467955544000257e-02
-9.303978711917026967e-01 -3.634678956553700213e-01 4.744371734617115755e-02
-9.336268699477624500e-01 -3.543643383858162688e-01 5.260038175626501750e-02
-9.376064262556925710e-01 -3.436439973908023138e-01 5.294345361283033652e-02
-9.410258606871089171e-01 -3.332157132318635528e-01 5.863134978718022999e-02
-9.439630081848425780e-01 -3.248427849239245435e-01 5.840395063347997295e-02
-9.462499170962097583e-01 -3.181232950652861380e-01 5.838390805793641086e-02
-9.488327432798019379e-01 -3.094364647383092692e-01 6.297235153396571472e-02
-9.513798477324303393e-01 -3.015600151114994909e-01 6.275316795499207012e-02
-9.532272492342345194e-01 -2.941310814911040628e-01 6.960413904879282632e-02
-9.571147916805865519e-01 -2.825776158599502819e-01 6.388414628906335935e-02
-9.597001362590269480e-01 -2.728548261448409118e-01 6.727488447354892931e-02
-9.628261670343696288e-01 -2.596715599594123236e-01 7.440746886689764139e-02
-9.662314755141766520e-01 -2.464601868275392293e-01 7.519395254562021014e-02
-9.693035799654321494e-01 -2.332772723629635836e-01 7.766789908412075061e-02
-9.722597126802042800e-01 -2.203789890335200452e-01 7.838476142571534910e-02
-9.747183503905813007e-01 -2.105871653714826430e-01 7.468066483802722477e-02
-9.774941101334857496e-01 -1.958649695655457490e-01 7.837217027560583471e-02
-9.792444378025573215e-01 -1.871521274360639087e-01 7.781022367830957298e-02
-9.801693824427135660e-01 -1.800538450400727131e-01 8.275635054242819200e-02
-9.809559083958840908e-01 -1.752774153569238991e-01 8.368603475245323109e-02
-9.838882088198497300e-01 -1.581544151582086333e-01 8.337381156898736323e-02
-9.869609736019566704e-01 -1.403324699406235665e-01 7.883434045561830972e-02
-9.879849732218476399e-01 -1.290995023488319404e-01 8.496487686959403041e-02
-9.894463529813789515e-01 -1.140034522683153195e-01 8.943795263273603136e-02
-9.910398772946109602e-01 -9.905651040967369814e-02 8.959793131566204383e-02
-9.920117527505719623e-01 -8.639590439909447528e-02 9.191545025606778774e-02
-9.934564519837422170e-01 -6.843761215139852749e-02 9.143626800491427842e-02
-9.943696540923870897e-01 -5.369127676611379352e-02 9.135785496455432753e-02
-9.948452527318549787e-01 -3.823355119574218391e-02 9.392091824656866039e-02
-9.950825543638356363e-01 -2.032561827044223127e-02 9.694121698846658308e-02
-9.954556448113459632e-01 -2.582957546566354984e-03 9.519142604518546213e-02
-9.953714804389249826e-01 1.036598695526681942e-02 9.554152157505321763e-02
-9.946011476481144697e-01 2.747047505680074581e-02 1.000697296106405620e-01
-9.935560398730235443e-01 4.711446276532042787e-02 1.030856154716663503e-01
-9.927411419576956941e-01 5.897614557683285991e-02 1.048182259092676205e-01
-9.914036816752777037e-01 7.352122300178798309e-02 1.082284227294953299e-01
-9.897096328980181656e-01 8.996020518847351599e-02 1.112745531471010102e-01
-9.873195864925208287e-01 1.127075055863671904e-01 1.117903150310568389e-01
-9.860391642122892097e-01 1.293258939095263405e-01 1.048885171833920105e-01
-9.835419544730000796e-01 1.483114426785453743e-01 1.031938022478287587e-01
-9.809660670605803157e-01 1.651717549484810199e-01 1.020974414166071070e-01
-9.785487785965806262e-01 1.797761658506847049e-01 1.006123196017578297e-01
-9.766676176815703991e-01 1.899579974838032925e-01 1.001815576765108101e-01
-9.743429040033835253e-01 2.009786045811414457e-01 1.013090654650549427e-01
-9.724109556465895254e-01 2.123660263624780054e-01 9.652784370384200063e-02
-9.687911039292184112e-01 2.276914374311578837e-01 9.798176788664202108e-02
-9.657784892963020562e-01 2.400095478336842225e-01 9.832266858228340400e-02
-9.606694141105061036e-01 2.600523953497581031e-01 9.740148321233796369e-02
-9.587415756780348630e-01 2.681714860286674718e-01 9.433273791602728164e-02
-9.548538313776602227e-01 2.826577543983812002e-01 9.142633415342289738e-02
-9.511553166020515482e-01 2.961059882324599823e-01 8.732025739373602824e-02
-9.476434181727567685e-01 3.087507182560849106e-01 8.151665876491402674e-02
-9.418260755876544099e-01 3.263600719039536080e-01 8.032911232856836115e-02
-9.378506315529279158e-01 3.374576985065942392e-01 8.098465388082207173e-02
-9.360070864283753789e-01 3.433672452723874891e-01 7.739307866932258750e-02
-9.327355956760156053e-01 3.515812176468511852e-01 7.996859181976945230e-02
-9.285405675598371600e-01 3.631755866711626757e-01 7.691506451656171528e-02
-9.252646372803978725e-01 3.722140447706156485e-01 7.308950107018051534e-02
-9.239271293183752842e-01 3.761638864941397875e-01 6.970946455881237014e-02
-9.194989506586150885e-01 3.885113334842161814e-01 5.983847207026421477e-02
-9.167715464816380555e-01 3.954049194629309372e-01 5.643492111740504996e-02
-9.136813825814649181e-01 4.030618348117993577e-01 5.222554357518193607e-02
-9.111827268001352342e-01 4.092163071355816029e-01 4.783378865341125774e-02
-9.070389080661718229e-01 4.179473023560467126e-01 5.099500631031794046e-02
-9.041383430529538190e-01 4.248783170213377147e-01 4.485856907549577721e-02
-9.023837937592927849e-01 4.287084284628667752e-01 4.373317913374279858e-02
-8.996523303683048312e-01 4.343818446875134520e-01 4.402404232904243153e-02
-8.967340765728865071e-01 4.407630115102884605e-01 3.994974647879665636e-02
-8.937238968521389326e-01 4.467271608025433771e-01 4.113950225081833278e-02
-8.904310801301005274e-01 4.533787374839470807e-01 3.975211384184295510e-02
-8.866570032899480092e-01 4.609467484621873057e-01 3.697934846173930173e-02
-8.867802396852850766e-01 4.610491239558643928e-01 3.247353445405040673e-02
-8.856626486621368421e-01 4.635352779097166032e-01 2.714291017953985446e-02
-8.844370255928931668e-01 4.661563223308949899e-01 2.166678572224368590e-02
-8.825619596491931507e-01 4.695648298746963878e-01 2.435727194733441209e-02
-8.806299989978486620e-01 4.733574641315400067e-01 2.057995994895463199e-02
-8.777066905166505117e-01 4.787202870427127444e-01 2.139791934875758667e-02
-8.758170604485053801e-01 4.821806229592808246e-01 2.112681292751114256e-02
-8.735744245508115791e-01 4.859913576089571752e-01 2.607956891055833101e-02
-8.711172050772357789e-01 4.905035858272604465e-01 2.368683259377137723e-02
-8.716290814078786475e-01 4.895468671002436989e-01 2.462982105376455844e-02
-8.694554705751221801e-01 4.935996312063782865e-01 2.016450849656220914e-02
-8.663778958511415551e-01 4.989770874077957274e-01 2.027871954366076979e-02
-8.668584126281572155e-01 4.982013060125814463e-01 1.876085809010724983e-02
-8.653554679472067468e-01 5.009363947903699987e-01 1.492183218615021449e-02
-8.655700688685933342e-01 5.007101322127393006e-01 8.822586414920037881e-03
-8.654986925023763211e-01 5.008957434752245863e-01 3.935241754969930235e-03
-8.642096766030007426e-01 5.031315403210567805e-01 5.537758438313319063e-04
-8.637723561221396507e-01 5.038692833403082272e-01 3.616737063304992835e-03
-8.645734806960491126e-01 5.024856779030163478e-01 4.567127972894597168e-03
-8.660825589182337136e-01 4.998861917324854409e-01 3.849043576308578893e-03
-8.655284924967209248e-01 5.008581311479718412e-01 1.256903279172885950e-03
-8.673401947824131986e-01 4.977154044832918234e-01 -6.175541028832927902e-04
-8.691943665149206577e-01 4.944601641657699886e-01 -3.212164120778661369e-03
-8.710859047868542149e-01 4.910863194632227313e-01 -6.602428969506544953e-03
-8.714532556929727170e-01 4.903117438279811502e-01 -1.279202214024701550e-02
-8.707887762410669863e-01 4.914586709356114635e-01 -1.397500454640304354e-02
-8.712820686441892226e-01 4.906850101460299984e-01 -9.787568909484369722e-03
-8.722236137002513656e-01 4.889763163661794421e-01 -1.132027298342285285e-02
-8.725643156508576803e-01 4.882283771544531081e-01 -1.626608953053761478e-02
-8.739675253631528085e-01 4.856613264930500495e-01 -1.771607887901371567e-02
-8.767829189811247037e-01 4.804559576057725878e-01 -2.034219015036326655e-02
-8.786163508130715449e-01 4.769487488497979322e-01 -2.352058806730466731e-02
-8.778634397336420037e-01 4.780822307862281906e-01 -2.816346601937682811e-02
-8.799692907946166098e-01 4.741830924190105767e-01 -2.836302446009191652e-02
-8.805755835486709371e-01 4.726873205946187650e-01 -3.396112054553449000e-02
-8.848410106268256303e-01 4.641721239661626419e-01 -4.000805596775111606e-02
-8.855484464046078363e-01 4.625064575142842638e-01 -4.349419704524454255e-02
-8.868453105764347866e-01 4.598732410846499419e-01 -4.496683910364370623e-02
-8.930342352345274071e-01 4.472000906083364868e-01 -5.001952770349686606e-02
-8.948542672278925192e-01 4.434152304382002474e-01 -5.117414747028535549e-02
-8.979105102561263374e-01 4.371671806219565859e-01 -5.139641319910610850e-02
-9.015191938769133717e-01 4.291520362339844574e-01 -5.560299003561234438e-02
-9.039866078527162285e-01 4.237689394441984114e-01 -5.681653317356721855e-02
-9.050317938788456917e-01 4.213437742997531710e-01 -5.819704136628452151e-02
-9.071352232971399143e-01 4.165073977481673073e-01 -6.022702078686780619e-02
-9.089503090475870017e-01 4.131737713291264713e-01 -5.564881017713205896e-02
-9.140511844593947055e-01 4.018419470194813381e-01 -5.507723218790169795e-02
-9.171579776006528739e-01 3.938194904976502486e-01 -6.105303539594433837e-02
-9.217302603146857454e-01 3.825809957498434999e-01 -6.360132895275176501e-02
-9.267171784854447703e-01 3.700683335953983133e-01 -6.515151459649705379e-02
-9.289983728419463072e-01 3.634131573982444241e-01 -6.994941648595710826e-02
-9.336936619944232740e-01 3.509429755493209679e-01 -7.109988813475905112e-02
-9.355633514989076804e-01 3.458455863441993183e-01 -7.149871598186204047e-02
-9.401207474393298291e-01 3.328881662711130618e-01 -7.320157014866217338e-02
-9.419734113944028264e-01 3.277441285052030695e-01 -7.259407231704431696e-02
-9.466023239705966263e-01 3.126272072684185832e-01 -7.879270667789231575e-02
-9.516329542909240935e-01 2.943590718862258981e-01 -8.801976915154818837e-02
-9.548699555018295149e-01 2.827467230401567444e-01 -9.098176448588575493e-02
-9.582480513592812610e-01 2.688593666028796236e-01 -9.734134035656485939e-02
-9.622612784777423434e-01 2.534780638609806513e-01 -9.900569029414350852e-02
-9.672852025110346696e-01 2.328473660534790546e-01 -1.007048404062035052e-01
-9.701299497248274673e-01 2.213250910970742946e-01 -9.931318341015887841e-02
-9.727494807117128550e-01 2.083068254747724168e-01 -1.018171797176001397e-01
-9.738222960176551313e-01 2.020342608897865988e-01 -1.041744550390781010e-01
-9.773663300546919785e-01 1.858731580795410232e-01 -1.010259859541738359e-01
-9.801236546534942695e-01 1.712599196460379558e-01 -1.001383308161301333e-01
-9.825603967930396365e-01 1.600871024054501823e-01 -9.458969157196180089e-02
-9.848812244465654508e-01 1.435583611792091152e-01 -9.695356813846867094e-02
-9.872515519335971490e-01 1.287127739436842444e-01 -9.363449379885339929e-02
-9.886148132100932573e-01 1.193562821624864073e-01 -9.162342666250317125e-02
-9.902980320881245024e-01 1.061708810008637205e-01 -8.965252189015318618e-02
-9.919960631421519404e-01 8.993051738894021485e-02 -8.863597259921690563e-02
-9.930331676484783765e-01 8.016226324896146005e-02 -8.636644168025306434e-02
-9.941164643944675472e-01 6.569237832348824579e-02 -8.612194485353301399e-02
-9.950241227366696251e-01 5.101187256695619010e-02 -8.558508468636646938e-02
-9.955385560401823763e-01 3.409073214534565771e-02 -8.798197766550361343e-02
-9.959284815271568503e-01 1.717269298515238657e-02 -8.849622188197320272e-02
-9.962200287474971550e-01 1.003695771139022190e-02 -8.628404685917136219e-02
-9.962713917068755087e-01 -6.804173034060783873e-03 -8.600604747023567198e-02
-9.962920740025434929e-01 -1.551918482861820194e-02 -8.462435251327045382e-02
-9.961084508723481168e-01 -2.248532200972642309e-02 -8.521964146411509233e-02
-9.955606008106028249e-01 -3.829845978331392065e-02 -8.597872446661075641e-02
-9.949038128191531882e-01 -5.096253692009716785e-02 -8.700141427223041790e-02
-9.940929602250114794e-01 -6.577926470246291124e-02 -8.632669190518978131e-02
-9.932815808491525233e-01 -7.510093463142084036e-02 -8.804302276055568643e-02
-9.932010268623485683e-01 -8.150414702330148475e-02 -8.311929558149483421e-02
-9.919483706936340628e-01 -9.373731229313596314e-02 -8.515732047176852171e-02
-9.906952961334595242e-01 -1.066465566559478551e-01 -8.455391885397368912e-02
-9.891894958494312773e-01 -1.184000146005953213e-01 -8.651936785637864835e-02
-9.875725545245717107e-01 -1.317717564711782807e-01 -8.565440354623647667e-02
-9.869761250067490277e-01 -1.396459825660356646e-01 -7.985706626032948452e-02
-9.852168159753658117e-01 -1.509267670859233412e-01 -8.104911662722773247e-02
-9.835992949872635061e-01 -1.618882403614136101e-01 -7.952765127178980376e-02
-9.809447346846049687e-01 -1.794113252240099876e-01 -7.455887799776980684e-02
-9.784883562298449799e-01 -1.921544777631291057e-01 -7.508139506379993278e-02
-9.767254518084894643e-01 -2.020494181888571883e-01 -7.199615726554856043e-02
-9.740417892270132327e-01 -2.146355363736686672e-01 -7.193192351723909361e-02
-9.735382869185091881e-01 -2.192607470086627153e-01 -6.440458848771481171e-02
-9.719350022483792539e-01 -2.273306954098384403e-01 -6.052378458601490041e-02
-9.691403743601912923e-01 -2.396657176120658705e-01 -5.768275903731223675e-02
-9.667955165098048864e-01 -2.498229907293448848e-01 -5.380450210113452841e-02
-9.634063966302707227e-01 -2.626261948566329663e-01 -5.362479439403534248e-02
-9.624455889392220520e-01 -2.658417302652630321e-01 -5.501531295445265951e-02
-9.587867179780306115e-01 -2.773861316166751911e-01 -6.152224079308879490e-02
-9.561040731842521678e-01 -2.870610777586309892e-01 -5.882993804265341381e-02
-9.557519310734488016e-01 -2.886922753151642262e-01 -5.652467730051888989e-02
-9.527827790029194110e-01 -2.990174771639750317e-01 -5.285401436012412968e-02
-9.493972609472820512e-01 -3.107246722338276590e-01 -4.577162099432820902e-02
-9.464728944936409150e-01 -3.190214754615738890e-01 -4.913634708033131487e-02
-9.446865565070008408e-01 -3.252777278195429500e-01 -4.197298974735853838e-02
-9.428058590770735936e-01 -3.301857675589797703e-01 -4.576563324517665676e-02
-9.411418707508891757e-01 -3.352334660804222599e-01 -4.324956134980663391e-02
-9.388406687253074701e-01 -3.415950766695026175e-01 -4.348591234578039200e-02
-9.363510925297497955e-01 -3.484017383007076973e-01 -4.316112229684732071e-02
-9.369183221890224900e-01 -3.473365841335637749e-01 -3.926037573078808990e-02
-9.334642171289974089e-01 -3.569125598990153247e-01 -3.546832480723192960e-02
-9.323757354128530128e-01 -3.599409983124953194e-01 -3.343632527889028871e-02
-9.275421440105059423e-01 -3.723026039794402609e-01 -3.250175602481928522e-02
-9.260677336471392351e-01 -3.764296053248201712e-01 -2.644478413853473819e-02
-9.236543680653787058e-01 -3.826581190537115540e-01 -2.086609248075687109e-02
-9.225504503994689243e-01 -3.856075810995777675e-01 -1.440421226706300323e-02
-9.230456434597037463e-01 -3.844850974186643788e-01 -1.256866887824749542e-02
-9.217719727640075744e-01 -3.875807507237779559e-01 -1.084496962075056671e-02
-9.213253928476183852e-01 -3.887349721388145274e-01 -6.683067371037702299e-03
-9.188288246076437016e-01 -3.946491314586330623e-01 -2.382329609972280889e-03
-9.188752760477658654e-01 -3.945472430664327401e-01 8.493850172791770313e-04
-9.204559444235593801e-01 -3.907542935468978906e-01 8.482796760782368439e-03
-9.184814329252015686e-01 -3.953990548678347206e-01 7.173994277553016538e-03
-9.153012152952295644e-01 -4.025607742062605743e-01 1.298189474372817356e-02
-9.163814038903681514e-01 -3.997193434866033734e-01 2.167003550037900281e-02
-9.174409505493483774e-01 -3.971335380717824215e-01 2.422966433973069642e-02
-9.211743585670765233e-01 -3.884734505577133179e-01 2.293906530447225797e-02
-9.228671150744934826e-01 -3.843022870534413271e-01 2.506115625181097595e-02
-9.240055872124141034e-01 -3.810990099132019471e-01 3.126085651190935177e-02
-9.260896536031129056e-01 -3.754964604252736260e-01 3.688337631945722006e-02
-9.267184253893593349e-01 -3.733742228016694864e-01 4.224537397781278486e-02
-9.286745908640902103e-01 -3.680972286044731923e-01 4.547478836062968099e-02
-9.325650269832629347e-01 -3.578961993536327046e-01 4.725254224655511814e-02
-9.346515505909404053e-01 -3.518832890097357557e-01 5.103578897565607536e-02
-9.364738115096850057e-01 -3.457893918747895201e-01 5.870705948996274987e-02
-9.390248749829932517e-01 -3.382024723108416620e-01 6.205960047547341707e-02
-9.406836129019144899e-01 -3.329008072392102835e-01 6.550889350957482538e-02
-9.437926165418735192e-01 -3.237647575377979869e-01 6.657252426603474382e-02
-9.471836748744372203e-01 -3.142497205278467765e-01 6.395483806799538706e-02
-9.494545870610582305e-01 -3.066360638658213178e-01 6.715901815290947763e-02
-9.527015665920665066e-01 -2.966738166905704133e-01 6.591201498142604254e-02
-9.548349347541814636e-01 -2.906418250056559960e-01 6.178672356487904804e-02
-9.578782367439998557e-01 -2.801633328823846525e-01 6.306990430281851634e-02
-9.605133586338485685e-01 -2.696441232373494867e-01 6.860143802711517191e-02
-9.635427263642289963e-01 -2.586711557485946167e-01 6.837156018223179699e-02
-9.656037389629746892e-01 -2.512466095636383123e-01 6.696702959574811487e-02
-9.688670484558419282e-01 -2.375158005205834089e-01 6.987782055059199582e-02
-9.710078184305608318e-01 -2.280512088138823834e-01 7.166927931926737882e-02
-9.725447979600728710e-01 -2.197540185876323549e-01 7.658204965152322352e-02
-9.740577495251099283e-01 -2.131557862725484975e-01 7.600088417776940108e-02
-9.771366014221407603e-01 -2.001565556191245709e-01 7.170382435088987205e-02
-9.789636889598408720e-01 -1.920210985380406410e-01 6.897837567706079087e-02
-9.813322611394250661e-01 -1.794578430640143274e-01 6.915127421005995423e-02
-9.828447191065541322e-01 -1.697288373908605041e-01 7.216926628678455025e-02
-9.845098599114029403e-01 -1.591191038195286234e-01 7.363063061237995477e-02
-9.858364328368317553e-01 -1.491090139000367520e-01 7.676622255823487007e-02
-9.871068789108887742e-01 -1.397557790532871214e-01 7.802791267490975791e-02
-9.886833634146587890e-01 -1.258962259880656021e-01 8.158045659123890070e-02
-9.904783285254290526e-01 -1.117059789545807452e-01 8.046414491478977304e-02
-9.918458590816666698e-01 -9.840316486820531450e-02 8.098538531367435733e-02
-9.928836918451027227e-01 -8.829564015549458411e-02 7.991168851985980259e-02
-9.943685527806532809e-01 -7.348829999750434994e-02 7.635885277485106315e-02
-9.948936065295674869e-01 -6.336532560587902763e-02 7.855934535239682270e-02
-9.955365424807166574e-01 -5.697266698986787337e-02 7.524048949692696553e-02
-9.962326957182853215e-01 -4.378226488857676901e-02 7.485688150548609754e-02
-9.965610656303548476e-01 -3.509913418690261550e-02 7.506075345508979313e-02
-9.969563843981322782e-01 -2.352147715542357576e-02 7.432853523259301542e-02
-9.971730700886081156e-01 -1.909834304670387714e-02 7.267148632113748508e-02
-9.977147851692319547e-01 -5.563323879628490065e-03 6.733706099665491551e-02
-9.975353524987646825e-01 9.859132843964923607e-03 6.946971375423223460e-02
-9.973666250217045892e-01 1.701447263095380233e-02 7.050068203292385316e-02
-9.965859833087170605e-01 3.299217781838294228e-02 7.568300859744057918e-02
-9.960056360483361404e-01 4.388401413024271142e-02 7.776239488154314261e-02
-9.952401045010315084e-01 5.575365090779479949e-02 7.992927333556157365e-02
-9.942058719633465325e-01 6.799489988620699421e-02 8.325504166768224468e-02
-9.931391149026662646e-01 8.187701084285155251e-02 8.349178266152146310e-02
-9.920399960123661431e-01 9.729151630607776879e-02 7.994392485618426192e-02
-9.904546655287116419e-01 1.086200129970641554e-01 8.486031181366621157e-02
-9.893210559508868185e-01 1.210042956419527665e-01 8.125166265543756761e-02
-9.881615858646873862e-01 1.315249010805299712e-01 7.898040655200774807e-02
-9.855371152661123180e-01 1.475719521501440701e-01 8.330148673308958307e-02
-9.831064425048869904e-01 1.619149958809059375e-01 8.535385920974221385e-02
-9.814601706263171854e-01 1.716931425869519523e-01 8.519050837903904827e-02
-9.779712902095599736e-01 1.900608985372400916e-01 8.630779166256702384e-02
-9.741730108139959876e-01 2.091866734197299904e-01 8.501708652389171339e-02
-9.709462226400717988e-01 2.241090111816420039e-01 8.389641267556237347e-02
-9.685911969013520917e-01 2.348314535039722206e-01 8.176371864083460672e-02
-9.675701138251072697e-01 2.413272305569127141e-01 7.462751988078933363e-02
-9.643164749944651559e-01 2.541664962966670438e-01 7.411580310248076786e-02
-9.609674422477780809e-01 2.665925994850993352e-01 7.395934616292128283e-02
-9.583866786817557548e-01 2.767347501040557933e-01 7.009191160244496177e-02
-9.558246112198341971e-01 2.863892833657762371e-01 6.618545688832297436e-02
-9.524720584658437073e-01 2.972625945455846241e-01 6.657290371975098375e-02
-9.493058282212949450e-01 3.074422815954646615e-01 6.555693504690339457e-02
-9.456662664224447790e-01 3.185630790969193882e-01 6.506074771980804861e-02
-9.435042081721527474e-01 3.254781461327281855e-01 6.215954500172350683e-02
-9.409782647556185209e-01 3.332121915198058559e-01 5.941013480226958049e-02
-9.380168623438879250e-01 3.411148516934447428e-01 6.135998250491044026e-02
-9.345438118054244514e-01 3.513528188405965480e-01 5.638336804064824487e-02
-9.306044381249852782e-01 3.617811668758047494e-01 5.558588587642148554e-02
-9.274827313359166325e-01 3.693060621778536667e-01 5.821373807196403988e-02
-9.252012464263378311e-01 3.754075360811058859e-01 5.542435555394524538e-02
-9.228449061546710741e-01 3.816424381000146915e-01 5.202261332505184188e-02
-9.199725792781098255e-01 3.890900181005077507e-01 4.753351017390163719e-02
-9.189154264894345836e-01 3.918378559271568640e-01 4.536030209840873073e-02
-9.163249916884009805e-01 3.978284056109140931e-01 4.561899471990359112e-02
-9.147334923189681666e-01 4.017853658674893635e-01 4.279230234045664633e-02
-9.121612314496607699e-01 4.076966874404754360e-01 4.177705335365246297e-02
-9.112760073973882324e-01 4.100208091782196473e-01 3.819682759666399863e-02
-9.095898754754838667e-01 4.144301053734459894e-01 2.989931962741308735e-02
-9.076423062592053892e-01 4.187968823299446086e-01 2.818933038376989983e-02
-9.071984141217828146e-01 4.200098991614961697e-01 2.414011447314835454e-02
-9.066618943308837331e-01 4.215716450329524689e-01 1.554286336988078797e-02
-9.059971228214378502e-01 4.230204764045141785e-01 1.493027497900021976e-02
-9.055998020791520275e-01 4.239924713024087466e-01 1.092729958088377133e-02
-9.059879374897796822e-01 4.232437954748703435e-01 7.111248687870858065e-03
-9.055684880234632361e-01 4.241991262629110637e-01 -9.153806531968615434e-04
-9.058937384696409412e-01 4.235050228839409292e-01 -2.309517689148343289e-04
-9.061073426038092071e-01 4.230340368839618503e-01 3.422056078430529141e-03
-9.073287299668665318e-01 4.204210743049933141e-01 8.481008775942681585e-04
-9.062732059688360930e-01 4.226856774212924828e-01 -2.391120832724254186e-03
-9.054736082570954414e-01 4.243726265319316404e-01 -5.043988277217373306e-03
-9.052768427231042692e-01 4.246859238868475050e-01 -1.075766278203762333e-02
-9.050688486781106601e-01 4.251709706356488483e-01 -8.946961433680464607e-03
-9.081419900726643846e-01 4.184454502931760356e-01 -1.347421333996980802e-02
-9.095546748019016636e-01 4.153072460226392981e-01 -1.517262104225574129e-02
-9.108774711694257453e-01 4.123155045513260952e-01 -1.726791089760456796e-02
-9.099354989728711818e-01 4.143616406132201169e-01 -1.793995590106987545e-02
-9.100545342763479706e-01 4.140488950148100700e-01 -1.908613907986918962e-02
-9.103286845212387179e-01 4.134799445129861972e-01 -1.833153426928724183e-02
-9.097279473877584177e-01 4.145721319952165307e-01 -2.291359077476059353e-02
-9.111472989941573619e-01 4.108521166304812122e-01 -3.179876807478275447e-02
-9.106308717836829603e-01 4.119392887522793090e-01 -3.251863449977895199e-02
-9.117781504605519949e-01 4.090564385088037991e-01 -3.651654983951330841e-02
-9.133935190529388626e-01 4.045167829991547781e-01 -4.559030442195007721e-02
-9.155473270873937253e-01 3.992215335332393034e-01 -4.894163199046597940e-02
-9.175442036463182793e-01 3.944044572972282836e-01 -5.057452669043004112e-02
-9.212988867991350750e-01 3.859013568400407324e-01 -4.783856323148374251e-02
-9.275292011464562059e-01 3.710168675983447906e-01 -4.512304374333232088e-02
-9.315638861675347160e-01 3.608900059500106949e-01 -4.412656413606042688e-02
-9.337164000359248206e-01 3.549094409480565981e-01 -4.704250473541149447e-02
-9.367774152276463484e-01 3.470857690733813450e-01 -4.449233057081893039e-02
-9.390947745672324487e-01 3.411104859170607240e-01 -4.176918750210852072e-02
-9.416529874218402263e-01 3.334492889345855304e-01 -4.583936655439072722e-02
-9.438700751493200869e-01 3.269892318603426218e-01 -4.676909280949453213e-02
-9.463875076507723971e-01 3.192403780526808510e-01 -4.935879842500401349e-02
-9.491765454430098892e-01 3.101162455914802107e-01 -5.377568791774580553e-02
-9.523156986842857830e-01 2.999604167663186272e-01 -5.584427735260989040e-02
-9.546474968972631370e-01 2.917027409935160076e-01 -5.964639725449286112e-02
-9.566121866915970884e-01 2.833523956790658938e-01 -6.785698128656195149e-02
-9.584845561536704528e-01 2.768805283708626330e-01 -6.815096771745815518e-02
-9.608434043630355026e-01 2.679782294402823228e-01 -7.048153567171498712e-02
-9.618397243972646171e-01 2.642312290342073156e-01 -7.103680887781549380e-02
-9.645517090176575214e-01 2.525212530615466022e-01 -7.663578602782904203e-02
-9.666042022032315106e-01 2.445165371851603375e-01 -7.673334122013535097e-02
-9.712757186938956178e-01 2.261298192192467416e-01 -7.408649765287064759e-02
-9.731263088575484721e-01 2.192877021152234152e-01 -7.027173376881952482e-02
-9.735733252814622318e-01 2.148761937529442556e-01 -7.735132663284058352e-02
-9.755393716727834841e-01 2.046399573707908537e-01 -8.028354930409598023e-02
-9.778556540712562972e-01 1.928677670730102045e-01 -8.124266368342503153e-02
-9.801330047761916964e-01 1.801983707951351210e-01 -8.287259161591928325e-02
-9.822003415480150545e-01 1.676117240807901976e-01 -8.478694205542702811e-02
-9.833612209218504097e-01 1.573649582307163064e-01 -9.075795410933595875e-02
-9.860950595129728269e-01 1.407751663784605201e-01 -8.831145558205893975e-02
-9.883792898709092833e-01 1.239139560675831531e-01 -8.804395411129385673e-02
-9.909387037567718437e-01 1.044776992670304466e-01 -8.440925409867247597e-02
-9.921094570814327218e-01 9.444109358101510088e-02 -8.246048287516447028e-02
-9.931772880462144126e-01 7.981748965235770099e-02 -8.501805251030281063e-02
-9.937242684645528623e-01 7.043725859925145660e-02 -8.689474894657917003e-02
-9.940442206763049349e-01 5.448020585174392916e-02 -9.438231854363972329e-02
-9.943987696693203926e-01 4.422544285468225922e-02 -9.599596187307010697e-02
-9.947487666848219279e-01 2.699553642521258096e-02 -9.872264248176662593e-02
-9.954778766655785205e-01 1.579488207331124910e-02 -9.367148227901057889e-02
-9.956311326160419695e-01 5.106206257342708194e-03 -9.323412586312504469e-02
-9.953804944201236626e-01 -1.210222852236318702e-02 -9.524303280452525722e-02
-9.953293087297432340e-01 -2.518599958411045503e-02 -9.319474429481008904e-02
-9.948971538953100824e-01 -3.919318834160650383e-02 -9.297082824502882203e-02
-9.942663746290688609e-01 -5.017570014557785202e-02 -9.442882659546938950e-02
-9.932122864822875430e-01 -6.323919968760735588e-02 -9.762267034672082733e-02
-9.925709409116473259e-01 -7.801890003987785316e-02 -9.335955212887091237e-02
-9.916345571033466921e-01 -8.824598522121268607e-02 -9.419967484665447977e-02
-9.907026724040781662e-01 -9.968299739403188586e-02 -9.258262428004923605e-02
-9.893446346289659354e-01 -1.145652023365050926e-01 -8.984450701768259551e-02
-9.874662048579405660e-01 -1.306344945940241253e-01 -8.857285145777629709e-02
-9.856020070773179320e-01 -1.468155676504859231e-01 -8.386834639909343525e-02
-9.832061270328557034e-01 -1.648222689454456880e-01 -7.835405258917295390e-02
-9.815398143677676046e-01 -1.754874496669791561e-01 -7.605112708586200809e-02
-9.799617937747511220e-01 -1.843307796330346526e-01 -7.547895415813576925e-02
-9.790294480099870356e-01 -1.904294000176491863e-01 -7.237409488870748253e-02
-9.772436438821323623e-01 -2.012226821789742937e-01 -6.711421946112570980e-02
-9.757224720342342339e-01 -2.069654742969942174e-01 -7.163083141351068994e-02
-9.725112897824682578e-01 -2.218628315539077633e-01 -7.070149314833616694e-02
-9.699961819644118410e-01 -2.334403554596095609e-01 -6.791931324363727207e-02
-9.688805860438965967e-01 -2.381279797646306262e-01 -6.756849065484735184e-02
-9.671264159621438816e-01 -2.447464102735044389e-01 -6.903416492792831261e-02
-9.628985447650205698e-01 -2.616004932810663264e-01 -6.626914620685089852e-02
-9.591635747478998164e-01 -2.749171396090569486e-01 -6.652690128615736109e-02
-9.577831774831538914e-01 -2.810086023882097939e-01 -6.070894176119199376e-02
-9.556214100850395354e-01 -2.889414891969946941e-01 -5.745051388336222531e-02
-9.548709612614603159e-01 -2.920981451047900412e-01 -5.385300467852341399e-02
-9.527602793949969673e-01 -2.996565905213202652e-01 -4.953587425979217446e-02
-9.505771450300387615e-01 -3.066829979962048536e-01 -4.846292562850423175e-02
-9.489565200183540661e-01 -3.122843320167247860e-01 -4.427238449550444099e-02
-9.469900083851081618e-01 -3.183400017502877599e-01 -4.323878118907375362e-02
-9.440812258672384161e-01 -3.269402472058103304e-01 -4.267011320595329171e-02
-9.433512869298317227e-01 -3.293620038796987171e-01 -4.011289858620721571e-02
-9.449496296371548976e-01 -3.253595971464889325e-01 -3.480452325407488307e-02
-9.454660391466407354e-01 -3.247211407610481881e-01 -2.549851956798233898e-02
-9.447221876639428917e-01 -3.265292587692979476e-01 -2.964213702049024041e-02
-9.442168110982680496e-01 -3.279358202915621523e-01 -3.021152752404659969e-02
-9.417090365933077356e-01 -3.349880001248964345e-01 -3.109911914546668529e-02
-9.419268732375285502e-01 -3.344985315322170916e-01 -2.974093002542966407e-02
-9.410644285731950553e-01 -3.371351987542357542e-01 -2.715923528493457625e-02
-9.395017033982723254e-01 -3.415317202686120601e-01 -2.631840342729179286e-02
-9.375267782547899165e-01 -3.469435782461738338e-01 -2.595608884483184900e-02
-9.375328636388606807e-01 -3.469901284263566255e-01 -2.509990740515666285e-02
-9.390297631678924395e-01 -3.431153461887310185e-01 -2.224832784512869449e-02
-9.382610147624560470e-01 -3.455886171485345604e-01 -1.532321315817298038e-02
-9.372447008673907565e-01 -3.485393047046039805e-01 -9.630610593376592171e-03
-9.392583755664807299e-01 -3.431334161856404719e-01 -7.292977174055682160e-03
-9.391217369764115475e-01 -3.434401610153766105e-01 -9.962120433334956116e-03
-9.399429869028692597e-01 -3.412262413470528721e-01 -8.476939033347032776e-03
-9.398016920519963735e-01 -3.416894583139680752e-01 -4.595499595267742501e-03
-9.386335153816167676e-01 -3.448627484926764519e-01 -6.069055360261498000e-03
-9.360781021928999968e-01 -3.517673675202221406e-01 -4.186963090478231821e-03
-9.350792205301298177e-01 -3.544004357611622025e-01 -5.216069649768258557e-03
-9.340232574821432099e-01 -3.571907719375935208e-01 -3.915589051044575386e-03
-9.354420349284897629e-01 -3.534671011343009095e-01 -3.038526265268197760e-03
-9.356387179907729168e-01 -3.529326443342384323e-01 4.331625081066061388e-03
-9.355543070546593620e-01 -3.531659623904325751e-01 3.459274165409471739e-03
-9.349551435020769796e-01 -3.546948793098095853e-01 7.102621724399304365e-03
-9.358609002153847056e-01 -3.522582299311138310e-01 8.862275622377645268e-03
-9.378869192271956923e-01 -3.468616096225476397e-01 7.428025795631896730e-03
-9.382053573924666878e-01 -3.459706593891297421e-01 8.662289844023621926e-03
-9.388971391196624383e-01 -3.440921513551753463e-01 8.531036886301503197e-03
-9.396770223457796556e-01 -3.418766520169011502e-01 1.129041954636374363e-02
-9.404830244388837635e-01 -3.396193898685767598e-01 1.226278458291126319e-02
-9.420685893675955214e-01 -3.351169220031110507e-01 1.426347427882490929e-02
-9.420085674335377801e-01 -3.351505012023366370e-01 1.714717524957295319e-02
-9.420161533907798201e-01 -3.342755487747852139e-01 2.941852607480329590e-02
-9.440918822624358997e-01 -3.282978730686408886e-01 3.018360263075602068e-02
-9.456350238632948990e-01 -3.238205490290652078e-01 3.024366306777207317e-02
-9.485255554135332279e-01 -3.146591258235522659e-01 3.590168831666075422e-02
-9.495357364662001531e-01 -3.107758197171577308e-01 4.242995413535530225e-02
-9.525963010251492502e-01 -3.015087698768370017e-01 4.065433299278146256e-02
-9.549225087247532606e-01 -2.936102575543824145e-01 4.377265094727227773e-02
-9.561726355235354857e-01 -2.895845607214301842e-01 4.329779715461493789e-02
-9.573998040704368995e-01 -2.856502010182835338e-01 4.230370871290688867e-02
-9.591861517842797946e-01 -2.788213932481141133e-01 4.712306297147609430e-02
-9.628321450600170195e-01 -2.656567578359776971e-01 4.879317239412689355e-02
-9.642767801982521370e-01 -2.599403088194254807e-01 5.100346352037507525e-02
-9.655075232600202062e-01 -2.552307716969909324e-01 5.150244646479918559e-02
-9.667177422123837127e-01 -2.500112536744406033e-01 5.432500614227588759e-02
-9.687031786491783203e-01 -2.420336643279824285e-01 5.508069887667281506e-02
-9.704146722763052901e-01 -2.343188479685303638e-01 5.822428954142955942e-02
-9.719267877642520093e-01 -2.263942397020696495e-01 6.406242539429916893e-02
-9.748453110077885952e-01 -2.134654172426884156e-01 6.410274676786570369e-02
-9.767831274484003456e-01 -2.050491018898772388e-01 6.204526214199592576e-02
-9.802143911288275779e-01 -1.876206206203426263e-01 6.307358424651966777e-02
-9.811358058954046113e-01 -1.822796250566060539e-01 6.439484144541593458e-02
-9.833916848065147320e-01 -1.714053668709042966e-01 5.967429169755034124e-02
-9.855913480991280728e-01 -1.573830578389033008e-01 6.197011040421347011e-02
-9.871919728473246280e-01 -1.472907844585829018e-01 6.129812750548439826e-02
-9.882163945645651149e-01 -1.393264248523716220e-01 6.337611429935527396e-02
-9.894884198755994342e-01 -1.302520184604591402e-01 6.282599471178949846e-02
-9.903076707615562357e-01 -1.224263873011049303e-01 6.559362847924388173e-02
-9.912058043364722071e-01 -1.131852320188144884e-01 6.855788750884189708e-02
-9.919064992129870140e-01 -1.056355176380232713e-01 7.044616108856521786e-02
-9.930389260705093646e-01 -9.002812506204527221e-02 7.595167160321117383e-02
-9.935302042496158004e-01 -8.127664127987546672e-02 7.932130506824167093e-02
-9.941356532130178891e-01 -7.026637877410522870e-02 8.220077778235393429e-02
-9.949244266259547054e-01 -5.757453432839311491e-02 8.252628175366923113e-02
-9.952904306333005824e-01 -4.271067395666934552e-02 8.702175756303504039e-02
-9.955064866173376492e-01 -2.586921308196598809e-02 9.109142948113177485e-02
-9.953490254001475801e-01 -8.939550883767237444e-03 9.591888438910638193e-02
-9.953695132090102371e-01 4.212489443181290094e-03 9.603029435742625741e-02
-9.948809090044222758e-01 1.861071461643817176e-02 9.932597116711856799e-02
-9.943007658206171051e-01 3.857826366110080757e-02 9.938679499435383591e-02
-9.940003766461305013e-01 5.433557837511897304e-02 9.492589736335031725e-02
-9.933614255459294329e-01 6.870108314573000752e-02 9.226737779698462871e-02
-9.924190767498994870e-01 8.307818038497408186e-02 9.056722074526850352e-02
-9.913857362339171253e-01 9.892385866580929998e-02 8.583951062810807331e-02
-9.887692349055987595e-01 1.175529778196101605e-01 9.228611971544919967e-02
-9.879191006987319001e-01 1.261549133084682028e-01 9.000454707996999315e-02
-9.862660847613968773e-01 1.414240278102768811e-01 8.531403297863036916e-02
-9.846758948803199241e-01 1.525164583322426715e-01 8.457033596898475003e-02
-9.825907719616383540e-01 1.653358955777017858e-01 8.473161302071154088e-02
-9.810573928232856344e-01 1.748371715438331864e-01 8.341693562234479831e-02
-9.782915856185273595e-01 1.905158149416807944e-01 8.154340773524133834e-02
-9.763730459032342601e-01 2.035293007363492279e-01 7.260529051718282723e-02
-9.756309513446494996e-01 2.075043686412059440e-01 7.131769069001142602e-02
-9.730560345320702353e-01 2.199765936839983282e-01 6.908169828463193995e-02
-9.701749098039991193e-01 2.329803195561394591e-01 6.693910731171719142e-02
-9.686530554816227268e-01 2.390068652484755585e-01 6.772743525623929617e-02
-9.661021684578929847e-01 2.505021051764667606e-01 6.241253181025341323e-02
-9.625443473107212489e-01 2.644326570073586291e-01 5.986466465246868818e-02
-9.589150936833955585e-01 2.776997892651353883e-01 5.800602340028451070e-02
-9.558469945289964631e-01 2.882752127233231265e-01 5.704343368013368998e-02
-9.525261626170656859e-01 2.993300507978812752e-01 5.563684605046043119e-02
-9.499333235781105556e-01 3.076649988378032941e-01 5.448814197677889076e-02
-9.467280216528898285e-01 3.174996908582596866e-01 5.385190495522174103e-02
-9.442297904167161748e-01 3.249544603675564858e-01 5.324218178475283864e-02
-9.418778292355058923e-01 3.315449437520944231e-01 5.425986951237690009e-02
-9.394209077393099738e-01 3.386581160557732284e-01 5.290620795528781783e-02
-9.352309301345547166e-01 3.501719017417980195e-01 5.218021491175740822e-02
-9.333810852294867066e-01 3.561364503078929822e-01 4.434643934576461277e-02
-9.321370632227385933e-01 3.604045782669590969e-01 3.505799988974812875e-02
-9.310259560368639997e-01 3.636619409620150956e-01 3.067066687314129458e-02
-9.281363374950037937e-01 3.708099611564177334e-01 3.260275570274196594e-02
-9.255394797470045676e-01 3.777888788681259546e-01 2.553942511032213786e-02
-9.236677385829696885e-01 3.819573560032654691e-01 3.076547951838065967e-02
-9.207669518135316311e-01 3.890484063419710203e-01 2.880252983472461961e-02
-9.190862309825825749e-01 3.934573260008984441e-01 2.172234362561333357e-02
-9.204566119359974818e-01 3.904402612791469385e-01 1.777795264680503973e-02
-9.205299198028172869e-01 3.900906412890434161e-01 2.130694759574832883e-02
-9.192624158141416979e-01 3.934317086479348080e-01 1.296646556195954481e-02
-9.184888991691169124e-01 3.952784089744476592e-01 1.153902988615417187e-02
-9.185677366009795675e-01 3.950949235696871176e-01 1.154739599178424350e-02
-9.174420975287109759e-01 3.976184809297346745e-01 1.412688972223307554e-02
-9.158445270697662677e-01 4.014549673693965093e-01 7.920793696876126874e-03
-9.124604065529976493e-01 4.091350225673590080e-01 4.956523865887359215e-03
-9.130304664441786233e-01 4.078745255219135557e-01 3.710274065317221634e-03
-9.120256788711895712e-01 4.100377300190078400e-01 8.845815949207316842e-03
-9.098773801762142233e-01 4.148203371564027075e-01 6.875199839516442715e-03
-9.083506362326454475e-01 4.182038336579464999e-01 2.168537423487128073e-03
-9.076094631899664922e-01 4.198102617558827632e-01 2.105667903936585608e-03
-9.077144122528071346e-01 4.195755946783711332e-01 -3.300539499555186183e-03
-9.083361559662299634e-01 4.181797888829099641e-01 -7.149782723687873875e-03
-9.098890029774180377e-01 4.146706870025432257e-01 -1.225769710753373334e-02
-9.127417744472033911e-01 4.083296203828056803e-01 -1.301544568348486294e-02
-9.136958428150000477e-01 4.062453028214382256e-01 -1.116639078630329331e-02
-9.144025227175999193e-01 4.045263222977946160e-01 -1.505020379783283090e-02
-9.161312039401919849e-01 4.000669197433861513e-01 -2.549715190874478343e-02
-9.167134304010708945e-01 3.983605679619067197e-01 -3.074690762679860301e-02
-9.179089689672123020e-01 3.955623405624175692e-01 -3.120236095860312586e-02
-9.207132878478148097e-01 3.887375720272886470e-01 -3.420774289895070486e-02
-9.214498510467694636e-01 3.867475975918526765e-01 -3.683063657000357899e-02
-9.227352516671335492e-01 3.837099408930432776e-01 -3.641928899942622339e-02
-9.235877505238393459e-01 3.814750396015515466e-01 -3.824250669728436469e-02
-9.246595734803430000e-01 3.787233255486839312e-01 -3.966539972044934304e-02
-9.262151745533890868e-01 3.753066998740927640e-01 -3.564210187858380535e-02
-9.286984845285110035e-01 3.688815450804086571e-01 -3.802050302247117486e-02
-9.306230330708684662e-01 3.629662297427300177e-01 -4.686485491175419738e-02
-9.330033127814389982e-01 3.567129659794414653e-01 -4.754688747564988355e-02
-9.373915302877395828e-01 3.450073387142711945e-01 -4.761389972763003381e-02
-9.417515998351353446e-01 3.330777761590247854e-01 -4.650964891135516560e-02
-9.444995697282400071e-01 3.254577188450761827e-01 -4.469747415406770397e-02
-9.465563939285436268e-01 3.186081941922151439e-01 -5.019801001872845753e-02
-9.483531523644302963e-01 3.123220206363082618e-01 -5.550930088434916088e-02
-9.522343710876944867e-01 2.995935436961736364e-01 -5.910533016308910231e-02
-9.552578431551563831e-01 2.892021527688349303e-01 -6.200481474982787872e-02
-9.579573489137686026e-01 2.797519520480540312e-01 -6.369138234550587863e-02
-9.593222918275211564e-01 2.752873147805878218e-01 -6.259124450757180824e-02
-9.616472994266440644e-01 2.667912161755714440e-01 -6.369417295578755356e-02
-9.632441671570461939e-01 2.610348854501378102e-01 -6.341523629820772223e-02
-9.646948942104077718e-01 2.552261421102427486e-01 -6.498774252628694570e-02
-9.655030143062576231e-01 2.504108079192785552e-01 -7.140298354374320644e-02
-9.673487836496436065e-01 2.423945463223093066e-01 -7.403542534123944141e-02
-9.706837207933965983e-01 2.286108805138710454e-01 -7.423078221631659868e-02
-9.734471330075615825e-01 2.186780606372329960e-01 -6.768023646653113790e-02
-9.758538616136116506e-01 2.064411230655571750e-01 -7.135357737734304706e-02
-9.781812347989039536e-01 1.944203010852315339e-01 -7.322737261427232636e-02
-9.805771914798691036e-01 1.802348151304470625e-01 -7.735510974460357847e-02
-9.829212684245184350e-01 1.671363454849081609e-01 -7.701462269382554349e-02
-9.851914040353410007e-01 1.525206489033176516e-01 -7.832866133804994302e-02
-9.870727056080320638e-01 1.392189649051725764e-01 -7.940770660842697004e-02
-9.887470117842841466e-01 1.253559475147845992e-01 -8.164106414750191276e-02
-9.900442299656574408e-01 1.125034096414426199e-01 -8.458981107372640085e-02
-9.910660540072846469e-01 1.021374918537600734e-01 -8.576735998074112854e-02
-9.919938759428632569e-01 8.864954736871009933e-02 -8.994130686323356660e-02
-9.931899166833593195e-01 7.215775679056429803e-02 -9.147173639370875797e-02
-9.940519530376537016e-01 5.832386383189962220e-02 -9.197321701258248661e-02
-9.944282376623195807e-01 4.692141236794598880e-02 -9.439752288917509226e-02
-9.948734313960401199e-01 3.447523608816656371e-02 -9.507020999937051964e-02
-9.948165480265375171e-01 2.096996682266175777e-02 -9.950039216152076205e-02
-9.953407951084217720e-01 7.428881844814215138e-03 -9.613295418097649037e-02
-9.950935412193895324e-01 -6.136179440795953843e-03 -9.874828260914837730e-02
-9.947015703646162610e-01 -2.104076020452326501e-02 -1.006285456343081197e-01
-9.940173991829038824e-01 -4.022447377444182681e-02 -1.015452305480488149e-01
-9.932524951378552958e-01 -5.740663585187792683e-02 -1.007670135009653828e-01
-9.927016278615280465e-01 -7.054702249223529509e-02 -9.780913820963411942e-02
-9.915617054004772779e-01 -8.370125360925761981e-02 -9.899250718663042681e-02
-9.900270813958269578e-01 -9.660379595808081532e-02 -1.025383675567678454e-01
-9.892541769454157308e-01 -1.086957856608499612e-01 -9.778257178225480128e-02
-9.865855299691355107e-01 -1.290419298160707662e-01 -9.998602177652471390e-02
-9.849315329922777584e-01 -1.411940155825074650e-01 -9.987070354572641362e-02
-9.832620707992817399e-01 -1.549811938944826439e-01 -9.579437204681717777e-02
-9.797706959674776783e-01 -1.742812025015119393e-01 -9.836400814465975917e-02
-9.789768007325632126e-01 -1.814517345170774398e-01 -9.316503540750037393e-02
-9.770280707160303724e-01 -1.926046128651942024e-01 -9.121208302824773684e-02
-9.743278421563078551e-01 -2.057599162718642960e-01 -9.136818279155733968e-02
-9.708396331109634403e-01 -2.216414027377509866e-01 -9.135385785842307926e-02
-9.668362166937332081e-01 -2.384493973642317910e-01 -9.148577469075164226e-02
-9.652316136724896634e-01 -2.454938780511731200e-01 -8.978151091300969056e-02
-9.621155291373323371e-01 -2.575124929660054796e-01 -8.956035080676622018e-02
-9.579702029482394243e-01 -2.719984669452836790e-01 -9.115896160830509742e-02
-9.545035502239714864e-01 -2.841450719032209693e-01 -9.046868342583082312e-02
-9.495770089422961302e-01 -3.006322057763188282e-01 -8.901580072402053012e-02
-9.455101672212629094e-01 -3.144070300241113003e-01 -8.460954141969483089e-02
-9.419653128387480701e-01 -3.252029812105611817e-01 -8.333307680406126794e-02
-9.377098873209055441e-01 -3.381673079718962027e-01 -7.964339275822507336e-02
-9.342814332385804832e-01 -3.481318912757341844e-01 -7.695726471980562922e-02
-9.306612790527466483e-01 -3.583161783150845547e-01 -7.402114971330270299e-02
-9.262267936438196569e-01 -3.707203995706972455e-01 -6.833990102054851579e-02
-9.214846653467523296e-01 -3.835825682523234526e-01 -6.107744834304264236e-02
-9.166885595337186388e-01 -3.945030468429503445e-01 -6.363537355317214206e-02
-9.138675267281792802e-01 -4.016884613574043250e-01 -5.909782763059903687e-02
-9.088017434285852181e-01 -4.135407532623008864e-01 -5.534858610088397302e-02
-9.041724558708410520e-01 -4.238891751168502031e-01 -5.282202710329897410e-02
-9.011186021991595130e-01 -4.309948674761193144e-01 -4.720930118079023907e-02
-8.963875508432191941e-01 -4.407923134450449365e-01 -4.681371837034913053e-02
-8.934161514692581241e-01 -4.471758702773051541e-01 -4.291096123212653768e-02
-8.933790384578911281e-01 -4.480159383511833071e-01 -3.399473383059249676e-02
-8.928578082989500064e-01 -4.495076996136748160e-01 -2.734577633328619251e-02
-8.918735668490610502e-01 -4.517319113725370983e-01 -2.235733247587965572e-02
-8.901836164953393915e-01 -4.551805701278591187e-01 -1.959098909653204587e-02
-8.880928432598093059e-01 -4.592550181236967899e-01 -1.938967327251905903e-02
-8.882025913061166733e-01 -4.591481999710916306e-01 -1.670678365614032893e-02
-8.863345103152714399e-01 -4.628978038081050239e-01 -1.169565850788779199e-02
-8.841401973726291663e-01 -4.671832921891423962e-01 -5.992669577927428951e-03
-8.823927462027102431e-01 -4.704994745570019732e-01 -3.648977819622438792e-03
-8.826090146184176755e-01 -4.700994871099061223e-01 -2.797978599463961553e-03
-8.815765080959707678e-01 -4.720392568104643249e-01 1.352604474647072820e-03
-8.789787365774195393e-01 -4.768248634272558295e-01 5.870204919639855981e-03
-8.790007314888038659e-01 -4.767809076674363045e-01 6.140779226512943674e-03
-8.772400975553414915e-01 -4.799740203521191684e-01 8.647546542218971857e-03
-8.768418485158782083e-01 -4.805761635315117797e-01 1.396255022745304664e-02
-8.769760034762763556e-01 -4.802249846144612810e-01 1.723608339634814107e-02
-8.798002816527303871e-01 -4.749626375710805370e-01 1.902594147838969352e-02
-8.808176572939927507e-01 -4.731137984782053385e-01 1.798936972830064013e-02
-8.834700749250369300e-01 -4.680776641956012618e-01 1.959479986540064653e-02
-8.842090454679401024e-01 -4.665994852132110404e-01 2.143160114359935267e-02
-8.874694762590078501e-01 -4.601495145869750614e-01 2.569790389197737154e-02
-8.893421765181163119e-01 -4.564223621629197036e-01 2.737059992685819329e-02
-8.904679842966123360e-01 -4.540437944242879942e-01 3.018329090082582863e-02
-8.925348042639680290e-01 -4.497853416212221900e-01 3.278412833326754816e-02
-8.936733901253168799e-01 -4.470066785600120829e-01 3.915265856589140309e-02
-8.959067244817696674e-01 -4.420705692949234433e-01 4.387234314095300042e-02
-8.995704374707866879e-01 -4.346536344387644246e-01 4.300320636865766211e-02
-9.010837025270834744e-01 -4.311399550308448458e-01 4.654599749954198978e-02
-9.026167174661049453e-01 -4.271358857791551777e-01 5.327312946032512070e-02
-9.069876216643572020e-01 -4.175470071208769451e-01 5.502709432805366618e-02
-9.092273341508444462e-01 -4.119627781273659251e-01 5.993625342661115796e-02
-9.117535923912475360e-01 -4.062148026765446396e-01 6.078610932001100864e-02
-9.160933403158383337e-01 -3.955453212608736613e-01 6.570327932739246368e-02
-9.187325436629470987e-01 -3.891485664578649972e-01 6.703683109635956427e-02
-9.227782292049855339e-01 -3.790677341084570107e-01 6.919554269665945112e-02
-9.248202471952728931e-01 -3.743764875451231489e-01 6.745210433425595509e-02
-9.284992823627558067e-01 -3.647365298409720458e-01 6.968771003723278623e-02
-9.315824661979942301e-01 -3.574222742690530974e-01 6.635854788311418284e-02
-9.363185382053584860e-01 -3.443514531867195583e-01 6.877283056372779368e-02
-9.389158749868726783e-01 -3.367641271708162187e-01 7.090086708552223449e-02
-9.442509193503629827e-01 -3.215611447947908097e-01 7.063046119752434959e-02
-9.480377425250213763e-01 -3.097324074736434452e-01 7.273448418089394074e-02
-9.513522912305258927e-01 -2.992817481422179182e-01 7.320713016540568441e-02
-9.551955493236674588e-01 -2.866896320427868017e-01 7.355642849528637450e-02
-9.574288982516310220e-01 -2.788495410445641087e-01 7.465165095208038670e-02
-9.607697248124911216e-01 -2.667428590162227997e-01 7.595929093065598159e-02
-9.627059505140961315e-01 -2.593745771941354805e-01 7.695526249379926187e-02
-9.661119685940932067e-01 -2.447168982922591218e-01 8.210563184567926109e-02
-9.691465960068317287e-01 -2.304292971661978662e-01 8.750568716887541232e-02
-9.714976328938732530e-01 -2.204296580590691390e-01 8.719602025551626001e-02
-9.746262287048765849e-01 -2.030873655626172225e-01 9.412368215446603736e-02
-9.776421668126049624e-01 -1.869900740973715891e-01 9.617971306230919948e-02
-9.803376205572562618e-01 -1.731576073987179942e-01 9.462887473459492826e-02
-9.815667986303805437e-01 -1.650958049496999702e-01 9.628097601542406903e-02
-9.839543092663710633e-01 -1.461897369069682096e-01 1.022864105639849641e-01
-9.856644002998760090e-01 -1.298589179964323437e-01 1.077143592171918435e-01
-9.874326250905568481e-01 -1.164541995111606221e-01 1.068422297199568133e-01
-9.898012833524777454e-01 -9.353081110558585098e-02 1.074497030126218000e-01
-9.910003114216832110e-01 -7.835826996567668568e-02 1.085283197709451808e-01
-9.926248701032484023e-01 -5.913270567038711456e-02 1.058263759727375158e-01
-9.937340426024153794e-01 -4.492315301875973027e-02 1.023454648387702726e-01
-9.945403955691330955e-01 -3.153517050799523047e-02 9.947344194251778182e-02
-9.948176754031894387e-01 -1.518181143676349334e-02 1.005352499116673876e-01
-9.952263563929230061e-01 -1.585374191458467641e-04 9.759357321487893699e-02
-9.951084802940506346e-01 2.051434725848407664e-02 9.663490574683007706e-02
-9.950039598574919042e-01 2.892323061373294063e-02 9.555415999050974329e-02
-9.944798538891653772e-01 4.099442354845943270e-02 9.658834545773084534e-02
-9.935922083907503533e-01 5.298571452640972457e-02 9.983520837988381358e-02
-9.928141763799506192e-01 7.140760155775446871e-02 9.602602005687503606e-02
-9.910870794712752785e-01 8.631390020728602064e-02 1.014708970363779050e-01
-9.891447357311727862e-01 1.026139995424489859e-01 1.051812280785068554e-01
-9.871145018699208906e-01 1.194278079802728043e-01 1.064987831592186240e-01
-9.851009996520653234e-01 1.346829550059947533e-01 1.069418257589065252e-01
-9.821090067948757829e-01 1.543929900089890672e-01 1.078180668586471297e-01
-9.801886156797191552e-01 1.663275218206162476e-01 1.075428532820512789e-01
-9.784896078174546430e-01 1.791266631736019299e-01 1.023316057279627378e-01
-9.758812906523722797e-01 1.937885476080552505e-01 1.005073970558838931e-01
-9.736731414278713137e-01 2.047226281483730537e-01 1.002461503331267545e-01
-9.687770325927160808e-01 2.286275454244371119e-01 9.591943263966556943e-02
-9.649146335014011644e-01 2.448480437378179053e-01 9.481147785842942988e-02
-9.616192872169024852e-01 2.575976675042201403e-01 9.450830080391384169e-02
-9.583530536783666509e-01 2.685443155163067530e-01 9.717718973567629481e-02
-9.542338913351310348e-01 2.828716366609933530e-01 9.706363319957372893e-02
-9.518038802621798800e-01 2.931789237286278049e-01 9.008619512889040615e-02
-9.475213808337646926e-01 3.064161705474413577e-01 9.117232985961157277e-02
-9.438421737794829847e-01 3.174876759565649076e-01 9.145248534506153493e-02
-9.392700985489652599e-01 3.315892877110483972e-01 8.843221523110662841e-02
-9.350568912392757115e-01 3.433444548153875564e-01 8.822259306416579960e-02
-9.290526320112645342e-01 3.601790089803162953e-01 8.445305299901900709e-02
-9.248024600157764841e-01 3.714425609121135285e-01 8.228525645161870183e-02
-9.208210713804936276e-01 3.822141245641059726e-01 7.746577915029108363e-02
-9.168036227477587286e-01 3.924074151478873507e-01 7.407811546613500553e-02
-9.122100120193099571e-01 4.037823900005793054e-01 6.951765809633198012e-02
-9.091611753110774297e-01 4.105797556569660833e-01 6.964374235651696332e-02
-9.053174657888851673e-01 4.203158317067782757e-01 6.111396908163591046e-02
-9.039698897283349188e-01 4.236171522077586404e-01 5.819773417956881911e-02
-8.993159040114335756e-01 4.339537007444467798e-01 5.399184916072959084e-02
-8.960006320919244871e-01 4.407117950201298040e-01 5.436920466676838093e-02
-8.926647213970475558e-01 4.475034612518695165e-01 5.376222401386578087e-02
-8.892871183045919503e-01 4.547774005310515344e-01 4.843517546359981524e-02
-8.870253135999758287e-01 4.596550991515505058e-01 4.362696302816363586e-02
-8.856892011923390706e-01 4.624781229624823631e-01 4.084915786086654871e-02
-8.822842776738696324e-01 4.690169623451730385e-01 3.996963096651560271e-02
-8.808003344883885699e-01 4.719195148834600673e-01 3.850676848470982461e-02
-8.791841039303112115e-01 4.748991596322130748e-01 3.880887219609724381e-02
-8.752216051716907863e-01 4.823429101006360686e-01 3.650325885982541596e-02
-8.737508746532490767e-01 4.850227404167257728e-01 3.622677612971018229e-02
-8.694950852039273759e-01 4.925836712029519893e-01 3.660126598282154031e-02
-8.678924937036389675e-01 4.956138499298625155e-01 3.360892947701136363e-02
-8.645946906783302799e-01 5.016093381179520527e-01 2.939594647228950183e-02
-8.610510069465674432e-01 5.076899083022383685e-01 2.901980922910834051e-02
-8.592731095770607119e-01 5.110965178666511122e-01 2.073888425437301827e-02
-8.591819461604638386e-01 5.112638773855003871e-01 2.038773676294680301e-02
-8.575844573035248386e-01 5.141030295096103986e-01 1.571630608262089557e-02
-8.560775501786769270e-01 5.167843350701156746e-01 8.075122478876973348e-03
-8.567783314858402610e-01 5.156371823058137904e-01 7.015369848797010574e-03
-8.558606583646737320e-01 5.171931398318830864e-01 3.717264042527524542e-03
-8.548281225346076040e-01 5.189106060641505147e-01 -8.320497628523763900e-04
-8.566846862492614179e-01 5.158255157474546104e-01 -3.926083724163309530e-03
-8.562868828910127350e-01 5.164308941754099935e-01 -8.481404219611615031e-03
-8.593115031193035991e-01 5.113232342362393767e-01 -1.150301232000882842e-02
-8.614231192462846742e-01 5.077201828795034899e-01 -1.305580825451786026e-02
-8.611188108738582203e-01 5.080754515046532749e-01 -1.826903874290786156e-02
-8.629655458095145670e-01 5.049893265659599617e-01 -1.662153589892226974e-02
-8.627843042004925689e-01 5.049668225377353936e-01 -2.473421349545957409e-02
-8.641350217539269796e-01 5.024063620771874739e-01 -2.930085923729335365e-02
-8.668483937705068199e-01 4.971497073269562361e-01 -3.763056963857202425e-02
-8.704179454657219317e-01 4.909115879768468638e-01 -3.712737584182716766e-02
-8.733867243927500024e-01 4.858684848262143086e-01 -3.357788037564841954e-02
-8.780178646561539457e-01 4.776017125562499466e-01 -3.132510826370002444e-02
-8.788816687369438441e-01 4.755674191732020550e-01 -3.745225251108783016e-02
-8.806824107199813234e-01 4.720541474754316180e-01 -3.953988314002732790e-02
-8.819708764188254335e-01 4.688304392991451408e-01 -4.822262517941184462e-02
-8.870114181850528023e-01 4.589703821659210647e-01 -5.056640938076407965e-02
-8.929639006013008196e-01 4.468504641287755486e-01 -5.422328331606828672e-02
-8.985854739258445356e-01 4.353432461373462070e-01 -5.495847195452184530e-02
-9.043808587718930037e-01 4.224502698781109622e-01 -6.025828918814742780e-02
-9.065175677472252502e-01 4.181251850998680131e-01 -5.828600655421506405e-02
-9.106961388800812740e-01 4.090234421556627198e-01 -5.772690875420848772e-02
-9.134998583289788421e-01 4.021077842431211580e-01 -6.186572740285019995e-02
-9.161390791820205326e-01 3.951516489152621658e-01 -6.741210333360944662e-02
-9.213120502927606426e-01 3.830441288755231932e-01 -6.679319598260266555e-02
-9.246003477878933507e-01 3.744780917280958188e-01 -6.985975569484273451e-02
-9.280408164843438890e-01 3.648460111179557264e-01 -7.501773843551758081e-02
-9.324110151768371102e-01 3.531693144104293136e-01 -7.668874856192774148e-02
-9.370195501057573262e-01 3.406738801768818270e-01 -7.704349491459899779e-02
-9.417532843174336588e-01 3.281210598283907376e-01 -7.373839942358810517e-02
-9.449497464994135454e-01 3.171475449019569570e-01 -8.054465739394438273e-02
-9.486506999754212854e-01 3.051797956318791361e-01 -8.322963789004567126e-02
-9.541897684261730905e-01 2.872857941213567967e-01 -8.359897854126209504e-02
-9.573931061385508867e-01 2.761263285910862675e-01 -8.457376607404894220e-02
-9.593806964024828021e-01 2.692376114367299178e-01 -8.426042296538939491e-02
-9.631332956715954463e-01 2.566955164962348990e-01 -8.050898943402740038e-02
-9.667396901465190595e-01 2.422454880505037766e-01 -8.204587667943094575e-02
-9.684383485869295649e-01 2.337087639601807820e-01 -8.664530947942145067e-02
-9.707564212252068891e-01 2.212906321748492611e-01 -9.307232672814624852e-02
-9.733075313785666260e-01 2.106989824995840199e-01 -9.098581893637197604e-02
-9.765393069506119739e-01 1.933400036868052063e-01 -9.481907256625836389e-02
-9.786975501192912708e-01 1.829602873226789106e-01 -9.314864540230721746e-02
-9.802791852221516278e-01 1.721915321377970598e-01 -9.696817455918797790e-02
-9.823992828255879717e-01 1.560523675581412251e-01 -1.026612881019094287e-01
-9.848710259194517480e-01 1.387279330702842484e-01 -1.038443807303774252e-01
-9.867371105461645309e-01 1.248108876055985111e-01 -1.037889662759827747e-01
-9.894669445753861980e-01 1.033186414749220905e-01 -1.013925848012445508e-01
-9.907961365835373790e-01 8.992326484130748476e-02 -1.011773418000479347e-01
-9.919891017725837035e-01 7.380545206192423713e-02 -1.025202890461168748e-01
-9.926165168294979191e-01 6.266177959902843875e-02 -1.038555945401712782e-01
-9.935469408778695444e-01 4.594561031489446945e-02 -1.036991309541121786e-01
-9.950368271298966061e-01 2.489561306972147905e-02 -9.634289318803442026e-02
-9.953829725435560105e-01 9.111686633538378793e-03 -9.554970941426438324e-02
-9.949452594957345353e-01 -7.615860041725517476e-03 -1.001297248903945947e-01
-9.951655385294742029e-01 -2.150993157374659140e-02 -9.582748110016435505e-02
-9.949123448226304678e-01 -3.708527872545192700e-02 -9.367038207302631758e-02
-9.946959977285324550e-01 -4.955445794002086290e-02 -9.013467630518488816e-02
-9.937744442122017352e-01 -6.390222303933829062e-02 -9.126276403138545990e-02
-9.932665311197347302e-01 -7.687708481244380498e-02 -8.666916305161087575e-02
-9.922890375775379468e-01 -8.539733213261298250e-02 -8.983202932786575612e-02
-9.913557760270695907e-01 -9.842396883678979080e-02 -8.675528477242895609e-02
-9.896806364964682023e-01 -1.132313862121836212e-01 -8.781186017483452733e-02
-9.876964454138166261e-01 -1.291861977431109365e-01 -8.812882565094640186e-02
-9.867359572804238477e-01 -1.391250455615482273e-01 -8.364450915397655950e-02
-9.856882236112417539e-01 -1.508341707126529263e-01 -7.528485802968232221e-02
-9.834946991934669924e-01 -1.643788218335483498e-01 -7.561620647104505544e-02
-9.809675355800122620e-01 -1.778052252495115060e-01 -7.802581202607793143e-02
-9.807080373810058704e-01 -1.832191372489154202e-01 -6.813607088191112049e-02
-9.786295704270271401e-01 -1.937392690853055044e-01 -6.891509665568924803e-02
-9.766952276439746505e-01 -2.009707055065919346e-01 -7.534745553986313404e-02
-9.731739112476016640e-01 -2.152247505620865087e-01 -8.130730236831834601e-02
-9.685231298186081084e-01 -2.341110675391918361e-01 -8.458715969882792118e-02
-9.652081819561411091e-01 -2.509237446467859622e-01 -7.355589977411305935e-02
-9.625279088009159878e-01 -2.611104629075780004e-01 -7.322145491790613137e-02
-9.592534384246156343e-01 -2.731511863687148822e-01 -7.225856887378395710e-02
-9.563639935319225849e-01 -2.825199424716794416e-01 -7.450117165715498813e-02
-9.547838735765701301e-01 -2.885310182998785389e-01 -7.167731025242467247e-02
-9.517107006552799620e-01 -2.993155077627683847e-01 -6.824221147796374898e-02
-9.489202772452430823e-01 -3.083553740545414978e-01 -6.683787156775750082e-02
-9.477744041311870760e-01 -3.113887978491335917e-01 -6.899801343943724741e-02
-9.462005330102247758e-01 -3.177500890563248470e-01 -6.115114437317653584e-02
-9.451715025628375511e-01 -3.200100313477028391e-01 -6.514937332545578386e-02
-9.428051897245817159e-01 -3.277419548185425691e-01 -6.085733589465857490e-02
-9.399525283599139414e-01 -3.360523947926461474e-01 -5.964949603158604952e-02
-9.370230704084951956e-01 -3.442653941613306734e-01 -5.889935395129204665e-02
-9.328482114667147052e-01 -3.556962174718536485e-01 -5.722276772676376105e-02
-9.303990131863495439e-01 -3.630974369134559732e-01 -5.017925333060420379e-02
-9.273171989105760682e-01 -3.709361263818869991e-01 -4.989221010341807899e-02
-9.250885513730222609e-01 -3.772509066005019784e-01 -4.350810540453220465e-02
-9.217964296694003412e-01 -3.853342891995783503e-01 -4.253066440412797689e-02
-9.202355759368120447e-01 -3.894328126574525539e-01 -3.884068410037997549e-02
-9.188176525928809513e-01 -3.929966816037995248e-01 -3.643842847483705349e-02
-9.145442185800264356e-01 -4.032873912459734589e-01 -3.111561849388780679e-02
-9.106798118734947822e-01 -4.115971108919865284e-01 -3.535715117389842677e-02
-9.062405549760936818e-01 -4.208505635189391803e-01 -4.016079795560553722e-02
-9.023418344642023525e-01 -4.293136270593793102e-01 -3.832823157180118012e-02
-8.985830399358095688e-01 -4.364856233529130214e-01 -4.504277095190203917e-02
-8.929381101811630916e-01 -4.478126001520894572e-01 -4.610246091057180334e-02
-8.889484682329583665e-01 -4.561041067030148777e-01 -4.170965130018683409e-02
-8.849040688068527949e-01 -4.645777813317516491e-01 -3.335122309015677022e-02
-8.848577443819257704e-01 -4.649861666870290788e-01 -2.854237198447046389e-02
-8.818031335907813295e-01 -4.708531970682106049e-01 -2.684269674908138989e-02
-8.802741191792867737e-01 -4.740179314125992915e-01 -2.060353588403216960e-02
-8.765699008968961259e-01 -4.808583287738157352e-01 -2.001265487024317391e-02
-8.745196645132335966e-01 -4.843721839985961619e-01 -2.447393843190952961e-02
-8.760647110494138579e-01 -4.819149551719565938e-01 -1.638987820515150698e-02
-8.738010809677311252e-01 -4.861787321473582391e-01 -1.009659450004250433e-02
-8.730765215917291044e-01 -4.875582605209872744e-01 -4.935581037803404153e-03
-8.747271111342698191e-01 -4.846035649687817637e-01 3.449041534936053699e-03
-8.751802717350614103e-01 -4.837676375696103315e-01 5.328680542780799174e-03
-8.744964475689873673e-01 -4.849419359299653731e-01 9.344090457058831095e-03
-8.782813903921604659e-01 -4.779881710526601157e-01 1.221219611735899213e-02
-8.788605673970900645e-01 -4.766130004983202273e-01 2.107560358355640290e-02
-8.831055433339236593e-01 -4.685739235074294351e-01 2.372989358996535625e-02
-8.857274600735187686e-01 -4.634948009647989475e-01 2.568007663182113667e-02
-8.872758168525872735e-01 -4.602038518975526959e-01 3.088802337844263543e-02
-8.880385250724247559e-01 -4.583412763851492100e-01 3.620611644360206827e-02
-8.909425836324554870e-01 -4.529658366176906314e-01 3.230006181534095244e-02
-8.932038241068527284e-01 -4.482312731889058210e-01 3.571673151121689677e-02
-8.938447289747931679e-01 -4.462828500162779322e-01 4.328104639849274932e-02
-8.973614660244115804e-01 -4.387190543352675332e-01 4.762374909510710269e-02
-9.003846177210638180e-01 -4.326041985923095301e-01 4.648847506883202474e-02
-9.034391720922476665e-01 -4.259764490877130938e-01 4.839171424582799919e-02
-9.055492132710498687e-01 -4.212114871493268242e-01 5.061162231721550581e-02
-9.076936995360970206e-01 -4.161488770713602792e-01 5.396564564671314096e-02
-9.111375118448250543e-01 -4.082342135301650909e-01 5.633198431878884416e-02
-9.156935639758406742e-01 -3.974676243325536706e-01 5.937015964562851467e-02
-9.180318736245490774e-01 -3.924754285684365351e-01 5.639635032782077534e-02
-9.221386003675000609e-01 -3.819306610642409505e-01 6.155812925022884768e-02
-9.255358090517443737e-01 -3.730891764042403302e-01 6.471448230091809972e-02
-9.303257211142935690e-01 -3.611356548509236375e-01 6.383668994132901675e-02
-9.320132382277268590e-01 -3.567034321582908674e-01 6.414060191602138916e-02
-9.359145547437717205e-01 -3.460777183675275981e-01 6.553007473033602148e-02
-9.394833321417181971e-01 -3.352052321853514205e-01 7.077113103289141283e-02
-9.427149495535823709e-01 -3.253244459192068949e-01 7.384145819231278940e-02
-9.450839822085352893e-01 -3.175952685501698958e-01 7.713328992663139039e-02
-9.482106823937623830e-01 -3.077012428669476662e-01 7.884465397317436119e-02
-9.497637860258778542e-01 -3.030565114143243810e-01 7.813791756713123204e-02
-9.518330821557948740e-01 -2.977213489105192679e-01 7.331994566421601300e-02
-9.542497641979574841e-01 -2.902291643806768073e-01 7.193366369156872775e-02
-9.584418459482433317e-01 -2.745494065103262771e-01 7.753633747103812202e-02
-9.614489876383559563e-01 -2.631954222774274266e-01 7.964952197493362085e-02
-9.643455236339426584e-01 -2.527507984132639773e-01 7.845238927570538645e-02
-9.678552132950073439e-01 -2.404849341325948353e-01 7.364315911499975942e-02
-9.694531761003944981e-01 -2.343715527936233167e-01 7.232252024087085229e-02
-9.704740538074110301e-01 -2.297660712119403703e-01 7.340092490876876097e-02
-9.732605235701935475e-01 -2.155799855040949065e-01 7.930482739021146865e-02
-9.768941307090378556e-01 -1.986150131057114465e-01 7.893013668585455167e-02
-9.782257490701031788e-01 -1.892152054775674275e-01 8.527615716615385977e-02
-9.800758165744697381e-01 -1.800275662688309852e-01 8.391365902599717819e-02
-9.834527042543129705e-01 -1.611264454335734064e-01 8.281956303978080247e-02
-9.851552584075466967e-01 -1.503899339236698107e-01 8.277691435051516555e-02
-9.866886426753159745e-01 -1.365208515401044598e-01 8.836069757218686926e-02
-9.890400381601479607e-01 -1.218188909027480005e-01 8.342657736088454623e-02
-9.909738304006335818e-01 -1.042114915646711465e-01 8.432594899884665596e-02
-9.926128752301421887e-01 -8.813379091203135673e-02 8.337954115910410635e-02
-9.936763772293006891e-01 -7.453191473013771884e-02 8.397787859330463345e-02
-9.940041711778015987e-01 -6.724601655528904265e-02 8.621898949450179650e-02
-9.945908725051190169e-01 -5.103057833829151291e-02 9.047049425055264660e-02
-9.951220954848691846e-01 -4.149841830060591041e-02 8.949821380689650108e-02
-9.951362513498477336e-01 -2.552969064005290376e-02 9.514258202723746560e-02
-9.953462750537674930e-01 -8.975711832220765324e-03 9.594406766318891444e-02
-9.958436124767459097e-01 2.961855237964874585e-03 9.103164984583000940e-02
-9.963593050711021526e-01 1.140763224602072724e-02 8.448689385365240612e-02
-9.967462802497897290e-01 2.212054274883058086e-02 7.750850300162008544e-02
-9.959177245634857067e-01 3.395364287585427715e-02 8.363653696906812873e-02
-9.955855329658138686e-01 4.811261824256628933e-02 8.058943169156676523e-02
-9.954775218896794176e-01 6.053854135052175872e-02 7.320943831143227054e-02
-9.953465169072527319e-01 6.899236836220543068e-02 6.727107706065535431e-02
-9.945022323692679356e-01 7.939277600265701174e-02 6.827979506216021177e-02
-9.939491804509676953e-01 8.885624326451758981e-02 6.457265619986481131e-02
-9.936945120125114661e-01 9.445539165250713132e-02 6.041050280010967777e-02
-9.924558033994049788e-01 1.078015370376672194e-01 5.839811514191307201e-02
-9.914432616323485270e-01 1.140481324126357277e-01 6.350839008260915353e-02
-9.908289311035264335e-01 1.218423417737266035e-01 5.841665871212490396e-02
-9.898028552516725531e-01 1.303933717342742604e-01 5.734029350829909777e-02
-9.881511089515082613e-01 1.415002805465184199e-01 5.945661870465325516e-02
-9.862231147611743021e-01 1.535761438856298733e-01 6.146843912257955733e-02
-9.847001380075833810e-01 1.640970426794985393e-01 5.863302604211083346e-02
-9.830627680713550642e-01 1.743582997942662582e-01 5.645183825925426113e-02
-9.814891098353255572e-01 1.854401738199999983e-01 4.786545086009658806e-02
-9.803431688902151109e-01 1.919896746221582962e-01 4.546722120741419904e-02
-9.792606837380513074e-01 1.962816454848255177e-01 5.022012762628257770e-02
-9.782915204280590027e-01 2.009743456983936194e-01 5.054746015484808119e-02
-9.772758088878245042e-01 2.065579997539201962e-01 4.760061275781042600e-02
-9.752917155864829768e-01 2.152439516358062854e-01 4.976086026392510797e-02
-9.745144832492651510e-01 2.194190462999367486e-01 4.665658028337219682e-02
-9.728867819967337294e-01 2.274512168018545388e-01 4.191999147424298883e-02
-9.709074256862481045e-01 2.355779967346730008e-01 4.291632035324326189e-02
-9.704658497887348467e-01 2.372328413789761281e-01 4.377951264267675169e-02
-9.694018971745708146e-01 2.418051390683911839e-01 4.231156816489962252e-02
-9.685819933948781602e-01 2.458452964317921763e-01 3.753724235831060879e-02
-9.671891332946881414e-01 2.516181842708287153e-01 3.512124702415091171e-02
-9.658838701172854924e-01 2.565934161799136581e-01 3.504569059136754955e-02
-9.654926864414594689e-01 2.579666099859336814e-01 3.573699450731454563e-02
-9.645207966046821513e-01 2.619175661539286382e-01 3.314896160353115323e-02
-9.647042146018766084e-01 2.613000416758140543e-01 3.268178009055869304e-02
-9.637276153291863823e-01 2.647164456539946586e-01 3.397527146077374688e-02
-9.627483725577442586e-01 2.680655126759070028e-01 3.544692246581079148e-02
-9.612269961496373583e-01 2.739523903202210064e-01 3.150844069029063582e-02
-9.609198880776762541e-01 2.758464371332524645e-01 2.327539181675508662e-02
-9.594771594455165920e-01 2.805791243326853368e-01 2.605700822783033055e-02
-9.570353227841410515e-01 2.892568356816336839e-01 2.034467987785075135e-02
-9.556851462409611253e-01 2.935868497226847840e-01 2.174154991444754784e-02
-9.538787201125836779e-01 2.991323740735622461e-01 2.520401296232200120e-02
-9.520522393939717665e-01 3.051392644521709330e-01 2.205889492002012855e-02
-9.512668767996820263e-01 3.073168930631362539e-01 2.544972464205228282e-02
-9.503634302755705754e-01 3.100997390181445823e-01 2.544669719790862775e-02
-9.489599602555782720e-01 3.146926558745278824e-01 2.106082299081075623e-02
-9.470454107527098708e-01 3.206155142668256630e-01 1.762708009252263175e-02
-9.457537801349352735e-01 3.244192118042647510e-01 1.737798425416992032e-02
-9.437981980105120128e-01 3.299047563706308250e-01 2.019517856087435850e-02
-9.418607333221732381e-01 3.352329572483156994e-01 2.274325349918811592e-02
-9.399377583301959938e-01 3.409124619329286787e-01 1.719697190904708600e-02
-9.381972414863974929e-01 3.460011873180920405e-01 8.315431845464515970e-03
-9.387771279858619922e-01 3.445250709564221525e-01 1.074175110466878830e-04
-9.388342812246776026e-01 3.443660926439969239e-01 1.489537367848353102e-03
-9.385194448914561116e-01 3.451799218852594220e-01 -5.666146526674359016e-03
-9.383523400654414370e-01 3.455919989325935693e-01 -7.815900221088970673e-03
-9.390947439724190993e-01 3.435452570330397859e-01 -8.817616093312588901e-03
-9.387450829802368446e-01 3.444536434365473299e-01 -1.045891184442872268e-02
-9.401948130450790142e-01 3.401552873117623110e-01 -1.811426474619858007e-02
-9.406861961409211936e-01 3.384598223037475484e-01 -2.354701061228690537e-02
-9.429690323815940189e-01 3.319648954228924809e-01 -2.467275433314644953e-02
-9.441719654689022523e-01 3.283876036975380552e-01 -2.647478071847490094e-02
-9.458897551488902877e-01 3.231209174168028775e-01 -2.975695579634826324e-02
-9.466255550311294398e-01 3.206444789796942807e-01 -3.297285718442473368e-02
-9.495132219716746480e-01 3.119261877445525522e-01 -3.356675989257024845e-02
-9.495134227329000698e-01 3.114312651257725717e-01 -3.787954399009414025e-02
-9.517123759729384513e-01 3.050760330071891624e-01 -3.423741034139938383e-02
-9.536772840511706928e-01 2.981487110222750814e-01 -4.008761579228142802e-02
-9.551798662568629084e-01 2.926289004898032231e-01 -4.471893075208598772e-02
-9.574353175878463906e-01 2.845467085485423042e-01 -4.848521920221224996e-02
-9.592782812761764255e-01 2.779059463028923371e-01 -5.053214172006426780e-02
-9.627229593903627869e-01 2.662361092093479820e-01 -4.777939555712878983e-02
-9.625716751665797100e-01 2.656671445840288470e-01 -5.363554363106431966e-02
-9.655556722409716075e-01 2.544651641486787574e-01 -5.431166689769831996e-02
-9.675718507670428847e-01 2.456108338612822128e-01 -5.899207929631916647e-02
-9.698850550148800931e-01 2.358288277365764019e-01 -6.089152458697378451e-02
-9.709591191960816881e-01 2.319257658126638033e-01 -5.872700978557000850e-02
-9.718006618428481902e-01 2.263945770968302795e-01 -6.594697086111891982e-02
-9.747033147176356049e-01 2.143849948123238147e-01 -6.318667532775452955e-02
-9.757418181875037178e-01 2.084574073374296233e-01 -6.688383517646730170e-02
-9.772191530824287931e-01 1.995518617206643586e-01 -7.226212786261554388e-02
-9.789035138902204558e-01 1.905048277932755718e-01 -7.386375977325858322e-02
-9.800771489232094069e-01 1.821121723234882805e-01 -7.927151466662858692e-02
-9.820031067352209542e-01 1.696613074629141904e-01 -8.297574111205149872e-02
-9.849118503915408329e-01 1.500010058598662821e-01 -8.630399697248389290e-02
-9.866410552861086813e-01 1.325713027245345177e-01 -9.468005933571242705e-02
-9.886296423063580807e-01 1.158769806739518154e-01 -9.583314478890518628e-02
-9.906205992443297692e-01 1.022816330017878167e-01 -9.060536258889198558e-02
-9.915122619885236022e-01 9.139902888553595728e-02 -9.246452180300386570e-02
-9.922846916404405304e-01 8.158022720991879584e-02 -9.335841285487674057e-02
-9.934170461925547757e-01 6.343482037063487289e-02 -9.538674958731079012e-02
-9.938583689554426615e-01 5.188756232162625159e-02 -9.774077737586045478e-02
-9.943517169333180306e-01 4.137340863671009478e-02 -9.773914424875868034e-02
-9.948145900048468437e-01 2.655963701615537270e-02 -9.817613494757093662e-02
-9.951393036449687202e-01 1.470128914483707222e-02 -9.737389105555761815e-02
-9.953967502832387071e-01 2.129043771125363818e-03 -9.581655821051764110e-02
-9.956225028248874009e-01 -1.223255092357714707e-02 -9.266192619034581412e-02
-9.956981760174916651e-01 -2.586863499044486994e-02 -8.897185907515035852e-02
-9.959795192503757555e-01 -3.366193583349307017e-02 -8.301630453522676478e-02
-9.954175087313892334e-01 -4.560414152050561859e-02 -8.404927830489193619e-02
-9.948545272371774884e-01 -5.748487953103262327e-02 -8.342657760728669492e-02
-9.936338983481934894e-01 -7.265932457418970702e-02 -8.609491584544856635e-02
-9.932675952090027627e-01 -8.257678211363707332e-02 -8.124404652059513676e-02
-9.922844493835355495e-01 -9.668139912149338600e-02 -7.761645436613061333e-02
-9.914860320128247029e-01 -1.052161347748218762e-01 -7.671407100143130819e-02
-9.902110735463456326e-01 -1.172837514184038588e-01 -7.567421459452780552e-02
-9.891344166042956854e-01 -1.269883131414502042e-01 -7.407502527766703093e-02
-9.875487371007474202e-01 -1.384536639548585024e-01 -7.468674586135717886e-02
-9.864121908119294346e-01 -1.451662493185069958e-01 -7.692714194993625909e-02
-9.842676191283734610e-01 -1.569793201405818850e-01 -8.108503357154392410e-02
-9.824334281288775728e-01 -1.670846922192110173e-01 -8.311017199547213186e-02
-9.802707978160538627e-01 -1.800094500500820927e-01 -8.164432923497236261e-02
-9.765778109811789065e-01 -1.980261995884383952e-01 -8.415128801399052172e-02
-9.735232587819064864e-01 -2.137658488695607650e-01 -8.097321853508840372e-02
-9.705855460007478674e-01 -2.273891735073299281e-01 -7.910687183353838636e-02
-9.687887149452498736e-01 -2.352364813326182080e-01 -7.818093825120629725e-02
-9.671329032999468334e-01 -2.432706856247418559e-01 -7.398213348709561932e-02
-9.647478023476950826e-01 -2.533829394807238788e-01 -7.112523340798601601e-02
-9.604768911555322530e-01 -2.689730269917152694e-01 -7.167766312142867524e-02
-9.576180174957378277e-01 -2.790070194515108515e-01 -7.157409266873511478e-02
-9.544892895452087300e-01 -2.904155902337823281e-01 -6.788973426612521234e-02
-9.512243807301892229e-01 -3.021125053555118734e-01 -6.245195054296824588e-02
-9.506249914776441212e-01 -3.048435620757266595e-01 -5.815980316083571577e-02
-9.478588729751820097e-01 -3.136386759851080286e-01 -5.651877783474942851e-02
-9.456053578219169031e-01 -3.210409847546005224e-01 -5.256641272869744946e-02
-9.426490585698479308e-01 -3.298014362295381696e-01 -5.141788932534595985e-02
-9.401831830864944006e-01 -3.380158353130027771e-01 -4.243714098959709691e-02
-9.384757355082719021e-01 -3.430788269711106397e-01 -3.949994901615041382e-02
-9.360248461149575094e-01 -3.497850580678907306e-01 -3.883212842734885123e-02
-9.335031119754712003e-01 -3.567557609799807405e-01 -3.601805767902782618e-02
-9.323767552180275420e-01 -3.598887063280277743e-01 -3.396673236210847463e-02
-9.313734942568528963e-01 -3.624765282897070007e-01 -3.397372743245209714e-02
-9.293971191113552521e-01 -3.680491672306100970e-01 -2.758330670757317207e-02
-9.283847843837560454e-01 -3.705694015222603666e-01 -2.792926970583774898e-02
-9.274129343484254218e-01 -3.729682536663118109e-01 -2.828364002892097551e-02
-9.257005226344562354e-01 -3.772227320651839189e-01 -2.795686198644413076e-02
-9.231162322902104478e-01 -3.835286609949039582e-01 -2.760835387020903545e-02
-9.226719196812697144e-01 -3.841053356672682328e-01 -3.375874913845870740e-02
-9.198827397287624441e-01 -3.906871114781075294e-01 -3.434180373533160524e-02
-9.187375576511789266e-01 -3.934821685922642032e-01 -3.306231326556933331e-02
-9.148214844136385304e-01 -4.026708481740177703e-01 -3.094952261289846129e-02
-9.133527204103625285e-01 -4.061166893314879234e-01 -2.925877641985052610e-02
-9.120375679303389660e-01 -4.093181223328385410e-01 -2.542012096658546536e-02
-9.117979365868136288e-01 -4.099869372146444646e-01 -2.313584425137763662e-02
-9.083802858367473476e-01 -4.175732269515147199e-01 -2.186068572515012867e-02
-9.068368008348737241e-01 -4.209665889620723411e-01 -2.083700412481741954e-02
-9.038335484219646165e-01 -4.276572309645715331e-01 -1.393708410766955619e-02
-9.030252139843011339e-01 -4.295051355812207206e-01 -8.416301958178565301e-03
-9.010213351888863853e-01 -4.337658854568443023e-01 -2.782569415737891523e-03
-9.027013809731517791e-01 -4.302430189823031603e-01 -4.603688988039918856e-03
-9.030159657284436703e-01 -4.296047203793112446e-01 -1.407989212187165089e-03
-9.062549218076891844e-01 -4.227310521035531621e-01 -7.119538953218243612e-04
-9.057127828195556951e-01 -4.238780000621482635e-01 3.439281830185069323e-03
-9.042168972271324989e-01 -4.270260156549519071e-01 6.373169532536344592e-03
-9.020193694433811249e-01 -4.316813782342757144e-01 3.503925351183252365e-03
-9.010704808612807204e-01 -4.336630219747096282e-01 2.899060720018927471e-03
-9.007455415576167690e-01 -4.343450873751798502e-01 1.359083083458627675e-03
-9.028619375983026885e-01 -4.299246689032534818e-01 2.265700421855627086e-03
-9.024513447917994480e-01 -4.307833766323130309e-01 2.699147028905250420e-03
-9.014250473777258854e-01 -4.328840509330225683e-01 6.656952625519955979e-03
-9.028122667160886072e-01 -4.298096325720365818e-01 1.391845856625668898e-02
-9.039432740539595779e-01 -4.273258234711515002e-01 1.671019462165337574e-02
-9.049326664359237382e-01 -4.248541468735941851e-01 2.441016189059435140e-02
-9.059454413273015927e-01 -4.225949121325096036e-01 2.600827778474383914e-02
-9.098584326580604342e-01 -4.136674190027188613e-01 3.220143358964742963e-02
-9.115975885377417542e-01 -4.093992839889427082e-01 3.717655519801058711e-02
-9.122350993508977490e-01 -4.079844069032935727e-01 3.709286521365626199e-02
-9.182697407609504703e-01 -3.942869516577268141e-01 3.631137974370916149e-02
-9.196674598700377290e-01 -3.910262907620145612e-01 3.619718955660566201e-02
-9.202295177269770310e-01 -3.897767668734363200e-01 3.537993847638992023e-02
-9.225188292174821836e-01 -3.841789338674145848e-01 3.695388862660072687e-02
-9.246591194753189802e-01 -3.792070628146811950e-01 3.474981413935973595e-02
-9.264194586155607425e-01 -3.746341031794668264e-01 3.736721534539241135e-02
-9.295054910795672587e-01 -3.660545567035618508e-01 4.498485333523324914e-02
-9.331675049630065999e-01 -3.571853480214309817e-01 4.021278543677473533e-02
-9.348762048725265394e-01 -3.523535432796425226e-01 4.305224098748335060e-02
-9.366415898691451414e-01 -3.464500915405578918e-01 5.171943511192953619e-02
-9.373217797857436029e-01 -3.445819708191186215e-01 5.187658716460012698e-02
-9.394707251105250956e-01 -3.380395982951235334e-01 5.589293940965295304e-02
-9.410425445185452986e-01 -3.335530621127271722e-01 5.640317533684990892e-02
-9.438762074833045856e-01 -3.245203012553747879e-01 6.151677071601246993e-02
-9.460506875887118028e-01 -3.175757341919480670e-01 6.429450723455409911e-02
-9.491650729702985068e-01 -3.079662649075875502e-01 6.513430792256026669e-02
-9.516993547106566975e-01 -2.996489149780680039e-01 6.692458601320290523e-02
-9.555295082940699070e-01 -2.857593343380239737e-01 7.283540505329857973e-02
-9.598562247353440435e-01 -2.702949077872214834e-01 7.494481597365233727e-02
-9.615119354713372868e-01 -2.647771065868447238e-01 7.340242857443829427e-02
-9.634749249094669565e-01 -2.583672389249178636e-01 7.044482588332216799e-02
-9.666080784184079011e-01 -2.474942841218191469e-01 6.644874888913648858e-02
-9.688352884785885744e-01 -2.384389550349957088e-01 6.711991296544196628e-02
-9.715863834728392101e-01 -2.276739553224713386e-01 6.468773932571161844e-02
-9.720446037428321917e-01 -2.255220112979087477e-01 6.533869343663674389e-02
-9.744765844566792845e-01 -2.113375865204816240e-01 7.570895382111576810e-02
-9.780095553242278417e-01 -1.945620886015744233e-01 7.511949236961919241e-02
-9.795109554531746809e-01 -1.865390226161942888e-01 7.590465052060500761e-02
-9.814444959557676595e-01 -1.750096409509434292e-01 7.834769921714974938e-02
-9.831268893712159507e-01 -1.659103587891280485e-01 7.704094483753055889e-02
-9.844127741403293497e-01 -1.570580524729647265e-01 7.914728853683770937e-02
-9.839595407869435872e-01 -1.556234898231562414e-01 8.720657478891997993e-02
-9.846059611161647185e-01 -1.476616397308153639e-01 9.352634403101567351e-02
-9.869390042194985391e-01 -1.323517934983855504e-01 9.183920793457187037e-02
-9.879044365869782407e-01 -1.239518824869198926e-01 9.317075997027809975e-02
-9.892116071836349889e-01 -1.135969293438158501e-01 9.249956407809464820e-02
-9.903300378477202237e-01 -9.956760007195050721e-02 9.660613363452573432e-02
-9.921667309915623845e-01 -8.191421236816927298e-02 9.431476798355815927e-02
-9.932323372104724379e-01 -6.446378739504493582e-02 9.661252700583533581e-02
-9.944016471210914698e-01 -4.824430310712309045e-02 9.401003805385974021e-02
-9.947888497087995496e-01 -3.477961511153009055e-02 9.584132093932462571e-02
-9.948670569740709624e-01 -2.297454106033570628e-02 9.854818922253752445e-02
-9.950481528879552284e-01 -8.398227959630912356e-03 9.903877745897719798e-02
-9.958282355481902215e-01 6.153248845023457508e-03 9.104009327161996512e-02
-9.955884310768758905e-01 2.328544199776848983e-02 9.089279313281163619e-02
-9.951781891324349427e-01 4.040523726822155270e-02 8.937462868058032583e-02
-9.945839679705171799e-01 5.102356643025526134e-02 9.055032816717983879e-02
-9.939612629006947531e-01 6.179006390366056228e-02 9.068093222770159945e-02
-9.929733835800967912e-01 7.305886353021784352e-02 9.309295210366280715e-02
-9.923984262794914857e-01 8.300295830433847277e-02 9.086202779337121394e-02
-9.907108623492166810e-01 1.021594161183119048e-01 8.975230647160090114e-02
-9.887843583239622758e-01 1.191165697159937420e-01 9.009312509628907006e-02
-9.875886271075597911e-01 1.297264024692256768e-01 8.854264292593255758e-02
-9.848168364329092928e-01 1.454031654571538157e-01 9.483540667365047971e-02
-9.825326232889252109e-01 1.577405024355327534e-01 9.873000819024065067e-02
-9.797850308462805469e-01 1.755981478035614773e-01 9.584685851619881292e-02
-9.769716356658987300e-01 1.929054369117907397e-01 9.118087193265771162e-02
-9.738736306494110151e-01 2.100094527353530416e-01 8.640727483181540047e-02
-9.711473898259133097e-01 2.232054035933409564e-01 8.397696583292284245e-02
-9.685899872947095757e-01 2.333026958638067250e-01 8.604257386784834594e-02
-9.654269337735944534e-01 2.449322460500791832e-01 8.921360058568678086e-02
-9.613634329895834885e-01 2.607103617224634240e-01 8.837699359402693966e-02
-9.573738786320412641e-01 2.764315924166865224e-01 8.379061357088808670e-02
-9.540366177795395197e-01 2.888093511122241663e-01 8.002078525633112005e-02
-9.499208269602330557e-01 3.033438516830769260e-01 7.505308319965005304e-02
-9.464968100243750238e-01 3.142163812960087066e-01 7.356554448547317215e-02
-9.429892054437840621e-01 3.244039190351890589e-01 7.438743676947795480e-02
-9.391424421323795180e-01 3.359224821654801518e-01 7.188598064283729938e-02
-9.355598714862570775e-01 3.451192438040125432e-01 7.496978997748869611e-02
-9.298198475331722612e-01 3.604379178388462668e-01 7.429396622743997258e-02
-9.255730206848814534e-01 3.712693649582654576e-01 7.398430181775700332e-02
-9.223740890933485037e-01 3.799299505681405509e-01 6.985203738831800846e-02
-9.183760920956481888e-01 3.899058727269475444e-01 6.751887466856118514e-02
-9.167208008114234863e-01 3.941477904796715226e-01 6.534927035812128360e-02
-9.132626403926258352e-01 4.031691922028095565e-01 5.836082706580167367e-02
-9.082514109806013591e-01 4.155184416346209275e-01 4.923243402520205425e-02
-9.065455651132976467e-01 4.189825529874741661e-01 5.127174835796211028e-02
-9.050872059685465265e-01 4.226750800528470964e-01 4.650763119812965918e-02
-9.048557002850675657e-01 4.240276104668414536e-01 3.790488988186941494e-02
-9.016731436208396122e-01 4.310882108521055800e-01 3.388996817649080756e-02
-8.999037501607130007e-01 4.350906992643479576e-01 2.948486329225616723e-02
-8.976251837943701739e-01 4.397111479595356420e-01 3.038369779130720844e-02
-8.953684044432691502e-01 4.441034295241734209e-01 3.297874416344871717e-02
-8.925072358810519635e-01 4.501184743837128854e-01 2.870934169543710654e-02
-8.917244303130394956e-01 4.518147929037020227e-01 2.628624453776742115e-02
-8.886783491994331152e-01 4.577376831300989379e-01 2.696365111923524488e-02
-8.835169691936605174e-01 4.675355606711106837e-01 2.843058188233108310e-02
-8.804774544236405598e-01 4.731377818540118962e-01 3.000208360097517124e-02
-8.771983656998310064e-01 4.794897690203454022e-01 2.475119735910124436e-02
-8.764071263800947698e-01 4.809146717494597323e-01 2.513285662261220341e-02
-8.740300654073230868e-01 4.852422517207362063e-01 2.472721278501739325e-02
-8.720368528146366094e-01 4.887769748522327040e-01 2.547212861784022356e-02
-8.692147089796922188e-01 4.940525617969748207e-01 1.943936618210104217e-02
-8.662445815397503690e-01 4.993108156873122816e-01 1.758031172661198363e-02
-8.647789110974861693e-01 5.018784119440227176e-01 1.659902453019253266e-02
-8.651648142413795872e-01 5.013950726781134515e-01 9.636307405224329992e-03
-8.636151903395569152e-01 5.040292911500277029e-01 1.110449602650112437e-02
-8.666102862134970053e-01 4.989008900501676891e-01 9.194938050185560291e-03
-8.666953879920696879e-01 4.986747748661380930e-01 1.275172569670543835e-02
-8.641006362558621978e-01 5.032633680367942786e-01 7.490383537428049743e-03
-8.640031913292959276e-01 5.034760198458343439e-01 3.227360323696528213e-03
-8.644057544988947850e-01 5.027927658208236616e-01 1.469446599398573430e-03
-8.645048244726516451e-01 5.026199848035926010e-01 -2.142989211109261674e-03
-8.641726648659640020e-01 5.031865191085965749e-01 -2.994219680900709734e-03
-8.620651909143643987e-01 5.067775657562582081e-01 -4.487596209744383266e-03
-8.638290280591830461e-01 5.037241601492365994e-01 -7.836696642536156859e-03
-8.620364189912060882e-01 5.068148525577731434e-01 -5.652489426789824960e-03
-8.629557613061457078e-01 5.051725808723201983e-01 -1.039474391479849186e-02
-8.626876579728888217e-01 5.056075600948402027e-01 -1.144696881910948864e-02
-8.622992537494080789e-01 5.062668052946772690e-01 -1.157376248911909204e-02
-8.641553453056409762e-01 5.030259784227304465e-01 -1.415759118117856409e-02
-8.656042636348636465e-01 5.004913086839669623e-01 -1.541888112883152417e-02
-8.675763937410372328e-01 4.970447985987005990e-01 -1.605311201370190205e-02
-8.672101511408215613e-01 4.975464336954384392e-01 -1.985279006925436823e-02
-8.700708078321243155e-01 4.925459613289054350e-01 -1.937262330635508567e-02
-8.709945082149708195e-01 4.909965926214122089e-01 -1.705713681501955237e-02
-8.728372247487677926e-01 4.871505092200163478e-01 -2.897574918756103818e-02
-8.754525137932687162e-01 4.820853856835312090e-01 -3.430175977277789140e-02
-8.803394135806441589e-01 4.730832820046677600e-01 -3.456528459947143250e-02
-8.833728642533758002e-01 4.668593678171210071e-01 -4.116731248602351068e-02
-8.854661663921103987e-01 4.627486670787530620e-01 -4.258372427120140497e-02
-8.894775161539097974e-01 4.549210774029797122e-01 -4.331969414821055381e-02
-8.937121920131571029e-01 4.460100705082666872e-01 -4.851360040993716455e-02
-8.958352581356788802e-01 4.425131739641555706e-01 -4.075924100119614202e-02
-9.001752949843249141e-01 4.334497792310704201e-01 -4.249425598185106040e-02
-9.044426757820089868e-01 4.235348109903531721e-01 -5.100730692108534220e-02
-9.076809254488111822e-01 4.165661902968884611e-01 -5.087221176045926552e-02
-9.115491510970193945e-01 4.071282400869313256e-01 -5.766087327135754892e-02
-9.131096381464121059e-01 4.033678951574193872e-01 -5.937309989695131740e-02
-9.152966927855561430e-01 3.982433861932300201e-01 -6.028436480551016552e-02
-9.182360188403174694e-01 3.916432670780741199e-01 -5.880646347939538776e-02
-9.206657132818062417e-01 3.854882473794603581e-01 -6.142874398556561616e-02
-9.253897456441293468e-01 3.737897057723603700e-01 -6.273045318463212061e-02
-9.290970374335084658e-01 3.644237310408923736e-01 -6.304026128277179231e-02
-9.318552599135776493e-01 3.567501824958903001e-01 -6.614466985060264703e-02
-9.360421004832958358e-01 3.447995216731437607e-01 -7.027454473294210413e-02
-9.422528641196059596e-01 3.275377021531153399e-01 -6.984718582854042290e-02
-9.444489221527686551e-01 3.213124301412945694e-01 -6.909841738990568638e-02
-9.480689315738021206e-01 3.106173991709345605e-01 -6.842636831838168343e-02
-9.525366148449085912e-01 2.971356621363009931e-01 -6.621503597752902148e-02
-9.553586838112392288e-01 2.873776217566550439e-01 -6.858515403079649964e-02
-9.570152196294599012e-01 2.821204209595051249e-01 -6.730507434048356441e-02
-9.605255321932858470e-01 2.709279851815891704e-01 -6.315666494256377828e-02
-9.619199305428590696e-01 2.653434129415836451e-01 -6.559692080962821470e-02
-9.638646824316522421e-01 2.582324953859080341e-01 -6.542849432369252094e-02
-9.663326378067036426e-01 2.483649775807524884e-01 -6.720198473411702345e-02
-9.686759533034831060e-01 2.397397283231642307e-01 -6.474407961650793797e-02
-9.711166126294118461e-01 2.290957157403007427e-01 -6.669118035305494907e-02
-9.723238548509892665e-01 2.218364175018042173e-01 -7.331412786104854473e-02
-9.750334259583349761e-01 2.096089554566147040e-01 -7.330716365132326773e-02
-9.760840307923080994e-01 2.031132810788634779e-01 -7.749191071986671897e-02
-9.794268694051051494e-01 1.852338320241659342e-01 -8.007166527620558638e-02
-9.816926848534779371e-01 1.717623709095215945e-01 -8.232373445939221435e-02
-9.831187157039934510e-01 1.617205506384998548e-01 -8.558090444251127693e-02
-9.854560205426631248e-01 1.473901184673627740e-01 -8.457317165151577443e-02
-9.872735004971292527e-01 1.377678535950560001e-01 -7.944237122601230383e-02
-9.892353278690837470e-01 1.192379428825605103e-01 -8.482815680855422535e-02
-9.901713001876146780e-01 1.100546789627792621e-01 -8.630643741007572312e-02
-9.915937593428153507e-01 9.697219172724526326e-02 -8.566357248349013020e-02
-9.921463285111710162e-01 8.761753869451752164e-02 -8.926851041251257501e-02
-9.935461045545110892e-01 7.264107016222914881e-02 -8.711744978679976381e-02
-9.939713581863274250e-01 6.359543707269454949e-02 -8.931179424614762996e-02
-9.943827881896607490e-01 5.447353592177559684e-02 -9.074988468508249362e-02
-9.953027599745809528e-01 3.763877520332756244e-02 -8.919515475828719564e-02
-9.960892739057322087e-01 1.919660731443792109e-02 -8.624201620419567893e-02
-9.962632037500966931e-01 8.339105448408710639e-03 -8.596583533192077298e-02
-9.962288199691645696e-01 -7.705579619864963772e-03 -8.642221358798392317e-02
-9.959324435503977835e-01 -1.806279823212025501e-02 -8.827423188124690345e-02
-9.957771621717012023e-01 -3.188012626796527665e-02 -8.609028739175315914e-02
-9.957105430033272864e-01 -4.208120399705592152e-02 -8.239977714258646391e-02
-9.947329609246619020e-01 -6.051590905972566159e-02 -8.272966634246273210e-02
-9.943427503953445878e-01 -7.375566429608818031e-02 -7.643711700752436888e-02
-9.930849986533060170e-01 -8.697506771408125559e-02 -7.885150170943031056e-02
-9.919313875524231605e-01 -9.920139788064744057e-02 -7.893821209329954236e-02
-9.920303761599575942e-01 -1.000590153094401830e-01 -7.657651400929046948e-02
-9.911492496425858834e-01 -1.071639398522887116e-01 -7.835235334686595221e-02
-9.894844760107294190e-01 -1.217300915564423491e-01 -7.811717399066735179e-02
-9.884789964753352143e-01 -1.312320085891389709e-01 -7.541531425118168375e-02
-9.879180497726359755e-01 -1.355835170066202466e-01 -7.506712345691288202e-02
-9.861448305691991045e-01 -1.490216480391621523e-01 -7.287631830699757562e-02
-9.836662757567383730e-01 -1.650166228625635501e-01 -7.190415954099693696e-02
-9.816595595972272825e-01 -1.753202806100768729e-01 -7.488220307259563224e-02
-9.794050338398149202e-01 -1.867749722472062390e-01 -7.668719308612979846e-02
-9.771087290272298942e-01 -1.993903459153920088e-01 -7.417585628787093377e-02
-9.748552536392655066e-01 -2.110797597789840496e-01 -7.143252327910257216e-02
-9.723156472172540532e-01 -2.228657782006936428e-01 -7.023647834198674944e-02
-9.690356859463964412e-01 -2.364042695709004105e-01 -7.129443560121365153e-02
-9.670194920405027483e-01 -2.457831159619356387e-01 -6.681315521860545226e-02
-9.659412906908113605e-01 -2.517425255205201218e-01 -5.985949658704080995e-02
-9.650400315142915186e-01 -2.555141068936210846e-01 -5.839789618216891659e-02
-9.625988766392417073e-01 -2.649629310922599901e-01 -5.655159843857820307e-02
-9.604505331696426840e-01 -2.738588188040699811e-01 -5.036026110095875169e-02
-9.587625692796122312e-01 -2.796912972594113311e-01 -5.046928955822076179e-02
-9.580091379701094478e-01 -2.831078259230681571e-01 -4.548060771214887388e-02
-9.576618316831544409e-01 -2.844859997704737298e-01 -4.417654669317204463e-02
-9.543556836766631246e-01 -2.948925928428932086e-01 -4.736689690992720164e-02
-9.519931381172308527e-01 -3.026540346904558199e-01 -4.593076748544000498e-02
-9.495351654955744847e-01 -3.102668440017428697e-01 -4.601619432271785576e-02
-9.476826913096008109e-01 -3.165849634564320003e-01 -4.088413086443615924e-02
-9.454192580378802946e-01 -3.232105423518152332e-01 -4.144160373886048715e-02
-9.441340888629510264e-01 -3.276770154378714217e-01 -3.519418338042824834e-02
-9.428125000423110968e-01 -3.317612857024115902e-01 -3.223466720211263375e-02
-9.403714095483178825e-01 -3.384398179491968639e-01 -3.406077739754018868e-02
-9.385185785724698970e-01 -3.438007572130348799e-01 -3.136800540599724019e-02
-9.369559145593315819e-01 -3.478622196855840620e-01 -3.324943735209184847e-02
-9.363992945719429306e-01 -3.496870324938480268e-01 -2.958674024414733456e-02
-9.330838288953273718e-01 -3.582090648074164330e-01 -3.226250233479953378e-02
-9.295557554377944509e-01 -3.675531991020279943e-01 -2.882322142690713074e-02
-9.278422037591461669e-01 -3.718186858505862502e-01 -2.932140035023729843e-02
-9.258958270132889856e-01 -3.769807338009480979e-01 -2.454543817388320226e-02
-9.249337077912089811e-01 -3.794221929319127051e-01 -2.316182986579204753e-02
-9.245987488420014389e-01 -3.803187633826941583e-01 -2.179051439853104538e-02
-9.237713245029745002e-01 -3.824450698269341586e-01 -1.955359919261979648e-02
-9.229517187589187932e-01 -3.846864083889932062e-01 -1.328632957062935924e-02
-9.231170038271044875e-01 -3.843832805008569053e-01 -1.022376841862044847e-02
-9.224805665063535720e-01 -3.858864316778845560e-01 -1.101366386531287683e-02
-9.213170392538326814e-01 -3.886467946902011916e-01 -1.134092989913810037e-02
-9.213698425636456246e-01 -3.884224096087306455e-01 -1.434152970617241611e-02
-9.203624740277143168e-01 -3.908332437789592273e-01 -1.350283291750875581e-02
-9.214597823120991293e-01 -3.882420404687408899e-01 -1.341723266212965608e-02
-9.185863969836771670e-01 -3.949140564913049545e-01 -1.555486838271285394e-02
-9.168824016760079854e-01 -3.989302589725798320e-01 -1.346642796413342023e-02
-9.138759848495672244e-01 -4.058983225805246620e-01 -8.790366471313485613e-03
-9.110929458436388684e-01 -4.121863494268595551e-01 -3.477316349722015497e-03
-9.111186547232932309e-01 -4.121421250211895759e-01 -1.303899006845380456e-03
-9.112950051385995121e-01 -4.117219095798581585e-01 5.149484627072450568e-03
-9.111191868636475677e-01 -4.120761674853908874e-01 7.422528846989165721e-03
-9.128750267954089948e-01 -4.080641541550223406e-01 1.195265712464010574e-02
-9.127384430477901711e-01 -4.082756142064575267e-01 1.481863371387320827e-02
-9.139546804639191446e-01 -4.056503063820708910e-01 1.160626603121120079e-02
-9.143460055324045266e-01 -4.044539639470257630e-01 1.970806304279012003e-02
-9.145657026676216050e-01 -4.040771634119914579e-01 1.706622540763102353e-02
-9.149873299852483433e-01 -4.029468373479758725e-01 2.078621672886024965e-02
-9.176379737778745938e-01 -3.965899895054731394e-01 2.563130661475764710e-02
-9.179413774093688749e-01 -3.951126240312946569e-01 3.563252408137331656e-02
-9.210009106787300226e-01 -3.880451057180235308e-01 3.432714999917598625e-02
-9.227536834092990858e-01 -3.834966919714240530e-01 3.815706915218958217e-02
-9.246311994521068112e-01 -3.784613224650265062e-01 4.271074251333133176e-02
-9.273392846961187042e-01 -3.710125103665188329e-01 4.890402450028158432e-02
-9.293577511701365257e-01 -3.657586652554432050e-01 5.014782723974257200e-02
-9.313396120822301505e-01 -3.609050628026833629e-01 4.851904812564281078e-02
-9.347866487122510337e-01 -3.515248318061753863e-01 5.103184680326709743e-02
-9.382238652273293678e-01 -3.417889507233367041e-01 5.400303233596743385e-02
-9.415277448426752072e-01 -3.318344214902685940e-01 5.840768932205314679e-02
-9.440208049974635474e-01 -3.248614882316798735e-01 5.735650721036201355e-02
-9.469052000320632434e-01 -3.163047371109186656e-01 5.763584970945023062e-02
-9.478788237935826810e-01 -3.129502297588176996e-01 5.989928946032689605e-02
-9.498945014948680932e-01 -3.052703021934560224e-01 6.716036705222791503e-02
-9.527168611928643616e-01 -2.968475645566593379e-01 6.490101630903781504e-02
-9.556294828469655833e-01 -2.878672048657111571e-01 6.248839701524375179e-02
-9.577512894992641357e-01 -2.781759251545932177e-01 7.301136116635101314e-02
-9.596815910606110167e-01 -2.710020627835265650e-01 7.462682151415728216e-02
-9.637049472361306490e-01 -2.564590500120688121e-01 7.417254925350487416e-02
-9.656392556083002177e-01 -2.489903473892635943e-01 7.446255215934920180e-02
-9.667573329024363726e-01 -2.446575205768942995e-01 7.431684628863764741e-02
-9.689899415063557564e-01 -2.361960937985984332e-01 7.259431886873356221e-02
-9.716068496018778200e-01 -2.266049395317153436e-01 6.804680349290620489e-02
-9.733598469841061585e-01 -2.177197412423934331e-01 7.189408217338329188e-02
-9.774427331075790093e-01 -2.013887190834104668e-01 6.362643185319195871e-02
-9.784444053824382648e-01 -1.965465657115543496e-01 6.337214363432935871e-02
-9.808263547319229225e-01 -1.845186174381612532e-01 6.271026341972668616e-02
-9.823567364153650283e-01 -1.762889697959545421e-01 6.242977654572809398e-02
-9.839714041318655680e-01 -1.662627224806807469e-01 6.447494545799645205e-02
-9.855745667360887863e-01 -1.568648252053472525e-01 6.353137483887223713e-02
-9.871965986038504504e-01 -1.463055465532561439e-01 6.354209884973431588e-02
-9.880556206092949711e-01 -1.395597328539689153e-01 6.533917081813968297e-02
-9.897825657231525964e-01 -1.259332326673653357e-01 6.686799956079718388e-02
-9.906323490623241135e-01 -1.194145466821148333e-01 6.624010020830449486e-02
-9.908882779790557649e-01 -1.135409185363615847e-01 7.244940671552455025e-02
-9.919673405251167031e-01 -1.052233979745376691e-01 7.020589639959060047e-02
-9.922951219983962012e-01 -1.010445383541542924e-01 7.169677945017879916e-02
-9.929584007565395165e-01 -9.494856768982613826e-02 7.084080680028083388e-02
-9.939680655758359462e-01 -8.246557900127035601e-02 7.229764210745261155e-02
-9.948528572290874505e-01 -6.949680989328937963e-02 7.374294728382443931e-02
-9.953533845395349244e-01 -5.648546436112765468e-02 7.798120874411886005e-02
-9.954143714647837315e-01 -5.116028766199838540e-02 8.082630018540537531e-02
-9.958863401068352994e-01 -4.159442248085314098e-02 8.050054884064909710e-02
-9.965226192343319411e-01 -3.008930575558579207e-02 7.770032022835969554e-02
-9.972897017645407924e-01 -1.358362311485271368e-02 7.231024741960091762e-02
-9.970573248668161970e-01 -7.771468725886478655e-03 7.626487608008945818e-02
-9.969142156329721116e-01 7.410103719940443548e-04 7.849543804870513786e-02
-9.965338433313214450e-01 1.251362272668985615e-02 8.224199108719973395e-02
-9.964062391584171952e-01 2.536213874063637103e-02 8.081710909111707031e-02
-9.962031741602466184e-01 3.254020068627148932e-02 8.074904188747232536e-02
-9.952930058941282798e-01 4.542974755412519661e-02 8.560378127682562177e-02
-9.949710831234194197e-01 5.307985806339033524e-02 8.494179957362109346e-02
-9.943738220260363025e-01 6.267483932208964270e-02 8.539674181011387699e-02
-9.932590032095129917e-01 7.765578361196777413e-02 8.605910072413715250e-02
-9.920270528070798122e-01 9.227648682256861523e-02 8.583363828684745234e-02
-9.908703296636960367e-01 1.058685514741857930e-01 8.347380706713035392e-02
-9.895571109719328851e-01 1.179059495583003603e-01 8.291530624032998620e-02
-9.881944219209458646e-01 1.276155165212952969e-01 8.477087555516595041e-02
-9.865052475672657639e-01 1.382516690873989706e-01 8.771493355714370110e-02
-9.842931481100496427e-01 1.506816591838179564e-01 9.198952911371155450e-02
-9.824198130533300377e-01 1.607759363297487920e-01 9.488122445638606794e-02
-9.792477600418570960e-01 1.774830901932826777e-01 9.784485230986382509e-02
-9.758107487888325604e-01 1.952267294288352051e-01 9.838670968852210319e-02
-9.729708351995163262e-01 2.089431873036136089e-01 9.833888502059880132e-02
-9.700146438609823507e-01 2.229715264500194694e-01 9.672293931026498814e-02
-9.668862715493832249e-01 2.361296537478225210e-01 9.681819265149904652e-02
-9.651993433903330866e-01 2.430390382234066393e-01 9.655201359321821664e-02
-9.623601838894161320e-01 2.530400198900275011e-01 9.916482646853233551e-02
-9.577941807103351746e-01 2.700133156928009592e-01 9.860605784101618421e-02
-9.538456585016947820e-01 2.828276213954944995e-01 1.009308397631604459e-01
-9.499011482441738208e-01 2.959376690098126095e-01 1.005422432939199612e-01
-9.473049638248545179e-01 3.052400538898100146e-01 9.716919718389352423e-02
-9.421759386081157706e-01 3.207828434391731820e-01 9.696858217344965503e-02
-9.380747695698300470e-01 3.330722111928873241e-01 9.528203748313383847e-02
-9.342350552238477546e-01 3.455178034475986371e-01 8.844403169421144462e-02
-9.311522577743053253e-01 3.545179522667221694e-01 8.527914175718445677e-02
-9.259172649855400561e-01 3.685782639940414218e-01 8.262759315080299427e-02
-9.207880519412424691e-01 3.811380779097875426e-01 8.296485061860235655e-02
-9.149919672838340290e-01 3.957899648598831033e-01 7.835841147264735462e-02
-9.095625266599900449e-01 4.087979327429559495e-01 7.470138494724870570e-02
-9.078379099612702285e-01 4.130867630400932300e-01 7.203951708987178792e-02
-9.032936645700783140e-01 4.231765953090809718e-01 7.058442650781261707e-02
-8.997798519455532107e-01 4.311511878437939704e-01 6.711860901827657044e-02
-8.954457630208313423e-01 4.406944410162900172e-01 6.297087608210874543e-02
-8.924607307255663091e-01 4.465539900250384275e-01 6.405789724208897640e-02
-8.893954259061087608e-01 4.532073858505450970e-01 5.982372260745084935e-02
-8.880008528817830982e-01 4.563342418409979673e-01 5.668845529680154038e-02
-8.841615557232659350e-01 4.646696027728389189e-01 4.837911639692220322e-02
-8.820989323516158498e-01 4.689455017027628903e-01 4.462762806548732641e-02
-8.768713746683217680e-01 4.790181504874841401e-01 4.047516634992615742e-02
-8.743099998456350663e-01 4.837085588152551519e-01 4.010099230849313579e-02
-8.711262725633346360e-01 4.900607543548428091e-01 3.129711476285785415e-02
-8.685637597842226221e-01 4.948779228604514024e-01 2.632245282543643761e-02
-8.659207323862411210e-01 4.994059143662289424e-01 2.783977026804872190e-02
-8.639422759965187382e-01 5.031158013399863460e-01 2.186936309865622485e-02
-8.614826735695284565e-01 5.073320184159539892e-01 2.149095340444789545e-02
-8.587021121152146330e-01 5.120208652098061641e-01 2.157199777950050135e-02
-8.603160597928266595e-01 5.095723165648239350e-01 1.386962462402226322e-02
-8.602409597436327937e-01 5.097651821646915771e-01 1.117968138734099469e-02
-8.607365182838292439e-01 5.088703208160239022e-01 1.355277566377388436e-02
-8.599095779995719058e-01 5.103968720398619485e-01 7.112365398358570789e-03
-8.590640916758796042e-01 5.118558364432991281e-01 3.538944667174439857e-03
-8.570417036845261460e-01 5.152241959480816647e-01 -4.856019545357257231e-03
-8.589539679209868828e-01 5.118768993664069011e-01 -1.342221798134551371e-02
-8.589042636289234700e-01 5.118932409221942370e-01 -1.577373998269715819e-02
-8.611571076356627774e-01 5.080852029554816518e-01 -1.605918932888067766e-02
-8.664822612991036621e-01 4.990565751760341340e-01 -1.229066961383499905e-02
-8.659011974373097553e-01 4.999648315741350713e-01 -1.582145321084806738e-02
-8.681590644043430949e-01 4.959508550194786092e-01 -1.823796165512622108e-02
-8.705577372671868819e-01 4.917753267014670082e-01 -1.692007828079187745e-02
-8.700681980752812406e-01 4.925775314738979338e-01 -1.867461129357714245e-02
-8.728384655763564703e-01 4.872616827302009290e-01 -2.700186628107467679e-02
-8.749389382771151080e-01 4.831176216804914381e-01 -3.285199129884987246e-02
-8.797108774415319798e-01 4.738308736605802984e-01 -3.991379959634065722e-02
-8.841212504911686310e-01 4.654006942087826615e-01 -4.161543565717076149e-02
-8.869053175406415024e-01 4.592126881744600375e-01 -5.022649983463869233e-02
-8.877811271273615690e-01 4.569501272292518235e-01 -5.514787562711968849e-02
-8.918738048409791119e-01 4.482298984383186746e-01 -6.042442529256852185e-02
-8.944730797606407213e-01 4.425998835380827723e-01 -6.342940639140988435e-02
-8.991804394163969150e-01 4.333469560573168788e-01 -6.070411741459828120e-02
-9.023407366351365866e-01 4.264418073164737977e-01 -6.267867943017300936e-02
-9.043020992680664838e-01 4.224044785979340633e-01 -6.174306927476077428e-02
-9.061853166459352682e-01 4.182475741762672339e-01 -6.242736167891490412e-02
-9.093186320916424314e-01 4.112571292842618909e-01 -6.330273221296156549e-02
-9.143904742174848721e-01 4.005849890942350666e-01 -5.849584635324709542e-02
-9.183701983939303037e-01 3.905333019691123453e-01 -6.387453279375383819e-02
-9.184887563096968410e-01 3.896961486715658785e-01 -6.719637981146844852e-02
-9.218401308538399785e-01 3.810474400610849854e-01 -7.080719736265693454e-02
-9.235731908822590874e-01 3.757566289307290308e-01 -7.628600592227363641e-02
-9.272511533246334814e-01 3.655524474886819308e-01 -8.109713386081125741e-02
-9.309834057629691184e-01 3.568853095700608158e-01 -7.682976224239207452e-02
-9.319334557464636903e-01 3.541036789331796775e-01 -7.817069149734615086e-02
-9.367662225289179467e-01 3.415421514351703047e-01 -7.627608608756902830e-02
-9.420368585052075749e-01 3.275749062090244634e-01 -7.253465290490831996e-02
-9.464030766064139844e-01 3.136867682008432912e-01 -7.695366317711790916e-02
-9.512659821322094755e-01 2.977115556135819796e-01 -8.037971993363808576e-02
-9.548582060931221083e-01 2.846759278090358336e-01 -8.488498675905892243e-02
-9.571128310827298202e-01 2.753720740895115315e-01 -9.002937439427231847e-02
-9.616392364038107710e-01 2.563891581294125421e-01 -9.754290535142942642e-02
-9.653058688718315627e-01 2.416788860334749545e-01 -9.887333043634079222e-02
-9.677246819264715416e-01 2.280720096342149505e-01 -1.072013953266636177e-01
-9.696955231761357208e-01 2.183549344826110350e-01 -1.095981564459344026e-01
-9.730375873323255931e-01 2.016144664899103267e-01 -1.120245595691318763e-01
-9.758091170894214184e-01 1.851827321029558271e-01 -1.162065600043858116e-01
-9.784664456751587247e-01 1.671395065842366523e-01 -1.211108710361210039e-01
-9.810450609729645111e-01 1.524105676155924072e-01 -1.196730967650714156e-01
-9.843410268304777500e-01 1.331930398662738158e-01 -1.154660097293774279e-01
-9.850161926113517596e-01 1.209903685005847968e-01 -1.229002599633809145e-01
-9.866629127458491633e-01 1.018601716442273791e-01 -1.269678912406431159e-01
-9.878788859889647833e-01 7.937618217793471209e-02 -1.333970499136113708e-01
-9.899339488113483299e-01 5.348587074895536780e-02 -1.310346629675839814e-01
-9.911997665117878720e-01 3.729427027709811271e-02 -1.270126136152793239e-01
-9.914411792742892082e-01 2.237957770321338802e-02 -1.286218739875268913e-01
-9.919547788562887991e-01 1.970266467552831552e-03 -1.265775594524334580e-01
-9.918522064281384276e-01 -2.023530839132161793e-02 -1.257766935800981589e-01
-9.916965523210791167e-01 -4.340489543319729637e-02 -1.210537339712656479e-01
-9.903141213111285035e-01 -6.395689513262968473e-02 -1.232375769037775820e-01
-9.888305574884259652e-01 -8.100725700521629880e-02 -1.251079405641729037e-01
-9.860438998488603168e-01 -1.047161278628499503e-01 -1.294295356709066203e-01
-9.841596530325743553e-01 -1.232891725472708977e-01 -1.273954535726451731e-01
-9.807561695588300488e-01 -1.473925490834421537e-01 -1.280344358760355516e-01
-9.780938497292290812e-01 -1.660571173022182823e-01 -1.255288771867903164e-01
-9.750541903057463600e-01 -1.839779551664711132e-01 -1.241832590296214900e-01
-9.715702747102250569e-01 -2.016609708137069579e-01 -1.240326488841188013e-01
-9.673029136526832827e-01 -2.210097478759949219e-01 -1.244178783845825281e-01
-9.635681231233627075e-01 -2.399112483953017849e-01 -1.182332797584921408e-01
-9.598534476587818887e-01 -2.581050506975977044e-01 -1.098325285064123691e-01
-9.563477987069285424e-01 -2.725461919114428033e-01 -1.054395699174872358e-01
-9.527239515529659641e-01 -2.858286510923865320e-01 -1.030489981053693826e-01
-9.488135802148003339e-01 -2.986952638788794578e-01 -1.026351351418075541e-01
-9.445317713590959396e-01 -3.135232292640991458e-01 -9.779038174446906539e-02
-9.402259877755703155e-01 -3.262466842231748765e-01 -9.766388321367995562e-02
-9.345871096451224824e-01 -3.432822874319121920e-01 -9.329654831425028549e-02
-9.295629056346583763e-01 -3.566510552237427412e-01 -9.334275324924971862e-02
-9.244424020951897969e-01 -3.710899901298118642e-01 -8.774112016955437632e-02
-9.197240375566065884e-01 -3.825856259038456497e-01 -8.795438208755287923e-02
-9.162702984248357607e-01 -3.918652222502290172e-01 -8.300859647973092559e-02
-9.126759682243585914e-01 -4.007556137773198857e-01 -8.010963843262615403e-02
-9.081234298162456087e-01 -4.113037936100313319e-01 -7.836494518639530726e-02
-9.053415896530823126e-01 -4.174476009877585714e-01 -7.806500831655838191e-02
-9.016074940153206985e-01 -4.264248157780995974e-01 -7.256612327379989569e-02
-8.961693875209714166e-01 -4.378189422175182144e-01 -7.207663780562288680e-02
-8.910892569934544261e-01 -4.494737444126708503e-01 -6.271624856421298411e-02
-8.855417552604690767e-01 -4.607158893185862580e-01 -5.963813902329609395e-02
-8.825468647056859961e-01 -4.669583192327023125e-01 -5.532628947378833567e-02
-8.775142133237923137e-01 -4.762694134682283753e-01 -5.600258775094529157e-02
-8.718402267854101773e-01 -4.865723946888607654e-01 -5.605320968842195106e-02
-8.697880233932038241e-01 -4.908070931677636084e-01 -5.076642620850693732e-02
-8.684950380564557815e-01 -4.937397797090288809e-01 -4.401632812833347619e-02
-8.661686048655872217e-01 -4.980977646258665237e-01 -4.062761628303871581e-02
-8.657176487468737358e-01 -4.991294112391998494e-01 -3.745426359432227348e-02
-8.615757027032774351e-01 -5.065541929026046164e-01 -3.301812509954718533e-02
-8.579326104992253121e-01 -5.129687405440322978e-01 -2.854374441338393409e-02
-8.596723158899675088e-01 -5.102782886825630859e-01 -2.407520959003589187e-02
-8.582534889681537882e-01 -5.129503071551800852e-01 -1.682169205766086140e-02
-8.568773317135888190e-01 -5.153553139741189337e-01 -1.304518975764520916e-02
-8.572402354287630422e-01 -5.148047768141663649e-01 -1.073586349140313347e-02
-8.578333074187886043e-01 -5.138620229319486032e-01 -8.238709075449102137e-03
-8.576259227348406178e-01 -5.142525807705715657e-01 -4.700861617730091660e-03
-8.572370529467275846e-01 -5.149188961454831404e-01 1.789898395847711217e-03
-8.589039056639333758e-01 -5.120970063571970154e-01 6.385548283852756843e-03
-8.583071640949898606e-01 -5.130914187536552706e-01 6.785747827768476119e-03
-8.577703963116568575e-01 -5.139154906312584092e-01 1.099336315905113763e-02
-8.611836263184228235e-01 -5.081712175415691313e-01 1.117200776286163613e-02
-8.615966323164754304e-01 -5.074499938627432538e-01 1.207415629635153961e-02
-8.619166450912506550e-01 -5.068684120507247481e-01 1.357011875335026665e-02
-8.643265447848724747e-01 -5.027853402212125733e-01 1.210635932556828817e-02
-8.649720774545610613e-01 -5.015258148633578994e-01 1.718140289838480245e-02
-8.656654775298453508e-01 -5.000781941944738573e-01 2.334778624440366282e-02
-8.684176898114973620e-01 -4.948466752857857975e-01 3.126535857128974472e-02
-8.725068671159305067e-01 -4.875360017392190159e-01 3.225604674213070067e-02
-8.740964736905263432e-01 -4.844517197970902300e-01 3.552357876817964499e-02
-8.799703791057159608e-01 -4.733971908681637863e-01 3.933536038163440440e-02
-8.835047654676760898e-01 -4.664803241565655401e-01 4.260839906484970019e-02
-8.848818424312943076e-01 -4.641564557377480527e-01 3.928038523116648278e-02
-8.903882983689896946e-01 -4.535060172422188951e-01 3.925569491983439685e-02
-8.944282251415576201e-01 -4.450980623198381170e-01 4.342699752543994346e-02
-8.993163273865388829e-01 -4.349139840160963777e-01 4.560711505526095916e-02
-9.020593364287980975e-01 -4.289996200992486908e-01 4.741643914920128100e-02
-9.046666318735445689e-01 -4.240851744853167959e-01 4.159433818189869903e-02
-9.062261345044437810e-01 -4.201818489751691921e-01 4.691957032514723624e-02
-9.084877524167584983e-01 -4.143758493255177422e-01 5.424664566897290791e-02
-9.123617943394640717e-01 -4.050580705777461210e-01 5.936291160302326064e-02
-9.144468950060994361e-01 -3.993004679508561638e-01 6.592459596897450036e-02
-9.188930173018349246e-01 -3.894610113292444331e-01 6.289501741817032920e-02
-9.223217491244541932e-01 -3.808379565675199530e-01 6.546053643047243520e-02
-9.258594352606025479e-01 -3.719952165761574725e-01 6.636192352992298371e-02
-9.299493426605582869e-01 -3.609229803478816168e-01 7.020585887340695386e-02
-9.335789417777078381e-01 -3.529336121850281671e-01 6.219537625659092572e-02
-9.378025544516715994e-01 -3.414254962025630724e-01 6.288910405223183120e-02
-9.398094143818030988e-01 -3.356778278904000157e-01 6.386470469405805539e-02
-9.420659462519823668e-01 -3.293251456847225422e-01 6.369255322558477206e-02
-9.453576071684357540e-01 -3.177129704304168523e-01 7.319497206774468190e-02
-9.494409834303632056e-01 -3.046489627433482394e-01 7.583448747638764365e-02
-9.523202724692922949e-01 -2.957893743477867377e-01 7.479829991418263102e-02
-9.556359642646626851e-01 -2.847056421438577956e-01 7.551584038651462660e-02
-9.587521290406425534e-01 -2.728350282723644438e-01 7.972103773949380801e-02
-9.625222008241269833e-01 -2.582311151233563917e-01 8.287186323240167130e-02
-9.657817163369785129e-01 -2.435721531853898003e-01 8.909727799232899925e-02
-9.675200398442463934e-01 -2.343174640569418155e-01 9.487012781235676373e-02
-9.719499507488994494e-01 -2.151940701784283427e-01 9.489387764923562507e-02
-9.750109034648469786e-01 -2.001452240117845005e-01 9.641405640875239103e-02
-9.781085295861039475e-01 -1.852115833197381656e-01 9.487052527333873775e-02
-9.797326997070727739e-01 -1.759346352023724025e-01 9.576473310263654282e-02
-9.821819705899113018e-01 -1.602442203556308509e-01 9.818558682488549849e-02
