1.000000000000000000e+00 0.000000000000000000e+00 0.000000000000000000e+00
9.999422984048842444e-01 8.277689174961817787e-04 -1.071050177361377448e-02
9.998770620402072096e-01 3.839562403714710890e-03 -1.520259463462348554e-02
9.996737378414823905e-01 1.238027556309510835e-02 -2.234160925395317979e-02
9.995429350064765073e-01 1.814983363628330446e-02 -2.417654929521735607e-02
9.992484236864463965e-01 2.629064111437512744e-02 -2.848492751838698281e-02
9.989241020810413207e-01 3.453430950415932454e-02 -3.095191544937124506e-02
9.986508082603773317e-01 3.819627879740222082e-02 -3.517966562987991791e-02
9.980377668955934256e-01 4.659631668736262389e-02 -4.182583929625360852e-02
9.972879412732742477e-01 5.612445071854182954e-02 -4.761103029479259174e-02
9.960336466263391975e-01 6.782524608421103274e-02 -5.759091762381930713e-02
9.951030656514523454e-01 7.680828715599564982e-02 -6.221237204536989723e-02
9.933024289881964286e-01 9.231079214484545770e-02 -6.949105756017676105e-02
9.913658092270348776e-01 1.069455825339583194e-01 -7.587147196110999303e-02
9.897144352138018686e-01 1.235490050507888904e-01 -7.211785720777602604e-02
9.876187822494664204e-01 1.355146086808819983e-01 -7.902491991486979006e-02
9.846979329075535858e-01 1.534100477433434917e-01 -8.267614272492249117e-02
9.817684415268342901e-01 1.712719901868830497e-01 -8.244173081829898886e-02
9.801320896005062400e-01 1.786335210618713309e-01 -8.620416837096403495e-02
9.776248870512013189e-01 1.921188133183133750e-01 -8.567349803663158736e-02
9.739817413839257920e-01 2.085123399417908308e-01 -8.878163436608893511e-02
9.700858081379867270e-01 2.254349575404031303e-01 -9.007003929079676618e-02
9.655924381843487003e-01 2.441032173429926178e-01 -8.969319771499033311e-02
9.623891253533873869e-01 2.555492377704576823e-01 -9.220502033513434947e-02
9.579372974378115302e-01 2.719610924734449653e-01 -9.161498579197360770e-02
9.538879727187862256e-01 2.852390958789269293e-01 -9.346871741266341016e-02
9.482862146774441170e-01 3.017370890528955352e-01 -9.852914505467146034e-02
9.424552634549467900e-01 3.184839185148110596e-01 -1.017156757013790713e-01
9.362843048671143364e-01 3.349085832064738200e-01 -1.058676101029812633e-01
9.296806261197823051e-01 3.512534085777645476e-01 -1.109729095530876258e-01
9.248764702700112972e-01 3.644853999249876852e-01 -1.084154890508990943e-01
9.161977564025144405e-01 3.862894644125258736e-01 -1.065932964508603670e-01
9.105856524441657829e-01 3.990348110792139580e-01 -1.077265018045259065e-01
9.024145657089281958e-01 4.166872547674120297e-01 -1.096343632786813543e-01
8.953312160829828281e-01 4.311802118743627843e-01 -1.116496704207954882e-01
8.882682067293126149e-01 4.447624017393183027e-01 -1.147432335774901807e-01
8.794491179061088015e-01 4.628414800301027809e-01 -1.111171621622078498e-01
8.701489322641566826e-01 4.787771650794417910e-01 -1.166759298628606417e-01
8.626438092114593337e-01 4.921917533976735704e-01 -1.165887946007017062e-01
8.509366704974501427e-01 5.112164079481819057e-01 -1.206837945208448781e-01
8.418331196403934236e-01 5.276542795917447126e-01 -1.135692300628697859e-01
8.326985432548210664e-01 5.418682215393610946e-01 -1.139823524723119208e-01
8.214172690279407663e-01 5.581605447426674083e-01 -1.171771608914598528e-01
8.111235339629132568e-01 5.723321672795103066e-01 -1.204761963466274427e-01
8.006016828736975954e-01 5.861906893983142020e-01 -1.241669530779922620e-01
7.879382765494021834e-01 6.040667548183455970e-01 -1.194011668585620856e-01
7.751600735721532187e-01 6.194776234258163594e-01 -1.239933269714730280e-01
7.644872199456627104e-01 6.324841624138750618e-01 -1.245916753803905652e-01
7.504295363686762643e-01 6.491316535450201153e-01 -1.244331868864229501e-01
7.390878923488451990e-01 6.626015686020565454e-01 -1.212776125897327417e-01
7.271866369797472807e-01 6.762888365494922338e-01 -1.176138368262356210e-01
7.109686354007720421e-01 6.939760283348929137e-01 -1.136700552366112921e-01
6.963065541524072755e-01 7.095979309575787264e-01 -1.078330585018309612e-01
6.830072870772628812e-01 7.230070648463809979e-01 -1.037392849013238499e-01
6.679917491988501821e-01 7.368652620504180240e-01 -1.040029703749077716e-01
6.571303767769985926e-01 7.458718632761734968e-01 -1.088799375402691866e-01
6.469454554138467373e-01 7.546100808668187998e-01 -1.096595318484292342e-01
6.336014629141724086e-01 7.655552943591341641e-01 -1.116883473632230561e-01
6.163110205533209873e-01 7.791286451243137900e-01 -1.145394691245658764e-01
6.061197536822825471e-01 7.870503590936596128e-01 -1.147631741860829918e-01
5.910008501958829985e-01 7.981991968408608251e-01 -1.166020887062479555e-01
5.789975434899081730e-01 8.073252794773421170e-01 -1.139637988475902530e-01
5.658223198236852491e-01 8.164924917552737194e-01 -1.148264912195891552e-01
5.509808361768822049e-01 8.265929949858832337e-01 -1.147351236729980822e-01
5.344566654875588796e-01 8.371154082531873097e-01 -1.165927774704122316e-01
5.151007025630413017e-01 8.496771290315174863e-01 -1.127832083809972713e-01
4.997313684806327649e-01 8.586343472414491584e-01 -1.140860493218275457e-01
4.851630386936688355e-01 8.671837806460503950e-01 -1.122903645529968464e-01
4.638828840880669935e-01 8.793394730136179227e-01 -1.075861066672774147e-01
4.461950643468299837e-01 8.884726577458524899e-01 -1.073606552263518948e-01
4.295984301473030342e-01 8.966334262482690276e-01 -1.072086610254953942e-01
4.177921390656346157e-01 9.018769398523738268e-01 -1.098531900192334793e-01
4.063561116871940992e-01 9.070367666582093147e-01 -1.102679639425274138e-01
3.939210633419275021e-01 9.125238068293188842e-01 -1.101204216753638859e-01
3.772301374786485861e-01 9.193617302740727526e-01 -1.116756094811766215e-01
3.655529803849970061e-01 9.245290403798466228e-01 -1.077825661696230064e-01
3.500267641333343893e-01 9.305245732979582352e-01 -1.077278627657570487e-01
3.297359004705331387e-01 9.380055770943680482e-01 -1.068633835285167505e-01
3.152510886852352701e-01 9.434323701917037841e-01 -1.027235294536183591e-01
2.951417658131985089e-01 9.499410610818671552e-01 -1.024857456307298326e-01
2.796197262440104914e-01 9.552165008749036179e-01 -9.682073527727427797e-02
2.623273960644523228e-01 9.600014820234012980e-01 -9.788514366111293608e-02
2.460698545480377308e-01 9.644240525512827178e-01 -9.662237384341038071e-02
2.341554415249990639e-01 9.675294455095871937e-01 -9.517358270135298226e-02
2.183588707465680678e-01 9.713700410057396484e-01 -9.359303754545168774e-02
2.060091121242068890e-01 9.742385118295130431e-01 -9.175825563617485969e-02
1.933071545105443656e-01 9.769229774006289446e-01 -9.085070111096821277e-02
1.785593014132713374e-01 9.795550908871702989e-01 -9.267367170026556689e-02
1.640399601842901511e-01 9.819773153599381521e-01 -9.386934149735691457e-02
1.466947148870365314e-01 9.852149538589558553e-01 -8.849952048609149857e-02
1.347394141981846927e-01 9.868629668543229538e-01 -8.914474027770043218e-02
1.214985271665283140e-01 9.887688299108383649e-01 -8.703056180880676396e-02
1.059150540705394578e-01 9.903626343914728736e-01 -8.924048094666907349e-02
9.853783356117483405e-02 9.910296370786980669e-01 -9.028047123013088759e-02
8.392891192916124288e-02 9.924018856720311366e-01 -8.996913233353565076e-02
6.922300146909435292e-02 9.935985653893912861e-01 -8.927528566490357254e-02
5.250428174250607039e-02 9.951779376442758673e-01 -8.285036347011594249e-02
3.635242601110084265e-02 9.958444854586883110e-01 -8.350013047121690457e-02
2.458491855807633936e-02 9.964357841918733971e-01 -8.069274904329870601e-02
1.177325652512736451e-02 9.968941493396475950e-01 -7.786819301643906066e-02
-1.378597650786050552e-03 9.970253427625265230e-01 -7.706215367297383767e-02
-1.420606435588735866e-02 9.972140477506875600e-01 -7.322800775746911295e-02
-2.506516483458857969e-02 9.964343964988839897e-01 -8.056203180934018437e-02
-3.525720660461687667e-02 9.964009495112576831e-01 -7.708493648073783122e-02
-4.792524992792112498e-02 9.961068801034638209e-01 -7.398827142919252309e-02
-5.958762209029560414e-02 9.955812298430074536e-01 -7.257644717253097788e-02
-7.092256819141955215e-02 9.945421306848104548e-01 -7.652417933955174556e-02
-8.248987868803674128e-02 9.934638872668674070e-01 -7.889825603932811016e-02
-8.740749708330185219e-02 9.931712581065901269e-01 -7.727089878501935960e-02
-9.991909263466876301e-02 9.916347666606852851e-01 -8.171091973996927327e-02
-1.157211523487730875e-01 9.898656651606780876e-01 -8.230789577669705981e-02
-1.284878298840503585e-01 9.885902310838347029e-01 -7.861452008735352048e-02
-1.425558805490540204e-01 9.866233374535987588e-01 -7.907098752722625801e-02
-1.530538084430616008e-01 9.849486559584555989e-01 -8.031616867834362461e-02
-1.668679173379533087e-01 9.821502220086973933e-01 -8.681042175328017307e-02
-1.788388419533485929e-01 9.796658778085886032e-01 -9.094749239765705096e-02
-1.947815188790971430e-01 9.766986076561385843e-01 -9.011104116130157216e-02
-2.082137336939147709e-01 9.737804743414104625e-01 -9.164408749040033053e-02
-2.217639555811127261e-01 9.706076559800708159e-01 -9.349618118359885599e-02
-2.359891458071190495e-01 9.670697916177565245e-01 -9.531605732188169755e-02
-2.471362655335871406e-01 9.640600828698155933e-01 -9.752862356999079940e-02
-2.605339853299958319e-01 9.600844729268133149e-01 -1.017833812420728679e-01
-2.781244764915201118e-01 9.555563918755246577e-01 -9.776894643190095491e-02
-2.912648254226154476e-01 9.519694825577810215e-01 -9.444000677940943278e-02
-3.032950402108839372e-01 9.486954978426107576e-01 -8.938109545149244828e-02
-3.157406824276293156e-01 9.443868963394013161e-01 -9.187611536564453674e-02
-3.312555328575428337e-01 9.391222600834391310e-01 -9.120943872850316436e-02
-3.383107674954404787e-01 9.368637559386149283e-01 -8.849936014142988083e-02
-3.514260672630206694e-01 9.320549689632734447e-01 -8.816611270035198955e-02
-3.628676898755932023e-01 9.281454186755939695e-01 -8.290434664998648506e-02
-3.729977629537394868e-01 9.234039467913386368e-01 -9.054186679236712887e-02
-3.872826612293477355e-01 9.177453929885782680e-01 -8.806556403779175479e-02
-3.949474671002224935e-01 9.141104434593855244e-01 -9.175295685149729985e-02
-4.051912063707273082e-01 9.094953986513697464e-01 -9.294200267329340293e-02
-4.155975998414090933e-01 9.048628063705204116e-01 -9.220599971876561329e-02
-4.266880947612735620e-01 8.997407442239588882e-01 -9.167263872857493723e-02
-4.349807440839296713e-01 8.962894197211603853e-01 -8.635414311115316432e-02
-4.455175330972924730e-01 8.909127118931230438e-01 -8.825348290909970639e-02
-4.613214339637350392e-01 8.823447972271502016e-01 -9.300646939371468025e-02
-4.727653982345256800e-01 8.759843264127362694e-01 -9.562608578623237043e-02
-4.877837790386604921e-01 8.669268972827659514e-01 -1.024926834061964387e-01
-5.004434238540442781e-01 8.598767258808273084e-01 -1.008385165832095254e-01
-5.110728778370178249e-01 8.539379037988348298e-01 -9.795192987395866246e-02
-5.213994208511151252e-01 8.476753262560884350e-01 -9.792443902054188964e-02
-5.333153486351532857e-01 8.397214633162946029e-01 -1.021891069506860317e-01
-5.482329331158416474e-01 8.296744612838369282e-01 -1.052660910803126793e-01
-5.609048017084065085e-01 8.210939845266508330e-01 -1.057850774661006493e-01
-5.699285861117869834e-01 8.142240278786575525e-01 -1.105470497860642914e-01
-5.812462167261575052e-01 8.058643883513308959e-01 -1.128513812218171070e-01
-5.942160411521504315e-01 7.962800847771213109e-01 -1.133372584312575260e-01
-6.073892796801076965e-01 7.864997551104723206e-01 -1.117873391383716747e-01
-6.181716479958327959e-01 7.778706003378124123e-01 -1.130537652852075942e-01
-6.312273541280007949e-01 7.672225589803093326e-01 -1.136731434767065674e-01
-6.430749400156020590e-01 7.568808075967500271e-01 -1.165593236650910858e-01
-6.490875377559375270e-01 7.517062312142599456e-01 -1.167181288623230229e-01
-6.645478677155511882e-01 7.382632266422273215e-01 -1.155142886456644175e-01
-6.751407444966963656e-01 7.298999055451240725e-01 -1.069163880601266131e-01
-6.802425123350763769e-01 7.255995379693784830e-01 -1.038048459263602591e-01
-6.885085793645220331e-01 7.168668048696645867e-01 -1.098086138929536409e-01
-6.981227058418788545e-01 7.082068056409411838e-01 -1.052037040487693864e-01
-7.086429332709126561e-01 6.976719584957973286e-01 -1.052570318973235358e-01
-7.179213626901407297e-01 6.881769278785733190e-01 -1.048877696155714745e-01
-7.287011596379747713e-01 6.767020530845649917e-01 -1.052091373343352898e-01
-7.375138253269626354e-01 6.667937033291441162e-01 -1.070491759671980542e-01
-7.494438075699412227e-01 6.533161780827454468e-01 -1.072938124160057460e-01
-7.587787450294026792e-01 6.414791618115087690e-01 -1.129571279059484734e-01
-7.721638306414388975e-01 6.244576849106276972e-01 -1.175399088258756719e-01
-7.857034949077218444e-01 6.078799675355013310e-01 -1.146820595592274450e-01
-7.950938114271368651e-01 5.950249021086557732e-01 -1.173507924547303460e-01
-8.087957751880179291e-01 5.753443906752541137e-01 -1.217712552859132463e-01
-8.195994847336165456e-01 5.589387188924533900e-01 -1.258737698775886371e-01
-8.291379938432577035e-01 5.446844918536792868e-01 -1.258928286197766866e-01
-8.396618510411150149e-01 5.269830329917325473e-01 -1.313654143649044259e-01
-8.494893457430480188e-01 5.107401961525419587e-01 -1.323341107878670542e-01
-8.582276358474375533e-01 4.957583434464121197e-01 -1.329248033489042191e-01
-8.685445794703049449e-01 4.762651177517568946e-01 -1.371198915794104578e-01
-8.780455022787472252e-01 4.584792815544335154e-01 -1.372328601420275962e-01
-8.864076732914153434e-01 4.398946669506552665e-01 -1.441323436232326283e-01
-8.981309222871360909e-01 4.168612250758135795e-01 -1.399556325705290927e-01
-9.057754539537472560e-01 3.995723219063099796e-01 -1.411127216455589639e-01
-9.114524616200301299e-01 3.844853635958195848e-01 -1.463742778559308233e-01
-9.188473395121722342e-01 3.654662042489529306e-01 -1.488423135621007309e-01
-9.253921045252750943e-01 3.476124972034421168e-01 -1.510464124212781145e-01
-9.335680200119248484e-01 3.235074268166324152e-01 -1.542521025012913716e-01
-9.398328493550450746e-01 3.054411749969178635e-01 -1.530356757679826041e-01
-9.454164562143978490e-01 2.888233131111493934e-01 -1.508934465012658210e-01
-9.512731849386605321e-01 2.664921755638787748e-01 -1.551169304843466046e-01
-9.586326294650691082e-01 2.419341318049179346e-01 -1.499712339450380016e-01
-9.639681569407089201e-01 2.181428951216870804e-01 -1.522467847208467395e-01
-9.688453518194048986e-01 1.922867604607601255e-01 -1.560913203663324977e-01
-9.724374642397073387e-01 1.726177089404049847e-01 -1.567434817877499387e-01
-9.765440474252957692e-01 1.500463990654022917e-01 -1.544273801644747424e-01
-9.796338566465431219e-01 1.265551973512504536e-01 -1.558887523580796686e-01
-9.817641195796348308e-01 1.049310712861341033e-01 -1.585203405052183767e-01
-9.833907231082628098e-01 8.745199960168911768e-02 -1.590435414866505914e-01
-9.850955795004324722e-01 6.812455373419334936e-02 -1.579422646523171991e-01
-9.864986076766042444e-01 4.195983972946460555e-02 -1.583031380647903774e-01
-9.880238826315034251e-01 1.812597222842529665e-02 -1.532327309940582361e-01
-9.878121409126950914e-01 -7.776338596585271462e-03 -1.554564780251117273e-01
-9.874624305279093850e-01 -3.195379160699605980e-02 -1.545862771898983135e-01
-9.861806139290664186e-01 -5.434509757563210641e-02 -1.565069356438526793e-01
-9.845662631766632922e-01 -8.284214525677910390e-02 -1.541637634754944308e-01
-9.825989230746429159e-01 -1.059131953197771231e-01 -1.525836320449270589e-01
-9.804326002343488611e-01 -1.304312750242436481e-01 -1.474435887439488613e-01
-9.785470060179664031e-01 -1.484373477829978305e-01 -1.428710022125587176e-01
-9.751852980489300604e-01 -1.681824776260187615e-01 -1.439732658681998900e-01
-9.716968765153597420e-01 -1.878598771788265176e-01 -1.432266010084291552e-01
-9.672717806916694139e-01 -2.107562360560335524e-01 -1.413050724085249676e-01
-9.631971330094789563e-01 -2.301538858447193248e-01 -1.388541807905157854e-01
-9.560865921295954584e-01 -2.580061047440475042e-01 -1.390370094866923700e-01
-9.507329663344573634e-01 -2.781927743385955165e-01 -1.368050383443338847e-01
-9.434135247430515125e-01 -3.036533263768717572e-01 -1.332876217136292341e-01
-9.366501133100063603e-01 -3.249658994744445417e-01 -1.307047842320332443e-01
-9.302064197355252029e-01 -3.444228433329187822e-01 -1.268421545021788666e-01
-9.225374104625688743e-01 -3.661307723427562055e-01 -1.219548833075462663e-01
-9.161411490281778924e-01 -3.814118204774638587e-01 -1.233305643456483192e-01
-9.089400163208511962e-01 -3.987228639422347176e-01 -1.218529212198729839e-01
-9.017989494979663512e-01 -4.138643322880348752e-01 -1.243984691129556980e-01
-8.927799104927325313e-01 -4.328186203949215272e-01 -1.249483224214653632e-01
-8.864514280146797987e-01 -4.455845703746610376e-01 -1.251329949894480209e-01
-8.776391815056030499e-01 -4.630028966049069550e-01 -1.240072368556821986e-01
-8.717608359919883920e-01 -4.756838653368531955e-01 -1.172941359818052837e-01
-8.640236524753989178e-01 -4.894371618088350084e-01 -1.179593229972731305e-01
-8.563955957152892262e-01 -5.031739350325956650e-01 -1.157695280659341852e-01
-8.473949684029695728e-01 -5.192024412852841442e-01 -1.111332581361281907e-01
-8.396464805437097167e-01 -5.325401447686244349e-01 -1.067463822502015547e-01
-8.311719613344522584e-01 -5.450366817588676582e-01 -1.099463273258941415e-01
-8.229954258370526521e-01 -5.580308745127501302e-01 -1.062077243767277357e-01
-8.151885184058049738e-01 -5.699159155981045055e-01 -1.032644042090334058e-01
-8.058661429561950751e-01 -5.836402110768109663e-01 -9.971896727845028230e-02
-7.976916945547803950e-01 -5.948806177373882065e-01 -9.902030016375833188e-02
-7.850268506673401259e-01 -6.115299501039556107e-01 -9.881281595357421788e-02
-7.708212851008305888e-01 -6.298709038752711153e-01 -9.537923807126441611e-02
-7.593195914813911651e-01 -6.442583433709824225e-01 -9.146011774434145702e-02
-7.540567032025780048e-01 -6.509349633728599427e-01 -8.764798943675759790e-02
-7.461953389196170905e-01 -6.608153652243472509e-01 -8.071912801287646488e-02
-7.412638016711502464e-01 -6.664684510337273160e-01 -7.967300967018627056e-02
-7.303226818516282970e-01 -6.786799890734903640e-01 -7.760322849506141873e-02
-7.220204896461086541e-01 -6.879809223215817005e-01 -7.327121829168142808e-02
-7.151193674360144525e-01 -6.947931255174254472e-01 -7.659511512259295496e-02
-7.112261633537960703e-01 -6.987627590923677356e-01 -7.673304161602266527e-02
-6.987677192930322745e-01 -7.115971901646420683e-01 -7.316503143147506938e-02
-6.961059039271686455e-01 -7.141304841020210681e-01 -7.385276288881013895e-02
-6.889727145177111378e-01 -7.215556848748623242e-01 -6.836666373552714726e-02
-6.804829613856721027e-01 -7.299231300574438031e-01 -6.446062416659824323e-02
-6.746135731438930305e-01 -7.356212140567754965e-01 -6.130224171350538709e-02
-6.679726611216186827e-01 -7.418660059365950188e-01 -5.871423919788660434e-02
-6.628634671118619481e-01 -7.469750836960203921e-01 -5.138343110709038541e-02
-6.559411876944418740e-01 -7.533199186169409201e-01 -4.743698063244337904e-02
-6.525664455622193216e-01 -7.568285657435812608e-01 -3.698060135504893653e-02
-6.499831788816210487e-01 -7.593313804762465979e-01 -3.062238589351604784e-02
-6.506844172456840436e-01 -7.587882862173795928e-01 -2.915706739290545996e-02
-6.487044566918354072e-01 -7.606127484097886526e-01 -2.551045954575915931e-02
-6.460102794132823734e-01 -7.629970151034930481e-01 -2.250072393387329145e-02
-6.416588224256130069e-01 -7.665811073143957710e-01 -2.504736049357505004e-02
-6.379956528342951572e-01 -7.698107669216149862e-01 -1.878666539904023589e-02
-6.318328291150889786e-01 -7.749022003058451125e-01 -1.771622758369258144e-02
-6.356111075156857249e-01 -7.719261925190099571e-01 -1.133499322926064846e-02
-6.312888651979822185e-01 -7.755125070930325437e-01 -7.397896522330943414e-03
-6.282652768923528974e-01 -7.779825167652812956e-01 -5.094537772420123199e-03
-6.280744469802869157e-01 -7.781473411319386191e-01 -3.035358482615451228e-03
-6.232539600871987995e-01 -7.820154470966529381e-01 2.520057928819951533e-03
-6.266055132344620082e-01 -7.792938188150154710e-01 8.166008852499666987e-03
-6.249983624490654810e-01 -7.805526481423802343e-01 1.070604387655644217e-02
-6.270954484342263768e-01 -7.788255314738614654e-01 1.349440856985435581e-02
-6.224056373225497207e-01 -7.825272267828629058e-01 1.619786909756445320e-02
-6.258408482182508115e-01 -7.796908964081001869e-01 2.013325099158873310e-02
-6.290462387020400170e-01 -7.771006642500185579e-01 2.038127164707278366e-02
-6.312715679831742976e-01 -7.752799874513237599e-01 2.090831293950795589e-02
-6.348170932381025366e-01 -7.723069275757591390e-01 2.343665444307459905e-02
-6.386684016436598998e-01 -7.690805657957380248e-01 2.485488025115466237e-02
-6.414031951579209911e-01 -7.665854959507222288e-01 3.079979986879936155e-02
-6.460204585066897653e-01 -7.625021026292617687e-01 3.532873777103351376e-02
-6.501997416342664149e-01 -7.586204146093055156e-01 4.165779098880260239e-02
-6.574598000998572722e-01 -7.523615269465275812e-01 4.121593214011414624e-02
-6.637546524145808702e-01 -7.466127100408703754e-01 4.471276876016119783e-02
-6.655704510933314610e-01 -7.444666154607602060e-01 5.277728944243747361e-02
-6.697884995403625696e-01 -7.405149161305143446e-01 5.496393402668664496e-02
-6.758990470946679707e-01 -7.350001854728611672e-01 5.417762156760528441e-02
-6.813562595025453028e-01 -7.297155190079686049e-01 5.717445407164736121e-02
-6.861591986994350911e-01 -7.249929347877911434e-01 5.975623609936791397e-02
-6.894206277052351561e-01 -7.216942812329447676e-01 6.210130184984904989e-02
-6.962025141781011950e-01 -7.151586546439888670e-01 6.204971476172281564e-02
-7.046649907821506131e-01 -7.065988747099020140e-01 6.453905906454043828e-02
-7.156362331005142741e-01 -6.953397028017882509e-01 6.608697883571455767e-02
-7.190955981706793620e-01 -6.915435584594392671e-01 6.833034944063848259e-02
-7.271380706516136216e-01 -6.833038811524170253e-01 6.607602893690021906e-02
-7.366331679829982715e-01 -6.733307617087327390e-01 6.322397167459595235e-02
-7.426921460102846595e-01 -6.662913146440809786e-01 6.681519070953488570e-02
-7.505967186649132872e-01 -6.564073063108046835e-01 7.572333627258613642e-02
-7.559556804735090285e-01 -6.503907012714909008e-01 7.431658170815383380e-02
-7.614945819465381849e-01 -6.431265858756902709e-01 8.071063246618245812e-02
-7.703284474482455790e-01 -6.327576331435622592e-01 7.881542204623499803e-02
-7.793769247199092698e-01 -6.207033867405625793e-01 8.543374823097808768e-02
-7.832981668502018158e-01 -6.149559950723944013e-01 9.095667455331420126e-02
-7.917988398376258896e-01 -6.037471808025043352e-01 9.243348780300508771e-02
-8.039135598203612787e-01 -5.867288726690162992e-01 9.732538074691174379e-02
-8.101048275680775568e-01 -5.776791800878831040e-01 1.000846870511742231e-01
-8.187347740554945519e-01 -5.661347890884711465e-01 9.573286438622992389e-02
-8.260008719030701441e-01 -5.561643109040513844e-01 9.167240377880993274e-02
-8.285807768982140775e-01 -5.521208582224711447e-01 9.282491478382988437e-02
-8.338503829135153200e-01 -5.435075029119569301e-01 9.640095439614772277e-02
-8.427249622519537020e-01 -5.283475742005590003e-01 1.032641757876378436e-01
-8.498082106584795570e-01 -5.161946120143481309e-01 1.066261648268649609e-01
-8.567576952064646090e-01 -5.032593459591133689e-01 1.126778330984652271e-01
-8.628706833489045991e-01 -4.912333154502574462e-01 1.189286588000608991e-01
-8.737342834502630495e-01 -4.715059267393132969e-01 1.194595130091477553e-01
-8.831851098010394807e-01 -4.531307118335706208e-01 1.210645788084620811e-01
-8.908592309827040312e-01 -4.371964688010555600e-01 1.234062026602219808e-01
-8.974581504409706589e-01 -4.220046849358878305e-01 1.283780627356065906e-01
-9.053970696435937882e-01 -4.032942431000348660e-01 1.327023475824814780e-01
-9.126470039147005497e-01 -3.859658587395977669e-01 1.345578520869536721e-01
-9.188992674760381174e-01 -3.702962879942102714e-01 1.360323816937278607e-01
-9.247514510182425207e-01 -3.537757751075310542e-01 1.402764003417600880e-01
-9.301643767445657573e-01 -3.370314079037949329e-01 1.456161956675047497e-01
-9.371090508609487557e-01 -3.139842312610479635e-01 1.524484972114587278e-01
-9.437124476414353591e-01 -2.939453865457486437e-01 1.516672038304183179e-01
-9.504432644421429988e-01 -2.742623075676819955e-01 1.464165362854764618e-01
-9.557866991248379351e-01 -2.557728415891933893e-01 1.450932576670501128e-01
-9.616115955427888551e-01 -2.312503659868183903e-01 1.477376804542761823e-01
-9.665038101842780005e-01 -2.116696834356795454e-01 1.451424968574358265e-01
-9.705121353513533888e-01 -1.897035774879783920e-01 1.487237782450789580e-01
-9.750533081223061727e-01 -1.660926635889012348e-01 1.472558575536022374e-01
-9.784608834493293550e-01 -1.439835076946561765e-01 1.479292512588720743e-01
-9.807860800182252037e-01 -1.247201953849546852e-01 1.500118414388710575e-01
-9.843600366619416064e-01 -9.624762076946349887e-02 1.475524572147809688e-01
-9.861055970152901029e-01 -7.529495270664493534e-02 1.480757766923306018e-01
-9.880462043656709215e-01 -5.030428855255583698e-02 1.457195606548870870e-01
-9.894234902499444706e-01 -3.257280947954975525e-02 1.413512737190291135e-01
-9.897676319844902482e-01 -1.046315199924291797e-02 1.423045000111941849e-01
-9.892773211337765327e-01 1.156140188712995176e-02 1.455909679857727290e-01
-9.887294008103008069e-01 2.796305155809296339e-02 1.470790739684132986e-01
-9.874780461232159912e-01 5.130865499717809919e-02 1.491795738296245732e-01
-9.857553978225369606e-01 7.400677962027496504e-02 1.510275054751085977e-01
-9.838482806154318361e-01 9.932562509045425592e-02 1.489194274748066593e-01
-9.817973998039385419e-01 1.207083618295044791e-01 1.466402802929396287e-01
-9.786172544113048710e-01 1.403304024300239261e-01 1.503850480914207810e-01
-9.750103259454576676e-01 1.607007984720279781e-01 1.533953492111684858e-01
-9.713107114159285072e-01 1.815494630733770487e-01 1.536076490919127679e-01
-9.676592006383322175e-01 2.066930059921838203e-01 1.446156521420443875e-01
-9.631007024652156190e-01 2.306659942785181661e-01 1.386731757748163318e-01
-9.582473806651502501e-01 2.511690231046861954e-01 1.366605020911136337e-01
-9.519103282147142187e-01 2.739607097507360534e-01 1.371578294393615560e-01
-9.463779478901408471e-01 2.931778291512509016e-01 1.357039191061769068e-01
-9.413203183518212835e-01 3.089730314555727553e-01 1.358371727957721486e-01
-9.363415659579702455e-01 3.244431440058184180e-01 1.341682955518673226e-01
-9.293738829794742085e-01 3.456769907328354208e-01 1.295052755217997176e-01
-9.245301219639467938e-01 3.585483745482451190e-01 1.291786721157947293e-01
-9.165633898258875867e-01 3.803715537613196473e-01 1.234060199828250770e-01
-9.088742845247480551e-01 3.990515759875556956e-01 1.212657687497720321e-01
-9.032587505267021255e-01 4.130323687921264586e-01 1.163095175953098998e-01
-8.957422919369011360e-01 4.284624778956429014e-01 1.185987499226715119e-01
-8.887726118338952208e-01 4.434859109482389705e-01 1.157734986455833393e-01
-8.782305416476788862e-01 4.631249866359220535e-01 1.192743674010846300e-01
-8.718939563976897400e-01 4.766022896267052000e-01 1.124775453568794548e-01
-8.659538153806678462e-01 4.895951693449309694e-01 1.020811986816869965e-01
-8.579001645107010576e-01 5.037479918559547576e-01 1.012189692833632693e-01
-8.535110247991553045e-01 5.114980486583973196e-01 9.944188236916949586e-02
-8.450118061942170078e-01 5.267466666278373122e-01 9.215751302504984754e-02
-8.394536198067861221e-01 5.345595136790105562e-01 9.779446504524927364e-02
-8.352776964292798478e-01 5.414812954623163810e-01 9.544206236631300189e-02
-8.267322782648885982e-01 5.547294441804624388e-01 9.374963688418799790e-02
-8.148538396848055143e-01 5.728159948519038203e-01 8.885418816334501868e-02
-8.090035141460603096e-01 5.817902982985063698e-01 8.386521184400086426e-02
-8.034510982902193232e-01 5.899773234112124509e-01 7.995687158844080877e-02
-7.964821907874113371e-01 6.000422111830807648e-01 7.460211323300165731e-02
-7.928011535096626261e-01 6.056819905095447432e-01 6.793870719515490708e-02
-7.879948060488527473e-01 6.122750450845929615e-01 6.467971398970927266e-02
-7.870367703212751698e-01 6.138749200450848154e-01 6.107958176781436155e-02
-7.835319901561165201e-01 6.189373760661226465e-01 5.471887652560183252e-02
-7.779075136381266020e-01 6.258180137505694463e-01 5.667207925289349107e-02
-7.719074108026224845e-01 6.338365288023977140e-01 4.909394015432532593e-02
-7.673921801999202819e-01 6.394101541139086686e-01 4.758053858987413426e-02
-7.620375407655221034e-01 6.457711213883975399e-01 4.773317838558426701e-02
-7.598251674134224309e-01 6.486175375086913331e-01 4.428336098811645749e-02
-7.586919513248201463e-01 6.498837593267163815e-01 4.514015309081954169e-02
-7.544848773570003164e-01 6.549222160415832938e-01 4.277232517369528031e-02
-7.498878313439466536e-01 6.605354785811088369e-01 3.689353569560951951e-02
-7.471460912464146231e-01 6.640409720710707120e-01 2.867606754672199360e-02
-7.431500036916461882e-01 6.685767223393666026e-01 2.707857955690419136e-02
-7.425960800160659181e-01 6.692489341161811378e-01 2.563078704319499135e-02
-7.406586488163345861e-01 6.715328091854604331e-01 2.164401180740666703e-02
-7.377179277299859006e-01 6.746440071912940262e-01 2.505461487579901947e-02
-7.350848736578938780e-01 6.776872522878867322e-01 1.975418273335995123e-02
-7.345711039772400142e-01 6.783923621792461445e-01 1.375163035988945237e-02
-7.338835187082013434e-01 6.791109007514678497e-01 1.494579022692446753e-02
-7.333264735405841117e-01 6.797370157700434179e-01 1.377983302376769963e-02
-7.342845053127055044e-01 6.788068710404099315e-01 6.892631262522189509e-03
-7.350914545796611854e-01 6.779282461210918154e-01 7.338787011926880752e-03
-7.349312956846767442e-01 6.781358849354766072e-01 2.779117675527423281e-03
-7.326206135971233824e-01 6.806258932855520083e-01 -3.929541587963937023e-03
-7.306154860693917508e-01 6.827638480132390830e-01 -5.877985864301590868e-03
-7.311593500927394684e-01 6.820947298981306917e-01 -1.236105318496373215e-02
-7.314236880837837740e-01 6.815995900711266930e-01 -2.100949408437481625e-02
-7.323360395160489755e-01 6.805069765626234890e-01 -2.437604556443189949e-02
-7.355864485221765836e-01 6.768636282775798430e-01 -2.771672730133526927e-02
-7.371441846594261049e-01 6.748454618796045912e-01 -3.467081322701354162e-02
-7.403525657887491951e-01 6.713485258099558539e-01 -3.419425251203480481e-02
-7.408581958201757578e-01 6.706418566184413343e-01 -3.699520965084002189e-02
-7.456173627104741852e-01 6.652937535626525234e-01 -3.793391095382431938e-02
-7.516006410976967533e-01 6.580949848650771150e-01 -4.480490458764747885e-02
-7.560479608682253438e-01 6.526283099343431759e-01 -4.967677795651662120e-02
-7.622989064343094201e-01 6.446533625881007978e-01 -5.764053916498228930e-02
-7.692300140805159447e-01 6.364645069886658568e-01 -5.655200381262644183e-02
-7.749353543279636769e-01 6.292524468485274358e-01 -5.930064981833128163e-02
-7.796544105529343849e-01 6.227866709495268882e-01 -6.538940993292485793e-02
-7.872824392100891133e-01 6.126628564322516013e-01 -6.950250086009750194e-02
-7.969054064631270196e-01 6.006438803408168381e-01 -6.456558169616562204e-02
-8.026619777339926154e-01 5.923811646563059696e-01 -6.941410361739414059e-02
-8.079311908866917413e-01 5.847422761685571180e-01 -7.296351162779664279e-02
-8.146741284174922049e-01 5.750596726466048469e-01 -7.491628808491374025e-02
-8.233759384104213375e-01 5.620384340325941253e-01 -7.851672405461329607e-02
-8.284654255101002729e-01 5.531761043401040023e-01 -8.741424312259279961e-02
-8.331263678910469928e-01 5.451883582183388866e-01 -9.311349521064953005e-02
-8.413201814636636078e-01 5.314554761851184583e-01 -9.866834817677368197e-02
-8.472442013935753691e-01 5.214196475776688988e-01 -1.014831428261646490e-01
-8.547326005550580641e-01 5.069617077328638644e-01 -1.114541304487447343e-01
-8.644352681183552489e-01 4.900938210014157970e-01 -1.120701953289297559e-01
-8.740662201838501622e-01 4.717673870674888859e-01 -1.159473591225994027e-01
-8.850769250738962368e-01 4.492991898877563006e-01 -1.215281453200747347e-01
-8.930672206136749391e-01 4.319313816551776375e-01 -1.259612512401607487e-01
-8.995436339262979919e-01 4.179221515209281534e-01 -1.271311993594477496e-01
-9.065844369269345782e-01 4.019408824213407949e-01 -1.286398136970630657e-01
-9.132284790537160690e-01 3.849529831843425676e-01 -1.335101583163606220e-01
-9.220880495617034267e-01 3.627537927258495665e-01 -1.347714046828733803e-01
-9.282221989000859486e-01 3.460226115409409386e-01 -1.366452291030208210e-01
-9.342067319624764998e-01 3.289766821482053571e-01 -1.379570277409812584e-01
-9.394114402395380425e-01 3.102375811877527978e-01 -1.458040043643366868e-01
-9.456287645310982315e-01 2.893438126989338888e-01 -1.485476908462301515e-01
-9.504238636175168509e-01 2.733744924804631382e-01 -1.481920544292199549e-01
-9.572594682835572355e-01 2.485333416775592219e-01 -1.479375107389377386e-01
-9.630553811925197660e-01 2.256239613569820390e-01 -1.470312189459967445e-01
-9.680922470243163991e-01 2.005424533122268094e-01 -1.502669115234613051e-01
-9.729979119296217061e-01 1.742624314625025594e-01 -1.513528581868314182e-01
-9.777021011289480645e-01 1.509613542054401292e-01 -1.459770165181649149e-01
-9.821435202751920279e-01 1.272403302389299717e-01 -1.385785742576498558e-01
-9.851610401765413805e-01 1.015791405688106358e-01 -1.383452940639968709e-01
-9.864930199496115826e-01 8.358089401227260240e-02 -1.408750268403914097e-01
-9.882801005361104840e-01 6.146298501410260573e-02 -1.397310333442421670e-01
-9.890293760096379172e-01 4.429149979295608081e-02 -1.409225813850950026e-01
-9.894323559257718337e-01 2.413665279252665691e-02 -1.429722100778355598e-01
-9.899561416495841204e-01 -2.542900513750417923e-03 -1.413520028582544164e-01
-9.895446546838841950e-01 -2.254629376832513118e-02 -1.424537067497982645e-01
-9.889800243437363303e-01 -4.157378658082183653e-02 -1.420920449203648683e-01
-9.876606377497589850e-01 -6.152191351180277823e-02 -1.440192227780505985e-01
-9.862799314945432938e-01 -8.056608701927026051e-02 -1.440868491105056215e-01
-9.846727687427825337e-01 -1.050979438887206796e-01 -1.391904353989877330e-01
-9.823119851784908318e-01 -1.285459458659107268e-01 -1.361584360312569630e-01
-9.796899841337447512e-01 -1.503288281975123930e-01 -1.326981333943836328e-01
-9.767036702662277303e-01 -1.691072329770605398e-01 -1.321086689257548186e-01
-9.739158585442196925e-01 -1.865801650449369631e-01 -1.291346529665534926e-01
-9.703930705141097235e-01 -2.040731151068232163e-01 -1.291954662685823874e-01
-9.645225529825186550e-01 -2.298091010715948568e-01 -1.299385936182224643e-01
-9.614240610617106331e-01 -2.451605065193488697e-01 -1.247401969166589686e-01
-9.560311368279280630e-01 -2.657378279739734950e-01 -1.240479262826290063e-01
-9.515477478603651118e-01 -2.817288797056429206e-01 -1.232304250689635339e-01
-9.478473089503517413e-01 -2.962463274609905550e-01 -1.175738391373109676e-01
-9.427722858136100559e-01 -3.118319171883708329e-01 -1.180732307392238084e-01
-9.374005061694614671e-01 -3.292654806250278066e-01 -1.134219968688223307e-01
-9.344702809936827892e-01 -3.396217362890723290e-01 -1.068755580134159167e-01
-9.297389531059078172e-01 -3.519172426080250382e-01 -1.083501190122896085e-01
-9.244149159817357519e-01 -3.650903987283828367e-01 -1.102999495178960399e-01
-9.174260038222827873e-01 -3.825915548071364691e-01 -1.093308953451077314e-01
-9.116284339717068974e-01 -3.957590572823967978e-01 -1.109431477057031268e-01
-9.041346981317786025e-01 -4.125167097703885122e-01 -1.112224208034826023e-01
-8.968129211133367695e-01 -4.292532920853328604e-01 -1.070897332641329025e-01
-8.916626428034604146e-01 -4.414930532010714059e-01 -1.001080942643033378e-01
-8.857794921282902134e-01 -4.546068937349632688e-01 -9.341990320809080706e-02
-8.821854731209495259e-01 -4.635981475817225195e-01 -8.261696188047193412e-02
-8.768358195297428770e-01 -4.742422248102384774e-01 -7.907762998882682248e-02
-8.754229535609655555e-01 -4.772737089115188236e-01 -7.644915227976828431e-02
-8.680236357589102836e-01 -4.902391500758418452e-01 -7.874361739327767618e-02
-8.631432083140133660e-01 -4.994584641234013911e-01 -7.433073420685423760e-02
-8.564026424434507678e-01 -5.115463806787556855e-01 -6.996304489314056352e-02
-8.526250340220904445e-01 -5.185059439133684611e-01 -6.466954896888690851e-02
-8.469541008159019446e-01 -5.281007052916382172e-01 -6.146876678892426726e-02
-8.403011774007580481e-01 -5.389763871123335326e-01 -5.829578438582300182e-02
-8.361669834270949453e-01 -5.457038909451515929e-01 -5.506407380859483502e-02
-8.319654201150904482e-01 -5.524298530082799585e-01 -5.152485015985278083e-02
-8.272637833368238214e-01 -5.595662236933351963e-01 -5.020246010779887136e-02
-8.203881808955588717e-01 -5.695235569622385530e-01 -5.105059841509049234e-02
-8.176742455275444188e-01 -5.733151942415515290e-01 -5.213951628013943629e-02
-8.110487477624224173e-01 -5.827157947404447702e-01 -5.140276486185017119e-02
-8.087804612208258082e-01 -5.861754042613019910e-01 -4.767152055617078499e-02
-8.050363220564675792e-01 -5.914142171204314069e-01 -4.632231443783520197e-02
-8.018969186595037435e-01 -5.958686705694404839e-01 -4.361045929816006334e-02
-7.953158253685027601e-01 -6.049338782626062505e-01 -3.908648761391183418e-02
-7.896768129760973753e-01 -6.121904150979027293e-01 -4.041583128709682476e-02
-7.880758831862783031e-01 -6.143779214870175309e-01 -3.842114772791982436e-02
-7.890093524211732046e-01 -6.132190230923484364e-01 -3.777147302133269241e-02
-7.818139895947144868e-01 -6.224973536106440664e-01 -3.555197670576117769e-02
-7.774123731556017436e-01 -6.280083131658001916e-01 -3.515072228791404907e-02
-7.736077914459865701e-01 -6.326546324215398531e-01 -3.576469933616605035e-02
-7.739329902531003613e-01 -6.323890870483747095e-01 -3.334339242436994144e-02
-7.713168122084167466e-01 -6.358039238864359177e-01 -2.870118903623053441e-02
-7.668188748077774397e-01 -6.410866948036049173e-01 -3.157017161360901880e-02
-7.631266204950221121e-01 -6.456793052709276504e-01 -2.712947801091242922e-02
-7.614714158312173575e-01 -6.475919631966895462e-01 -2.803470731322597886e-02
-7.627140600524958680e-01 -6.463566428161856559e-01 -2.214420280579373554e-02
-7.608495335391144421e-01 -6.487726588187108234e-01 -1.421398707464454139e-02
-7.597760472954558919e-01 -6.499388367434707492e-01 -1.788517216654492148e-02
-7.616081064405945122e-01 -6.478449098135574680e-01 -1.581385306777203376e-02
-7.609274926866641531e-01 -6.485948543507555897e-01 -1.772226587077081750e-02
-7.607844024926434523e-01 -6.488432739609596434e-01 -1.447451901778387326e-02
-7.655702981821014275e-01 -6.432053847425803772e-01 -1.374643637796059935e-02
-7.578280180620078355e-01 -6.524265075417106097e-01 -6.029947274707168382e-03
-7.588685193164518283e-01 -6.512421479274868030e-01 1.499412742923777499e-03
-7.557542561462790021e-01 -6.548378299352558551e-01 4.788929119132124233e-03
-7.569801565937964716e-01 -6.534069116771206165e-01 6.361080411270044789e-03
-7.600824896450957269e-01 -6.496909173289122652e-01 1.327907938245006039e-02
-7.596501953323079315e-01 -6.501630993914688794e-01 1.481681495916879060e-02
-7.618229254997371802e-01 -6.475325611851854291e-01 1.809490150631327607e-02
-7.587402314563086447e-01 -6.511426425148011399e-01 1.807023359109925092e-02
-7.611677398596813360e-01 -6.482987136982812926e-01 1.823355939020588831e-02
-7.628966342102850851e-01 -6.462280975046160725e-01 1.944182595110964182e-02
-7.645121409805160084e-01 -6.441914251617181231e-01 2.320791112257080541e-02
-7.663677244665302313e-01 -6.419523399748218173e-01 2.403574838931978389e-02
-7.660607529385213832e-01 -6.424320781404256886e-01 2.078366908881882150e-02
-7.689693209505887861e-01 -6.389248229552960678e-01 2.147713158746996504e-02
-7.674859959147752875e-01 -6.405851648166280832e-01 2.481744940219541423e-02
-7.701684602992058259e-01 -6.374871598076631285e-01 2.122915363919891663e-02
-7.682683069684713706e-01 -6.397464295668534584e-01 2.209813316193442664e-02
-7.723935315341134977e-01 -6.346832745809832810e-01 2.419476348536465579e-02
-7.719334200694777381e-01 -6.350781436758721199e-01 2.818793343465018919e-02
-7.755906931777675206e-01 -6.304292593367090136e-01 3.190672096898826415e-02
-7.768811862389974898e-01 -6.288011902840469070e-01 3.262972241489808106e-02
-7.815760816496931662e-01 -6.225848027227378623e-01 3.907691944810315343e-02
-7.835394074586060631e-01 -6.201229375246896103e-01 3.890440768172160474e-02
-7.897009221278824542e-01 -6.118762358699000314e-01 4.449651117965353064e-02
-7.942851501633595435e-01 -6.056807038980268620e-01 4.756048037236364906e-02
-8.012447626778058662e-01 -5.959565173968782714e-01 5.331672920458961629e-02
-8.049692962525790696e-01 -5.906616438529574964e-01 5.606486041724778602e-02
-8.110993895108457030e-01 -5.826065459436924332e-01 5.184020563061388087e-02
-8.140688462477234655e-01 -5.785427237395788236e-01 5.079610566945295252e-02
-8.199840335042926087e-01 -5.699771272074846129e-01 5.246211291319999304e-02
-8.233722697621016495e-01 -5.644013418942465110e-01 5.923887879899275566e-02
-8.289412078801455808e-01 -5.563180824114140055e-01 5.802309205268139231e-02
-8.344003771983374840e-01 -5.480222884120476978e-01 5.871623351941741148e-02
-8.423541046728934001e-01 -5.349995387196309071e-01 6.492357594742893812e-02
-8.506735875835486071e-01 -5.212453467049542599e-01 6.824771714392063870e-02
-8.584016260139670784e-01 -5.088320384477011959e-01 6.508932145540212433e-02
-8.628639074259272235e-01 -5.005824452919446221e-01 6.987923450379505963e-02
-8.694922318581844722e-01 -4.889047740574924417e-01 7.039456907270304209e-02
-8.758852077418805004e-01 -4.766061585267121203e-01 7.531060641311412840e-02
-8.805800561804540960e-01 -4.670850517845687166e-01 8.006456104693490672e-02
-8.898988969852387187e-01 -4.493712581824274577e-01 7.839285862031081242e-02
-8.948829102304470817e-01 -4.390704667914370751e-01 8.001073050717910640e-02
-9.002682003133576361e-01 -4.282431168544269529e-01 7.826247569833617856e-02
-9.046248075836785807e-01 -4.183459191653198239e-01 8.149027005559297820e-02
-9.087841215915900550e-01 -4.093647434606411672e-01 8.082042976581779725e-02
-9.139238648770936502e-01 -3.978077012233626752e-01 8.057429331027315955e-02
-9.171282328292086339e-01 -3.898323989240998766e-01 8.310547506613334690e-02
-9.213294553105122464e-01 -3.781895349511386617e-01 9.013725975433142801e-02
-9.272435083114294319e-01 -3.624308595556811619e-01 9.414543985553384953e-02
-9.311336985899051344e-01 -3.518455278235945727e-01 9.588939247039088287e-02
-9.344752925276874622e-01 -3.424644207159435183e-01 9.733480352469535413e-02
-9.386793765695083946e-01 -3.301778188737889419e-01 9.931591950741060215e-02
-9.422126383662577931e-01 -3.190651180143670995e-01 1.021411318670990692e-01
-9.467360045496874266e-01 -3.032948211285331763e-01 1.081813556893981149e-01
-9.523091073311710231e-01 -2.850443966446554178e-01 1.088901862371577378e-01
-9.563225781333410946e-01 -2.677206654544874720e-01 1.173575263505921840e-01
-9.617260554092229574e-01 -2.468211087781461144e-01 1.190056804605056778e-01
-9.664134138225336512e-01 -2.295013912908184239e-01 1.156470570547638022e-01
-9.687945411891896175e-01 -2.166959518973140819e-01 1.203329478545468595e-01
-9.727405433408642388e-01 -1.982083946286150589e-01 1.203714442522778733e-01
-9.768015904544889993e-01 -1.771805909661298140e-01 1.202734717715783774e-01
-9.808051432413735782e-01 -1.548676052815215476e-01 1.184791650456609030e-01
-9.832418652290713101e-01 -1.361116051225192136e-01 1.212810058553470544e-01
-9.848802819499101746e-01 -1.187681064300474265e-01 1.261149656357815341e-01
-9.866477833386295693e-01 -9.873980600425545651e-02 1.295245942089050251e-01
-9.882359122235579996e-01 -8.225702946061405618e-02 1.289324665651596646e-01
-9.897295887833312822e-01 -6.304604972956015518e-02 1.282986934875521012e-01
-9.901758732900215465e-01 -4.456575312927021915e-02 1.325354755505818716e-01
-9.909305324744702714e-01 -2.348885649760542801e-02 1.323063569075539347e-01
-9.909625188288793129e-01 -1.816507182110817936e-03 1.341268270414928965e-01
-9.903505524043763053e-01 1.974469702280942304e-02 1.371712439412677842e-01
-9.897839738515448182e-01 3.779140105765042140e-02 1.374755069173841660e-01
-9.890009075594035082e-01 5.596875819861406309e-02 1.369113684973527201e-01
-9.870731705649005150e-01 8.062696313720811581e-02 1.385130632463196787e-01
-9.850148381256158547e-01 1.006838489814534943e-01 1.400305375083771564e-01
-9.836729429559183391e-01 1.171285796570968596e-01 1.366325615214399047e-01
-9.808172631934842789e-01 1.406487061451862641e-01 1.349646521207187588e-01
-9.776452744100412318e-01 1.590619599037851328e-01 1.375101108010072237e-01
-9.747937557980289602e-01 1.768697410945841708e-01 1.359935605780277224e-01
-9.712460414714244594e-01 1.931203419004972610e-01 1.392324715505346699e-01
-9.670211994581308090e-01 2.134670374082598965e-01 1.389310777305186595e-01
-9.609534959516764507e-01 2.403250072052613706e-01 1.371579018302942210e-01
-9.572473203926818996e-01 2.569296270325696074e-01 1.329088202530211982e-01
-9.527529133547433249e-01 2.726848415111426949e-01 1.338091311432187958e-01
-9.476809040124877237e-01 2.884804171015095120e-01 1.366747003592052589e-01
-9.409973778878040207e-01 3.096893472478998710e-01 1.364421620163771554e-01
-9.356857283147832494e-01 3.274420734309302916e-01 1.314303114378134740e-01
-9.304134773364154398e-01 3.447765385403772642e-01 1.243379244821460894e-01
-9.241447292660731616e-01 3.632223675678388219e-01 1.184316270059420084e-01
-9.201204005312674239e-01 3.744633295683904017e-01 1.146982237292690776e-01
-9.142589570785043529e-01 3.889786579555837842e-01 1.132527357865648898e-01
-9.077426262429227899e-01 4.052909037205817966e-01 1.083633995867193389e-01
-9.029785873621355430e-01 4.171517356548388178e-01 1.030248436118496314e-01
-8.958014095948813038e-01 4.325659297307550832e-01 1.021105731516504800e-01
-8.896988352689695345e-01 4.464292531934993535e-01 9.558724829828997571e-02
-8.859489154182746962e-01 4.544313118576236432e-01 9.266455417713141685e-02
-8.833551479594002886e-01 4.611859792600481178e-01 8.361335103531895852e-02
-8.806843238594735945e-01 4.661370997870155630e-01 8.432878089627156293e-02
-8.767004375164927366e-01 4.735192580433068565e-01 8.471052182452797064e-02
-8.718889149682537143e-01 4.828380201903909041e-01 8.171403520852606184e-02
-8.653760642910756085e-01 4.951248233178540681e-01 7.730261248861890200e-02
-8.604097569615009045e-01 5.039849507164105846e-01 7.546016619876592946e-02
-8.538483583855013270e-01 5.156493541818691906e-01 7.105449433186764030e-02
-8.476923058206944361e-01 5.263320702622347191e-01 6.627460512865540609e-02
-8.444001976346495741e-01 5.315358416444343481e-01 6.676804696652145765e-02
-8.403617927460337311e-01 5.388161767039214567e-01 5.889992998263213902e-02
-8.351737406506269945e-01 5.469220868145036052e-01 5.797474133440644328e-02
-8.276466511000805104e-01 5.583293500020075628e-01 5.717844492415694729e-02
-8.209220588908034966e-01 5.687409017474996942e-01 5.119352350591037382e-02
-8.170715865155454560e-01 5.742668005762009420e-01 5.110461043300647960e-02
-8.135035151774476780e-01 5.795179853771499356e-01 4.869242578545814049e-02
-8.098559200612673870e-01 5.853708179795131805e-01 3.839805458726344711e-02
-8.090256295079392146e-01 5.868527056093714167e-01 3.288539467997823873e-02
-8.038487659757423964e-01 5.941206946735858585e-01 2.911662815259611833e-02
-8.020015878877948534e-01 5.964773959255340596e-01 3.175193899711923479e-02
-7.971595374975051218e-01 6.033092788374070370e-01 2.354999052883523930e-02
-7.967134915047875410e-01 6.039453016166631549e-01 2.230922057808087597e-02
-7.956715463916557152e-01 6.055235251616413183e-01 1.575014207580923212e-02
-7.954825837829143653e-01 6.058840216371289555e-01 1.058430440291269550e-02
-7.964206725696085787e-01 6.046595815365373161e-01 1.004584696416399928e-02
-7.980669574558679757e-01 6.025487494695486168e-01 4.914500090110342397e-03
-7.943702061595336872e-01 6.074261316809640432e-01 3.080005134621592328e-03
-7.953539073658439928e-01 6.061261892299822929e-01 4.818824352031794538e-03
-7.935546021405939232e-01 6.084957554096833698e-01 2.006322915846733574e-03
-7.943181080201315858e-01 6.074872819321346373e-01 -4.238145405005555588e-03
-7.935884881664403423e-01 6.083562519700694837e-01 -1.095438254904891606e-02
-7.942394443502561741e-01 6.075248697297789269e-01 -9.861747065006793919e-03
-7.978680370549381395e-01 6.026910923100577966e-01 -1.304066558278635206e-02
-7.972464367554300546e-01 6.035233410828152456e-01 -1.255834828061767015e-02
-7.983675594717283275e-01 6.019375289953229347e-01 -1.674716406409819391e-02
-7.996101826863628581e-01 6.000948983869492936e-01 -2.257620698012141602e-02
-8.005778523453316309e-01 5.988589596686346717e-01 -2.104911441272294334e-02
-8.011547027407884825e-01 5.981408799234791962e-01 -1.945884105086111149e-02
-8.031314508788056639e-01 5.951785988252838999e-01 -2.724563664621319770e-02
-8.060024344301202071e-01 5.911491941924630344e-01 -3.004534137222540993e-02
-8.096299234734489758e-01 5.861010400665137565e-01 -3.138430374042102539e-02
-8.124837444969812417e-01 5.818460485718784936e-01 -3.640545765138617634e-02
-8.163030551084926589e-01 5.763869729961437205e-01 -3.778089836868054469e-02
-8.192220600449481305e-01 5.719723569369576932e-01 -4.150730013188567297e-02
-8.223137233539989932e-01 5.675449703812754931e-01 -4.114442498235162948e-02
-8.247764354713967849e-01 5.635912208062030526e-01 -4.592149915585423681e-02
-8.331844171239052299e-01 5.504481415423226887e-01 -5.301497652776375469e-02
-8.409273576000901862e-01 5.384258590961774615e-01 -5.421061428267461013e-02
-8.444184378034562677e-01 5.328482069080617833e-01 -5.504822889283256943e-02
-8.488740139245258831e-01 5.260541163171330581e-01 -5.176864253793205667e-02
-8.536767123934256851e-01 5.180575575456656257e-01 -5.340837920231247121e-02
-8.577460833994532408e-01 5.110765341771560388e-01 -5.542968398249022155e-02
-8.612177736078275858e-01 5.047886483350570996e-01 -5.909639730742478198e-02
-8.674983517230282493e-01 4.938118814746295659e-01 -5.997043164990482900e-02
-8.720468050214649214e-01 4.853967908532118014e-01 -6.264457277600908591e-02
-8.770165069809275904e-01 4.754827333498244935e-01 -6.897995761395436798e-02
-8.829336405497184570e-01 4.636706696212716250e-01 -7.374086270062248094e-02
-8.889725489245996481e-01 4.521634118829708782e-01 -7.263659212273386456e-02
-8.954243010568418981e-01 4.382526334488262010e-01 -7.842174113917935174e-02
-9.024241465780243887e-01 4.226387808837783755e-01 -8.370866231633859733e-02
-9.071281138003035593e-01 4.112958984964524278e-01 -8.918682250110969434e-02
-9.126662518673713809e-01 3.999515852481086986e-01 -8.413716244687824419e-02
-9.170251566662159792e-01 3.889917071060148279e-01 -8.803598037670026799e-02
-9.220588189737894957e-01 3.760449073795131270e-01 -9.163941377484528805e-02
-9.257972141760114626e-01 3.652492257135591669e-01 -9.742967602876255462e-02
-9.294354559613534628e-01 3.559508980884168450e-01 -9.720448435538775467e-02
-9.360318108245042623e-01 3.377850367563299261e-01 -9.872050758303102524e-02
-9.418562434949920847e-01 3.213490314561520123e-01 -9.819183797604512376e-02
-9.463976823584806519e-01 3.075952026651107563e-01 -9.857301169149676467e-02
-9.510398213309269044e-01 2.916464706132025908e-01 -1.023015894840764023e-01
-9.553672307204075231e-01 2.773889024695803118e-01 -1.016310583231482406e-01
-9.591043581800300366e-01 2.616675355657578361e-01 -1.079303117360333325e-01
-9.631379471943470882e-01 2.471770260881533954e-01 -1.061547623211288593e-01
-9.667401868422793587e-01 2.324534612413069745e-01 -1.066715550296529619e-01
-9.710922647499813376e-01 2.138932336783154475e-01 -1.059694250344409699e-01
-9.744025443751372917e-01 1.983592567206335366e-01 -1.057984304844374751e-01
-9.760290821263954975e-01 1.878686642403083751e-01 -1.098754623914777739e-01
-9.789561481177476709e-01 1.736520768311039520e-01 -1.071906593928518003e-01
-9.822359671088324307e-01 1.552085068994322470e-01 -1.054649006107041265e-01
-9.847095702653357874e-01 1.382717099456752252e-01 -1.059623399328842447e-01
-9.864221342769839973e-01 1.246992525054133466e-01 -1.068713738067310903e-01
-9.875388922505620171e-01 1.140826620856429385e-01 -1.084071201558551995e-01
-9.893906386378094053e-01 1.005603495839241801e-01 -1.048513304189213347e-01
-9.916780237056788128e-01 8.220599809316088413e-02 -9.908022861104415213e-02
-9.928758451773409544e-01 6.343903122186456134e-02 -1.008616190247471067e-01
-9.930461066351632393e-01 4.633635837648351907e-02 -1.082238115014319685e-01
-9.941934619626550118e-01 2.554029118255222996e-02 -1.045326486224417567e-01
-9.940198739950326656e-01 9.196977604756694652e-03 -1.088114319332945945e-01
-9.940174773541486930e-01 -7.935042591424371072e-03 -1.089326023460878839e-01
-9.947621734498657275e-01 -1.803587220347955405e-02 -1.006128559748546425e-01
-9.943819393101254178e-01 -3.265952882256363543e-02 -1.006873137863189827e-01
-9.938875467471089964e-01 -4.585500128738881354e-02 -1.004235254723562787e-01
-9.930866031595273480e-01 -6.665712052512921815e-02 -9.662219010404034247e-02
-9.919840236380326193e-01 -7.998002186522093493e-02 -9.783104683214702280e-02
-9.904239355943775802e-01 -9.030263668737353866e-02 -1.044312356720836915e-01
-9.886275301305722518e-01 -1.072699542178190829e-01 -1.053982212341941782e-01
-9.862913065631743192e-01 -1.247792219173206596e-01 -1.079797486512585614e-01
-9.842941539698496500e-01 -1.404386959547901104e-01 -1.069673446257771443e-01
-9.814687927155326674e-01 -1.577343741462315652e-01 -1.088067003759856793e-01
-9.792601560504001768e-01 -1.750777558755763630e-01 -1.019673834960631437e-01
-9.773901181387343318e-01 -1.888170166935904948e-01 -9.516675650035813505e-02
-9.755225169486919645e-01 -2.005163073145917463e-01 -9.027208660842363230e-02
-9.750883210086329633e-01 -2.036336702244456731e-01 -8.795518612846241202e-02
-9.720672265134453482e-01 -2.188757235483141661e-01 -8.472747125405703794e-02
-9.693177558337401356e-01 -2.297978684033121777e-01 -8.726997039864042849e-02
-9.660209220394633256e-01 -2.427013456257857138e-01 -8.888000296684021861e-02
-9.635855201316357865e-01 -2.524197470659503284e-01 -8.824532042853899805e-02
-9.603619471983186884e-01 -2.647134880091130960e-01 -8.735971319090338194e-02
-9.573402629246805517e-01 -2.753524882280135588e-01 -8.763930675485351318e-02
-9.524281133017417078e-01 -2.911118750562059487e-01 -9.019193566525955663e-02
-9.477159398582329919e-01 -3.067046384180774909e-01 -8.812934795529663023e-02
-9.454519802873823098e-01 -3.159388719703252746e-01 -7.939270768042831772e-02
-9.417946068787117486e-01 -3.275995975455546771e-01 -7.550789249593088670e-02
-9.390612969853079361e-01 -3.363141649463816107e-01 -7.111035478758701012e-02
-9.359149805108090137e-01 -3.457214913471041706e-01 -6.737818088311664511e-02
-9.346359816672904497e-01 -3.496802232749611217e-01 -6.464783641545254755e-02
-9.297842034830021696e-01 -3.620556487025664016e-01 -6.646097947729191768e-02
-9.263024942195000611e-01 -3.711620618126154070e-01 -6.482617218608766052e-02
-9.246229616367249715e-01 -3.762188180508753699e-01 -5.942894307030572448e-02
-9.217815532486384189e-01 -3.837729116082153058e-01 -5.511025060057078706e-02
-9.195188925824592241e-01 -3.900182855376390090e-01 -4.869047388877319194e-02
-9.171255621023344240e-01 -3.958585506417990896e-01 -4.665544219454243607e-02
-9.133893591318129612e-01 -4.048078296460909664e-01 -4.301765531545846677e-02
-9.087170791559792127e-01 -4.154089984147776304e-01 -4.084914927151383351e-02
-9.067505990579778352e-01 -4.197627788885270328e-01 -4.003223057054128287e-02
-9.060746588311144878e-01 -4.212579515389993645e-01 -3.962915342898485488e-02
-9.036637435284696762e-01 -4.263503351960444832e-01 -4.021503738783650805e-02
-9.018312959680309104e-01 -4.305020014690048025e-01 -3.699134000852603160e-02
-8.995282375061913749e-01 -4.355921870500465976e-01 -3.329287359540215180e-02
-8.985726558540706455e-01 -4.380991524745682653e-01 -2.522565331767129965e-02
-8.971221294518495482e-01 -4.412693668762519561e-01 -2.128965656737587600e-02
-8.985843772020059017e-01 -4.382790911510173748e-01 -2.139098124107644341e-02
-9.005138754603104756e-01 -4.342169938722470479e-01 -2.303000373598388523e-02
-9.000007310036897135e-01 -4.355161997633434923e-01 -1.800951630081655541e-02
-8.994803465306924206e-01 -4.365902398563528686e-01 -1.800242783760416451e-02
-9.005264453230175103e-01 -4.343364040526508929e-01 -2.010045119956257662e-02
-9.011991041911031619e-01 -4.330687466402806107e-01 -1.707788253850015328e-02
-9.015686401819900109e-01 -4.323788980518925018e-01 -1.491624458254752275e-02
-8.997282099659928978e-01 -4.362351247449899327e-01 -1.371433294929255524e-02
-8.971687152871240523e-01 -4.414523239902603535e-01 -1.442777784881901088e-02
-8.967207200318374483e-01 -4.424966773324058300e-01 -9.415925927153970254e-03
-8.968576456158559029e-01 -4.423020519682505647e-01 -3.908606945929221470e-03
-8.965841215508791873e-01 -4.428405888872063434e-01 -5.398583525427861143e-03
-8.972939786377248650e-01 -4.413727100132080472e-01 -7.325683431348749622e-03
-8.968702960571006688e-01 -4.422918810471657691e-01 -1.258145551500895742e-03
-8.961709566055409137e-01 -4.437039248274566861e-01 -2.112475775421555468e-03
-8.980511294574006209e-01 -4.398831676549018743e-01 -2.643221374409315035e-03
-8.980690566790645590e-01 -4.398531289374662534e-01 1.101516645963895955e-03
-8.978061602159442822e-01 -4.403419848020074245e-01 6.561558519672702761e-03
-8.967351375236276567e-01 -4.425401628809470522e-01 4.931159787354013647e-03
-8.986073552659523678e-01 -4.386984995991979885e-01 6.961789367325427365e-03
-8.998936109918348469e-01 -4.360682340504252741e-01 6.000262328418420193e-03
-8.997251958243150938e-01 -4.363054519558455802e-01 1.149537396987819482e-02
-8.988037724124271488e-01 -4.381110018770748016e-01 1.451026408281387570e-02
-8.991596509736149434e-01 -4.372831466177209414e-01 1.718693679612819103e-02
-9.040081606227831079e-01 -4.267977583023168653e-01 2.475759661929636049e-02
-9.046846193513509160e-01 -4.250167738897324132e-01 3.010815540130305085e-02
-9.090223653260879333e-01 -4.154486056107511982e-01 3.287575312859617599e-02
-9.128504253070984786e-01 -4.067366198729735483e-01 3.562924133407639055e-02
-9.137733634703009145e-01 -4.043036763657981703e-01 3.945627091712931855e-02
-9.156719410274274384e-01 -3.996510838052592107e-01 4.270746443257418534e-02
-9.165645504822742540e-01 -3.975630329891454151e-01 4.304740986976064027e-02
-9.204067074759311184e-01 -3.882364330621416726e-01 4.608671070727664992e-02
-9.218173431650652505e-01 -3.847556945525894001e-01 4.707293691590880985e-02
-9.247607789851880478e-01 -3.778042192973027347e-01 4.562338752696468852e-02
-9.297532428016368478e-01 -3.652582981544328922e-01 4.631741724104083274e-02
-9.330881753874096241e-01 -3.555754069519751481e-01 5.396858005477007253e-02
-9.366128314974379032e-01 -3.446922026651830229e-01 6.279896968625237053e-02
-9.397224519568140311e-01 -3.354683427878571989e-01 6.620215923737762798e-02
-9.440930939309012393e-01 -3.225821738537072436e-01 6.803670223452051857e-02
-9.469689456929030191e-01 -3.143330085565153031e-01 6.666781356291026639e-02
-9.513107175557514728e-01 -2.999762613139048684e-01 7.086736433468385221e-02
-9.545322025784642728e-01 -2.888099615503014750e-01 7.387220432585911434e-02
-9.588022318282062306e-01 -2.745199364604113401e-01 7.305550549251525749e-02
-9.614634265711065053e-01 -2.653657379064936483e-01 7.189663854575081836e-02
-9.646065158133425577e-01 -2.541343399284247129e-01 7.035644284463948850e-02
-9.676575109758415172e-01 -2.412400715126091222e-01 7.377121133009031939e-02
-9.720787543088019733e-01 -2.218320615073717805e-01 7.650787307166051487e-02
-9.739151748579214507e-01 -2.129181890285418155e-01 7.845444384769351132e-02
-9.763843140885919425e-01 -1.997024506434222635e-01 8.241738611486700006e-02
-9.788302847892681458e-01 -1.865076815115977449e-01 8.429817103270129119e-02
-9.808232149269386912e-01 -1.746254627275403981e-01 8.655514018635804274e-02
-9.838989749199513746e-01 -1.568475081546065186e-01 8.568366015354790532e-02
-9.864450894962527583e-01 -1.422725582417013190e-01 8.175957229138441917e-02
-9.893873032534393763e-01 -1.228016006676358740e-01 7.766951734721685985e-02
-9.909861010553607796e-01 -1.102899395334691751e-01 7.604406315386116888e-02
-9.926877571534891143e-01 -9.270635433208643250e-02 7.730828924522205325e-02
-9.942832920314933487e-01 -7.566671102155653195e-02 7.533463138999196840e-02
-9.946701376528930272e-01 -6.670477336964716897e-02 7.862450854833746838e-02
-9.956052485078696890e-01 -5.210825032388147204e-02 7.781350921592510017e-02
-9.956959858786148532e-01 -4.061366120893985382e-02 8.330700852504129006e-02
-9.961513164198095849e-01 -2.826928498766390768e-02 8.296641338666459198e-02
-9.967506100187960572e-01 -9.978261163878034828e-03 7.992921034231438571e-02
-9.972268864661706367e-01 2.601076263397724547e-03 7.437603229796099780e-02
-9.973557191911646136e-01 1.508839554042356625e-02 7.109101469891825065e-02
-9.971335556683744716e-01 2.129550093209759201e-02 7.260300612968273448e-02
-9.972664371458995758e-01 3.154373719758628292e-02 6.681817240457774143e-02
-9.968564522319821597e-01 3.448295439474782093e-02 7.133135225890144260e-02
-9.969936322749646251e-01 4.112753346625766526e-02 6.566769058321866859e-02
-9.965450340046396738e-01 5.133323415713027249e-02 6.529101490486700909e-02
-9.961930131472477301e-01 5.579114505933716744e-02 6.698396164912459594e-02
-9.949539603707329150e-01 7.071224017300503650e-02 7.117878073294373054e-02
-9.938468745963910944e-01 8.614550491730621484e-02 6.962301845364818331e-02
-9.931678593449869696e-01 9.716293007395308823e-02 6.462964456729701490e-02
-9.920374714092127233e-01 1.077170872146039488e-01 6.525877155849001132e-02
-9.906227777315557148e-01 1.206663847013551005e-01 6.407931492819150809e-02
-9.901924139432264349e-01 1.239631244027177559e-01 6.443717809593964285e-02
-9.888120658522380202e-01 1.346567993256592988e-01 6.417372954274618013e-02
-9.875266945641975047e-01 1.461736284411171150e-01 5.851769381673675025e-02
-9.875727934455934554e-01 1.485221234785923661e-01 5.139240392801779772e-02
-9.870123164457428322e-01 1.539262188226958317e-01 4.597204434169538390e-02
-9.859863830015027641e-01 1.605687376627634722e-01 4.526097126470179921e-02
-9.850473123010715648e-01 1.665579478494168819e-01 4.404843936843953062e-02
-9.849515813200231396e-01 1.677564262822057728e-01 4.157146108032343940e-02
-9.831411285241740128e-01 1.778202632847019349e-01 4.258518366108885594e-02
-9.825922199758527764e-01 1.795396726628957218e-01 4.772900345533584443e-02
-9.807073657808993428e-01 1.880905516241872244e-01 5.324500034721337677e-02
-9.795797477992509439e-01 1.941832811400317493e-01 5.211903666725190704e-02
-9.776544939724661765e-01 2.046153958394190120e-01 4.821050742449271842e-02
-9.771075075980666380e-01 2.082485210138388387e-01 4.351430537198318349e-02
-9.761287084721764762e-01 2.130590312828451460e-01 4.217364490672973615e-02
-9.741861911922066186e-01 2.220465674304614168e-01 4.070146638923203414e-02
-9.714403000223202911e-01 2.333437123022545912e-01 4.306365154001553369e-02
-9.701597651093436525e-01 2.400097318694351112e-01 3.442936598302324958e-02
-9.681363697390918954e-01 2.482261135481470815e-01 3.310269651260624307e-02
-9.665556151330372270e-01 2.541564892498327510e-01 3.427454273511453681e-02
-9.657164013209182940e-01 2.583555851575151663e-01 2.538200492005938252e-02
-9.641357416834601679e-01 2.641554709798350498e-01 2.577171176853856882e-02
-9.621556631337289112e-01 2.713811700812154282e-01 2.467311747491527166e-02
-9.601442760956658828e-01 2.784779409791071081e-01 2.393799824198590900e-02
-9.578922435032721783e-01 2.862498529274322689e-01 2.243866603500545287e-02
-9.570230516849097535e-01 2.892740079006418386e-01 2.067484135676698684e-02
-9.568055903309552468e-01 2.903578229126770327e-01 1.467716398356222647e-02
-9.581735423641385418e-01 2.859905280873435984e-01 1.062557157795650936e-02
-9.578598415091569285e-01 2.870341486127508945e-01 1.076771882178008052e-02
-9.562464205741780798e-01 2.925219653038209633e-01 4.868760570158215534e-03
-9.563162416689210410e-01 2.923119839515829765e-01 3.601643730929330375e-03
-9.560498100615579808e-01 2.932000022859299615e-01 1.594119270576566539e-03
-9.554212593401871789e-01 2.952444996976612002e-01 -9.614893684629262360e-04
-9.546980804473550464e-01 2.975611384587283359e-01 -2.994309949055611129e-03
-9.548136002497819019e-01 2.972033826295251147e-01 -1.077014267118616125e-03
-9.555436507479204700e-01 2.948338373544612812e-01 -3.059694503527594575e-03
-9.562041159251173372e-01 2.925639283331000762e-01 -8.947542214771319821e-03
-9.570994007542995563e-01 2.896844907255808343e-01 -6.607184769971683955e-03
-9.569453360125499408e-01 2.901428627918371528e-01 -8.530242205341882766e-03
-9.578948851829742761e-01 2.867567295607250100e-01 -1.442182880871284087e-02
-9.582337588247261673e-01 2.854799377417641670e-01 -1.700855045549238068e-02
-9.598442067947859924e-01 2.791336561763179680e-01 -2.799148452891975225e-02
-9.597347670662336183e-01 2.793380080322550030e-01 -2.965597222084213197e-02
-9.607466847920510533e-01 2.754145976655374417e-01 -3.335610405498603409e-02
-9.612636763430106868e-01 2.739237681009816794e-01 -3.062574794005007428e-02
-9.636198417488189838e-01 2.651670638703894078e-01 -3.351494349836648540e-02
-9.663503446645521633e-01 2.544743657631185485e-01 -3.754772161989825691e-02
-9.700844675127215933e-01 2.388830697391950975e-01 -4.325538723555388126e-02
-9.687615756200196326e-01 2.437707794841446896e-01 -4.557236330115625039e-02
-9.710345979355142765e-01 2.339795596480848117e-01 -4.842932045466193797e-02
-9.726752771817358534e-01 2.264823908027278065e-01 -5.107402273401479703e-02
-9.746853592214689277e-01 2.176258993084266291e-01 -5.125858429912645564e-02
-9.759334986713997795e-01 2.114223381590921158e-01 -5.342682029486749140e-02
-9.777690643546051996e-01 2.025562714514920204e-01 -5.420920311968684818e-02
-9.789531596379007494e-01 1.980172510433696464e-01 -4.939537843690600116e-02
-9.803431045819338552e-01 1.909937358992926659e-01 -4.948549320301433296e-02
-9.817048324544646043e-01 1.852529453665911208e-01 -4.401126959108784403e-02
-9.843805292687229924e-01 1.705291417920902775e-01 -4.375853133935540124e-02
-9.857510937754341285e-01 1.620211714105673217e-01 -4.521000862472835530e-02
-9.864038759443974902e-01 1.575857412207805064e-01 -4.662779712365647949e-02
-9.877644924725307307e-01 1.467800523568663917e-01 -5.269675591325869574e-02
-9.892171177041639840e-01 1.364094613442040083e-01 -5.331019953026135128e-02
-9.902810774954190487e-01 1.271243776643778134e-01 -5.641635080975065247e-02
-9.914151552863100791e-01 1.200224542366138542e-01 -5.187123175474062792e-02
-9.922903994789222804e-01 1.100195358587856276e-01 -5.705689804253305519e-02
-9.936163688193722088e-01 9.819343536921028293e-02 -5.553904541295595632e-02
-9.939357154773967862e-01 9.448473754325964480e-02 -5.625346728664441104e-02
-9.940383997716758513e-01 9.287166639631855292e-02 -5.711863164326735215e-02
-9.947601127267450272e-01 8.480530728074824054e-02 -5.709993612262954932e-02
-9.955639994077666310e-01 7.580123509048536379e-02 -5.573616914242071618e-02
-9.957844063786853717e-01 7.249768128559018476e-02 -5.619187604440739614e-02
-9.964497022213865129e-01 6.193309473281449762e-02 -5.702900575318493870e-02
-9.971853010315089305e-01 4.782690960960751803e-02 -5.774155329180315904e-02
-9.978128949091683575e-01 4.000336520829427672e-02 -5.262301780030600312e-02
-9.980273569462578820e-01 3.607453245335173753e-02 -5.138139086010311968e-02
-9.982021790886722590e-01 2.837622054583046824e-02 -5.279416890715602634e-02
-9.980968729275506712e-01 2.227068106555473576e-02 -5.750368359260328577e-02
-9.984513125804712619e-01 9.950157442149850859e-03 -5.473568474905477627e-02
-9.986527217361491626e-01 3.740755643017668747e-03 -5.175685908209683161e-02
-9.985130772602104354e-01 1.188719482584409473e-04 -5.451279481426408308e-02
-9.984238307307632398e-01 -8.996349482372219264e-03 -5.539805390486787079e-02
-9.984994217699846297e-01 -1.767983808349468666e-02 -5.183003198958670288e-02
-9.983579650486947843e-01 -3.017074485647216683e-02 -4.869418523074649924e-02
-9.979878700781811274e-01 -3.784217536511089164e-02 -5.087440310524145304e-02
-9.974745392379009701e-01 -5.103236756393285389e-02 -4.939903828587636353e-02
-9.973415880247414878e-01 -5.548770637329032002e-02 -4.723235252813944018e-02
-9.970619738078759786e-01 -5.837211551727439912e-02 -4.959980275687364548e-02
-9.963478439873404424e-01 -6.413592376630639080e-02 -5.637003811220363259e-02
-9.954482265819222242e-01 -7.398664766094575906e-02 -6.007352454796156122e-02
-9.948363992415576451e-01 -8.343024195384365904e-02 -5.779236544779367546e-02
-9.950132225780838890e-01 -8.512483499741170523e-02 -5.198531842981985590e-02
-9.947941988793607138e-01 -8.988733827732076076e-02 -4.800825064046276153e-02
-9.942767212981856728e-01 -9.920413710111160299e-02 -3.965305058212921507e-02
-9.927653968277816432e-01 -1.137740209477002273e-01 -3.837137663097150292e-02
-9.923073331355281024e-01 -1.183274078314415362e-01 -3.639786555399517759e-02
-9.920794778556546456e-01 -1.198690182735347720e-01 -3.754665838302950059e-02
-9.908341006163396969e-01 -1.270443676592586113e-01 -4.590792774325602732e-02
-9.906092581031396005e-01 -1.289601791178351942e-01 -4.541579111287131348e-02
-9.895552889495832227e-01 -1.381888029587270139e-01 -4.103911397222559376e-02
-9.885863130628702589e-01 -1.458611401100787797e-01 -3.770481708886844197e-02
-9.883504123520078233e-01 -1.476226055189174269e-01 -3.702772665760298981e-02
-9.879441397266737201e-01 -1.505012169858133686e-01 -3.627374046515541295e-02
-9.867649628837565912e-01 -1.582152435189556339e-01 -3.553686137901755637e-02
-9.860322687433323852e-01 -1.628171946223000155e-01 -3.508489549009381758e-02
-9.857394185021378652e-01 -1.640512977698529162e-01 -3.748325326139901464e-02
-9.855955201266536347e-01 -1.654092594710005748e-01 -3.523168108076420169e-02
-9.849298907538405201e-01 -1.703892613962450509e-01 -2.967547048431525350e-02
-9.843986180204061798e-01 -1.728766021214847293e-01 -3.275767055065846589e-02
-9.835708142338754900e-01 -1.776852295083977129e-01 -3.188159773938807617e-02
-9.823440828473709585e-01 -1.852614425322606229e-01 -2.604465513167850133e-02
-9.812262849555313249e-01 -1.912019072840392686e-01 -2.523552255029914981e-02
-9.808359452398173195e-01 -1.936432992171028267e-01 -2.152078929608404814e-02
-9.794246142357059259e-01 -2.009198052885480534e-01 -1.893884951072784956e-02
-9.781121671837308407e-01 -2.072727197551483269e-01 -1.829292667217566337e-02
-9.774946182413167817e-01 -2.100167457210560251e-01 -1.993140707186122004e-02
-9.763501238304942431e-01 -2.152350008670355641e-01 -2.035566940011336590e-02
-9.753024745380134419e-01 -2.197916387955163586e-01 -2.183441953316351755e-02
-9.738188761934215565e-01 -2.264667420483013061e-01 -1.973915455970723723e-02
-9.721451266969282079e-01 -2.333272489461177546e-01 -2.218717573434736065e-02
-9.712585819916884633e-01 -2.374671555367679765e-01 -1.631379850605444576e-02
-9.705499858957702397e-01 -2.407157340999956097e-01 -9.417177790655206771e-03
-9.708822100796725696e-01 -2.394901484199886410e-01 -5.676795467036952619e-03
-9.705694348030242669e-01 -2.407493196618432918e-01 -5.895791363673075214e-03
-9.711135314107238736e-01 -2.385431314393824664e-01 -5.975500001351918486e-03
-9.699705989034732578e-01 -2.431562475278057356e-01 -5.665649691472268365e-03
-9.705071666736818647e-01 -2.410719227061626502e-01 -4.365746281007783225e-04
-9.698981352883894180e-01 -2.434195283989767367e-01 6.675588646756629684e-03
-9.703779455245372665e-01 -2.412874910244945936e-01 1.212487959504465231e-02
-9.716122756430415341e-01 -2.364048386161869963e-01 9.075310715254771704e-03
-9.717807976885772803e-01 -2.354724205564740491e-01 1.395863924252462723e-02
-9.725253885962195088e-01 -2.324246978316776846e-01 1.315870740652518717e-02
-9.743379060723397211e-01 -2.245627351724683030e-01 1.540279355571076529e-02
-9.747750922284991182e-01 -2.221520400320020350e-01 2.149451219776568264e-02
-9.744402173366991660e-01 -2.235459173732900207e-01 2.221506322832135505e-02
-9.754717078058738888e-01 -2.188110842055299987e-01 2.401416455225044086e-02
-9.756730847802200790e-01 -2.177539130752406682e-01 2.540252731062950936e-02
-9.770584386423313283e-01 -2.115544833224684007e-01 2.452613819438396320e-02
-9.790649290480137878e-01 -2.017679794971138363e-01 2.686206964074211445e-02
-9.799210740148706078e-01 -1.974807677362105107e-01 2.749652175182260017e-02
-9.800619157082719468e-01 -1.964721074551135926e-01 2.962053379224447239e-02
-9.801225664968110651e-01 -1.952286215959364579e-01 3.529254415420314539e-02
-9.814529241091430878e-01 -1.882472679451313580e-01 3.623737874982716628e-02
-9.825695582691476027e-01 -1.822329083568084429e-01 3.671857883964124714e-02
-9.845346536901090628e-01 -1.706191262667956232e-01 3.975743345279227070e-02
-9.847049941456245126e-01 -1.688786049685634394e-01 4.284991735855921829e-02
-9.862319250968342166e-01 -1.598941187815067777e-01 4.219579067609518369e-02
-9.860072331945598512e-01 -1.601949132576068191e-01 4.612320371237920574e-02
-9.874843742697123616e-01 -1.497482738662333501e-01 4.949837604612224162e-02
-9.887382575444565447e-01 -1.411112583000800058e-01 4.984270305003613011e-02
-9.900118731199089028e-01 -1.321968544484268815e-01 4.899496844837371995e-02
-9.908106349255847434e-01 -1.263038884916966587e-01 4.839047033809153187e-02
-9.915629213480680049e-01 -1.209702880878750914e-01 4.657452655877758474e-02
-9.925250086002420646e-01 -1.139833207594422304e-01 4.361116674724159481e-02
-9.924826405371807159e-01 -1.153232430277818521e-01 4.097294018585477537e-02
-9.934365793993341631e-01 -1.056403890924587641e-01 4.386222706069421717e-02
-9.935607822018667212e-01 -1.019717587394135122e-01 4.938376827590771484e-02
-9.938178278316381897e-01 -9.988285793280426983e-02 4.847229977870488177e-02
-9.945970678418565303e-01 -9.015785080454288836e-02 5.146123628999584032e-02
-9.955177535332325744e-01 -7.916293062837820305e-02 5.174608305028197131e-02
-9.960126760929089995e-01 -6.950599353293393512e-02 5.592575922997879145e-02
-9.966885751180900588e-01 -5.981298075750303422e-02 5.508462662567807644e-02
-9.971715084649412919e-01 -5.197667510956835435e-02 5.429026081774103452e-02
-9.976749171613268352e-01 -4.026621577624567988e-02 5.498559872799035908e-02
-9.979449966092742708e-01 -3.874792347296721756e-02 5.103338749449097544e-02
-9.982612294018479160e-01 -3.328557673479951712e-02 4.864784326256139935e-02
-9.989114052191695459e-01 -2.092939027342767891e-02 4.168919705935276304e-02
-9.990141024921885826e-01 -1.118059810075563640e-02 4.296325508299886353e-02
-9.990922389714872454e-01 -5.722552580758983980e-03 4.221343892727228569e-02
-9.990196792722688679e-01 -4.311153831354471236e-04 4.426645053880701869e-02
-9.988658585781029497e-01 1.159809842786177839e-02 4.617905143113753413e-02
-9.985703903730683839e-01 2.484179465860216623e-02 4.732953510362542665e-02
-9.982814286756931388e-01 3.286531865998681273e-02 4.851890590694622057e-02
-9.979778260371946486e-01 3.958510058090705663e-02 4.973231230175208933e-02
-9.979313810289547337e-01 4.479435271553972031e-02 4.611343580463019010e-02
-9.974707799269961761e-01 5.499348482786414749e-02 4.503092301251061108e-02
-9.969563643319114821e-01 6.558507113052172710e-02 4.215009163040112083e-02
-9.965534829331100797e-01 7.094856751851749688e-02 4.298232911238668297e-02
-9.963346042176767225e-01 7.686047715219369858e-02 3.754793546190099418e-02
-9.954301454082685741e-01 8.666486088463205839e-02 4.010052159986324249e-02
-9.946892873704389348e-01 9.532232317478163408e-02 3.881881760134892750e-02
-9.944786305968913442e-01 9.828280387394232320e-02 3.677999499329727418e-02
-9.933678949331179453e-01 1.075043916966706009e-01 4.078058079064469238e-02
-9.926260987664409230e-01 1.149075134506293699e-01 3.859683981466549563e-02
-9.929712541684121430e-01 1.135991454365781472e-01 3.321667148905854683e-02
-9.926591954695830333e-01 1.158760936197916064e-01 3.464790488448407646e-02
-9.918801710659852500e-01 1.222866964937644185e-01 3.492441622640403420e-02
-9.909931125955850906e-01 1.291935003629350320e-01 3.523797687279341118e-02
-9.902987625483377077e-01 1.336235295679922830e-01 3.812004853046081082e-02
-9.893295780523401195e-01 1.400275103632104834e-01 4.024061740899277650e-02
-9.888531756514548077e-01 1.450260880698747701e-01 3.371728905238330354e-02
-9.887942564115731470e-01 1.460013529862130843e-01 3.113756898928385364e-02
-9.886979805020263967e-01 1.464943800129813178e-01 3.187043720678688768e-02
-9.884794224440207611e-01 1.494769772106069872e-01 2.377160719511507009e-02
-9.881968939216319026e-01 1.509856407920002197e-01 2.588937541875742376e-02
-9.876370706006097899e-01 1.545634769057196989e-01 2.613757890734223419e-02
-9.862783407210736764e-01 1.615535955847030025e-01 3.399257608567179956e-02
-9.864969034086509270e-01 1.602536315788575805e-01 3.380322444110901714e-02
-9.852613535474057382e-01 1.675448222704162826e-01 3.447930715749385200e-02
-9.849433965048290940e-01 1.704279594513005702e-01 2.899726005088818295e-02
-9.834870059931353214e-01 1.792123465291625417e-01 2.522436521052802763e-02
-9.830389577757939756e-01 1.822384410861189741e-01 2.058112494508913815e-02
-9.829150848718942735e-01 1.828626931391031385e-01 2.095700382143304841e-02
-9.822583274540763743e-01 1.864970208782548156e-01 1.968410317849482449e-02
-9.812421680930594192e-01 1.916133940015011805e-01 2.116930283447024733e-02
-9.797401479432822358e-01 1.987396650624528860e-01 2.473485122319879492e-02
-9.783441879331437052e-01 2.051719609708401726e-01 2.733388484946951830e-02
-9.771505024913357262e-01 2.113014575923143901e-01 2.299161026889755266e-02
-9.765683173178082432e-01 2.138119655879107128e-01 2.447017857759673648e-02
-9.752299306217289132e-01 2.200295415456853254e-01 2.266291844259700830e-02
-9.757881821686650303e-01 2.173717073947469824e-01 2.422785430047839569e-02
-9.753052812540840000e-01 2.191761653197746573e-01 2.722942345925170871e-02
-9.748091613844195313e-01 2.215510911078937273e-01 2.573397537449858066e-02
-9.742896236727182080e-01 2.237467479384105951e-01 2.640353341757797206e-02
-9.737173256679042543e-01 2.265883067356544989e-01 2.307235401492916185e-02
-9.723840555448838296e-01 2.327588898535670470e-01 1.710473961170178026e-02
-9.708967771805651070e-01 2.388780312456045829e-01 1.722668432683217496e-02
-9.710404055414905145e-01 2.384387694664820700e-01 1.508338270449369189e-02
-9.706461082294003395e-01 2.400506932670833649e-01 1.489367825928575480e-02
-9.706262381235558623e-01 2.404031143846186991e-01 9.543211217027667767e-03
-9.704989963450451063e-01 2.409945940409639054e-01 7.302612411211717447e-03
-9.700981851423799984e-01 2.424938519520469238e-01 1.030860813579722798e-02
-9.695511065732108635e-01 2.445355454229006520e-01 1.315459113262756365e-02
-9.680774997555818828e-01 2.505027959430520812e-01 8.621370024794117876e-03
-9.690572707468052549e-01 2.467367715846615628e-01 6.999708948433133564e-03
-9.678772550313549106e-01 2.514096064998943558e-01 2.617839277619763393e-03
-9.674306690768091910e-01 2.531340572022139357e-01 1.036205397158757383e-03
-9.681130537201840802e-01 2.505041607869003539e-01 -2.191990495074419825e-03
-9.677731763450714286e-01 2.517745845484135048e-01 -4.966071855915230905e-03
-9.683075007038742799e-01 2.495389422098250043e-01 -1.053207762215664992e-02
-9.683760169817279273e-01 2.494134268781504349e-01 -6.391908560042726568e-03
-9.688778459255936726e-01 2.473640717272882761e-01 -9.314504209030204096e-03
-9.690210011258533207e-01 2.469420851323094468e-01 -4.234417259999489688e-03
-9.690698476497012770e-01 2.467365583806911955e-01 -4.972470028868906065e-03
-9.708446742387055739e-01 2.397061368859735586e-01 -1.269121627583638060e-03
-9.709043630621362331e-01 2.394636422469836601e-01 -1.380600249921610156e-03
-9.699630825283761526e-01 2.431858412620455379e-01 -5.682367457940257563e-03
-9.694844235672304134e-01 2.451413871040646064e-01 -2.382647120900184285e-03
-9.696435212013135851e-01 2.443779334153645399e-01 -8.419722125164961005e-03
-9.698889532389364243e-01 2.433635978248473442e-01 -9.465828416375528589e-03
-9.698396914292950477e-01 2.434028836774178028e-01 -1.288539596769937810e-02
-9.707879559098406830e-01 2.397151879335533142e-01 -1.036327894406718388e-02
-9.711778153331489527e-01 2.382034657566607372e-01 -8.531359661239509840e-03
-9.723918831400714113e-01 2.329535910665198606e-01 -1.366288139861518078e-02
-9.740000074025890742e-01 2.263207486922608480e-01 -1.014536348093708629e-02
-9.741282044341991186e-01 2.257682477661668297e-01 -1.014710478120415052e-02
-9.743673448072079912e-01 2.247393873661077124e-01 -1.002543004697657551e-02
-9.743834701818742117e-01 2.243864279191034039e-01 -1.508668772616059486e-02
-9.740324731855236617e-01 2.259143038118983371e-01 -1.494967087016358005e-02
-9.736039119004656905e-01 2.278439766278910206e-01 -1.351181759754730566e-02
-9.741288651986313996e-01 2.255523375290819921e-01 -1.411103080531000455e-02
-9.743365212818863030e-01 2.239935670034856330e-01 -2.225420362268691610e-02
-9.751250481175972595e-01 2.202084921176558074e-01 -2.528606323569284123e-02
-9.749015904092599438e-01 2.209048151783764846e-01 -2.771238185035680354e-02
-9.764802517563713202e-01 2.133589982035101751e-01 -3.105286415499257033e-02
-9.774825552560587605e-01 2.080066459184246319e-01 -3.551216839835034944e-02
-9.783831212820216505e-01 2.035079256855875374e-01 -3.675618151966608682e-02
-9.791960125244729696e-01 1.999997924763446122e-01 -3.428230899079097449e-02
-9.798997734459933273e-01 1.964722132002609534e-01 -3.457062461902151579e-02
-9.797594382874158514e-01 1.966817780089254453e-01 -3.725246219385636159e-02
-9.806367940583973208e-01 1.919432051157638763e-01 -3.884982430178353374e-02
-9.811406735905485732e-01 1.893509951196477303e-01 -3.884847452632833598e-02
-9.824885851467460851e-01 1.824606136773867515e-01 -3.774028607709399574e-02
-9.839317507478464453e-01 1.741454454017190012e-01 -3.939160447677687166e-02
-9.845362266733855838e-01 1.707240623370392674e-01 -3.926496771356522558e-02
-9.856171291404131063e-01 1.656310371879495813e-01 -3.354487814555486697e-02
-9.861094225787047085e-01 1.628174449343547936e-01 -3.284373448119375094e-02
-9.871992356293569637e-01 1.560344766017374707e-01 -3.302931809854162820e-02
-9.886334838894128563e-01 1.470557656194558527e-01 -3.128035867744167337e-02
-9.894257179163887805e-01 1.420575178923097481e-01 -2.926490746675106114e-02
-9.906622729674002814e-01 1.328207828677838154e-01 -3.077214896432959451e-02
-9.906859660348095176e-01 1.320984881122478083e-01 -3.303529542384589512e-02
-9.916861235257060647e-01 1.239997992771725566e-01 -3.439050450115635482e-02
-9.924195518296132779e-01 1.174867869897205513e-01 -3.605984916129107570e-02
-9.928237155034613792e-01 1.132762675373459732e-01 -3.833512564864131195e-02
-9.936508468161466823e-01 1.070984804541209034e-01 -3.446642796295305150e-02
-9.939048625036179807e-01 1.043042580814536324e-01 -3.568992300848355947e-02
-9.939678735649489782e-01 1.024766392991316166e-01 -3.906954499469467851e-02
-9.946739213825559478e-01 9.604513899138816813e-02 -3.740515970594443518e-02
-9.953230937102602871e-01 8.897302546003772739e-02 -3.762664549249292167e-02
-9.952434449496960767e-01 8.971778030087469713e-02 -3.796353202526238368e-02
-9.959715745391430897e-01 8.245354354461995050e-02 -3.524287531375895621e-02
-9.964165168920057214e-01 7.517726496986830431e-02 -3.876245912308644292e-02
-9.969910789857561184e-01 6.493869860334638977e-02 -4.232940653846793688e-02
-9.975419084661368840e-01 5.678860263740067443e-02 -4.105143430519332670e-02
-9.978633855169029010e-01 5.162327293892094576e-02 -4.004655146284108458e-02
-9.984525137006188267e-01 3.956524524635267326e-02 -3.907932871971214750e-02
-9.988750138636008913e-01 3.264283033552008162e-02 -3.439733740276503665e-02
-9.992016553069276164e-01 2.236085111492593092e-02 -3.310692999270824916e-02
-9.991150386960750973e-01 1.883324740065196040e-02 -3.760947672421266486e-02
-9.991926122066425719e-01 1.275375591012007336e-02 -3.809842434609891915e-02
-9.991820559153256065e-01 3.883807000625192143e-03 -4.025120931252514078e-02
-9.992696435161618762e-01 -6.829346665864592658e-04 -3.820651436149320040e-02
-9.991539306214989313e-01 -1.035685017686449952e-02 -3.980180023249259291e-02
-9.992459607683286116e-01 -1.298135842753713257e-02 -3.659260692120433478e-02
-9.989879216700174869e-01 -1.848007076917493330e-02 -4.100785549463514812e-02
-9.988812860335597454e-01 -2.178341565572416982e-02 -4.197242062470965540e-02
-9.984565939343723606e-01 -2.819349933387706522e-02 -4.784957453146582163e-02
-9.985843169207515579e-01 -3.324773954728482001e-02 -4.152077440282123805e-02
-9.979984710800634540e-01 -4.125916272579774335e-02 -4.792450879004715725e-02
-9.975534415129887478e-01 -5.026868123812160138e-02 -4.858205786474000670e-02
-9.972298764614119237e-01 -5.550453449213964274e-02 -4.951611380273595459e-02
-9.972897140390968307e-01 -5.877743240304925121e-02 -4.425454824254802105e-02
-9.964900324843023460e-01 -7.157028509206059264e-02 -4.342044121982140820e-02
-9.966108875383991039e-01 -7.428641856512661901e-02 -3.533117848285876467e-02
-9.956667928901136166e-01 -8.596647907295346114e-02 -3.546022191284099734e-02
-9.947799786516652309e-01 -9.434817877517166773e-02 -3.887468081828147903e-02
-9.944394293414203778e-01 -9.853224155215345448e-02 -3.717047610822274417e-02
-9.938568936296148237e-01 -1.039815682935583130e-01 -3.789899743428080947e-02
-9.934441396314003248e-01 -1.089823053115749341e-01 -3.451990727320347618e-02
-9.926483956160921940e-01 -1.156606907737508516e-01 -3.566220363113187936e-02
-9.913123301606935334e-01 -1.247659794280824436e-01 -4.163340368693969895e-02
-9.905121328369623779e-01 -1.314093758187213079e-01 -4.021587320049223313e-02
-9.900268191351065949e-01 -1.343338680915209526e-01 -4.244213875204053826e-02
-9.893050813290443779e-01 -1.411711341019045718e-01 -3.669049904713930776e-02
-9.892742965247729447e-01 -1.409060338190666339e-01 -3.849521577360016933e-02
-9.883500245319907229e-01 -1.462912315366646232e-01 -4.198964853145569637e-02
-9.867977403006106263e-01 -1.567178552649002021e-01 -4.086269061576459916e-02
-9.858031622993277399e-01 -1.631459511177809907e-01 -3.969319428368868474e-02
-9.846968962369182510e-01 -1.695390932468732181e-01 -4.035522587079765078e-02
-9.846568033537516085e-01 -1.699635648472850591e-01 -3.953975323981306217e-02
-9.836920450231071422e-01 -1.754394668910509714e-01 -3.963558844676556836e-02
-9.835839250781261978e-01 -1.755490487580303460e-01 -4.177582639003804554e-02
-9.822828769989125908e-01 -1.838825775102335136e-01 -3.616037887756951702e-02
-9.817024605813091664e-01 -1.861239476209178290e-01 -4.022661885578070196e-02
-9.805192570839739163e-01 -1.930538823943862003e-01 -3.622444798494074691e-02
-9.788419362197190443e-01 -2.015801023193862784e-01 -3.512765056482795856e-02
-9.778006548395496988e-01 -2.068315666195506275e-01 -3.356498147379356756e-02
-9.754961922309760558e-01 -2.168336373485835744e-01 -3.728777892617633760e-02
-9.752095406657772525e-01 -2.183609235265103199e-01 -3.584528770888056881e-02
-9.750383429937700130e-01 -2.186676403376526800e-01 -3.853204582095787895e-02
-9.740314391874088651e-01 -2.237263648417281703e-01 -3.477491662705010228e-02
-9.728956755827777858e-01 -2.291896457733051118e-01 -3.075932984847037921e-02
-9.720294314425702575e-01 -2.332706917952838133e-01 -2.726892540356826503e-02
-9.708334590558693744e-01 -2.379610275707835232e-01 -2.927404440555195220e-02
-9.697818755899665355e-01 -2.419304614935599285e-01 -3.150858847119647477e-02
-9.685943158034889811e-01 -2.467768054689635226e-01 -3.043493396419773636e-02
-9.682734529433296711e-01 -2.483112412467284869e-01 -2.807264369906349241e-02
-9.685734230020044411e-01 -2.473226339856053335e-01 -2.640197931824301431e-02
-9.691355554605090017e-01 -2.453617877928465640e-01 -2.395608044118825719e-02
-9.690276043802842354e-01 -2.458659947366853837e-01 -2.313957938654376267e-02
-9.692739000980519215e-01 -2.451312681882197586e-01 -2.046444517487636464e-02
-9.682094955815971904e-01 -2.494678807601893866e-01 -1.833506434645958139e-02
-9.673786270984345848e-01 -2.528416742254845362e-01 -1.580205817211224190e-02
-9.657447928373597001e-01 -2.591359054022500108e-01 -1.362362074169628373e-02
-9.658535270314769772e-01 -2.589912874859551239e-01 -7.106530812267400701e-03
-9.652794329192571077e-01 -2.611251184609309495e-01 -7.022417255963921481e-03
-9.647523633644483620e-01 -2.631594240456712752e-01 1.426221965003561520e-04
-9.630675572601966605e-01 -2.692522295977475832e-01 2.035289904189984192e-03
-9.621842782690551710e-01 -2.723292939574838423e-01 6.180259219263129801e-03
-9.631416360552683686e-01 -2.688563799447646341e-01 8.629089274182523417e-03
-9.640677893042118862e-01 -2.654666597465065170e-01 1.003870217715546395e-02
-9.637972441328427342e-01 -2.662375883018092693e-01 1.457546367362766784e-02
-9.643880009918914809e-01 -2.636995844474563921e-01 2.045331838380276546e-02
-9.655602304692517679e-01 -2.591469974775592044e-01 2.315816694588656091e-02
-9.666982911644069754e-01 -2.541148798986953561e-01 3.033261975105557354e-02
-9.681683408556890358e-01 -2.486335553875030080e-01 2.883478717621122678e-02
-9.689654633836000119e-01 -2.453628679102003718e-01 3.005028940324878592e-02
-9.698962440525673578e-01 -2.409412967626437807e-01 3.533544242595415552e-02
-9.711655502015956731e-01 -2.355005383578413491e-01 3.710790783174778423e-02
-9.712488827768490651e-01 -2.354663135268937335e-01 3.508916062046116280e-02
-9.729719901523311565e-01 -2.278861774101889615e-01 3.732857985560503189e-02
-9.746126506223824482e-01 -2.202425947642518145e-01 4.029152743028807659e-02
-9.758961028176632579e-01 -2.141369882834470439e-01 4.209718818308904459e-02
-9.770183160837718761e-01 -2.077434964601306000e-01 4.772710607112642250e-02
-9.775763560437156219e-01 -2.043721870045828726e-01 5.075927763357090949e-02
-9.787805891843415207e-01 -1.983847470158256465e-01 5.130377562832454802e-02
-9.797161947875675514e-01 -1.934069607326706353e-01 5.243998710010751296e-02
-9.820395211936768787e-01 -1.808228211377328754e-01 5.386569660762934031e-02
-9.831803976861156480e-01 -1.745638573583964959e-01 5.370095354582885699e-02
-9.849584972395661886e-01 -1.627010511645359536e-01 5.818207754741193394e-02
-9.869290787415807564e-01 -1.496034853149782184e-01 5.991509372231252489e-02
-9.880190658805160231e-01 -1.407585782857084800e-01 6.328803876862870714e-02
-9.880871669533058954e-01 -1.378359392030664432e-01 6.844729536031504691e-02
-9.902248412176197778e-01 -1.242610390805018034e-01 6.335602378496937859e-02
-9.909271293858040730e-01 -1.166757568268555201e-01 6.670996805756795878e-02
-9.922564984010402434e-01 -1.047727677913859179e-01 6.670634402830687149e-02
-9.927485363186251410e-01 -9.499085740445604997e-02 7.366891539260594923e-02
-9.933387801913552417e-01 -8.742930144241535528e-02 7.506139795414623617e-02
-9.940287729359836844e-01 -7.967654488236700083e-02 7.455518211845998944e-02
-9.952726603615974499e-01 -6.520049510307943108e-02 7.198093754227490038e-02
-9.966461807879155588e-01 -4.720447562837690181e-02 6.684425935379846584e-02
-9.973693186566536806e-01 -3.098916560426857175e-02 6.552969496777125147e-02
-9.972231214539544197e-01 -2.695736916245454820e-02 6.942170806239988945e-02
-9.973337099316730292e-01 -1.847926959379265349e-02 7.059755616094506858e-02
-9.973693872153068796e-01 -1.203014206689403953e-02 7.148152536931383361e-02
-9.974346546629855315e-01 3.370703437260249777e-03 7.150367390093397002e-02
-9.972080306102231173e-01 1.134841584858221029e-02 7.380639975067244951e-02
-9.968301497206635275e-01 2.642653618041711922e-02 7.504211086018913734e-02
-9.965095238766357166e-01 3.734353349983865478e-02 7.466094639361134377e-02
-9.960924417667899045e-01 4.586597592886268449e-02 7.547309013002651001e-02
-9.951383257253449965e-01 5.688899099068789322e-02 8.039517008892656247e-02
-9.947753549694379194e-01 6.732022045143615241e-02 7.674639463436699893e-02
-9.936146200488891189e-01 7.850699112024536741e-02 8.103497644947517398e-02
-9.930730925820299149e-01 8.977378182071378554e-02 7.580586086407307966e-02
-9.919056850374513568e-01 1.034769398941641910e-01 7.359118407886290625e-02
-9.893530369201771757e-01 1.218049499025949667e-01 7.965017919864254836e-02
-9.876088044076727357e-01 1.358048957786547606e-01 7.865054470582109880e-02
-9.858105136154983184e-01 1.494721314627394104e-01 7.639202504538607219e-02
-9.850745848552788786e-01 1.569154873222799729e-01 7.075040726361445098e-02
-9.824927794198085040e-01 1.711084791210747691e-01 7.368754901380844546e-02
-9.803317007244793935e-01 1.841469490746076298e-01 7.099074201846497512e-02
-9.783328839549199074e-01 1.957986598389046262e-01 6.728804189678525005e-02
-9.761586021532567825e-01 2.056676888818316784e-01 6.939173513782920244e-02
-9.747994754444864185e-01 2.132177346343921143e-01 6.560646296481535689e-02
-9.726743377382915945e-01 2.237003774139615098e-01 6.215143813385539534e-02
-9.696593869690891543e-01 2.365402649997011553e-01 6.172036681323349316e-02
-9.673087028097526741e-01 2.463794806825904404e-01 6.009203093083999997e-02
-9.644206619450147455e-01 2.571145065559511389e-01 6.152190367425978273e-02
-9.602219342662889900e-01 2.724482148167369222e-01 6.120322288994957394e-02
-9.595572059980791435e-01 2.753501213425461058e-01 5.858588874396979118e-02
-9.571001379638279793e-01 2.841494095625253236e-01 5.673152731309408225e-02
-9.550296427896044493e-01 2.922112649828241815e-01 5.030889559471600492e-02
-9.534278602190793261e-01 2.977945935932665433e-01 4.789282094802203849e-02
-9.523623195087143056e-01 3.013470742976138150e-01 4.686128551266449671e-02
-9.501740316939187858e-01 3.080570725870153126e-01 4.764636824582793584e-02
-9.480085220634870691e-01 3.138921458786619878e-01 5.245559970554630747e-02
-9.446317399805795878e-01 3.237724913597190279e-01 5.331300756284202552e-02
-9.418074759074018809e-01 3.323806359498645002e-01 5.021770706516479055e-02
-9.385153981630703912e-01 3.421409691800296193e-01 4.613492485612480376e-02
-9.369992165673098894e-01 3.471036230919682386e-01 3.938996846948270708e-02
-9.350109869830941500e-01 3.521459722487552124e-01 4.180544434170496704e-02
-9.314494648424763712e-01 3.617770212390351015e-01 3.897830229880093478e-02
-9.319107031913552719e-01 3.609156395714431809e-01 3.581018171460936816e-02
-9.297533253434041578e-01 3.669533105165186937e-01 3.006740431944377595e-02
-9.310138057347803198e-01 3.639433037006277738e-01 2.754255125227152504e-02
-9.275119471018368200e-01 3.727172884989567447e-01 2.834497875703870240e-02
-9.277486625071686976e-01 3.719443053217567074e-01 3.065746138918829661e-02
-9.270692617183926565e-01 3.738002903641773900e-01 2.856490673133135066e-02
-9.264982943935539117e-01 3.752263567014986201e-01 2.839222989329083513e-02
-9.247243797730101411e-01 3.798410786798573358e-01 2.460900883163899544e-02
-9.236059387550893396e-01 3.827987540144170975e-01 2.042573516134965628e-02
-9.232384467699208397e-01 3.839383125569289512e-01 1.490534764708140517e-02
-9.221542530733399801e-01 3.863344432668369688e-01 1.942314035458758692e-02
-9.216355808738564415e-01 3.876296371353483705e-01 1.819745496378355476e-02
-9.191827085962029908e-01 3.934071964008162836e-01 1.827437891262178107e-02
-9.178631808028510086e-01 3.963245600486412501e-01 2.130848036408172080e-02
-9.173719066503093211e-01 3.976392419422998259e-01 1.765913533313424183e-02
-9.176286714206594031e-01 3.971452391631491996e-01 1.527440071691623172e-02
-9.176164905659158766e-01 3.973255434837130728e-01 1.060262610190318595e-02
-9.182002449597853611e-01 3.960254954516780890e-01 8.493766577147759955e-03
-9.171770206181318885e-01 3.984240854764863893e-01 6.677417417482595964e-03
-9.152480778216841584e-01 4.028593052143208397e-01 5.036189436547118710e-03
-9.157625137901141965e-01 4.017184208242695065e-01 1.164345311001123082e-03
-9.166689100196273587e-01 3.996292490252529861e-01 -3.820964961628725912e-03
-9.177910361414616247e-01 3.969699444383385512e-01 -8.631592938299417761e-03
-9.182700763588000914e-01 3.958383695101672650e-01 -9.595795810880424284e-03
-9.183553594607976045e-01 3.956161699770533446e-01 -1.055021389296911284e-02
-9.172568309514631535e-01 3.980557155405362590e-01 -1.384126450794687622e-02
-9.177165769804854767e-01 3.968544480249199258e-01 -1.740283497736611062e-02
-9.193935326150605158e-01 3.927814781472239170e-01 -2.093489913748350362e-02
-9.190431537174900134e-01 3.933716028752754501e-01 -2.486948044307486783e-02
-9.198330215759484840e-01 3.910729897599749538e-01 -3.113128052995292258e-02
-9.215045726685029415e-01 3.869076859060046059e-01 -3.364212701463540484e-02
-9.225580246762308256e-01 3.835307354798755952e-01 -4.231895448121446301e-02
-9.251252604879434127e-01 3.769826403564980333e-01 -4.502631652136004914e-02
-9.279329271125793532e-01 3.701081804645712792e-01 -4.427691748996032128e-02
-9.297948463203077329e-01 3.649817074910478576e-01 -4.764372903087354949e-02
-9.300407193202239187e-01 3.638806256037969145e-01 -5.113881803198358500e-02
-9.327132780151267122e-01 3.565213011637958229e-01 -5.420821823858048422e-02
-9.357761285344684543e-01 3.477861825453819611e-01 -5.803306658758187325e-02
-9.382412232110348693e-01 3.413620686793096271e-01 -5.635045180443112173e-02
-9.426136357965509971e-01 3.286464037956004502e-01 -5.891607131052120638e-02
-9.454654707710158368e-01 3.202453875202284084e-01 -5.948078640014533430e-02
-9.489771895051587469e-01 3.090672513449189696e-01 -6.260796160236731245e-02
-9.537178242715212972e-01 2.947255045845751376e-01 -5.965917629533292604e-02
-9.566959166791864089e-01 2.852872528474164615e-01 -5.782849637200573878e-02
-9.580870049475654904e-01 2.794560298117211850e-01 -6.303687142378028296e-02
-9.596555315296677602e-01 2.730035186787014290e-01 -6.730801226599328335e-02
-9.628251732472852265e-01 2.603984529383310820e-01 -7.183565112323175850e-02
-9.661407008865556811e-01 2.475273295683421970e-01 -7.281755669438383372e-02
-9.685121627788281229e-01 2.369333795382323471e-01 -7.646433079458246629e-02
-9.703552601978417957e-01 2.293935980189917012e-01 -7.608729105424318073e-02
-9.716754730677987784e-01 2.240444212960708004e-01 -7.517248140684273938e-02
-9.738855027127679698e-01 2.132705827401165377e-01 -7.786344386889522406e-02
-9.758793705829555964e-01 2.051245994392346950e-01 -7.472203523097362132e-02
-9.780269834492857361e-01 1.951652970915195850e-01 -7.330590824771325564e-02
-9.804904947900106027e-01 1.825530511042877391e-01 -7.288897626624034343e-02
-9.827655561821666552e-01 1.722455234580839156e-01 -6.710715733683977891e-02
-9.851721463216788210e-01 1.586671889776195554e-01 -6.527322902205474897e-02
-9.865310959965571946e-01 1.480482008291490181e-01 -6.955685640425375571e-02
-9.881069522730494548e-01 1.367288611154625355e-01 -7.035551770546599748e-02
-9.892545147530643623e-01 1.289546204536309582e-01 -6.889296255918982148e-02
-9.907338594426616796e-01 1.181402311917616327e-01 -6.700249840659548706e-02
-9.917216880317383243e-01 1.089668860283800195e-01 -6.792893749128749159e-02
-9.922644221001937215e-01 1.044718133888074552e-01 -6.705957170010637403e-02
-9.926774451211829442e-01 9.838437050273234064e-02 -7.008591187527175859e-02
-9.931696991736439495e-01 9.190713661205753005e-02 -7.188224008074740878e-02
-9.939953872639832877e-01 7.947093151709984371e-02 -7.521682571007978768e-02
-9.948507590586737059e-01 7.093037452765323103e-02 -7.239391449254281574e-02
-9.957954050438662108e-01 5.482684729108494581e-02 -7.338636077807153546e-02
-9.964793973330761112e-01 4.342629149356039969e-02 -7.171469605993621710e-02
-9.969276816008482145e-01 3.468691876326771006e-02 -7.022851985120595608e-02
-9.970455279876236920e-01 2.172434750878558807e-02 -7.367698257975961729e-02
-9.969059896363561268e-01 6.367503121680415795e-03 -7.834496179068622945e-02
-9.972785558141347151e-01 -4.623336240258226967e-03 -7.358082034278172479e-02
-9.967080249717642504e-01 -1.611524266889401147e-02 -7.945717514001107706e-02
-9.961699489925770479e-01 -3.082984350611734856e-02 -8.182288463320096239e-02
-9.962259547107737978e-01 -3.676401376199912863e-02 -7.862750994962536266e-02
-9.954295462984878995e-01 -4.731408768145241306e-02 -8.295436446131561337e-02
-9.944438302024176668e-01 -5.980635111217338928e-02 -8.662967426518707048e-02
-9.936509885897325534e-01 -7.494989342012166322e-02 -8.390624341912686357e-02
-9.930491619632352274e-01 -8.658540417465197814e-02 -7.972678869539610857e-02
-9.920672341528662397e-01 -9.626643008837079685e-02 -8.084187377989916767e-02
-9.911730043890685238e-01 -1.072398993332018130e-01 -7.794684339070044599e-02
-9.892497023018906877e-01 -1.237078830615200020e-01 -7.798344183793055884e-02
-9.877789160289713877e-01 -1.337204636384189682e-01 -8.007297777333648170e-02
-9.866856269438978311e-01 -1.420862319286779751e-01 -7.913916459331661601e-02
-9.851647853880813877e-01 -1.510590923877062619e-01 -8.143419074490915177e-02
-9.825757064588495071e-01 -1.668534205982158403e-01 -8.188374884750906912e-02
-9.804978640883040830e-01 -1.811431069395524618e-01 -7.623085908222328178e-02
-9.786205796786001665e-01 -1.925930079409489681e-01 -7.217842098525907579e-02
-9.769360311074462011e-01 -2.016269516927733652e-01 -7.030358106989896549e-02
-9.740110594103613684e-01 -2.155715292656067150e-01 -6.950828634393131644e-02
-9.714925212199271298e-01 -2.276830073787522724e-01 -6.605118362413489597e-02
-9.684292081148816456e-01 -2.412522638199837144e-01 -6.278728397865505906e-02
-9.649691903794606063e-01 -2.544885167550872129e-01 -6.379722158599776538e-02
-9.620497795327372925e-01 -2.649823569994730343e-01 -6.515060462123917207e-02
-9.588115597382346200e-01 -2.770963763274915115e-01 -6.243412694144351988e-02
-9.557710498208468186e-01 -2.880758357611149512e-01 -5.927935654662269682e-02
-9.539725505996992094e-01 -2.938914290804044427e-01 -5.970116884197616824e-02
-9.525801753859105547e-01 -2.993534393249505654e-01 -5.457615467789834335e-02
-9.521862485480577787e-01 -3.018663836379530396e-01 -4.709631876181138987e-02
-9.502334574976409876e-01 -3.086857908307374387e-01 -4.206527586834043347e-02
-9.483792183476112969e-01 -3.147750990329959420e-01 -3.864613620202728139e-02
-9.472690019680845008e-01 -3.185096919723651165e-01 -3.511470681398819876e-02
-9.458993539879809731e-01 -3.228822777967663149e-01 -3.196052883342937606e-02
-9.447182551279450502e-01 -3.266147400368135667e-01 -2.881420737278293440e-02
-9.430179123852020506e-01 -3.319054625451100526e-01 -2.357985024024034440e-02
-9.414008440742239747e-01 -3.365978069274598306e-01 -2.159619243377108172e-02
-9.412018621980119404e-01 -3.369616711080724580e-01 -2.441137418422124894e-02
-9.414817002393709444e-01 -3.362074949967507331e-01 -2.401576181482919722e-02
-9.403251828192581430e-01 -3.395527796438151946e-01 -2.219208715727208001e-02
-9.397043090266639087e-01 -3.415455308645551913e-01 -1.739224727379906285e-02
-9.395119208507013431e-01 -3.421336203439221957e-01 -1.618532463197307550e-02
-9.379008921973190915e-01 -3.466220790258880968e-01 -1.396706915740554729e-02
-9.385215867404157475e-01 -3.449934278429269696e-01 -1.252175103464251392e-02
-9.391523957796682476e-01 -3.433638702229032114e-01 -9.698372358003769234e-03
-9.376466751382386278e-01 -3.474637350403450564e-01 -9.364492957128447981e-03
-9.385709611577212064e-01 -3.450054418592033989e-01 -7.471566822234788734e-03
-9.375598853641874397e-01 -3.477259423911434610e-01 -8.255828724069399702e-03
-9.367786209811278519e-01 -3.498571318370767846e-01 -6.769855196170828683e-03
-9.360641057354899264e-01 -3.517983051002688266e-01 -4.687305290423232455e-03
-9.360216359296327227e-01 -3.518970550886534876e-01 -5.655797165445363740e-03
-9.349748131863536704e-01 -3.547036515697579717e-01 -2.728843916579739952e-03
-9.365726188252668782e-01 -3.504735863066155699e-01 1.527338403063856209e-04
-9.370670347142119327e-01 -3.491154532843353531e-01 4.878640256304183666e-03
-9.376228865804712154e-01 -3.475339167047411526e-01 9.139351014353678387e-03
-9.369668366107287705e-01 -3.492365453759006533e-01 1.126991105605008696e-02
-9.382628227520573017e-01 -3.453343691202700461e-01 2.017616968813519887e-02
-9.396915632487741199e-01 -3.414717025849477450e-01 1.941316966993628101e-02
-9.388072655521534360e-01 -3.436034383147679727e-01 2.403381228027963099e-02
-9.403935365090728693e-01 -3.390174182455074625e-01 2.696693304251973969e-02
-9.399670326360707318e-01 -3.398104286863714574e-01 3.147823042007914102e-02
-9.429519503856219620e-01 -3.310981340725996924e-01 3.486651798734702323e-02
-9.456955462866158957e-01 -3.226839641803352365e-01 3.917936352914491022e-02
-9.496556514577911834e-01 -3.105163379521581613e-01 4.163864877299994910e-02
-9.533190942443594551e-01 -2.982135609658458364e-01 4.744899076375151681e-02
-9.558452975610387536e-01 -2.903696606883722220e-01 4.522452140123269654e-02
-9.561970202948644193e-01 -2.889250410329433083e-01 4.700647943094153625e-02
-9.581783592603339006e-01 -2.820388636489823408e-01 4.845968827273731960e-02
-9.602416505782915834e-01 -2.735938227202232009e-01 5.551957343450043131e-02
-9.629787119538431028e-01 -2.629428245235914674e-01 5.943990280781467905e-02
-9.660175126669776624e-01 -2.500070526186180531e-01 6.562522690614437659e-02
-9.676859104822556068e-01 -2.420473018365680018e-01 7.069026873358798257e-02
-9.698089030363394869e-01 -2.317409856984934957e-01 7.593970763588783757e-02
-9.707868467384632716e-01 -2.277931611149885405e-01 7.538704128717901853e-02
-9.743698347486883238e-01 -2.107209680271376617e-01 7.874091160575143189e-02
-9.766035116073549238e-01 -1.990528813528521235e-01 8.138528186671850628e-02
-9.786011141042871841e-01 -1.882872247562153989e-01 8.299284982055692150e-02
-9.809828213179283551e-01 -1.760546934350895043e-01 8.171585999057195959e-02
-9.828327835649413036e-01 -1.634255801354293214e-01 8.562612061480041892e-02
-9.841544614628910947e-01 -1.524439288690628003e-01 9.055869898981568078e-02
-9.866822863800261967e-01 -1.378877676497179683e-01 8.628477518198333918e-02
-9.887661389720441285e-01 -1.238215169055168069e-01 8.372447138592545302e-02
-9.904029480377020134e-01 -1.070895689740840040e-01 8.737195070415355869e-02
-9.914053682956662783e-01 -9.759808098301636647e-02 8.712085472672349840e-02
-9.924361128027128220e-01 -8.939887782257692483e-02 8.413343873162323905e-02
-9.931890635679047064e-01 -7.807412116878144348e-02 8.648669650197088332e-02
-9.943881993644446693e-01 -6.048019821290214620e-02 8.680027493147514372e-02
-9.946758163791041829e-01 -5.004696358852531168e-02 9.008526595173950435e-02
-9.953117885037625623e-01 -3.920087096121672998e-02 8.841814647394587168e-02
-9.955389194370022343e-01 -3.075643455845328278e-02 8.919828970099523413e-02
-9.962638135385583071e-01 -1.065631708324556517e-02 8.570233147580268163e-02
-9.961180387080168508e-01 -6.382068309218742914e-03 8.779609958687568938e-02
-9.960553350595974242e-01 9.083161930023876673e-03 8.826833312054674363e-02
-9.961376000722478308e-01 2.499889963386799085e-02 8.417226005679270817e-02
-9.956873295634180998e-01 3.385350543249257549e-02 8.637542843136576665e-02
-9.952332201961922031e-01 5.031386070857890580e-02 8.354271574157925984e-02
-9.941893387242830560e-01 6.753978711235684995e-02 8.382105023153342549e-02
-9.935770666454273314e-01 7.334426779195114821e-02 8.616996935023144011e-02
-9.922757382271454318e-01 8.517505222504362372e-02 9.018926127261318870e-02
-9.916514543148061689e-01 9.428118082085905349e-02 8.796865907347575786e-02
-9.903752039872707469e-01 1.104072488437695676e-01 8.346991864677580364e-02
-9.893370861813698403e-01 1.186801599137627533e-01 8.442264030864359003e-02
-9.877460812192552231e-01 1.342545194418003074e-01 7.958288151940379196e-02
-9.859819628662265245e-01 1.484658438488911103e-01 7.614127476580812015e-02
-9.842924369174174126e-01 1.594400551109172726e-01 7.581094281007193236e-02
-9.831889475174512283e-01 1.684907636262842900e-01 7.035898988501680662e-02
-9.817885299847383118e-01 1.770772540333316603e-01 6.881104423659421820e-02
-9.790665096150545921e-01 1.917251317411179379e-01 6.833940953397629747e-02
-9.777921720112262571e-01 1.984008624471088333e-01 6.752479090728336075e-02
-9.745735423732553304e-01 2.157341901629483971e-01 6.054090084958377999e-02
-9.716338327799541874e-01 2.292296636022274903e-01 5.815055569833771365e-02
-9.695875470695257681e-01 2.382510173342667070e-01 5.600421510826915361e-02
-9.672947424214723977e-01 2.471292741381939662e-01 5.716672138291023497e-02
-9.644432352814812370e-01 2.581300770386405485e-01 5.672865337979268729e-02
-9.621495681097375074e-01 2.676690010847249668e-01 5.120102395984330035e-02
-9.601050856148756196e-01 2.752261767639371803e-01 4.948541785325114711e-02
-9.582477960634218084e-01 2.820044027181489166e-01 4.727270324830089993e-02
-9.577144273166883215e-01 2.848381142128033061e-01 4.062455682945030622e-02
-9.562810554073588598e-01 2.898765736528183812e-01 3.870588139139222172e-02
-9.551883779638452587e-01 2.932434183773968694e-01 4.029255949110304574e-02
-9.526449222508650561e-01 3.013485059805450783e-01 4.070331967054184596e-02
-9.505416008652950444e-01 3.076524751314523298e-01 4.266907305318261290e-02
-9.476144060871279917e-01 3.162440241344356973e-01 4.490751541934881463e-02
-9.450009648211603608e-01 3.239371730087642343e-01 4.514326974866842562e-02
-9.431656728779677090e-01 3.295872717865934720e-01 4.255319204124769633e-02
-9.430964683393578962e-01 3.301435102156565216e-01 3.967800950044141767e-02
-9.392861880090757065e-01 3.413781422016983202e-01 3.467637720265959178e-02
-9.370032765727297486e-01 3.478737819139006704e-01 3.176037892650883376e-02
-9.361880779732631996e-01 3.505049820053831588e-01 2.642291273238891666e-02
-9.351511402126448935e-01 3.534454305428733067e-01 2.384748683945825051e-02
-9.333550841593403202e-01 3.584394671710499636e-01 1.922147499713559859e-02
-9.320565323496297072e-01 3.618689481816697029e-01 1.793083082536544443e-02
-9.301587549575554004e-01 3.667817234437593110e-01 1.660986913455611211e-02
-9.288790704666239906e-01 3.699990629728059366e-01 1.686403516916663847e-02
-9.277763617464623858e-01 3.729809122491035689e-01 1.078385256963851346e-02
-9.285928494530689692e-01 3.710210123046108754e-01 7.665391319756367783e-03
-9.273227430024973961e-01 3.742407868261473092e-01 4.048896494260914927e-03
-9.266588452136711451e-01 3.758822622343466202e-01 3.992405469219430757e-03
-9.280006480152068749e-01 3.725692320436236882e-01 2.644692285229240970e-03
-9.298012228231558041e-01 3.680606593230397183e-01 -1.032912320157864175e-03
-9.302203585534540853e-01 3.670011649819036048e-01 -5.091617727148862712e-04
-9.314470541602909437e-01 3.638355389323150169e-01 -5.487787612339532425e-03
-9.322951081775562310e-01 3.616194187021514739e-01 -7.566850096468688905e-03
-9.327116454498510789e-01 3.603538872335648180e-01 -1.393170594028324966e-02
-9.320907248845338167e-01 3.620171379341599049e-01 -1.226794502732454772e-02
-9.346324542003299207e-01 3.554494213195207308e-01 -1.085884138142217438e-02
-9.357754225041232665e-01 3.523233336508046487e-01 -1.388010227605599931e-02
-9.373554638533575512e-01 3.481254416291575948e-01 -1.316971133429306086e-02
-9.361836533055529763e-01 3.510533255995090252e-01 -1.793766647523028016e-02
-9.383686164707877309e-01 3.450979935481660599e-01 -1.928067705350040503e-02
-9.378170088715946928e-01 3.462692017506109332e-01 -2.443210666502382278e-02
-9.393765189183524988e-01 3.418310253733505277e-01 -2.689490453023040545e-02
-9.402625437103548922e-01 3.391427004279041757e-01 -2.980952422247755765e-02
-9.412401153669766041e-01 3.361711967746069396e-01 -3.249618122176971269e-02
-9.417073086126211967e-01 3.342172801342814803e-01 -3.855106690380525475e-02
-9.440198258028189571e-01 3.273772804472067088e-01 -4.062899176219118835e-02
-9.456622489983543822e-01 3.226845645400482354e-01 -3.997014948146707103e-02
-9.481640856467989931e-01 3.148514375325018322e-01 -4.305193801457381925e-02
-9.527412794835938836e-01 3.011917518560834339e-01 -3.959309366669783864e-02
-9.543102119366352332e-01 2.968547872563284673e-01 -3.419480406839462555e-02
-9.547168914971292386e-01 2.945260067419388506e-01 -4.207277799684606273e-02
-9.565582415620338397e-01 2.888934173487926471e-01 -3.920400602203607393e-02
-9.578830799874183954e-01 2.848891856238390807e-01 -3.603036319991166636e-02
-9.588738325651205985e-01 2.813628887663492395e-01 -3.736212211481509948e-02
-9.595853713849743505e-01 2.785435580063602701e-01 -4.011771996863015138e-02
-9.616072168363960504e-01 2.718554533731358802e-01 -3.749937524375223513e-02
-9.643952468682983614e-01 2.608913548299638951e-01 -4.333058475586919200e-02
-9.674582052198511528e-01 2.492289671984275201e-01 -4.369867136145581810e-02
-9.691772087546826064e-01 2.423322638339648338e-01 -4.439192262652418702e-02
-9.718881010210249638e-01 2.311882754470400980e-01 -4.455930062846599760e-02
-9.738199294799712025e-01 2.226095454510234051e-01 -4.604091854752155599e-02
-9.748534994935748044e-01 2.179183756291438734e-01 -4.660758587418852017e-02
-9.763210640484843994e-01 2.107586193048102963e-01 -4.876489871034252188e-02
-9.773410646474451902e-01 2.049179786260779401e-01 -5.303863354581338924e-02
-9.798675610228270161e-01 1.932251888028780062e-01 -5.023564772650308125e-02
-9.821562267968846349e-01 1.801819226679187702e-01 -5.388554845376640479e-02
-9.845663990393463960e-01 1.662600222164677954e-01 -5.465018211766296818e-02
-9.854532141931238165e-01 1.603732061038165846e-01 -5.623547772670289824e-02
-9.864858751799550074e-01 1.529047923603785164e-01 -5.887082654890336136e-02
-9.885225833886152058e-01 1.397359360020924146e-01 -5.741952534867953567e-02
-9.899297928521310075e-01 1.318760126330350557e-01 -5.145632954708098672e-02
-9.912195405411456939e-01 1.221894066945457130e-01 -5.053318333464193457e-02
-9.916289196471107514e-01 1.161886591932279611e-01 -5.632328570569944404e-02
-9.929106085243956104e-01 1.066686407494958078e-01 -5.244383410952605656e-02
-9.937840082046612844e-01 9.883322955318910030e-02 -5.123835384795231290e-02
-9.942851980435585268e-01 9.628979256593170333e-02 -4.610045341721932116e-02
-9.944755940018887852e-01 9.189567429904693663e-02 -5.072976550122755557e-02
-9.952600910983541160e-01 8.466573943701366511e-02 -4.784448420415738507e-02
-9.954821660355694934e-01 8.093231103661238657e-02 -4.965127596456355569e-02
-9.955738970515662922e-01 7.841011330908835564e-02 -5.181216803151005024e-02
-9.962309761624811300e-01 7.054128443790720626e-02 -5.047574009024857061e-02
-9.968212629795198954e-01 6.305249922661451678e-02 -4.870095470452878023e-02
-9.969579614067527462e-01 6.155258099550767886e-02 -4.781353291059232263e-02
-9.970974383000130725e-01 5.728383561243308858e-02 -5.015268475069938753e-02
-9.975165733617504804e-01 4.730037592575095373e-02 -5.218612384572563628e-02
-9.977003972807604315e-01 4.099080262653009843e-02 -5.397872482627921742e-02
-9.979613678295767842e-01 3.106847390141937587e-02 -5.574845066842586822e-02
-9.981344148426360974e-01 2.625112493372122602e-02 -5.512349619660595473e-02
-9.981458858152487679e-01 1.365633454803396110e-02 -5.931548825174780271e-02
-9.979425011729208261e-01 3.804146938724353028e-03 -6.400253766050963133e-02
-9.984936149541883132e-01 -6.944267535127180910e-04 -5.486392667340131424e-02
-9.986214471831170725e-01 -7.420414481509603200e-03 -5.196320200703257591e-02
-9.982602694172616475e-01 -1.598932083908585766e-02 -5.675216262280222135e-02
-9.983025807181081790e-01 -2.612673720482566395e-02 -5.205172748470181937e-02
-9.984656851488713514e-01 -3.148120044268762352e-02 -4.555481158366956468e-02
-9.981962089140316019e-01 -3.732103257278307495e-02 -4.702659213960615203e-02
-9.979439404051062557e-01 -4.598736206492542999e-02 -4.464398836589243691e-02
-9.975152777577417362e-01 -5.671979899743516407e-02 -4.178715153874729832e-02
-9.973074014292806488e-01 -6.332025115569846208e-02 -3.699356293211407409e-02
-9.966305794731910028e-01 -7.343142789308887419e-02 -3.654236283313112149e-02
-9.961558526922759116e-01 -7.705061640888982710e-02 -4.167434070939819712e-02
-9.960659441093617783e-01 -7.768402738710453170e-02 -4.263634473349380005e-02
-9.958788932153531670e-01 -8.158935166476778689e-02 -3.960351827411205672e-02
-9.956293738959486328e-01 -8.284075541084824634e-02 -4.312296389232870425e-02
-9.952038459720629060e-01 -8.804440763603536835e-02 -4.263236055833661414e-02
-9.945747424471762521e-01 -9.334913761806666599e-02 -4.590262667420857284e-02
-9.938725321302724902e-01 -9.940740162027174309e-02 -4.832793607999997382e-02
-9.932083808740536091e-01 -1.053294553573682069e-01 -4.942518636635057083e-02
-9.925095950799326383e-01 -1.108841996600280072e-01 -5.127795878276572572e-02
-9.911103997574439717e-01 -1.232946060584378806e-01 -4.998646440804502267e-02
-9.901237984322399655e-01 -1.309104772709701048e-01 -5.017311772554784721e-02
-9.891295506140689309e-01 -1.376187400797773963e-01 -5.180584436810044269e-02
-9.875089526765886694e-01 -1.497162576301455938e-01 -4.910337367883759602e-02
-9.862122783105464752e-01 -1.577112625510906918e-01 -5.012514865129841929e-02
-9.848071191236617006e-01 -1.653289550753978265e-01 -5.311596374830726552e-02
-9.842882961664616293e-01 -1.682478150125242267e-01 -5.356541470218682127e-02
-9.831908162266820295e-01 -1.746228625653575284e-01 -5.331702942278194329e-02
-9.810091220995276196e-01 -1.866142335805888175e-01 -5.287968426594067545e-02
-9.781037180391677355e-01 -2.012836877707452621e-01 -5.289635738934951592e-02
-9.773242269177289110e-01 -2.055534433851128606e-01 -5.084454929131076301e-02
-9.763195716696261295e-01 -2.103163576827012382e-01 -5.066709450184875979e-02
-9.739345078327552585e-01 -2.220200471235308226e-01 -4.646185273940956623e-02
-9.732237496148162803e-01 -2.254772306306824792e-01 -4.467194029105948233e-02
-9.717905571222841266e-01 -2.322922410043932462e-01 -4.078551590875196392e-02
-9.706910901620474652e-01 -2.371135040734302368e-01 -3.919214318973465033e-02
-9.697296059738411689e-01 -2.402281675446032994e-01 -4.376013437823100122e-02
-9.680197858321492044e-01 -2.469266158371927478e-01 -4.432799577802904595e-02
-9.663834853137560632e-01 -2.531935496981311817e-01 -4.467679824909335379e-02
-9.659381843997325578e-01 -2.560646992750347795e-01 -3.734065282957082371e-02
-9.649722628490638998e-01 -2.596827615033753256e-01 -3.732862118815375579e-02
-9.631768555890608541e-01 -2.671845352118428774e-01 -3.004662289027457134e-02
-9.617550647618522408e-01 -2.723159328266941959e-01 -2.951709133594988127e-02
-9.621164318509604074e-01 -2.714993851658362156e-01 -2.490152600598349864e-02
-9.596457107524123398e-01 -2.801227296742073714e-01 -2.472643794453169286e-02
-9.576582348719873128e-01 -2.869074887130682594e-01 -2.397558428338742234e-02
-9.563105411070579320e-01 -2.915510758123160406e-01 -2.163676735673423709e-02
-9.544468879690731766e-01 -2.978963610911142257e-01 -1.699783803756857448e-02
-9.532629714762346218e-01 -3.016032975349834944e-01 -1.803298459797647579e-02
-9.513988433657287747e-01 -3.074467087007153876e-01 -1.779866734569252734e-02
-9.501712872696461698e-01 -3.110141614409155375e-01 -2.108901967998419100e-02
-9.491150174541156392e-01 -3.144351767139718645e-01 -1.764181839109747046e-02
-9.474385141556485035e-01 -3.194506256916732068e-01 -1.765191514802903067e-02
-9.463067000541669493e-01 -3.227351979132358495e-01 -1.859171708098451836e-02
-9.440820747371461152e-01 -3.291962545467681522e-01 -1.840903660837278633e-02
-9.441572681675103329e-01 -3.288848154907147436e-01 -2.004648553311024622e-02
-9.442691854226505921e-01 -3.289411892027053197e-01 -1.238668756419929358e-02
-9.434238473571133765e-01 -3.314574143076465806e-01 -9.351859459332048652e-03
-9.444657965695500978e-01 -3.286005646568743166e-01 -2.461469875402514350e-03
-9.445288931163821067e-01 -3.284106205092366393e-01 -3.415438663232266657e-03
-9.439208113276758016e-01 -3.301225550722993174e-01 -5.712391600346736556e-03
-9.452268969055216408e-01 -3.263407600867850866e-01 -6.917551608644306044e-03
-9.431198543436623005e-01 -3.324232651583077791e-01 -4.443416961218294575e-03
-9.428942425309871922e-01 -3.330612599469952584e-01 -4.547016051089933578e-03
-9.426140656488383174e-01 -3.338352091782088582e-01 -5.727755763998585922e-03
-9.401746767427419105e-01 -3.406570585887559455e-01 -4.937253115537789359e-03
-9.424303216822628171e-01 -3.343349490442285576e-01 -6.727658524369087290e-03
-9.439605095410131819e-01 -3.300563346567506051e-01 -1.184600909740375109e-03
-9.440467289203601231e-01 -3.298049418192393611e-01 2.122470539524383502e-03
-9.440003011450739390e-01 -3.299334838428303884e-01 2.712672545768832644e-03
-9.439071753530591247e-01 -3.302044205877823213e-01 -2.077471060897689240e-03
-9.444592569064312881e-01 -3.286071314974348123e-01 3.754484889605739107e-03
-9.443274260634454409e-01 -3.290053268364042660e-01 1.112788080533857766e-03
-9.439456096557796716e-01 -3.300444325980606552e-01 6.114698395421506311e-03
-9.438731941966671535e-01 -3.302235353804237605e-01 7.472681808972996345e-03
-9.451146850879101891e-01 -3.267244234124473401e-01 3.068240028313907498e-03
-9.446480064504263474e-01 -3.280510040194745125e-01 4.765876864877146950e-03
-9.444963714865670656e-01 -3.283008508001812320e-01 1.204933937448008849e-02
-9.438623156507132128e-01 -3.297826485619197445e-01 1.916676153445742020e-02
-9.439256732193710420e-01 -3.297252572572386686e-01 1.689997384765687394e-02
-9.451479271026133055e-01 -3.261765290920072835e-01 1.744416000670082414e-02
-9.454543635093373144e-01 -3.250996730099148246e-01 2.064655203595333610e-02
-9.472828938658586218e-01 -3.198323663189380772e-01 1.903700037806627457e-02
-9.499656222571638553e-01 -3.114337532537872488e-01 2.396591581840382124e-02
-9.506689494597962975e-01 -3.090450697021641657e-01 2.682768567146262897e-02
-9.519258692996377391e-01 -3.045038413602343952e-01 3.338534733460209181e-02
-9.525444924746226949e-01 -3.025783859008880916e-01 3.324667956378777461e-02
-9.539662640099653146e-01 -2.978717887727287406e-01 3.493989303597550000e-02
-9.538404081512356081e-01 -2.981330133631747703e-01 3.612774091567799023e-02
-9.559476579765459059e-01 -2.903665089312786884e-01 4.302787288396157234e-02
-9.571199556106352313e-01 -2.869207653196823582e-01 3.997370535445839840e-02
-9.589938569377197686e-01 -2.796573099629729442e-01 4.607172364257588332e-02
-9.606484719548737949e-01 -2.728889358954070810e-01 5.182831750921174097e-02
-9.612873224863492938e-01 -2.685613444941663541e-01 6.165647429554330788e-02
-9.647087653488987113e-01 -2.562119132637153407e-01 6.076583263194960255e-02
-9.660467369355689726e-01 -2.506717163106546575e-01 6.258934090779300075e-02
-9.684955524411472672e-01 -2.396642897360179991e-01 6.765668194748379605e-02
-9.720035132360596020e-01 -2.250296991059643203e-01 6.760797482561367588e-02
-9.755133698472968629e-01 -2.104173647159795491e-01 6.401742487830851258e-02
-9.766523324038088871e-01 -2.021614030344233981e-01 7.267063804181358999e-02
-9.770693671831625071e-01 -1.988096431319183455e-01 7.622473667054870117e-02
-9.798138676145381476e-01 -1.856884628845209551e-01 7.405816966089975861e-02
-9.824910444245148478e-01 -1.713284845508447340e-01 7.319788821162852288e-02
-9.844958871051020521e-01 -1.596477897072292873e-01 7.266680361848459890e-02
-9.861991151070392814e-01 -1.501510647062951065e-01 6.975669078292540126e-02
-9.873260358323027175e-01 -1.414081962051654540e-01 7.204896883741748748e-02
-9.890347763154420102e-01 -1.312396900190636595e-01 6.772287553043786212e-02
-9.902970633215257834e-01 -1.209204665657743344e-01 6.848357507876857986e-02
-9.916897146176002487e-01 -1.109143614810969153e-01 6.518854997986534006e-02
-9.931634129373160258e-01 -9.602241138883269023e-02 6.637894609598216089e-02
-9.937411316603792510e-01 -8.787724005762803658e-02 6.896511267240143517e-02
-9.946025626471775016e-01 -7.279024844915749082e-02 7.394156747708305333e-02
-9.953155875235819572e-01 -6.045106929447738309e-02 7.544920814854144675e-02
-9.955922609782215105e-01 -5.027567360669579072e-02 7.917348246283220647e-02
-9.960548461093643446e-01 -4.044919784143621161e-02 7.898506015998804641e-02
-9.964197584261221818e-01 -2.231746124829270261e-02 8.154526484008435550e-02
-9.969801248619405420e-01 -1.109451745428900737e-02 7.686076037733351185e-02
-9.967353486543383267e-01 3.334492211637386100e-03 8.066945058347110842e-02
-9.962016737630806640e-01 1.781705322674622533e-02 8.523387056927347882e-02
-9.955080968307186140e-01 3.134642015887172811e-02 8.933681483666766621e-02
-9.947780390971667774e-01 5.021387500480874178e-02 8.885524746034589860e-02
-9.941337653525031959e-01 6.515603305490552666e-02 8.632950270578516883e-02
-9.931167743515055824e-01 7.979206415746331604e-02 8.574575257435521070e-02
-9.918868280563446493e-01 9.173205281902516162e-02 8.801014816331341473e-02
-9.907595029183147162e-01 1.015583915974826723e-01 8.989736373132109493e-02
-9.893108483163274292e-01 1.144543725712084403e-01 9.035639196929425021e-02
-9.879041444710896513e-01 1.286946154684266985e-01 8.650510074016670714e-02
-9.867065353601317534e-01 1.378117078078873736e-01 8.612886515289697176e-02
-9.852940827015189695e-01 1.511276328764064036e-01 7.972480120458128039e-02
-9.840254492877541503e-01 1.619818921447163385e-01 7.386349459798338679e-02
-9.822061330243874178e-01 1.735578642366599478e-01 7.175523651210209686e-02
-9.792763747158036436e-01 1.894495216904287793e-01 7.160093992728142065e-02
-9.782817907584128170e-01 1.958245525314498692e-01 6.795230913171439180e-02
-9.753838636446949817e-01 2.100480781399232111e-01 6.712791658723649135e-02
-9.739192549378715702e-01 2.175648974262438251e-01 6.439591528483443184e-02
-9.720917823235243338e-01 2.273338543375302279e-01 5.793891998533071130e-02
-9.711921324101442377e-01 2.319454915208412904e-01 5.465495215285173097e-02
-9.685902893573303807e-01 2.429250812522911196e-01 5.310639389446518421e-02
-9.670787198746989555e-01 2.487889939347755208e-01 5.350531652204889438e-02
-9.651275422464534737e-01 2.565261203139526103e-01 5.218438053001926008e-02
-9.635557393702700590e-01 2.625977137791176697e-01 5.101774806243211668e-02
-9.611439100821843606e-01 2.715504434267141942e-01 4.962633900960787547e-02
-9.577940686882574495e-01 2.829019620776043187e-01 5.096110928693814435e-02
-9.571072760908688748e-01 2.850955047420442590e-01 5.163572463035367988e-02
-9.555984744701010447e-01 2.905703122139461358e-01 4.899471393312439943e-02
-9.545054066064064813e-01 2.941748055836330700e-01 4.879185647786760810e-02
-9.528901127975605290e-01 2.997900461295863739e-01 4.611283728648671310e-02
-9.499767627619615240e-01 3.091819342871365284e-01 4.416688958181176627e-02
-9.485000202129133529e-01 3.138110321441887618e-01 4.324789210337078721e-02
-9.458517049042363123e-01 3.223637353466607403e-01 3.802902527266146387e-02
-9.437641838239420045e-01 3.294029659631332874e-01 2.833519525064254890e-02
-9.408203720068837317e-01 3.376374659047345350e-01 2.929165794545126114e-02
-9.392561914858790217e-01 3.422103441202456464e-01 2.626630997096384562e-02
-9.379325394511037750e-01 3.460641538055084232e-01 2.285136212599664721e-02
-9.364245047206111172e-01 3.503819770323717830e-01 1.848375014483543896e-02
-9.363569813459143854e-01 3.502799284541570635e-01 2.322944522648629634e-02
-9.342986484626395471e-01 3.559409899113660236e-01 1.980098325226531050e-02
-9.320184018367360101e-01 3.621212378652692299e-01 1.448928537844044497e-02
-9.291307967987282312e-01 3.696760901712264347e-01 7.455353448205256396e-03
-9.290137834681017059e-01 3.700408124348464889e-01 1.794094080415283357e-03
-9.278190932558957327e-01 3.730281363794271665e-01 -1.330841532906208019e-03
-9.268800910559977790e-01 3.753245765411685753e-01 -4.979000553179629626e-03
-9.273341512010550014e-01 3.741550251036990238e-01 -7.708478804963312531e-03
-9.295474695556683598e-01 3.686237569456137231e-01 -7.619651777958101439e-03
-9.308877186482479305e-01 3.652567224342109786e-01 -5.967697501340091942e-03
-9.293995160591843607e-01 3.689860630503771777e-01 -8.115184874200374529e-03
-9.289845964436003189e-01 3.700600244781704906e-01 -6.574896777260376066e-03
-9.291634024066933728e-01 3.695602051687264522e-01 -8.980969263233461175e-03
-9.304085715803036560e-01 3.661989916972008263e-01 -1.543437609508592143e-02
-9.306607298863898148e-01 3.653116264540821057e-01 -2.044634484496209853e-02
-9.324235109727653237e-01 3.607699936022492615e-01 -2.077112183079749680e-02
-9.344279219763839128e-01 3.549003623142903407e-01 -2.983661100272792105e-02
-9.362140907425893221e-01 3.496075024380692620e-01 -3.574636431497066336e-02
-9.373607066188591741e-01 3.465597472004030011e-01 -3.537342695855776042e-02
-9.382061487064295990e-01 3.440822124408263183e-01 -3.710371530008127472e-02
-9.388546711820640045e-01 3.423517075590218894e-01 -3.670486083153180062e-02
-9.432498128802511150e-01 3.303007437009316538e-01 -3.436918858563171864e-02
-9.461623682078039721e-01 3.217768082272400298e-01 -3.516376916967839383e-02
-9.472683604582523564e-01 3.181822942805949683e-01 -3.798306071159118086e-02
-9.480055902741664209e-01 3.154482442859700697e-01 -4.216441772598210347e-02
-9.514784151396755707e-01 3.042843172020808229e-01 -4.582479814039460558e-02
-9.544105991396079069e-01 2.952170026381852330e-01 -4.412892343046705135e-02
-9.553382885699820415e-01 2.918477984703560790e-01 -4.640742687328124755e-02
-9.568349005135784457e-01 2.871162661959941742e-01 -4.506944810429469594e-02
-9.595901576189065363e-01 2.767795279619979509e-01 -5.079227450287293610e-02
-9.625902674373235657e-01 2.666556100943536234e-01 -4.811232050883849920e-02
-9.638132193269030035e-01 2.616804286987253758e-01 -5.086712395851185342e-02
-9.644843551411849125e-01 2.579591155770017408e-01 -5.680718558109526528e-02
-9.670473243264215979e-01 2.477527010729188850e-01 -5.863535301326754101e-02
-9.682777525070382918e-01 2.422982360608388896e-01 -6.107202185240964698e-02
-9.704330907542951801e-01 2.330055062985690872e-01 -6.299272569240642328e-02
-9.731620967132053046e-01 2.216967491072848184e-01 -6.169374400299929700e-02
-9.759441474044252551e-01 2.088389689286646866e-01 -6.260462741775681128e-02
-9.783163873611027128e-01 1.965719792951797495e-01 -6.524213700184830489e-02
-9.800423890228096013e-01 1.883714262591644761e-01 -6.350712269028954693e-02
-9.819560977868504459e-01 1.772050450779704134e-01 -6.603504616823287210e-02
-9.843562544942686676e-01 1.644614565209095991e-01 -6.320780624099561762e-02
-9.853956464354051148e-01 1.578213654655006848e-01 -6.393645143070789127e-02
-9.871124058552128711e-01 1.470969812972607316e-01 -6.302070688742594795e-02
-9.882779028555161993e-01 1.381589962837024566e-01 -6.495315080572033883e-02
-9.889871751948087208e-01 1.336134424695548661e-01 -6.365413274920196651e-02
-9.901854842610476881e-01 1.250688831345990737e-01 -6.237398895276383137e-02
-9.915628776047979986e-01 1.132617862367877454e-01 -6.304649748481105931e-02
-9.921662441183346504e-01 1.045012560935101170e-01 -6.845191975958900277e-02
-9.926935911487464459e-01 9.503616504923044495e-02 -7.434780115520003840e-02
-9.933901397461348814e-01 8.876296922865992145e-02 -7.278186343459880359e-02
-9.941377527745175469e-01 7.894487665450976299e-02 -7.387739251049711686e-02
-9.950886722047516120e-01 6.658292176318347799e-02 -7.324809282481284378e-02
-9.961248891417227025e-01 5.118369886877234542e-02 -7.152250133676731070e-02
-9.963928984496085439e-01 4.197218952386657514e-02 -7.375338121248747880e-02
-9.964737171137791893e-01 3.048133458895111586e-02 -7.817323066046100166e-02
-9.969133322208924008e-01 1.667735520541823238e-02 -7.671837110757551148e-02
-9.969952733579188209e-01 6.879036003582786676e-03 -7.715658360162579166e-02
-9.964499028160249683e-01 -6.703238859404247671e-03 -8.392075560830256076e-02
-9.963470786894152997e-01 -1.625370090568976911e-02 -8.383526373729172088e-02
-9.959102063399178917e-01 -3.054504140823495126e-02 -8.502880017968242332e-02
-9.951191046528621298e-01 -4.618816104187684068e-02 -8.720468424513160011e-02
-9.942916369354456441e-01 -5.923431171402014639e-02 -8.874386053770547123e-02
-9.932444558793954714e-01 -7.522175056546345773e-02 -8.835821866725077078e-02
-9.920449621476208346e-01 -9.106431366369213687e-02 -8.691443725192445069e-02
-9.915223447362854214e-01 -9.989261167868740410e-02 -8.309597710572524942e-02
-9.898543833358217636e-01 -1.105779526909257265e-01 -8.922360567357845440e-02
-9.889943508818248574e-01 -1.213351951739748275e-01 -8.466392309474952971e-02
-9.875414310168507681e-01 -1.350719646301921095e-01 -8.073116641517524839e-02
-9.854566901778658572e-01 -1.493436581392041662e-01 -8.106551942305766090e-02
-9.845963007621304497e-01 -1.555817268312888191e-01 -7.977772660416596051e-02
-9.828531428288974636e-01 -1.660457735529742851e-01 -8.017814909234319276e-02
-9.798590052803733963e-01 -1.832464277251911744e-01 -7.935434001637386991e-02
-9.776674454876792542e-01 -1.968220099020530633e-01 -7.367154818196140764e-02
-9.752036540616312310e-01 -2.093944006375167421e-01 -7.163694939497569636e-02
-9.730235559200698381e-01 -2.198149284795796188e-01 -7.004706424449760882e-02
-9.697666998771106162e-01 -2.347513264987593495e-01 -6.666630830082968806e-02
-9.681805753088530420e-01 -2.401820032479736744e-01 -7.027811295733978059e-02
-9.660506421895805884e-01 -2.488394212354153034e-01 -6.946318005745974467e-02
-9.652736888809193561e-01 -2.526001937725356750e-01 -6.663243796042231382e-02
-9.632911069537353210e-01 -2.606559774915764849e-01 -6.425526212082102728e-02
-9.606622742990311714e-01 -2.696879658889322351e-01 -6.630558070901064471e-02
-9.580326330280968250e-01 -2.800943979335650535e-01 -6.099701842699915139e-02
-9.561542766244983671e-01 -2.864732771539845735e-01 -6.084484134010522544e-02
-9.539510540522750937e-01 -2.947483615801863022e-01 -5.568503876711367734e-02
-9.523422288768890187e-01 -3.002715166408751468e-01 -5.367801258559007360e-02
-9.487582359124145936e-01 -3.117006034801628744e-01 -5.196707646423578963e-02
-9.441109783601459027e-01 -3.255127553560483444e-01 -5.192244308911796169e-02
-9.415430283091760222e-01 -3.323233474746103977e-01 -5.529875378807922598e-02
-9.393732501042655336e-01 -3.380378146519778526e-01 -5.751840139442261635e-02
-9.359319376532621026e-01 -3.479105862446087993e-01 -5.467783322897983023e-02
-9.335659532282787332e-01 -3.547554026052943676e-01 -5.102204047357006278e-02
-9.290743565005262772e-01 -3.665979252442373992e-01 -4.926291329973080807e-02
-9.261316287900089872e-01 -3.732752921344356101e-01 -5.427518759513871166e-02
-9.243875450653270542e-01 -3.776686584440799299e-01 -5.361048882886566141e-02
-9.226930849011131253e-01 -3.822836403676743156e-01 -4.996721815706327285e-02
-9.198553987789429565e-01 -3.889354901407089948e-01 -5.094372763592883852e-02
-9.150683200408005202e-01 -3.999250838413954123e-01 -5.205699338175917568e-02
-9.103297927194947681e-01 -4.112362379221387032e-01 -4.673819287664941757e-02
-9.067276055447347494e-01 -4.194350633376872639e-01 -4.380993685756594952e-02
-9.063789531535521027e-01 -4.203239959720410091e-01 -4.248488274079377514e-02
-9.042304621124802599e-01 -4.247973830887032953e-01 -4.375486597000660671e-02
-9.002598267846394497e-01 -4.333967857911653621e-01 -4.122503794439071056e-02
-8.968015984152803988e-01 -4.406412639121738417e-01 -3.977691477789470353e-02
-8.925176873907356700e-01 -4.498597235473490996e-01 -3.222483487192231294e-02
-8.916464810747505298e-01 -4.517694184195384377e-01 -2.951234537298083604e-02
-8.907548164943747127e-01 -4.538940661129963194e-01 -2.315311521045526622e-02
-8.889242562270852632e-01 -4.576395626610442191e-01 -1.948667344199841653e-02
-8.860290864336782812e-01 -4.633047694253101256e-01 -1.735458528912230125e-02
-8.849331196152929735e-01 -4.652211269272001903e-01 -2.151069320977576707e-02
-8.862554210831329327e-01 -4.628381337967321096e-01 -1.822700140469333749e-02
-8.876814090542993751e-01 -4.602961433044188144e-01 -1.221514110967389377e-02
-8.868064868179642568e-01 -4.620883676059042711e-01 -6.973420015997132577e-03
-8.878889378737896410e-01 -4.598855922184311162e-01 -1.259004533667121978e-02
-8.885079644183748737e-01 -4.586811826904742539e-01 -1.285313113544803328e-02
-8.879748541314798072e-01 -4.596540392757778037e-01 -1.479377527862174753e-02
-8.868185524940851439e-01 -4.619373036733727678e-01 -1.291571071396501597e-02
-8.861569273420196735e-01 -4.633146446479680658e-01 -8.091559748156383972e-03
-8.882576672639191928e-01 -4.593421759605482713e-01 -1.764998566185073912e-03
-8.885692173666628335e-01 -4.587425545408551075e-01 2.188374117804963576e-04
-8.905640766545313003e-01 -4.548204785972144171e-01 5.830184578056500644e-03
-8.919003538111001106e-01 -4.520511930359473740e-01 1.278715098532644256e-02
-8.933036025602483221e-01 -4.491109353047260666e-01 1.755206507127173715e-02
-8.948857867610477967e-01 -4.460054130528767757e-01 1.608209287091653256e-02
-8.963658684371461627e-01 -4.429906139509204865e-01 1.695816624642462050e-02
-8.997768850504401783e-01 -4.359628958907578733e-01 1.838325573798637799e-02
-9.015830475631978480e-01 -4.319491504674308202e-01 2.383219556479732396e-02
-9.032121948787242838e-01 -4.284281445156850054e-01 2.563376298532666839e-02
-9.051925840026178172e-01 -4.244345579540946822e-01 2.194825044543042419e-02
-9.060362341944833142e-01 -4.225829180032898424e-01 2.284849170672334159e-02
-9.065316044973752430e-01 -4.214824988203480505e-01 2.351567720679684226e-02
-9.103716920002640212e-01 -4.127977391427384291e-01 2.866082756807368515e-02
-9.125473064921918454e-01 -4.075972521528805625e-01 3.349518850253492552e-02
-9.175416331976324891e-01 -3.956607615093861163e-01 3.962257066342807221e-02
-9.196286529817997435e-01 -3.908245030942822384e-01 3.923497609728070906e-02
-9.221093573104526264e-01 -3.846829438249244060e-01 4.163413147756073879e-02
-9.262457685333935764e-01 -3.750913339607563346e-01 3.708506443430489852e-02
-9.284056539715693779e-01 -3.691107553238445194e-01 4.266411627709615351e-02
-9.296250389443077022e-01 -3.658428788952199362e-01 4.423019113346419312e-02
-9.316181740993407789e-01 -3.603725958685845554e-01 4.710843635348590380e-02
-9.339715412333020605e-01 -3.540662027971550607e-01 4.831479259528298487e-02
-9.333143120481173227e-01 -3.560660939052206486e-01 4.627490343810507917e-02
-9.337002726205526626e-01 -3.544039615550433897e-01 5.100654877132318465e-02
-9.373757618189387797e-01 -3.446554269703901441e-01 5.039199191251066828e-02
-9.387384328240810927e-01 -3.409078555914393793e-01 5.051755903976008766e-02
-9.399351365163057803e-01 -3.373198416006895628e-01 5.231919997679414236e-02
-9.424631363039197574e-01 -3.308589813423467030e-01 4.791248310360113338e-02
-9.439068722186845228e-01 -3.273340345365775561e-01 4.350035734083219918e-02
-9.464824052817104594e-01 -3.191004071353421567e-01 4.843574652874156616e-02
-9.494275754479583052e-01 -3.104681490997863169e-01 4.687048367398796711e-02
-9.504030833001435585e-01 -3.076064393854540113e-01 4.595968398828800122e-02
-9.520067007761711109e-01 -3.028169024369175011e-01 4.455558413248518479e-02
-9.547425331011692995e-01 -2.941239584422782882e-01 4.424734286773895908e-02
-9.571193000086590796e-01 -2.858987338847310267e-01 4.673964464891528642e-02
-9.577491906154604884e-01 -2.830561273771037278e-01 5.094851838036915798e-02
-9.604277710447420846e-01 -2.744335869778123382e-01 4.758926068351466282e-02
-9.622317547004382021e-01 -2.682407819905137103e-01 4.644316789677090801e-02
-9.630998106931537572e-01 -2.653311787337518379e-01 4.514592944602062452e-02
-9.644410294223306757e-01 -2.594924927837197193e-01 5.017152546819490799e-02
-9.659111709680168190e-01 -2.542399750207215425e-01 4.876145874067230879e-02
-9.672898903344602228e-01 -2.482960756564381588e-01 5.195538475984441684e-02
-9.700146056353240454e-01 -2.364388976850274604e-01 5.628807831953894225e-02
-9.722054997773463825e-01 -2.276149847535070825e-01 5.484450795893163616e-02
-9.741543179794532881e-01 -2.186301653298298175e-01 5.678248621442546357e-02
-9.766877530536323126e-01 -2.062084338460640764e-01 5.965861412721304435e-02
-9.779522440681935880e-01 -2.010356890775122085e-01 5.651632875248897847e-02
-9.797142491875985293e-01 -1.929633003254085932e-01 5.408502465919241831e-02
-9.815909993298268521e-01 -1.855116640136574291e-01 4.543750350060366677e-02
-9.818970665991643143e-01 -1.843208992830122905e-01 4.363474364101246894e-02
-9.828482715836714956e-01 -1.783903474597409167e-01 4.675674644797747637e-02
-9.838137155661911271e-01 -1.719340561591023164e-01 5.049047316982715333e-02
-9.848391733164003625e-01 -1.649894076944804222e-01 5.357548520850068802e-02
-9.862985428049024783e-01 -1.566213086571019431e-01 5.181683644729209726e-02
-9.881806928466829731e-01 -1.444108359601696534e-01 5.142434372599231224e-02
-9.887063500434071228e-01 -1.425401744184084107e-01 4.628267961761258625e-02
-9.900300064273555023e-01 -1.337618895083885484e-01 4.414042970684141365e-02
-9.909393020661313445e-01 -1.259632123905016221e-01 4.661119037676603877e-02
-9.918291841016692034e-01 -1.210550802005364301e-01 4.025632049907244131e-02
-9.923350080893144076e-01 -1.155549859950295022e-01 4.379853045292818325e-02
-9.933225758002531824e-01 -1.063515882065945717e-01 4.471727281926781566e-02
-9.940527893265527215e-01 -9.977355793724576594e-02 4.363855547047337802e-02
-9.946523285821552429e-01 -9.426148916042502435e-02 4.220842609888421360e-02
-9.956426581782830132e-01 -8.462704015722305462e-02 3.916625451365475519e-02
-9.963947550978202727e-01 -7.504664800504176614e-02 3.956673922775878066e-02
-9.965993491941668170e-01 -6.988333659112146157e-02 4.365880037826653376e-02
-9.969150104471001805e-01 -6.259561114486388023e-02 4.735278261141633721e-02
-9.973110742104838167e-01 -5.759625594710193058e-02 4.531365302488296609e-02
-9.971722506263950292e-01 -6.027001930328352436e-02 4.488944149537262007e-02
-9.977310682964427579e-01 -5.077442729008881106e-02 4.421207358917560171e-02
-9.980755434665469217e-01 -3.945100834678768459e-02 4.784205551555260894e-02
-9.982540922751211854e-01 -3.524692311662558364e-02 4.739679801145037230e-02
-9.983707484992030423e-01 -3.017406584524956470e-02 4.842942418318520181e-02
-9.984402605005052722e-01 -2.240670418703462341e-02 5.113727334596619711e-02
-9.985283511271735302e-01 -1.768617058318426929e-02 5.126759478333668685e-02
-9.988882128058814702e-01 -5.853218613718758415e-03 4.677726907551965629e-02
-9.987965018914652937e-01 -2.328879890271032954e-03 4.899141711791687309e-02
-9.987804865835916424e-01 6.992944058930068360e-03 4.887405416157166588e-02
-9.985296838138242315e-01 1.384679531373875054e-02 5.240965278669392630e-02
-9.983766545643107948e-01 2.027285862500971883e-02 5.322688958263280951e-02
-9.983244659579677549e-01 2.238103394425899895e-02 5.336089336255282062e-02
-9.982320963873455577e-01 2.928420299807819871e-02 5.172187272051907703e-02
-9.978921550397318319e-01 4.034783518107778327e-02 5.082650917774337446e-02
-9.976113198647006408e-01 4.785416352878239798e-02 4.981634707612794810e-02
-9.974230843052229734e-01 5.694407349883050251e-02 4.364170055234829759e-02
-9.968600339044354497e-01 6.448977517974635587e-02 4.594753941703140498e-02
-9.964559201449695314e-01 7.061522246535190117e-02 4.570693867900701285e-02
-9.960988703399472621e-01 7.747172860648526838e-02 4.225170254955271099e-02
-9.952004604829253198e-01 8.525205902055868479e-02 4.804336439805641235e-02
-9.942593667842464233e-01 9.526940997261734712e-02 4.870406633652648448e-02
-9.936244135076166550e-01 1.002067300046077247e-01 5.166402270250664008e-02
-9.922109419071525327e-01 1.133185282985644804e-01 5.173386709886747953e-02
-9.916234103317606019e-01 1.176958868526835622e-01 5.320456204920739895e-02
-9.897216550728434870e-01 1.313727872298720012e-01 5.650019263388990354e-02
-9.888778961477074914e-01 1.390202688299450318e-01 5.285741941020238865e-02
-9.876676734507000566e-01 1.472152404937590309e-01 5.329423262097677388e-02
-9.854942167162664690e-01 1.613504017405106294e-01 5.260448738056890811e-02
-9.846587305538597734e-01 1.668477962981484430e-01 5.107869025393145523e-02
-9.831979344940399157e-01 1.746544996915174175e-01 5.308166193886414141e-02
-9.825908654731760894e-01 1.802362527939048442e-01 4.505684642953261543e-02
-9.817685103699568261e-01 1.849933988130568474e-01 4.368145528705329877e-02
-9.807863192415117171e-01 1.895839016670066990e-01 4.600190660937941017e-02
-9.806597838125415967e-01 1.915177083837358574e-01 4.034093403693537333e-02
-9.792359081973577295e-01 1.995174314993151399e-01 3.591470255556065277e-02
-9.781680552034756060e-01 2.057193538404365474e-01 2.944211843070029463e-02
-9.766232702430898138e-01 2.130514772545366309e-01 2.856730880042522916e-02
-9.762909689915492129e-01 2.146691055171644491e-01 2.780564816220259042e-02
-9.758948287718743897e-01 2.166731108814407836e-01 2.611668534489540103e-02
-9.748769422838530208e-01 2.209472872717089531e-01 2.823612488594734113e-02
-9.740205963564818603e-01 2.247546415232170858e-01 2.773561034073935075e-02
-9.739676332770275113e-01 2.247394786120272825e-01 2.965216991636732830e-02
-9.734742180321253047e-01 2.270489441600347380e-01 2.822691757577971972e-02
-9.717794106538153454e-01 2.348417611340864741e-01 2.222969020162994178e-02
-9.714752983702572564e-01 2.366227096908783134e-01 1.566756687751766353e-02
-9.720758579219156426e-01 2.341223600456696641e-01 1.597753741929501189e-02
-9.721377247674293232e-01 2.339187927324625771e-01 1.517488788565725041e-02
-9.710133129552138698e-01 2.385528280394806078e-01 1.502428118046131300e-02
-9.707645643653346479e-01 2.394908287928794732e-01 1.613500025453189213e-02
-9.713498235350462862e-01 2.374683150678357502e-01 9.399708251911782775e-03
-9.707710681673837882e-01 2.396748375840222212e-01 1.263092750907918518e-02
-9.696226406681140997e-01 2.442628869876108111e-01 1.294649158061101334e-02
-9.705060165682650730e-01 2.408754842391248596e-01 9.854330857590258910e-03
-9.699773012803369898e-01 2.430935966623536948e-01 7.040825207766067927e-03
-9.689690736661946691e-01 2.470097391672063936e-01 9.228111560114165765e-03
-9.681021838918920652e-01 2.504193954492109908e-01 8.265767865232863040e-03
-9.685411523107320120e-01 2.487985256926240063e-01 5.231152546576268818e-03
-9.683364501365769872e-01 2.495927148051934052e-01 5.294442060682031347e-03
-9.687696828244537484e-01 2.478079993338587195e-01 8.748266687510716094e-03
-9.678847739280972418e-01 2.510932464844855549e-01 1.229963914566297757e-02
-9.677222394862008414e-01 2.516567417483726588e-01 1.351246429804265833e-02
-9.668387608760224960e-01 2.550020665216136129e-01 1.402824687467133825e-02
-9.664015119538431620e-01 2.567484220888729407e-01 1.218197951886111456e-02
-9.665403327884211082e-01 2.562006565218891696e-01 1.269030603746725515e-02
-9.667002369307852172e-01 2.557706390889171177e-01 8.489246191915765169e-03
-9.665700469841742581e-01 2.563734366227658490e-01 3.878206051748555455e-03
-9.658149769464801082e-01 2.592226377974535811e-01 -2.255995885550984327e-03
-9.653125537115543331e-01 2.610647080396670816e-01 -4.114247298187928038e-03
-9.660210477765472925e-01 2.583591991385276732e-01 -7.341300474666396722e-03
-9.657372954415179844e-01 2.592239387989594968e-01 -1.242823307374991970e-02
-9.652963876188063175e-01 2.606314975564150704e-01 -1.655722689932405400e-02
-9.657888900481814698e-01 2.589866638129210141e-01 -1.333278137593621807e-02
-9.677523989173094643e-01 2.512903676513675855e-01 -1.756362755738722498e-02
-9.690020966446483142e-01 2.464362045262420420e-01 -1.744044984367599735e-02
-9.695356355724670250e-01 2.442404117197419788e-01 -1.863620534721886421e-02
-9.695688779604989538e-01 2.437881347834170154e-01 -2.244040479093500559e-02
-9.702918040590919890e-01 2.402746484715755915e-01 -2.831861418487157181e-02
-9.710036007392686130e-01 2.377469684409072304e-01 -2.506834518991512759e-02
-9.722279446721535656e-01 2.325990264573426225e-01 -2.589502073150796654e-02
-9.732271555200416868e-01 2.276226879696606198e-01 -3.188810883202818081e-02
-9.752055061832521909e-01 2.186511309073742026e-01 -3.414585766437660402e-02
-9.761844181343424243e-01 2.141521234291724196e-01 -3.468264364948218242e-02
-9.776860553008703825e-01 2.065880203839341456e-01 -3.809728501475267287e-02
-9.782788915846484246e-01 2.039820688435290963e-01 -3.690205806403569488e-02
-9.798876812837973294e-01 1.961092089518156056e-01 -3.689642601805780825e-02
-9.801815530382216313e-01 1.947478083455191078e-01 -3.629669741907450703e-02
-9.808039777455299646e-01 1.905502318395516370e-01 -4.140292969140037943e-02
-9.815839565958426327e-01 1.859653651691742238e-01 -4.370189241408495295e-02
-9.821990666268639592e-01 1.816282933280170819e-01 -4.791860745098296126e-02
-9.844688120613530602e-01 1.692422395765227350e-01 -4.667181903672980303e-02
-9.864513373872818569e-01 1.573420964477080519e-01 -4.644631220069792704e-02
-9.878320252546445301e-01 1.481718055067400286e-01 -4.725507607429295376e-02
-9.890747249285254394e-01 1.402509814065837079e-01 -4.539699285598145645e-02
-9.902446271014750945e-01 1.318985661756381655e-01 -4.492641716066739233e-02
-9.915724051590960597e-01 1.205908596371290942e-01 -4.735025038122787910e-02
-9.916474238270207575e-01 1.174565315447818614e-01 -5.328589366804863808e-02
-9.922811723508494497e-01 1.114357827585301941e-01 -5.440751581763484529e-02
-9.926903798401572887e-01 1.069205625263565801e-01 -5.598070715581976442e-02
-9.932775672663508582e-01 9.923152426167129725e-02 -5.960549906709279588e-02
-9.939315374582705642e-01 9.007309858248116474e-02 -6.314247873435813174e-02
-9.941825421333937429e-01 8.547970107143114393e-02 -6.553114183700771422e-02
-9.947984071499461622e-01 7.900741746991424286e-02 -6.429614308122891253e-02
-9.957570823306499674e-01 6.848305403393319113e-02 -6.146495794498801901e-02
-9.965507080515078053e-01 6.048773383524338326e-02 -5.681511139929428661e-02
-9.968439320367404877e-01 5.462573877075403705e-02 -5.760417015651188993e-02
-9.971673610607506566e-01 4.800231063201049198e-02 -5.790568906397174087e-02
-9.975305807797050228e-01 3.236572267086985921e-02 -6.233167134918301405e-02
-9.975032791934224097e-01 2.653538617563985097e-02 -6.544553639574343662e-02
-9.977791488071298120e-01 1.696938905811117351e-02 -6.441154373144407363e-02
-9.979355635222836307e-01 7.571337378751156338e-03 -6.377556585851267001e-02
-9.980298656291505255e-01 1.762393308541165826e-04 -6.274068114032012311e-02
-9.979697198980040929e-01 -1.487046823397216062e-02 -6.193015488599049739e-02
-9.979542629822023558e-01 -2.431644782588153475e-02 -5.912728526114259531e-02
-9.979657222562484664e-01 -2.902829730070694697e-02 -5.676100448902689916e-02
-9.976959523617391357e-01 -3.900145361863712606e-02 -5.551314788858617566e-02
-9.974923357310696570e-01 -4.916848560757856174e-02 -5.090713276582866514e-02
-9.972263676068313654e-01 -5.833940394353415160e-02 -4.621819473060900102e-02
-9.966864212551046487e-01 -6.637772613886366857e-02 -4.701288094296924430e-02
-9.962891121530756955e-01 -7.081599899428979439e-02 -4.891968065483307676e-02
-9.954824227606094977e-01 -7.749990295870266832e-02 -5.485022468843084309e-02
-9.952977223946138929e-01 -8.533323208202843457e-02 -4.583360328755188562e-02
-9.939784612871856995e-01 -9.518940766344173576e-02 -5.427551392309512557e-02
-9.935322428661306216e-01 -1.011283363409551800e-01 -5.164085787182078058e-02
-9.926827362226339213e-01 -1.079526047293605795e-01 -5.410412808035043597e-02
-9.913729262583219626e-01 -1.183068969465334852e-01 -5.642017107390886327e-02
-9.901628249065156373e-01 -1.289431202094381279e-01 -5.432575936217771961e-02
-9.892980781440098292e-01 -1.348388965196843370e-01 -5.574783234540967719e-02
-9.881362914971217881e-01 -1.422488708620743836e-01 -5.789615291848339979e-02
-9.869072739032397346e-01 -1.511572878477606130e-01 -5.626316100592079761e-02
-9.856916473654130373e-01 -1.593766267263528880e-01 -5.487352173770856240e-02
-9.847134685512272112e-01 -1.672781809204437753e-01 -4.855338173987747835e-02
-9.837810942269944459e-01 -1.735653515525530655e-01 -4.527541336443325487e-02
-9.819455739682051432e-01 -1.852365558465995932e-01 -3.834505892514107617e-02
-9.799629486670060619e-01 -1.950939255067403177e-01 -4.013745122541569760e-02
-9.791995253218191975e-01 -1.989196644169332340e-01 -3.999115195451143773e-02
-9.774287725512681435e-01 -2.072584293022223523e-01 -4.095086839558282482e-02
-9.753664029390224366e-01 -2.173018869170178502e-01 -3.795135486074247000e-02
-9.736216502700457687e-01 -2.247349799060019970e-01 -3.943483658141720694e-02
-9.715324858441347633e-01 -2.331694626778601509e-01 -4.191260196577435704e-02
-9.694822739427224612e-01 -2.423220880474602490e-01 -3.720431852366714448e-02
-9.677681903237668193e-01 -2.492417114500149189e-01 -3.610171988490177425e-02
-9.667009723351599471e-01 -2.534656625369314797e-01 -3.527638165499737827e-02
-9.639555930917296234e-01 -2.640304430293676785e-01 -3.282643158313086618e-02
-9.625838406745375053e-01 -2.689866541178222437e-01 -3.284150558037036288e-02
-9.619201531962977558e-01 -2.717372970388868270e-01 -2.947024114342404119e-02
-9.607366633043844528e-01 -2.762870887496303163e-01 -2.550574789378862173e-02
-9.594928403086546709e-01 -2.806757818237219926e-01 -2.438502981118744264e-02
-9.574643598223153695e-01 -2.876614324286724256e-01 -2.264806109757580913e-02
-9.544817608348724614e-01 -2.970786530051467422e-01 -2.662474821509444242e-02
-9.553589745354383878e-01 -2.944174469292867857e-01 -2.465018885487866435e-02
-9.537564822737433223e-01 -2.997275046104281304e-01 -2.262809171822126666e-02
-9.532270611997794019e-01 -3.016812608942976426e-01 -1.861777841194402205e-02
-9.534942566861528412e-01 -3.008989112030134305e-01 -1.756652393241535381e-02
-9.530661635027105616e-01 -3.023221949642823092e-01 -1.631604953306416833e-02
-9.515166429707582196e-01 -3.073941993989479093e-01 -1.117672943786982356e-02
-9.510286681964049693e-01 -3.090343395719156172e-01 -6.502631200439983224e-03
-9.505929898487371910e-01 -3.104142469660464143e-01 -3.999737116606735289e-03
-9.522717097830069033e-01 -3.052488557646533263e-01 -1.327328853916081089e-03
-9.515168991299192136e-01 -3.075479183484020607e-01 5.468417208169660919e-03
