1.000000000000000000e+00 0.000000000000000000e+00 0.000000000000000000e+00
9.999954028289333996e-01 2.964368711003519292e-03 -6.378519269979146707e-04
9.999660140549058163e-01 7.602152978200768692e-03 -3.190318515577330975e-03
9.999422059317395473e-01 8.587376282607793801e-03 -6.468533335263168191e-03
9.999059933297587133e-01 1.043132573035193515e-02 -8.898997091959810063e-03
9.997587655726034583e-01 1.418419528457939144e-02 -1.676960653683366026e-02
9.995036452503353042e-01 2.206536500874753393e-02 -2.248518720648081531e-02
9.990892153231875072e-01 3.033901051994119386e-02 -3.000475873706211910e-02
9.986202398800883007e-01 3.760514484005547664e-02 -3.665339116156432486e-02
9.976941862565774644e-01 5.512251889593099835e-02 -3.959571091168889029e-02
9.973415631873323584e-01 5.983090648138366524e-02 -4.159411911881498447e-02
9.966373249036262205e-01 6.761155702261950617e-02 -4.628954426979002557e-02
9.953665839421127481e-01 8.115410307087284059e-02 -5.156915241384436854e-02
9.943797850483804268e-01 9.115072827787619458e-02 -5.385527138412254250e-02
9.931565470571105392e-01 1.005479581110205467e-01 -5.941534955577925520e-02
9.921784758277364391e-01 1.084157392968272265e-01 -6.187004357834489932e-02
9.901891015008184027e-01 1.246885200149607520e-01 -6.307391733602567274e-02
9.886236547827174093e-01 1.355368215015580746e-01 -6.521535238949240088e-02
9.867954771408600223e-01 1.430438005679613989e-01 -7.598132161437934351e-02
9.852914146596750689e-01 1.526943553284449695e-01 -7.671548662606392233e-02
9.831533785258019797e-01 1.640072726423884297e-01 -8.069109627445085475e-02
9.805970384372763027e-01 1.761553002080947505e-01 -8.601606351744994772e-02
9.773218105819420076e-01 1.910622488528444518e-01 -9.130882185761551861e-02
9.732140105079977177e-01 2.082977914589742852e-01 -9.729607193468554904e-02
9.681630381596795232e-01 2.287518094919226697e-01 -1.016511068839277276e-01
9.630909256849865541e-01 2.478980609260502954e-01 -1.048924529445991322e-01
9.584435265425850226e-01 2.653831351603668787e-01 -1.046795318603583880e-01
9.536883334136784240e-01 2.799880557901712197e-01 -1.099329721716657965e-01
9.498480455664338740e-01 2.927662641869313576e-01 -1.098936391470495405e-01
9.425838742328603859e-01 3.133647853326654298e-01 -1.154909500423292740e-01
9.360109176167129563e-01 3.305329651998665241e-01 -1.209608623747845529e-01
9.301272683796414364e-01 3.468354359999602510e-01 -1.206998513788025557e-01
9.204671305668880033e-01 3.698893808239094860e-01 -1.261828718048460252e-01
9.137046669775203966e-01 3.872652860111492346e-01 -1.231640735612691967e-01
9.059514210116592636e-01 4.044065505764582458e-01 -1.253290638450450800e-01
8.988045053223231440e-01 4.196958267650726104e-01 -1.265143624410746681e-01
8.883915969523923373e-01 4.404643449272105937e-01 -1.294277466853349934e-01
8.764246518809440945e-01 4.626314952864863939e-01 -1.336111535936307382e-01
8.642197709555272667e-01 4.849687919922666679e-01 -1.339009690220373250e-01
8.549456377648451122e-01 5.014627253517005556e-01 -1.326766845307751352e-01
8.411537165459606058e-01 5.241806091735626838e-01 -1.330230251656025764e-01
8.299173961265730037e-01 5.412733548303384490e-01 -1.351306124572273504e-01
8.175340996359494738e-01 5.590024384062632912e-01 -1.383989943621712626e-01
8.062440849619564309e-01 5.754217786987406713e-01 -1.373326758968054229e-01
7.904176676820046099e-01 5.962606713438335371e-01 -1.404034694774234371e-01
7.779449271976962565e-01 6.120935315122728593e-01 -1.419267805130750293e-01
7.654789573983878936e-01 6.274330602859946593e-01 -1.427225727533754651e-01
7.525562796291443979e-01 6.430514659803843180e-01 -1.419291026569610981e-01
7.387951384413994349e-01 6.580013476901727110e-01 -1.456570711481099956e-01
7.217733481849663013e-01 6.770286080516811911e-01 -1.437898120119587009e-01
7.069227440112516581e-01 6.912428205493507116e-01 -1.498119155625721732e-01
6.888483224260459892e-01 7.096280163312415068e-01 -1.480408051153493110e-01
6.721111599316662577e-01 7.255184286566954688e-01 -1.479513811343733110e-01
6.565370133419854426e-01 7.402255307684599828e-01 -1.450011265152902629e-01
6.392070478774691811e-01 7.551407336588900066e-01 -1.455226281668571264e-01
6.241953164913791596e-01 7.678836087945714040e-01 -1.439964694825721925e-01
6.067110882735076149e-01 7.815683138944031771e-01 -1.450952757893608502e-01
5.887008455423881070e-01 7.950252073074939307e-01 -1.461719781799392659e-01
5.696735469163308752e-01 8.072789003106338734e-01 -1.541844372832104348e-01
5.479347661788183110e-01 8.223203343401049858e-01 -1.534821597714457753e-01
5.301677152868240483e-01 8.337232567455221677e-01 -1.543623609421947429e-01
5.144947366260577137e-01 8.438645056077368478e-01 -1.522756580355809908e-01
4.883955563816917422e-01 8.590435354825080028e-01 -1.533427485481126396e-01
4.650340488752027768e-01 8.718533370456279519e-01 -1.536720727190531155e-01
4.504814506908985661e-01 8.806217415211453625e-01 -1.468734977785690066e-01
4.314081552370897521e-01 8.902893939633451659e-01 -1.458485928669697729e-01
4.057155981860747218e-01 9.015859642914887395e-01 -1.501253334092516045e-01
3.872838775055076899e-01 9.091657564885585741e-01 -1.530648197805703770e-01
3.648045675165738633e-01 9.174246580013120100e-01 -1.589013473309097424e-01
3.445449635195060867e-01 9.252366682343468041e-01 -1.588266024709326929e-01
3.251988757413054598e-01 9.324882960909213203e-01 -1.571982279049261300e-01
2.990064127393574078e-01 9.410176437030186580e-01 -1.583697363140360026e-01
2.737099305653251657e-01 9.482732433579145193e-01 -1.608127596906336054e-01
2.502004948960672714e-01 9.551954641389078793e-01 -1.581181559400823000e-01
2.299848704716783987e-01 9.597002805964370831e-01 -1.615002926805917116e-01
2.070144905192305984e-01 9.645319150997890834e-01 -1.637778965247693175e-01
1.897426351137637413e-01 9.683228113560263806e-01 -1.623227627844051058e-01
1.632530849126548889e-01 9.732695827823029111e-01 -1.615387367300983867e-01
1.370492685942629185e-01 9.774079787841972733e-01 -1.609072869320891386e-01
1.166368344381116667e-01 9.802156137171518235e-01 -1.599162702176010475e-01
9.199421743106024618e-02 9.834016656802007095e-01 -1.563913096073283882e-01
6.742762588866330065e-02 9.851533836269763533e-01 -1.578807772366192796e-01
4.178767133522470756e-02 9.858971072611358855e-01 -1.620515298644567559e-01
1.360578732054140705e-02 9.868271007711154619e-01 -1.612053647546543012e-01
-7.213579377962409112e-03 9.872115362267372962e-01 -1.592525071963772076e-01
-2.760135232604777472e-02 9.863807566316235009e-01 -1.621455587478451421e-01
-4.961728357208108897e-02 9.854380008336376395e-01 -1.626348228769941562e-01
-7.565396866832281575e-02 9.838274474262135305e-01 -1.623577672666202398e-01
-9.918946567337047493e-02 9.824170288759684899e-01 -1.581715696004622751e-01
-1.282465402935688559e-01 9.788128220650710309e-01 -1.596192299574757112e-01
-1.568782935259216416e-01 9.741486812343326251e-01 -1.625532591249064795e-01
-1.853767631769789315e-01 9.686973121188094948e-01 -1.651090180337036195e-01
-2.118798599581061259e-01 9.634162872882858775e-01 -1.641218975121415402e-01
-2.391525570956413160e-01 9.561193501320321975e-01 -1.692390547463127615e-01
-2.681628307199360739e-01 9.486550299036647926e-01 -1.677568040823725348e-01
-2.954106589871017263e-01 9.397251395522412398e-01 -1.721894889461822731e-01
-3.227575759817095657e-01 9.302433014415346646e-01 -1.745707959116193642e-01
-3.468055090671134932e-01 9.221688020271695541e-01 -1.712619480437669317e-01
-3.704704494142891935e-01 9.132330589075541294e-01 -1.695790125825230032e-01
-3.948812870556089871e-01 9.025936115500077239e-01 -1.714454925756563608e-01
-4.142807957203788471e-01 8.938601411818077880e-01 -1.714219523266284906e-01
-4.373614174973681212e-01 8.825176455556198452e-01 -1.728514143025469407e-01
-4.567022722823113057e-01 8.722748945696656708e-01 -1.748129238506689054e-01
-4.834330376532056661e-01 8.571346730051561114e-01 -1.777995108600566310e-01
-5.064375299219507909e-01 8.429329635458835401e-01 -1.816179031295744595e-01
-5.332141945016174445e-01 8.254080726644211774e-01 -1.854296396828531146e-01
-5.601254800709938309e-01 8.064635267449393741e-01 -1.894097176923403292e-01
-5.843934818403196951e-01 7.880825120087204816e-01 -1.934172354468099153e-01
-6.055972798356621389e-01 7.705290384027422279e-01 -1.988390053535751822e-01
-6.265529597568880726e-01 7.522494840632376611e-01 -2.038433626773344665e-01
-6.467111087081598431e-01 7.316274659550260351e-01 -2.156061382278927907e-01
-6.664086790550867168e-01 7.122309255118475235e-01 -2.205143883395656867e-01
-6.901097544083455437e-01 6.894287125563703933e-01 -2.200831465445912127e-01
-7.151217570897012710e-01 6.656891329855215700e-01 -2.132108463760430395e-01
-7.345911077446299897e-01 6.421584706827124789e-01 -2.191082316275480002e-01
-7.562111681602201596e-01 6.156381902649510351e-01 -2.216625867598267796e-01
-7.753579352499513355e-01 5.920122116464369144e-01 -2.198672958781184850e-01
-7.945537363636815398e-01 5.643913813687837511e-01 -2.239346854912017681e-01
-8.101954190959438362e-01 5.408075429315953864e-01 -2.260765339354911807e-01
-8.263164147814163751e-01 5.171176440553171272e-01 -2.231379385525543158e-01
-8.441381892704172829e-01 4.869586399063512427e-01 -2.242811081839061194e-01
-8.614825137355923701e-01 4.556192078935604739e-01 -2.241852603660059173e-01
-8.790077423748300367e-01 4.216987544416911926e-01 -2.225209301941142304e-01
-8.938072992940602202e-01 3.926405688740398636e-01 -2.166608168318736038e-01
-9.051881503955051533e-01 3.689678717742915226e-01 -2.109434421127516779e-01
-9.159714541334432747e-01 3.405088356947127970e-01 -2.122499516485953919e-01
-9.255481161551253333e-01 3.128350763262665035e-01 -2.132953673564610408e-01
-9.353359075100821096e-01 2.844726254683858091e-01 -2.102904632733715862e-01
-9.468629119546301265e-01 2.517336608240418605e-01 -2.002018987526816007e-01
-9.542751086499428048e-01 2.275891159789508456e-01 -1.938097549336384173e-01
-9.615858690166476652e-01 1.959490524140764522e-01 -1.922409811900506471e-01
-9.672374406907103817e-01 1.707539703983892432e-01 -1.878691656221441464e-01
-9.726481759433013297e-01 1.449319189160898358e-01 -1.815220977784603451e-01
-9.780808421526326901e-01 1.201334733042486863e-01 -1.700759240386908178e-01
-9.822170209410283626e-01 9.886863724042876944e-02 -1.596080239568729575e-01
-9.852540190809528919e-01 7.466642912568441370e-02 -1.539462436290048863e-01
-9.877545411858097424e-01 5.244064974698441073e-02 -1.469385833072276160e-01
-9.893139549049636550e-01 3.422589603236783629e-02 -1.417268090013700799e-01
-9.903251185911905452e-01 1.803277689791424332e-02 -1.375898974300311384e-01
-9.914917331766817110e-01 1.483994940496752291e-03 -1.301612106831003535e-01
-9.919046252046320733e-01 -1.373677259698145338e-02 -1.262399102367097736e-01
-9.916113299745101806e-01 -2.858350344487809586e-02 -1.260553566752855292e-01
-9.916909843495776977e-01 -4.768829001925309341e-02 -1.194772659341381965e-01
-9.912535202702873471e-01 -6.974723833255222494e-02 -1.120347212715433888e-01
-9.902602556514565890e-01 -8.697399598477345561e-02 -1.087204995305574295e-01
-9.904063406321274021e-01 -9.510911696606343113e-02 -1.002473567505237223e-01
-9.898120109712225112e-01 -1.070446708339758968e-01 -9.388086548992201352e-02
-9.884972925619514017e-01 -1.248569713959482297e-01 -8.534538127625949933e-02
-9.877574506633829410e-01 -1.342013415166245227e-01 -7.953120785426588679e-02
-9.875634449791934610e-01 -1.396242214551220440e-01 -7.227387586061748137e-02
-9.870665094927831840e-01 -1.478323318534482123e-01 -6.201049528811478084e-02
-9.865209664626550801e-01 -1.539945056660558531e-01 -5.533596352337033508e-02
-9.854901006383086637e-01 -1.637496948313455769e-01 -4.466870104415999326e-02
-9.846585586686403824e-01 -1.699543834127742459e-01 -3.953510012278948355e-02
-9.834337166514660611e-01 -1.783872946448146479e-01 -3.218837202885466153e-02
-9.821126969940694451e-01 -1.866017402116474100e-01 -2.518797163445024578e-02
-9.827406320347702451e-01 -1.841657368012593887e-01 -1.743056386315008227e-02
-9.825376324279225804e-01 -1.854985698375212488e-01 -1.449394488013906052e-02
-9.835063995163578765e-01 -1.806667900344955668e-01 -8.640956939258811337e-03
-9.836971123786831805e-01 -1.798326067069989376e-01 -4.666492984037890618e-04
-9.847204161000389089e-01 -1.741158120652311070e-01 3.062560674568299852e-03
-9.856045382483565875e-01 -1.688056739158763919e-01 9.398514646881010737e-03
-9.852128235196498940e-01 -1.711226355742300476e-01 8.528154346696742091e-03
-9.868604520515359413e-01 -1.613298717725683562e-01 8.894612919071665652e-03
-9.872929802463028537e-01 -1.584868538578922958e-01 1.159663178506513924e-02
-9.882628207082987393e-01 -1.519585684148588578e-01 1.565836748418267602e-02
-9.884431542083248479e-01 -1.502817995536736839e-01 1.988731946527322672e-02
-9.885008060221719406e-01 -1.493730761298268095e-01 2.353368863739772193e-02
-9.885663586858891572e-01 -1.475147559118065166e-01 3.124012365346960987e-02
-9.903517297408659381e-01 -1.359100279179970561e-01 2.705382612758028618e-02
-9.908542891529251717e-01 -1.308886083190062277e-01 3.280158295131954671e-02
-9.913827912257714425e-01 -1.271597504814634960e-01 3.147305273040275353e-02
-9.914631963109434842e-01 -1.261225932414360429e-01 3.307288582989347664e-02
-9.918361089735239222e-01 -1.231556698454816245e-01 3.307276619035569992e-02
-9.921603268420016164e-01 -1.207972178416438641e-01 3.202986014009896049e-02
-9.934094448324277682e-01 -1.109040815928457324e-01 2.894742361344114848e-02
-9.940343708223853270e-01 -1.040107898734943942e-01 3.282406179570759169e-02
-9.945387190629606522e-01 -9.786999192813486403e-02 3.625182599219219093e-02
-9.950539478727326026e-01 -9.230809731483012592e-02 3.669945405227155455e-02
-9.957178072199589502e-01 -8.567761366073740892e-02 3.471870951873570060e-02
-9.959260800599316621e-01 -8.219805511214348104e-02 3.707717294423117094e-02
-9.963371573773933676e-01 -7.797547864234501136e-02 3.510110329683693159e-02
-9.963248075104503831e-01 -7.843821667513027618e-02 3.441392157547046998e-02
-9.967183979940508198e-01 -7.456769099363823317e-02 3.149743530466136976e-02
-9.969722673958915093e-01 -7.243625239328289889e-02 2.827156143529243465e-02
-9.973162580018294365e-01 -6.678681470091674122e-02 2.999661250385460970e-02
-9.978503284091609915e-01 -5.883143328344557499e-02 2.887175757086738945e-02
-9.982869037317557703e-01 -4.943689462906438598e-02 3.129289479919356021e-02
-9.983441674289920131e-01 -4.798237712834057395e-02 3.172709921479081874e-02
-9.983089001834705156e-01 -4.759512635634705058e-02 3.337720395641535776e-02
-9.985720902377810404e-01 -4.095785848561259157e-02 3.429618664734808420e-02
-9.986571036404344737e-01 -3.656379225911692704e-02 3.670248603832166473e-02
-9.990225766709818211e-01 -3.127162479165337960e-02 3.124052960046807756e-02
-9.992794009852743464e-01 -2.444742444205972448e-02 2.903439432042341506e-02
-9.993102713749071331e-01 -1.929353639449429836e-02 3.172908536778060867e-02
-9.994238205313256129e-01 -1.157784960042079758e-02 3.190570863189069739e-02
-9.995989443219835957e-01 -2.599484348911334716e-03 2.819905606174029009e-02
-9.996182550503471820e-01 3.298801402434777853e-03 2.743092481396107105e-02
-9.994630597066906930e-01 1.098789827157228491e-02 3.086830118558948205e-02
-9.993160402588276980e-01 1.258882115210045553e-02 3.477020228677005914e-02
-9.992001522560034488e-01 2.577014021850599496e-02 3.057693428303231639e-02
-9.990072338609873315e-01 3.119599473003495382e-02 3.180172829651062988e-02
-9.990190537776357793e-01 3.240266313538377879e-02 3.018262613974664887e-02
-9.988980351442872108e-01 3.521730546864538375e-02 3.102337980580741061e-02
-9.986756690570793848e-01 4.036511257185665391e-02 3.189920119199465137e-02
-9.986509647052538297e-01 3.711869737502546118e-02 3.631041447135267136e-02
-9.983631364783093209e-01 4.232934368450730345e-02 3.846124836355946375e-02
-9.984037100064078185e-01 4.575432871808089025e-02 3.311444237472652152e-02
-9.980195343648827766e-01 5.055103000636799321e-02 3.743788911746938342e-02
-9.976676510414614896e-01 5.855516434936458570e-02 3.507910813407119632e-02
-9.974685619120819968e-01 6.199760699819394094e-02 3.482467165952230631e-02
-9.967148234359809456e-01 7.223846419374878314e-02 3.662182616960495823e-02
-9.962281972954057929e-01 7.992944084834897878e-02 3.377360537808143937e-02
-9.960860132223430252e-01 8.348178969085967571e-02 2.904200579277416844e-02
-9.953947962999266652e-01 9.108939711493774238e-02 2.986493475688141441e-02
-9.954862083560201969e-01 9.213401011210034519e-02 2.277117212034085111e-02
-9.949703605901826231e-01 9.838787950913142899e-02 1.880956272996688744e-02
-9.950094885553077972e-01 9.868993163648674682e-02 1.471081284895051251e-02
-9.949534740200027816e-01 9.949999439383230837e-02 1.293555511063227206e-02
-9.945216589621481695e-01 1.042378708364911227e-01 7.818504603784207085e-03
-9.943571129680377485e-01 1.053730766770738098e-01 1.226537863756782532e-02
-9.944869505196408666e-01 1.041187496139991814e-01 1.244926248236610106e-02
-9.946622844083948811e-01 1.020593262862785899e-01 1.519298574030881338e-02
-9.947317648532573164e-01 1.019704011888937362e-01 1.052360282733208474e-02
-9.945227546050587897e-01 1.038789210661673623e-01 1.156085159594211556e-02
-9.947951967627080005e-01 1.017159660157399143e-01 6.030905118455032708e-03
-9.952591949757302325e-01 9.677212935577170216e-02 9.709933745924244700e-03
-9.952913722822046561e-01 9.651102089037218168e-02 8.983324904853611306e-03
-9.952008142165873483e-01 9.749551182717643150e-02 8.364064275744497595e-03
-9.945214757453685328e-01 1.041088621944154524e-01 9.400647359221832658e-03
-9.940534343241220760e-01 1.087157739914623444e-01 6.216362527640781344e-03
-9.939063017949838486e-01 1.098310511603205614e-01 9.348607289998256409e-03
-9.939930024450398527e-01 1.091476507602708035e-01 8.043285154778118118e-03
-9.942497678274485606e-01 1.069339164519852864e-01 5.703484744990374063e-03
-9.941896618040945155e-01 1.076235802362048299e-01 2.018512985040111195e-03
-9.938954996488434945e-01 1.103168056891463411e-01 1.389679185889663039e-03
-9.939684889452520267e-01 1.096291300880705005e-01 -2.844275396693360294e-03
-9.944834574513937708e-01 1.048488155065089855e-01 -3.061345063145183565e-03
-9.944499738012194667e-01 1.052054731392522563e-01 1.025252015187135338e-03
-9.944888484353229252e-01 1.047997908013459795e-01 2.987858565861517719e-03
-9.950397492721982928e-01 9.947763890851912816e-02 -2.998587886934743138e-04
-9.945568279860821370e-01 1.041920959626649879e-01 -8.462913374833566822e-04
-9.941455522143332058e-01 1.080379051276765812e-01 1.557331800297772836e-03
-9.945896127815845311e-01 1.038817739764417436e-01 2.690838986044836144e-04
-9.942803584686926710e-01 1.067969850308080754e-01 -9.828309742093662479e-04
-9.939587155716018696e-01 1.097466772685113806e-01 -1.315967977997606862e-03
-9.944039771474829648e-01 1.056161383748432381e-01 -2.440242792615405186e-03
-9.945204346273756046e-01 1.045377069035045015e-01 9.829397592832447329e-04
-9.942244487811657816e-01 1.073198685954728782e-01 4.294954689668278348e-04
-9.945578628818961819e-01 1.040737334514184875e-01 -4.827909892800958183e-03
-9.947328507743632420e-01 1.024609332465472589e-01 -2.882024745826589247e-03
-9.938653299335790114e-01 1.104900762042386325e-01 -4.862329980939892118e-03
-9.934679584768166816e-01 1.140840343837156434e-01 -2.498370641526986673e-03
-9.935868242928823646e-01 1.130620263331448272e-01 1.481245107870003686e-03
-9.935759172645921566e-01 1.131672009753138530e-01 -2.730370242059884048e-04
-9.933845265437127869e-01 1.148321568644350144e-01 -8.668688994032533934e-04
-9.935448517205894836e-01 1.133836890178814144e-01 -3.572117645277970033e-03
-9.933301189876359016e-01 1.150265180955412081e-01 -8.010504471057010994e-03
-9.936694118118603036e-01 1.119838515546817542e-01 -8.983895367922710082e-03
-9.936795380623785201e-01 1.119561579092658438e-01 -8.172374091954853065e-03
-9.936643739462464042e-01 1.118575424349527725e-01 -1.090850656327116940e-02
-9.936718085329588890e-01 1.120621900179503139e-01 -7.641719291242945501e-03
-9.940939237992680866e-01 1.077477859280232819e-01 -1.294908965797668052e-02
-9.940324969623345330e-01 1.083224762057908852e-01 -1.286972267072746326e-02
-9.944670688537196046e-01 1.036171450025484136e-01 -1.728380724964049750e-02
-9.946841482154908931e-01 1.007667508319675803e-01 -2.120144182655514173e-02
-9.956771333259440970e-01 9.075671955451045103e-02 -1.975494557834658535e-02
-9.957940965081004681e-01 9.037787239018477137e-02 -1.503167997203989567e-02
-9.960706935718492971e-01 8.788333101633663547e-02 -1.094017361080928258e-02
-9.958149253032844150e-01 9.055801062772624033e-02 -1.232376128350830789e-02
-9.962747873103459106e-01 8.533276599960139264e-02 -1.244431819991765990e-02
-9.970941049700298153e-01 7.489151839853125381e-02 -1.394991911653290298e-02
-9.973547782506768655e-01 7.071006833944266934e-02 -1.683824741594008509e-02
-9.974453571576319399e-01 6.865125866031530910e-02 -1.974229613677041043e-02
-9.974753770227415828e-01 6.911456985293196187e-02 -1.631081160569106472e-02
-9.976404567734209472e-01 6.509553221778449639e-02 -2.181937193990556370e-02
-9.982588350959330503e-01 5.515535110375027750e-02 -2.090884072489174184e-02
-9.985409219756228305e-01 4.946282089818510030e-02 -2.166681227567201704e-02
-9.984823656073720244e-01 4.825394601752399509e-02 -2.654273149148034597e-02
-9.984714072159808218e-01 5.002720835198865706e-02 -2.349727141089657384e-02
-9.984521543759190543e-01 5.066430027429339594e-02 -2.294381113379002218e-02
-9.985325397218233201e-01 4.924932917858523829e-02 -2.252254558770165616e-02
-9.986475282865976411e-01 4.579965344539682626e-02 -2.460691712215120133e-02
-9.991684339963676775e-01 3.536894635031484491e-02 -2.028478008397826063e-02
-9.992825430798329966e-01 3.206282421692602941e-02 -2.015858527725757771e-02
-9.993962263344293717e-01 2.856968354071389229e-02 -1.977245878671156018e-02
-9.992526015921510130e-01 2.864179587377106706e-02 -2.595919764375376887e-02
-9.995155701762210576e-01 2.304054221403429789e-02 -2.092253514253550328e-02
-9.993976104174051578e-01 2.804653141479934025e-02 -2.044021711740145672e-02
-9.993661862260111439e-01 2.727492968271952312e-02 -2.287571120694642524e-02
-9.994507630813715959e-01 2.357044790024433872e-02 -2.329378219674357875e-02
-9.994569541110981392e-01 2.045813390647331989e-02 -2.583129532930545855e-02
-9.996291072954457402e-01 1.500476599659098659e-02 -2.272661338155639726e-02
-9.996167765238070935e-01 1.068666775270404878e-02 -2.553604275097871856e-02
-9.996065178795219275e-01 5.673457493629629166e-03 -2.747026723607626925e-02
-9.994727544593728918e-01 1.345166505824979195e-03 -3.244068471007061083e-02
-9.993051511895826300e-01 -3.354486480838274852e-03 -3.712084080866336760e-02
-9.993167289679616427e-01 -9.705226614357225640e-03 -3.566340302441614596e-02
-9.992786186661076764e-01 -1.181169345927846580e-02 -3.609322257693595853e-02
-9.992153997648477448e-01 -1.835096083206455911e-02 -3.509731627411204896e-02
-9.990815749299303272e-01 -1.904078864049090283e-02 -3.838553795010252873e-02
-9.988103063136991588e-01 -2.719183357044861749e-02 -4.047926386008413729e-02
-9.987058910320355531e-01 -3.364701381458804624e-02 -3.813680985764564962e-02
-9.985232374716418446e-01 -4.177510388921235052e-02 -3.473009176386639835e-02
-9.985918325557953112e-01 -4.220845419926302217e-02 -3.213709229268058021e-02
-9.982189363792768333e-01 -5.051714017717729571e-02 -3.173275825605603034e-02
-9.982563794094719833e-01 -5.063001917610038954e-02 -3.034462837597725129e-02
-9.978834537032922336e-01 -5.852531032347632611e-02 -2.834422490303804484e-02
-9.975050778219499703e-01 -6.552248909761106133e-02 -2.627579430169424413e-02
-9.974153886473350328e-01 -6.756030038356128364e-02 -2.445695227658594914e-02
-9.972766281876570549e-01 -6.927155537180831879e-02 -2.531348877358129829e-02
-9.970910759647035881e-01 -7.268957857096505770e-02 -2.292609048417968559e-02
-9.964527512987743085e-01 -8.163407337199699021e-02 -2.043982680405434169e-02
-9.955398478465430356e-01 -9.225656395834992696e-02 -1.972642148441534210e-02
-9.954694131917072308e-01 -9.267751999068840618e-02 -2.124896809725373287e-02
-9.953045973453207296e-01 -9.391559370827613773e-02 -2.342250502173924553e-02
-9.951409850634400645e-01 -9.515682911302761338e-02 -2.529015070445981422e-02
-9.949496377609671205e-01 -9.712247044315062972e-02 -2.534636181844333175e-02
-9.941320984642133540e-01 -1.053234526189096437e-01 -2.466445073898268156e-02
-9.937049779211000189e-01 -1.088676236054579999e-01 -2.642444737886369757e-02
-9.929345048300320942e-01 -1.167160239374368941e-01 -2.141103515406031499e-02
-9.924326908233120914e-01 -1.218994736567937942e-01 -1.476027375710283265e-02
-9.915580903744075636e-01 -1.289496198188640474e-01 -1.358462773345404419e-02
-9.918846515983777978e-01 -1.265181114015697106e-01 -1.256974818612715053e-02
-9.918976238890075958e-01 -1.267147933230915458e-01 -9.080640671956068111e-03
-9.918720132578965343e-01 -1.265856772440723255e-01 -1.288288812333043473e-02
-9.919531613666744407e-01 -1.260837307101011495e-01 -1.148092712318810743e-02
-9.914528975870524619e-01 -1.302663354082282676e-01 -7.199088267772769424e-03
-9.918378005193267954e-01 -1.272460840313088259e-01 -8.136626940888484413e-03
-9.927505495194544061e-01 -1.200834880087837397e-01 -5.127921681368514256e-03
-9.922629266642176704e-01 -1.239205176928240698e-01 -7.614655728300875025e-03
-9.919280174966548236e-01 -1.267391781793747174e-01 -3.997757773538470477e-03
-9.918421197583219273e-01 -1.273663685727603467e-01 -5.197199230887682674e-03
-9.912941302523299303e-01 -1.315905002827811587e-01 -4.458790300662960476e-03
-9.907373015273099881e-01 -1.357790638055168808e-01 -1.907471867279398030e-03
-9.907934102701289047e-01 -1.353500619586406328e-01 -2.961780596819232718e-03
-9.912836600193236647e-01 -1.317028720130921093e-01 -3.324473409961473287e-03
-9.908599840401789427e-01 -1.348746611126969697e-01 -2.304573256593351032e-03
-9.910467753472993468e-01 -1.333917599765724049e-01 -5.737652285956660464e-03
-9.915782928158429765e-01 -1.294001382905290709e-01 -5.299684163857960005e-03
-9.917997931083523122e-01 -1.277285093726343024e-01 -4.311788284062862200e-03
-9.921701173933045181e-01 -1.248880349900060444e-01 -1.195889733349895026e-03
-9.919375848331479784e-01 -1.265874261580864912e-01 -5.953548955372606026e-03
-9.917215061555959554e-01 -1.281098429019470741e-01 -8.735893548883027354e-03
-9.912211009682578844e-01 -1.317203839804856336e-01 -1.142203690563594817e-02
-9.907822422759215986e-01 -1.347903045097771646e-01 -1.349502570380907082e-02
-9.904493758642478607e-01 -1.376204269860150375e-01 -8.405079617725377122e-03
-9.907748487350601652e-01 -1.351027926607043794e-01 -1.060320415065379995e-02
-9.908516585347435512e-01 -1.344911627145445321e-01 -1.118531792003748561e-02
-9.904641929557091995e-01 -1.372877032039548917e-01 -1.152225818762808024e-02
-9.900715733402355445e-01 -1.401539223539414181e-01 -1.073084845833833373e-02
-9.905754694656007109e-01 -1.366452291832101207e-01 -9.397556916227269019e-03
-9.903392468995221298e-01 -1.384467109670720064e-01 -7.789589629856413094e-03
-9.897912970484759043e-01 -1.423141059879148573e-01 -7.738020145555538944e-03
-9.893776678392502966e-01 -1.453118838873619090e-01 -4.034860602837175500e-03
-9.889344004260027798e-01 -1.482104339226138490e-01 -6.512472650242085923e-03
-9.897731427015999950e-01 -1.425667713397056335e-01 -4.882120570666640888e-03
-9.898780328914853488e-01 -1.419191801857722923e-01 -6.478710000308914724e-04
-9.892151698417204209e-01 -1.464535283905807894e-01 2.169148930639555519e-03
-9.898051463826257335e-01 -1.423439158296682661e-01 4.896461302284412301e-03
-9.902516059012497207e-01 -1.390896233200364374e-01 7.471761773000559770e-03
-9.901622435749395379e-01 -1.394507549705647498e-01 1.149834222921923207e-02
-9.900865381503552998e-01 -1.401320803847345142e-01 9.572908062424946921e-03
-9.901024982459191159e-01 -1.400815877530619813e-01 8.613088226429952560e-03
-9.901944161299317537e-01 -1.396822739804302882e-01 1.968285819007783641e-03
-9.903801515946939471e-01 -1.383476425114690544e-01 2.660581085387687342e-03
-9.901445740798654471e-01 -1.399995581051453331e-01 3.720175209198616374e-03
-9.900651671923869079e-01 -1.404360558084820632e-01 6.976568394439823517e-03
-9.908066009689701081e-01 -1.347878646819559156e-01 1.159761981632665383e-02
-9.905515172812150437e-01 -1.367700412658029718e-01 1.008172756460199056e-02
-9.904371469883928025e-01 -1.375940934862019127e-01 1.010530106628445939e-02
-9.899940584112019160e-01 -1.406906605456454962e-01 1.085799879844251935e-02
-9.908276875464044897e-01 -1.345581305026917751e-01 1.243370270517764331e-02
-9.915710235962101882e-01 -1.289160409813417674e-01 1.294424252947835516e-02
-9.911753212444012195e-01 -1.318906612049155491e-01 1.327892750352803984e-02
-9.921467238804433375e-01 -1.243452709915675719e-01 1.353239647517377915e-02
-9.928430388863488387e-01 -1.183904791707396931e-01 1.569676986673695582e-02
-9.928399798088662909e-01 -1.179442951220897456e-01 1.891855611533435969e-02
-9.932779247619994978e-01 -1.143882866081878391e-01 1.772788946835835919e-02
-9.932379268279729612e-01 -1.144470917493281975e-01 1.950071538036744420e-02
-9.934668640753647750e-01 -1.113886532578650529e-01 2.482240963585657240e-02
-9.935990729331146687e-01 -1.097191210309597376e-01 2.688105083456879263e-02
-9.942695227304855221e-01 -1.037452841094097106e-01 2.578810442584080626e-02
-9.950709942765721960e-01 -9.591012103010020107e-02 2.519839550161503614e-02
-9.949259357610925614e-01 -9.744344826282967664e-02 2.504297994432131205e-02
-9.952653248282912202e-01 -9.225285486134708612e-02 3.059964601875840573e-02
-9.957822360372784454e-01 -8.619678802745794899e-02 3.143002589940068620e-02
-9.958755934165566259e-01 -8.289749434603130296e-02 3.687549918212511962e-02
-9.961776443972611972e-01 -7.598249983805527297e-02 4.309008391155382672e-02
-9.965559835853593507e-01 -7.188514425564022925e-02 4.133633259179025909e-02
-9.969830391123101210e-01 -6.430387133981389780e-02 4.347213817331771479e-02
-9.973600475573312085e-01 -5.593723096388162480e-02 4.630288153045102051e-02
-9.977384170616293568e-01 -5.010331041638658306e-02 4.480741508114338689e-02
-9.981950580412393137e-01 -4.468466845232053203e-02 4.012357724931502750e-02
-9.985811465290042044e-01 -3.231602706173864609e-02 4.232449862740747526e-02
-9.988998001474512778e-01 -2.380537819178138448e-02 4.040406052973175011e-02
-9.989752736281121148e-01 -1.528862114183063801e-02 4.259877605196280698e-02
-9.990281401524100380e-01 -5.866334703221301461e-03 4.368473816940122295e-02
-9.990702993152638101e-01 3.558985819914822421e-04 4.310922607058916001e-02
-9.990570934033631278e-01 1.029468366352953579e-02 4.217746524956764859e-02
-9.992149966520662563e-01 1.462334450873691537e-02 3.681770061557793766e-02
-9.989686556571771847e-01 2.314287240218763919e-02 3.906440046749316830e-02
-9.985320992474039370e-01 3.543262838066102427e-02 4.096548203272893512e-02
-9.985838912648301591e-01 3.666689595081391861e-02 3.854537482161939088e-02
-9.983122257586958259e-01 4.395671967269720176e-02 3.795394249581991036e-02
-9.976168083758752969e-01 5.521189191099235005e-02 4.138049946731534728e-02
-9.972759714842477363e-01 6.143609515408499089e-02 4.081957853278078002e-02
-9.966981189143419018e-01 6.720031843750283451e-02 4.557381183094120353e-02
-9.960541952961928791e-01 7.561468781456809340e-02 4.645916969532642299e-02
-9.958020822204686207e-01 7.801953051089151325e-02 4.786607757525979806e-02
-9.961447333372395185e-01 7.972666113129835141e-02 3.659679212403875448e-02
-9.960203550710668985e-01 8.071249271317522400e-02 3.780133937064254768e-02
-9.954287049053457404e-01 8.750771009128736899e-02 3.826342382391877128e-02
-9.941129546196735278e-01 1.011376642336709319e-01 3.886646179923480132e-02
-9.934069131556826360e-01 1.079359751825623992e-01 3.863321982667258098e-02
-9.934605272588010738e-01 1.090805830629361789e-01 3.372836640366311256e-02
-9.920503347189899568e-01 1.209513932425688165e-01 3.474031490114979498e-02
-9.915425084197430072e-01 1.250237862904759467e-01 3.482100636152545003e-02
-9.904468727933763983e-01 1.334660478160499542e-01 3.466701418721287314e-02
-9.886797776566669249e-01 1.468636275595110452e-01 3.071428980432877945e-02
-9.880161244386359565e-01 1.507879771694211612e-01 3.297149195063150962e-02
-9.869773953405368561e-01 1.581256097492638457e-01 2.952808836332158904e-02
-9.863646764381216459e-01 1.619510051728018651e-01 2.926759929211954908e-02
-9.854614425488263940e-01 1.677828408504266067e-01 2.673310445830440890e-02
-9.847887258172423053e-01 1.720093058041304579e-01 2.457558601014616859e-02
-9.839744649028150381e-01 1.768243688687174686e-01 2.296497669289484372e-02
-9.836037180897476695e-01 1.795420494845846038e-01 1.698155920506292521e-02
-9.827636387312819188e-01 1.843584145695547349e-01 1.369672889024485356e-02
-9.822392610616250685e-01 1.869390115713341072e-01 1.611939852294856299e-02
-9.821752158152721179e-01 1.877653038908262129e-01 8.719581912541199409e-03
-9.823660626245259708e-01 1.867790390963929847e-01 8.396700388760607037e-03
-9.830320109042042231e-01 1.833717833944907560e-01 4.780136407212818954e-03
-9.823390112218438608e-01 1.870597554245404526e-01 4.325509191610439272e-03
-9.817380839421325778e-01 1.902268318781448198e-01 -2.020404366804117412e-03
-9.824490998992750912e-01 1.865281714464543938e-01 -1.001209838908979693e-03
-9.831055296320123649e-01 1.830389503060358969e-01 5.052550163091842819e-04
-9.828749359133934771e-01 1.841664313931081487e-01 -6.291337215731490976e-03
-9.820685063697762729e-01 1.882791679666631635e-01 -9.612424274692372636e-03
-9.826808921573864097e-01 1.847791713132688751e-01 -1.396127334458069358e-02
-9.834581967217550513e-01 1.810055137318180574e-01 -6.853765920087188240e-03
-9.829066023150376807e-01 1.839994916520689139e-01 -6.228403036970653513e-03
-9.829412073266178274e-01 1.836323165828243897e-01 -1.028348552918665476e-02
-9.836225777135422232e-01 1.799993144001216516e-01 -9.320206054563255973e-03
-9.837174189942406999e-01 1.794985641013807920e-01 -8.961019135140231226e-03
-9.834884919924156144e-01 1.803687167557012638e-01 -1.474811610928012523e-02
-9.839126859179737616e-01 1.780988882896666348e-01 -1.402167162630105213e-02
-9.841495369857314879e-01 1.765676430747879777e-01 -1.653938037682582685e-02
-9.849184669359446476e-01 1.722510665003432195e-01 -1.628429956468359016e-02
-9.857227248380866502e-01 1.677347720616546856e-01 -1.468845721818834264e-02
-9.856282566680685253e-01 1.679548272266475906e-01 -1.811381997232603888e-02
-9.860785633467038513e-01 1.652280738672765037e-01 -1.867472438200936530e-02
-9.861608292153974942e-01 1.650693369631495155e-01 -1.545728774622992518e-02
-9.855601561846145664e-01 1.679811612680076893e-01 -2.129560378026772519e-02
-9.859300892743338984e-01 1.658748491441291162e-01 -2.067336987280603972e-02
-9.861965722777085164e-01 1.635478474058733311e-01 -2.585376697524217546e-02
-9.853528586789693788e-01 1.687272979631852243e-01 -2.471513083896825086e-02
-9.867962899292875845e-01 1.596489596155870605e-01 -2.729994464476761043e-02
-9.869144178557178737e-01 1.592179989029137432e-01 -2.548638382287442272e-02
-9.879847060853977903e-01 1.527333198932550040e-01 -2.363786432860218514e-02
-9.883423306817622489e-01 1.503720618349967397e-01 -2.382594174528321687e-02
-9.892316297667336222e-01 1.452455660681000460e-01 -1.801397153762332795e-02
-9.895075940067652454e-01 1.436327002749852033e-01 -1.563213873419204425e-02
-9.897306158095587891e-01 1.409764752736891447e-01 -2.364184302550928485e-02
-9.898669573667174815e-01 1.392622546027358355e-01 -2.773853730432340389e-02
-9.902920496961949981e-01 1.359852289637487888e-01 -2.880397765089084960e-02
-9.913161015585659763e-01 1.285769395406962667e-01 -2.757449303906668245e-02
-9.912347581009985920e-01 1.296644272525834529e-01 -2.531374970545832714e-02
-9.918514750000537727e-01 1.253411806016667962e-01 -2.280866393772068915e-02
-9.916544773321379624e-01 1.267183552784381384e-01 -2.374555067338715922e-02
-9.925531965439670090e-01 1.192645984192299002e-01 -2.478109735706647207e-02
-9.929377083708326168e-01 1.153258177112782279e-01 -2.783268435776557748e-02
-9.934457389998456733e-01 1.108253286276247862e-01 -2.798759467504733159e-02
-9.943065586432273673e-01 1.022885392210099026e-01 -2.985829243739307817e-02
-9.942392672219156902e-01 1.046769469157256827e-01 -2.304369531322372072e-02
-9.945497398553106994e-01 1.014726175352121118e-01 -2.396076903718309670e-02
-9.953597476288422730e-01 9.381556549162191339e-02 -2.139177404069720831e-02
-9.955804913992264416e-01 9.293148642814819116e-02 -1.353585756579438193e-02
-9.956704939157609013e-01 9.157575866354032701e-02 -1.594187793910465181e-02
-9.952559725790828260e-01 9.559853146510241539e-02 -1.806834939938174733e-02
-9.954000526915649516e-01 9.443169977487578248e-02 -1.616739265297745948e-02
-9.958382345967262683e-01 8.993231484538130593e-02 -1.477784302319069300e-02
-9.956345030839935939e-01 9.221548780742501450e-02 -1.443036612937953489e-02
-9.959571489455463222e-01 8.922084138675405451e-02 -1.044003219253807242e-02
-9.958323265461831442e-01 9.059935773884093824e-02 -1.047516722756832233e-02
-9.961547284465203100e-01 8.739392433672636684e-02 -6.168813615495916808e-03
-9.963814277176310519e-01 8.469501782626655262e-02 -7.127394365286874971e-03
-9.967607178911499499e-01 8.019070767515755482e-02 -6.125107922795145279e-03
-9.967388039126807708e-01 8.026636415159628390e-02 -8.310405520528042420e-03
-9.966847777512592987e-01 8.075205243130922916e-02 -9.927492390672119221e-03
-9.964051306862643509e-01 8.436537744823835450e-02 -7.700256976075904938e-03
-9.964372348228839327e-01 8.424572371775514157e-02 -3.935788852976964194e-03
-9.965974667186341396e-01 8.235560436464196832e-02 -3.322511933951876988e-03
-9.966958258987365094e-01 8.107186295312417135e-02 -4.977852563838184100e-03
-9.966432245979970350e-01 8.161703833105264649e-02 -6.398223032517805914e-03
-9.967702875596555767e-01 7.997615119588466492e-02 -7.266665828638767255e-03
-9.969800217982018875e-01 7.741540988638398457e-02 -6.138874612457707707e-03
-9.973264038596716397e-01 7.284616146497745193e-02 -5.785866709408846523e-03
-9.972631543604218995e-01 7.234940801559890111e-02 -1.522365123756128438e-02
-9.971557680543412516e-01 7.365635675046727782e-02 -1.597218777529367181e-02
-9.975839125809298213e-01 6.729569401654286742e-02 -1.725173590750873898e-02
-9.973862280111432943e-01 7.026743013427172446e-02 -1.682842560777553231e-02
-9.977891919102893636e-01 6.495874307140384052e-02 -1.403871722346152276e-02
-9.977496892012843732e-01 6.578832996288803969e-02 -1.294019789915319338e-02
-9.976724509331887925e-01 6.681490808791777647e-02 -1.361778560806063167e-02
-9.979582254199353963e-01 6.283817446984137078e-02 -1.143413805678190898e-02
-9.981833768456066514e-01 5.932623839811593941e-02 -1.050423684729090423e-02
-9.983132457300282203e-01 5.612836125528727210e-02 -1.484135770554620773e-02
-9.984309845494696578e-01 5.399216384740539859e-02 -1.484623759075006343e-02
-9.985538867871496249e-01 5.224537668532117790e-02 -1.267088123845500763e-02
-9.985343357537327380e-01 5.282252753168850679e-02 -1.178797456060752015e-02
-9.989955274486960191e-01 4.405464724941519222e-02 -8.192638633640336732e-03
-9.991102184544671250e-01 4.143436244400774265e-02 -7.871475226395877045e-03
-9.990946095265387239e-01 4.140903743192420050e-02 -9.759506736863163626e-03
-9.991521195759597296e-01 4.113711010134597085e-02 -1.665912045267356131e-03
-9.991231610954507403e-01 4.178352702464753488e-02 -2.653482846796478833e-03
-9.991422730832199006e-01 4.140268823458048697e-02 -7.284808592624178285e-04
-9.991564865540695228e-01 4.103779223899460538e-02 1.486649416519735412e-03
-9.988950513709640155e-01 4.696941147536905919e-02 1.595581026282124042e-03
-9.988793984284115579e-01 4.722390884886159407e-02 3.137670993548157764e-03
-9.989599971884840501e-01 4.556304143439018906e-02 1.711269446321133118e-03
-9.988585529536896379e-01 4.750890491388458370e-02 4.948772513427031512e-03
-9.989710063137903218e-01 4.476787797537713776e-02 7.263663788213910004e-03
-9.986283072663223459e-01 5.232680513600548866e-02 1.845095920484032467e-03
-9.986509536522694130e-01 5.191549206433443420e-02 -1.024430130617987999e-03
-9.984186819390897805e-01 5.584991617374424761e-02 -6.396665562005368622e-03
-9.986910391639699514e-01 5.055389335892048613e-02 -7.778631188135900348e-03
-9.987848208075803536e-01 4.787456444277762846e-02 -1.170054768144733123e-02
-9.986553576490260209e-01 5.037956076056802901e-02 -1.222176356732079978e-02
-9.988168892469356797e-01 4.652929818916819865e-02 -1.413652067367855009e-02
-9.988295554417663258e-01 4.585220391835869574e-02 -1.539771508603487125e-02
-9.989901492022916774e-01 4.198466998094058100e-02 -1.599888613633866294e-02
-9.990653274821557073e-01 3.983660252689937703e-02 -1.677830754684880160e-02
-9.993389209210523649e-01 3.314432870218327054e-02 -1.493886336973633544e-02
-9.994414144054012406e-01 2.977372422387691148e-02 -1.517825911497864243e-02
-9.994719009926672504e-01 2.694035818730296933e-02 -1.816951645782593008e-02
-9.994836878956507853e-01 2.651666517998485170e-02 -1.814439857511631476e-02
-9.996633509203991519e-01 1.997413622855166715e-02 -1.655940202027950808e-02
-9.997547287106922642e-01 1.482757655091839280e-02 -1.645054644618212589e-02
-9.997271567590449992e-01 1.490571250369335590e-02 -1.798407238368171512e-02
-9.997382161041354909e-01 1.585736922677262115e-02 -1.649358047913059705e-02
-9.997721643472148312e-01 1.522237951001192448e-02 -1.496307627000419138e-02
-9.997929468724267021e-01 1.302087330571106809e-02 -1.563698634421998787e-02
-9.997880972045211090e-01 1.242483689745971752e-02 -1.641277609485216130e-02
-9.997545170862341957e-01 1.146964352715724132e-02 -1.895647576167177120e-02
-9.997383485540429771e-01 6.199468677074818600e-03 -2.201809028481838126e-02
-9.997930922789107777e-01 5.039138840658291540e-03 -1.970723137114557821e-02
-9.997176599037648215e-01 4.732393416066175106e-03 -2.328519285046606185e-02
-9.996871634951228769e-01 -4.365743412633213243e-03 -2.462743997680688635e-02
-9.995837899594109954e-01 -6.068059950989797106e-03 -2.820320729353938127e-02
-9.996329596001920503e-01 -1.223952870897280013e-02 -2.416889182698516575e-02
-9.996223678909310628e-01 -1.624833765755194503e-02 -2.216096580832399576e-02
-9.995692408886706071e-01 -1.945900033161959003e-02 -2.196987122787282670e-02
-9.994564691774632248e-01 -1.926014840939810693e-02 -2.675459183348062597e-02
-9.992946287665720462e-01 -2.550960238324619100e-02 -2.755903528303678754e-02
-9.993879512232274331e-01 -2.423088740448584022e-02 -2.523058448778817131e-02
-9.993503184199542533e-01 -2.769673958734963221e-02 -2.306137447748204949e-02
-9.991715596638656161e-01 -3.203638334363780732e-02 -2.509700896569436179e-02
-9.988676580534729954e-01 -3.906269501153029206e-02 -2.715700670922769136e-02
-9.984982125052034307e-01 -4.540507899348522614e-02 -3.065443026848294755e-02
-9.981454115494472479e-01 -5.115899452523033075e-02 -3.299227808545287383e-02
-9.978563567637247500e-01 -5.420864121125829049e-02 -3.666211090658155064e-02
-9.974939234840348723e-01 -6.208976781275370171e-02 -3.392239813783746311e-02
-9.972962451385332106e-01 -6.215861548902594513e-02 -3.919823642865153529e-02
-9.964127432304327181e-01 -7.264695147364130801e-02 -4.340578016995520760e-02
-9.952038613778270149e-01 -8.736036290452924014e-02 -4.401633252545113922e-02
-9.942401112347798442e-01 -9.759563657568616490e-02 -4.429096068086997573e-02
-9.940352045665928893e-01 -9.782202988232419072e-02 -4.821679001558736716e-02
-9.923971577998579319e-01 -1.123459664555705451e-01 -5.026192973803659397e-02
-9.920070979276524037e-01 -1.172192908935693612e-01 -4.670708715651561427e-02
-9.906606913695208405e-01 -1.269919657079709441e-01 -4.964304504300824650e-02
-9.903076517365551057e-01 -1.302243576043182749e-01 -4.829459888217714492e-02
-9.891615911033809772e-01 -1.368436778077576910e-01 -5.322735580768515190e-02
-9.885450263789382630e-01 -1.421261826157655117e-01 -5.078263359910232394e-02
-9.877889180122150226e-01 -1.468834448559102612e-01 -5.194520154581424437e-02
-9.854108188537203938e-01 -1.612189935719194056e-01 -5.453394557930937164e-02
-9.844171787295018516e-01 -1.686028586503204585e-01 -4.995889422832798521e-02
-9.831609530059743918e-01 -1.742846512665880976e-01 -5.494904642104510989e-02
-9.813978167986602275e-01 -1.833888319413686518e-01 -5.680544384470891106e-02
-9.793201923198801007e-01 -1.927243311397360270e-01 -6.155721317134661003e-02
-9.772763199005670698e-01 -2.029539494147217793e-01 -6.116115065543169943e-02
-9.761770314993145625e-01 -2.108582749056559513e-01 -5.115845871233123954e-02
-9.737885456302681764e-01 -2.224014647161671465e-01 -4.768074537600797830e-02
-9.725960978391313683e-01 -2.283569684855789039e-01 -4.370265233590012177e-02
-9.713286954138461438e-01 -2.339347658947631692e-01 -4.236846964479858840e-02
-9.692199841052950848e-01 -2.413198502771732312e-01 -4.875806735755881111e-02
-9.685558287069684358e-01 -2.442175540336875283e-01 -4.751199663038840892e-02
-9.668524852640860701e-01 -2.507258348769133560e-01 -4.829932035961750220e-02
-9.657462458056305099e-01 -2.562046704150675036e-01 -4.115036359904152008e-02
-9.633920679623291239e-01 -2.642835786940214149e-01 -4.505452895654356305e-02
-9.613854692005175950e-01 -2.710547646550146572e-01 -4.761608313089037842e-02
-9.596886650930231966e-01 -2.781038621985937320e-01 -4.069280763049389071e-02
-9.576700072240398320e-01 -2.855086863913299799e-01 -3.678238391691503184e-02
-9.568857085540025675e-01 -2.875878638274260712e-01 -4.077938100520280690e-02
-9.564693005055638908e-01 -2.889223857585239141e-01 -4.111360811547878913e-02
-9.560543809921142611e-01 -2.905160711104052274e-01 -3.950227296296005691e-02
-9.557433719758443580e-01 -2.914541965937441637e-01 -4.011302498023621571e-02
-9.522265428000867837e-01 -3.022116218297602463e-01 -4.396297951447915991e-02
-9.493695191159697844e-01 -3.114984162919280930e-01 -4.081971810201082823e-02
-9.482839049065363568e-01 -3.158314626251543245e-01 -3.175089207220737481e-02
-9.484598811775399874e-01 -3.151498008114858029e-01 -3.323331278281732581e-02
-9.476525668128057411e-01 -3.174717368745758606e-01 -3.415120999409556463e-02
-9.466812970398754690e-01 -3.209078656644949179e-01 -2.850718800102267775e-02
-9.465388408979533708e-01 -3.218129715269276159e-01 -2.237476727542207083e-02
-9.458531641952355740e-01 -3.240558304279616553e-01 -1.869777234612475525e-02
-9.439348591532424892e-01 -3.296471905213890774e-01 -1.788036868174312788e-02
-9.416625526142869962e-01 -3.361613399235375277e-01 -1.634584484017268663e-02
-9.410352731467694909e-01 -3.379441218518502987e-01 -1.569653770614014635e-02
-9.408349504827285825e-01 -3.384985717008200945e-01 -1.575782356723610597e-02
-9.400181752707018612e-01 -3.408736077310501877e-01 -1.307706955868884711e-02
-9.392609287363400394e-01 -3.430074908512671938e-01 -1.160883263567346647e-02
-9.383810122154666589e-01 -3.453421921379800641e-01 -1.341052892837014086e-02
-9.380005000601665532e-01 -3.465377887247851341e-01 -8.162041196754043701e-03
-9.373881458798524191e-01 -3.482633793212240314e-01 -4.009814396443705554e-03
-9.377774516956864925e-01 -3.471858656118625430e-01 -5.951625179964097762e-03
-9.367226412373697020e-01 -3.500236035922882349e-01 -5.845198882242648095e-03
-9.327817412472804159e-01 -3.602844990521202329e-01 -1.064421698299367579e-02
-9.310870078691749763e-01 -3.646907098863102492e-01 -8.812844139277962660e-03
-9.322590837152303633e-01 -3.617510044727548224e-01 -5.404438824430058200e-03
-9.322788337687415439e-01 -3.617359417545309430e-01 1.811346670014281172e-03
-9.323369193381533249e-01 -3.615270192525659176e-01 6.788199127563094605e-03
-9.315100460075974587e-01 -3.636394985812057556e-01 7.439469578175990361e-03
-9.327541377565052860e-01 -3.604287773479511459e-01 7.798167338379772932e-03
-9.330799833287887202e-01 -3.595279268499732561e-01 1.007030280327036315e-02
-9.319343796371143407e-01 -3.624759862533823984e-01 1.046269123485435958e-02
-9.331682003959229643e-01 -3.591045035966203836e-01 1.552616625890712934e-02
-9.350142913207941664e-01 -3.539668262120883591e-01 2.134848225320413323e-02
-9.373725608349272598e-01 -3.472351003333253305e-01 2.757651905981051491e-02
-9.382977044122818855e-01 -3.448057190353815971e-01 2.657877209066034779e-02
-9.378699942620390972e-01 -3.462283507413598249e-01 2.293033256321801855e-02
-9.396015186046706713e-01 -3.411963572306621617e-01 2.709297452717676635e-02
-9.411794575269595287e-01 -3.367640356177241667e-01 2.777067288807915854e-02
-9.414515219783625710e-01 -3.356317915634368099e-01 3.194259747749788464e-02
-9.425805589640815496e-01 -3.323618664770257580e-01 3.282494263562459047e-02
-9.453214823848964388e-01 -3.244308075717052264e-01 3.334581458080910360e-02
-9.482313714253048920e-01 -3.155480097649199234e-01 3.587084141348197142e-02
-9.493507657750945850e-01 -3.119904436496123701e-01 3.735082459584346259e-02
-9.505766456012157972e-01 -3.079129480141060138e-01 3.992060717296819911e-02
-9.528863954843813655e-01 -3.007301175327791176e-01 3.960948487356479031e-02
-9.532377611998806843e-01 -2.993077105754426426e-01 4.186481366267650467e-02
-9.533073587347946631e-01 -2.986820111191160754e-01 4.465572347435096262e-02
-9.559927095231313121e-01 -2.903379488325080748e-01 4.221151989790604409e-02
-9.566238060949331379e-01 -2.879328124966211711e-01 4.433493809131955343e-02
-9.576750787738971260e-01 -2.837059116931556768e-01 4.867645110358698179e-02
-9.589293654462220928e-01 -2.798026458962366014e-01 4.652901382936155267e-02
-9.606749694694957098e-01 -2.737178308619925282e-01 4.671348627313520047e-02
-9.638470015762296006e-01 -2.618626710567945604e-01 4.926354563452508412e-02
-9.652842200360388647e-01 -2.564101720006227159e-01 4.980156754561087390e-02
-9.670349978877251784e-01 -2.490955234672008745e-01 5.286521654914077412e-02
-9.691165048816797745e-01 -2.405966937964819918e-01 5.409647928298771946e-02
-9.704086129754816437e-01 -2.336491482104851303e-01 6.095242126843589126e-02
-9.721312539648265805e-01 -2.268457175398782277e-01 5.917637831034789492e-02
-9.747823179673944516e-01 -2.142635637733640852e-01 6.237432449938424411e-02
-9.767162816092780364e-01 -2.045304366939671992e-01 6.475032279627072895e-02
-9.794538099713349100e-01 -1.903145635189880669e-01 6.671281568161552267e-02
-9.810093786285951634e-01 -1.804093421767462291e-01 7.122546694060748196e-02
-9.836424536345396152e-01 -1.660575298906188380e-01 6.980271457119839595e-02
-9.853226111806459020e-01 -1.546739596581774567e-01 7.221715171495944607e-02
-9.873831393601221196e-01 -1.424991709953682129e-01 6.905447840307428475e-02
-9.886504455751871090e-01 -1.334680766575963295e-01 6.896787356189561236e-02
-9.898363587652143636e-01 -1.227934915293769219e-01 7.173381311345561340e-02
-9.910328969431635437e-01 -1.090416003903134784e-01 7.722516279021982011e-02
-9.918759731508665078e-01 -9.661008681030944234e-02 8.275593424346464055e-02
-9.933897062839407432e-01 -8.075861979936414803e-02 8.157779321463626276e-02
-9.943568795217260226e-01 -6.862788274839809466e-02 8.089876026985308444e-02
-9.949598424135140950e-01 -5.488555010425627545e-02 8.391953349651255778e-02
-9.958256931935673961e-01 -4.224444575783849881e-02 8.091103172567284951e-02
-9.962335039507389522e-01 -3.095363033301613137e-02 8.099801144004499520e-02
-9.967886973926645133e-01 -1.732115019771925113e-02 7.818100672619093805e-02
-9.970760928409909685e-01 -2.742614545602697559e-03 7.636584520246686436e-02
-9.970103345842930009e-01 5.031987073472340109e-03 7.710428669893752696e-02
-9.970493779124159905e-01 1.769755788349962680e-02 7.469493592385507974e-02
-9.969299786268043251e-01 3.165867325671890137e-02 7.161246397037857037e-02
-9.964501211492807764e-01 3.920604922682928428e-02 7.449859587715902676e-02
-9.956988259152502740e-01 5.731526001303650225e-02 7.279291012354503765e-02
-9.949932531745427911e-01 6.909374698097518752e-02 7.221134890069096091e-02
-9.939041075446555240e-01 7.938984550885749836e-02 7.649755904050151156e-02
-9.925604037133053392e-01 9.097614202048798226e-02 8.091468307662479098e-02
-9.910759796925392440e-01 1.075382730267421955e-01 7.876497613354266347e-02
-9.900823910773379755e-01 1.166708438706373779e-01 7.826092364623028763e-02
-9.887751945114076069e-01 1.308484025910890691e-01 7.212703085663095537e-02
-9.869169889870631485e-01 1.447171762288695929e-01 7.107597328581836960e-02
-9.848501692746917113e-01 1.583289878401375472e-01 7.072534119234606675e-02
-9.828205325196295306e-01 1.703752234985714265e-01 7.096535978232139386e-02
-9.806586870298037439e-01 1.810406087895442551e-01 7.438303538249797786e-02
-9.791497392418521128e-01 1.891818275696994789e-01 7.400015312001051448e-02
-9.761207973631710333e-01 2.028489527467873810e-01 7.772058965514770656e-02
-9.746938215594046495e-01 2.106265654017356048e-01 7.488927026114358676e-02
-9.719096603924846089e-01 2.241965053789808926e-01 7.160682566016521311e-02
-9.692141074681404067e-01 2.362521013779007029e-01 6.934664144398168528e-02
-9.656052466644032828e-01 2.503042364366591110e-01 7.038675347968173512e-02
-9.646960378978829409e-01 2.553521707484117109e-01 6.447341669258804808e-02
-9.635559734414865796e-01 2.599038936873770966e-01 6.332337777918964350e-02
-9.612109776391225546e-01 2.685218008023729230e-01 6.300394456510992336e-02
-9.593228639989466178e-01 2.765050458122632615e-01 5.696139136821957993e-02
-9.571024806157363285e-01 2.839755422492489800e-01 5.755632778663961890e-02
-9.541702357228643017e-01 2.931374930721133421e-01 6.024590785095000622e-02
-9.540867364363767589e-01 2.945583558403465640e-01 5.434953874777408156e-02
-9.512613592937320117e-01 3.036589934490224185e-01 5.378698707481977676e-02
-9.483128701180149056e-01 3.131936430625782974e-01 5.111203657886831397e-02
-9.454989094653117876e-01 3.223457628942449360e-01 4.609792883855348689e-02
-9.426472237216260153e-01 3.299581250624398221e-01 5.043654577766399499e-02
-9.418938605127148422e-01 3.326263350603882452e-01 4.685802524274135239e-02
-9.384122187152349470e-01 3.422789116433754275e-01 4.719801086140401614e-02
-9.375474427286570878e-01 3.450182231224961926e-01 4.435331008199331487e-02
-9.349325676775157579e-01 3.520362509559574193e-01 4.440236120567082889e-02
-9.311850924692505194e-01 3.623558436895678025e-01 3.990693884694780647e-02
-9.307449875471699441e-01 3.632602532020688391e-01 4.190172154937339688e-02
-9.279934431560198371e-01 3.703585821724381666e-01 4.077606799240426905e-02
-9.265968491010411201e-01 3.740331410013531532e-01 3.895492652175155252e-02
-9.242626730282235137e-01 3.797192041694652520e-01 3.939333562546941392e-02
-9.216373848508916389e-01 3.858160651075892567e-01 4.159918920435651951e-02
-9.178779016734796015e-01 3.950962450089091638e-01 3.740471060036341944e-02
-9.150351530359476238e-01 4.020432131241342133e-01 3.274020394851896026e-02
-9.142857048085005767e-01 4.041366523990916337e-01 2.748114951580374332e-02
-9.114364321864103502e-01 4.101356090889727302e-01 3.274766869145132042e-02
-9.075162503668017244e-01 4.188657799845870167e-01 3.107589299186721415e-02
-9.045280178996448761e-01 4.252941424565950812e-01 3.088615664189185706e-02
-9.023399262008988675e-01 4.300324889510156456e-01 2.923548147244123263e-02
-9.016890978677286617e-01 4.316649117102194788e-01 2.494337795721254109e-02
-9.016788264252650897e-01 4.315338056503232878e-01 2.745661824907629986e-02
-9.007967880514197168e-01 4.335914818995866282e-01 2.373964556140512050e-02
-9.005567453631845298e-01 4.342168048843382810e-01 2.129112589483564064e-02
-8.981077888349296989e-01 4.392320529641410842e-01 2.185407511487505450e-02
-8.965599557873333847e-01 4.424939828600573111e-01 1.947608968494323953e-02
-8.934642101293803762e-01 4.489207672027014095e-01 1.385088643245347383e-02
-8.941603078560083073e-01 4.476661977984935370e-01 8.503902412806928213e-03
-8.919261222126797506e-01 4.521108631208244355e-01 7.972271059795489265e-03
-8.904068017588777639e-01 4.550513077380162752e-01 1.019960104672566412e-02
-8.890723992023850109e-01 4.577001658786700733e-01 7.798989159766440624e-03
-8.867170320214797785e-01 4.622677443948698395e-01 6.436977623413141399e-03
-8.870603330531910968e-01 4.616360216304614128e-01 4.018225981319952650e-03
-8.853277176645050206e-01 4.649540394342080440e-01 3.545507243510502386e-03
-8.846375227131310082e-01 4.662773611166472487e-01 1.368570704213591029e-03
-8.845232143085243193e-01 4.664700783757763092e-01 -4.934211424866516080e-03
-8.837827134237901117e-01 4.678436385018979737e-01 -7.102286158383038644e-03
-8.804571538697675281e-01 4.740652324489845193e-01 -7.573155337821326286e-03
-8.814831072354651909e-01 4.721346151871634866e-01 -8.742648619342574187e-03
-8.805038991483962185e-01 4.737688166287031821e-01 -1.599965705610265423e-02
-8.820373871866648008e-01 4.708942635373040142e-01 -1.639015652893396208e-02
-8.806520085607106862e-01 4.735642734889549677e-01 -1.374466339616358876e-02
-8.809263390391882664e-01 4.728607378343102630e-01 -1.927446304644248737e-02
-8.834487465584951460e-01 4.678675348983794557e-01 -2.486522045977527379e-02
-8.849367371764268464e-01 4.649416760814649163e-01 -2.676203003104586989e-02
-8.860688361025244042e-01 4.628335562661778924e-01 -2.582855162673033944e-02
-8.881027171275854837e-01 4.590387808094001931e-01 -2.359997280930689612e-02
-8.892609869002694456e-01 4.568991335193372527e-01 -2.140271326183165734e-02
-8.910804022333584928e-01 4.532105134948321568e-01 -2.399884294790398040e-02
-8.918857187269163544e-01 4.517224436364020712e-01 -2.206118555916716101e-02
-8.928424109658101848e-01 4.497706193500601302e-01 -2.321241917891862100e-02
-8.931850484977931215e-01 4.492033423487342136e-01 -2.090032585841765725e-02
-8.960477287886133846e-01 4.434174280169164706e-01 -2.189633742942969849e-02
-8.971510705901043492e-01 4.409992944970708706e-01 -2.528984323836107329e-02
-8.992125833943711566e-01 4.362095702944076003e-01 -3.373333886000590143e-02
-9.027771571530904815e-01 4.283159218008736335e-01 -3.922847482545415571e-02
-9.056438405714614115e-01 4.218254014167778232e-01 -4.327311631201266606e-02
-9.069000482517093342e-01 4.189747390800117044e-01 -4.463707374094841307e-02
-9.100875671901422770e-01 4.118338852446208342e-01 -4.618948910825815268e-02
-9.134161152283066798e-01 4.047484229277020229e-01 -4.300828190928946554e-02
-9.135037381349684349e-01 4.044557912774714992e-01 -4.389112723976016511e-02
-9.174823887139265111e-01 3.953086532987551971e-01 -4.423949343967612663e-02
-9.195075394309528694e-01 3.896082951561538610e-01 -5.206975477508742067e-02
-9.205855964851505924e-01 3.863594623463981748e-01 -5.699581996610902229e-02
-9.224609956625339224e-01 3.819206814755023993e-01 -5.658889143098600610e-02
-9.253524662454336580e-01 3.747056707079343130e-01 -5.760617725004476414e-02
-9.298461358873794103e-01 3.628163584399178854e-01 -6.124093320928143680e-02
-9.336534988345687180e-01 3.530390172905070179e-01 -6.045324336335568954e-02
-9.364182960802404088e-01 3.457042892959549807e-01 -6.007759453753808154e-02
-9.402003078135661163e-01 3.350435767022958977e-01 -6.139365793702458024e-02
-9.421672335074413596e-01 3.293338864464531723e-01 -6.212965238704155208e-02
-9.454396293245082017e-01 3.214164578779111214e-01 -5.324815559877373733e-02
-9.475549032598401533e-01 3.142437309580707328e-01 -5.822869773265458571e-02
-9.499262892286194360e-01 3.068727948340213563e-01 -5.889933143533376825e-02
-9.517555365316641147e-01 3.009446572558251987e-01 -5.994756379672029623e-02
-9.537961432756435487e-01 2.945804876844768661e-01 -5.912065441626110363e-02
-9.552373617810971940e-01 2.897964409180610046e-01 -5.949457050232990346e-02
-9.564192282016291680e-01 2.861593895956386358e-01 -5.809528449002299838e-02
-9.600217090963460986e-01 2.743164414305570564e-01 -5.575666901666245789e-02
-9.613951184313412890e-01 2.688884903428471196e-01 -5.846712074067497711e-02
-9.620842143319860984e-01 2.660552371335253019e-01 -6.007140352049152726e-02
-9.644090036631413065e-01 2.558463652299242108e-01 -6.676758149793857178e-02
-9.671840260700487191e-01 2.460401399198169914e-01 -6.339801207468445665e-02
-9.684849533274637601e-01 2.402208727868030413e-01 -6.580901324705996924e-02
-9.725916446064183374e-01 2.232354574650977086e-01 -6.504938163902242165e-02
-9.746001985971495252e-01 2.135645093041353415e-01 -6.741403457185954351e-02
-9.766594072961197748e-01 2.047992321971538188e-01 -6.475859268654372836e-02
-9.789757446851465872e-01 1.928740184073796937e-01 -6.637848404190210827e-02
-9.807621059950053510e-01 1.853154405819347483e-01 -6.135044882750743250e-02
-9.829585579938866502e-01 1.715021914826613258e-01 -6.617756937737240275e-02
-9.847066312022918488e-01 1.628942674240657085e-01 -6.179245055957331006e-02
-9.860861912198412016e-01 1.537189699158859613e-01 -6.328112384044243255e-02
-9.872379844251825132e-01 1.462960144433175236e-01 -6.291770103223839894e-02
-9.882644416367717399e-01 1.397064825271854549e-01 -6.176966012819053164e-02
-9.900912430109769513e-01 1.246487801930539902e-01 -6.466847481264614839e-02
-9.916198879089170859e-01 1.145749009283625053e-01 -5.968742948137505111e-02
-9.925162224899392038e-01 1.061998582163523053e-01 -6.027551323885080997e-02
-9.937811244552151591e-01 9.092384176778016414e-02 -6.428010165854851354e-02
-9.946362453556135685e-01 7.996839792915580447e-02 -6.560331307687652935e-02
-9.957317118912647480e-01 6.788923109906067066e-02 -6.252527450100744955e-02
-9.963244291357039595e-01 5.180909843919115354e-02 -6.821620052709480297e-02
-9.970842426759105592e-01 4.140845078054342099e-02 -6.409644049260997123e-02
-9.974002391672471823e-01 2.750069173538018455e-02 -6.660687273760190763e-02
-9.975989131602474025e-01 1.988855228425570262e-02 -6.633893708719044990e-02
-9.977977021437325345e-01 4.246233060191912517e-03 -6.619452927637047013e-02
-9.977593366698052080e-01 -7.629210779538637618e-03 -6.646880370968503982e-02
-9.978002832437110614e-01 -1.860364647515203723e-02 -6.362782206223760451e-02
-9.974142121739075773e-01 -2.958772974405927958e-02 -6.549394122167580268e-02
-9.973709366517878872e-01 -4.226555295001227508e-02 -5.886287670544444045e-02
-9.970817675320691187e-01 -5.309538461975923246e-02 -5.485279421730340776e-02
-9.961241020027757909e-01 -6.246071336003056196e-02 -6.193087236694095471e-02
-9.959447891967198041e-01 -6.363060323507582772e-02 -6.360128511154679309e-02
-9.949153092711442437e-01 -7.619823176279090504e-02 -6.585861613823107419e-02
-9.938715854293508345e-01 -8.977060392709593217e-02 -6.450202026829882085e-02
-9.930075454317196515e-01 -9.843112952016604134e-02 -6.517152602560888353e-02
-9.925074557684697707e-01 -1.076301449642555197e-01 -5.783339890365755270e-02
-9.913669562340242658e-01 -1.208952936441907988e-01 -5.075318107615496566e-02
-9.909143026213456107e-01 -1.264105003740803590e-01 -4.592634877115771286e-02
-9.901264212274354382e-01 -1.339566342563044965e-01 -4.129514746497194716e-02
-9.889996702948562479e-01 -1.428205964445240506e-01 -3.849581997162802860e-02
-9.878974923617804826e-01 -1.505927924168523613e-01 -3.715311808432696095e-02
-9.867838332588495520e-01 -1.584619444901745888e-01 -3.387443196722435268e-02
-9.865052353208982883e-01 -1.612888151854878771e-01 -2.816624405022628147e-02
-9.858285219285732870e-01 -1.653828868795083895e-01 -2.811804760757057042e-02
-9.850526155061485323e-01 -1.702579601424738798e-01 -2.614517549613061195e-02
-9.847790872718257260e-01 -1.722122339923871093e-01 -2.351795577081176522e-02
-9.845186668520450324e-01 -1.736387823038430256e-01 -2.392835992410488610e-02
-9.849554434803556857e-01 -1.713665747108316928e-01 -2.227711781001906130e-02
-9.840257738112315744e-01 -1.763329476953903185e-01 -2.449421748675077032e-02
-9.824505623888729611e-01 -1.850500763981417496e-01 -2.339573176421349404e-02
-9.821264574917845103e-01 -1.868126787747940998e-01 -2.299224039383021903e-02
-9.808712044947273112e-01 -1.929811565399762729e-01 -2.549415857809786759e-02
-9.803166153320055365e-01 -1.960890301467850261e-01 -2.298748908072242858e-02
-9.798660024627499077e-01 -1.984423198179361136e-01 -2.198321192254532042e-02
-9.789367350003819190e-01 -2.031675694658066356e-01 -2.014463246023365239e-02
-9.789978104285509408e-01 -2.030105995198893398e-01 -1.870781371672700436e-02
-9.778992292450758850e-01 -2.079617202051763369e-01 -2.156430191273791402e-02
-9.779356851296364672e-01 -2.080031394096715780e-01 -1.940331146436345688e-02
-9.766974238035160960e-01 -2.140197902506050798e-01 -1.605211499349539633e-02
-9.758720028355805098e-01 -2.177446390565772882e-01 -1.615874142453739906e-02
-9.756079792282237317e-01 -2.188401017126216097e-01 -1.726497705613222813e-02
-9.756556000120507610e-01 -2.187138665592575637e-01 -1.613671051629097380e-02
-9.743393091398665495e-01 -2.246816379357182425e-01 -1.345625569489873261e-02
-9.739456235497375713e-01 -2.262412349338621675e-01 -1.564687109878327986e-02
-9.723333561105862444e-01 -2.329699485601691711e-01 -1.711275284722945864e-02
-9.716089615223251208e-01 -2.360878258621024461e-01 -1.544548480664272028e-02
-9.721079432566281930e-01 -2.341493472798849840e-01 -1.342491998537065356e-02
-9.729315728594952750e-01 -2.306572341262135006e-01 -1.419131807179497932e-02
-9.711176178461042863e-01 -2.381929677761955022e-01 -1.395281456448736572e-02
-9.712669468896105718e-01 -2.377460954904443979e-01 -1.083100188225128054e-02
-9.698698908779829209e-01 -2.436058363586095232e-01 -2.930806495297288636e-03
-9.698033538078593141e-01 -2.438818931143362789e-01 -1.753715726212913030e-03
-9.704022363352997615e-01 -2.414924154874344420e-01 -9.546475704544892926e-04
-9.694880254397578723e-01 -2.451331694361717217e-01 1.641986009986848597e-03
-9.713390592227223452e-01 -2.376553965078961883e-01 4.510313013645771314e-03
-9.709716658280039825e-01 -2.391712809624404190e-01 3.334805085794398209e-03
-9.713338550466070753e-01 -2.375774856325723328e-01 8.214550554295539306e-03
-9.700128216792938129e-01 -2.427243735241369216e-01 1.264921202297959388e-02
-9.705130261209558018e-01 -2.407213737531611608e-01 1.255725436752599088e-02
-9.696166915997984637e-01 -2.444174585972296310e-01 1.017721168091388802e-02
-9.693326694947898003e-01 -2.453080600338120865e-01 1.476922013871130590e-02
-9.693198973412049391e-01 -2.449252331505314684e-01 2.075006426567302387e-02
-9.696885360442086821e-01 -2.434139657175550808e-01 2.130217706937279770e-02
-9.706655910174257773e-01 -2.398511070736502049e-01 1.672588275904625735e-02
-9.714762702650371340e-01 -2.364261334576238660e-01 1.834497284612685714e-02
-9.715695865358263683e-01 -2.360533309699073823e-01 1.820334460408747079e-02
-9.723512058076553277e-01 -2.329076034105925785e-01 1.694635927773385092e-02
-9.729256013129625735e-01 -2.298326257208893331e-01 2.434618737860716128e-02
-9.729269804012693479e-01 -2.296558920138687121e-01 2.590869448222663657e-02
-9.742367435960723743e-01 -2.234320707855756705e-01 3.067369727783562233e-02
-9.758606349132729063e-01 -2.165522214463318218e-01 2.830468185442295420e-02
-9.770210537974639564e-01 -2.114383166729262020e-01 2.690161799367455850e-02
-9.779414826055303767e-01 -2.074055807137834551e-01 2.476650965479603242e-02
-9.801526644169187286e-01 -1.965986377756598069e-01 2.548977136139862418e-02
-9.812898134500939173e-01 -1.905395328087164941e-01 2.765839676835526659e-02
-9.823193368571931927e-01 -1.853398760859688021e-01 2.641683538292846287e-02
-9.824468993841957154e-01 -1.847371582078928542e-01 2.588958648783183311e-02
-9.835462320309581452e-01 -1.789302547257625442e-01 2.491529281926135181e-02
-9.840149916747679137e-01 -1.761999180192665715e-01 2.584731086253860138e-02
-9.839879093125259990e-01 -1.769518416505837521e-01 2.135037545964355715e-02
-9.832632328128821930e-01 -1.804647001049841937e-01 2.501810225173754093e-02
-9.842098885310234246e-01 -1.751708271618376001e-01 2.541800681867879483e-02
-9.841210749681608139e-01 -1.753634110224032983e-01 2.744781080611986487e-02
-9.851090769838919403e-01 -1.693556348074552187e-01 2.964411977209739646e-02
-9.858326398385724998e-01 -1.633256823629389842e-01 3.819327718564852897e-02
-9.866723219010498092e-01 -1.578506454775865098e-01 3.950824803298957216e-02
-9.881913460392759418e-01 -1.475317595474994747e-01 4.137925076248081396e-02
-9.889818296855157342e-01 -1.413449463315394339e-01 4.400620094113757291e-02
-9.895911311345209072e-01 -1.343093999799747640e-01 5.167569654338319968e-02
-9.902381253854523058e-01 -1.263068872274911159e-01 5.894934266586068783e-02
-9.913428451298579303e-01 -1.157839587017291116e-01 6.191476594157373919e-02
-9.925966739741264311e-01 -1.035487257738653966e-01 6.347837595552015266e-02
-9.932056766923333946e-01 -1.010422705073692473e-01 5.773164947088060828e-02
-9.934058185716986289e-01 -9.988000645908438890e-02 5.629266315405231230e-02
-9.938408472788341497e-01 -9.489696989844857711e-02 5.722705126278269938e-02
-9.949066029837055902e-01 -8.175392308164082522e-02 5.896734276280856529e-02
-9.955894485949101647e-01 -7.336734700038549661e-02 5.847120949361462455e-02
-9.961288834068853237e-01 -6.080316257306299377e-02 6.348404070232992191e-02
-9.969754199269670325e-01 -4.986268140414373828e-02 5.961313096514569282e-02
-9.974229070789504270e-01 -3.686848809569332613e-02 6.154883740621294730e-02
-9.976234089449375064e-01 -3.233519871982055982e-02 6.084380982447593761e-02
-9.981258878220371500e-01 -1.929592049747815008e-02 5.807219443675903231e-02
-9.983740873867781307e-01 -1.127745873122879862e-02 5.587486704416141925e-02
-9.985174104114131755e-01 -8.956287631950495681e-04 5.442590461660049006e-02
-9.984879438967695364e-01 8.092712241263117293e-03 5.437218074815240720e-02
-9.981570038025284752e-01 1.408561574610251929e-02 5.902704053129662065e-02
-9.981191075772339882e-01 2.341351371687861588e-02 5.665734327651790470e-02
-9.975397861446784198e-01 3.182648875779092723e-02 6.246158980791434445e-02
-9.974079282114809430e-01 4.031091072135576520e-02 5.960247940385597631e-02
-9.970409921801169917e-01 5.110121028418631445e-02 5.742757582435877722e-02
-9.966478227704796966e-01 5.955337197802381549e-02 5.609379139662847708e-02
-9.960335822357136992e-01 6.692687264318208928e-02 5.863358309540283447e-02
-9.953197922494746441e-01 7.920917319211259744e-02 5.535718771643379638e-02
-9.946475948937661959e-01 8.873609990457588526e-02 5.293454998218599661e-02
-9.940926241425194210e-01 9.581375131011532487e-02 5.098607259051968210e-02
-9.935683844749304550e-01 1.004369685385651245e-01 5.229034981925068104e-02
-9.933123419796570097e-01 1.048583464402166182e-01 4.832513127270036957e-02
-9.924417482231564502e-01 1.116188922286419499e-01 5.099607133958306698e-02
-9.915612393390944579e-01 1.212981927976436447e-01 4.574993691775695870e-02
-9.901786822443183755e-01 1.316289326076736654e-01 4.711688728526522429e-02
-9.895997530411289045e-01 1.381589826537199805e-01 4.005525796742295808e-02
-9.890391146251629184e-01 1.433339053548925712e-01 3.545448639981794992e-02
-9.881578988744913472e-01 1.491850442216529071e-01 3.588577405557150796e-02
-9.868537466771231115e-01 1.559510707835268517e-01 4.241398258849336106e-02
-9.856096510694798418e-01 1.622935693034890103e-01 4.726957861628136581e-02
-9.842225186906232715e-01 1.700206833832394182e-01 4.897959755040504765e-02
-9.825102292230921686e-01 1.795999828733606252e-01 4.916803515045846396e-02
-9.812742134656512460e-01 1.854670170276314367e-01 5.198945821501342601e-02
-9.799930233232719834e-01 1.918593822652976955e-01 5.294952217382736109e-02
-9.777765374056855974e-01 2.041304295547241576e-01 4.778922945932619071e-02
-9.765816138371246069e-01 2.111637490823357055e-01 4.120949204291887019e-02
-9.754185651339214447e-01 2.166495090905248277e-01 4.026925167736400413e-02
-9.739858211507349539e-01 2.226537993224235179e-01 4.215335718869793469e-02
-9.713443751201789045e-01 2.330162843995322308e-01 4.683498901439065581e-02
-9.699857778063779579e-01 2.384797038639722422e-01 4.748706963999144853e-02
-9.686013115413433239e-01 2.447414672037053762e-01 4.373915204652796540e-02
-9.670959144983827249e-01 2.511248189069035242e-01 4.076539340456503124e-02
-9.636808005608701322e-01 2.647917831468497574e-01 3.470772184078764477e-02
-9.626659566109577737e-01 2.685745711427742211e-01 3.379283165471547862e-02
-9.615829806535443058e-01 2.725635737841765605e-01 3.266908802454375482e-02
-9.596039839784938907e-01 2.796858893574158955e-01 3.059406667238767294e-02
-9.593419546749386573e-01 2.806971892643806976e-01 2.953136666048494438e-02
-9.585863306191758637e-01 2.834559694945835706e-01 2.765790547468174529e-02
-9.577296729211619564e-01 2.866104633172872895e-01 2.466405304823580252e-02
-9.564918207415810114e-01 2.913495901209366412e-01 1.545355944448422413e-02
-9.573825491980472169e-01 2.884435832177657533e-01 1.479706411184710142e-02
-9.564269920699832728e-01 2.917049405422068031e-01 1.247540790129227951e-02
-9.570122916402553637e-01 2.898918153121160524e-01 9.497809934099554069e-03
-9.567061825607309222e-01 2.909752388247749955e-01 6.833005829529208847e-03
-9.552381634554825141e-01 2.958269471221465774e-01 -2.543140157084030836e-03
-9.545323162169302433e-01 2.980987009273520227e-01 2.284963813030351475e-03
-9.556918201415623981e-01 2.943684416640287016e-01 6.039662627059347484e-04
-9.523820739831188043e-01 3.048841717578891219e-01 3.745183100520828225e-03
-9.530068935413085196e-01 3.029485778350797798e-01 -1.399103326951392674e-04
-9.534558822603791395e-01 3.015309900034501278e-01 9.706493636961700464e-04
-9.531400271580366956e-01 3.025203904420576961e-01 -2.345525150077364378e-03
-9.543012033289350882e-01 2.987982356619848234e-01 -5.369099147511853867e-03
-9.535661753559329101e-01 3.011741920469829248e-01 2.378028513598405905e-03
-9.523772565626951181e-01 3.049219086084754560e-01 -4.364992487773640753e-04
-9.527070238343190445e-01 3.038842747129891220e-01 1.916771930098810309e-03
-9.522257848017560145e-01 3.053946571197949100e-01 -3.972993161009872286e-04
-9.511379655875222827e-01 3.087629235111205572e-01 -1.423778148233312670e-03
-9.522863143050404044e-01 3.052002618331270400e-01 -1.890882530895760492e-03
-9.531391140003180329e-01 3.024821081858917182e-01 -5.513924658131974174e-03
-9.524173756128504476e-01 3.047274999418811414e-01 -6.503320175179878350e-03
-9.528172608495329987e-01 3.034941841303513965e-01 -5.526968766484048265e-03
-9.510708829504763706e-01 3.088282789492176050e-01 -9.448243150003374571e-03
-9.520605637284295097e-01 3.056390346830024640e-01 -1.286324603088422058e-02
-9.529579614319503289e-01 3.025688086465440074e-01 -1.797886187990571302e-02
-9.550651525025635191e-01 2.957432844738375199e-01 -1.965868572909379094e-02
-9.572747128710793474e-01 2.883852467627648353e-01 -2.142599581722943666e-02
-9.580027891852995747e-01 2.860114106411064117e-01 -2.069126967088167138e-02
-9.591829657315031898e-01 2.822133326564785216e-01 -1.799091050794635049e-02
-9.598624039638444794e-01 2.799450497999330101e-01 -1.717365065614922387e-02
-9.625847311918801497e-01 2.705849010250123698e-01 -1.464398351047314917e-02
-9.619470046433331589e-01 2.729156114924424781e-01 -1.322984978100781583e-02
-9.620114339728919051e-01 2.727324201899029021e-01 -1.228932648926485925e-02
-9.648038601634912892e-01 2.626933725910362560e-01 -1.207075235348940671e-02
-9.647211650674134553e-01 2.630068630877140379e-01 -1.185172105393498057e-02
-9.656525596072581541e-01 2.594145862332784547e-01 -1.480561650948367808e-02
-9.673918612515153281e-01 2.523363803809330896e-01 -2.189378853848369944e-02
-9.679831020326209456e-01 2.501246975960111918e-01 -2.112699424135847104e-02
-9.676955707970030796e-01 2.510993324296354468e-01 -2.268055475694422118e-02
-9.684795727708691571e-01 2.478132897181931360e-01 -2.521687253671104495e-02
-9.698318411786784887e-01 2.428640453277071676e-01 -2.105363011148145627e-02
-9.692366856190394175e-01 2.450483276681088562e-01 -2.305567941119278028e-02
-9.707661987968314588e-01 2.383980974061703784e-01 -2.791656497159700906e-02
-9.710211960781509610e-01 2.372398325940361374e-01 -2.889807560440457029e-02
-9.710232492191135378e-01 2.376629287760004261e-01 -2.510342527067934565e-02
-9.715970330819879708e-01 2.354889769137980537e-01 -2.332696347628005970e-02
-9.728171359511915695e-01 2.304266909081143788e-01 -2.302955225158246494e-02
-9.725996224378083976e-01 2.311973459429374489e-01 -2.444916797048974494e-02
-9.734346411398004939e-01 2.281222065273240951e-01 -1.962800192653021275e-02
-9.735308710610980354e-01 2.275261240143058861e-01 -2.166809019030212224e-02
-9.750759612529487086e-01 2.205565607983483167e-01 -2.411790833953297852e-02
-9.756867609365135197e-01 2.174842079160099750e-01 -2.712865850600010981e-02
-9.762790958024464283e-01 2.142948842710819257e-01 -3.093266906730957055e-02
-9.759947397977314365e-01 2.151700773403909805e-01 -3.370617207422711703e-02
-9.770774617034814202e-01 2.093607727433703380e-01 -3.857073049534485293e-02
-9.785865034708703947e-01 2.023068397498237747e-01 -3.795258101142194584e-02
-9.790533729054692325e-01 1.995542438134586261e-01 -4.040541347047140602e-02
-9.793967599297216386e-01 1.971309031382513233e-01 -4.383371246131046589e-02
-9.810954753066494227e-01 1.888638864235759052e-01 -4.221494305130686631e-02
-9.816432314760642486e-01 1.851773600162195943e-01 -4.567178713722094829e-02
-9.826015439923646566e-01 1.803871000593098572e-01 -4.421199546488829152e-02
-9.841319942966046952e-01 1.707973143943017635e-01 -4.808841855288274042e-02
-9.856109829586975346e-01 1.615919233414438438e-01 -4.958872295092922600e-02
-9.869849075814011163e-01 1.527712139415064174e-01 -5.021702175820638020e-02
-9.881305774748061488e-01 1.450123905552706816e-01 -5.068894687702232144e-02
-9.898042245205046497e-01 1.326665272724186218e-01 -5.183811882898627793e-02
-9.909085677863622710e-01 1.219606479617874883e-01 -5.679623168629316377e-02
-9.921619608667346935e-01 1.139574001331442321e-01 -5.126748941138135895e-02
-9.934147840623789305e-01 1.024872681637203908e-01 -5.121940817453863454e-02
-9.941026709725423460e-01 9.680118721520161729e-02 -4.888159920652063173e-02
-9.949075030867059466e-01 8.774662230365491700e-02 -4.959427018314924857e-02
-9.958744330584401450e-01 7.678470268373180363e-02 -4.835518575447440154e-02
-9.960825397604358145e-01 7.291181310763621137e-02 -5.003441306199476329e-02
-9.968173988349567916e-01 6.472872845736526992e-02 -4.653241853945259271e-02
-9.970996386484076712e-01 5.932041683229592743e-02 -4.768018137554045494e-02
-9.971324632955693712e-01 5.747150101392999033e-02 -4.923289722165979931e-02
-9.973110688478020736e-01 5.385500466954042109e-02 -4.970182492654390966e-02
-9.978117681341428513e-01 4.688789482845049511e-02 -4.661761006875370095e-02
-9.980098717587154722e-01 4.205713445685937968e-02 -4.698397814513819576e-02
-9.980776569442739721e-01 3.667910260127679734e-02 -4.995633175509407026e-02
-9.983929565044178389e-01 2.427322855609050090e-02 -5.120855225202631394e-02
-9.982470556381453086e-01 1.884043738863683606e-02 -5.610575000343939051e-02
-9.984248668302525553e-01 1.241395115181124532e-02 -5.471453591886130119e-02
-9.985461725730861993e-01 4.938018641974724864e-03 -5.367642418231219348e-02
-9.984287615399626281e-01 -1.622744924508220596e-03 -5.601228618925339214e-02
-9.985610132246919290e-01 -1.054055143456385062e-02 -5.258137252968751035e-02
-9.984081745381248041e-01 -1.869450062082562286e-02 -5.321309811819852076e-02
-9.983668527615281452e-01 -2.783588759088764103e-02 -4.988778981286937780e-02
-9.980924723812031329e-01 -3.217155700366878396e-02 -5.269163618674548716e-02
-9.979869561909964215e-01 -3.626462943055893534e-02 -5.202800142944388057e-02
-9.976152855354590843e-01 -4.655512189428946679e-02 -5.095452497723366309e-02
-9.971875072996608802e-01 -5.699628476931380139e-02 -4.866723298381969015e-02
-9.970630139097970135e-01 -5.953507021058523918e-02 -4.817595307349319816e-02
-9.963250458362191697e-01 -6.743101021596793754e-02 -5.281536596250817339e-02
-9.954658199698762644e-01 -7.743147458837669472e-02 -5.524643961902886424e-02
-9.949263625562142499e-01 -8.691493408011122246e-02 -5.066880764701027495e-02
-9.943738155690209357e-01 -9.341461094564698642e-02 -4.994422979301989945e-02
-9.935460343198165845e-01 -1.014742523669072694e-01 -5.068781464183572810e-02
-9.933048953522186642e-01 -1.063677800314899446e-01 -4.506973315620581982e-02
-9.923305560554833704e-01 -1.125932526754053475e-01 -5.101791680741068341e-02
-9.913185517094462718e-01 -1.213896980241535861e-01 -5.051802742642273747e-02
-9.909921232916816258e-01 -1.235508575665709152e-01 -5.167008838094930973e-02
-9.898836426842210212e-01 -1.321870433894061225e-01 -5.154571138373444106e-02
-9.891250998087178781e-01 -1.401373031315361617e-01 -4.464385448874551993e-02
-9.883954520927563658e-01 -1.461174413558722351e-01 -4.152257329283864928e-02
-9.871190164465393213e-01 -1.537100327837184199e-01 -4.437650072957698144e-02
-9.865164002960147283e-01 -1.579259581382067013e-01 -4.295095228163806067e-02
-9.869074759132498986e-01 -1.569177236613105708e-01 -3.728890800615843742e-02
-9.862787916645011643e-01 -1.619408339269716446e-01 -3.208289057287087159e-02
-9.849598670175661042e-01 -1.697553149287779894e-01 -3.220549454379315057e-02
-9.842462122433818239e-01 -1.737268112545058696e-01 -3.283883690547892420e-02
-9.831198573948718433e-01 -1.808660000684516045e-01 -2.761948734207859274e-02
-9.825191525042448193e-01 -1.842450680271325858e-01 -2.664338430715280231e-02
-9.819394506678349455e-01 -1.880895761958340517e-01 -2.042612192470127583e-02
-9.818186061117811780e-01 -1.890904604553559909e-01 -1.664398811099696007e-02
-9.808148517411356959e-01 -1.941769880813923044e-01 -1.724887813886133089e-02
-9.810674129206127247e-01 -1.931863684573654483e-01 -1.362931718234395434e-02
-9.808175057961281418e-01 -1.947061839516736614e-01 -9.301728151905615249e-03
-9.805033302233643333e-01 -1.963772630132096797e-01 -7.013548999492063424e-03
-9.805562098545238525e-01 -1.958627478426830659e-01 -1.213685274590024440e-02
-9.811963808676166243e-01 -1.925951347308856865e-01 -1.267975201031912649e-02
-9.806789537797812040e-01 -1.953911403254073864e-01 -9.544198281759128447e-03
-9.798045490533013879e-01 -1.998872992857013420e-01 -5.302165445717974858e-03
-9.797776554930116566e-01 -2.000133286775384878e-01 -5.514876955632528992e-03
-9.794759702896577158e-01 -2.015499448345101641e-01 -2.107860690877453366e-03
-9.800981906782061381e-01 -1.985107174422520160e-01 -1.015584735122368291e-03
-9.803206754711747406e-01 -1.974049599457542159e-01 -1.629341253451867429e-03
-9.795702765127179967e-01 -2.010862372529491071e-01 2.529462803482369730e-03
-9.797704581372512767e-01 -2.000186169727005969e-01 6.511673025514473287e-03
-9.794460496805954541e-01 -2.017057632223095698e-01 -4.697282563760766042e-04
-9.795787888210665262e-01 -2.010600815487637028e-01 -4.897917787994346102e-04
-9.798040386528154011e-01 -1.998768351673613497e-01 5.770308532018196025e-03
-9.799996250953219024e-01 -1.988801096779940769e-01 6.887427282320035191e-03
-9.804477224715080208e-01 -1.963629909219070380e-01 1.279997074214929767e-02
-9.816293458063225508e-01 -1.901387454935144217e-01 1.584566120694782046e-02
-9.821563073762813456e-01 -1.870927913129202536e-01 1.911218081648187114e-02
-9.832659683133142536e-01 -1.808245188746626653e-01 2.214789298284284766e-02
-9.838026312757499614e-01 -1.778119449534026897e-01 2.270011352490152942e-02
-9.840589912091186608e-01 -1.762421675013234323e-01 2.380337070101996855e-02
-9.847185321245600642e-01 -1.727622138921104389e-01 2.196884465205174025e-02
-9.855758613168228432e-01 -1.680897981553286513e-01 1.964793887604596515e-02
-9.859487222700393794e-01 -1.659433727415139948e-01 1.918109103820245936e-02
-9.863753385479225866e-01 -1.635154592642814597e-01 1.806616267911284601e-02
-9.872266842707964063e-01 -1.584158314567173931e-01 1.696756659013110360e-02
-9.879433205279343211e-01 -1.537498663122180420e-01 1.813764590114908329e-02
-9.878894408011916761e-01 -1.545248078849159046e-01 1.401915488164013138e-02
-9.880824908748833124e-01 -1.531716188335899842e-01 1.521336993448892637e-02
-9.879411905635301361e-01 -1.534873316031283852e-01 2.034313799205494239e-02
-9.894750522616970745e-01 -1.435348548859244344e-01 1.835392426658653126e-02
-9.894044428798849378e-01 -1.439533632952564313e-01 1.887532136882394060e-02
-9.902115642785520588e-01 -1.388844730837257846e-01 1.386222295096641889e-02
-9.905971712923400396e-01 -1.357226824875538695e-01 1.722201679580966094e-02
-9.915234258394941547e-01 -1.281155009932970767e-01 2.162671793932748054e-02
-9.914440427886939133e-01 -1.287023870929519254e-01 2.178086516058767158e-02
-9.920933862783495316e-01 -1.239587491066038438e-01 1.961993525055533844e-02
-9.926271472048860955e-01 -1.198404217638605329e-01 1.815544956108795446e-02
-9.930256644790439458e-01 -1.161153213838028303e-01 2.042699976029908535e-02
-9.932823312624849965e-01 -1.135561220943023530e-01 2.225349540922379188e-02
-9.929055711459073841e-01 -1.164286941989631785e-01 2.414304190250788490e-02
-9.929784515965933700e-01 -1.154243310518833360e-01 2.590403442190847283e-02
-9.930815943315968175e-01 -1.130518683739542701e-01 3.175252274837470079e-02
-9.934598552201513444e-01 -1.079224812833067815e-01 3.728612200456349335e-02
-9.939433480877418736e-01 -1.014177786998644859e-01 4.232086807378769577e-02
-9.953217278261694556e-01 -8.875291433346137182e-02 3.817825447105619580e-02
-9.958757368670265731e-01 -8.090838592245094829e-02 4.105302311011145566e-02
-9.964476186605411012e-01 -7.660020896538576041e-02 3.499359894389085512e-02
-9.965431231370406318e-01 -7.259704548325533746e-02 4.039150500986322945e-02
-9.966845952175653611e-01 -6.810376269538319371e-02 4.451624618898183255e-02
-9.973569737514818012e-01 -5.746697448828178012e-02 4.445913587239711667e-02
-9.975503508010160614e-01 -5.263615906953810625e-02 4.607313141592824651e-02
-9.978005415962141189e-01 -4.708981310797581699e-02 4.665436512769985389e-02
-9.982533094629544301e-01 -4.161065207437530944e-02 4.193905876617832346e-02
-9.985174183543853443e-01 -3.483712146756030165e-02 4.182512492323129522e-02
-9.983997932581163415e-01 -3.120978942294801162e-02 4.715721453977898825e-02
-9.983449649442955876e-01 -2.836208823498407444e-02 5.002923157427565520e-02
-9.983795267529173012e-01 -2.078478447144593844e-02 5.297465843878278874e-02
-9.983036934836125864e-01 -1.008050046584111660e-02 5.734213533707618188e-02
-9.982946438771657105e-01 -4.228021502908351457e-03 5.822309931468967747e-02
-9.984080536683033191e-01 -1.542968805320099699e-03 5.638243584988496954e-02
-9.982391772733129054e-01 1.446124289107579737e-02 5.752755041501979305e-02
-9.979937985941298439e-01 2.027810964559675910e-02 5.997647846559966966e-02
-9.978425828399123398e-01 3.149919432733584712e-02 5.760192861332560921e-02
-9.975507418414721883e-01 3.989073312322816145e-02 5.745649141761096507e-02
-9.971854103667550095e-01 4.851820573431358391e-02 5.715979875197904625e-02
-9.966883788395675126e-01 5.548040663335663397e-02 5.944915111988821610e-02
-9.964628234677204155e-01 6.385578020271009958e-02 5.462858131979909937e-02
-9.957927417151671845e-01 7.381838896840453579e-02 5.429237599984694518e-02
-9.945915020750837332e-01 8.857390989404262394e-02 5.424396351532172894e-02
-9.933202049621031593e-01 1.006432848443558903e-01 5.644378550928377813e-02
-9.922537857962455687e-01 1.112339771306138647e-01 5.531209760510950868e-02
-9.908367358330180119e-01 1.225880192016608750e-01 5.669869290745586932e-02
-9.893514993617136266e-01 1.319858728900374922e-01 6.134608031371336506e-02
-9.886746842688370895e-01 1.397347478904428231e-01 5.474093530685215925e-02
-9.872869419970868865e-01 1.477494370369007715e-01 5.860545300836281224e-02
-9.862976641990452986e-01 1.556119642704839046e-01 5.478900592984635443e-02
-9.851282020630480751e-01 1.618294543518772055e-01 5.773780594415799106e-02
-9.836283361660539404e-01 1.707549163724540464e-01 5.760256806527142004e-02
-9.825744391305288872e-01 1.785200532223379100e-01 5.175000387646880307e-02
-9.819442933526736361e-01 1.828137399768707538e-01 4.862655627222870619e-02
-9.807501761393692119e-01 1.891131042485072189e-01 4.863462297433884807e-02
-9.795833029110255774e-01 1.957888395881542398e-01 4.564300083740685521e-02
-9.793429208796214924e-01 1.972353266026677376e-01 4.456085535095642008e-02
-9.785871502335995453e-01 2.018752738298494331e-01 4.016918765665863228e-02
-9.762517108538326660e-01 2.136234610368504261e-01 3.602241164250936933e-02
-9.755017099913446676e-01 2.176733014358208373e-01 3.185510494272166676e-02
-9.746378057501964287e-01 2.208582103918638184e-01 3.609430300797149965e-02
-9.742876539682754355e-01 2.227010560496754665e-01 3.417319332644836588e-02
-9.738105436344324239e-01 2.249523843191165995e-01 3.300681844691280564e-02
-9.726272349457752986e-01 2.290183589279428944e-01 3.933005742427021084e-02
-9.716369442712309290e-01 2.332938524038347672e-01 3.867334003884090321e-02
-9.716017856108914996e-01 2.339596326386173542e-01 3.539577320420915496e-02
-9.696935104763636515e-01 2.413915506360176100e-01 3.774407866168143222e-02
-9.697602790834574105e-01 2.411881045035133841e-01 3.732693144373907396e-02
-9.680101281107253985e-01 2.475920024428660826e-01 4.067668503451822570e-02
-9.654760626180485250e-01 2.572539455141555909e-01 4.094362639948834204e-02
-9.652948295044958549e-01 2.585899039071772321e-01 3.656711956709227801e-02
-9.625788595767579281e-01 2.687040462498803683e-01 3.521469904148040453e-02
-9.606003501620640206e-01 2.758122895117612883e-01 3.427168839834467823e-02
-9.601804074559380231e-01 2.777095521135700684e-01 3.051213209871598761e-02
-9.576876333226697069e-01 2.859304473368209920e-01 3.283560211357026276e-02
-9.560325366287556470e-01 2.915847559717186233e-01 3.130685957759060667e-02
-9.559089601395647229e-01 2.914168394784076299e-01 3.625308388223955069e-02
-9.538047200245542978e-01 2.972894063592217417e-01 4.330780070744079391e-02
-9.524374294908006799e-01 3.025405116983393983e-01 3.649907089464030086e-02
-9.499624341819018492e-01 3.098055908092877120e-01 3.989824898438587564e-02
-9.480936717211638776e-01 3.155961890905625844e-01 3.895427765571710110e-02
-9.465979568005852274e-01 3.200959934349897340e-01 3.861170597363681317e-02
-9.446507094398315374e-01 3.260605443370328538e-01 3.632573711943937189e-02
-9.436170148878983976e-01 3.297845241350324530e-01 2.879405232416514665e-02
-9.430671579119124237e-01 3.312579996585031661e-01 2.987430221653701243e-02
-9.411913080574082491e-01 3.368312047830995803e-01 2.652662179446280133e-02
-9.412159878446103578e-01 3.369039989541572910e-01 2.466090544965932399e-02
-9.407642172634836930e-01 3.381084642305468013e-01 2.540382807815798338e-02
-9.404886165421342259e-01 3.390137544070175313e-01 2.346991735936788254e-02
-9.403115857366364239e-01 3.398493954595561695e-01 1.779074726394645062e-02
-9.384113216731643226e-01 3.452504657521863196e-01 1.364946014439685079e-02
-9.392174475546826162e-01 3.432685558453976160e-01 6.106176209818190218e-03
-9.392611959969977553e-01 3.431290421511239974e-01 7.132092152139881021e-03
-9.386007683485888542e-01 3.449774528675921825e-01 4.376670127041015768e-03
-9.367851240397142565e-01 3.499045679920791962e-01 -6.519543101071046537e-04
-9.363891845282524828e-01 3.509523913674417739e-01 -2.777490583744725815e-03
-9.361680372471909983e-01 3.515383877812637836e-01 -3.188779240563944292e-03
-9.350001694941755259e-01 3.546163267605510483e-01 -4.684461898427174677e-03
-9.355807275749220553e-01 3.530325847186212007e-01 -7.529719711202053668e-03
-9.339659177038516225e-01 3.573494372851778733e-01 -3.007440385092824929e-03
-9.327804112809617854e-01 3.603538975282238876e-01 -8.110077041282167179e-03
-9.332315689919447044e-01 3.591966805166109666e-01 -7.522221825114518319e-03
-9.338117314894028853e-01 3.575706529171475134e-01 -1.178468641842176506e-02
-9.348381445682825142e-01 3.548456420430020075e-01 -1.273633942000722101e-02
-9.357919442975700663e-01 3.522608141767554768e-01 -1.434421050378835438e-02
-9.337067941737398069e-01 3.575914464538207382e-01 -1.788799498419069850e-02
-9.330274089990624464e-01 3.592633105383682413e-01 -1.974153401165409938e-02
-9.343389824078210948e-01 3.559256295316610696e-01 -1.810007139963169809e-02
-9.353248049896931704e-01 3.531311808759445281e-01 -2.158422366473381274e-02
-9.376463158743149062e-01 3.466389661558488267e-01 -2.570630100934695461e-02
-9.402969794807611859e-01 3.390586817061324587e-01 -2.967829956490095761e-02
-9.408072421522662987e-01 3.368617151397653720e-01 -3.749558509800512279e-02
-9.414107287469126728e-01 3.349590310635259249e-01 -3.934829397996592038e-02
-9.430471385016530039e-01 3.298872652588714094e-01 -4.285426230120076285e-02
-9.463308543684690877e-01 3.199021539158393157e-01 -4.604918176885224729e-02
-9.497126295023449183e-01 3.084096478865445690e-01 -5.412404368926980458e-02
-9.515700356103453661e-01 3.029087438505524976e-01 -5.254295200233746743e-02
-9.539406459287497198e-01 2.947171563891481383e-01 -5.602716765385101771e-02
-9.557345558498605564e-01 2.877346965910803078e-01 -6.148337144949393707e-02
-9.581058839324606557e-01 2.802299971413105828e-01 -5.919683834765524649e-02
-9.616116838880338635e-01 2.687422533259152257e-01 -5.550290280380761054e-02
-9.646817348884676457e-01 2.562920896400032733e-01 -6.085653192122025823e-02
-9.673025872026255190e-01 2.450386354856309012e-01 -6.543526901910334814e-02
-9.686970297006650688e-01 2.379235657697900685e-01 -7.084097879587811231e-02
-9.709071766287018512e-01 2.285540587750931607e-01 -7.143038131224339893e-02
-9.734961921766506210e-01 2.147099551773504755e-01 -7.877056881475233419e-02
-9.748642639926349274e-01 2.073035156295533754e-01 -8.163897895298007079e-02
-9.765854334249869373e-01 1.985542432074947905e-01 -8.280765341176724026e-02
-9.785038954620337570e-01 1.885348070022586642e-01 -8.357485824344715319e-02
-9.803018116656101455e-01 1.796708554946745695e-01 -8.201673878261492301e-02
-9.821608588403955009e-01 1.687378377705881782e-01 -8.299152475230031634e-02
-9.845154639200285329e-01 1.542639121695329185e-01 -8.325833556088714504e-02
-9.863896656816727448e-01 1.398099786166964453e-01 -8.653670387318826429e-02
-9.880539028834837145e-01 1.279599994185444956e-01 -8.588205456851934205e-02
-9.897869168226367531e-01 1.113521429450601841e-01 -8.900878516881557956e-02
-9.912848234693837357e-01 9.744763151955998515e-02 -8.864740344518907966e-02
-9.928634698757364818e-01 8.369725962091552340e-02 -8.495235767087937206e-02
-9.941658058221136685e-01 7.170270922539910552e-02 -8.057962296122359036e-02
-9.953672732112618382e-01 5.513730096892301147e-02 -7.876466728134000339e-02
-9.957599678099195994e-01 4.366588313037587932e-02 -8.096530494292425439e-02
-9.962128631241837784e-01 3.603967797915975935e-02 -7.912696390549224523e-02
-9.967957783978553810e-01 2.192902054906960274e-02 -7.692397193323703697e-02
-9.975118871902569628e-01 9.076599689585186995e-03 -6.991175298469207156e-02
-9.976166887557904595e-01 -6.350610479982842990e-03 -6.870673146039597834e-02
-9.973699989126779686e-01 -1.583908827405004077e-02 -7.072631490306836854e-02
-9.964692743936709451e-01 -3.185958603837973913e-02 -7.767854245317254436e-02
-9.959181395526066627e-01 -4.305935420477618319e-02 -7.932815005069673853e-02
-9.952780636078008003e-01 -5.575851907621846848e-02 -7.945166921813272276e-02
-9.942977164410394808e-01 -6.679766653662837228e-02 -8.312717496394826655e-02
-9.930481126579946416e-01 -8.242701804445540237e-02 -8.403116735026072703e-02
-9.920471465993934146e-01 -9.503520811447076222e-02 -8.252740428634806891e-02
-9.910675987615277238e-01 -1.071818526870929877e-01 -7.935407524766442677e-02
-9.895352142025860553e-01 -1.192047677389948962e-01 -8.130367400132046396e-02
-9.889552684668310167e-01 -1.266158434790592424e-01 -7.704485254122893367e-02
-9.877921261190873992e-01 -1.372265476515696359e-01 -7.372648299638058511e-02
-9.864451710675776752e-01 -1.474561598901504289e-01 -7.199034129898547463e-02
-9.852858917647550063e-01 -1.550225049459817983e-01 -7.197039878597581708e-02
-9.826998699343777455e-01 -1.694074793321241335e-01 -7.484701518129591169e-02
-9.804657259906934819e-01 -1.808745051051116326e-01 -7.727469023987550145e-02
-9.791381465470206935e-01 -1.896640425312208222e-01 -7.291121308392213562e-02
-9.775117897469970396e-01 -1.993436028341772082e-01 -6.879558639586286217e-02
-9.762422280175577782e-01 -2.060299062260537162e-01 -6.710285928784441578e-02
-9.746300302219260692e-01 -2.147984915768798575e-01 -6.291196768876254619e-02
-9.736460700183194872e-01 -2.198218530655617897e-01 -6.075925199928220583e-02
-9.713808209547649675e-01 -2.293283233136979848e-01 -6.186941347168295469e-02
-9.693826990877759675e-01 -2.383261253608615071e-01 -5.914257442459311398e-02
-9.676981234566756074e-01 -2.451856713791177311e-01 -5.868842997919202636e-02
-9.654065864075963566e-01 -2.543800373715692786e-01 -5.727933997945326011e-02
-9.629742646217842594e-01 -2.638093077833377764e-01 -5.554473912907804956e-02
-9.617617904053318290e-01 -2.692300762296444550e-01 -5.029341531949066413e-02
-9.608662578718756286e-01 -2.729081609433783306e-01 -4.750971686735944166e-02
-9.603120745441721118e-01 -2.746777216052376791e-01 -4.850640965297590285e-02
-9.571810637802616872e-01 -2.854735015704452095e-01 -4.805511486926878489e-02
-9.546671327348285052e-01 -2.936409976409702915e-01 -4.884294426975790970e-02
-9.533901423694521871e-01 -2.982007588496174422e-01 -4.608195789355689492e-02
-9.507333840789721213e-01 -3.061152476821491497e-01 -4.898459618189367204e-02
-9.475775506354876532e-01 -3.158977330344475698e-01 -4.801469420162362417e-02
-9.451320025207916586e-01 -3.238242353141664864e-01 -4.316671497901510696e-02
-9.437742487337759112e-01 -3.281353624646246581e-01 -4.021634113199310662e-02
-9.430286247613414163e-01 -3.304475011437874588e-01 -3.874873699924286097e-02
-9.399326871832722752e-01 -3.393536688423916536e-01 -3.695448047614122850e-02
-9.371685654749718486e-01 -3.475218072292993177e-01 -3.071931225037334220e-02
-9.360983066544383835e-01 -3.503472676652704676e-01 -3.125308107717011258e-02
-9.354716737397904547e-01 -3.518960603981430291e-01 -3.258700780242358014e-02
-9.324779499864880306e-01 -3.602659825496941082e-01 -2.633053665553208161e-02
-9.330283583996362706e-01 -3.589995800869651976e-01 -2.402886770608098771e-02
-9.315307703823116903e-01 -3.629144971832476418e-01 -2.331296010062572713e-02
-9.286071171467870089e-01 -3.707836741765479505e-01 -1.443231068060781344e-02
-9.288419880714110510e-01 -3.702082189790433797e-01 -1.408681793466044080e-02
-9.286333125022073753e-01 -3.707865717806405059e-01 -1.254957146075997253e-02
-9.272883221788704722e-01 -3.741892330359296026e-01 -1.089899361766645189e-02
-9.256833705874856211e-01 -3.781878401346599472e-01 -9.179192970862875417e-03
-9.251380399925080988e-01 -3.795880457206696756e-01 -5.703074525315588589e-03
-9.254687278805450168e-01 -3.788230925189448595e-01 8.372089791359779015e-04
-9.244761573513032848e-01 -3.812106750703436742e-01 4.717880071417765615e-03
-9.248116946329824062e-01 -3.803997711520136771e-01 4.398439281359857803e-03
-9.252722604388300409e-01 -3.792916933845494332e-01 3.009663603523914967e-03
-9.267511239291480463e-01 -3.756587781351593547e-01 3.583210804737733783e-03
-9.256449842677795248e-01 -3.783606232531436242e-01 4.960296642319880767e-03
-9.247762011068728638e-01 -3.804066003699032028e-01 8.933024571868758423e-03
-9.257715774405202991e-01 -3.779547288940813821e-01 9.859613519622974567e-03
-9.270340214049210825e-01 -3.748850787975669396e-01 8.312850927088067873e-03
-9.275436355825540380e-01 -3.734991104510012039e-01 1.269729460658618192e-02
-9.261715026459432787e-01 -3.768299115441201552e-01 1.433764766902494159e-02
-9.245850254937164614e-01 -3.805386636387145805e-01 1.824441666390248795e-02
-9.261033814167858313e-01 -3.768926204163517424e-01 1.686660088286481146e-02
-9.253743834667714774e-01 -3.782561287321061783e-01 2.458768337532778875e-02
-9.275295353805813603e-01 -3.728668389291341367e-01 2.567652893203540773e-02
-9.303232397543059751e-01 -3.655342213248730654e-01 2.972213484781592238e-02
-9.310632855999105839e-01 -3.630190752351293293e-01 3.658294797203477666e-02
-9.332533146229153864e-01 -3.571430728284595846e-01 3.856266640930296891e-02
-9.356878829685709720e-01 -3.499457117648187565e-01 4.501319462369456764e-02
-9.377463403830692545e-01 -3.439556772046162281e-01 4.823169607519897650e-02
-9.400235955544747890e-01 -3.368525501387655274e-01 5.372153067667635035e-02
-9.440287729731910993e-01 -3.245476775211285081e-01 5.897868137714918496e-02
-9.469800991795831457e-01 -3.155655097102209594e-01 6.039126494147484259e-02
-9.494409336087079598e-01 -3.067725927214616788e-01 6.672701356338474332e-02
-9.527239273540376585e-01 -2.963150016003016085e-01 6.719034512856232599e-02
-9.566413125252728467e-01 -2.828771527578217704e-01 6.941123985266274554e-02
-9.596238709838744718e-01 -2.732759013695797989e-01 6.665067373726263344e-02
-9.615178563483950391e-01 -2.664432147311441845e-01 6.701812881188060067e-02
-9.643214048712888120e-01 -2.574851291559169808e-01 6.152755663278027670e-02
-9.666731892260095327e-01 -2.498978202151935779e-01 5.562399044712497409e-02
-9.682943447166902917e-01 -2.427422096941371510e-01 5.901089259708459239e-02
-9.697045554794665456e-01 -2.353429837819819292e-01 6.547334645343902415e-02
-9.712472818215753811e-01 -2.284213695719369275e-01 6.709992234108051734e-02
-9.735093687052266409e-01 -2.179192116096449194e-01 6.921510185312571006e-02
-9.756813750084073478e-01 -2.077178489556996965e-01 6.999395549498001190e-02
-9.769426385780710653e-01 -1.996588484085616011e-01 7.562691016503816921e-02
-9.792024526321582156e-01 -1.873700828461448975e-01 7.781396601085216469e-02
-9.807406879420935697e-01 -1.767747317204120816e-01 8.305662091317776718e-02
-9.833512525852512454e-01 -1.610195812993962527e-01 8.422003145215770092e-02
-9.848766994179757317e-01 -1.496198982262716137e-01 8.736005099087142123e-02
-9.865382367812655096e-01 -1.344479522318057507e-01 9.309168374764703602e-02
-9.883341390629474255e-01 -1.174161787110188371e-01 9.700039780922789512e-02
-9.898800493216178831e-01 -9.889526959632227721e-02 1.017704310951898228e-01
-9.912399024768377975e-01 -8.347953201520760813e-02 1.023456423649169722e-01
-9.922877738487054788e-01 -6.828510039928381570e-02 1.034510806175918535e-01
-9.930859817343612450e-01 -5.697219181815842137e-02 1.026372706132994972e-01
-9.938850546153170651e-01 -3.875203914004902994e-02 1.033962514468323157e-01
-9.944375756739660677e-01 -2.478400605004258198e-02 1.023702504354238318e-01
-9.949111968883279644e-01 -1.586191048503197976e-02 9.949933214790233904e-02
-9.955066738216656885e-01 -3.124492420059563069e-04 9.469092443735620257e-02
-9.957133199890878528e-01 1.806905193183799482e-02 9.071107730783233014e-02
-9.953626301231216500e-01 3.626011281204946646e-02 8.909794747117848190e-02
-9.945587816532684977e-01 4.654348093895002703e-02 9.320160902615834408e-02
-9.940197039747461494e-01 5.814919698257459135e-02 9.243108030709501488e-02
-9.932834211737407992e-01 7.312354912038294963e-02 8.967160749225562555e-02
-9.928534434073632564e-01 8.191909486534110219e-02 8.678310357234017558e-02
-9.909480401459054288e-01 9.636342810259880542e-02 9.346698309441865693e-02
-9.891526071122386243e-01 1.095660480369956558e-01 9.783867774962409780e-02
-9.870113199162415807e-01 1.252231011608370415e-01 1.006371482969010273e-01
-9.848760015722241024e-01 1.408602705684453005e-01 1.008843498045248338e-01
-9.823267711477031705e-01 1.580777372112785739e-01 1.002274908513472035e-01
-9.806951536952829285e-01 1.693874585420851175e-01 9.769805794215995209e-02
-9.781330459284067746e-01 1.864449677452390819e-01 9.216302817321987695e-02
-9.754044379050629265e-01 2.022718385335169899e-01 8.759161249487269763e-02
-9.731819715183358532e-01 2.136256794699470940e-01 8.532833078279174199e-02
-9.709569256659612568e-01 2.250826797217315711e-01 8.111991332174936509e-02
-9.684662447901334348e-01 2.355787407187125704e-01 8.109127060784827867e-02
-9.671806391753644538e-01 2.421000040436018519e-01 7.713108050334605004e-02
-9.654989873763601960e-01 2.518399104689106882e-01 6.624476631149767147e-02
-9.624455669371012601e-01 2.628741164478460290e-01 6.779184221583073322e-02
-9.594888350375720965e-01 2.737416108269025705e-01 6.668365740589460300e-02
-9.565807178105700803e-01 2.845904157870488005e-01 6.294147828380776410e-02
-9.546198613460515903e-01 2.919274111953299444e-01 5.898568311882537718e-02
-9.541029397023680358e-01 2.943505524342780455e-01 5.518456919508302194e-02
-9.538244533076907228e-01 2.956691691268619193e-01 5.290234997879257606e-02
-9.520750378631741562e-01 3.014520008289935937e-01 5.176695256411158186e-02
-9.500988904963233450e-01 3.078738338211231551e-01 5.025738328114096043e-02
-9.462706117372998715e-01 3.194850004406041277e-01 5.001267535482465526e-02
-9.437398613946424986e-01 3.266351628266714324e-01 5.161926297483575288e-02
-9.404150594205630265e-01 3.370895385979462699e-01 4.461123708200990384e-02
-9.385005064985474377e-01 3.417359176616467376e-01 4.932915571163969115e-02
-9.351534886313480621e-01 3.517515402990444850e-01 4.193816926982002480e-02
-9.319708926937381177e-01 3.608856807894607055e-01 3.452222306837465088e-02
-9.299712795161066969e-01 3.662956799474196279e-01 3.131928069190506592e-02
-9.276527083876415780e-01 3.718160379690653161e-01 3.483231029784882027e-02
-9.276684607680266703e-01 3.721577242212336101e-01 3.049358157546149667e-02
-9.242516542401110202e-01 3.801193356028788606e-01 3.561143023077773667e-02
-9.222119180943928463e-01 3.852118819125433524e-01 3.371924934121141304e-02
-9.210412515179936532e-01 3.877884210098841988e-01 3.609926831351260162e-02
-9.195674990404651972e-01 3.911540990988106037e-01 3.733750295637498773e-02
-9.179626201367859784e-01 3.949597308741738533e-01 3.676197320370976768e-02
-9.162534814148878271e-01 3.990346642451475523e-01 3.536803829949740352e-02
-9.164516707667474948e-01 3.990070522016863630e-01 3.016141696601033415e-02
-9.121764670633838445e-01 4.086129059663315410e-01 3.113823509330406955e-02
-9.130044788418429924e-01 4.070820758650296467e-01 2.658963819206555668e-02
-9.115690342396717272e-01 4.106940351721551363e-01 1.929531115751951728e-02
-9.108318231509663354e-01 4.125481990786769027e-01 1.376143522337406992e-02
-9.100074511484471662e-01 4.143400160328680193e-01 1.444969568261477572e-02
-9.106299149838796847e-01 4.129747198815384435e-01 1.431930210810301342e-02
-9.065408253700936170e-01 4.216912507041155611e-01 1.897959403025000630e-02
-9.031716449579061390e-01 4.288872371969128516e-01 1.834997256451248795e-02
-9.031372563922556163e-01 4.292023808756212921e-01 1.133209464594321994e-02
-9.019993310867527869e-01 4.315232809391139623e-01 1.359664475527197665e-02
-9.029690783641334262e-01 4.294845647980159442e-01 1.377882936611561117e-02
-9.026988785280696259e-01 4.300514240304381119e-01 1.380258721339851398e-02
-9.023853111004708216e-01 4.305830436608000245e-01 1.729152582543147867e-02
-9.022001480989614297e-01 4.307111252619776343e-01 2.286533252767879859e-02
-9.014394578529640878e-01 4.323560094172708146e-01 2.179883081920241591e-02
-8.992268793723536824e-01 4.369839749491675196e-01 2.088131002925133414e-02
-8.979091173185794750e-01 4.394628480898618572e-01 2.513217832500073620e-02
-8.977343533911855689e-01 4.398427977885149831e-01 2.472545604988261869e-02
-8.938630873465781557e-01 4.479210525554737088e-01 1.937822928283325710e-02
-8.913992344577666982e-01 4.530640010170991494e-01 1.184988456312775079e-02
-8.899538979123832183e-01 4.558107230305054047e-01 1.478676349760310593e-02
-8.883513491835789422e-01 4.588296776045504011e-01 1.752744665955809772e-02
-8.880439543449860640e-01 4.594997877541740494e-01 1.542349618346041708e-02
-8.871517743710441994e-01 4.613021701934846841e-01 1.272953305432766510e-02
-8.869382299445168760e-01 4.618415822115937153e-01 6.552348122002244618e-03
-8.846457253795229070e-01 4.662569192343193891e-01 2.535711989636175480e-03
-8.815738167272614279e-01 4.720457861033189872e-01 6.208576602066539357e-04
-8.814916025118624265e-01 4.721864160582994741e-01 -3.542200880364937757e-03
-8.813854176778562755e-01 4.723704985451961935e-01 -5.085430887335823033e-03
-8.806351436928127052e-01 4.736724625744532235e-01 -1.077710131413469989e-02
-8.827440282274565675e-01 4.696775179570584213e-01 -1.288463519679353478e-02
-8.839409654835707064e-01 4.672587055407594336e-01 -1.782346074791685969e-02
-8.828486837975456636e-01 4.692722829029736253e-01 -1.901920436727856309e-02
-8.851500765813624660e-01 4.646020837354671862e-01 -2.557831098952662030e-02
-8.880833769611014006e-01 4.590030781535890947e-01 -2.498187513978215521e-02
-8.910894303576357700e-01 4.529126608663602838e-01 -2.880543475744893125e-02
-8.918026095628811545e-01 4.513687176858282024e-01 -3.089321330041419622e-02
-8.950198847957728798e-01 4.449769374503645403e-01 -3.057671176906387109e-02
-8.967483932742622565e-01 4.410392781218552827e-01 -3.642360138173103556e-02
-8.965362214400292018e-01 4.408382077078147332e-01 -4.341062957912836945e-02
-8.978991674433176584e-01 4.376712683405427629e-01 -4.712696187296473715e-02
-8.993759650270736206e-01 4.344415643703377627e-01 -4.882013175473035038e-02
-9.037116782261589432e-01 4.254249951969231724e-01 -4.815371910097953484e-02
-9.072372068837246673e-01 4.178863503920539069e-01 -4.787121428218747698e-02
-9.088152906821320709e-01 4.149258382493423714e-01 -4.348931734657562886e-02
-9.109944189804861647e-01 4.100181516152548999e-01 -4.443296642576162470e-02
-9.135267493986464205e-01 4.035927299334963747e-01 -5.081133009099515069e-02
-9.178776395815537725e-01 3.933076938951783896e-01 -5.300661737639184024e-02
-9.213340243656295003e-01 3.847726429862498021e-01 -5.562044173406117953e-02
-9.244386141896241416e-01 3.768625908982526362e-01 -5.820516350563043062e-02
-9.260143120657511329e-01 3.724829887083957458e-01 -6.126925771767841034e-02
-9.286973622938364814e-01 3.649404109521549588e-01 -6.587648209905914987e-02
-9.311775846188063976e-01 3.583241734726722583e-01 -6.717215068270375455e-02
-9.361951890896714756e-01 3.439832111973460393e-01 -7.220889262409252440e-02
-9.412468430568471378e-01 3.278281294645017940e-01 -8.113633266264763666e-02
-9.460875089694820161e-01 3.138257631937124148e-01 -8.019864141030517979e-02
-9.506254228400693451e-01 3.001700114412685361e-01 -7.879895928229493918e-02
-9.539942433557390133e-01 2.878073570519582014e-01 -8.403520415406839916e-02
-9.569476122608977509e-01 2.755325364032043534e-01 -9.128579255533368630e-02
-9.590095099014462887e-01 2.682942552681409354e-01 -9.120833107668169237e-02
-9.628263103520078303e-01 2.549373754846359641e-01 -8.928850801701387896e-02
-9.654781224143588192e-01 2.430873538507820064e-01 -9.359775983267082378e-02
-9.703686131982667273e-01 2.220931534333508151e-01 -9.518084373556190414e-02
-9.748028373164180360e-01 2.033975561997120041e-01 -9.159077140149173013e-02
-9.771208038687271280e-01 1.903682477565999398e-01 -9.484129973983336515e-02
-9.791226517544543428e-01 1.785866327853790625e-01 -9.708581162120541452e-02
-9.809721738276234726e-01 1.675736685587130848e-01 -9.804421072637686807e-02
-9.833064838136355013e-01 1.515804839309959073e-01 -1.006564631980682856e-01
-9.858076180176600367e-01 1.325676724600704515e-01 -1.030007795394056458e-01
-9.875044500606969811e-01 1.193607298566489172e-01 -1.028979366940483281e-01
-9.891034747254867643e-01 1.039820944722923829e-01 -1.042211517971297491e-01
-9.904891674370112087e-01 8.755928780988743443e-02 -1.061347660527819647e-01
-9.916209884960552889e-01 7.169980657552073311e-02 -1.074567877698990453e-01
-9.923235987021787885e-01 5.960771651816418326e-02 -1.083549905844119060e-01
-9.927825965057764934e-01 4.340329605127994650e-02 -1.117983839905059978e-01
-9.927138690729152559e-01 2.531401806886265579e-02 -1.178065565679120574e-01
-9.929153096030542969e-01 1.146780605147013250e-02 -1.182695545378526780e-01
-9.924459914230663315e-01 -9.497032629234675519e-03 -1.223142315657483603e-01
-9.924143881837742542e-01 -2.504784613162187173e-02 -1.203590383393172980e-01
-9.918599313385312310e-01 -4.256155456661891989e-02 -1.200100045920089037e-01
-9.904319934988133900e-01 -6.341288995197728873e-02 -1.225695001576748849e-01
-9.887038673394344945e-01 -8.722409372445372178e-02 -1.218877795484887144e-01
-9.865593564595019904e-01 -1.070887569675635226e-01 -1.234206017942102718e-01
-9.843630453355751708e-01 -1.278259383212679845e-01 -1.212020415416427410e-01
-9.832189311800434428e-01 -1.435552758516885352e-01 -1.125718723571039331e-01
-9.809133370513808403e-01 -1.568753904145510081e-01 -1.148875428020484507e-01
-9.783036736740921002e-01 -1.743508189344583070e-01 -1.119094463862386341e-01
-9.755101366801548490e-01 -1.923598461074350618e-01 -1.066661732280124175e-01
-9.724213631240768985e-01 -2.102133925777600054e-01 -1.010298516246455336e-01
-9.688923130214192048e-01 -2.261528321577796485e-01 -1.005116461633512037e-01
-9.663490806435579561e-01 -2.385479215916601337e-01 -9.625150443078638041e-02
-9.629594900389998324e-01 -2.525470695174821811e-01 -9.449342101360551360e-02
-9.597404246695352414e-01 -2.645366783242648068e-01 -9.443871804975878526e-02
-9.554907127840255310e-01 -2.800768896036705535e-01 -9.270621319942415339e-02
-9.523334717038964836e-01 -2.913191795603277123e-01 -9.052128170510197192e-02
-9.464477049070934012e-01 -3.101981512181880563e-01 -8.952014831297609720e-02
-9.432528788900136352e-01 -3.216963521071923848e-01 -8.237397010957731025e-02
-9.395252018511478509e-01 -3.336081907573741345e-01 -7.744660831344800378e-02
-9.344037920108277939e-01 -3.477873869293789388e-01 -7.702917570659026381e-02
-9.300343267045750872e-01 -3.594861551452503967e-01 -7.619620937484379575e-02
-9.258332327516202165e-01 -3.705114358078385739e-01 -7.452588789777893352e-02
-9.219410421830996905e-01 -3.792486483475622783e-01 -7.870949414732572591e-02
-9.192627835300077876e-01 -3.864447064240733032e-01 -7.494284796987897568e-02
-9.164069964731947904e-01 -3.939755769291207188e-01 -7.057951744746780720e-02
-9.143667375000252839e-01 -3.995942428361763388e-01 -6.525271557333950367e-02
-9.079432465386876316e-01 -4.141026735245743606e-01 -6.448289088806170855e-02
-9.048982672739322997e-01 -4.212551899235131292e-01 -6.085390038516377831e-02
-8.985208380517696325e-01 -4.354669382849735704e-01 -5.503503362887113282e-02
-8.945487554562715493e-01 -4.435538257586656430e-01 -5.515916467979776333e-02
-8.911112448477785941e-01 -4.509746950789313980e-01 -5.042399535831135898e-02
-8.884670029108705513e-01 -4.570891372341234771e-01 -4.118143939865091807e-02
-8.855742599291694939e-01 -4.625927265094617602e-01 -4.202624371053658575e-02
-8.841015888761097896e-01 -4.653902989494269615e-01 -4.214565008132928337e-02
-8.823081177499499939e-01 -4.691055673092339728e-01 -3.837131259730004740e-02
-8.795255990044427152e-01 -4.741085396328732493e-01 -4.069175473774469531e-02
-8.781875141966173359e-01 -4.770417549325347006e-01 -3.489784542368797038e-02
-8.767175234194897193e-01 -4.798520215667718691e-01 -3.329304990714790358e-02
-8.768838789968036451e-01 -4.798713606481715410e-01 -2.825147177330075351e-02
-8.759590827942361768e-01 -4.819897721241250266e-01 -1.953331204148996136e-02
-8.750045431319339873e-01 -4.838114680928858879e-01 -1.713237477519058069e-02
-8.724846604820312157e-01 -4.884636470487736526e-01 -1.318287292543931372e-02
-8.700972139723106569e-01 -4.928412440794364691e-01 -6.192881681367937673e-03
-8.720203147607439309e-01 -4.894653172548622533e-01 -2.068650929125698257e-03
-8.723895110934687391e-01 -4.888105855426820301e-01 8.705648317318312977e-04
-8.771692125058653255e-01 -4.801750740061370704e-01 2.465088300080992868e-03
-8.771681749573042586e-01 -4.800973544079651933e-01 9.084542161929807375e-03
-8.813631185885881791e-01 -4.722920417604336007e-01 1.180195988386422562e-02
-8.818162057610171578e-01 -4.713132118315788155e-01 1.624935219605556577e-02
-8.844320787942852036e-01 -4.662661756208261177e-01 1.938446339572939825e-02
-8.864981298799010645e-01 -4.621655217806895921e-01 2.289327748576199667e-02
-8.858428235684209229e-01 -4.632612427764215002e-01 2.591368082899448561e-02
-8.877018345242672082e-01 -4.591580583285281292e-01 3.404903233127845597e-02
-8.874987635994562307e-01 -4.593514478745451268e-01 3.663602190731753833e-02
-8.892897017107699309e-01 -4.557114429583948301e-01 3.861234732479173343e-02
-8.922895532003048968e-01 -4.493562901061969872e-01 4.356930308514869732e-02
-8.949419793256531142e-01 -4.441631579536310936e-01 4.240222986997591037e-02
-8.979649177086643785e-01 -4.371105294556119625e-01 5.092542277997850336e-02
-9.020138088489707551e-01 -4.282849457306319163e-01 5.425035551912193305e-02
-9.057748387153216063e-01 -4.196531845541303096e-01 5.884856609957643536e-02
-9.092152319938591187e-01 -4.122756033978309254e-01 5.793527619138724022e-02
-9.142969354925579717e-01 -4.008941631921494331e-01 5.783589833700934768e-02
-9.199049870744812063e-01 -3.870975171232237666e-01 6.269238094920176474e-02
-9.230023150152948386e-01 -3.781796846224286246e-01 7.104126106381533634e-02
-9.277503279049007512e-01 -3.664883420390891988e-01 7.046724313747361468e-02
-9.309822340452713618e-01 -3.576280899498655019e-01 7.330919121043469322e-02
-9.356252548652657097e-01 -3.438110098818554228e-01 7.999612895903648879e-02
-9.410268705794507804e-01 -3.274054134489128298e-01 8.528853096970528957e-02
-9.451574099208156499e-01 -3.149566924905712884e-01 8.648561610032459712e-02
-9.486116124871593058e-01 -3.035806115707095909e-01 8.930190688171336932e-02
-9.527233994013611929e-01 -2.871841267548215781e-01 9.921397141856601321e-02
-9.555339849463433399e-01 -2.772799359089876403e-01 1.003526349306031601e-01
-9.584066011615683944e-01 -2.662490231091081960e-01 1.028020201378660320e-01
-9.628415472152139776e-01 -2.499959732506519539e-01 1.021674067251358703e-01
-9.673832857376924999e-01 -2.301132980724261978e-01 1.059125103377540900e-01
-9.709015108246533687e-01 -2.136285773563433021e-01 1.082270694040182168e-01
-9.749152510433487517e-01 -1.955216601123669906e-01 1.063557460612212513e-01
-9.774243972950934500e-01 -1.836096599394622664e-01 1.045421029772549970e-01
-9.802044873066629860e-01 -1.686729935849294870e-01 1.036754319135961833e-01
-9.833747377110370058e-01 -1.501671053042523407e-01 1.020978771508669197e-01
-9.851440528750835535e-01 -1.343163819489208710e-01 1.070061495836206883e-01
-9.867440511393297253e-01 -1.222257630103761178e-01 1.067569753931184168e-01
-9.887462661780298534e-01 -1.050438456382658953e-01 1.065205285518858319e-01
-9.899406357487409158e-01 -9.010704094491912841e-02 1.090791938903235975e-01
-9.913716680365480816e-01 -7.530241127046671812e-02 1.072929365857356737e-01
-9.924933714857375744e-01 -6.108962940654502627e-02 1.059479882089979924e-01
-9.930586840394005632e-01 -4.819982333940724811e-02 1.072904403745940649e-01
-9.940807893884636703e-01 -3.837788143052624917e-02 1.016392330391091975e-01
-9.947435678483631527e-01 -2.533135390181764576e-02 9.921475539380636421e-02
-9.946057272274455574e-01 -1.001177536624699160e-02 1.032435142060247335e-01
-9.945679188418509176e-01 4.410794694841022393e-03 1.039962077038940197e-01
-9.948136777789160501e-01 1.812469068792020577e-02 1.000862272207845988e-01
-9.946650344022068824e-01 2.922577631002909460e-02 9.893095621710316923e-02
-9.939836610990986365e-01 4.670084605262042610e-02 9.907332250053972611e-02
-9.929044104036887086e-01 6.301603538212639799e-02 1.008455357754162313e-01
-9.916239059574701864e-01 7.976135766919914549e-02 1.015882178074537928e-01
-9.903815614378072008e-01 9.506523896083148017e-02 1.005334478251029839e-01
-9.891301002659027564e-01 1.117653994789609140e-01 9.555182209744493560e-02
-9.876997581707593898e-01 1.236251933269563175e-01 9.573928017027877324e-02
-9.852373590407479398e-01 1.405003701607038802e-01 9.781105820325894373e-02
-9.829479520474181387e-01 1.572502634701520297e-01 9.531887936574287568e-02
-9.802698628868489195e-01 1.736187183685710123e-01 9.448569731884640110e-02
-9.780522163179662387e-01 1.874875284621539406e-01 9.089718785456898931e-02
-9.762667042300418041e-01 1.991873346150219992e-01 8.501610057926367592e-02
-9.730116410253587533e-01 2.146686322941893377e-01 8.465065928453559263e-02
-9.696536447986395801e-01 2.322112923172917065e-01 7.648354751688622721e-02
-9.680970985078958257e-01 2.397586049165593980e-01 7.282737996019550408e-02
-9.652106121058858790e-01 2.510844297820745696e-01 7.297322419900212354e-02
-9.622200160098707267e-01 2.634365850385650409e-01 6.880272170377559060e-02
-9.590670106902178249e-01 2.764056435240889731e-01 6.156619931568994841e-02
-9.576961656388935928e-01 2.802052568517417463e-01 6.559783606212089835e-02
-9.569080146875829085e-01 2.832593239956050502e-01 6.396260233129931472e-02
-9.548340028605597496e-01 2.907165366040010968e-01 6.144859582832691569e-02
-9.530105727513792369e-01 2.984529691456981881e-01 5.192957520809658029e-02
-9.501112065018202379e-01 3.079951386159630045e-01 4.927166542489253703e-02
-9.471698802762332781e-01 3.172947004216689071e-01 4.683265943498578221e-02
-9.441544572635697241e-01 3.267944728413543776e-01 4.216325499354404982e-02
-9.423993520699639470e-01 3.322418304237260700e-01 3.871477603405065054e-02
-9.407654770238492725e-01 3.369773202726331629e-01 3.750479180581876154e-02
-9.414367073428956401e-01 3.354695333861796858e-01 3.401653732200030783e-02
-9.412406964534035803e-01 3.363918530062616208e-01 3.010779167730369757e-02
-9.388797839127586142e-01 3.433043339316995679e-01 2.543406917984233559e-02
-9.364503898793227199e-01 3.501079354087202611e-01 2.202514518348651362e-02
-9.336245651631878140e-01 3.576682388723789185e-01 2.045991976057428760e-02
-9.333351185097890079e-01 3.585806247006135816e-01 1.747850750553695681e-02
-9.316649473931617464e-01 3.628715281383993463e-01 1.801904458156144626e-02
-9.316114885480742958e-01 3.632276200137740663e-01 1.287387240026217732e-02
-9.302649959890560982e-01 3.667025382553683599e-01 1.167440771045361557e-02
-9.304479640032953247e-01 3.662615117832608846e-01 1.091317500633968984e-02
-9.279391835038665048e-01 3.726815079111714946e-01 6.113214084768941493e-03
-9.271679725304561304e-01 3.746408947381228982e-01 1.938221990273262217e-03
-9.267601502721608542e-01 3.756534666282912438e-01 3.207374307019612673e-04
-9.273977610015001760e-01 3.740728102132592769e-01 -1.712178694690017714e-03
-9.279994548035025437e-01 3.725197831708207397e-01 -6.784475600197927697e-03
-9.299400979198163553e-01 3.675404900299354405e-01 -1.119860964741714246e-02
-9.301353469744618740e-01 3.670955933184006370e-01 -9.437587544959585156e-03
-9.307175560197130659e-01 3.655105789256911097e-01 -1.291720019440168073e-02
-9.324584173894266970e-01 3.610195600971958796e-01 -1.364490911594126200e-02
-9.335100334219414986e-01 3.580215594035849880e-01 -1.948299344653858095e-02
-9.360065730010189711e-01 3.513341148955844151e-01 -2.135512921802876218e-02
-9.379830103724738910e-01 3.459711880643357995e-01 -2.217692201143206879e-02
-9.377218005045393490e-01 3.468503751931218959e-01 -1.930411067757310459e-02
-9.381570956338397549e-01 3.452929303049759313e-01 -2.518060620234651228e-02
-9.384492234094057306e-01 3.441344000209061726e-01 -2.974183241504420316e-02
-9.400335122143396172e-01 3.394115200378555186e-01 -3.371680376623842346e-02
-9.415242887865702404e-01 3.352396506607608906e-01 -3.385848683554767286e-02
-9.422589368379834518e-01 3.326627530252560527e-01 -3.851747186090575398e-02
-9.436421574437315885e-01 3.282236585112831007e-01 -4.252899843775056338e-02
-9.440943507234988985e-01 3.264818892396533778e-01 -4.577597622023986401e-02
-9.476591668843966643e-01 3.150380677727484535e-01 -5.189534539616939141e-02
-9.512964481587042886e-01 3.035929918357007651e-01 -5.353849826794796624e-02
-9.531669099807456025e-01 2.967289517952790834e-01 -5.852161010448805184e-02
-9.568156919223567147e-01 2.843130981842836857e-01 -6.057889173123306298e-02
-9.581513540423272079e-01 2.802212420397459658e-01 -5.849826027359186081e-02
-9.613709164313456457e-01 2.683155233529709860e-01 -6.142271037712168646e-02
-9.644282014530684011e-01 2.566046206314418487e-01 -6.350056170428387825e-02
-9.663779232137826858e-01 2.496266590874767488e-01 -6.164615918068800521e-02
-9.672559563380548342e-01 2.470552163973191717e-01 -5.813469931982868238e-02
-9.675357300195180921e-01 2.447040404376419065e-01 -6.320246896516464041e-02
-9.695233429799563485e-01 2.351017277495453528e-01 -6.893238522103860288e-02
-9.716760036817568835e-01 2.243644723088769333e-01 -7.420469407114450855e-02
-9.730196160346359369e-01 2.193029363743859428e-01 -7.168722353885445542e-02
-9.755895100772704609e-01 2.077125789494609631e-01 -7.127833780444403633e-02
-9.775280655705863575e-01 1.973885429296126648e-01 -7.400441419666267673e-02
-9.790201489434200433e-01 1.913947225062845314e-01 -6.991149562175420773e-02
-9.804890077972803208e-01 1.825490535757502142e-01 -7.291884452552828411e-02
-9.822489521470868512e-01 1.711663762635652342e-01 -7.674032387543820721e-02
-9.842822307351535294e-01 1.599227353304220334e-01 -7.492141611320930761e-02
-9.856632143147340264e-01 1.506331020231566065e-01 -7.601122399756288228e-02
-9.867183826492113008e-01 1.432390229537717219e-01 -7.661217476901042989e-02
-9.875280211183495860e-01 1.376417808089470951e-01 -7.644054785268492025e-02
-9.891375060635544392e-01 1.241789017907714288e-01 -7.865497097236617829e-02
-9.899329237879728183e-01 1.151985262489687994e-01 -8.223208685012291241e-02
-9.914258853303271612e-01 1.023076481992772485e-01 -8.128880085958962998e-02
-9.927136218945161739e-01 9.113959955936191959e-02 -7.882416092693478316e-02
-9.940122625693498248e-01 7.568733166613234031e-02 -7.881027683699336206e-02
-9.949895656361236185e-01 6.308013739347274884e-02 -7.756720021481904037e-02
-9.957119159618740278e-01 4.906928542094307621e-02 -7.842190859159396676e-02
-9.966855816816836411e-01 3.862367884141021390e-02 -7.159659483102442934e-02
-9.969706855197529860e-01 2.913848279434724103e-02 -7.211387367350848010e-02
-9.974019053369164167e-01 1.316305374298574332e-02 -7.082501638408095213e-02
-9.979270637551168610e-01 6.909969400065173878e-03 -6.398310245975549759e-02
-9.976843765710543543e-01 -3.133305157253119672e-03 -6.794171699034776135e-02
-9.973300615160289873e-01 -1.265026200723546636e-02 -7.192168886813785078e-02
-9.971813825064683723e-01 -2.647651102273993612e-02 -7.020181310139218811e-02
-9.970760115852694838e-01 -3.675881911046672418e-02 -6.699422457735827729e-02
-9.966595357853588188e-01 -4.792616569134519611e-02 -6.612761978409321950e-02
-9.959796351487153476e-01 -5.797137210463186585e-02 -6.829272493578956993e-02
-9.948383565484024693e-01 -7.284158863362233394e-02 -7.064529381300894972e-02
-9.943684382107057518e-01 -7.861729685324964079e-02 -7.106855828239341810e-02
-9.938641209934401255e-01 -8.610311586045715782e-02 -6.942890323799992547e-02
-9.934699038024085160e-01 -9.581801650393981240e-02 -6.193922475861243088e-02
-9.923323512884193454e-01 -1.096504940017217766e-01 -5.703755465544770725e-02
-9.906181966748043299e-01 -1.242820528015947945e-01 -5.682929379046586238e-02
-9.902274083477374811e-01 -1.281352142856391485e-01 -5.505502207571961321e-02
-9.894351411980367716e-01 -1.367746969490182540e-01 -4.807069570645484957e-02
-9.895789719401474338e-01 -1.357941137734398340e-01 -4.788971817589009194e-02
-9.882862589053792446e-01 -1.449512722675036502e-01 -4.774313844553824959e-02
-9.879030835555139278e-01 -1.490212278227919240e-01 -4.289730916962255364e-02
-9.871615408895627608e-01 -1.541067194413785757e-01 -4.199070319300191728e-02
-9.860980710105032854e-01 -1.599301057323682662e-01 -4.508839839328947219e-02
-9.851014219963384333e-01 -1.657412533514230901e-01 -4.588064300713395188e-02
-9.847672737861641323e-01 -1.699386303532148812e-01 -3.680062986850594908e-02
-9.847550340706057170e-01 -1.710039387659943455e-01 -3.186194835527841190e-02
-9.841106011894430461e-01 -1.738568642259496477e-01 -3.605722468442984496e-02
-9.828433235716488303e-01 -1.812598515747679551e-01 -3.411562026873118242e-02
-9.825287869014804887e-01 -1.834303164110828721e-01 -3.147236793063330762e-02
-9.819431778462509586e-01 -1.869859570395365489e-01 -2.870287983583399982e-02
-9.816381840159392747e-01 -1.885913969905708698e-01 -2.863160181160486623e-02
-9.812557880186590920e-01 -1.905623674028827375e-01 -2.868920650536272571e-02
-9.803522440187936171e-01 -1.949239140154687966e-01 -3.023496958904433457e-02
-9.797532414921859001e-01 -1.985482182997907463e-01 -2.573322140189075041e-02
-9.797577841348038552e-01 -1.992085159560326169e-01 -1.976510807184576890e-02
-9.792071230610496224e-01 -2.015616293628828548e-01 -2.294183331500241479e-02
-9.793265499051722056e-01 -2.013071419705761422e-01 -1.987338055567247283e-02
-9.791865757333004794e-01 -2.025302428577594738e-01 -1.323475107251422325e-02
-9.775484109175418546e-01 -2.105459745175120578e-01 -8.336967000332632174e-03
-9.781205931543969223e-01 -2.080111750054254582e-01 -3.385932000852054022e-03
-9.775618460162375234e-01 -2.106486240635516982e-01 -4.995226533456142287e-05
-9.760358328388147875e-01 -2.176029053611260866e-01 -1.742642278137850834e-03
-9.743202231825767168e-01 -2.251346501205188366e-01 -3.807924882369077401e-03
-9.731441190859531076e-01 -2.301730494140722671e-01 -3.301373698004644777e-03
-9.733907308492383281e-01 -2.291405787933487037e-01 -2.255772019716252141e-03
-9.726576294228787001e-01 -2.321645564238794535e-01 -6.063252156826272332e-03
-9.727120068699770528e-01 -2.320158438439098025e-01 -9.107059398251807214e-05
-9.732028066634420549e-01 -2.299480651464592407e-01 -4.391230282541594594e-04
-9.732049692451653078e-01 -2.299393155127948118e-01 8.607895477594901517e-05
-9.722947702274863380e-01 -2.337496069581596891e-01 -2.002365795574562266e-03
-9.714314119401462611e-01 -2.372260608079674871e-01 -6.694514566708890252e-03
-9.692743094316496055e-01 -2.459774295210583051e-01 1.557370145117359730e-03
-9.693087357801044579e-01 -2.458422254293180509e-01 1.477530385229895845e-03
-9.685939614969236722e-01 -2.486472449474216029e-01 5.417592186237103367e-04
-9.681394214106574525e-01 -2.503847533467058462e-01 3.680241356537882445e-03
-9.688556003711599196e-01 -2.475194031251337357e-01 7.278663845440042079e-03
-9.702120475270340494e-01 -2.421987385516635449e-01 5.325600489887192222e-03
-9.713851398209322197e-01 -2.373014115395356560e-01 9.947782207983630817e-03
-9.713140961465195344e-01 -2.374381181668268892e-01 1.311772964595695791e-02
-9.704383871781550042e-01 -2.406840732878185452e-01 1.790311839974785199e-02
-9.709113182424037314e-01 -2.383899693445857004e-01 2.239291923842464532e-02
-9.722704038955155559e-01 -2.325907839316805614e-01 2.432688091480440448e-02
-9.720816781133309048e-01 -2.333541507773511381e-01 2.455727157221250859e-02
-9.727291444066893389e-01 -2.301709568256762040e-01 2.862430025020126778e-02
-9.729723611240154169e-01 -2.292702454066792295e-01 2.756714285479669457e-02
-9.731036736096457807e-01 -2.289596731317073419e-01 2.543062712949102633e-02
-9.738427033340258943e-01 -2.262162478387407527e-01 2.136835653462930418e-02
-9.749445936157380421e-01 -2.213857005543729828e-01 2.171219168314266965e-02
-9.753430783058294473e-01 -2.195879411797771741e-01 2.206862009499958865e-02
-9.763565190508175506e-01 -2.150815809796908229e-01 2.163029180549434424e-02
-9.769752528244711742e-01 -2.115711299060851203e-01 2.751401073591436611e-02
-9.776979851153033696e-01 -2.076151336055865049e-01 3.166409145197874447e-02
-9.789173021922698004e-01 -2.026230431409428434e-01 2.578422312611411069e-02
-9.779965253625825250e-01 -2.064428930880810309e-01 3.006886334967627875e-02
-9.778044765830663509e-01 -2.073406469871756364e-01 3.013751734296536700e-02
-9.783489687198311247e-01 -2.041804228564040868e-01 3.381802261831130807e-02
-9.800910573006330617e-01 -1.955745174653413798e-01 3.423647004334029464e-02
-9.807768799296711082e-01 -1.925578775175028623e-01 3.159404915874878400e-02
-9.814387989864380435e-01 -1.888393457348829796e-01 3.343043126194079201e-02
-9.820297358273784027e-01 -1.858931488326673875e-01 3.257826797510329775e-02
-9.827820334933227153e-01 -1.815390086704457562e-01 3.439580426554712800e-02
-9.832147084988980268e-01 -1.786176405990306248e-01 3.720999713927664043e-02
-9.844432215639861150e-01 -1.712774325106783957e-01 3.918664469642264142e-02
-9.855803155169341467e-01 -1.652957738062119375e-01 3.617675058579927078e-02
-9.859320076182942483e-01 -1.626502532118457578e-01 3.850947928053449071e-02
-9.870135591517170681e-01 -1.556136720015344199e-01 3.985759270088663070e-02
-9.873766158582485408e-01 -1.547233735497307028e-01 3.388369388672907156e-02
-9.880267133375296718e-01 -1.496926248230967815e-01 3.735425577079924675e-02
-9.882665019523453331e-01 -1.485025334961213583e-01 3.572572294383431768e-02
-9.895043051991208038e-01 -1.389694202904425135e-01 3.960731011549386421e-02
-9.899011493855545130e-01 -1.361212555430321991e-01 3.958190283540068827e-02
-9.915509682113170520e-01 -1.237734926675066044e-01 3.881763405898856073e-02
-9.928930832136831919e-01 -1.136508134993929608e-01 3.531042912248840565e-02
-9.929721588822906231e-01 -1.136892077260296258e-01 3.287954143424932224e-02
-9.936977015629883114e-01 -1.070925091030358323e-01 3.310711290600638207e-02
-9.944041804121317440e-01 -1.000650503619176512e-01 3.387211555587107265e-02
-9.947534443173704499e-01 -9.559137850828848537e-02 3.644011492565142618e-02
-9.953095886680879412e-01 -9.079833613619855970e-02 3.338402948751096472e-02
-9.950757506575796940e-01 -9.304906061278207796e-02 3.414866512890725458e-02
-9.957346689659318795e-01 -8.796055379593048507e-02 2.784633549592766683e-02
-9.960271021063512586e-01 -8.449329231406119134e-02 2.812301258673547896e-02
-9.963483509973002361e-01 -8.001972316225970661e-02 2.977945331774872056e-02
-9.965201947875956812e-01 -7.603561899241184641e-02 3.414812688254124234e-02
-9.971075096770288804e-01 -6.800946437504545861e-02 3.393133413755938799e-02
-9.975842731908461936e-01 -5.963420104033967384e-02 3.562848085283758931e-02
-9.977570521588604580e-01 -5.277709983140021349e-02 4.117586273639679134e-02
-9.980966929644650154e-01 -4.667681533238824537e-02 4.030230086330212347e-02
-9.982806768889981308e-01 -3.983613867039834111e-02 4.299745790589335620e-02
-9.987752487367106413e-01 -2.640974495093779961e-02 4.183941955040883232e-02
-9.990834674770917578e-01 -1.705538302894000352e-02 3.926000387625644406e-02
-9.991571062813294768e-01 -1.277694365899094929e-02 3.901071196321261036e-02
-9.992884292972691318e-01 -8.429438971472948128e-03 3.676395764863562426e-02
-9.992452459555638544e-01 -1.143266743153367390e-03 3.882834517561221943e-02
-9.991968681623334403e-01 2.367117681567544769e-03 4.000030557903441752e-02
-9.989478435375916954e-01 1.545771867161552585e-02 4.317724100952422678e-02
-9.989149327623630947e-01 2.322272665668492081e-02 4.036918595859013970e-02
-9.988544781565446007e-01 2.832979483507534063e-02 3.856375547908044710e-02
-9.987728440916203709e-01 2.982565099272806858e-02 3.953789958289755102e-02
-9.986849686104484203e-01 3.013097202124782881e-02 4.147851322457070389e-02
-9.982644940082946450e-01 3.956108197862342329e-02 4.362258564445669479e-02
-9.982323836881817902e-01 4.178951802008655514e-02 4.225817683194103835e-02
-9.979972325854685744e-01 4.513256659027144180e-02 4.432363217364970048e-02
-9.980732248639863080e-01 4.756919443392355201e-02 3.983740261390251308e-02
-9.977132980044758348e-01 5.316012739501473072e-02 4.173948949916785056e-02
-9.972048807217663846e-01 6.231127692282981134e-02 4.122790038543246161e-02
-9.972665604106281112e-01 6.090083000658713663e-02 4.183904304985355815e-02
-9.964930590961417201e-01 7.161993642076369682e-02 4.326866113950235404e-02
-9.955352835704249781e-01 8.123418248694881660e-02 4.806783005228787431e-02
-9.943043855146332932e-01 9.264881972795289966e-02 5.267822301624674325e-02
-9.943503411837014694e-01 9.322049347815498932e-02 5.076759409650340865e-02
-9.937452944862402715e-01 9.782137416834114918e-02 5.386351820053047329e-02
-9.927028786348095490e-01 1.089434692738243393e-01 5.169453740681086151e-02
-9.922733003630356263e-01 1.135691988492474602e-01 4.995742532701930028e-02
-9.913531940903325124e-01 1.228576074654461753e-01 4.609623001765780770e-02
-9.905541132862054621e-01 1.288062709460064126e-01 4.702661815438163168e-02
-9.896559169726107941e-01 1.340971200102345773e-01 5.098174311482418092e-02
-9.892124311920181823e-01 1.361829069968855666e-01 5.397213713084546283e-02
-9.875544032875657185e-01 1.469053237607286233e-01 5.617059967885590366e-02
-9.868583197203021351e-01 1.513452984842740268e-01 5.661508018592448926e-02
-9.853697561617357215e-01 1.593166910739889919e-01 6.053631599475255837e-02
-9.840821011536627916e-01 1.692559131947349305e-01 5.417438076040669015e-02
-9.817398454533619034e-01 1.817595872561827697e-01 5.612787111970558157e-02
-9.797353683422423964e-01 1.918314035771075954e-01 5.761363012149142010e-02
-9.772391841705011517e-01 2.036680581948252522e-01 5.935409758529908153e-02
-9.753187245046129883e-01 2.138717112968446243e-01 5.488429810348484372e-02
-9.724828404206220522e-01 2.262487244046106905e-01 5.557561810754953202e-02
-9.710207262009015183e-01 2.329015555486445843e-01 5.362484665456321298e-02
-9.701680747034143737e-01 2.367683621924638881e-01 5.210238911025734387e-02
-9.690955804150955810e-01 2.412863272294349659e-01 5.132907318200713442e-02
-9.657948697235353430e-01 2.533563150463410962e-01 5.523456249717684230e-02
-9.645303906113926740e-01 2.592190487012701050e-01 4.986601999664608958e-02
-9.622844534904217983e-01 2.681920969478763794e-01 4.562498033265694614e-02
-9.607619580616316712e-01 2.736386149968015880e-01 4.536934472087813391e-02
-9.583393707252687577e-01 2.824714765164594299e-01 4.237362896795276307e-02
-9.550956455839079151e-01 2.936836639713980568e-01 3.927113548050917280e-02
-9.524542637332438222e-01 3.022944334775989339e-01 3.806520353915689853e-02
-9.511188140069452013e-01 3.062340670202469695e-01 3.992125554502345963e-02
-9.496319845068025289e-01 3.108074725118489257e-01 3.997271368767561089e-02
-9.483652021731981963e-01 3.154117044101654166e-01 3.345009501291449500e-02
-9.467207442755686264e-01 3.208136460019270775e-01 2.825677420614542551e-02
-9.460499053078464948e-01 3.229728341158032978e-01 2.604099529922736939e-02
-9.433024786836209374e-01 3.303780262572267867e-01 3.210611137814261412e-02
-9.402705199809323622e-01 3.387789004097808143e-01 3.346961151210263441e-02
-9.381462604102754899e-01 3.451865018299033472e-01 2.697928052175170219e-02
-9.370514361746513643e-01 3.482729438658384025e-01 2.530950516512640511e-02
-9.379894675247815172e-01 3.457912821840071760e-01 2.457959539357584822e-02
-9.359559704753770415e-01 3.515183572039003446e-01 2.052497064446395098e-02
-9.352227017311391943e-01 3.534290393901474703e-01 2.112867302863756860e-02
-9.326934870860450477e-01 3.601940142464685191e-01 1.852403073424224028e-02
-9.326452684645676339e-01 3.604254360238417498e-01 1.631921414413712440e-02
-9.308301192237197208e-01 3.652995369036706741e-01 1.056152760726339693e-02
-9.284316759795718799e-01 3.714015853048134863e-01 8.688715033067118121e-03
-9.267613532076880434e-01 3.755204596709962872e-01 9.888724780834669270e-03
-9.288663337218611149e-01 3.702857594500872374e-01 9.787682964217708087e-03
-9.307093583782751756e-01 3.656552049112844482e-01 8.738974288771848495e-03
-9.311180268114996883e-01 3.646456188962508005e-01 7.266436340681334087e-03
-9.297646128840326707e-01 3.681200492104191868e-01 5.040072359011762634e-03
-9.283995177264419141e-01 3.715671991490359649e-01 3.487159337909129589e-03
-9.282094051060325590e-01 3.720556668748319917e-01 -1.374523457708704162e-03
-9.293526200665961357e-01 3.691183017066677063e-01 -7.442807052115925359e-03
-9.302388953298247332e-01 3.668712617445522017e-01 -7.815585777161350792e-03
-9.304621616067199064e-01 3.663155868653338865e-01 -7.284579445623781159e-03
-9.322986829277908338e-01 3.615976258555694822e-01 -8.144400461426058377e-03
-9.317214114384415602e-01 3.630928552190464953e-01 -7.668013719238573646e-03
-9.338210491600426044e-01 3.576682581064214439e-01 -7.188445965114433588e-03
-9.352824960959289502e-01 3.536713615178642134e-01 -1.277611754003519021e-02
-9.365395102668508942e-01 3.502904705149371689e-01 -1.379639894542512846e-02
-9.362640797910329882e-01 3.507022632707365029e-01 -2.043291773252622207e-02
-9.382212848897393265e-01 3.455416812857594056e-01 -1.848717725284948141e-02
-9.403180525622832908e-01 3.394733390589700361e-01 -2.366053423424027691e-02
-9.415722171735108059e-01 3.358090055610719604e-01 -2.596306011007962905e-02
-9.427677111774435126e-01 3.318157523720859925e-01 -3.297511687085320775e-02
-9.450456815524871379e-01 3.245392999651721122e-01 -3.953368037475564478e-02
-9.479015201282949832e-01 3.158672315046607837e-01 -4.135951780551376522e-02
-9.501127930928129350e-01 3.088804063919271536e-01 -4.334264070838533822e-02
-9.507328322459407399e-01 3.064936925862998263e-01 -4.656938574816808785e-02
-9.520017346591952423e-01 3.023883143990432343e-01 -4.747645885451363956e-02
-9.540883948607783438e-01 2.960753378703788186e-01 -4.532922491307080082e-02
-9.567461641477329470e-01 2.862269269626643853e-01 -5.206663022097977878e-02
-9.582351751033982845e-01 2.815692526334428458e-01 -5.004113763763484712e-02
-9.602319606123652651e-01 2.744831811571631364e-01 -5.112313968169096556e-02
-9.619007019836203209e-01 2.678461722202710726e-01 -5.482224091057899540e-02
-9.632856003635453801e-01 2.621809212034988401e-01 -5.781027065050184377e-02
-9.650908053071703963e-01 2.552921812068655316e-01 -5.852905641558027450e-02
-9.658310430209177122e-01 2.523219020325059292e-01 -5.919514191547185084e-02
-9.681221447966851246e-01 2.434506862835033314e-01 -5.891762749555451428e-02
-9.707874533195499644e-01 2.317299734606685091e-01 -6.223303713702256490e-02
-9.714084483434494155e-01 2.276749878502408730e-01 -6.730332540028287347e-02
-9.740240492603785549e-01 2.163266734070407316e-01 -6.693230190628543519e-02
-9.769811786250470753e-01 2.029450502727724592e-01 -6.573503064698955900e-02
-9.792293224742327773e-01 1.911727494319641618e-01 -6.754942699890026381e-02
-9.810141202396555071e-01 1.820938864173140270e-01 -6.673172844575926688e-02
-9.824618554367591239e-01 1.728813359778382797e-01 -6.986241752932986770e-02
-9.841738330855182015e-01 1.631146155448708890e-01 -6.924954547920623982e-02
-9.859370119526256193e-01 1.514439721445372533e-01 -7.066075930313550635e-02
-9.872692166949502690e-01 1.410328597581784749e-01 -7.354751923374168443e-02
-9.886606001582395331e-01 1.310088498707044358e-01 -7.339557405442682925e-02
-9.908184531651167415e-01 1.150581183598136659e-01 -7.099600958486265712e-02
-9.917046116816641277e-01 1.081836820721709669e-01 -6.941372394895296838e-02
-9.922354552979507636e-01 9.885318131032090616e-02 -7.547755312800911998e-02
-9.925722429259521418e-01 8.980888043347043381e-02 -8.206533486023023793e-02
-9.930769195937462213e-01 7.646739262214508059e-02 -8.916828074160614015e-02
-9.935407641555238367e-01 5.881983424446066144e-02 -9.704118334332277607e-02
-9.948172441188618542e-01 4.327834665228535299e-02 -9.200896485366964750e-02
-9.955541040031675726e-01 2.438425858822950570e-02 -9.098048047499404656e-02
-9.960258730003905825e-01 1.481607742396696785e-02 -8.782344784285098238e-02
-9.961204298090517995e-01 9.401442955262410278e-04 -8.799556407595639229e-02
-9.964287883976439275e-01 -1.456298449385170536e-02 -8.317212285593135468e-02
-9.961188726873168031e-01 -2.576542666810592574e-02 -8.416262406931748763e-02
-9.959676749169528165e-01 -3.404387136119882418e-02 -8.300252001530991630e-02
-9.950722367279405400e-01 -5.208573387217099726e-02 -8.437021491593876821e-02
-9.939285251838174684e-01 -6.382830415038387439e-02 -8.962169532737102040e-02
-9.927194695992649365e-01 -7.630203864415048554e-02 -9.319907537337866754e-02
-9.913059845169199802e-01 -9.240133200241311406e-02 -9.367205020162570894e-02
-9.904003723266509018e-01 -1.047559945323310870e-01 -9.018479887901949266e-02
-9.887235586151251754e-01 -1.189890327650760110e-01 -9.092496156449872413e-02
-9.867958397099100276e-01 -1.350451405615646916e-01 -8.942479739445756415e-02
-9.859056655865112706e-01 -1.423803382712005572e-01 -8.785141700416994326e-02
-9.832525605040924876e-01 -1.581073088325773979e-01 -9.064488441272156027e-02
-9.807379615769156178e-01 -1.737811548509684001e-01 -8.918057354412448068e-02
-9.763761032619773239e-01 -1.970264933937026230e-01 -8.871459601291724340e-02
-9.738659285177523328e-01 -2.085930725270512820e-01 -8.985598016257466403e-02
-9.707308837397418122e-01 -2.240883787832451401e-01 -8.640580678750663102e-02
-9.671839887949397196e-01 -2.387386985277722418e-01 -8.694239063308643878e-02
-9.640329387142897444e-01 -2.521548848946524868e-01 -8.401440730250624156e-02
-9.603438262851997642e-01 -2.659162839548754875e-01 -8.383483026753005274e-02
-9.564407633811050635e-01 -2.789493400697204972e-01 -8.607174558798037778e-02
-9.520312030232459533e-01 -2.939204401613207951e-01 -8.513152616882581347e-02
-9.488459006661003059e-01 -3.033561701617914497e-01 -8.755857705297140359e-02
-9.430113763987814091e-01 -3.219773748459421880e-01 -8.402456422801324321e-02
-9.381218673111064721e-01 -3.368237884571150809e-01 -8.048049955216314555e-02
-9.341375070603320507e-01 -3.484182916340615721e-01 -7.740687989619055021e-02
-9.293697865670615954e-01 -3.619728981706003546e-01 -7.243917060438417876e-02
-9.236665441437186264e-01 -3.765086824128873189e-01 -7.128351741399742425e-02
-9.201069609047154430e-01 -3.858921133783536628e-01 -6.701096671100610636e-02
-9.182882673123178296e-01 -3.909309058203052634e-01 -6.260748575146733719e-02
-9.125024977898460454e-01 -4.041402475433219510e-01 -6.332348849406843616e-02
-9.070228273503913030e-01 -4.165703019697697407e-01 -6.147183446696369291e-02
-9.042453646693968672e-01 -4.219672486186051286e-01 -6.545207380575701617e-02
-9.008750194611323536e-01 -4.293672006719316259e-01 -6.378102116394220034e-02
-8.958126795461525127e-01 -4.405217363185482959e-01 -5.882393325060861905e-02
-8.931392400546650512e-01 -4.464434269325966431e-01 -5.468616285740132005e-02
-8.907414796606266671e-01 -4.517826627879973356e-01 -4.971975268264066522e-02
-8.870693964532534448e-01 -4.589252567757524659e-01 -4.995504349073357636e-02
-8.856486193920403149e-01 -4.623292358459522022e-01 -4.333834713280526607e-02
-8.829067098605660746e-01 -4.681062229960599175e-01 -3.677386790811570938e-02
-8.776713510196859636e-01 -4.779521363741728868e-01 -3.542268443695865271e-02
-8.747808035099078339e-01 -4.829250364425711206e-01 -3.926788486997608019e-02
-8.743695429768769678e-01 -4.839728033023143472e-01 -3.533043701946265297e-02
-8.703493129667129180e-01 -4.911032766408043315e-01 -3.618918189993135248e-02
-8.666142364456357328e-01 -4.979246860686243337e-01 -3.241579795173547829e-02
-8.627867773650245153e-01 -5.051358983408678061e-01 -2.089766641246346493e-02
-8.610395303628305408e-01 -5.082982958160681131e-01 -1.561349027930635826e-02
-8.551330371254285412e-01 -5.182986627332142326e-01 -1.067690166822324142e-02
-8.555946732975093783e-01 -5.175964502086098928e-01 -7.188948574219426908e-03
-8.538946795573113535e-01 -5.204458543091449174e-01 -4.482156480586398095e-06
-8.533345719356830728e-01 -5.213545761434476011e-01 3.086313664376054422e-03
-8.545908008799500966e-01 -5.192107973007973332e-01 9.732532415718307336e-03
-8.576926563176238139e-01 -5.140128105276292603e-01 1.241568214819442802e-02
-8.582725257238454919e-01 -5.129841602057796379e-01 1.468108426466131940e-02
-8.599763030109267570e-01 -5.097075132917520124e-01 2.527886233202150668e-02
-8.625299260665593160e-01 -5.052426370240022946e-01 2.778517882783014190e-02
-8.667521721610781382e-01 -4.974033169961332712e-01 3.647772243015227206e-02
-8.711914890985565929e-01 -4.896603184170634226e-01 3.547074641752454016e-02
-8.711749532566873677e-01 -4.898634367675872570e-01 3.298524073798516504e-02
-8.753198121121629205e-01 -4.819733565021860899e-01 3.894768567978711821e-02
-8.799418085076445850e-01 -4.734363369710124503e-01 3.950266547893865887e-02
-8.832834098611153095e-01 -4.666732230770652134e-01 4.501703003611823989e-02
-8.865348830633120736e-01 -4.608575403587485408e-01 4.081961309370706753e-02
-8.894066715344018936e-01 -4.554870883707677343e-01 3.856549165027806092e-02
-8.907366685947706308e-01 -4.525178773627983042e-01 4.261185490579792040e-02
-8.933470384500921124e-01 -4.468514219110886754e-01 4.748566185205582713e-02
-8.981947241963107453e-01 -4.369866023644083941e-01 4.784306917807603504e-02
-8.994087850116434524e-01 -4.341084733368792414e-01 5.112419521279241291e-02
-9.013477902647006879e-01 -4.290495236089121867e-01 5.906504789234805208e-02
-9.046757958284633583e-01 -4.216164558926280836e-01 6.165453118975753460e-02
-9.096500222858282525e-01 -4.095932702198979980e-01 6.906665516310304953e-02
-9.154663616956617567e-01 -3.966294873128957121e-01 6.787048851774231395e-02
-9.171437444270338357e-01 -3.922617565306703025e-01 7.055550493207136953e-02
-9.212787921099513389e-01 -3.812559391838006850e-01 7.674183424663026665e-02
-9.266877740449686041e-01 -3.674126473352127276e-01 7.910580996610749871e-02
-9.308107137665916353e-01 -3.576638876601969663e-01 7.528593207779758767e-02
-9.358224580424502337e-01 -3.439771665229530706e-01 7.691585686879015560e-02
-9.392041615129674836e-01 -3.344121958186089261e-01 7.787194264673230615e-02
-9.424050067600969749e-01 -3.232933270677066928e-01 8.575687471397198947e-02
-9.461437199727699143e-01 -3.122766279115789523e-01 8.541301099588650969e-02
-9.499603448644845516e-01 -2.994615237914524108e-01 8.887155163213514286e-02
-9.529302669334921427e-01 -2.893619061113285040e-01 9.051854772727981058e-02
-9.576138705554507746e-01 -2.725536433428995542e-01 9.322124376272740431e-02
-9.608220086326645371e-01 -2.597512420424336055e-01 9.669733182482542766e-02
-9.643358577681150345e-01 -2.458078071983213486e-01 9.815747226841964324e-02
-9.670855350735296785e-01 -2.339960157144389263e-01 9.995722438142595756e-02
-9.706758442522154251e-01 -2.213777641179008326e-01 9.370328033200849005e-02
-9.725482555289678421e-01 -2.122451384551171383e-01 9.540390862042927300e-02
-9.757839155887620963e-01 -1.960366184229596909e-01 9.703302725109812232e-02
-9.785847319312922510e-01 -1.824220249894049906e-01 9.536320643965956467e-02
-9.803391243812412670e-01 -1.719484979227707822e-01 9.679322929727213198e-02
-9.832233737156336195e-01 -1.551795588942039561e-01 9.587030718986183642e-02
-9.852792085926951327e-01 -1.406143977661735434e-01 9.722389801112316099e-02
-9.873584587708239546e-01 -1.281997227463305966e-01 9.321007795204194757e-02
-9.889711916424505089e-01 -1.138025602022365856e-01 9.478909824640299742e-02
-9.902491878795617319e-01 -9.936945277175877889e-02 9.763335337891509980e-02
-9.916828971233172529e-01 -8.178609142881280991e-02 9.937847308189184936e-02
-9.925531611754411232e-01 -6.438969292338028727e-02 1.034031155390429252e-01
-9.937596022579072708e-01 -4.787194981015464867e-02 1.007479224717833938e-01
-9.942826878465377272e-01 -3.136050928456316639e-02 1.020709055139210342e-01
-9.950380682960754397e-01 -1.588777786372073605e-02 9.821830368504431974e-02
-9.950710409293738179e-01 -1.366662636108737991e-03 9.915528164659984101e-02
-9.951290413387217093e-01 1.418579798973915868e-02 9.755494966464237083e-02
-9.948972333424610515e-01 2.383494339999139150e-02 9.803777115287502786e-02
-9.952427469119665693e-01 3.454054400105650846e-02 9.109796384021204285e-02
-9.941416061082481992e-01 5.246575848918876017e-02 9.449775135699096940e-02
-9.931093565401373224e-01 6.904608317992175226e-02 9.469138396565240923e-02
-9.918614829817093970e-01 8.416792181272100826e-02 9.553310109030352382e-02
-9.912399316700490903e-01 9.477717987519790332e-02 9.198205165628811630e-02
-9.898517882790279776e-01 1.113174181364110227e-01 8.832826850440841926e-02
-9.882654365565766152e-01 1.257682867952377159e-01 8.668205224021084676e-02
-9.867630938379801098e-01 1.396361884975016177e-01 8.246420065059292814e-02
-9.854648103112445545e-01 1.502039947283111687e-01 7.935918569977444548e-02
-9.839874346151773477e-01 1.590095638859919946e-01 8.052763432787442277e-02
-9.821032897092012437e-01 1.715106610820023858e-01 7.782823422148149595e-02
-9.807140393353752650e-01 1.807542765350106662e-01 7.434969330108948116e-02
-9.794214154637885805e-01 1.876134190471512864e-01 7.439696402423434662e-02
-9.771624750387885028e-01 1.987423069988589752e-01 7.519976843236310382e-02
-9.741742692501822454e-01 2.129789447873762787e-01 7.499649708539503357e-02
-9.721285613207435450e-01 2.226106138956160663e-01 7.355669351625221397e-02
-9.693292110788268579e-01 2.324731933883966151e-01 7.973147107749706253e-02
-9.668930277536732509e-01 2.437769503055187970e-01 7.543662054991362442e-02
-9.649335910696261731e-01 2.531346971702930770e-01 6.946943120255785753e-02
-9.620879367580085217e-01 2.653363898148159428e-01 6.311429059881006054e-02
-9.590179080393473887e-01 2.767109890989322141e-01 6.095647686737005327e-02
-9.568729528126701522e-01 2.851264329401183018e-01 5.565142028427766396e-02
-9.537607883725587321e-01 2.956708196637096719e-01 5.402902979059030775e-02
-9.516368678036669637e-01 3.029741818816091836e-01 5.093061895087477864e-02
-9.511714337455096091e-01 3.044118110107622566e-01 5.105256058860768026e-02
-9.496017776911734876e-01 3.100080903277928623e-01 4.638381822678185051e-02
-9.468850862880047181e-01 3.185177612901373134e-01 4.421628487792397810e-02
-9.464634859826241975e-01 3.199742429069525884e-01 4.270087008170023180e-02
-9.454519969694185066e-01 3.231243165563535413e-01 4.136675214454996197e-02
-9.430733183950075205e-01 3.310061987710857800e-01 3.236699587259185551e-02
-9.425347464469563397e-01 3.326755202261129085e-01 3.090727884203217646e-02
-9.394697445515769463e-01 3.410425292630771543e-01 3.296365069292284816e-02
-9.375108513551912992e-01 3.468912355559602423e-01 2.720081011097645954e-02
-9.362200366181683275e-01 3.508110784214560351e-01 2.058251401409620651e-02
-9.359220989967097504e-01 3.518350872393619655e-01 1.618349713456234892e-02
-9.361645852743963880e-01 3.514025908574111012e-01 1.058763635792637353e-02
-9.358706082326083697e-01 3.522333175138714911e-01 8.826341497318448276e-03
-9.360273974847308498e-01 3.518842044633276323e-01 5.497949373887029215e-03
-9.360453379256138406e-01 3.518609408033994690e-01 3.607399200383061555e-03
