1.000000000000000000e+00 0.000000000000000000e+00 0.000000000000000000e+00
9.999523125752521890e-01 -1.071970592824831621e-04 -9.765305205374085959e-03
9.998423719429258005e-01 3.699379694085572472e-03 -1.736508403844783111e-02
9.997832798681618449e-01 5.253957992168830672e-03 -2.014421827995244510e-02
9.995878911446268722e-01 9.926280992836003514e-03 -2.693543002676148171e-02
9.993039543491694099e-01 1.884643319180757254e-02 -3.219347011394141367e-02
9.988645892880783084e-01 3.227715376533710212e-02 -3.503881425040478864e-02
9.980959537877491794e-01 4.278488444711145422e-02 -4.442884424913683128e-02
9.972716959439089646e-01 5.196974562829908412e-02 -5.242434861355976111e-02
9.965003917370450770e-01 6.139502658208367825e-02 -5.672409208770159278e-02
9.950541808782111808e-01 7.806912094624042509e-02 -6.141980511914335583e-02
9.936674219688413912e-01 9.161396638755331390e-02 -6.505335432671117968e-02
9.918374507358126424e-01 1.049436684112879520e-01 -7.242445472183042798e-02
9.905907016081595406e-01 1.154199545523398596e-01 -7.354114461020985760e-02
9.881949009425164965e-01 1.306644659246535556e-01 -7.998524573862969556e-02
9.851793811713440707e-01 1.468112013452275155e-01 -8.870210609191568618e-02
9.822295221304898627e-01 1.636948819879165962e-01 -9.181044304865867978e-02
9.793821504067549144e-01 1.768233040052730742e-01 -9.769405870981148765e-02
9.749989516024405445e-01 1.964058749695496986e-01 -1.039316301079879074e-01
9.700168389691475879e-01 2.168263068221088219e-01 -1.097893095642607231e-01
9.654122171223353810e-01 2.323431441549599907e-01 -1.183043686619232038e-01
9.608992457572226309e-01 2.487631980224787598e-01 -1.216121722241738090e-01
9.556884624236440251e-01 2.693186150102894194e-01 -1.188572902351961169e-01
9.485287189415514408e-01 2.902482055328952648e-01 -1.266856702484569774e-01
9.423434131234837974e-01 3.070301229733129467e-01 -1.331217738226265213e-01
9.364704569925675903e-01 3.252822882012338379e-01 -1.312041439287465194e-01
9.299465592906782652e-01 3.422414466548915901e-01 -1.344254471560332731e-01
9.242607755788889712e-01 3.565978273424322276e-01 -1.363085477968837278e-01
9.131240538032054932e-01 3.833611252751921161e-01 -1.387037222941212844e-01
9.034386964806448983e-01 4.032381686995995529e-01 -1.455936628521342091e-01
8.951551204573483522e-01 4.217594484178855407e-01 -1.442785203453484655e-01
8.854741400602367252e-01 4.411943353593114070e-01 -1.458873520628005682e-01
8.747019920161904771e-01 4.622893747500570472e-01 -1.455505852630780139e-01
8.612423655932690547e-01 4.859102946737879902e-01 -1.488381262335665978e-01
8.521334214982835276e-01 5.026771181651276121e-01 -1.455484839696803701e-01
8.363629699064678569e-01 5.263812633506720351e-01 -1.530351714149723041e-01
8.251522116376817095e-01 5.436264249776047164e-01 -1.536038842238529045e-01
8.079792087246446819e-01 5.666449481545619005e-01 -1.615026882433054922e-01
7.930139841452503724e-01 5.894485965048124054e-01 -1.538804408973052096e-01
7.818572600214094281e-01 6.049861098414071048e-01 -1.506354826916593281e-01
7.665725496379712789e-01 6.233603841684941527e-01 -1.542348037140148787e-01
7.488878017461202408e-01 6.448928095712933573e-01 -1.525789682239710177e-01
7.341870268513133180e-01 6.615320974259890630e-01 -1.527897596653401691e-01
7.180092182372052045e-01 6.784615351586648080e-01 -1.554114695602539509e-01
7.014585846463704533e-01 6.950071386839377086e-01 -1.578637019839867761e-01
6.855705235224492933e-01 7.110715732502576047e-01 -1.561098711612236289e-01
6.719282664979109310e-01 7.254122322733921324e-01 -1.492967337879361756e-01
6.574377370365608320e-01 7.401291282597509680e-01 -1.413665874080279883e-01
6.376451617916431003e-01 7.572837023590009986e-01 -1.411738586088940040e-01
6.190569371819886202e-01 7.724317685595627481e-01 -1.418368358806172125e-01
6.022136341217595445e-01 7.850790830247548202e-01 -1.448778406615210124e-01
5.802943949509229427e-01 8.012786563995616396e-01 -1.456397832316223551e-01
5.614102335917071640e-01 8.142281926842434014e-01 -1.478208939223888130e-01
5.423342493148746168e-01 8.275713074441666262e-01 -1.449113862362759741e-01
5.256507866101801651e-01 8.385830524809899655e-01 -1.430724685063868296e-01
5.059222500556360691e-01 8.504453143138893667e-01 -1.441716370010112935e-01
4.876475634417278826e-01 8.620938960130278828e-01 -1.378186685234651099e-01
4.664637483461440137e-01 8.738477610293807762e-01 -1.371192149327975507e-01
4.531736648747911045e-01 8.810998374446079584e-01 -1.352653793557135609e-01
4.386563812116651695e-01 8.882817978640831225e-01 -1.361471399141592209e-01
4.155430490939395760e-01 8.993402504500148664e-01 -1.360555222238775952e-01
3.961807454283757801e-01 9.078751482283434759e-01 -1.371260333309827217e-01
3.777085787752759716e-01 9.156918270937522975e-01 -1.372760873103366641e-01
3.526512338577055261e-01 9.259737531909909558e-01 -1.349434417340305281e-01
3.223079546273409091e-01 9.378092523698121630e-01 -1.289628017091801193e-01
2.969883644006352519e-01 9.460713247956077376e-01 -1.294101058174974561e-01
2.759170863354949432e-01 9.520100475574704291e-01 -1.324637551759179910e-01
2.522031122042810436e-01 9.582344167402648827e-01 -1.348347442497441484e-01
2.327593280122714769e-01 9.634637664088130382e-01 -1.325167222467500960e-01
2.129485081998310492e-01 9.680313736449435158e-01 -1.325451173538969574e-01
1.929164441834343158e-01 9.725469928290496613e-01 -1.301368812398373542e-01
1.755756319510164420e-01 9.765429540164756173e-01 -1.246477920089320568e-01
1.610525749041398225e-01 9.790013097985699186e-01 -1.249740739206973983e-01
1.468617055446946040e-01 9.812684090200994858e-01 -1.246754366884228332e-01
1.286074015048478403e-01 9.846036111283537062e-01 -1.183886853286379437e-01
1.074222349820394828e-01 9.867305502023943076e-01 -1.217509764821454316e-01
9.054210730917491845e-02 9.880241511648387709e-01 -1.249416629564243097e-01
6.545722553181052006e-02 9.900589549576340742e-01 -1.244935060100032798e-01
5.361836333247975428e-02 9.906278776737184044e-01 -1.256244194949494575e-01
3.462348631541363464e-02 9.908832299635489393e-01 -1.301985182779743511e-01
2.324005146187678450e-02 9.913954563812601428e-01 -1.288214443587198665e-01
2.612360050631153119e-03 9.917788707407002580e-01 -1.279369478491424739e-01
-1.587604860901024525e-02 9.909900302593439569e-01 -1.329914527980398664e-01
-3.634702590642178988e-02 9.904845648247551093e-01 -1.327374704501453895e-01
-6.111184995908318374e-02 9.890063978806987732e-01 -1.346540096014487431e-01
-8.244919285121787844e-02 9.870332399638176435e-01 -1.377226538224280983e-01
-1.023240432992423565e-01 9.851771671233903183e-01 -1.376799009173988453e-01
-1.265136676365397062e-01 9.821896336295314889e-01 -1.389166336591186324e-01
-1.455858548708054145e-01 9.798117804060548774e-01 -1.370169680943709722e-01
-1.614589529066267348e-01 9.775974838791927635e-01 -1.350340023773556331e-01
-1.747165002264833844e-01 9.748683046731655422e-01 -1.382242708676710563e-01
-1.932085896067319564e-01 9.719124311969424834e-01 -1.343751585885522015e-01
-2.133392464676663880e-01 9.672933995298462762e-01 -1.372219410797697325e-01
-2.296211780311105399e-01 9.637846252415982473e-01 -1.356219990029718936e-01
-2.509489211010684784e-01 9.582723498618587188e-01 -1.368895844440565224e-01
-2.640663600374081321e-01 9.549509823587349899e-01 -1.354163752701919576e-01
-2.795350144136297676e-01 9.507359709521390201e-01 -1.340197939460496535e-01
-2.979731110844029973e-01 9.449525889341928719e-01 -1.351911454891216724e-01
-3.196550882462280696e-01 9.388556709389979105e-01 -1.279479174419206333e-01
-3.393975442523183284e-01 9.325102673113743190e-01 -1.234257846400765857e-01
-3.564988306947314278e-01 9.263674657082434649e-01 -1.214574741412839526e-01
-3.754635701823868521e-01 9.190427535735137266e-01 -1.199480738572731436e-01
-3.924807675986425326e-01 9.118659436344653813e-01 -1.202470945048655093e-01
-4.070605152659346193e-01 9.050866549305962572e-01 -1.229630003390280168e-01
-4.298822567360788272e-01 8.942033920972747296e-01 -1.249061815164104194e-01
-4.505977151895712574e-01 8.836836604007508589e-01 -1.267473970061268052e-01
-4.677828833672948994e-01 8.748635052856624794e-01 -1.256703484446984875e-01
-4.826198993277078797e-01 8.665432893257477565e-01 -1.272036782057387461e-01
-4.995962156471826510e-01 8.560142505988139749e-01 -1.328278551393620721e-01
-5.177545461384628345e-01 8.452372642710787032e-01 -1.323034848876201153e-01
-5.301213730956864101e-01 8.370080312751387863e-01 -1.356056792704091185e-01
-5.480221803523835922e-01 8.254945783446486773e-01 -1.350200203718131819e-01
-5.644953693364150871e-01 8.137148700199066109e-01 -1.386113391405903728e-01
-5.811098108447578792e-01 8.017897893701546597e-01 -1.394436673619013911e-01
-5.906918151450588628e-01 7.944488329769650026e-01 -1.411886904772787776e-01
-6.073039454497083378e-01 7.813077938470818218e-01 -1.440141109173692924e-01
-6.219315368696767266e-01 7.692902419639603417e-01 -1.462658605803430767e-01
-6.384093457582967757e-01 7.563053489351041492e-01 -1.429536338171828458e-01
-6.524648197242275405e-01 7.420485689514434435e-01 -1.537972521228205547e-01
-6.658912581150567833e-01 7.289864153071085040e-01 -1.586431633573864575e-01
-6.838355591010550905e-01 7.109216667289479652e-01 -1.641929558564910185e-01
-7.004213568883497221e-01 6.930800999697052101e-01 -1.704403502819455962e-01
-7.189970433549545126e-01 6.749018265828101715e-01 -1.659843095063202323e-01
-7.344340492863055125e-01 6.595951055491940940e-01 -1.598153278140463929e-01
-7.494226988944153733e-01 6.419929962564921988e-01 -1.618969619172449803e-01
-7.668887099704159160e-01 6.211274538934294931e-01 -1.615004876186022786e-01
-7.792596707856555005e-01 6.064519275490755090e-01 -1.580203772554670538e-01
-7.926793194256104291e-01 5.883058609815552398e-01 -1.598615820291237888e-01
-8.024577928447715891e-01 5.744875593333316210e-01 -1.613243627206682740e-01
-8.155690460076888693e-01 5.575100153827500238e-01 -1.550152538753282183e-01
-8.266481482434968608e-01 5.425418174769554014e-01 -1.493359624605704317e-01
-8.383438934309449531e-01 5.260885834203381517e-01 -1.428647355544749309e-01
-8.498302968829857251e-01 5.078315751607961337e-01 -1.410516622801461506e-01
-8.596869011672859662e-01 4.934166203836713449e-01 -1.322062183416517211e-01
-8.699098231566941841e-01 4.767105311787755428e-01 -1.265068460210275192e-01
-8.782471726307436999e-01 4.625750329093777369e-01 -1.212693490455341722e-01
-8.868485788763269539e-01 4.470288203655203851e-01 -1.168967234935805455e-01
-8.941392836968385938e-01 4.326018998588631037e-01 -1.156310918964080225e-01
-9.026311061977120298e-01 4.159795473812927247e-01 -1.105355773343509179e-01
-9.084836094255870353e-01 4.044437290423635312e-01 -1.052749374225723095e-01
-9.141178135845834385e-01 3.927632597902121492e-01 -1.006263135477987736e-01
-9.193406189479377266e-01 3.812895216497655948e-01 -9.711404266749462666e-02
-9.260507537872850747e-01 3.642128522330078111e-01 -9.888887804303987672e-02
-9.309009851624869825e-01 3.525499991576560577e-01 -9.556078859498573497e-02
-9.367930104963292370e-01 3.376052564817305091e-01 -9.187794179978608922e-02
-9.422225168440063747e-01 3.233502187288714858e-01 -8.752927867108865889e-02
-9.455830796789052028e-01 3.151829308081665060e-01 -8.082307311942993344e-02
-9.472226735667905739e-01 3.114337837014102828e-01 -7.601456781515307515e-02
-9.508737360020149687e-01 3.005588116601992099e-01 -7.418590369753701175e-02
-9.545990698280414355e-01 2.893051808563777416e-01 -7.101504983769674206e-02
-9.575607096979078525e-01 2.796334918160215954e-01 -6.987565035932556678e-02
-9.607024503735259735e-01 2.698812190508178555e-01 -6.492255453859754888e-02
-9.623197707893261788e-01 2.648658158582669619e-01 -6.153671136386105328e-02
-9.629008401261810457e-01 2.628873160821880717e-01 -6.092815134232641705e-02
-9.649972807594603408e-01 2.568474174025875967e-01 -5.300623070294309402e-02
-9.678098087999813526e-01 2.477816656006318619e-01 -4.414100487817464169e-02
-9.679235610717471516e-01 2.489357668551689662e-01 -3.398488273205305804e-02
-9.676355433145646945e-01 2.501447371752437698e-01 -3.330276471634844443e-02
-9.686058390701608456e-01 2.467400710992553037e-01 -3.036567386303347729e-02
-9.687287343470050160e-01 2.465204492402031655e-01 -2.814810259160824280e-02
-9.684316392207684698e-01 2.482197059327138911e-01 -2.295966418766365313e-02
-9.691518664470246680e-01 2.457686454756289884e-01 -1.850516174435706818e-02
-9.702458637014906850e-01 2.411857721303820867e-01 -2.126959442713671072e-02
-9.718517500509717966e-01 2.348587055276578628e-01 -1.858958294834554131e-02
-9.724235045301048430e-01 2.322070505004114049e-01 -2.173526631740087950e-02
-9.734197763024896588e-01 2.280682190298499168e-01 -2.094838445162645543e-02
-9.727238928123140838e-01 2.304520997397234428e-01 -2.645876521706313697e-02
-9.748743604992455847e-01 2.208264431198268818e-01 -2.925186526865760847e-02
-9.756739834164425140e-01 2.166383591332854408e-01 -3.358731878470982285e-02
-9.764328432371460753e-01 2.136424626540098515e-01 -3.059100105311115050e-02
-9.777359616078523663e-01 2.066592426118421533e-01 -3.639169588249264314e-02
-9.785770376449504093e-01 2.017625759282611619e-01 -4.097381046412260086e-02
-9.792119644462530248e-01 1.988111762380750380e-01 -4.022503781178057847e-02
-9.808144405358109053e-01 1.902374086005023390e-01 -4.257664196658614980e-02
-9.815420560512457815e-01 1.862585964164733821e-01 -4.339281438326606649e-02
-9.835473554466317436e-01 1.757500209633784949e-01 -4.179160790959080690e-02
-9.840161342914405251e-01 1.708858695414528506e-01 -5.010265619982072482e-02
-9.855658743780240094e-01 1.617118760188230309e-01 -5.009177107255027156e-02
-9.875488050284327857e-01 1.491062287277624132e-01 -5.014677814717542759e-02
-9.883747899117795166e-01 1.438462566813889232e-01 -4.922944422833028938e-02
-9.893598059366434105e-01 1.337956613378188941e-01 -5.714809542116782576e-02
-9.903579710570519223e-01 1.261918098855907555e-01 -5.715527699275684687e-02
-9.912108203482802304e-01 1.189557241791253800e-01 -5.788484033282045166e-02
-9.913283376585076967e-01 1.156038076053577668e-01 -6.248116647248972561e-02
-9.928311112400707295e-01 1.045000114183760737e-01 -5.801845762145453611e-02
-9.943110050129566613e-01 9.272210319529744504e-02 -5.242371242782005447e-02
-9.947208034613559402e-01 8.638322541938293908e-02 -5.539377520848416669e-02
-9.951674087463805440e-01 7.978416215816094836e-02 -5.723919036798626181e-02
-9.957261911822274936e-01 7.191707906500198477e-02 -5.794216797741474217e-02
-9.962435444540377327e-01 6.491029867299075162e-02 -5.731895077835466590e-02
-9.967525574829461110e-01 5.912958826991149275e-02 -5.466296503653723243e-02
-9.972680720758937412e-01 5.412432040462928501e-02 -5.026886809963137387e-02
-9.974130903667854930e-01 4.609760975090167884e-02 -5.515565824327631900e-02
-9.977516416796372578e-01 3.814619813348869848e-02 -5.510479279287747861e-02
-9.982107053475018921e-01 2.386102146503937468e-02 -5.482744255534209576e-02
-9.986665446228827347e-01 1.748800036917193615e-02 -4.857274244611413383e-02
-9.986906811426676800e-01 9.397591177340477650e-03 -5.028536127860532001e-02
-9.986864274743079140e-01 -2.154998981947835526e-03 -5.119359833268888327e-02
-9.987144988146913205e-01 -8.474402192133585754e-03 -4.997542678692432072e-02
-9.985045803732300884e-01 -2.147458701186731253e-02 -5.027379088357056269e-02
-9.979375223203412748e-01 -3.257769283241727931e-02 -5.531188623430897955e-02
-9.974483041762869373e-01 -4.219854312142670011e-02 -5.758622068377345499e-02
-9.971916108199281314e-01 -5.037995091988330121e-02 -5.541444894657772402e-02
-9.962370501544026702e-01 -6.622393462225888150e-02 -5.591189251989694270e-02
-9.953194599538721654e-01 -7.798216192451766504e-02 -5.707858114086405282e-02
-9.948915624621021969e-01 -8.639960105893484954e-02 -5.221012355317192905e-02
-9.935626671851659486e-01 -9.995604515325516581e-02 -5.331064228541571720e-02
-9.931955291881005010e-01 -1.071742728726863825e-01 -4.556670644119664021e-02
-9.924727185549706565e-01 -1.152276471150496251e-01 -4.147891913548296117e-02
-9.927067586922379006e-01 -1.146889225819391900e-01 -3.714499673263869234e-02
-9.919110612979051833e-01 -1.222997165747985171e-01 -3.398873652328530948e-02
-9.914297473774313918e-01 -1.263714258826479087e-01 -3.312592840751526352e-02
-9.904863050242401767e-01 -1.326230010217081534e-01 -3.671549641705254552e-02
-9.902201872195555143e-01 -1.340167969750103993e-01 -3.877483059287975542e-02
-9.891790151129005171e-01 -1.432115064828172746e-01 -3.186453607739810068e-02
-9.883174254335397313e-01 -1.486209652207322041e-01 -3.377104569242271592e-02
-9.875562584120700649e-01 -1.531707033251384908e-01 -3.565642141447585012e-02
-9.870156551579430948e-01 -1.580141243654223926e-01 -2.883818787767133615e-02
-9.873395379404057426e-01 -1.562044801561166818e-01 -2.758269994742382908e-02
-9.876301437729225752e-01 -1.546749842913645590e-01 -2.573628737761005092e-02
-9.876037959172553338e-01 -1.549394330491437322e-01 -2.515000036672615860e-02
-9.880744332424301613e-01 -1.520952854565573165e-01 -2.399888925767964046e-02
-9.879265244518256051e-01 -1.529961521582866579e-01 -2.435914374898155016e-02
-9.872336990829586600e-01 -1.577131553041322687e-01 -2.227537120596026488e-02
-9.868237886616194610e-01 -1.608935490609949559e-01 -1.709046745880563045e-02
-9.867661128246689728e-01 -1.613131455732088604e-01 -1.645344098632297095e-02
-9.859796150124391367e-01 -1.659439437352632218e-01 -1.751611873129782851e-02
-9.861308948994904622e-01 -1.656685714403822174e-01 -9.989530345370884606e-03
-9.864416270582601065e-01 -1.637491377870866627e-01 -1.091532975529502757e-02
-9.863403999911640740e-01 -1.641427865759220173e-01 -1.377567110232365624e-02
-9.865419671214895603e-01 -1.632791872088380503e-01 -8.652301709670831911e-03
-9.867357983808533461e-01 -1.622286739078363238e-01 -5.859162538408320756e-03
-9.868091588079225263e-01 -1.618354758877430521e-01 -4.119596268386129835e-03
-9.875540951841036419e-01 -1.572782240539116749e-01 -6.911594375851233020e-04
-9.869947144350783574e-01 -1.607400518885659935e-01 2.019334703729381859e-03
-9.874171591777314294e-01 -1.578210683115390534e-01 9.993633408968045223e-03
-9.873298516430288885e-01 -1.582653830173479659e-01 1.148220995468716109e-02
-9.873165757099610085e-01 -1.582120048110263466e-01 1.322684460739123255e-02
-9.876256233034470533e-01 -1.565315513932351854e-01 9.670065693799769629e-03
-9.879229223863098541e-01 -1.541249275481433867e-01 1.593156821789417851e-02
-9.890586078015561888e-01 -1.462259668436129978e-01 1.952039743945751388e-02
-9.893212820912260508e-01 -1.449479710200190785e-01 1.528055886042884413e-02
-9.896464907304171055e-01 -1.430242701198032873e-01 1.199543694945075060e-02
-9.899330019433872918e-01 -1.407940215553116770e-01 1.448116421191047304e-02
-9.907099235291769723e-01 -1.348183112444478748e-01 1.782917367695668193e-02
-9.900863436288388497e-01 -1.388654329261259368e-01 2.110527477969513857e-02
-9.900749306548947137e-01 -1.389143972658583304e-01 2.131738367101881568e-02
-9.905661775148184578e-01 -1.357942080134486029e-01 1.840081326671992243e-02
-9.910377687485648623e-01 -1.323774728748171037e-01 1.789844889013862683e-02
-9.912618935699279987e-01 -1.308854164755972604e-01 1.639740772848276990e-02
-9.914625146209435913e-01 -1.288818564284297807e-01 1.978782819936904247e-02
-9.917872508303969825e-01 -1.266839495477982136e-01 1.758507781113749155e-02
-9.917803033009642277e-01 -1.269390949988602468e-01 1.607187276386558630e-02
-9.921227023356999908e-01 -1.234378189781760449e-01 2.134613536479676443e-02
-9.916901992994177073e-01 -1.264155456138092160e-01 2.386770933780240148e-02
-9.915043438377953988e-01 -1.272078037761508185e-01 2.715363545810907733e-02
-9.921477438927766013e-01 -1.218620016900910374e-01 2.815166006064289544e-02
-9.927901658464419743e-01 -1.165905075903690830e-01 2.782713154214285639e-02
-9.929863985605128507e-01 -1.160240806134557323e-01 2.272518710960905186e-02
-9.937045785389996277e-01 -1.103945005819886860e-01 1.908595959796626634e-02
-9.934524378216933460e-01 -1.129987227623290985e-01 1.683898689278996719e-02
-9.934067631866981829e-01 -1.135121147764426158e-01 1.606274247765150653e-02
-9.939325236674687591e-01 -1.097985089159734390e-01 6.514214122061412135e-03
-9.939937070442199651e-01 -1.094320991017046357e-01 1.065467950929776392e-03
-9.948953393631811970e-01 -1.009057254293782568e-01 1.143447608631586229e-03
-9.943881765308199006e-01 -1.057859526602444589e-01 1.223019454529029751e-03
-9.943538505292681684e-01 -1.060560612064235936e-01 3.541327662737672397e-03
-9.945699784363478679e-01 -1.035908800392865148e-01 9.974814156246399749e-03
-9.948701925278766733e-01 -1.007024744991287246e-01 9.608381670265168928e-03
-9.950416529241089547e-01 -9.910199067907413117e-02 8.421029158602579001e-03
-9.949303205230757285e-01 -1.000968505050473939e-01 9.710157660440801516e-03
-9.945735667585940964e-01 -1.038047320650661021e-01 6.928734236599424709e-03
-9.941916417773657422e-01 -1.075621365314343714e-01 3.657283248688352351e-03
-9.941037683917443024e-01 -1.084011987074578465e-01 2.624369024072831930e-03
-9.940614687611999400e-01 -1.088177994207481097e-01 -7.017124631733292865e-04
-9.937647654317458557e-01 -1.113641757778106450e-01 -5.442515309963936662e-03
-9.943762883717313095e-01 -1.059027922936036925e-01 6.369007619172429788e-04
-9.946407670805227363e-01 -1.033405577192934299e-01 3.237832317418914019e-03
-9.950225998760406920e-01 -9.930183566516163907e-02 8.317533040072247821e-03
-9.948432376259775944e-01 -1.008908003854788460e-01 1.039177999860804898e-02
-9.953933308962679138e-01 -9.577755526208296677e-02 4.334370234690969499e-03
-9.956727674879984891e-01 -9.267533799898219904e-02 6.857979938315950270e-03
-9.954380935191279312e-01 -9.525621769927213045e-02 5.409721323813808380e-03
-9.954526379855426210e-01 -9.506695562262880428e-02 6.027404212238103923e-03
-9.951056379943694630e-01 -9.878347693913064331e-02 2.569844131097487848e-03
-9.953079687110555351e-01 -9.660091836368925322e-02 5.506378882534120577e-03
-9.955396693797944341e-01 -9.422813309604034793e-02 4.672882825919886900e-03
-9.956904317420609551e-01 -9.232490741383821142e-02 8.757046681346997152e-03
-9.960114328923123095e-01 -8.895106739421899944e-02 6.995955033558747677e-03
-9.964005221610172658e-01 -8.464705556396437403e-02 4.570070148530685009e-03
-9.964795819892496853e-01 -8.383584965194891547e-02 5.583744555926091480e-05
-9.961960235812118425e-01 -8.712738330137283216e-02 -1.520474494857839125e-03
-9.966483577993878740e-01 -8.174596052501469090e-02 -3.107887631189250321e-03
-9.961244242800416648e-01 -8.787396975579478409e-02 -3.782453771009794061e-03
-9.958281053336350830e-01 -9.121089041621285864e-02 2.639744497352465059e-03
-9.954951301613227388e-01 -9.463548958896705887e-02 5.794830542867840037e-03
-9.954818599076581398e-01 -9.495196909261842400e-02 1.811562483064986517e-05
-9.950885115692793548e-01 -9.894780356485623207e-02 -2.862977285361357430e-03
-9.952494275674707014e-01 -9.725044273340768819e-02 -4.575873454077428702e-03
-9.953153843034646675e-01 -9.636971649338064994e-02 -7.757178004116728649e-03
-9.953230463480452483e-01 -9.635832485436005013e-02 -6.864177981056899733e-03
-9.954526272847019630e-01 -9.508718219612377620e-02 -5.701308917839181811e-03
-9.956277691230950300e-01 -9.335374822944950135e-02 -3.230074608205398250e-03
-9.961306025583093193e-01 -8.779914790226187038e-02 3.891402894800876592e-03
-9.963955154566199734e-01 -8.481476829978668031e-02 1.562870051615031317e-03
-9.966625880926216485e-01 -8.153240848620331438e-02 -4.020269246726677209e-03
-9.968250216978297162e-01 -7.962045292474269342e-02 6.858677677205431145e-04
-9.967050892496344128e-01 -8.110620695692362381e-02 -8.712611671067664858e-04
-9.971734653530690551e-01 -7.490628783159902770e-02 -5.842839045580033516e-03
-9.971719129286146233e-01 -7.515097626521415053e-02 -7.194320836618577075e-04
-9.967393726349387251e-01 -8.060581232507739446e-02 -3.651977731462103388e-03
-9.970804736001750435e-01 -7.635535022429543184e-02 -6.329206363175168305e-04
-9.973075948480344399e-01 -7.324368510670925536e-02 -3.596490283023331697e-03
-9.971722966298521840e-01 -7.512445814143341172e-02 -1.933261216823981433e-03
-9.975616323784129991e-01 -6.973831784678093115e-02 -2.714309771910511457e-03
-9.979521480902364683e-01 -6.396218652424422169e-02 5.998479237328355890e-04
-9.976506304965542249e-01 -6.850104929121501873e-02 9.147199755533215373e-04
-9.973640978504754173e-01 -7.253850524045381276e-02 1.741424058567993868e-03
-9.974951136991281331e-01 -7.069089343016070337e-02 2.511319538187874179e-03
-9.975049539879508043e-01 -7.059377870359929974e-02 -6.294260949090595483e-04
-9.974543111023131958e-01 -7.107515167930393563e-02 -5.764643834546438750e-03
-9.978899082737084925e-01 -6.484233202758959980e-02 -3.348748651458187224e-03
-9.981896719229341741e-01 -6.006100438396713703e-02 -3.172664675212778437e-03
-9.983798302540447533e-01 -5.652205751959709507e-02 6.556134489463429776e-03
-9.986783520731772334e-01 -5.083446101366612124e-02 7.577469353551245443e-03
-9.985968468794876873e-01 -5.188285241599619596e-02 1.060746782701956978e-02
-9.987900311939956755e-01 -4.786610787530377886e-02 1.128364596193093608e-02
-9.989392179060035959e-01 -4.417989450656719524e-02 1.298411399005502953e-02
-9.990146750326247549e-01 -4.387189363216843774e-02 6.704283142583006283e-03
-9.990971955434940766e-01 -4.162610918027635776e-02 8.489541191926170891e-03
-9.990443154185499886e-01 -4.364737561081541428e-02 -2.318195466343016611e-03
-9.990462679627835074e-01 -4.359821276105496635e-02 -2.400398237840787197e-03
-9.990772964835509251e-01 -4.292431696887877290e-02 -1.438841242291763640e-03
-9.991101739897769729e-01 -4.212313269901798995e-02 -2.124504555894119080e-03
-9.990240139625083948e-01 -4.312298932581408450e-02 -9.562374155373986467e-03
-9.987466443220629486e-01 -4.947230792426365181e-02 -7.592289958842427661e-03
-9.985997694472690256e-01 -5.246939179903754163e-02 -6.743517581396118836e-03
-9.984672265329992413e-01 -5.479853782918089194e-02 -7.767203665328117554e-03
-9.982726007367124232e-01 -5.860625839612968596e-02 -4.139164508534593639e-03
-9.983658213929782477e-01 -5.709875330306836416e-02 -2.330376108199337833e-03
-9.987238336565017471e-01 -5.047035468900019917e-02 -1.859839443370977586e-03
-9.986888658895570758e-01 -5.113477513357177207e-02 -2.407393343681686268e-03
-9.987439291177301337e-01 -4.987265119756088827e-02 -4.826419440584484022e-03
-9.990007712794035655e-01 -4.468685579216367942e-02 -7.454734133412570241e-04
-9.991416005897704178e-01 -4.093681832880189525e-02 -6.344331061708518432e-03
-9.992299767941432709e-01 -3.900618798772460122e-02 -4.240573884247079289e-03
-9.992898894467587834e-01 -3.764939087137297857e-02 -1.500638948411511537e-03
-9.992137071191787845e-01 -3.942604408939299337e-02 -4.191215366545917621e-03
-9.992019356517820583e-01 -3.979094037999518496e-02 -3.490642746860169159e-03
-9.991214536326965545e-01 -4.148686713305026891e-02 -5.930640834693490585e-03
-9.991900314691962715e-01 -3.907294267930284254e-02 -9.622777809462508200e-03
-9.990036037165525018e-01 -4.237469302211939459e-02 -1.400703124575265572e-02
-9.991391339871416033e-01 -3.876598228084510850e-02 -1.477163866462192707e-02
-9.989509426939069403e-01 -4.207438169882962709e-02 -1.807684385472177815e-02
-9.990074186824156044e-01 -4.265002547082952233e-02 -1.285163597854689296e-02
-9.986626678525364342e-01 -4.899927364017762910e-02 -1.649117701153736751e-02
-9.985302924244283673e-01 -5.088141784095791265e-02 -1.866409296108842431e-02
-9.982453679125776747e-01 -5.674323517408944723e-02 -1.692343186406435745e-02
-9.982099844284553214e-01 -5.805987402381149187e-02 -1.434886253341345619e-02
-9.977315226615310895e-01 -6.413525745891553165e-02 -2.045701409345801469e-02
-9.979322445653275864e-01 -6.151149128190544491e-02 -1.864359749100807234e-02
-9.978824313433458659e-01 -6.118035865615031182e-02 -2.208232252539391732e-02
-9.975715868904487804e-01 -6.658418071532651306e-02 -2.043252065014805607e-02
-9.971944574680670081e-01 -7.153150463075758081e-02 -2.205606273653073351e-02
-9.971634766534968053e-01 -7.357126240809656881e-02 -1.588339425837123967e-02
-9.968570543919623717e-01 -7.677736306374212394e-02 -1.952592451367586232e-02
-9.965352650180914207e-01 -7.987060351702569838e-02 -2.319837157621005425e-02
-9.965925249632929805e-01 -8.083945612202805830e-02 -1.638089360204726674e-02
-9.963590536750506210e-01 -8.435835893064491664e-02 -1.234161788121090203e-02
-9.958422652479366199e-01 -9.029074565689580723e-02 -1.207377663687219348e-02
-9.956119510999099642e-01 -9.241226449745544580e-02 -1.472509145212856987e-02
-9.953618647262559849e-01 -9.541254799192060154e-02 -1.229699034351376154e-02
-9.946759040608853519e-01 -1.021784656152513321e-01 -1.339474311934519060e-02
-9.942444158501090312e-01 -1.058768825377832540e-01 -1.637496478287109661e-02
-9.943700777717844330e-01 -1.047697052743279539e-01 -1.585778885555449644e-02
-9.942812895551081942e-01 -1.055224768450093442e-01 -1.642365070136813515e-02
-9.936275113657080382e-01 -1.109677618232075974e-01 -1.976200327622289893e-02
-9.941935348260600991e-01 -1.059252628787240719e-01 -1.894904511218385365e-02
-9.940861093892159328e-01 -1.072894421328806219e-01 -1.678675164374342568e-02
-9.929504660160390905e-01 -1.174632205599014656e-01 -1.586745434595077109e-02
-9.920409979592295091e-01 -1.245541052840044710e-01 -1.846471337511375668e-02
-9.915132170517707566e-01 -1.288041654062087038e-01 -1.763631973765403260e-02
-9.917121069278992396e-01 -1.269545123191539171e-01 -1.973983616847602499e-02
-9.916539290714440069e-01 -1.272292852402210350e-01 -2.086159858557574964e-02
-9.916435536090787428e-01 -1.267822636761434252e-01 -2.386069069234574361e-02
-9.912592560712281120e-01 -1.297377815129897582e-01 -2.394175559480229976e-02
-9.901409754280574571e-01 -1.378175444319319209e-01 -2.504367413414811810e-02
-9.902824697713781266e-01 -1.375956406735021897e-01 -2.020104321617377865e-02
-9.904111787818942192e-01 -1.374618121891820754e-01 -1.378258296160494306e-02
-9.895905507072596530e-01 -1.427328361166840809e-01 -1.838183932117270006e-02
-9.889763826785389345e-01 -1.467535098565591889e-01 -1.972649140127946329e-02
-9.883412621851725977e-01 -1.501741697252473307e-01 -2.508547180402134064e-02
-9.882097993170820827e-01 -1.506891616261869515e-01 -2.709578922107691232e-02
-9.887341551630243197e-01 -1.475135842290020149e-01 -2.538750886252278197e-02
-9.882199669084530402e-01 -1.511866602757141187e-01 -2.374665136121504455e-02
-9.877432431907853250e-01 -1.548596747711153410e-01 -1.953917302934973788e-02
-9.879027189619628002e-01 -1.536139141025208710e-01 -2.123666332525282405e-02
-9.875952828228738989e-01 -1.560071928002146335e-01 -1.781363946093750608e-02
-9.873414173614052380e-01 -1.574766492046196231e-01 -1.892202813928256858e-02
-9.868466198293128766e-01 -1.604758907760887865e-01 -1.952562553366738243e-02
-9.862357280769932233e-01 -1.644421610932379485e-01 -1.725911122551471513e-02
-9.867145784194185643e-01 -1.616099256451283550e-01 -1.663085300005603950e-02
-9.859790559475786198e-01 -1.660599230647328561e-01 -1.641388989863466416e-02
-9.851183478092609969e-01 -1.715051415190589346e-01 -1.130663055436345252e-02
-9.858474775447692018e-01 -1.671846667712638401e-01 -1.241172254179333592e-02
-9.859008135411859719e-01 -1.668903613123328689e-01 -1.213283980050026793e-02
-9.865215722550819688e-01 -1.632455832602902057e-01 -1.122852034625836624e-02
-9.859151528192656722e-01 -1.665949126550032022e-01 -1.474649729085622356e-02
-9.858423804180050931e-01 -1.668318891263120551e-01 -1.679090273049200360e-02
-9.861141312398933323e-01 -1.650477143339451613e-01 -1.838980213598567087e-02
-9.862089957869072387e-01 -1.648012576148343289e-01 -1.524384441860698707e-02
-9.854155819070421485e-01 -1.695870926667574496e-01 -1.401290812912574235e-02
-9.853074720976195966e-01 -1.706804816853363937e-01 -6.113205670898446201e-03
-9.851480763934075124e-01 -1.716670349105381133e-01 -3.702616996731265819e-03
-9.856219847497655895e-01 -1.689149814980839825e-01 -4.128542736460940644e-03
-9.852101579561756139e-01 -1.713358063151572963e-01 -2.235794330827548231e-03
-9.857574150911367905e-01 -1.681730351240014465e-01 -4.018912340987010681e-04
-9.855755678517275076e-01 -1.692348519775841442e-01 -6.144894654758695099e-04
-9.861599575869566259e-01 -1.657967001194484702e-01 7.049353324444917069e-05
-9.867215665079167586e-01 -1.624204738184180374e-01 3.905926091298076190e-04
-9.869174006714275249e-01 -1.611406074691683066e-01 -5.268919999165014995e-03
-9.862249082301209890e-01 -1.652792785366124229e-01 -6.572910267805282675e-03
-9.867027873279852201e-01 -1.624278426207080017e-01 -5.900687597722042814e-03
-9.870023018133361470e-01 -1.606880425195791329e-01 -2.412870393888573353e-03
-9.872031669873313486e-01 -1.593852227200027727e-01 -5.125483602856967594e-03
-9.865308007195650042e-01 -1.634887368902636362e-01 -5.331497159291582674e-03
-9.858789268042106313e-01 -1.674594807505253857e-01 2.770620455114858674e-04
-9.859112833830652178e-01 -1.672434234346155402e-01 2.931108878870287721e-03
-9.853324064818983485e-01 -1.706265438995712147e-01 2.577604768987104729e-03
-9.853607791063969668e-01 -1.704806267261488595e-01 -7.097257883697783397e-04
-9.848151380557313983e-01 -1.735290475745747962e-01 5.179400810907036634e-03
-9.850197746021369660e-01 -1.723551750996975551e-01 5.454351284634584643e-03
-9.859773845590485974e-01 -1.667870207669447657e-01 5.540716306842398062e-03
-9.855991266423914654e-01 -1.690454451691225102e-01 4.244024341443077691e-03
-9.864104973962205536e-01 -1.641631554297345585e-01 6.693415834951641982e-03
-9.859246956117618810e-01 -1.668893476815750676e-01 1.002261986279443309e-02
-9.861559533457187054e-01 -1.655553823235331456e-01 9.373567215956564447e-03
-9.864197195953148256e-01 -1.635351864203833938e-01 1.524442184333659606e-02
-9.874107192970565938e-01 -1.572270682957984944e-01 1.731280625971180417e-02
-9.877001690095286168e-01 -1.556752325687720262e-01 1.461543440429418847e-02
-9.884810079193852017e-01 -1.504782776947536649e-01 1.617398470865011664e-02
-9.888596678372046922e-01 -1.478518528569374713e-01 1.721626582008752362e-02
-9.889425247920630158e-01 -1.472437633170348703e-01 1.766266406118209217e-02
-9.896190327924657693e-01 -1.426214555173070941e-01 1.770037405702696090e-02
-9.900211898198418847e-01 -1.404436691649725566e-01 1.155994880606455930e-02
-9.904943916963876438e-01 -1.371021481255187691e-01 1.112986527245449046e-02
-9.899436133615163724e-01 -1.412749115304328673e-01 7.283870222870327676e-03
-9.895481874573072156e-01 -1.439500817321294479e-01 8.530631211238128009e-03
-9.904606197816328006e-01 -1.370196866513744005e-01 1.460750997453036729e-02
-9.912470249109599507e-01 -1.311189256926691138e-01 1.540052484833488201e-02
-9.911742040199319481e-01 -1.310047752806864918e-01 2.028446205169859295e-02
-9.923966136077491118e-01 -1.199278400471165962e-01 2.768191556357952818e-02
-9.932641891399284217e-01 -1.123558497247022225e-01 2.832715340150653363e-02
-9.940236815924536895e-01 -1.071631160327554538e-01 2.080867286401322930e-02
-9.943012946974280064e-01 -1.043237359801565817e-01 2.194327639600701305e-02
-9.948815191632204291e-01 -9.961986362936202377e-02 1.693101851275070902e-02
-9.957707488416628339e-01 -8.973997351746501594e-02 1.968163392129515868e-02
-9.959603211912732013e-01 -8.833395740107626015e-02 1.612961212110992915e-02
-9.965410020746020558e-01 -8.234151076813507608e-02 1.122142847094028534e-02
-9.968899992798223586e-01 -7.804018036697389638e-02 1.095779404460187935e-02
-9.967682298828923759e-01 -7.956724198180568919e-02 1.105276278484442279e-02
-9.969876768360682595e-01 -7.583087949928367377e-02 1.628692216626824105e-02
-9.971305030765591493e-01 -7.409531692960959204e-02 1.551314665936440532e-02
-9.971447257327649139e-01 -7.399540530944684336e-02 1.506949940245666184e-02
-9.969720333720193395e-01 -7.618900837054541630e-02 1.555678479563175377e-02
-9.973614089314166709e-01 -7.111963734670959103e-02 1.456815009511303917e-02
-9.976699258630169487e-01 -6.648324247345105409e-02 1.532029254543005280e-02
-9.979042028785384266e-01 -6.298084573333279090e-02 1.485357890074568039e-02
-9.981000436293121503e-01 -5.936508554048147701e-02 1.649555682127196859e-02
-9.980294280948840413e-01 -5.886410256020339904e-02 2.173228021376531066e-02
-9.983229897296387323e-01 -5.162715901577143163e-02 2.618890363597900853e-02
-9.983219265501578343e-01 -5.091535290523502982e-02 2.758571829839686837e-02
-9.984404895493519394e-01 -4.514460464607319284e-02 3.284155633671045210e-02
-9.983316416926534265e-01 -4.499835426371447122e-02 3.618142681691970813e-02
-9.986985522137316051e-01 -3.765375247660398411e-02 3.440074034864175345e-02
-9.990144201389176137e-01 -3.572678496802181997e-02 2.634007129563083194e-02
-9.991890889494049466e-01 -3.151481881586711692e-02 2.505982579775574426e-02
-9.992417694876908341e-01 -2.790094478473755663e-02 2.715580230683327378e-02
-9.990120828580659751e-01 -3.292461548665624738e-02 2.984697789165731419e-02
-9.993528846704893276e-01 -2.401710549021104230e-02 2.677693892716407134e-02
-9.993924430730354302e-01 -2.084214080938023850e-02 2.793499309275416023e-02
-9.995872148970610382e-01 -1.826976022961240148e-02 2.217272071270839917e-02
-9.995944497996029909e-01 -1.479578544642982420e-02 2.433176044093956700e-02
-9.997036183013431332e-01 -8.594765426240902687e-03 2.277760728091732592e-02
-9.997571682184265285e-01 -1.369104191917352650e-02 1.726771483937820581e-02
-9.997171297053952799e-01 -6.165541335209939744e-03 2.297087542443040573e-02
-9.998303669582150333e-01 -4.493076025657433137e-03 1.786236314511690376e-02
-9.998299615590252598e-01 2.409685478093934186e-03 1.828266520533392003e-02
-9.997837712810995203e-01 5.206493572585056163e-03 2.013250107210287632e-02
-9.996427117142960839e-01 1.277571174125648711e-02 2.347859934544932817e-02
-9.994757009057380071e-01 2.163782121135561509e-02 2.408614865736902894e-02
-9.995081497759084055e-01 2.257638832560590961e-02 2.176648278212314769e-02
-9.995189177425939375e-01 2.597833881044913848e-02 1.694324143870656885e-02
-9.993955481157353882e-01 2.829332239694971191e-02 2.020002056162307699e-02
-9.992723913188641394e-01 3.191709431589079965e-02 2.088065044307383170e-02
-9.992328039497987424e-01 3.337363312421351424e-02 2.049435633830497955e-02
-9.988814770853307046e-01 4.108127245295249003e-02 2.341235709926956302e-02
-9.986514975244791259e-01 4.754905731270478442e-02 2.083958460136587851e-02
-9.982247889434582300e-01 5.628378973808913222e-02 1.947871354523157336e-02
-9.977875992398569371e-01 6.441524142712401479e-02 1.644985706604008141e-02
-9.979969844847136340e-01 6.089186964392801632e-02 1.715265240312316766e-02
-9.981653035111949235e-01 5.946605084552483017e-02 1.139429898045712930e-02
-9.977924468506760292e-01 6.386610632151171196e-02 1.820351796528347707e-02
-9.974992368725923431e-01 6.877738416038459146e-02 1.627754419250539847e-02
-9.973474447673097432e-01 7.059459887218789975e-02 1.773391154991463964e-02
-9.974017429345753971e-01 7.016613162296943262e-02 1.632457535837849791e-02
-9.971713500686852916e-01 7.356210100837178023e-02 1.542499488560058508e-02
-9.973336729070423345e-01 7.240107880409622776e-02 9.145672425237588721e-03
-9.973707743133476411e-01 7.175428293816418779e-02 1.014278420021693175e-02
-9.969844090911310630e-01 7.684872223889102627e-02 1.078779851899082723e-02
-9.971762865257904895e-01 7.461889291734777330e-02 8.455123874416674637e-03
-9.966764850063672965e-01 8.046017598088524292e-02 1.273417425742725748e-02
-9.961445276020421957e-01 8.704184247129702345e-02 1.094589366225691071e-02
-9.958059173499282934e-01 9.074951289795196718e-02 1.162392840757431843e-02
-9.959081756998323653e-01 9.016472824739252268e-02 6.102641301998207486e-03
-9.962575131525790439e-01 8.630941644754321074e-02 4.654783896689463144e-03
-9.962159838811491808e-01 8.689611011581543920e-02 1.671646178249712456e-03
-9.964217052452307710e-01 8.450061683707606186e-02 1.856329946680134119e-03
-9.963782811831031205e-01 8.503059146434426008e-02 3.663184908770781602e-04
-9.959873927598713594e-01 8.942414740448681454e-02 -3.528465489228215825e-03
-9.960934131532330760e-01 8.829716230270323596e-02 -1.240220021228286701e-03
-9.958705709373946169e-01 9.077218529444558426e-02 -1.493671536222583064e-03
-9.963078178448343536e-01 8.584090283401336896e-02 1.444365083788990475e-03
-9.963843973377971563e-01 8.495144935033065170e-02 1.182660245929942301e-03
-9.963327516183003718e-01 8.553434771909113055e-02 -2.222182763610730701e-03
-9.966721453395840369e-01 8.151252592413471554e-02 5.978315711263667426e-04
-9.968021933915187649e-01 7.990846212738403342e-02 1.987858545809065161e-04
-9.969075270628120489e-01 7.857118675738627989e-02 -1.402034523781201057e-03
-9.966976544391671355e-01 8.118099244256389568e-02 -1.856530168661763708e-03
-9.966708444386517263e-01 8.145086794628331184e-02 -3.605351213873969445e-03
-9.964652915103006103e-01 8.386759745864563742e-02 -4.812846281967963699e-03
-9.968469436967053454e-01 7.927945476010671289e-02 -3.309595776744804138e-03
-9.970129465576247352e-01 7.705994722493818283e-02 -5.192635903190311736e-03
-9.966361047477474422e-01 8.185240166953147711e-02 -4.083338067046186903e-03
-9.965555941003472196e-01 8.229268769631749303e-02 -1.024089958108847370e-02
-9.962476266689599402e-01 8.621269794011332532e-02 -7.619167068337606014e-03
-9.962017479534972519e-01 8.678185476762056982e-02 -7.141547128254621159e-03
-9.966091556415043184e-01 8.205300201093526646e-02 -6.124569664665423241e-03
-9.967425801195149981e-01 8.050443505833765334e-02 -4.824883408479429397e-03
-9.968075544682011291e-01 7.955159347278123461e-02 -6.801318482978199742e-03
-9.971120382121200221e-01 7.506981029165943342e-02 -1.149441670305548224e-02
-9.972254775108403413e-01 7.323935373354785450e-02 -1.331761553908489097e-02
-9.971537141982736996e-01 7.378757355709383847e-02 -1.548802955943952286e-02
-9.973974474388013212e-01 7.123693722196051958e-02 -1.111959329968430915e-02
-9.977827322503731722e-01 6.509845298324593021e-02 -1.385010808622093997e-02
-9.977735441736097499e-01 6.461454962071656871e-02 -1.652057483552276176e-02
-9.978358995395802955e-01 6.371053806464012370e-02 -1.626344972580631709e-02
-9.982070492218535485e-01 5.729324621122061645e-02 -1.732586949111871583e-02
-9.984184294986219177e-01 5.401636583402623371e-02 -1.558482371300285059e-02
-9.985394713982097548e-01 5.232735505578947621e-02 -1.344569965595789757e-02
-9.986150938515895303e-01 5.106845535022491028e-02 -1.264602937538699540e-02
-9.986468994869457383e-01 5.081266858317018409e-02 -1.106606145746315446e-02
-9.987076964119873113e-01 4.997640451266525952e-02 -9.236394059780115087e-03
-9.989984603934738416e-01 4.386779575930081776e-02 -8.815183352668108999e-03
-9.992136948175310840e-01 3.777924201880886179e-02 -1.203062249485683036e-02
-9.993125541058247574e-01 3.601474112484453344e-02 -8.796163587257162242e-03
-9.993253475529300101e-01 3.590996189541023620e-02 -7.703196840111231278e-03
-9.993939087583985081e-01 3.345418212765326194e-02 -9.625370079672856266e-03
-9.996331789622324715e-01 2.707511552190917242e-02 6.783946158528605941e-04
-9.993481704955461398e-01 3.607960880077018540e-02 1.229050652269292158e-03
-9.993178241586593291e-01 3.690906084819269711e-02 -1.273635499559864787e-03
-9.993512886186096678e-01 3.601353474246515168e-02 2.045541911673684141e-04
-9.992844101340275786e-01 3.772038667266763845e-02 2.802628944408509445e-03
-9.992899957153758006e-01 3.741768687930101950e-02 4.408606386346732194e-03
-9.993349437506694466e-01 3.645259602381521746e-02 9.450490703873637953e-04
-9.993252470004703181e-01 3.668086817571750841e-02 -1.891903180230628933e-03
-9.992874969235233662e-01 3.772759692080064620e-02 1.068471734414192745e-03
-9.993901130048026271e-01 3.485011507663807878e-02 -2.210493855052743459e-03
-9.995832788382733591e-01 2.868444606378819928e-02 -3.238213238300790761e-03
-9.995684860569508112e-01 2.937324581821557437e-02 -2.625504363156327785e-04
-9.996651248718325666e-01 2.555388197749576887e-02 4.080692565332763588e-03
-9.997780373034053092e-01 2.035884657306561568e-02 5.422939371542158035e-03
-9.997624019346064150e-01 2.080113566842101483e-02 6.516687405022101101e-03
-9.998315743942741696e-01 1.803460586538403743e-02 3.404516306799444583e-03
-9.997811987575572212e-01 2.032058110748872701e-02 4.964224132588630767e-03
-9.998017398365962594e-01 1.908184589935479208e-02 5.690263381898855513e-03
-9.996494724056124159e-01 2.466277206240780756e-02 9.627821103242048539e-03
-9.996052065284345423e-01 2.565874239320050515e-02 1.144879812462862301e-02
-9.995939959171473710e-01 2.814621249872283765e-02 4.432706125918183665e-03
-9.996961549332147312e-01 2.383720304811746959e-02 6.276970515857311500e-03
-9.996871944719301073e-01 2.356486614811796956e-02 8.380041042842366339e-03
-9.997562288883986570e-01 2.155026101592553284e-02 4.804572218133110542e-03
-9.996341593163927675e-01 2.694408646282869454e-02 2.361885104047654806e-03
-9.997121691219785777e-01 2.354114707417810648e-02 4.626876057028987688e-03
-9.997085405027711369e-01 2.368014642332504430e-02 4.700998773157399717e-03
-9.996240110657218514e-01 2.734041873064220474e-02 2.086300474967889371e-03
-9.996985176673438556e-01 2.324443466220290494e-02 7.911031938874095448e-03
-9.997011085227425209e-01 2.345380701042623639e-02 6.901228201210829818e-03
-9.996266116425933657e-01 2.722720674299307017e-02 2.308849521080406225e-03
-9.997290880744855723e-01 2.310528988249964388e-02 2.812526634741577963e-03
-9.997569058943971410e-01 2.204804789388661521e-02 1.642690128721268489e-04
-9.997078388176143804e-01 2.394546789425822803e-02 3.296347654128507689e-03
-9.996832361620013874e-01 2.509831496967353248e-02 1.875166587645709813e-03
-9.995620981014847750e-01 2.940868987705935050e-02 3.279538738132711448e-03
-9.996452612314068453e-01 2.662230515398015043e-02 7.867474555970353257e-04
-9.996320005440756384e-01 2.705559337992959404e-02 1.967933882654579469e-03
-9.996992852941922747e-01 2.451868424600108995e-02 -4.330754120116272858e-04
-9.997895818528438339e-01 2.043196738469495871e-02 1.827884533962857976e-03
-9.996984924079520551e-01 2.446768834347996802e-02 2.066624869478591968e-03
-9.996746052586065190e-01 2.546735258205335556e-02 1.453267262641206150e-03
-9.997770600507205341e-01 2.102168105969419443e-02 1.983312904819060484e-03
-9.998392582516667515e-01 1.791197998585688025e-02 -7.956603511847671478e-04
-9.998404689197171180e-01 1.773756047365743910e-02 -2.104781674711646809e-03
-9.998117118045605212e-01 1.939987924626731391e-02 -4.473104999348407294e-04
-9.998120613361474174e-01 1.916674535392536016e-02 2.914163660913032632e-03
-9.997630971345028428e-01 2.159713782610178309e-02 2.706974520992313973e-03
-9.996803209121539746e-01 2.528299448656040616e-02 2.014962618341457380e-04
-9.995472509242965264e-01 3.000103146793928893e-02 2.290374404471778955e-03
-9.992593382628373044e-01 3.796570712707254824e-02 6.276516460862184565e-03
-9.993128610982178195e-01 3.668291749278607822e-02 5.308851291136321496e-03
-9.992119500312115488e-01 3.966555825158599169e-02 1.461863891135012448e-03
-9.992663085985892257e-01 3.827962338697344508e-02 -1.236768312197819315e-03
-9.993433590860451021e-01 3.622418832866924898e-02 8.206529815027283244e-04
-9.994084390614166313e-01 3.390656357394051384e-02 5.755996745597995873e-03
-9.994654877651800717e-01 3.242618036166768775e-02 4.158871544130094897e-03
-9.993275279343728501e-01 3.658824794629585847e-02 2.409689150626793605e-03
-9.991611582053393503e-01 4.089525371971480111e-02 2.138394313400894704e-03
-9.992882910419752518e-01 3.765303322856101281e-02 -2.274895519587462334e-03
-9.993969373375712895e-01 3.457190444792292844e-02 -3.249578301489515139e-03
-9.993843159268158693e-01 3.478417613228480115e-02 -4.589647687393528033e-03
-9.994155658663442798e-01 3.219488807900744431e-02 -1.149046206683555782e-02
-9.994350316926399191e-01 3.202908906284628737e-02 -1.018674201504698312e-02
-9.992813837955386580e-01 3.439850117585240008e-02 -1.592086318549845031e-02
-9.990996602287455230e-01 4.028463233694067058e-02 -1.330534280052078980e-02
-9.994479776927263082e-01 3.099279593013393175e-02 -1.196667103272030380e-02
-9.994515501338970820e-01 3.115082759807952933e-02 -1.123563996547396852e-02
-9.994841840489786522e-01 3.027758497864420362e-02 -1.070739980906122713e-02
-9.995725352571336320e-01 2.719320035250197623e-02 -1.073738057606142202e-02
-9.994586852406092126e-01 2.811079301187568644e-02 -1.709194396831644966e-02
-9.995483288588885573e-01 2.151349707406455258e-02 -2.098386592169306300e-02
-9.995428905885600512e-01 1.672867952318265669e-02 -2.518285385772277285e-02
-9.996717063742748266e-01 1.320357870134216891e-02 -2.195813916541678942e-02
-9.996892871872494757e-01 1.271333237394239694e-02 -2.144096904052297109e-02
-9.996578306066269404e-01 8.235093041926676294e-03 -2.482780593361483268e-02
-9.996579832642302765e-01 3.601083044513563557e-03 -2.590296732574099217e-02
-9.997561440225640750e-01 -2.439927183321847007e-03 -2.194798611840042754e-02
-9.996394323491437639e-01 -1.957609792769501433e-03 -2.678036449594533436e-02
-9.997342988055880619e-01 -6.926719509782906445e-03 -2.198561123010316781e-02
-9.998092285965580750e-01 -9.370777625535973987e-03 -1.713795914398470732e-02
-9.998377003667676677e-01 -1.323517134833121847e-02 -1.222365948993578595e-02
-9.998867544521566897e-01 -9.470955861661072006e-03 -1.169589557462352714e-02
-9.998913546416344778e-01 -9.820542060802364692e-03 -1.099320577040279780e-02
-9.999381218737710686e-01 -9.248362808051167200e-03 -6.183442553926669222e-03
-9.999679651815207571e-01 -4.916891611772608757e-03 -6.317240999184299544e-03
-9.999227577845073434e-01 -9.369317322967044004e-03 -8.167568274737413425e-03
-9.998910456856924256e-01 -5.665399283383366902e-03 -1.363138814009155764e-02
-9.997917926617857498e-01 -1.426832917509466073e-02 -1.458769718481767869e-02
-9.997922565253165583e-01 -1.761421530232612498e-02 -1.025660228680179593e-02
-9.996871344953227601e-01 -1.953207929122207503e-02 -1.562516502733607426e-02
-9.996001442708514206e-01 -2.371025713846545285e-02 -1.540746747902536212e-02
-9.996213164246567917e-01 -2.216529826582609372e-02 -1.630760773206825151e-02
-9.995926534315818790e-01 -2.251564704215902948e-02 -1.753817591815099580e-02
-9.994547593450194833e-01 -2.813172289914803517e-02 -1.728597568754392660e-02
-9.992725500399790572e-01 -3.386799766973132286e-02 -1.753123629230120620e-02
-9.992680482334294068e-01 -3.536372191884480654e-02 -1.458731276961889450e-02
-9.993050015017237442e-01 -3.484177060560533778e-02 -1.325065068711972494e-02
-9.993108612041021743e-01 -3.551723533155418805e-02 -1.078626090368892294e-02
-9.992280977133944919e-01 -3.788873198822220734e-02 -1.037629370666202575e-02
-9.990575812498606600e-01 -4.113018000775477134e-02 -1.386623534564297711e-02
-9.989963977174308729e-01 -4.222431459667611714e-02 -1.494387680996560504e-02
-9.989823593108357880e-01 -4.133461384683102813e-02 -1.804744616555324990e-02
-9.989052676382449425e-01 -4.364548590083819346e-02 -1.683308249478138521e-02
-9.988992525146525026e-01 -4.576434249010039729e-02 -1.029189260552788865e-02
-9.989743877560575136e-01 -4.435302978761534315e-02 -9.110221510621718463e-03
-9.988355233184510462e-01 -4.764126321662871810e-02 -7.610662045961310088e-03
-9.985772013151665849e-01 -5.256784178267911306e-02 -8.955996254624662423e-03
-9.985012948325966420e-01 -5.417552710204797534e-02 -7.758305580661858936e-03
-9.981706171450898113e-01 -5.946541707621277872e-02 -1.092237051414709885e-02
-9.976624174929477062e-01 -6.712993146675488854e-02 -1.277842084463379040e-02
-9.972680589468205792e-01 -7.340195759972545364e-02 -8.281670663745322250e-03
-9.973003765429659939e-01 -7.342994958401034833e-02 1.278551920339474068e-04
-9.974000588136492373e-01 -7.178764234082618545e-02 6.298577133374468236e-03
-9.970883815728923683e-01 -7.597601303956506846e-02 6.513045320958152709e-03
-9.972811965130967682e-01 -7.296439394359954811e-02 1.031636634399395180e-02
-9.970036925753387180e-01 -7.615803482190681983e-02 1.355012035920131336e-02
-9.973634244294883322e-01 -7.060349493171597102e-02 1.677382698201250466e-02
-9.976581665072832283e-01 -6.546951093291571155e-02 1.979750316946038424e-02
-9.977628088866106193e-01 -6.385626251526148323e-02 1.979318399035413442e-02
-9.978541635217832440e-01 -6.076173303663287562e-02 2.439457760391457175e-02
-9.978078174523721255e-01 -6.073057898062943910e-02 2.629394392750058346e-02
-9.979945318340283089e-01 -5.846611331973292081e-02 2.426197213991064180e-02
-9.980967809007148528e-01 -5.746972506451610702e-02 2.236206413827700190e-02
-9.983711819118500364e-01 -5.292818440419144038e-02 2.129802047825648040e-02
-9.987140870593188557e-01 -4.487893033009740518e-02 2.358111989848945753e-02
-9.987634234612533524e-01 -4.370351086605043373e-02 2.369899551495617193e-02
-9.987388601608384597e-01 -4.371468285699699197e-02 2.469273177802769684e-02
-9.987772315310726734e-01 -3.958326898938898525e-02 2.961793371019514134e-02
-9.987732907652524528e-01 -3.817694874254952409e-02 3.153489602896195065e-02
-9.992066010757026939e-01 -3.037566423360960749e-02 2.575853767064142236e-02
-9.993540951599844124e-01 -2.795140562377729579e-02 2.258597420701512898e-02
-9.995047501699220183e-01 -2.665978877122691937e-02 1.671899656158735287e-02
-9.995609154281063224e-01 -2.411744827689334125e-02 1.721452421034481983e-02
-9.996855592451701078e-01 -1.967387706570310202e-02 1.554786062985747536e-02
-9.996748190474975537e-01 -1.730506636090190647e-02 1.872980722081476687e-02
-9.995266907790735234e-01 -1.870287713739609073e-02 2.442563446831525278e-02
-9.995494315394163332e-01 -1.365812273481279218e-02 2.672834647669652258e-02
-9.994350147506059212e-01 -1.406217733590992523e-02 3.052738747680159431e-02
-9.993787971476674192e-01 -1.051182746050984690e-02 3.363831628966092169e-02
-9.993215283188245923e-01 -8.832534050487450550e-04 3.682007784960894536e-02
-9.993395280800565494e-01 9.195628217485851338e-03 3.515626893137948489e-02
-9.992969196338266080e-01 1.902324953034201238e-02 3.230785517579837923e-02
-9.990078783341810320e-01 3.052516908520926803e-02 3.242665884706769086e-02
-9.988030109046757143e-01 3.655272291664058565e-02 3.250321496245212743e-02
-9.983473885773670453e-01 4.632226973296158651e-02 3.401109038528664363e-02
-9.981676748325570836e-01 4.887625944374330428e-02 3.567098858001774286e-02
-9.977894596172737218e-01 5.495403725311639315e-02 3.736660762059243468e-02
-9.976235349432377442e-01 6.058715387315005696e-02 3.280997619473462190e-02
-9.975071274133568977e-01 6.446990512721285926e-02 2.869106599305213529e-02
-9.968834160368945652e-01 7.345110809220108117e-02 2.878202098903830802e-02
-9.965276605799421317e-01 7.840115180244029702e-02 2.803384124400069149e-02
-9.965974462652571475e-01 7.831239081008084524e-02 2.570437140352283684e-02
-9.964096602861748364e-01 8.008772087808486984e-02 2.745470888929446227e-02
-9.964294105619092567e-01 7.988184121118538372e-02 2.733745415008671104e-02
-9.960433918738681447e-01 8.449238232871085497e-02 2.754294878124214155e-02
-9.958019376301485703e-01 8.935144367175382185e-02 1.987047197886295663e-02
-9.953799767112903041e-01 9.329979725418680037e-02 2.266859135235219438e-02
-9.947887940060057277e-01 9.988216125528834310e-02 2.046519984398497208e-02
-9.952150303820375132e-01 9.683919774629022592e-02 1.300878388574738288e-02
-9.954683901382176403e-01 9.472459543784493563e-02 8.363652954522429045e-03
-9.953312895099031277e-01 9.612899031705177122e-02 8.651981407642166111e-03
-9.953099683405501885e-01 9.634649722323160304e-02 8.685322900802755833e-03
-9.956785607023888041e-01 9.262210176859660138e-02 6.735391118534923491e-03
-9.954163619718233713e-01 9.551870310818762200e-02 4.739106750003177493e-03
-9.949508176368903056e-01 1.003304784087196283e-01 2.584769756060650500e-03
-9.947082705052378016e-01 1.025682696062406446e-01 5.934827704139319926e-03
-9.947352533079111270e-01 1.024300250907036886e-01 3.143456310892273498e-03
-9.948581544644771180e-01 1.012747368582634644e-01 8.341129396614217241e-04
-9.949484933239859386e-01 1.003653969557061210e-01 -2.073240964730029869e-03
-9.950881327289357037e-01 9.856118854726771128e-02 -9.236663454221416547e-03
-9.949936603003982638e-01 9.929722148572465990e-02 -1.130015487351342454e-02
-9.952460442901347459e-01 9.666603916682664499e-02 -1.187450788308037908e-02
-9.956481589266005239e-01 9.263403501329792178e-02 -1.018306862555666374e-02
-9.950130502744642946e-01 9.887821353225961785e-02 -1.312037539545759905e-02
-9.949288394243311906e-01 9.895447610925106607e-02 -1.801753994204197476e-02
-9.944992710298801164e-01 1.026375000726743592e-01 -2.089878172640003556e-02
-9.947767157027891383e-01 9.837838745066157520e-02 -2.722121539940759727e-02
-9.954927447663530771e-01 9.077208713511807081e-02 -2.747069548973825326e-02
-9.958625213867442483e-01 8.462316113168794063e-02 -3.311759647525973349e-02
-9.961151518944753036e-01 7.897363142442612172e-02 -3.895877362330901761e-02
-9.964400681096367007e-01 7.291211378121197073e-02 -4.232057061950148663e-02
-9.972598139203738832e-01 6.026009741434804057e-02 -4.291387421971785271e-02
-9.975823359908018162e-01 5.313106824129472383e-02 -4.479496609287935555e-02
-9.977002499875928798e-01 4.929111501725945421e-02 -4.652540901055945977e-02
-9.977772213256052014e-01 4.580321951588435525e-02 -4.840142825693716927e-02
-9.981315353014877934e-01 3.714810293759397697e-02 -4.851260934155822435e-02
-9.984568664907249591e-01 2.448565144011288774e-02 -4.984330806984726275e-02
-9.986475292540636373e-01 1.837383155811134899e-02 -4.863672764469469806e-02
-9.984146681695870162e-01 8.507108545859128068e-03 -5.563988257035444585e-02
-9.982406907700278609e-01 -5.190572314569480775e-03 -5.906436126972851308e-02
-9.981446542553416013e-01 -1.258671423120685806e-02 -5.957215258605844110e-02
-9.980051441586222927e-01 -2.332413258098308545e-02 -5.866629823445396186e-02
-9.978577577703746648e-01 -2.783949008842510203e-02 -5.920198927892872387e-02
-9.976241348715919610e-01 -3.747145240062078886e-02 -5.780997505203841480e-02
-9.968926921619160053e-01 -5.014950266694230552e-02 -6.074541643821133874e-02
-9.964514876354702011e-01 -5.926009686919667119e-02 -5.977199637742773575e-02
-9.957555645025969460e-01 -7.185812428181012623e-02 -5.750898633292216011e-02
-9.953188981907883370e-01 -7.856016029253842792e-02 -5.629040669922368706e-02
-9.942456669811702286e-01 -8.927129511290965436e-02 -5.921323820722620979e-02
-9.930226897896851090e-01 -9.924986967068800958e-02 -6.368217376704737864e-02
-9.923417172403442565e-01 -1.055604744806088319e-01 -6.414764834207488386e-02
-9.913454739790846793e-01 -1.146195885602606934e-01 -6.400405820916159338e-02
-9.906981309424073290e-01 -1.202967017083452494e-01 -6.360766635234212096e-02
-9.891505219296904405e-01 -1.334915237405262800e-01 -6.132924420978296681e-02
-9.875968849987152298e-01 -1.446697185381762840e-01 -6.101707466522229145e-02
-9.866850372096018784e-01 -1.524987444017986138e-01 -5.654014730731371507e-02
-9.854385024626751699e-01 -1.603008334304089066e-01 -5.669760687139709793e-02
-9.846932255488174413e-01 -1.660745945903625564e-01 -5.290083467900154324e-02
-9.825854554288538933e-01 -1.783722670247501474e-01 -5.204973397163754206e-02
-9.828219235414613619e-01 -1.786467345704084164e-01 -4.632956425369658821e-02
-9.823069370902844932e-01 -1.837657347715368761e-01 -3.610060497108925209e-02
-9.810604175457392495e-01 -1.909158923867029234e-01 -3.273525191094095455e-02
-9.802599826826763341e-01 -1.948134064085349781e-01 -3.373604314317932285e-02
-9.789106346696863081e-01 -2.019545198544366593e-01 -3.079543318319087619e-02
-9.770737006130417734e-01 -2.105206384543581721e-01 -3.174999033790798508e-02
-9.766618346154078978e-01 -2.126672128802153394e-01 -3.007216136117307759e-02
-9.756581929680185894e-01 -2.180023003498168521e-01 -2.379296400392026667e-02
-9.741868380928296878e-01 -2.246193176388898705e-01 -2.249853781440338749e-02
-9.735728947129218547e-01 -2.278009331516852032e-01 -1.620404441758687558e-02
-9.727390830315564285e-01 -2.313813829845592918e-01 -1.553542563717305765e-02
-9.714636258344684361e-01 -2.369304185507497551e-01 -1.106425903120492049e-02
-9.714165747575849164e-01 -2.373218137650519033e-01 -5.311532026338307289e-03
-9.716950391461395276e-01 -2.361460538457890168e-01 -6.618876298382482884e-03
-9.719752118849022127e-01 -2.350831264490315653e-01 -3.585923407364100327e-04
-9.722069290995948299e-01 -2.341066385186600929e-01 2.790390663024898670e-03
-9.726110125966771491e-01 -2.324255742988755313e-01 -2.487583330316441108e-03
-9.723533056280785347e-01 -2.335047626294712853e-01 -2.142975771241580236e-03
-9.743036619829024136e-01 -2.252385149100089023e-01 -5.633613557677564707e-05
-9.730079561458638837e-01 -2.307070009751511497e-01 5.460250731718178929e-03
-9.742931758821757882e-01 -2.252474555396885292e-01 4.050740083681727069e-03
-9.752141856467485548e-01 -2.211944514940596407e-01 5.506730894210375496e-03
-9.744098662301842184e-01 -2.246454616860302511e-01 7.736047567873126363e-03
-9.754844651647599507e-01 -2.196511321494130087e-01 1.354458921443887562e-02
-9.765300493401699589e-01 -2.150907428368979690e-01 1.118268912067824951e-02
-9.766409991017096504e-01 -2.146463241897104413e-01 9.966535941096791099e-03
-9.780271146411828598e-01 -2.081357352888777712e-01 1.193718021009615958e-02
-9.787479792195876716e-01 -2.048800196693176534e-01 8.751472665346371471e-03
-9.792545885010502937e-01 -2.023695134757768632e-01 1.034642494024951009e-02
-9.789759075276157629e-01 -2.033938403256015937e-01 1.539921409061907609e-02
-9.793823220432367194e-01 -2.015263824827120964e-01 1.404998280316183991e-02
-9.800960599942223350e-01 -1.977377656339555367e-01 1.764955544801193738e-02
-9.800692044051529939e-01 -1.977084757268823823e-01 1.938377638964157088e-02
-9.800827252139844292e-01 -1.976154890847903745e-01 1.964657211461506500e-02
-9.810160299965409170e-01 -1.927264882706602178e-01 2.154222130917790232e-02
-9.803400868831546600e-01 -1.958249306649505472e-01 2.420595429620142625e-02
-9.823122735580196441e-01 -1.856458743319768789e-01 2.445862269345261755e-02
-9.828567573357297471e-01 -1.830992455580444656e-01 2.161662334608172378e-02
-9.830732684414402733e-01 -1.814712659734205036e-01 2.520210585108783805e-02
-9.833830813973394314e-01 -1.797987490063817084e-01 2.510264356552310491e-02
-9.848358607891767313e-01 -1.714584272702693868e-01 2.646417771215556908e-02
-9.847376191379468846e-01 -1.727280901413078551e-01 2.137395729706700886e-02
-9.859836557330120543e-01 -1.652967784234114779e-01 2.265443545080262841e-02
-9.861820473759522754e-01 -1.631886007551860140e-01 2.853888431535236969e-02
-9.864358742900075638e-01 -1.613314680310947435e-01 3.027278070278647398e-02
-9.868162212394010480e-01 -1.569073837890089251e-01 3.967160960075169496e-02
-9.874793944725870354e-01 -1.524034945257614349e-01 4.071410782129963879e-02
-9.891280266663299292e-01 -1.420793577328748336e-01 3.793706560903856162e-02
-9.891317494497889884e-01 -1.420378473800794905e-01 3.799539603283347278e-02
-9.893185674212354730e-01 -1.407545128151642955e-01 3.790721902812861643e-02
-9.898147489532833632e-01 -1.374622934889234149e-01 3.702564752291892525e-02
-9.900634182542917827e-01 -1.351930542072618813e-01 3.869475296187002700e-02
-9.914206979560549193e-01 -1.245462353451763510e-01 3.966425348173483606e-02
-9.922275960261636163e-01 -1.176380038280187834e-01 4.056742320537681107e-02
-9.928413440727505979e-01 -1.112315781720696617e-01 4.351574148737447079e-02
-9.933604072405750607e-01 -1.078305017064111748e-01 4.009616403163181186e-02
-9.937116144521399574e-01 -1.037766794048445435e-01 4.204338623791324669e-02
-9.945338652171574756e-01 -9.708496930077858966e-02 3.843068805217363104e-02
-9.948670616260359978e-01 -9.137637902116438338e-02 4.347304243415157921e-02
-9.953737695034721167e-01 -8.379468679844533086e-02 4.700561565451378404e-02
-9.961980211996437351e-01 -7.561766680559234288e-02 4.326071565919628603e-02
-9.967317539854504416e-01 -6.668999996655017304e-02 4.558808020846315950e-02
-9.974139941267118337e-01 -5.383740718658341917e-02 4.761172711844216532e-02
-9.975611608963643739e-01 -4.978539084157117267e-02 4.891997377644653061e-02
-9.978431001746685958e-01 -4.017975635266576862e-02 5.191101610105591097e-02
-9.980973819141494285e-01 -3.517676488472378654e-02 5.063823031285455412e-02
-9.982577389373580301e-01 -3.006806532360122713e-02 5.076826807293607219e-02
-9.982996115398591330e-01 -1.593370753374002274e-02 5.607157855782642780e-02
-9.983709561496870721e-01 -5.789663906684758971e-03 5.676207438779835163e-02
-9.983012507976589678e-01 2.879443199233200010e-03 5.819227556772644389e-02
-9.980896067645014247e-01 1.701824867830070351e-02 5.939306016471321281e-02
-9.979685358137203588e-01 2.503376399218618792e-02 5.858439768686359711e-02
-9.974778163221952321e-01 3.422999780367846218e-02 6.217984366386769546e-02
-9.971096178011562561e-01 4.037876988328660544e-02 6.435825424554796059e-02
-9.967124500853239422e-01 5.334988823887576448e-02 6.097623239877011242e-02
-9.966478705454211440e-01 6.076083261900122601e-02 5.478287009334809748e-02
-9.962685755256744935e-01 6.592799893941740652e-02 5.569958639383482818e-02
-9.956892655407985071e-01 7.650449215433537120e-02 5.244014008292836870e-02
-9.951181674530469312e-01 8.069624059131258464e-02 5.681521588590134758e-02
-9.951500003695402663e-01 8.494805694767923465e-02 4.960164677588663196e-02
-9.946029815250719830e-01 8.947075924684227965e-02 5.253485885243652093e-02
-9.941371348521562679e-01 9.746283881754050360e-02 4.682276040276449336e-02
-9.932960062295189685e-01 1.064641711592223816e-01 4.503823816707695077e-02
-9.930073701298147704e-01 1.095550865772525750e-01 4.397799983839523197e-02
-9.912033590650559667e-01 1.247316693594605758e-01 4.424850609879278640e-02
-9.910114400852475525e-01 1.267420667481879704e-01 4.281112911255335884e-02
-9.899584343025751298e-01 1.333699909374840287e-01 4.684829329943197840e-02
-9.888610986365817812e-01 1.435156052859178077e-01 3.945905724301109613e-02
-9.880781340426305626e-01 1.477718829098395581e-01 4.318669152856075000e-02
-9.872662368006286382e-01 1.544075459152731145e-01 3.825841131736618106e-02
-9.862130134861261110e-01 1.622109630022009474e-01 3.273398271487163586e-02
-9.853703253522378969e-01 1.669539616991563835e-01 3.423031901348221745e-02
-9.849208378737344116e-01 1.697943992978971917e-01 3.317865633434739087e-02
-9.838865323229546433e-01 1.752837285179456861e-01 3.525513157582760987e-02
-9.834561961183063694e-01 1.785812207195312251e-01 3.037558491800873561e-02
-9.824837109543862468e-01 1.837520025048893779e-01 3.099963788265700307e-02
-9.827204651353109721e-01 1.831972514959333831e-01 2.644376565496125986e-02
-9.820343504082643671e-01 1.867986524101294676e-01 2.673605011516165531e-02
-9.817345933330354768e-01 1.889156708562715337e-01 2.254053746674678990e-02
-9.814329368925303054e-01 1.905126160365787080e-01 2.223402308354305648e-02
-9.811007810838405785e-01 1.920728067839539976e-01 2.343741715148666555e-02
-9.798173213041753149e-01 1.987351811171794713e-01 2.150262325075283365e-02
-9.785296741489795114e-01 2.055746277310216696e-01 1.479078446129362782e-02
-9.770631838796834945e-01 2.124103981592537771e-01 1.514514900886878776e-02
-9.761448825875466140e-01 2.166586351864878135e-01 1.414998392523897017e-02
-9.761246956738804936e-01 2.170982504519638201e-01 6.996157812229957147e-03
-9.761357488338298083e-01 2.171179001744534820e-01 4.339972030092686256e-03
-9.758310967091355925e-01 2.185187030981269596e-01 1.806973964331002984e-03
-9.752366161236959430e-01 2.211615727609447801e-01 -1.057984689687976529e-03
-9.752659049393350710e-01 2.209999161212153340e-01 -3.933163393501528174e-03
-9.764100663613883846e-01 2.159061284573388639e-01 -2.818510515160125695e-03
-9.762088151162349181e-01 2.167900465229967710e-01 -4.294532448448653422e-03
-9.754815352467635092e-01 2.198101518042002989e-01 -1.092197107053403601e-02
-9.765434397861554316e-01 2.151029139211533270e-01 -9.678042756586194284e-03
-9.763248148467744691e-01 2.158922074003346847e-01 -1.343237053446950588e-02
-9.760782909066441082e-01 2.167169183875467531e-01 -1.746325264098350441e-02
-9.769638363056579733e-01 2.131194774190640351e-01 -1.103488821400243521e-02
-9.776858636967974414e-01 2.091353035140094130e-01 -1.981905963550524216e-02
-9.786155126749030986e-01 2.040708370793823667e-01 -2.582228485690760134e-02
-9.795267952374491216e-01 1.998587945460311155e-01 -2.416067458829423628e-02
-9.800283548310788628e-01 1.972571886676589559e-01 -2.518022637528912269e-02
-9.808427678059655763e-01 1.927903997934350966e-01 -2.791675534557922986e-02
-9.804501030059257216e-01 1.944353008112422454e-01 -3.020807721710173921e-02
-9.813179811093586391e-01 1.898319666863025057e-01 -3.128678625788392648e-02
-9.816323444003360876e-01 1.869467756205900888e-01 -3.806392488884088876e-02
-9.824304799850359649e-01 1.828793262244144402e-01 -3.722261236205114121e-02
-9.828704298657223726e-01 1.791867973627042365e-01 -4.310253540788180904e-02
-9.846881584744444638e-01 1.685604261451102703e-01 -4.445933292961732480e-02
-9.848004024351639796e-01 1.668884575297166217e-01 -4.812929612164589671e-02
-9.867783191733013881e-01 1.553258125505063980e-01 -4.628671237250723408e-02
-9.870526718755751050e-01 1.514273128451432693e-01 -5.288488436919119851e-02
-9.886563985936810406e-01 1.401720752856706331e-01 -5.394751156285433613e-02
-9.895946499114242068e-01 1.320819293036664399e-01 -5.706848511806629498e-02
-9.899616693041114468e-01 1.271079655293731459e-01 -6.180192380556136234e-02
-9.906562558964792098e-01 1.197504411138034242e-01 -6.526893676482811713e-02
-9.915117009304140749e-01 1.113319574812498269e-01 -6.715476114531215845e-02
-9.924524409116710633e-01 1.025266002529326842e-01 -6.727903506871073247e-02
-9.928466631158031630e-01 9.727975204889731387e-02 -6.922552424891638412e-02
-9.933672681834528895e-01 9.057543224577579988e-02 -7.083488871700642509e-02
-9.943916242358533664e-01 7.980568789304676169e-02 -6.940006927485897759e-02
-9.958552558215473249e-01 5.781267142655588387e-02 -7.021413241654703152e-02
-9.968297924041141789e-01 4.556276842462343712e-02 -6.522590452913884507e-02
-9.970640584737208156e-01 3.826321309645611124e-02 -6.632653607346170044e-02
-9.972707729127170406e-01 3.121409022206826991e-02 -6.690818825087166410e-02
-9.974040259359476801e-01 1.837436148422511364e-02 -6.962479288654431497e-02
-9.975736234391624491e-01 3.697596219102835743e-03 -6.952131680944648173e-02
-9.975029781962445607e-01 -1.327558950561626323e-02 -6.936560440138560268e-02
-9.972221793795064126e-01 -2.203139454664035379e-02 -7.115168713920062837e-02
-9.965559514559205745e-01 -3.564701406847728404e-02 -7.487019830433296053e-02
-9.960857426941853721e-01 -4.286790263840441900e-02 -7.730172579003002920e-02
-9.960299036043874787e-01 -5.250568585883521461e-02 -7.188605108342557837e-02
-9.957359805390950669e-01 -6.172301711684675951e-02 -6.855761281543368280e-02
-9.949620453735975589e-01 -7.096276312302048084e-02 -7.081549804639390711e-02
-9.945947132034422822e-01 -7.903719458059704772e-02 -6.733868453532884657e-02
-9.935677922397959660e-01 -8.812057518140162249e-02 -7.111839935053908268e-02
-9.922656975135208945e-01 -1.021868014102710887e-01 -7.047455869970660480e-02
-9.917568680535556735e-01 -1.063757896702890449e-01 -7.143196986288083417e-02
-9.908608220618772000e-01 -1.142519904062329894e-01 -7.170309807614108633e-02
-9.895080889715581751e-01 -1.255601988884411657e-01 -7.147306193196514834e-02
-9.878828741822588411e-01 -1.390495633513834650e-01 -6.893958122547928780e-02
-9.866162170191445924e-01 -1.490544190833162363e-01 -6.611535591687779656e-02
-9.858686683242273707e-01 -1.543424419184031282e-01 -6.512602575873338573e-02
-9.845899684930735640e-01 -1.644632762282276783e-01 -5.945119215209148517e-02
-9.828029289013920922e-01 -1.753936098515179454e-01 -5.775382208980255755e-02
-9.812542479796092509e-01 -1.846005909205725160e-01 -5.534204512633650319e-02
-9.804044340872305474e-01 -1.904371902927025073e-01 -5.040675832519725397e-02
-9.785400069614523799e-01 -2.011997660786313535e-01 -4.447614821940239910e-02
-9.770865948806436441e-01 -2.084593905407057246e-01 -4.297077325589546831e-02
-9.756183611583558735e-01 -2.147168985057625601e-01 -4.544761443105121285e-02
-9.739391338515706043e-01 -2.222514864603122586e-01 -4.524222693931037598e-02
-9.729345867847991602e-01 -2.269733767653053513e-01 -4.337504819010044865e-02
-9.710061384030147513e-01 -2.350232887039196139e-01 -4.371672110940647699e-02
-9.687987865284858335e-01 -2.447613988933068918e-01 -3.899727446808198827e-02
-9.673515703032340429e-01 -2.502600475519196066e-01 -4.001083153915891560e-02
-9.663748809198166034e-01 -2.548700341869158947e-01 -3.407159779030219382e-02
-9.647776550025358722e-01 -2.603626583095555724e-01 -3.762155231193124727e-02
-9.627378904498457013e-01 -2.676670228980124189e-01 -3.860230404673056087e-02
-9.614620590458847760e-01 -2.724581508475421021e-01 -3.684133220674932346e-02
-9.596917412155421268e-01 -2.781054453351079481e-01 -4.060962886312609321e-02
-9.574924904099506584e-01 -2.863678866587281435e-01 -3.466385427864097923e-02
-9.562629183457126425e-01 -2.904947256895415997e-01 -3.426461486397665984e-02
-9.542498215840081732e-01 -2.972478864048636038e-01 -3.241898379753119230e-02
-9.525298393653545137e-01 -3.033907924648578947e-01 -2.531700022749471674e-02
-9.511202673051876166e-01 -3.085419506812393520e-01 -1.311944599509002815e-02
-9.503517489775087368e-01 -3.109189820467299636e-01 -1.268691794011625809e-02
-9.490722524232645396e-01 -3.149330745736957371e-01 -8.890230664728855994e-03
-9.504346850156429882e-01 -3.109157234521966462e-01 -2.310970262255383940e-03
-9.501803932831417443e-01 -3.116995634335643084e-01 7.877437739336238219e-04
-9.489521349760933200e-01 -3.153870407375236606e-01 4.569265624939769510e-03
-9.492327577386813209e-01 -3.144818377376603635e-01 7.639601496106722747e-03
-9.504926554944292949e-01 -3.106953909438234795e-01 5.666041482137680607e-03
-9.498340243860187160e-01 -3.126831713996154893e-01 6.676717584484778700e-03
-9.493310887015100619e-01 -3.142646831238586347e-01 2.865507597392302937e-03
-9.502118876691693083e-01 -3.115797384037597983e-01 -3.931057527948728092e-03
-9.506764476744823389e-01 -3.101688655459518551e-01 3.095942093711618291e-03
-9.504647500083888145e-01 -3.107899491002776848e-01 5.136604401930617604e-03
-9.499965070126775712e-01 -3.121301862138395888e-01 9.022287243834159823e-03
-9.505896753039078106e-01 -3.102129346256133346e-01 1.213353235303535685e-02
-9.512706369108050453e-01 -3.079894298464911362e-01 1.505671640455236680e-02
-9.517475675836942761e-01 -3.064439338388676992e-01 1.639211012523768274e-02
-9.530899146880430495e-01 -3.021082374140386939e-01 1.871485292529489336e-02
-9.542802454278139779e-01 -2.982951188758203864e-01 1.921597142527465760e-02
-9.545404235260076531e-01 -2.974819174430536894e-01 1.889727400056429030e-02
-9.554238716710790058e-01 -2.941272330424932191e-01 2.558153109086789070e-02
-9.557463393959415576e-01 -2.929552483703866672e-01 2.694764743478329089e-02
-9.568887684003607452e-01 -2.887416898303158397e-01 3.149825522321562932e-02
-9.574360295680156563e-01 -2.867504431534566578e-01 3.302198159049010706e-02
-9.594720033718759922e-01 -2.791976863761203576e-01 3.823801192489739709e-02
-9.611175546328123431e-01 -2.737351883422514676e-01 3.636085326702005738e-02
-9.623125834103599674e-01 -2.695764082977952225e-01 3.581997633212605225e-02
-9.628289070689843854e-01 -2.680757100277948446e-01 3.310480574474022192e-02
-9.648379141399795467e-01 -2.601428044101620762e-01 3.759706972789208373e-02
-9.659737695422377923e-01 -2.558470420921204469e-01 3.790760503924468783e-02
-9.676957155231221686e-01 -2.497652944042955403e-01 3.438486114188835790e-02
-9.699419975058568566e-01 -2.410260754275523887e-01 3.345102654858546354e-02
-9.701570268337376124e-01 -2.397453361611683875e-01 3.629787654639086980e-02
-9.717893891929793027e-01 -2.333980548668357635e-01 3.392270330012014945e-02
-9.734063644699311180e-01 -2.254597852173385042e-01 4.059500040106957947e-02
-9.738972088760617929e-01 -2.225548605931002288e-01 4.464952236786190465e-02
-9.750979065639451271e-01 -2.164374703768966179e-01 4.836231498934936285e-02
-9.765927799228524275e-01 -2.084497526568995784e-01 5.305904795186575096e-02
-9.777943849107795238e-01 -2.024953997051184840e-01 5.397938200532511471e-02
-9.800092552058994322e-01 -1.909215803499577646e-01 5.595381872498036285e-02
-9.814337846251622866e-01 -1.823975479722826087e-01 5.932015642074720679e-02
-9.832025507022642552e-01 -1.712057986474314897e-01 6.325613918178098205e-02
-9.847153929279492957e-01 -1.585399018975885699e-01 7.211598917722403246e-02
-9.858321868843125113e-01 -1.523827003430329730e-01 7.010301975065115487e-02
-9.868893742138651337e-01 -1.456331432279363014e-01 6.957278265737933121e-02
-9.885477983318392559e-01 -1.316581703198888287e-01 7.375227920684156169e-02
-9.892405251129289256e-01 -1.227836136784875715e-01 7.954489242109316627e-02
-9.905865100931873224e-01 -1.111170879589888222e-01 7.994611322421903143e-02
-9.917045596163748256e-01 -1.009114260427560056e-01 7.961766603163458744e-02
-9.923273422953021727e-01 -9.598369906915985017e-02 7.793328836118221248e-02
-9.932599410310860577e-01 -8.642129292187115952e-02 7.724035112676100323e-02
-9.943227970566818064e-01 -7.458012271919610414e-02 7.589468103702502744e-02
-9.947498959331250168e-01 -7.114587787571605149e-02 7.355902808648046021e-02
-9.950729254687452618e-01 -5.772747152656136638e-02 8.060666464546809018e-02
-9.952997200315594206e-01 -4.913631952056714269e-02 8.345125482709242482e-02
-9.961255592400998227e-01 -3.392071410886246530e-02 8.113739883794927887e-02
-9.964759058170276074e-01 -2.044191331254036070e-02 8.135059582303108550e-02
-9.965589983530964702e-01 -2.667742171554583763e-03 8.284363781694535633e-02
-9.966390051191121868e-01 9.400623313411746521e-03 8.137778513662147217e-02
-9.963173340039063186e-01 1.856246517578692690e-02 8.370918189724843583e-02
-9.957917721013930246e-01 3.421339273865025427e-02 8.501889608124459097e-02
-9.954835258713331525e-01 4.820474398334619742e-02 8.178553852354451814e-02
-9.950267649937348802e-01 5.802796911265127588e-02 8.095995089599751504e-02
-9.945739062336682590e-01 6.720188030868233520e-02 7.941457156093012504e-02
-9.938603783502117928e-01 7.920183841469989605e-02 7.725696592619057945e-02
-9.929321301034542691e-01 9.032365575407494407e-02 7.698989448339814412e-02
-9.917156160154123601e-01 1.048846916100351218e-01 7.415766926106531765e-02
-9.913326471584394950e-01 1.090995250083190288e-01 7.319083140728477321e-02
-9.893890733821516514e-01 1.234627142210951434e-01 7.659139262691960770e-02
-9.882714744011046326e-01 1.317168751970381468e-01 7.726693640406237518e-02
-9.862980777839945867e-01 1.462660075582100927e-01 7.630451150264146165e-02
-9.852661264443629552e-01 1.520956025560041003e-01 7.821514891205447184e-02
-9.835679533598198354e-01 1.623653258064050031e-01 7.894050864788179633e-02
-9.817065561294525677e-01 1.751860680368170220e-01 7.457949435359355339e-02
-9.794756309716280418e-01 1.877505926909677214e-01 7.332956389610335857e-02
-9.782688875385642246e-01 1.940779823148932048e-01 7.296397809391774736e-02
-9.765973975347650438e-01 2.013882447956749644e-01 7.550046126379192368e-02
-9.744340530522297428e-01 2.132381249918525734e-01 7.076580862490300383e-02
-9.736408946568620992e-01 2.157980860748439922e-01 7.385537016960760925e-02
-9.699105684494975232e-01 2.314612766503738039e-01 7.549296778373761063e-02
-9.665135358839194168e-01 2.462169620237957268e-01 7.231053770521878032e-02
-9.626107784855351124e-01 2.594173768465091179e-01 7.799445945674704506e-02
-9.599574181415739815e-01 2.699097415308721049e-01 7.503671499246640508e-02
-9.556955860645138801e-01 2.856729426494550861e-01 7.097138710434078290e-02
-9.534311600263190023e-01 2.937604474773631291e-01 6.836551561885857720e-02
-9.520800383387790777e-01 2.977196684824731099e-01 7.004727562625193138e-02
-9.487231611221097483e-01 3.089239485033611343e-01 6.701028677144875434e-02
-9.442793489262166773e-01 3.222056590093951289e-01 6.723128333004499413e-02
-9.407160398329441620e-01 3.331098496045594159e-01 6.396234219724176995e-02
-9.388876496207482214e-01 3.382854829495413052e-01 6.366265876081683706e-02
-9.351435100942894207e-01 3.493315129921516493e-01 5.894175025909560023e-02
-9.339965716377753857e-01 3.528128773275713836e-01 5.633380951688053695e-02
-9.301751184233991721e-01 3.627600619667569193e-01 5.638622919489197360e-02
-9.259903251796122170e-01 3.736607244347264212e-01 5.403333053629200827e-02
-9.235907329354103856e-01 3.796211653663741359e-01 5.355323470540764713e-02
-9.198636217562771167e-01 3.886805615170947914e-01 5.271013707371713375e-02
-9.169257246356178337e-01 3.962791447203309891e-01 4.701143518357702583e-02
-9.137213208792295260e-01 4.039113748068397514e-01 4.437306658266688963e-02
-9.110251846487148475e-01 4.105185180338182804e-01 3.882884023833752668e-02
-9.099819251840640666e-01 4.137184761660840926e-01 2.774775316542044817e-02
-9.066978261116853677e-01 4.209913415575693985e-01 2.579461042539861818e-02
-9.052539560009125186e-01 4.240973276934774661e-01 2.562715856309428358e-02
-9.021813506061793220e-01 4.307695481191871623e-01 2.250392304853938638e-02
-9.002906310575848892e-01 4.348923168981966847e-01 1.858687224932203952e-02
-8.970960038291604377e-01 4.413109909160070066e-01 2.152646702670109324e-02
-8.982291212621105192e-01 4.390924809461071998e-01 1.955143192100552638e-02
-9.000054064766618289e-01 4.356051056708271085e-01 1.544279511623566047e-02
-9.007420467865401292e-01 4.341397237167173295e-01 1.365595681928460231e-02
-8.985436475969313941e-01 4.387587619933594474e-01 1.049199022689388007e-02
-8.998184500040316003e-01 4.361683110607200708e-01 9.164125491878852281e-03
-8.962398237604236595e-01 4.435401080436994770e-01 5.135235917298695482e-03
-8.946854761932058198e-01 4.466937835544577684e-01 1.606914919184865460e-03
-8.923570537996678986e-01 4.513301539207951740e-01 -2.093129561964472349e-05
-8.940096505835524177e-01 4.480420154822375434e-01 2.262024448726211636e-03
-8.930448463998941211e-01 4.498988997289691816e-01 -7.867797664806067126e-03
-8.935198902888393802e-01 4.489399056722080394e-01 -8.671023837209083235e-03
-8.944377250442342442e-01 4.469304067029413741e-01 -1.530972187183587963e-02
-8.962783906995783756e-01 4.431977976710715361e-01 -1.614863844378089733e-02
-8.999566809158539016e-01 4.355992398167660151e-01 -1.820150966920370400e-02
-9.009738834808722618e-01 4.334275865724372956e-01 -1.966236753840762061e-02
-9.027744002678447233e-01 4.293906271809995734e-01 -2.494176994826816096e-02
-9.052592150685937478e-01 4.239364722265394070e-01 -2.799359638142231294e-02
-9.055346978312447392e-01 4.233149589615581854e-01 -2.848467893364068498e-02
-9.085479371113469593e-01 4.164437806669207820e-01 -3.339526893055375784e-02
-9.112617507268587769e-01 4.102254416983115992e-01 -3.629227649949410411e-02
-9.119810854953140922e-01 4.084092339753406797e-01 -3.863182631325690758e-02
-9.156986930041474126e-01 4.000645558298260296e-01 -3.800362419548045795e-02
-9.181961082458914847e-01 3.941514241179063793e-01 -3.950420698332908487e-02
-9.182781020199708433e-01 3.932751823158593396e-01 -4.582552903238210767e-02
-9.224279873397932539e-01 3.827830446456311764e-01 -5.102714864432650321e-02
-9.257667960403164198e-01 3.744631448692644082e-01 -5.228014422586447357e-02
-9.276816102823074450e-01 3.695103652386761972e-01 -5.356249567924053351e-02
-9.298428042713687836e-01 3.638375700837782056e-01 -5.490540013233831396e-02
-9.316818154323064372e-01 3.592734662986364902e-01 -5.377352690516337685e-02
-9.347903995493277440e-01 3.503365021740045826e-01 -5.857700443245242306e-02
-9.377088028588568269e-01 3.422649840383510944e-01 -5.963977762695861495e-02
-9.404778311140143954e-01 3.340505487993464251e-01 -6.254359671293699408e-02
-9.437658056591330391e-01 3.246854629223689948e-01 -6.233358398420752594e-02
-9.465270952404613025e-01 3.164519221376281277e-01 -6.280653165577136654e-02
-9.495302001171076478e-01 3.061614040161315664e-01 -6.824672326940368905e-02
-9.516020557203043184e-01 2.998261961954390431e-01 -6.751148849068715208e-02
-9.549207141036049062e-01 2.890906370942766812e-01 -6.747632750475675290e-02
-9.578271173618364553e-01 2.782689879322373105e-01 -7.164918276340198622e-02
-9.602143972785438519e-01 2.694930559835772010e-01 -7.322449031008783360e-02
-9.640359696837106362e-01 2.549251825679734185e-01 -7.515199691406167226e-02
-9.667358035364215230e-01 2.423535213885651407e-01 -8.177212155153629203e-02
-9.696707197954331781e-01 2.295202630699471058e-01 -8.401885073549374139e-02
-9.718121920429625415e-01 2.185858704045235412e-01 -8.832499257763248846e-02
-9.738819005523480232e-01 2.071805548024938937e-01 -9.289933042777424876e-02
-9.769043066103961781e-01 1.898422543278892594e-01 -9.807098764954298720e-02
-9.790194207099268686e-01 1.764486429365414444e-01 -1.019160188721513760e-01
-9.810805504034578739e-01 1.644010654626687773e-01 -1.022412242777022140e-01
-9.831899041325981026e-01 1.501232012899109680e-01 -1.039262324973849044e-01
-9.854989393376233364e-01 1.328153818104568784e-01 -1.056027464944343380e-01
-9.869478268199018967e-01 1.198005511776336629e-01 -1.076189582665070116e-01
-9.889659035904320161e-01 1.013130457837931736e-01 -1.080839185212686682e-01
-9.894299784648816765e-01 8.833807430662460325e-02 -1.149988186748287511e-01
-9.903225051741406659e-01 7.409261087282503766e-02 -1.173526606807522160e-01
-9.912706141887722699e-01 5.644319401216194021e-02 -1.191501648849159767e-01
-9.914555541385449144e-01 3.935108747321949818e-02 -1.243680170347361003e-01
-9.919532872441048088e-01 2.392199638704013351e-02 -1.243239381227412566e-01
-9.917667883925381789e-01 9.772752761870614341e-03 -1.276838222254522148e-01
-9.917004585279817208e-01 -9.160586371780528314e-03 -1.282431754163299020e-01
-9.917891735145476506e-01 -1.953584363507652674e-02 -1.263828068537849458e-01
-9.917255914566360797e-01 -3.493631665474968007e-02 -1.235306948708226188e-01
-9.913536852587454540e-01 -4.834412896326954756e-02 -1.219866522490804656e-01
-9.901262180163806770e-01 -6.644082362714849588e-02 -1.234330458277476394e-01
-9.890041358861993981e-01 -7.947387760095298015e-02 -1.247186812414362023e-01
-9.874376088089721337e-01 -9.777731379611323548e-02 -1.241232975110960340e-01
-9.855919228531339060e-01 -1.152932955431122397e-01 -1.237580097092011583e-01
-9.830715752692972265e-01 -1.370588724025701144e-01 -1.215942864132003448e-01
-9.809870488120817633e-01 -1.510999759587959290e-01 -1.217917667165685502e-01
-9.785188304535019643e-01 -1.705227400493637413e-01 -1.158573262092763290e-01
-9.761251211136802164e-01 -1.860777060651080117e-01 -1.120484767768284984e-01
-9.731650457773576290e-01 -2.038134388858357238e-01 -1.068171383895433896e-01
-9.700894440826137721e-01 -2.218349104441990072e-01 -9.856858624886372100e-02
-9.663220049269404255e-01 -2.371434391907798200e-01 -9.992394775312651856e-02
-9.644888563718090335e-01 -2.445057801464269598e-01 -9.989090399201577819e-02
-9.624194849523074469e-01 -2.521459663401673379e-01 -1.008522185309528446e-01
-9.591188298431138071e-01 -2.642407461621000819e-01 -1.013307536723687674e-01
-9.542451291924197720e-01 -2.827799067666980637e-01 -9.722026839197528414e-02
-9.504304568586595670e-01 -2.954234649804917678e-01 -9.698941095800363288e-02
-9.458659663333740530e-01 -3.103176529685385265e-01 -9.508181064549775519e-02
-9.418601261385253220e-01 -3.235512784829892574e-01 -9.063164844454817126e-02
-9.369598297060185432e-01 -3.372435673276067969e-01 -9.150451681720102315e-02
-9.325590363076247113e-01 -3.511999794057372171e-01 -8.361961861063096912e-02
-9.288866101117990715e-01 -3.622116108483404151e-01 -7.728154211990377609e-02
-9.259203629954312342e-01 -3.700470798508057046e-01 -7.574075683376770007e-02
-9.183917665593342994e-01 -3.888471963651421448e-01 -7.317405958991268777e-02
-9.135901437394644553e-01 -4.005947353511131737e-01 -6.983501092618098205e-02
-9.105508154984084390e-01 -4.084029741343824238e-01 -6.406437699336044178e-02
-9.083375510746556358e-01 -4.140480454439504077e-01 -5.905192979464650438e-02
-9.064900367063477571e-01 -4.182248196277088548e-01 -5.799857409534554115e-02
-9.043339981993745447e-01 -4.235261112647847881e-01 -5.296861043058113949e-02
-9.019141977014655254e-01 -4.290795451715380127e-01 -4.941198952196677180e-02
-8.987860855895335455e-01 -4.359743162658246129e-01 -4.593461216243388545e-02
-8.943826695384706760e-01 -4.455222738452068176e-01 -3.986934219748254626e-02
-8.922849358399128628e-01 -4.498323670233421723e-01 -3.845068714024801881e-02
-8.883952836977692114e-01 -4.574746532852627112e-01 -3.835077568032548012e-02
-8.859717258439929743e-01 -4.620259146338426270e-01 -3.982682172017140698e-02
-8.846394426821706514e-01 -4.649297647671414846e-01 -3.540325903941182739e-02
-8.807718119807818047e-01 -4.722065976939339715e-01 -3.552414366309499666e-02
-8.793678538882102602e-01 -4.751197382267932090e-01 -3.119987799832595748e-02
-8.747417440377558417e-01 -4.839207631751902827e-01 -2.544791488489219627e-02
-8.714947424326213721e-01 -4.897690540892939426e-01 -2.496412883217761711e-02
-8.723412597283284331e-01 -4.883713430917926979e-01 -2.267549354838248668e-02
-8.735273549500278678e-01 -4.863208747730394799e-01 -2.102348942932422832e-02
-8.737666904724615824e-01 -4.856892623456450786e-01 -2.525334109438086630e-02
-8.712901483677452097e-01 -4.902694356975123013e-01 -2.212188849805705668e-02
-8.697882662554654587e-01 -4.929951888624642953e-01 -2.059455746631557588e-02
-8.684746006959074283e-01 -4.954058498766120144e-01 -1.802586949810815534e-02
-8.647828472008879386e-01 -5.017829555920262363e-01 -1.909221844785771380e-02
-8.645825184913260575e-01 -5.021732810282001358e-01 -1.786294160801043390e-02
-8.638580235233374038e-01 -5.034391861977032256e-01 -1.727197545106407342e-02
-8.640326435006966399e-01 -5.032342337810107313e-01 -1.424489631113645682e-02
-8.633131693127297224e-01 -5.045680580767160084e-01 -1.007306201341273688e-02
-8.627616577439880530e-01 -5.055615955759970026e-01 -7.057982398221695174e-03
-8.652842213419702500e-01 -5.012752073398556441e-01 -2.530396268768861194e-03
-8.659150746015800149e-01 -5.001909894799688727e-01 -2.787957625901634102e-04
-8.642334790841286196e-01 -5.030591275718506727e-01 5.659316920556475838e-03
-8.614639933914787218e-01 -5.076903543246598094e-01 1.141544474657482829e-02
-8.604803922441744968e-01 -5.092139856023211175e-01 1.657201313767410478e-02
-8.623322356592132421e-01 -5.060641718262335331e-01 1.679849799630274768e-02
-8.638982101778782674e-01 -5.032293353509754708e-01 2.097948416972869601e-02
-8.667019124958132981e-01 -4.986222447185150175e-01 1.427137366289828527e-02
-8.670601895577618734e-01 -4.976531267338498155e-01 2.340968651678283774e-02
-8.700522349232191477e-01 -4.918084949653521720e-01 3.366798829009930855e-02
-8.715962997748618601e-01 -4.889181509065150810e-01 3.576244634843720599e-02
-8.745858471936867051e-01 -4.836175428430520840e-01 3.483803589772779818e-02
-8.740970865955348668e-01 -4.844638510515376084e-01 3.534233770160865457e-02
-8.758421942829491824e-01 -4.810699210862140474e-01 3.836929027225656486e-02
-8.779175297772131570e-01 -4.769922877907294412e-01 4.170358548617829342e-02
-8.785313596764597888e-01 -4.750046876899106096e-01 5.052937417467882192e-02
-8.828178940949278353e-01 -4.671156766353356526e-01 4.935110287610233043e-02
-8.853834244019799238e-01 -4.622963839779102857e-01 4.876746849883715346e-02
-8.891818434373726099e-01 -4.545223988465068032e-01 5.258383048873876281e-02
-8.947575159069799389e-01 -4.432199893894961940e-01 5.445227009751325148e-02
-8.978432354638070656e-01 -4.371037726454147787e-01 5.308330635046032420e-02
-9.016603156896597637e-01 -4.285429555252114886e-01 5.796233120673283112e-02
-9.064628892715502761e-01 -4.175805668728034825e-01 6.286113531014746181e-02
-9.105842534859672766e-01 -4.082925054683740895e-01 6.429283839018000435e-02
-9.154160354766949226e-01 -3.971493239133310205e-01 6.546692556689819031e-02
-9.210571165035527086e-01 -3.833967864640993040e-01 6.826942340791646024e-02
-9.229051366341267659e-01 -3.778637845442087140e-01 7.392625672387191649e-02
-9.256189192168121638e-01 -3.705089823505049451e-01 7.715395540333273849e-02
-9.302769893422475622e-01 -3.578563198606261597e-01 8.076880723967559683e-02
-9.338593393787197883e-01 -3.483506896601402114e-01 8.098490016661344382e-02
-9.373306663674698669e-01 -3.381700210283924424e-01 8.397786472507459687e-02
-9.420689235868464628e-01 -3.245668346809514881e-01 8.463176758697003865e-02
-9.465917631129249221e-01 -3.114103826787006923e-01 8.359204815063285554e-02
-9.490318542868840801e-01 -3.034152305057786769e-01 8.530979128696834779e-02
-9.522230424295264894e-01 -2.919609342686517173e-01 8.961090164222924870e-02
-9.570293893692555232e-01 -2.751958572070394848e-01 9.144403511783043281e-02
-9.618780565151426876e-01 -2.576405569172235399e-01 9.171679975546273567e-02
-9.643809396433766779e-01 -2.479512841294496395e-01 9.213895759715542977e-02
-9.685843878268797225e-01 -2.309381637309202984e-01 9.225980580937663544e-02
-9.705911303539895840e-01 -2.207054284667305244e-01 9.613529686549347752e-02
-9.725061087679137684e-01 -2.126206899381498927e-01 9.499649679983213080e-02
-9.751590164646605219e-01 -1.986393254661941998e-01 9.801701368090449951e-02
-9.776857117325356006e-01 -1.833392155287683345e-01 1.025544039966916759e-01
-9.807977134270282615e-01 -1.637624339441832721e-01 1.059138129655316091e-01
-9.832535499995921358e-01 -1.493571252981123199e-01 1.044266760559086765e-01
-9.842925382877485418e-01 -1.382252001541620645e-01 1.098272216772827187e-01
-9.868202110485797540e-01 -1.196954895044365225e-01 1.088985137953420862e-01
-9.880993592593352304e-01 -1.043216792248515545e-01 1.130339297092373824e-01
-9.892704587807573668e-01 -8.871049529528957089e-02 1.160794269402071754e-01
-9.906985534393416559e-01 -7.229998841554985400e-02 1.152784185084112373e-01
-9.917344777662380206e-01 -5.612152499725300836e-02 1.153825200728043482e-01
-9.925116655189982762e-01 -4.122698129796286554e-02 1.149824146470313363e-01
-9.938896110876700440e-01 -2.541752459622970833e-02 1.074123617351111781e-01
-9.934177174559876144e-01 -6.607415072554138208e-03 1.143573639563203459e-01
-9.937095811431893022e-01 7.424837870590854719e-03 1.117415141454583122e-01
-9.933333945584995606e-01 2.192091817254603059e-02 1.131736126768936868e-01
-9.934626557042066652e-01 3.238656423377851007e-02 1.094672915106624095e-01
-9.927280581198166809e-01 5.432766896290178865e-02 1.074222156835897418e-01
-9.920735142381124083e-01 6.659481742779672919e-02 1.065612404299111776e-01
-9.907447800871186372e-01 8.564386506552872091e-02 1.053087569838706133e-01
-9.893364431853273189e-01 9.891531066228459457e-02 1.069073847831491508e-01
-9.877450726165699635e-01 1.119037662611609141e-01 1.087991005297869324e-01
-9.853183510895716646e-01 1.281532091151355579e-01 1.128030492628217391e-01
-9.829296505503771764e-01 1.451029564402898375e-01 1.131125991115705387e-01
-9.799925529743485075e-01 1.668149775270567903e-01 1.085697238687951260e-01
-9.770970905516587202e-01 1.840803113756065423e-01 1.067508310563946294e-01
-9.721145054722353240e-01 2.086543780165673601e-01 1.070362749542233538e-01
-9.683527897968808862e-01 2.255064568933229374e-01 1.069567097371359743e-01
-9.641900366447504478e-01 2.451252796831536185e-01 1.012481868728556111e-01
-9.599593628651269528e-01 2.629525008863332625e-01 9.661277479852083128e-02
-9.549064971621316067e-01 2.802037512048193846e-01 9.818077114000064998e-02
-9.491000030381352426e-01 2.974538651800834876e-01 1.035876788367639800e-01
-9.467645458374830403e-01 3.057771179509246040e-01 1.006840296165879001e-01
-9.438378247391063791e-01 3.149418616347290922e-01 9.990900498558645537e-02
-9.395843727811609147e-01 3.277052106734385517e-01 9.894708769457771780e-02
-9.353261680433863079e-01 3.390324475015590866e-01 1.011038268283753483e-01
-9.308435907048703273e-01 3.509482305953765535e-01 1.018114632554560361e-01
-9.241397944536796638e-01 3.689497020008319361e-01 9.920575682401336359e-02
-9.203926738791456952e-01 3.798216683760187729e-01 9.280544287947946336e-02
-9.148801018226582205e-01 3.936967962588477365e-01 8.942737665240621525e-02
-9.099189349745543387e-01 4.052218286246616064e-01 8.855972632916241094e-02
-9.058517997069773786e-01 4.155152638788538466e-01 8.233836229214000491e-02
-9.000485335768467765e-01 4.283621105908641535e-01 8.011593321979540439e-02
-8.956024021457843487e-01 4.382891440613730927e-01 7.615107798523119975e-02
-8.917907493487430282e-01 4.471838065554895048e-01 6.881805881488108068e-02
-8.858340620915909902e-01 4.594929625020881536e-01 6.453103421511499627e-02
-8.816573744336367868e-01 4.678764200868644751e-01 6.141622006567802605e-02
-8.785737171092503628e-01 4.737779808408053572e-01 6.035454313291716694e-02
-8.760439486106870177e-01 4.793076525444667779e-01 5.302071951979586001e-02
-8.723625092862598018e-01 4.865384803465860331e-01 4.758131651153399422e-02
-8.686293515580780777e-01 4.935822842010025857e-01 4.312308182571336634e-02
-8.653033931142021240e-01 4.987540732956864953e-01 4.994430997219014012e-02
-8.622440498832028011e-01 5.046035868676075342e-01 4.370858355549595009e-02
-8.594167368259738593e-01 5.097649176342068378e-01 3.927623747828260653e-02
-8.557217224945404821e-01 5.161931482611246125e-01 3.584673995194087581e-02
-8.529237616189188076e-01 5.210501338803830151e-01 3.205988629716368526e-02
-8.492269874382669670e-01 5.270464053729420062e-01 3.218123451066846885e-02
-8.449184735192967199e-01 5.335971521241062998e-01 3.724075425067580741e-02
-8.411791155096985939e-01 5.397031613305139919e-01 3.373743619223833895e-02
-8.385034247462210821e-01 5.437742054746167453e-01 3.495198835870610976e-02
-8.358309948346437368e-01 5.480747837602887307e-01 3.163227577727742434e-02
-8.334862573726643520e-01 5.516488176780616204e-01 3.137295187677862501e-02
-8.314815344749322268e-01 5.547090688326231644e-01 3.059947972540021446e-02
-8.301519991690562428e-01 5.567303749509112665e-01 2.998281602718833386e-02
-8.290995776585537991e-01 5.584099301890220746e-01 2.778959445597550121e-02
-8.266990433022516349e-01 5.620900102937788079e-01 2.497065312532698728e-02
-8.218117177730518419e-01 5.693920254626897437e-01 2.045099188591726833e-02
-8.190333813434496069e-01 5.734546129142967796e-01 1.827972722148397261e-02
-8.145295132524166259e-01 5.799849023464190845e-01 1.261769196086381765e-02
-8.142976000313486562e-01 5.803726785736816884e-01 9.327036705614195899e-03
-8.157697880568163251e-01 5.783256710352099317e-01 7.687144252930596527e-03
-8.188290210698123683e-01 5.740205550688443070e-01 4.411089393719563011e-03
-8.181784521384696252e-01 5.749332192110101492e-01 5.986234791519569505e-03
-8.203511513451798853e-01 5.718384436168341134e-01 4.980360154525563000e-03
-8.208779639634111724e-01 5.710668800038103399e-01 6.481353818139255589e-03
-8.162731354410495133e-01 5.776449796328452235e-01 4.946406511623395973e-03
-8.193793436105455408e-01 5.732480529504111466e-01 -2.045024899670505950e-03
-8.207001525556650856e-01 5.712990878093349156e-01 -8.284507773487138904e-03
-8.223221470677976042e-01 5.689858574592270291e-01 -6.434411966139348335e-03
-8.213959815815435883e-01 5.701976279590813546e-01 -1.353985711505816675e-02
-8.205605180956470068e-01 5.713368525406878895e-01 -1.595801663302109583e-02
-8.225253669767200737e-01 5.684444677642701560e-01 -1.797022443226747174e-02
-8.236199905702438206e-01 5.669002997183999470e-01 -1.655845793748181652e-02
-8.243129558339351570e-01 5.660243793922086208e-01 -1.116127327669276872e-02
-8.259939341567388293e-01 5.636115287419963815e-01 -8.722766546103655205e-03
-8.248980145196339597e-01 5.651244552439659286e-01 -1.332805311707901605e-02
-8.234110187907023315e-01 5.670929191127831448e-01 -1.999841389365267924e-02
-8.263871584738536891e-01 5.628818735671448081e-01 -1.575696966709821956e-02
-8.282739052482157582e-01 5.598549479620150704e-01 -2.290844042687462806e-02
-8.331110501439616955e-01 5.525491469065504369e-01 -2.480806302957134710e-02
-8.354349476141774700e-01 5.487415716938119914e-01 -3.051487618177235045e-02
-8.361844138393281778e-01 5.472935994660369508e-01 -3.557195481117446378e-02
-8.387377614531709158e-01 5.430549682546411683e-01 -4.012843072157537549e-02
-8.412418762467140931e-01 5.390831233756296914e-01 -4.124940878038119846e-02
-8.427903062679689139e-01 5.361528149125310838e-01 -4.737806215770831719e-02
-8.427681160869592292e-01 5.358898601385729821e-01 -5.063578155901560934e-02
-8.456494359784361148e-01 5.312197212480064268e-01 -5.179441344303119255e-02
-8.486430505379817246e-01 5.255289607603089719e-01 -6.020221440575407312e-02
-8.531715490674695035e-01 5.173968515902953591e-01 -6.632366289383939684e-02
-8.566931872924390401e-01 5.114367514929566427e-01 -6.715098288838738938e-02
-8.593284721313312335e-01 5.064941939832851014e-01 -7.083947340413250526e-02
-8.636041343319492691e-01 4.987798868267123709e-01 -7.352922078011765727e-02
-8.689829433789895141e-01 4.889427895968365689e-01 -7.618146291854510643e-02
-8.742038171900460286e-01 4.789476110030581046e-01 -7.985546162577766838e-02
-8.798308023042635817e-01 4.669979465617577485e-01 -8.837816845935167476e-02
-8.873492083097910266e-01 4.520590342940438155e-01 -9.085172259251556026e-02
-8.942212368200301853e-01 4.377186841654318594e-01 -9.365231865484947849e-02
-8.996624254061164061e-01 4.256525057382514188e-01 -9.709525567175512906e-02
-9.052203302943769847e-01 4.137348297008351938e-01 -9.695188653545783186e-02
-9.111668151864298348e-01 4.007496438006621364e-01 -9.578508163785272311e-02
-9.173870835532089707e-01 3.876034423452924815e-01 -9.035781005008575173e-02
-9.213703275179997432e-01 3.777905556708752721e-01 -9.138401986745715855e-02
-9.277198857038884139e-01 3.592503368342809811e-01 -1.013658461540925954e-01
-9.336303872324782649e-01 3.439832677344167311e-01 -1.000491733344847922e-01
-9.395093429170755517e-01 3.277386650933241108e-01 -9.954691088190699422e-02
-9.463233782214962586e-01 3.067399748795537340e-01 -1.018954245194602232e-01
-9.490294319556374925e-01 2.973120518081054930e-01 -1.046360708023801184e-01
-9.530000633330262261e-01 2.838503916728670751e-01 -1.059238442763487387e-01
-9.580860475492651851e-01 2.683467466818897917e-01 -1.003054075421823954e-01
-9.600639673057829171e-01 2.593785752733666627e-01 -1.048806917631430052e-01
-9.645065546956110847e-01 2.412805090186131984e-01 -1.072886217319959090e-01
-9.694434376508473949e-01 2.213616180002599965e-01 -1.057283384387521924e-01
-9.723090811760641827e-01 2.068871758032658492e-01 -1.086865846287163595e-01
-9.752766116184812262e-01 1.898016104953757222e-01 -1.131852738889393417e-01
-9.781617189543774238e-01 1.755501768775571958e-01 -1.112735972188250849e-01
-9.813687685150411788e-01 1.577606717764589994e-01 -1.096673924089585084e-01
-9.836349368780520352e-01 1.403117474650008578e-01 -1.130263297134552342e-01
-9.854328922533944768e-01 1.275996460133549393e-01 -1.124294085864124826e-01
-9.876304901488032195e-01 1.104866518798233999e-01 -1.112597918472415098e-01
-9.893681239597719168e-01 9.891315820153465110e-02 -1.066157988753774488e-01
-9.912571609306849441e-01 8.202059304437998855e-02 -1.033532229234384175e-01
-9.922686022385598381e-01 6.588804101954003067e-02 -1.051751527395169972e-01
-9.932683775785476898e-01 4.976708929534727488e-02 -1.046001556940254484e-01
-9.941263482030772147e-01 3.629255778997352022e-02 -1.019592042559117617e-01
-9.951336126241663305e-01 2.100862404261496369e-02 -9.626918194811932838e-02
-9.948622039768064695e-01 7.144901652677223408e-03 -1.009859928027398712e-01
-9.948987407076883560e-01 -7.175514064863337815e-03 -1.006232228996966210e-01
-9.946181159333488120e-01 -2.721287586058583619e-02 -9.997143599576034656e-02
-9.942569046687862455e-01 -4.543265767528026355e-02 -9.689739821260816288e-02
-9.931843082267370892e-01 -5.963754450844821475e-02 -1.001414914273580925e-01
-9.928200955082651102e-01 -6.877534160100411131e-02 -9.786845951382878994e-02
-9.913825133198588269e-01 -8.547565919466447448e-02 -9.927058574495049859e-02
-9.900866614622969575e-01 -9.997044553346870477e-02 -9.866274890459092450e-02
-9.888527172183161351e-01 -1.111469210559711818e-01 -9.907921470614976245e-02
-9.878815493216174248e-01 -1.227862003076817532e-01 -9.494007837812000472e-02
-9.864874234352841720e-01 -1.384257623519025704e-01 -8.764072068767694845e-02
-9.849621069472483947e-01 -1.497246031270121902e-01 -8.621029593746842856e-02
-9.828576376093240974e-01 -1.641819111172780898e-01 -8.387602789747740373e-02
-9.806410042722276676e-01 -1.771434135755135530e-01 -8.344732187889428165e-02
-9.777344017814550980e-01 -1.912684308632248420e-01 -8.632410476452148651e-02
-9.739930466419738364e-01 -2.078703716385228994e-01 -9.015252728894690426e-02
-9.715954931847339271e-01 -2.187375560585883005e-01 -9.031114931581173122e-02
-9.691893246342795365e-01 -2.311826260452980453e-01 -8.500982783661135966e-02
-9.662431760072680564e-01 -2.446467482632834478e-01 -8.075962898729688311e-02
-9.625229385244375990e-01 -2.580440070822302423e-01 -8.344403916874462701e-02
-9.598085161721291447e-01 -2.692934549039674441e-01 -7.904854185498030872e-02
-9.562311325932155714e-01 -2.806466214376750479e-01 -8.282221713500280413e-02
-9.525931541465459951e-01 -2.933763861831643061e-01 -8.060150953748532188e-02
-9.509622157004552490e-01 -2.996029587159411145e-01 -7.686973378674336055e-02
-9.478711548062184189e-01 -3.086426122900789437e-01 -7.924668082534232216e-02
-9.454253347875615221e-01 -3.165724752763570127e-01 -7.715457763299658767e-02
-9.421004144333736674e-01 -3.260240470945213187e-01 -7.845479273536154485e-02
-9.381392968449387970e-01 -3.385385412463817190e-01 -7.270722218816969007e-02
-9.346781033732020072e-01 -3.491655110595860978e-01 -6.678557474349590406e-02
-9.315468166642826287e-01 -3.577604565438495809e-01 -6.502313484854511938e-02
-9.265715043129241213e-01 -3.707967286684950015e-01 -6.304805491420530095e-02
-9.242630307006259871e-01 -3.776072753543689986e-01 -5.613037752552375165e-02
-9.214091272817344080e-01 -3.851417894385511520e-01 -5.168215987398266931e-02
-9.181973321842166191e-01 -3.926453207097489462e-01 -5.237685322665493193e-02
-9.155652980082071846e-01 -3.987226221497703338e-01 -5.254026201760879367e-02
-9.114067235092696562e-01 -4.084294803923823602e-01 -5.023113855314978449e-02
-9.077421237130025577e-01 -4.169783015430269524e-01 -4.618826844890178834e-02
-9.053464435062980042e-01 -4.224241477907904052e-01 -4.365409161213262834e-02
-9.032831190902563812e-01 -4.271501371154354243e-01 -4.027890517262375236e-02
-9.010244308259243162e-01 -4.318783784216084776e-01 -4.044829272085199989e-02
-8.971362248698329100e-01 -4.401458094698278423e-01 -3.766010261743095444e-02
-8.962123729357075463e-01 -4.424664702969161589e-01 -3.204415844240859901e-02
-8.932939726503430489e-01 -4.487845137791707240e-01 -2.486686664692983745e-02
-8.918753494554472194e-01 -4.516692769226569037e-01 -2.352121868976597002e-02
-8.905995238147897952e-01 -4.544244719449709868e-01 -1.819092786734279737e-02
-8.887136839209868189e-01 -4.582063197722171521e-01 -1.532902175853870751e-02
-8.870381472789072852e-01 -4.613845612452253109e-01 -1.695978531936522329e-02
-8.877054756087993104e-01 -4.601389006643253343e-01 -1.584938719891575143e-02
-8.865527353185603809e-01 -4.623448779351513327e-01 -1.617045935124316464e-02
-8.817991535822314875e-01 -4.713925811674268829e-01 -1.480910016559275691e-02
-8.808677577818385673e-01 -4.732296798178072250e-01 -1.121096334182966267e-02
-8.817977870777612415e-01 -4.715577569014658410e-01 -8.122003503006266015e-03
-8.830157847373505398e-01 -4.693320058216098323e-01 -3.258004606241805129e-03
-8.816060445513300703e-01 -4.719783395562282546e-01 2.692884693482085548e-03
-8.823156524720892069e-01 -4.706121151561362681e-01 6.583988100962782225e-03
-8.809610090943719163e-01 -4.731548050486438228e-01 5.679203851035893522e-03
-8.830867133306362637e-01 -4.691539144781190496e-01 7.244565267753704310e-03
-8.856334614988151666e-01 -4.640852248972421323e-01 1.668228072498985359e-02
-8.840654327325707662e-01 -4.670823538021358079e-01 1.619901241597031250e-02
-8.833073742782276971e-01 -4.684438262560894350e-01 1.812420349542967143e-02
-8.839775367249745885e-01 -4.671132455647327708e-01 1.972189035049701916e-02
-8.824264139573150256e-01 -4.698264366925092306e-01 2.422325169122341304e-02
-8.823012302277968288e-01 -4.699731825941309005e-01 2.587990285269919921e-02
-8.847608810536342627e-01 -4.651443430910838783e-01 2.896456615424990166e-02
-8.852008607866357348e-01 -4.642918141104419583e-01 2.919880234194447213e-02
-8.860824087915739611e-01 -4.621725896126229749e-01 3.541870927178229073e-02
-8.875424959128827007e-01 -4.591347981392459032e-01 3.825673631820779991e-02
-8.923842383480528051e-01 -4.489461586486150346e-01 4.580110008859750864e-02
-8.944279324342173654e-01 -4.446976685091228454e-01 4.735694622943750071e-02
-8.961539146062238448e-01 -4.411849398073418582e-01 4.758185875322960834e-02
-8.992633969503801561e-01 -4.345037021927254384e-01 5.031797677447724659e-02
-9.028284308779694900e-01 -4.273623589512539622e-01 4.756323687538976941e-02
-9.050949847715387131e-01 -4.222219904765173726e-01 5.031582574395308122e-02
-9.082987894837514231e-01 -4.147397674162630055e-01 5.462835856777376736e-02
-9.102961841326636661e-01 -4.095571597070795100e-01 6.019811775784958408e-02
-9.140939053569384631e-01 -4.009367960337503201e-01 6.067982436726136047e-02
-9.185010392637383836e-01 -3.904201913795152246e-01 6.267326814597254381e-02
-9.205987565092021985e-01 -3.843655029822974911e-01 6.900081998579321585e-02
-9.264601375596225319e-01 -3.693442584909307214e-01 7.250142048042251819e-02
-9.320749088924967785e-01 -3.536141648878747823e-01 7.869822926740299707e-02
-9.355641506696356080e-01 -3.439766711579236858e-01 7.999871536767541591e-02
-9.415839956718755621e-01 -3.261313637113775754e-01 8.401153320651866263e-02
-9.473604626430267572e-01 -3.085034862285462309e-01 8.563748042033099417e-02
-9.525285033356916120e-01 -2.912380913678826455e-01 8.871217596535245498e-02
-9.560665439584539183e-01 -2.774744842120199784e-01 9.457642630571005959e-02
-9.594613411065159303e-01 -2.642841829415885635e-01 9.791747627172243951e-02
-9.640832620813631904e-01 -2.485242351879058398e-01 9.369735709326772188e-02
-9.665518784189337520e-01 -2.355207895486795266e-01 1.015256169856982305e-01
-9.698801136074580720e-01 -2.202655257235804909e-01 1.039985130024179000e-01
-9.737412912053179381e-01 -2.021214174715693368e-01 1.047609554074348526e-01
-9.772575289101163021e-01 -1.855756011077001333e-01 1.026130876355518667e-01
-9.784489575743315903e-01 -1.782431668842267558e-01 1.042450872647259774e-01
-9.808220564286357357e-01 -1.629145388638260361e-01 1.069905344182433410e-01
-9.841138534556798101e-01 -1.438235842739180037e-01 1.040899969869476249e-01
-9.863886425544413639e-01 -1.233643710606533994e-01 1.087138722404007163e-01
-9.878019723699085208e-01 -1.054354943435363567e-01 1.145890413663969432e-01
-9.890318633749708432e-01 -8.860201328917946539e-02 1.181765015808493441e-01
-9.904098153803917448e-01 -6.848641037266679776e-02 1.199918263911777250e-01
-9.916798772847241761e-01 -5.285553936606342956e-02 1.173769222654448413e-01
-9.923815779766548273e-01 -3.859894819401958610e-02 1.169998026401227048e-01
-9.927684059029180386e-01 -2.218701537010592251e-02 1.179773606817699216e-01
-9.928813987809512742e-01 -3.110038767066641840e-03 1.190667244073292108e-01
-9.927170772866221737e-01 1.607405882305941794e-02 1.193920363809651136e-01
-9.916344260498521912e-01 4.152488949537508356e-02 1.222165215564262886e-01
-9.914204690303558554e-01 5.755529911055694281e-02 1.173578712601826279e-01
-9.901717191492528380e-01 7.177681798021097459e-02 1.200336785631377218e-01
-9.887390143510903506e-01 8.916875176171347450e-02 1.201837102254897094e-01
-9.863067050831114679e-01 1.107816184866422804e-01 1.221742433184047627e-01
-9.845183212596829714e-01 1.279514536219141518e-01 1.198003746570666661e-01
-9.826491305544781119e-01 1.435647046965590756e-01 1.174303652131063053e-01
-9.803631331544621075e-01 1.583238154799018471e-01 1.175658347032279560e-01
-9.785020501080592403e-01 1.707367375628456307e-01 1.156837633533119997e-01
-9.766377320078754032e-01 1.839193488168688884e-01 1.111415393714585975e-01
-9.743207789943078012e-01 1.988307319318767252e-01 1.056663980240947071e-01
-9.699504484058557585e-01 2.178649523113870834e-01 1.083098255666495868e-01
-9.664301184148720303e-01 2.330454274634533862e-01 1.081789400701085591e-01
-9.626531583600985709e-01 2.500987520038279177e-01 1.036799820262567784e-01
-9.581098490107330390e-01 2.669733667966487922e-01 1.036859025012382141e-01
-9.548286710947998523e-01 2.786628554374065425e-01 1.031952012766025745e-01
-9.511890032811299855e-01 2.911446473259354795e-01 1.023440376343684455e-01
-9.469418045218584989e-01 3.082632387488362657e-01 9.096714257143048710e-02
-9.428780012319373238e-01 3.213476241804174571e-01 8.784535065867947468e-02
-9.397376675709573357e-01 3.305740377002573394e-01 8.725794027761277216e-02
-9.338594517761881209e-01 3.466656309643008638e-01 8.791752444712556958e-02
-9.282498182998566438e-01 3.623127389009289101e-01 8.415331424340759259e-02
-9.235762067940392894e-01 3.753954120657470028e-01 7.800833876332727290e-02
-9.191697057751287980e-01 3.862612808051974489e-01 7.700195444324955951e-02
-9.148374708134128230e-01 3.970996074239240281e-01 7.337799352275566067e-02
-9.116037927295910226e-01 4.049508255851358429e-01 7.066385173863952429e-02
-9.079873108594288533e-01 4.134588113862014969e-01 6.790346471842989562e-02
-9.037624373598543981e-01 4.231704389101140218e-01 6.434486916397641476e-02
-8.984380256781330232e-01 4.348171266371169130e-01 6.118174564295913997e-02
-8.927357347288126244e-01 4.465260381486362840e-01 6.031111611416500179e-02
-8.891255475302046740e-01 4.547169986059426683e-01 5.184821251949767174e-02
-8.860013538174956738e-01 4.612193319209116349e-01 4.773210739326843449e-02
-8.858339215075442530e-01 4.621223043859390978e-01 4.172846155527579898e-02
-8.851177475486287083e-01 4.638902894789103670e-01 3.704588359066340875e-02
-8.831291899368886034e-01 4.675238952376406520e-01 3.878487438649885766e-02
-8.820939770832535443e-01 4.694237306052109759e-01 3.939037897462300403e-02
-8.804637830158971168e-01 4.728362582834738648e-01 3.477678657969944520e-02
-8.768852840254675041e-01 4.792581837855261484e-01 3.719969364136905404e-02
-8.762967200083194852e-01 4.804310750311076017e-01 3.591748763186146387e-02
-8.756552604200072976e-01 4.817860706705101026e-01 3.331774739230010385e-02
-8.718338064979647140e-01 4.889715581622840479e-01 2.850709368173944339e-02
-8.704552868516207687e-01 4.917400310477478276e-01 2.234637865679059421e-02
-8.684747347896828451e-01 4.953161360455742290e-01 2.033680195408416394e-02
-8.686562766591126028e-01 4.950581082127007426e-01 1.880871143151419816e-02
-8.678104076681978363e-01 4.965960930812922114e-01 1.724650055455439340e-02
-8.668473826369478275e-01 4.982258029587471326e-01 1.861960258095411713e-02
-8.664349856592140631e-01 4.990904611021279025e-01 1.411213586790362184e-02
-8.649839043623753776e-01 5.017319852295510918e-01 8.239251942356046882e-03
-8.663888794709919683e-01 4.992920142651386950e-01 8.821513253293382373e-03
-8.660523275160162404e-01 4.999428452807803125e-01 3.246928348779205657e-03
-8.660181861043783069e-01 4.999976909765367350e-01 3.851680443579226423e-03
-8.638549254402395627e-01 5.037401913146195565e-01 -7.159303435723446581e-04
-8.626711578026864391e-01 5.057637920588924363e-01 -1.218706911421641240e-03
-8.631373914888705867e-01 5.049237496819433124e-01 -6.773152206999370067e-03
-8.656416433281178824e-01 5.005555813962099254e-01 -1.042499708504585759e-02
-8.653720248430106787e-01 5.010097153157458960e-01 -1.097948415077437852e-02
-8.693549627760669418e-01 4.940397914931730639e-01 -1.211026222211847130e-02
-8.702282513331774938e-01 4.924324518962296948e-01 -1.459781691503906492e-02
-8.681900520723129233e-01 4.959217086510792627e-01 -1.754188459037980125e-02
-8.680882831067442407e-01 4.960372363369831561e-01 -1.923065901048197704e-02
-8.684412059175127263e-01 4.952345915284122602e-01 -2.350737317318091907e-02
-8.665203295197492217e-01 4.987608865483749709e-01 -1.949671805699670218e-02
-8.671702853453213677e-01 4.976857030975634366e-01 -1.801839564416192821e-02
-8.675564407884389651e-01 4.965926855603584045e-01 -2.723145684425060109e-02
-8.727276850404520614e-01 4.872499098134686069e-01 -3.056041245067461429e-02
-8.762536248201772127e-01 4.809205140837194969e-01 -2.991771684347540455e-02
-8.775883498296401797e-01 4.780436974008281936e-01 -3.623447662272279157e-02
-8.826268748746909365e-01 4.684607230608256456e-01 -3.891498808848560531e-02
-8.870486392553779131e-01 4.599117010912469605e-01 -4.032324980818484395e-02
-8.884796846577907026e-01 4.568890335729138275e-01 -4.308464572915485929e-02
-8.913257899664829287e-01 4.510161041474607946e-01 -4.607424237410089746e-02
-8.935766491537731060e-01 4.456359952337953789e-01 -5.412354440383715382e-02
-8.961819178247655282e-01 4.404467327672516586e-01 -5.352263033588814528e-02
-9.007245877561408376e-01 4.310631103390942243e-01 -5.366412326379459141e-02
-9.034162222741227710e-01 4.238760550072047106e-01 -6.456195799378530720e-02
-9.066223373561159704e-01 4.165910723303221097e-01 -6.699136488235168940e-02
-9.107285903971593655e-01 4.070727656918490256e-01 -6.975116563239268375e-02
-9.154553016806409316e-01 3.961872769929291604e-01 -7.054969340733792393e-02
-9.190705501542489886e-01 3.882885876484427623e-01 -6.738934411780667100e-02
-9.238389379493704423e-01 3.750451151938810068e-01 -7.656895928303225629e-02
-9.288876329398986220e-01 3.616795494126722743e-01 -7.972262245615875653e-02
-9.314713090216165670e-01 3.530697870211827460e-01 -8.776647307713864032e-02
-9.347675696436513748e-01 3.429993643325082719e-01 -9.252596868776281902e-02
-9.396522702957200712e-01 3.295585523911709891e-01 -9.189559036644077972e-02
-9.427225061876265411e-01 3.212082137672163107e-01 -8.999770908192557262e-02
-9.478275578589085981e-01 3.060637473341652481e-01 -8.915116917577291245e-02
-9.531294773134055820e-01 2.898326582289075248e-01 -8.684041373981438161e-02
-9.576541895349074407e-01 2.733394377548969412e-01 -9.046564863071449025e-02
-9.610506709529124114e-01 2.603490609562841840e-01 -9.273620124457812586e-02
-9.650078548575137249e-01 2.457972361986185961e-01 -9.134323953100237370e-02
-9.678387518912425769e-01 2.323640709403870797e-01 -9.641119171468216786e-02
-9.714671387091898813e-01 2.176031207006571822e-01 -9.434250946443750729e-02
-9.737363051813072712e-01 2.051793366325841694e-01 -9.868676201247895963e-02
-9.763935921301890586e-01 1.929369916025504006e-01 -9.711281928250960205e-02
-9.789102539242637846e-01 1.786197626699702889e-01 -9.914496790386172209e-02
-9.813755900508854824e-01 1.644702762075353764e-01 -9.925476826240668682e-02
-9.840159527452491117e-01 1.472772541480416031e-01 -1.001101632389961305e-01
-9.857112495942222941e-01 1.358926252981058624e-01 -9.953168558164833535e-02
-9.873650270145059027e-01 1.206010948182476145e-01 -1.027896366250208582e-01
-9.892760852415065642e-01 1.031683706655773525e-01 -1.033883192268304912e-01
-9.906332368274671785e-01 9.007486891657580375e-02 -1.026271802234902802e-01
-9.911449832299987772e-01 8.136595720099260021e-02 -1.049344239525313166e-01
-9.914405921066328231e-01 7.393322393883140775e-02 -1.076079036731195371e-01
-9.928148681881405757e-01 5.834871646062192441e-02 -1.044705447444599783e-01
-9.934708043661570898e-01 4.596933090750647544e-02 -1.044155707340500561e-01
-9.938223097375531445e-01 2.448744574904504132e-02 -1.082479208646681124e-01
-9.942275622265878132e-01 8.877798333371079986e-03 -1.069241308217270536e-01
-9.940806354825028057e-01 -1.191794855123875022e-02 -1.079892741663493749e-01
-9.938309564679472796e-01 -2.982689226353219675e-02 -1.068195535637920385e-01
-9.939914673700235292e-01 -4.309821750016373104e-02 -1.006157867492614433e-01
-9.933956389477728299e-01 -5.921411143640212260e-02 -9.827931290184326041e-02
-9.918425544913862524e-01 -7.668493047541102836e-02 -1.018223874221643593e-01
-9.908524430297308561e-01 -9.232928907040360844e-02 -9.842137985232224384e-02
-9.888183886958125113e-01 -1.096025818804203106e-01 -1.011212056406049220e-01
-9.867516734235995957e-01 -1.245931780158890667e-01 -1.039120077255792224e-01
-9.851983648430899798e-01 -1.374312800360330822e-01 -1.024541624243819476e-01
-9.831637478533835628e-01 -1.548731769122964619e-01 -9.697099566816162752e-02
-9.806518929619244540e-01 -1.701774439543857209e-01 -9.675501230038956180e-02
-9.786067970189891163e-01 -1.823167716545286143e-01 -9.533814298316453661e-02
-9.755656107520395137e-01 -1.990722722975221959e-01 -9.296235307056319175e-02
-9.731079328312258747e-01 -2.112178669042341084e-01 -9.191296541603151404e-02
-9.697300641284830602e-01 -2.278217103301305724e-01 -8.786865249082148610e-02
-9.680282367834026624e-01 -2.375077412244054054e-01 -8.069345824110739362e-02
-9.655225741166142406e-01 -2.478586352561966966e-01 -7.957565141292159694e-02
-9.630970128761446869e-01 -2.584376057336348897e-01 -7.519425478710339839e-02
-9.595480979203780958e-01 -2.714051444157301596e-01 -7.487805789203987039e-02
-9.566186481263461161e-01 -2.824809048041938553e-01 -7.131148840777266906e-02
-9.558041966914585519e-01 -2.861279228172006750e-01 -6.759568916877838063e-02
-9.517663415648875969e-01 -2.998525257945803268e-01 -6.503323554771826831e-02
-9.486195873028400172e-01 -3.106192002247445405e-01 -6.030438274185897368e-02
-9.447686740083305335e-01 -3.214752741184642715e-01 -6.376385021746028281e-02
-9.430183040946620299e-01 -3.275989082708570810e-01 -5.827058709148607435e-02
-9.408026775216256077e-01 -3.352681067351027111e-01 -4.985625783705142228e-02
-9.380673733204401010e-01 -3.426906433814275177e-01 -5.091909221160390714e-02
-9.346050382846721183e-01 -3.528517580484520910e-01 -4.482283888180321751e-02
-9.321483902658080911e-01 -3.593596716939959079e-01 -4.427225428884706826e-02
-9.291314165725673702e-01 -3.674191460924304820e-01 -4.144887489651390144e-02
-9.261696083685623249e-01 -3.747272424192751861e-01 -4.230103730134674583e-02
-9.272229945706076393e-01 -3.728189490763008096e-01 -3.554682991145920179e-02
-9.258241224649025325e-01 -3.766369023253277604e-01 -3.153356319595927715e-02
-9.228297997595382718e-01 -3.843210475518026858e-01 -2.612509007239307429e-02
-9.204475161832148533e-01 -3.901901529291922355e-01 -2.297916068170847981e-02
-9.195113596274407941e-01 -3.923945212734906707e-01 -2.292218372725715950e-02
-9.156921435716082192e-01 -4.014159509903627021e-01 -1.931733975253223726e-02
-9.121645813015981652e-01 -4.094003005772338666e-01 -1.863323910995353522e-02
-9.114934026246165333e-01 -4.110645318823514249e-01 -1.434415112815959001e-02
-9.112232093749023099e-01 -4.117360236059783296e-01 -1.207214253715537845e-02
-9.101588394921273917e-01 -4.141036815767742407e-01 -1.136023101772312173e-02
-9.101340663078884008e-01 -4.141868120953729471e-01 -1.026124175684176541e-02
-9.095407714103483920e-01 -4.155147532904364671e-01 -9.116028772448813225e-03
-9.102155625918144644e-01 -4.140767450880606937e-01 -6.935838636755750283e-03
-9.090730940635657342e-01 -4.166248159850465815e-01 -3.146331649092619972e-03
-9.068007604143089040e-01 -4.215544539247484401e-01 2.061648052747941991e-03
-9.066822085643532203e-01 -4.217257760689687163e-01 8.646942575346674292e-03
-9.074665263516034086e-01 -4.196933579689860472e-01 1.902672178292272309e-02
-9.104915236230000097e-01 -4.132043647707758227e-01 1.635131651446914205e-02
-9.125600096137176376e-01 -4.084825812458123817e-01 1.939682955686853477e-02
-9.125581541525271678e-01 -4.083764838676887665e-01 2.159375011941128825e-02
-9.124169168458574619e-01 -4.083976187020207926e-01 2.658537660617046536e-02
-9.164809560544135980e-01 -3.991157037929000118e-01 2.773697102337123119e-02
-9.168890846267740979e-01 -3.974951154915658535e-01 3.622246750140648702e-02
-9.184594158674400655e-01 -3.933434028847418440e-01 4.139198527585077891e-02
-9.207786304135953115e-01 -3.876933763124641441e-01 4.313452710133440504e-02
-9.234281402902810854e-01 -3.811948836009087516e-01 4.439547436172537609e-02
-9.266161512846449178e-01 -3.724617773113166885e-01 5.152437008425159171e-02
-9.322754177031520317e-01 -3.580210968046114717e-01 5.180219983045939586e-02
-9.336497649659927234e-01 -3.536503007456167635e-01 5.682965339114703918e-02
-9.350217015267390241e-01 -3.493434708225325869e-01 6.077487590966085262e-02
-9.389080329824489590e-01 -3.392592317466983642e-01 5.792156541916759077e-02
-9.424338505851355130e-01 -3.284600876417033688e-01 6.270914456371116941e-02
-9.459898510189426180e-01 -3.179462840274547286e-01 6.335133032150620791e-02
-9.488781818971003812e-01 -3.090164404086625516e-01 6.433556048106131575e-02
-9.520246038740275418e-01 -2.980545763977595630e-01 6.937328281044073675e-02
-9.555621338811555177e-01 -2.866708020650851618e-01 6.870872384593224025e-02
-9.586172397480337004e-01 -2.761433644051408676e-01 6.926658069724717093e-02
-9.613233308634537844e-01 -2.657094179680685730e-01 7.249819461510673135e-02
-9.650306301214788274e-01 -2.507529702734329624e-01 7.641243924879284610e-02
-9.683539528197500079e-01 -2.372248869246774694e-01 7.755646499400876970e-02
-9.702403933631824628e-01 -2.284003003916120211e-01 8.041711358174584434e-02
-9.727669524717621474e-01 -2.159633774254257343e-01 8.416832181449411532e-02
-9.751306711174743125e-01 -2.057430909302151723e-01 8.240136623236829494e-02
-9.772876945069197685e-01 -1.950299275966523305e-01 8.289825037899556381e-02
-9.800226583359417099e-01 -1.802919479425194593e-01 8.396685674997142468e-02
-9.807713731308994598e-01 -1.729526858812796830e-01 9.041522420049014075e-02
-9.833925667794819470e-01 -1.565105803005172047e-01 9.188867604718176096e-02
-9.862820028922131277e-01 -1.407346449620000828e-01 8.626471665648892395e-02
-9.881518477001041134e-01 -1.255539286754327466e-01 8.827325751223535910e-02
-9.895323387670208470e-01 -1.117569163739051685e-01 9.130264831785400714e-02
-9.913678843718932709e-01 -9.861051547988601562e-02 8.640437033829420632e-02
-9.922703011962181741e-01 -8.829397521158352524e-02 8.720008305409643334e-02
-9.924381766282700523e-01 -8.039856546351685507e-02 9.275002892177594549e-02
-9.933805005041200786e-01 -6.685802073477703500e-02 9.340887496970494419e-02
-9.943287117318584389e-01 -4.913754843747336620e-02 9.431832380836237262e-02
-9.948284231187910498e-01 -3.351069038199134403e-02 9.588260593605203719e-02
-9.953940738462890847e-01 -1.931091110044984988e-02 9.390291916558606011e-02
-9.957766981557925057e-01 -4.815669290848902107e-03 9.168210419013099466e-02
-9.959183517600380675e-01 7.147479043282813083e-03 8.997544964981275817e-02
-9.956686792588516077e-01 1.914069607651232297e-02 9.098102219523176992e-02
-9.952133273134279312e-01 3.212372319360664447e-02 9.229588884754057199e-02
-9.945344970507966620e-01 4.912189059943219971e-02 9.213145809580344792e-02
-9.942544230527770033e-01 6.331227366869088269e-02 8.631181524845445152e-02
-9.934539716835285583e-01 7.575144751891288442e-02 8.550412557188155627e-02
-9.918751755595738295e-01 9.212745998525534441e-02 8.772798015254358595e-02
-9.904005454390280017e-01 1.089794086217829444e-01 8.503104760245766558e-02
-9.885981619000193676e-01 1.224404159260336633e-01 8.764730529023437300e-02
-9.872837367977731482e-01 1.319849939552436568e-01 8.860482908654217227e-02
-9.864038343519769825e-01 1.420194755874393533e-01 8.269204877815573840e-02
-9.844589785177206842e-01 1.554247479620531058e-01 8.175388737906749692e-02
-9.818448149072238618e-01 1.718646178100579625e-01 8.027043686582234494e-02
-9.799265499326884621e-01 1.860744085743389620e-01 7.155627482549790919e-02
-9.781057478087775703e-01 1.956699274496898344e-01 7.086927970854599301e-02
-9.751743096449019266e-01 2.089915351203292526e-01 7.319585597808221655e-02
-9.736236715396210384e-01 2.165936249594870855e-01 7.172291858797863462e-02
-9.703675494810410918e-01 2.304719376494542837e-01 7.259155726360443095e-02
-9.692236377531073810e-01 2.375814010267199017e-01 6.450307727934107005e-02
-9.663955540579811654e-01 2.481177122920101563e-01 6.721058927470584254e-02
-9.635152913143362197e-01 2.598870216628139662e-01 6.400819114406511301e-02
-9.610565590856453566e-01 2.693253468517573523e-01 6.192073058557488741e-02
-9.587595621214406449e-01 2.773596179326879296e-01 6.206265765597893808e-02
-9.546657007766444769e-01 2.917858055253582661e-01 5.894465441050271426e-02
-9.515224924826238828e-01 3.030025717818090603e-01 5.286223994404722765e-02
-9.489056014202350564e-01 3.115096315146364536e-01 5.039779286320206220e-02
-9.491889654262745113e-01 3.112561283038738913e-01 4.647535889190609892e-02
-9.453570294232637172e-01 3.221993056258535826e-01 4.987708058440637471e-02
-9.436520081408615868e-01 3.272212959919835185e-01 4.946857353871896013e-02
-9.411669904123129982e-01 3.342333253464697118e-01 4.992804019522916609e-02
-9.382220592132834991e-01 3.427440916941205118e-01 4.760130175652095563e-02
-9.350793284144317541e-01 3.513337486355659345e-01 4.681105962780374857e-02
-9.318410114839553726e-01 3.601301923577561181e-01 4.448148360777506860e-02
-9.280068959125145067e-01 3.707274610536550608e-01 3.693749524161422937e-02
-9.252998072215079528e-01 3.777192481180836059e-01 3.388899637625294309e-02
-9.234519022642566632e-01 3.825759850691841102e-01 2.953349730986431013e-02
-9.220445279050546450e-01 3.860130732653359598e-01 2.877192087887331731e-02
-9.214371204846014685e-01 3.875920872222287095e-01 2.694502714545304531e-02
-9.206344412536568989e-01 3.899330258207431843e-01 1.960837554707681868e-02
-9.204571483459775827e-01 3.903164576121914142e-01 2.029109208138435080e-02
-9.196826917084748310e-01 3.922951069129071988e-01 1.698007888978247601e-02
-9.176583202762320646e-01 3.969023952405046352e-01 1.928012887905818443e-02
-9.179046862714573818e-01 3.964091736413216105e-01 1.762899511018318349e-02
-9.171500354671340283e-01 3.982157273863850544e-01 1.612682191746630384e-02
-9.174572144234687254e-01 3.975154503894273716e-01 1.592965424957047335e-02
-9.164782520625287532e-01 3.996090052525814729e-01 1.950087053700126291e-02
-9.144021043924668302e-01 4.043549536197386662e-01 1.912826453744628438e-02
-9.146802264960162132e-01 4.038495006396017328e-01 1.630005043852897351e-02
-9.144243174578319255e-01 4.044897757299755758e-01 1.470430294539866629e-02
-9.129241034972862545e-01 4.079163904832437959e-01 1.318435300265494853e-02
-9.120753231312012099e-01 4.098511600005555477e-01 1.185997945088434168e-02
-9.109993558496120025e-01 4.123290166380299548e-01 8.061212612038182179e-03
-9.104146810076305663e-01 4.136911876847663150e-01 2.176529435285083983e-03
-9.089279275799551083e-01 4.169525830485298901e-01 -7.702933081691824661e-04
-9.074303325017689659e-01 4.201890142254272598e-01 -3.378071761880461349e-03
-9.079486020097562449e-01 4.190517505103907858e-01 -4.999390936789105747e-03
-9.091608861221521787e-01 4.164373759667704400e-01 -2.534253703789731988e-03
-9.097913472973361282e-01 4.150540376736568948e-01 -3.142864082352764786e-03
-9.093101705009170033e-01 4.160770572116307964e-01 -5.909628293278641059e-03
-9.096543244166827025e-01 4.152740165936591454e-01 -8.748065707140217223e-03
-9.102503694841163062e-01 4.138959811596015226e-01 -1.159349414936598939e-02
-9.091297455165093799e-01 4.162555266444837310e-01 -1.464478808820856084e-02
-9.099458407820706363e-01 4.142889295764171087e-01 -1.905983208386311314e-02
-9.098778208694571212e-01 4.144015889138020214e-01 -1.984191827675046635e-02
-9.122912894971748621e-01 4.088182461924522171e-01 -2.433664621253628368e-02
-9.140622312240488379e-01 4.048129855347936124e-01 -2.483368406959140032e-02
-9.152329128351263110e-01 4.019103189436424861e-01 -2.858038678516406153e-02
-9.157576008349995744e-01 4.006738086250945519e-01 -2.912976681789970074e-02
-9.177579294330913129e-01 3.958912178581117658e-01 -3.147307346921989629e-02
-9.202815330252425152e-01 3.899598418527538968e-01 -3.183158001466228348e-02
-9.208201516522878105e-01 3.880286718562023784e-01 -3.903877576586564646e-02
-9.238655348691451330e-01 3.807211593860216348e-01 -3.903716385629142638e-02
-9.256060904815528456e-01 3.763183750369690772e-01 -4.047065397510126589e-02
-9.296836658859785052e-01 3.661796120199638516e-01 -4.001001214548094431e-02
-9.343823184245895197e-01 3.536163216591236003e-01 -4.341898681597073512e-02
-9.394494272540075963e-01 3.394586028441896053e-01 -4.693249708711782348e-02
-9.436565241620166189e-01 3.276371026353581684e-01 -4.654376475594099172e-02
-9.461785275964295083e-01 3.212704455866590147e-01 -3.913467332589042752e-02
-9.482863611562699635e-01 3.153128001457984331e-01 -3.648072413042743184e-02
-9.486292481310476532e-01 3.140316684271632353e-01 -3.855760326300320534e-02
-9.494137006620358976e-01 3.119226444588579783e-01 -3.630312335093686255e-02
-9.494374483729174363e-01 3.121655279106472225e-01 -3.348496256361428031e-02
-9.510120037601286214e-01 3.073229203130476428e-01 -3.359790566930682260e-02
-9.530423303966203408e-01 3.011168841496050241e-01 -3.223300251837992597e-02
-9.536327737435983387e-01 2.992169303030912664e-01 -3.246212197046002140e-02
-9.547679205152993509e-01 2.948709086203895047e-01 -3.833266496389166333e-02
-9.549358441043623857e-01 2.940674013468083103e-01 -4.027313150622417737e-02
-9.560775375825425471e-01 2.895865431849761751e-01 -4.533656718679088954e-02
-9.567518383481983246e-01 2.863678790619414438e-01 -5.117993753656637640e-02
-9.581668442156412446e-01 2.818090535541396546e-01 -4.999984329790994886e-02
-9.601792176837204984e-01 2.742095368562239566e-01 -5.352595923740856992e-02
-9.635565831963768257e-01 2.620105539064812583e-01 -5.393708496077994491e-02
-9.649457774040699487e-01 2.561470585208296402e-01 -5.716956908806392762e-02
-9.678365340475854062e-01 2.445815330998076242e-01 -5.892661352309675610e-02
-9.687792055793229551e-01 2.394056689217070599e-01 -6.443450502035970306e-02
-9.703218341882381415e-01 2.335604500552298513e-01 -6.265048389152484687e-02
-9.742537090283062140e-01 2.174150098641439988e-01 -5.966952643382750915e-02
-9.765070936594767437e-01 2.080598643662818492e-01 -5.608045232875272235e-02
-9.774002801746938252e-01 2.029222038134865791e-01 -5.925622217874193520e-02
-9.784724789994099226e-01 1.979019191144359702e-01 -5.853602802483759415e-02
-9.811906851266548601e-01 1.838983972753101825e-01 -5.870474628551902718e-02
-9.829844287563187510e-01 1.726224794753409841e-01 -6.279427740593680751e-02
-9.847080769535399014e-01 1.624213067840659941e-01 -6.300278691087018990e-02
-9.859369046085423305e-01 1.535142767885447346e-01 -6.604404588661327846e-02
-9.879794562354539122e-01 1.395804051970909454e-01 -6.643744122697776977e-02
-9.894006715081155034e-01 1.292935538195010003e-01 -6.610232363262237565e-02
-9.906557384529125487e-01 1.194323781071949808e-01 -6.585699627627293606e-02
-9.915436640255317347e-01 1.102198428495669291e-01 -6.850385201349058761e-02
-9.924680302524405695e-01 1.017068095282718104e-01 -6.828589151639084809e-02
-9.929886911852768838e-01 9.513904075877763211e-02 -7.015733218602976384e-02
-9.939131962623785066e-01 8.513272574622854361e-02 -6.992143055130442542e-02
-9.945285990278572852e-01 7.653216166415523214e-02 -7.110360912439274428e-02
-9.951318794082643082e-01 7.045363666114243251e-02 -6.891194982791193357e-02
-9.951946746566511237e-01 6.368832077461387964e-02 -7.437329438495497713e-02
-9.959470538779540139e-01 4.987776372197059993e-02 -7.484453342485701544e-02
-9.961780551245374982e-01 3.424345877461691667e-02 -8.035358400987509253e-02
-9.960836417202328930e-01 1.912977041420721447e-02 -8.632184908533144241e-02
-9.969389165591926449e-01 3.470072746133381902e-03 -7.810752756245044337e-02
-9.967945973621433753e-01 -1.136811351151885245e-02 -7.919171257817320120e-02
-9.965392303439922772e-01 -2.473731153558236806e-02 -7.935778782162357381e-02
-9.961349720690285681e-01 -4.045766189732610818e-02 -7.796361699840399784e-02
-9.957670607494321091e-01 -4.751249026587508334e-02 -7.868007752148419021e-02
-9.944748308185754615e-01 -6.666821511395948363e-02 -8.108755200378167660e-02
-9.935999018592516219e-01 -7.863829462892549249e-02 -8.108812966611789186e-02
-9.920311642862547075e-01 -9.483739557470029224e-02 -8.294618080441319707e-02
-9.901253989999868610e-01 -1.129709666090344122e-01 -8.300172525475697782e-02
-9.876711328936639278e-01 -1.312620565981971466e-01 -8.529969251822117071e-02
-9.862586327673532605e-01 -1.435541950277992584e-01 -8.176878376053468844e-02
-9.843027735668634648e-01 -1.554413112334542268e-01 -8.358277676705447301e-02
-9.824520355510842906e-01 -1.690825430273694696e-01 -7.873451023911545721e-02
-9.795446985497154868e-01 -1.833287908622638074e-01 -8.296246179603761206e-02
-9.782102751328837220e-01 -1.921957496803624599e-01 -7.852059311563902577e-02
-9.757336234124492913e-01 -2.036238900723157941e-01 -8.050614697905934813e-02
-9.729804827709279680e-01 -2.156464465779850403e-01 -8.249619702177410363e-02
-9.702801381812232728e-01 -2.277262973273462832e-01 -8.183653939632358487e-02
-9.675846070409607202e-01 -2.389001453087522819e-01 -8.189493888786057718e-02
-9.670223535251645242e-01 -2.416575597465834280e-01 -8.043272834510850622e-02
-9.643381301408530115e-01 -2.529575672836827938e-01 -7.787472031278018514e-02
-9.623379729386174475e-01 -2.619924052553900262e-01 -7.256471258645059985e-02
-9.596697587885757441e-01 -2.724973187525435159e-01 -6.913173787419071847e-02
-9.589267027161860746e-01 -2.759046340525490582e-01 -6.585015921035072828e-02
-9.568905631227784259e-01 -2.833819796489143727e-01 -6.367994583729517932e-02
-9.545798310251429886e-01 -2.920726688747017352e-01 -5.891463250551665781e-02
-9.525787612649286862e-01 -2.989872088412214857e-01 -5.657193696343498779e-02
-9.522047969724333205e-01 -3.007058266306904537e-01 -5.368483916508354215e-02
-9.514804931893163786e-01 -3.042139896190341197e-01 -4.624663339732749262e-02
-9.488768219006508131e-01 -3.120091684930717535e-01 -4.778166187486933975e-02
-9.469781154060691319e-01 -3.185709015151114154e-01 -4.177392822358869107e-02
-9.459768664457534060e-01 -3.216842254739774032e-01 -4.058397014220924137e-02
-9.463327040464406537e-01 -3.208875778730274075e-01 -3.854357308350540856e-02
-9.455202860216651573e-01 -3.234653369137727164e-01 -3.689980919513476815e-02
-9.450984002195469413e-01 -3.248790712915948231e-01 -3.525101842388682349e-02
-9.439304925387540512e-01 -3.280465485187573638e-01 -3.715802331489523325e-02
-9.419748180671352333e-01 -3.341750261441741032e-01 -3.178876066702986114e-02
-9.406691343417910023e-01 -3.376439015562496815e-01 -3.373732008008097777e-02
-9.387996790887452869e-01 -3.430152894315205980e-01 -3.155479461223080484e-02
-9.360789687662844916e-01 -3.510268417316713130e-01 -2.315926607520337605e-02
-9.351370610040881104e-01 -3.537482734004310236e-01 -1.951581822813224301e-02
-9.349909150003287150e-01 -3.544166329728885567e-01 -1.344879618782364276e-02
-9.348038158793698926e-01 -3.550345507649769750e-01 -9.608566664694107723e-03
-9.345982518005344630e-01 -3.556323136470594948e-01 -7.196957168081904652e-03
-9.339390535318470299e-01 -3.574292864314167484e-01 -1.476644260883757352e-03
-9.342830981798836421e-01 -3.565282451436465050e-01 -1.653438381017836552e-03
-9.341308946141927416e-01 -3.569055420216163954e-01 4.235185963866798693e-03
-9.350271097326972036e-01 -3.544602131488931440e-01 9.071516042263940566e-03
-9.348936038844253282e-01 -3.547606813459101005e-01 1.090135000616240454e-02
-9.365911592673431540e-01 -3.500711268193120729e-01 1.572379466195819933e-02
-9.395833755117880548e-01 -3.417155871302558490e-01 2.033640521267918166e-02
-9.402665012430239111e-01 -3.392525787157779082e-01 2.840116247024991256e-02
-9.420125789760601664e-01 -3.341960773568729559e-01 3.041898281645936258e-02
-9.437481006628632985e-01 -3.288763505727148595e-01 3.434967630965223007e-02
-9.474676369202199577e-01 -3.178362955060217709e-01 3.584965920160908953e-02
-9.485954885704622752e-01 -3.149465556194566140e-01 3.122976133588085262e-02
-9.495355885347017688e-01 -3.124698899400820129e-01 2.729039707748869351e-02
-9.480569777207693560e-01 -3.167344286601845860e-01 2.944996514080183009e-02
-9.510319986562120187e-01 -3.080002892031933337e-01 2.596133381507762308e-02
-9.535250458692394737e-01 -3.000405723205040176e-01 2.767080457906463328e-02
-9.561789552283302962e-01 -2.912526460732869360e-01 2.989537499506810317e-02
-9.578626751042027543e-01 -2.852199257345402472e-01 3.389279316207416404e-02
-9.585462273852932702e-01 -2.833818762284179837e-01 2.973001767150923805e-02
-9.588692249058937689e-01 -2.823165317670586205e-01 2.944855139195247037e-02
-9.609943965970898505e-01 -2.746696526102047620e-01 3.234785087365446565e-02
-9.631527712228192817e-01 -2.673085262108881310e-01 2.971401693684308856e-02
-9.653726960662579737e-01 -2.591270835545925189e-01 3.014538079335148460e-02
-9.676500362427693513e-01 -2.508877555432374451e-01 2.662279198338846076e-02
-9.678071173933145976e-01 -2.504967565053529133e-01 2.451101958868879063e-02
-9.686866989990750021e-01 -2.469320457349818421e-01 2.589740483915716623e-02
-9.682983739288738567e-01 -2.482610053492637081e-01 2.765436435449994054e-02
-9.699805120194778807e-01 -2.418614330674515034e-01 2.531570832153485009e-02
-9.706921029800249512e-01 -2.384683748902589606e-01 2.982795850078608438e-02
-9.719443129429323758e-01 -2.332747892057324413e-01 3.011904693430740576e-02
-9.718062206559375804e-01 -2.336961888213641703e-01 3.128566047747923656e-02
-9.713393187072061341e-01 -2.350945031059900048e-01 3.507897191438998780e-02
-9.720382413017664147e-01 -2.322607273345078382e-01 3.459253827451995444e-02
-9.719897205315848332e-01 -2.322503031630873405e-01 3.599738300115162132e-02
-9.738199830745533081e-01 -2.235149611554569093e-01 4.142142783350917512e-02
-9.763773164638885893e-01 -2.115832767122662050e-01 4.381649104682190654e-02
-9.768054877476507469e-01 -2.097220298336779365e-01 4.321737247961929956e-02
-9.780430034472550327e-01 -2.042525695403513142e-01 4.138602554621168689e-02
-9.796367375765033803e-01 -1.965111285700178179e-01 4.117366382436411093e-02
-9.800702945089148077e-01 -1.946237167002788371e-01 3.979772040372532571e-02
-9.804175696008418095e-01 -1.927126780447701582e-01 4.053695580769629825e-02
-9.819758796450637206e-01 -1.837378701214058274e-01 4.431477151297326389e-02
-9.837369734183273318e-01 -1.750654904205033446e-01 4.017054772445868838e-02
-9.845562859765326635e-01 -1.697598434339692153e-01 4.278489277939519914e-02
-9.850940040583934243e-01 -1.654475537762511439e-01 4.708441319264070057e-02
-9.862799054450898106e-01 -1.584370372455809750e-01 4.636469737777935279e-02
-9.873522747321356041e-01 -1.506400221681760132e-01 4.942773877800109295e-02
-9.875161026862546709e-01 -1.497738837349724128e-01 4.878281196426896560e-02
-9.886113587772840106e-01 -1.420305049517847917e-01 4.974885970246507166e-02
-9.901512377784936758e-01 -1.310445046176745010e-01 4.927368675736812365e-02
-9.915015719144859574e-01 -1.205542987774323033e-01 4.890118594829106352e-02
-9.923636042282530934e-01 -1.140062033791343632e-01 4.708603353184281221e-02
-9.926794281430393330e-01 -1.096850490845679982e-01 5.056456239982332762e-02
-9.927462410465294207e-01 -1.082056272954264320e-01 5.240682339193463574e-02
-9.935049255609988972e-01 -1.022884484411570316e-01 4.985045811236289010e-02
-9.942265645675603114e-01 -9.454431878154670454e-02 5.074388723533427431e-02
-9.949176715924620273e-01 -8.183962104876314758e-02 5.866119195334601466e-02
-9.953482376343836258e-01 -7.724063236337808114e-02 5.758300771774026855e-02
-9.956955803095300928e-01 -7.157432973323818448e-02 5.888513354680739026e-02
-9.965892903718137630e-01 -5.510227302319263554e-02 6.142929448500436540e-02
-9.968593179270051063e-01 -4.304341214490180895e-02 6.647403777354400634e-02
-9.970964390045021775e-01 -2.802521970559635964e-02 7.080474334650704860e-02
-9.974896860263143816e-01 -2.030815300503959267e-02 6.783758817537731411e-02
-9.976683033528400690e-01 -8.490083734874372123e-03 6.771933348787118057e-02
-9.976297921515807632e-01 2.666558621284717545e-03 6.875842122468607542e-02
-9.973491069145904442e-01 1.239591493476463122e-02 7.170169895637788782e-02
-9.971296508873216391e-01 2.598379588062163167e-02 7.111494250645512827e-02
-9.963276124462714378e-01 3.974292604690600472e-02 7.584076894682896530e-02
-9.966035286116927683e-01 4.797456200281855626e-02 6.693191774227003066e-02
-9.960477112221144402e-01 5.998438523514496717e-02 6.550468520109802018e-02
-9.951156124864032337e-01 7.280511133508545119e-02 6.666608566057694030e-02
-9.942285802696424479e-01 8.271380461881780444e-02 6.832269178127566012e-02
-9.924357471876961156e-01 9.935194358603567644e-02 7.211458154496816486e-02
-9.909638626371459758e-01 1.114119962551782805e-01 7.468617063487732743e-02
-9.893547806023113012e-01 1.221791093591158145e-01 7.905325883913580376e-02
-9.873695928234091923e-01 1.370779452455000991e-01 7.944154174881121189e-02
-9.860679674901429159e-01 1.491409176447594520e-01 7.366806918880217103e-02
-9.832778273775596434e-01 1.636487684639024165e-01 7.989887001152276569e-02
-9.819988077819943317e-01 1.699517136964367459e-01 8.243052393702451908e-02
-9.801062764070644917e-01 1.836029836253536551e-01 7.537682552062530128e-02
-9.789185748937302423e-01 1.904499626448266925e-01 7.380562253989568500e-02
-9.765501355051042776e-01 2.031965464861095749e-01 7.114092057268917024e-02
-9.732421330797144110e-01 2.184014919198598859e-01 7.141829591159760959e-02
-9.705637356528895587e-01 2.310852427697557554e-01 6.786515691285770202e-02
-9.689456009369386003e-01 2.371747756947926167e-01 6.994699494299030929e-02
-9.677194572279540496e-01 2.442366267180471895e-01 6.218967822969808518e-02
-9.651164041639596070e-01 2.550851850592502079e-01 5.900769778292387635e-02
-9.619558018251607168e-01 2.670733607002076515e-01 5.755770072671569787e-02
-9.598001487900307271e-01 2.742529054000348299e-01 5.974154263965161804e-02
-9.590014418615040448e-01 2.768186095504762134e-01 6.072664632926356998e-02
-9.570403322345717445e-01 2.855953547101301448e-01 5.009120900379096519e-02
-9.541008364717334933e-01 2.961106062883090417e-01 4.483453811707214381e-02
-9.527928384390458305e-01 3.002892134917330980e-01 4.485786888894925661e-02
-9.513092582087002702e-01 3.051064344858991362e-01 4.382684072803121056e-02
-9.495239491370847107e-01 3.104370306261244883e-01 4.509049955521214625e-02
-9.486197049759447220e-01 3.137875369489820376e-01 4.071940702650741345e-02
-9.489723614796786721e-01 3.131752479458255189e-01 3.705070010420476179e-02
-9.466397708604745720e-01 3.207489580607673640e-01 3.151639129334285472e-02
-9.451117391525247768e-01 3.254407858818870736e-01 2.919123453839948118e-02
-9.432481315172891456e-01 3.312507684264538454e-01 2.357802786426767272e-02
-9.428605654115178591e-01 3.324389381170971269e-01 2.232351211305712985e-02
-9.415183923802747934e-01 3.364951979194093501e-01 1.772374239022420431e-02
-9.413466641920209543e-01 3.368405187154850933e-01 2.012349957055267063e-02
-9.398859833851282986e-01 3.408310590225878123e-01 2.117923368938396528e-02
-9.404226853443696799e-01 3.397243849202868926e-01 1.387615708439609435e-02
-9.392756295172571823e-01 3.430892370627756094e-01 7.148410595252446299e-03
-9.398846740832168534e-01 3.414291621065690951e-01 6.554331704275155601e-03
-9.397797083376366878e-01 3.417765382082052494e-01 -1.711831646026841861e-03
-9.408282214335803584e-01 3.388793396297949401e-01 -1.756008906184038055e-03
-9.414403487801973336e-01 3.371748001937263650e-01 -1.804562185830721260e-03
-9.427227942692228968e-01 3.335768082564874448e-01 5.280251163700662529e-04
-9.428855418056995008e-01 3.331128981362212471e-01 -1.638539487110657637e-03
-9.428501378701099611e-01 3.332044830209086594e-01 -2.902184942412368990e-03
-9.451829702575201830e-01 3.264956441239540985e-01 -5.457085004995216454e-03
-9.459506704888486217e-01 3.242242558667999264e-01 -7.482888662679198014e-03
-9.467616097730506830e-01 3.215970835437862996e-01 -1.475815211877444348e-02
-9.477916477471539647e-01 3.185045642982026193e-01 -1.568017609042661464e-02
-9.486962816903112827e-01 3.157815663948346785e-01 -1.604370234083289312e-02
-9.492621601792918806e-01 3.137814627819344171e-01 -2.103753460678698534e-02
-9.496773772781700318e-01 3.126664082578711756e-01 -1.877842469372103043e-02
-9.484371405594931304e-01 3.158870274975228432e-01 -2.612296337908858249e-02
-9.497066057014577067e-01 3.116451545671319323e-01 -3.057276243118654813e-02
-9.522094246233565595e-01 3.037608157763728167e-01 -3.204077999942801791e-02
-9.523524430219240111e-01 3.034531425290887818e-01 -3.067650054486090877e-02
-9.530637826667937018e-01 3.015421802665996798e-01 -2.723550631739266731e-02
-9.545805091133978681e-01 2.968082457947384123e-01 -2.609501721320350506e-02
-9.549988474290744822e-01 2.951811957763074146e-01 -2.907397752597295007e-02
-9.560279555521861150e-01 2.910922669050733380e-01 -3.571937276417749829e-02
-9.565885512898578691e-01 2.880451522470935388e-01 -4.436628383227371464e-02
-9.589973894876540061e-01 2.796593726501249155e-01 -4.598560274592518315e-02
-9.603644188991122821e-01 2.749905533818518544e-01 -4.561153223371167825e-02
-9.603504326739977781e-01 2.745775920628080180e-01 -4.831382641264014149e-02
-9.636433562501853789e-01 2.628611123264369964e-01 -4.791190847501958922e-02
-9.643635247635052865e-01 2.600612412276123164e-01 -4.869472581742569084e-02
-9.670606755959163525e-01 2.493436008701854500e-01 -5.120011768171509742e-02
-9.673870474816109732e-01 2.472319512850158496e-01 -5.512437125924442988e-02
-9.689865165777743483e-01 2.415906816138513047e-01 -5.195292859361702598e-02
-9.699157514540179825e-01 2.376817167652325868e-01 -5.263905541443021641e-02
-9.709634716184236680e-01 2.322477951834295562e-01 -5.736664646639015597e-02
-9.735406103978589964e-01 2.210083979051438996e-01 -5.808615758282600211e-02
-9.752827762268784229e-01 2.110282459191902271e-01 -6.550282221276230998e-02
-9.772396454635260410e-01 2.009470588677396696e-01 -6.799256498335878862e-02
-9.795564032566155266e-01 1.879455108715430700e-01 -7.173403679869817806e-02
-9.808328983790053357e-01 1.802414162035909373e-01 -7.402629078562715514e-02
-9.829225658782466679e-01 1.668360576153300467e-01 -7.764659719705459262e-02
-9.856804045116788204e-01 1.485372216704656800e-01 -7.981772180664177541e-02
-9.870969831564612162e-01 1.372725758720384770e-01 -8.243676811085035028e-02
-9.892471446713885230e-01 1.196114648330643127e-01 -8.416186435158132251e-02
-9.907619890813795793e-01 1.011070693440513368e-01 -9.037741597099999136e-02
-9.919756003920378040e-01 9.230180298916219883e-02 -8.639919573457106872e-02
-9.930403040123998437e-01 7.939067710280499346e-02 -8.699488910266614528e-02
-9.937685984026609631e-01 6.731167275395925909e-02 -8.884338683839844431e-02
-9.941694909227528631e-01 5.651783901386148862e-02 -9.183024086401365971e-02
-9.949842090269325201e-01 4.163858679552050190e-02 -9.095431672032786019e-02
-9.954731282880702192e-01 2.649213999981218232e-02 -9.127679472802484317e-02
-9.956537567773434683e-01 1.120354606657578134e-02 -9.245600683374080586e-02
-9.957398344242393007e-01 2.844396980384612805e-03 -9.216359130476255157e-02
-9.959093217893232319e-01 -7.931879673658916163e-03 -9.000968743630702318e-02
-9.950028697251727117e-01 -2.120205850526321947e-02 -9.756945289573920599e-02
-9.949805040422953217e-01 -3.559473290877464280e-02 -9.352458228178475719e-02
-9.945456062802719988e-01 -4.763618002657579731e-02 -9.278937037686318945e-02
-9.939862291969976393e-01 -5.762785583032229569e-02 -9.311520976041182118e-02
-9.930692843227549860e-01 -7.225920976481901847e-02 -9.269325215646107008e-02
-9.924259096642218392e-01 -8.638544921695981427e-02 -8.734073140995485263e-02
-9.915005965831271695e-01 -9.818303953214457813e-02 -8.536212891922539958e-02
-9.901959588508757459e-01 -1.111481756015511996e-01 -8.460544571151450144e-02
-9.891142535281784998e-01 -1.192158547430878096e-01 -8.625896343519380560e-02
-9.874488219710055859e-01 -1.351896776293891600e-01 -8.166155742673046614e-02
-9.860050067840131494e-01 -1.477831595954833266e-01 -7.716410256425676462e-02
-9.846035104883889000e-01 -1.592364186754249566e-01 -7.210911310545549402e-02
-9.822808036509289575e-01 -1.725389303441464406e-01 -7.317632425116069039e-02
-9.795069713600708106e-01 -1.888637639644834831e-01 -6.997575035033608282e-02
-9.776367979972105937e-01 -1.992282378342985216e-01 -6.733820739850659987e-02
-9.739410466470640459e-01 -2.165522930599538542e-01 -6.740901840024977887e-02
-9.708484881248041765e-01 -2.301636274605508570e-01 -6.691749690151456431e-02
-9.688515589201246447e-01 -2.388026715038068792e-01 -6.557419047343514273e-02
-9.664760654211511648e-01 -2.487563405599519384e-01 -6.359505903192563814e-02
-9.636021109266956763e-01 -2.602773028592668680e-01 -6.104695593011810056e-02
-9.614961809962252470e-01 -2.682431836309093209e-01 -5.975551592552144631e-02
-9.580183723912781835e-01 -2.810213917534589712e-01 -5.681380523640480046e-02
-9.555280662196322661e-01 -2.892137106314908723e-01 -5.763312562682407214e-02
-9.537054091807751766e-01 -2.966382219070598514e-01 -4.951555793615160933e-02
-9.535833186790767524e-01 -2.982023068062076843e-01 -4.188402209943619531e-02
-9.515481452758324243e-01 -3.032948154975659283e-01 -5.067953506499420918e-02
-9.497333493906713331e-01 -3.092175771459332867e-01 -4.889875413331105924e-02
-9.467964114159056477e-01 -3.179047016743397069e-01 -5.013171808156348386e-02
-9.436043777848122094e-01 -3.281160965308840827e-01 -4.416603246209799966e-02
-9.428969981971750958e-01 -3.302782370661204170e-01 -4.314591397881955420e-02
-9.398574723597619140e-01 -3.386106342192675145e-01 -4.484197962995679909e-02
-9.369776460012799735e-01 -3.470417514242535306e-01 -4.043447252242386714e-02
-9.335988142660636147e-01 -3.558555516022556264e-01 -4.195370491153949111e-02
-9.310584178517836706e-01 -3.626419847973644250e-01 -4.026221882135284924e-02
-9.315585016442056165e-01 -3.616429429144593644e-01 -3.759218975090180409e-02
-9.292802770562468284e-01 -3.677253957746711155e-01 -3.487452905546255949e-02
-9.266252626165711881e-01 -3.744915297623392925e-01 -3.349253085335258256e-02
-9.264714043440348545e-01 -3.748119715085236892e-01 -3.415780662422917419e-02
