1.000000000000000000e+00 0.000000000000000000e+00 0.000000000000000000e+00
9.999475434102375049e-01 2.994244172470264705e-03 -9.795159161718323959e-03
9.998186854705036763e-01 1.243625546503439663e-02 -1.441999553096992917e-02
9.997776637505503272e-01 1.042625562625230581e-02 -1.832803265084272451e-02
9.996911663863672359e-01 1.482270099013062795e-02 -1.994642655492153208e-02
9.994488475771216018e-01 1.916421276490939962e-02 -2.710599212131628577e-02
9.992631763862438454e-01 2.427025121156190651e-02 -2.973314803552840752e-02
9.988831703307556875e-01 2.743333924154534725e-02 -3.846849407424591388e-02
9.986211683989391075e-01 3.139758539933690251e-02 -4.207083161159469453e-02
9.979527173886525437e-01 3.747463702546954822e-02 -5.182689828628577605e-02
9.973608538038393201e-01 4.963298905328410171e-02 -5.298958104750712411e-02
9.965371782849754556e-01 6.197125786957274896e-02 -5.543661023044911540e-02
9.955027533411695551e-01 7.477028411071130753e-02 -5.816936595418811806e-02
9.944742846090496302e-01 8.458237602044353654e-02 -6.218296860220873939e-02
9.925616819970295435e-01 1.011666170329814790e-01 -6.772463927262670214e-02
9.907475892341358614e-01 1.115226839886059168e-01 -7.734280726063856581e-02
9.887472707411805173e-01 1.245247242484444350e-01 -8.290013479812913255e-02
9.870960888213222706e-01 1.352591525680600371e-01 -8.571043109365070189e-02
9.837335975042971192e-01 1.553848889077450723e-01 -9.013185218155302103e-02
9.807626402111657704e-01 1.686970492415738876e-01 -9.821382491985720942e-02
9.771451494265092075e-01 1.881281936254874665e-01 -9.897043034621799684e-02
9.722549873755003125e-01 2.078478174369195464e-01 -1.073290792635038932e-01
9.678436322890354715e-01 2.260065296918122857e-01 -1.104525197590739000e-01
9.631701153580529695e-01 2.431813853588882246e-01 -1.147438461473867799e-01
9.572219437467930359e-01 2.631977328050337239e-01 -1.202211003891722890e-01
9.513215038898846787e-01 2.821704968986886164e-01 -1.239645771803063318e-01
9.430606360932412002e-01 3.053053548188857658e-01 -1.320048764965790211e-01
9.371697614102780793e-01 3.235935631861808215e-01 -1.303842559246887467e-01
9.290229055838346017e-01 3.457702275556884253e-01 -1.317550787061395057e-01
9.214148237812715969e-01 3.658290052031009654e-01 -1.310109593273269535e-01
9.132164658364587684e-01 3.848488044535027797e-01 -1.338921017409284431e-01
9.051743956687926529e-01 4.042882883568514885e-01 -1.311880479532511468e-01
8.942992363693735847e-01 4.264876276438954728e-01 -1.354148835223868974e-01
8.858752694537223027e-01 4.437932695208908207e-01 -1.351760046552999417e-01
8.733999742175683201e-01 4.666689258831636655e-01 -1.392573527846858172e-01
8.595060848609251680e-01 4.906384693647197759e-01 -1.432591883873519656e-01
8.483828585833712577e-01 5.105611302963716236e-01 -1.399066447106719902e-01
8.376709761562534107e-01 5.275862901720015374e-01 -1.412800548078310958e-01
8.234523893215602852e-01 5.486710045060368968e-01 -1.445209460613541275e-01
8.080813149488138558e-01 5.693886211516854257e-01 -1.510006617618319669e-01
7.926299845184169302e-01 5.886487799820995237e-01 -1.588406001209251295e-01
7.741750872851705934e-01 6.119181541519779222e-01 -1.618923171730339838e-01
7.552577587236154466e-01 6.350245686302128378e-01 -1.622637687923048355e-01
7.392743905625210887e-01 6.522964516682507874e-01 -1.672803963606804833e-01
7.185983349345287374e-01 6.751303574783997785e-01 -1.667796438067952469e-01
7.026302870163577685e-01 6.926197956232277297e-01 -1.630598487875596636e-01
6.845716958031886623e-01 7.102571559548035429e-01 -1.640011630332924020e-01
6.677456312279581585e-01 7.267492634056589296e-01 -1.610940571212567674e-01
6.491598539984625438e-01 7.425402281938296989e-01 -1.650015420971026048e-01
6.299714855824780635e-01 7.600353942468828228e-01 -1.596312663081101701e-01
6.090551307980640594e-01 7.779106330539539149e-01 -1.546185880091768272e-01
5.864273163768857211e-01 7.951944553206354849e-01 -1.541713134976107902e-01
5.765783608882749656e-01 8.020160484877794094e-01 -1.559732824685483854e-01
5.536652697674488977e-01 8.172882435691146696e-01 -1.596706271328554028e-01
5.329110650389966564e-01 8.318864543373928333e-01 -1.548248597522944303e-01
5.128348950968089071e-01 8.441124658335420472e-01 -1.564433721657322029e-01
4.916665598082045063e-01 8.562483517075492045e-01 -1.584385295030315000e-01
4.716009556894963928e-01 8.681158592418154463e-01 -1.548141033890381990e-01
4.518039007297332543e-01 8.785358585564669864e-01 -1.550741551448453770e-01
4.378262977761173125e-01 8.862005786113337225e-01 -1.515146222205862314e-01
4.199337940374600064e-01 8.941782327202204561e-01 -1.552446785510666338e-01
3.955451990592339095e-01 9.056855070101574867e-01 -1.525705449255804480e-01
3.746380479345641223e-01 9.149930607059847398e-01 -1.497799876308602840e-01
3.551173778949556770e-01 9.228002918835197521e-01 -1.494365483096352087e-01
3.355957026963632406e-01 9.310957911990920266e-01 -1.429551128065489063e-01
3.128718797791776307e-01 9.392886172061658545e-01 -1.408832599014323284e-01
2.954586036155466555e-01 9.447195008148709938e-01 -1.421593850650976210e-01
2.729881106853745409e-01 9.525900542677508964e-01 -1.343491456632379122e-01
2.522357274629783430e-01 9.582917938246540146e-01 -1.343651320755155920e-01
2.358794361235030390e-01 9.634636296831357027e-01 -1.268808052662971642e-01
2.180537620812391664e-01 9.673811947768233832e-01 -1.289425982055401598e-01
2.019073146854063472e-01 9.708298839468308961e-01 -1.293166095320771869e-01
1.855704196501106740e-01 9.734932888450443800e-01 -1.336953583218654651e-01
1.601563315515463493e-01 9.780007071393144180e-01 -1.336584422286422880e-01
1.324117221397150823e-01 9.821594035001234291e-01 -1.335292282544094378e-01
1.217789979251616417e-01 9.834763786302700428e-01 -1.339555940966611902e-01
1.015583618085963147e-01 9.860350818461084410e-01 -1.319876102732548684e-01
8.377866698259434086e-02 9.881771164470717350e-01 -1.284022373239991632e-01
7.130846175586892655e-02 9.888642956858791910e-01 -1.306235851649487356e-01
5.376363438347504797e-02 9.898922444181041946e-01 -1.312357766154973182e-01
3.598751655000977101e-02 9.907738795926216424e-01 -1.306599833490912910e-01
1.758034605184270044e-02 9.904790651710211336e-01 -1.365363188063255240e-01
-4.680357801469761658e-03 9.915133150569256371e-01 -1.299209541784339672e-01
-2.143228502717684641e-02 9.910928842345378964e-01 -1.314365472277198577e-01
-3.900566175247158207e-02 9.908606936876557247e-01 -1.291265193936576849e-01
-6.060646742356367439e-02 9.892580183890973267e-01 -1.330242214035928794e-01
-7.453381978574422084e-02 9.885317039357279789e-01 -1.313384724847717067e-01
-9.286107075211863515e-02 9.868409096857113649e-01 -1.323701432764583241e-01
-1.119331820644547948e-01 9.846842947220156850e-01 -1.336705529002255866e-01
-1.318480098802716771e-01 9.821049122143347132e-01 -1.344844151849397540e-01
-1.505190343125686059e-01 9.795974919775901624e-01 -1.331645153359928557e-01
-1.705672054865217113e-01 9.757121468705880485e-01 -1.374505357525062088e-01
-1.866838746135413007e-01 9.727015266295214735e-01 -1.378437011950446045e-01
-2.104974292319055362e-01 9.678813124115519528e-01 -1.374649490457268419e-01
-2.315684457173056154e-01 9.637093247115205985e-01 -1.328171940552943242e-01
-2.533772509855895527e-01 9.582960265906116382e-01 -1.321692431874901263e-01
-2.742341092531417890e-01 9.530353004231688629e-01 -1.285277569492754568e-01
-2.910684993123058839e-01 9.478849464147002246e-01 -1.295888571525636579e-01
-3.058796450100296771e-01 9.437730201006532260e-01 -1.254198717720286516e-01
-3.240603463810903251e-01 9.379718663962391956e-01 -1.232626652256713501e-01
-3.372494638500705966e-01 9.336295656407582744e-01 -1.208248659460131325e-01
-3.502280931748478765e-01 9.291196537917622011e-01 -1.186463935055229596e-01
-3.620299525008736086e-01 9.241944565440636250e-01 -1.216508724753178061e-01
-3.787042815146865471e-01 9.167468615731633186e-01 -1.271151962071383201e-01
-3.913106797200621156e-01 9.110267754625223091e-01 -1.300237682742143297e-01
-4.104298965224693063e-01 9.022969756487818627e-01 -1.319374154272528465e-01
-4.236374427423900690e-01 8.952350767611799709e-01 -1.381502364888515244e-01
-4.438256868856463311e-01 8.841573049894025926e-01 -1.458925378230743752e-01
-4.593424115564864740e-01 8.758987039176656664e-01 -1.476686225132806674e-01
-4.782444497434116815e-01 8.654328558330528498e-01 -1.493594019116233351e-01
-4.999328307937290772e-01 8.525783125442969457e-01 -1.522412496519682246e-01
-5.160134792702695261e-01 8.414218062404575926e-01 -1.604351731745463361e-01
-5.368435046570275704e-01 8.270238860875195330e-01 -1.668249245192874874e-01
-5.574297152785647746e-01 8.121862057020095005e-01 -1.721211552817630275e-01
-5.778728435536856223e-01 7.972388839405762928e-01 -1.745656058347165585e-01
-5.995199961525464749e-01 7.804042050820013676e-01 -1.776092978429461844e-01
-6.157759061372104492e-01 7.671917273085576694e-01 -1.795463693850515019e-01
-6.362981726645973168e-01 7.506179080127532988e-01 -1.780376462816843364e-01
-6.539604456076663075e-01 7.340505121452184367e-01 -1.830453291531067284e-01
-6.735576300359286117e-01 7.152597723388758322e-01 -1.863426640927201283e-01
-6.890905531393339833e-01 6.996909088450096181e-01 -1.886447798937154752e-01
-7.092897638728862253e-01 6.773155913708110987e-01 -1.953244283816034654e-01
-7.326369723692892633e-01 6.530080047289603673e-01 -1.918948248364509834e-01
-7.527112935891140388e-01 6.297516901835497061e-01 -1.919336565220006452e-01
-7.696684495440250240e-01 6.099144815991468516e-01 -1.887188754528403845e-01
-7.891987142182461668e-01 5.853695536529117671e-01 -1.857629822946329778e-01
-8.032565002452816127e-01 5.661902778581469065e-01 -1.849528978258791756e-01
-8.205555101828241327e-01 5.417164013216096974e-01 -1.822964759390894862e-01
-8.343210435671578606e-01 5.210034091508225496e-01 -1.801772837342599798e-01
-8.470665492764422044e-01 5.005204704809588234e-01 -1.787666899120943786e-01
-8.624481697903598754e-01 4.732742861459257044e-01 -1.794285769826129973e-01
-8.742667306823306284e-01 4.512319180319083745e-01 -1.790180142120674778e-01
-8.871001537258306202e-01 4.287966651794339334e-01 -1.708412888951930664e-01
-8.979852612710423898e-01 4.065788534523978592e-01 -1.682739282925712343e-01
-9.075611613901904962e-01 3.861138707318811925e-01 -1.650721823991725401e-01
-9.161915855090465577e-01 3.672243989128162744e-01 -1.604344951711679790e-01
-9.226200595801583582e-01 3.507856449374223695e-01 -1.603797515685052300e-01
-9.311492881742694516e-01 3.316093953389738225e-01 -1.516450435763121163e-01
-9.367246341165259560e-01 3.176028039455695562e-01 -1.472257650193145029e-01
-9.427770641730742751e-01 3.030929047539973054e-01 -1.389464072911929526e-01
-9.475849290603565178e-01 2.906060138720637509e-01 -1.327815963587388737e-01
-9.545254460440631972e-01 2.712829265511211840e-01 -1.236396006341825560e-01
-9.590588699864059929e-01 2.558155596331065929e-01 -1.215092069257794477e-01
-9.644009488166283006e-01 2.360136026613156024e-01 -1.192828279656181628e-01
-9.672377258281408263e-01 2.261771842532711574e-01 -1.153042345930827411e-01
-9.719188821872328798e-01 2.067116295540767645e-01 -1.124455051372443004e-01
-9.754765016475516193e-01 1.922660571246471994e-01 -1.071417766261257148e-01
-9.775673506090836185e-01 1.834800207659134375e-01 -1.034270715495001908e-01
-9.811735981853526578e-01 1.638654704281927166e-01 -1.022080215212474025e-01
-9.840275319837658019e-01 1.507500595665350607e-01 -9.467965329025787580e-02
-9.849835580769905619e-01 1.458523778792905901e-01 -9.238222240004648200e-02
-9.878410174169861557e-01 1.307943925052461043e-01 -8.404136541230926294e-02
-9.892387319631885667e-01 1.213138441384540994e-01 -8.179047771168528047e-02
-9.914872956277724914e-01 1.065215041541239804e-01 -7.487396830430217975e-02
-9.924885965029970336e-01 9.853065162631544083e-02 -7.251272841789446755e-02
-9.936289493613720269e-01 9.193148184799601608e-02 -6.519288653725123506e-02
-9.944105690856810398e-01 8.518101949365966541e-02 -6.238439468355704010e-02
-9.951438364767556388e-01 7.808417698234854099e-02 -5.992999801333776660e-02
-9.956042850439108527e-01 7.426801856729962903e-02 -5.706459174857422129e-02
-9.963303607171182241e-01 6.814512326984561996e-02 -5.178854106303691640e-02
-9.968787201436578593e-01 6.275409352713819111e-02 -4.790343777343842452e-02
-9.973214071211438103e-01 5.854738456012634207e-02 -4.384304873117222251e-02
-9.982069065204821623e-01 4.718675204134521739e-02 -3.682905802320859956e-02
-9.987419116601574665e-01 3.732694639913178292e-02 -3.348566776856080895e-02
-9.987411046718933649e-01 3.505228359628884821e-02 -3.588231166356842944e-02
-9.990932565013845856e-01 2.369569786921405657e-02 -3.537196225559959689e-02
-9.991971658607263773e-01 1.826376872653040842e-02 -3.565747459115352347e-02
-9.994690221540177832e-01 1.269417845495172253e-02 -3.000880689253090580e-02
-9.994168463818519088e-01 9.248678114199078773e-03 -3.286983637572924583e-02
-9.997159906167609744e-01 3.679045204893728431e-03 -2.354569009961008513e-02
-9.996463972217686234e-01 5.179212787078095286e-03 -2.608166117602479447e-02
-9.996344925544197180e-01 -1.336090508400450058e-03 -2.700172171823497433e-02
-9.996142984564806433e-01 -6.173520973840651398e-03 -2.707653560036553386e-02
-9.996364860126634166e-01 -4.820394119610185886e-03 -2.652652366180553375e-02
-9.995846535721339965e-01 -6.607893654580014424e-03 -2.805089893800478615e-02
-9.995405344562915406e-01 -8.137315187339112105e-03 -2.919761877478894638e-02
-9.995035389844819651e-01 -1.166272123269248596e-02 -2.926864114144523549e-02
-9.995192620499147029e-01 -1.459571059255948544e-02 -2.735336979111862091e-02
-9.994369980873564208e-01 -1.963083806484346161e-02 -2.720870930547636402e-02
-9.991108213197860133e-01 -2.901503445699676192e-02 -3.058907374786962521e-02
-9.990485303104181813e-01 -3.359714280946513726e-02 -2.780760658795949913e-02
-9.987774339563202375e-01 -3.833483245058252192e-02 -3.121017675472711334e-02
-9.986824897291107783e-01 -4.286974981590439132e-02 -2.820401135788107999e-02
-9.985255066582698902e-01 -4.750145041049772671e-02 -2.627587689393403453e-02
-9.983828496571870437e-01 -5.008749108227579516e-02 -2.688727770591788774e-02
-9.982541769973879431e-01 -5.417812423606972044e-02 -2.352287865587975729e-02
-9.980134186086246917e-01 -5.775595202167259357e-02 -2.516869453376570712e-02
-9.975548865141302679e-01 -6.577850609577537422e-02 -2.361002786319629787e-02
-9.974415545463398702e-01 -6.860142443419246783e-02 -2.010439374022668022e-02
-9.975295861340817138e-01 -6.660589831294613794e-02 -2.232433484675148960e-02
-9.969603924163978892e-01 -7.429800989437096437e-02 -2.344735691642937242e-02
-9.968451518714682713e-01 -7.682984114473941084e-02 -1.992273822386842266e-02
-9.963458641090514600e-01 -8.322746801231412084e-02 -1.918604680336831458e-02
-9.959735568671052031e-01 -8.786210124276155886e-02 -1.780230129393892829e-02
-9.960828771831329309e-01 -8.716260761126157219e-02 -1.488550912002960247e-02
-9.955400216434751037e-01 -9.371844108021253061e-02 -1.081276197626134840e-02
-9.953186917273746381e-01 -9.599967762317496156e-02 -1.116962459986133374e-02
-9.950126258673059887e-01 -9.897445982677531562e-02 -1.240674807145612790e-02
-9.944702959512840001e-01 -1.044337867594200969e-01 -1.106396798063324048e-02
-9.936869054118536715e-01 -1.116535176603070806e-01 -1.094635703370273883e-02
-9.944154947095067421e-01 -1.051042111811237162e-01 -9.535483273425997969e-03
-9.943777415300437683e-01 -1.056752119723419203e-01 -6.756735975000629536e-03
-9.945488482317221823e-01 -1.040139970966548616e-01 -7.326229761593208711e-03
-9.942213068783478658e-01 -1.071581835034228769e-01 -6.411972955679714342e-03
-9.941123321682696634e-01 -1.079670783460723732e-01 -9.153020550844185796e-03
-9.938818648758372953e-01 -1.102274403071917125e-01 -6.981891459515159049e-03
-9.938168901018423762e-01 -1.109623796839355747e-01 -3.916118743729509952e-03
-9.937732391111697705e-01 -1.114214400809398486e-01 9.306553234775683664e-05
-9.935517540957694571e-01 -1.133792453912656067e-01 2.353529400563992115e-04
-9.936524440693730309e-01 -1.124339960105386893e-01 3.662473042969546615e-03
-9.936793766009611728e-01 -1.122483903776655412e-01 -1.261813112402819341e-03
-9.946716681349294653e-01 -1.030493195176289678e-01 3.017833437558583264e-03
-9.946288650374777163e-01 -1.033269133095034292e-01 6.080031874519858937e-03
-9.943621323507596532e-01 -1.057893475516972631e-01 7.249871202521479367e-03
-9.947967911044232059e-01 -1.016338707651899403e-01 7.063827293874693630e-03
-9.950690682674088183e-01 -9.907780071165496472e-02 4.597355468756153703e-03
-9.948155045783769745e-01 -1.015864891796572911e-01 4.721647832933393088e-03
-9.949013840298127631e-01 -1.007371856193623183e-01 4.822072306145901328e-03
-9.949621401279271637e-01 -1.001712987812040795e-01 4.005933364284245714e-03
-9.952284748199409226e-01 -9.743183878446745605e-02 5.226529892613514944e-03
-9.959805115863602509e-01 -8.916549277024295173e-02 8.504847240009332995e-03
-9.961001342462499908e-01 -8.794474916532421527e-02 7.088062273934420295e-03
-9.959296484515018921e-01 -9.000403752316470107e-02 4.837932151840896276e-03
-9.950086196561407359e-01 -9.972790691370708727e-02 3.491191934024365923e-03
-9.947826248511161262e-01 -1.019982935844698374e-01 -1.968371260103734567e-03
-9.947911361424744969e-01 -1.017689207041319321e-01 -5.803389169181487339e-03
-9.944718932488765262e-01 -1.049453101121562565e-01 -3.483177562082509938e-03
-9.946832787903746587e-01 -1.029226062762656629e-01 3.479834578513071441e-03
-9.947436168165604276e-01 -1.023962098055016534e-01 3.876354172743347662e-04
-9.944551827714565029e-01 -1.050390308220156138e-01 5.068400069260127830e-03
-9.944404734891882924e-01 -1.052200887994905881e-01 4.107897010263802072e-03
-9.943839964144688404e-01 -1.057169536086584177e-01 4.938684993615648569e-03
-9.944590190788347162e-01 -1.050629521156382362e-01 3.610079970320360931e-03
-9.948349418832164170e-01 -1.013309232364251605e-01 5.956479358243726985e-03
-9.947046194462031421e-01 -1.027714880291966809e-01 8.594140139343894175e-04
-9.944736794332466046e-01 -1.049610616286998782e-01 -2.296478548126123283e-03
-9.940663008173693527e-01 -1.087743177609306472e-01 5.785021591687461613e-04
-9.941487485186080164e-01 -1.080080859876735161e-01 -1.586336803683698407e-03
-9.940468745417102570e-01 -1.089515203740208243e-01 -6.121274507717204766e-04
-9.942852899660340471e-01 -1.067517018313863530e-01 9.130214259468692186e-04
-9.945897112847918997e-01 -1.038478212065989947e-01 2.633163361470070886e-03
-9.941900923125743805e-01 -1.076314329171928486e-01 1.237875484367876580e-03
-9.947627979834382517e-01 -1.021981048559402194e-01 -1.587578192635248761e-03
-9.950502673553595079e-01 -9.937171422841080404e-02 4.745302223524039843e-04
-9.948002345687899650e-01 -1.018450797124910295e-01 -2.653021374562769671e-04
-9.947188211598699814e-01 -1.025905224432805962e-01 3.106261325977278075e-03
-9.948162151380633977e-01 -1.016536791644676169e-01 2.687923836302074515e-03
-9.947542309323598175e-01 -1.022925718193649636e-01 4.971279019270469224e-04
-9.943465844222945105e-01 -1.061447730788425275e-01 2.855609622987857320e-03
-9.939349480137456005e-01 -1.097310161742219431e-01 7.240200487646649211e-03
-9.938039608618133292e-01 -1.111153377018577054e-01 2.658286286208870995e-03
-9.942492549644048605e-01 -1.070177087223969925e-01 3.953028429742224369e-03
-9.943054203670833591e-01 -1.065666768648734081e-01 5.213564680644398007e-04
-9.941546565718113460e-01 -1.079274344994823748e-01 -2.860965372937129998e-03
-9.943460040176285153e-01 -1.061539188984770704e-01 -2.714262830055217540e-03
-9.946115181125406712e-01 -1.035926433365752797e-01 4.060777671673509136e-03
-9.943619042170428468e-01 -1.058223406746702511e-01 6.784781088921451944e-03
-9.944932765431154786e-01 -1.045778799364539408e-01 6.825506382492633334e-03
-9.940755960348229836e-01 -1.085806908077783239e-01 4.892912709752275310e-03
-9.943829022595674916e-01 -1.048680730140432865e-01 1.432930587627657092e-02
-9.947207687550905231e-01 -1.017135711914128049e-01 1.359925258029570996e-02
-9.946024485577125152e-01 -1.024089378157990726e-01 1.668462772737394628e-02
-9.944865018586007688e-01 -1.035000431267650428e-01 1.686228682327581621e-02
-9.945096129374453309e-01 -1.025068675977183069e-01 2.104685098518899872e-02
-9.946053915064991813e-01 -1.009072497011848785e-01 2.403830816702189760e-02
-9.950552373773958736e-01 -9.544257297773169058e-02 2.749159964845896212e-02
-9.957386747348212497e-01 -8.902488352393891913e-02 2.406366360507284155e-02
-9.963855188456108847e-01 -8.200246966612340094e-02 2.216959421498631427e-02
-9.968674054769195436e-01 -7.478219393592207276e-02 2.574874027718749778e-02
-9.971862165637096487e-01 -6.909041580003463801e-02 2.908886919123057288e-02
-9.973102351446420100e-01 -6.646802506715816794e-02 3.089166448600917658e-02
-9.975665526781370973e-01 -6.117072698058181185e-02 3.345315549546559047e-02
-9.975693714722621008e-01 -5.985315104255092139e-02 3.567839560838066693e-02
-9.977472073030663191e-01 -5.391982796334811312e-02 3.991442204040372699e-02
-9.980992766522652770e-01 -4.674175047746335909e-02 4.016268598994148648e-02
-9.981852224155101094e-01 -4.328237718764002540e-02 4.186760428712558296e-02
-9.982635508117015943e-01 -3.798343117377130096e-02 4.502378120794236355e-02
-9.985286545893041765e-01 -3.345379578895298772e-02 4.267749085416702726e-02
-9.989892037779765088e-01 -2.202054951140067218e-02 3.918755811179066434e-02
-9.991449976852184722e-01 -1.523692062055245246e-02 3.843316815234065070e-02
-9.992584603777560082e-01 -1.331382887255828755e-02 3.612851864249996131e-02
-9.991684118398503900e-01 -1.095668773226133805e-02 3.927383807388077491e-02
-9.991742886906386234e-01 -4.568238275839937336e-03 4.037165650499277558e-02
-9.991277169297536620e-01 2.016390257577576305e-03 4.171016835050128657e-02
-9.990454636424683788e-01 5.520746578077497316e-03 4.333222453434792953e-02
-9.990244120782616477e-01 6.317323919079623727e-03 4.370714176677819446e-02
-9.991116173189897864e-01 6.415919605044770324e-03 4.165106081487007783e-02
-9.992281365970330231e-01 1.457597437970965630e-02 3.647835563060004144e-02
-9.991464581613703766e-01 1.319849746497984457e-02 3.914272860700908352e-02
-9.988641069547229412e-01 2.209633837484652197e-02 4.221665680668066495e-02
-9.986870201066824215e-01 2.553020581391553592e-02 4.441219363106495288e-02
-9.985228272516831760e-01 3.459206646604123803e-02 4.189929269696006375e-02
-9.985844651760865665e-01 3.708632423368453390e-02 3.812700825899720952e-02
-9.983772042159809734e-01 4.581023181503664221e-02 3.382866588922294609e-02
-9.982233445557702201e-01 4.884533056605575713e-02 3.412163455027934778e-02
-9.978435083861951771e-01 5.564000257958679613e-02 3.482126906240644998e-02
-9.975959013521225049e-01 6.077459393240512708e-02 3.329961284596515136e-02
-9.971814287797562404e-01 6.502679971125557845e-02 3.742607886799467765e-02
-9.969261090653428470e-01 6.822483652294267231e-02 3.851886198141379197e-02
-9.966373690372480887e-01 7.200775864298410156e-02 3.910032380304757221e-02
-9.963151020161826743e-01 7.779255826713114830e-02 3.611832280907589093e-02
-9.962140666589806015e-01 8.079037869028146690e-02 3.210055886863097396e-02
-9.958193171728502158e-01 8.599125013602171297e-02 3.081217666941637318e-02
-9.948826898253706474e-01 9.684575158184946519e-02 2.879811698068092396e-02
-9.952068953153012654e-01 9.467283380762780975e-02 2.450077098265642309e-02
-9.948522175814101809e-01 9.664336892731366369e-02 3.048150717753324648e-02
-9.941940474825894380e-01 1.025772288341406241e-01 3.249778436878131282e-02
-9.942696507772371683e-01 1.007870509375586449e-01 3.563467146171870464e-02
-9.930215425617109348e-01 1.115063996813652619e-01 3.839970071621019720e-02
-9.924838328028250389e-01 1.155238815654437423e-01 4.037415835886309923e-02
-9.920092556209753054e-01 1.199357917452804762e-01 3.915406552649417643e-02
-9.910661728397652803e-01 1.277921520772494490e-01 3.817073669701347843e-02
-9.907207506322407431e-01 1.305427222346209337e-01 3.782843058318786922e-02
-9.901717866591959183e-01 1.345939727582542988e-01 3.800386331765624737e-02
-9.900818325671909559e-01 1.363554416680206882e-01 3.384016120791451948e-02
-9.889435582208833120e-01 1.446769846353131994e-01 3.254545832649811954e-02
-9.891277021774356193e-01 1.445506612564372573e-01 2.704613159506513015e-02
-9.883804135534937085e-01 1.503619764133536374e-01 2.225830587671678851e-02
-9.881572581749545892e-01 1.517621493817403744e-01 2.266012270961299813e-02
-9.878315387738753062e-01 1.537417828310757295e-01 2.350134582149947249e-02
-9.875150195157487154e-01 1.555290538626090402e-01 2.499595340431828849e-02
-9.865156334575049257e-01 1.611961811204186967e-01 2.833185883351799217e-02
-9.854754732764187120e-01 1.676722714940257764e-01 2.690908746903680065e-02
-9.859534920673778124e-01 1.655835141799597010e-01 2.185885162172038210e-02
-9.855972031369202302e-01 1.670095231067814656e-01 2.657010567689952613e-02
-9.850890948130098801e-01 1.701216752546692024e-01 2.565324599666338884e-02
-9.852497198988743321e-01 1.692350874267207483e-01 2.534704649152657099e-02
-9.847381879110307379e-01 1.722641218746368552e-01 2.481474799911017465e-02
-9.844887723686400749e-01 1.737901056088441698e-01 2.405939318135385738e-02
-9.844035685602335883e-01 1.743726585732135181e-01 2.331926827030917845e-02
-9.840681374874722387e-01 1.766416590451485302e-01 2.018967885050733033e-02
-9.838811642624794018e-01 1.775042131884543295e-01 2.168195050899231549e-02
-9.839053337728478343e-01 1.779268871230035576e-01 1.650197278421570990e-02
-9.829552148158018365e-01 1.826412299627752922e-01 2.100535909708357504e-02
-9.823465891337735956e-01 1.860297740679941747e-01 1.970026094039294129e-02
-9.820606837642865683e-01 1.872631873724068530e-01 2.212036194297076555e-02
-9.813157556191095532e-01 1.910854411390411345e-01 2.248867088977967235e-02
-9.808740088650351741e-01 1.933005331614163214e-01 2.282719824080672172e-02
-9.807220252580493014e-01 1.944704451222598884e-01 1.911945331645968638e-02
-9.810363913295356841e-01 1.929427320195655771e-01 1.845804431347120023e-02
-9.805515335497452245e-01 1.957107555410970423e-01 1.469654658984594423e-02
-9.811163142696842643e-01 1.929233158209480159e-01 1.383366812942323811e-02
-9.795768121542431928e-01 2.005461530039526208e-01 1.450889177595400710e-02
-9.779379803627441525e-01 2.083640307066577657e-01 1.489079012462289457e-02
-9.776888966581073204e-01 2.095894569827806975e-01 1.402423701454457751e-02
-9.772813975690446409e-01 2.117028008274441375e-01 1.014851555897625796e-02
-9.767518632729362826e-01 2.141160340882593272e-01 1.049379962479384844e-02
-9.772780998010448528e-01 2.112554267914118211e-01 1.728173892598369038e-02
-9.767569254843115889e-01 2.135594074670570941e-01 1.839255848169624175e-02
-9.756132685064426990e-01 2.184395105637564893e-01 2.151578060517434637e-02
-9.742136118979379811e-01 2.251007729814231972e-01 1.541033578718565764e-02
-9.735185450279179031e-01 2.284004580626293190e-01 9.740192360034875124e-03
-9.721374151717644407e-01 2.342417649097204846e-01 8.924108853455944845e-03
-9.720771899142240935e-01 2.344665846051686986e-01 9.558016369509097707e-03
-9.726919063808389110e-01 2.318563406575843422e-01 1.063441062683546934e-02
-9.729060588956022215e-01 2.310366775004980278e-01 8.709325690998888717e-03
-9.728944613750002413e-01 2.311854336667561738e-01 5.446139626653602288e-03
-9.733287436974716877e-01 2.294017890393818815e-01 -2.444214596616314621e-03
-9.725669336701018297e-01 2.325843243657171322e-01 -4.253215941136093831e-03
-9.728978918639991091e-01 2.312321772265131803e-01 1.170672891426940282e-03
-9.718580712306473801e-01 2.355128101076972846e-01 5.060049497118345244e-03
-9.725036108062036222e-01 2.326923186427281021e-01 9.539927314533694358e-03
-9.720547582254165375e-01 2.346117474902320865e-01 8.177611817015893736e-03
-9.709277770802565710e-01 2.393349478676122244e-01 -4.246432243592789674e-03
-9.729701030436196385e-01 2.306377760810042477e-01 -1.163585995194260821e-02
-9.736934957305637406e-01 2.274213416156426193e-01 -1.416009172669470233e-02
-9.730981236930713596e-01 2.295167434668602957e-01 -2.005254388695598342e-02
-9.746059597477623182e-01 2.229455707759774863e-01 -2.094025142152435709e-02
-9.738970606296908361e-01 2.258319882501211850e-01 -2.290036642236922479e-02
-9.755147695586301460e-01 2.187624076657779526e-01 -2.267028363747152983e-02
-9.764788215147300887e-01 2.144877253222002844e-01 -2.200284524653487242e-02
-9.773613369535147921e-01 2.108557284308583135e-01 -1.745500389475094713e-02
-9.774661225195839798e-01 2.103840123414185137e-01 -1.727845542285271277e-02
-9.785504874440428269e-01 2.052203537886329587e-01 -1.798744797075795335e-02
-9.792553346572792083e-01 2.019716577750391151e-01 -1.632290794274336709e-02
-9.799411524082084490e-01 1.979908838858317754e-01 -2.269242744242731119e-02
-9.806437913902108505e-01 1.950144659390215529e-01 -1.752458113673433654e-02
-9.806864109355024617e-01 1.946971244198685003e-01 -1.863307849487944035e-02
-9.817368461369199162e-01 1.888474076459559781e-01 -2.300913394247944277e-02
-9.830090642700253234e-01 1.816043909717507399e-01 -2.670250337738089980e-02
-9.825669538530883429e-01 1.836756066130945941e-01 -2.873067445843629011e-02
-9.834391551754759764e-01 1.786870362518155619e-01 -3.030462159688607562e-02
-9.839397777315215254e-01 1.756002585263859439e-01 -3.204780771458177330e-02
-9.857450204079878375e-01 1.654135505076617663e-01 -3.074265723232845124e-02
-9.862388032117210823e-01 1.627316172635854263e-01 -2.917949057293872661e-02
-9.870952173878757563e-01 1.580579002255267096e-01 -2.570468539683841772e-02
-9.875152166487035643e-01 1.556710671302730109e-01 -2.408764344253730080e-02
-9.877087043646497477e-01 1.538814603042237272e-01 -2.742280792590498853e-02
-9.876904260753015530e-01 1.524332017027068831e-01 -3.509615755861156955e-02
-9.881386144546066008e-01 1.488259565597509215e-01 -3.785382922259974275e-02
-9.891242903558904453e-01 1.412092479024014136e-01 -4.114712380946417003e-02
-9.899984204693779155e-01 1.357488090024448479e-01 -3.841077403342231522e-02
-9.903911085258961799e-01 1.314449901078081628e-01 -4.298448647020827046e-02
-9.902136574418810566e-01 1.332510491989438162e-01 -4.148577891759248903e-02
-9.914452039990668819e-01 1.242904260924582172e-01 -3.985344030107817320e-02
-9.924539432188761445e-01 1.182364442206305516e-01 -3.248557858561958167e-02
-9.930127998465898553e-01 1.123031885931260604e-01 -3.624323751865227844e-02
-9.928733360640212835e-01 1.130439286987083430e-01 -3.773072771030924755e-02
-9.935723051036473574e-01 1.077011818336368193e-01 -3.485009198462431235e-02
-9.946263470642922044e-01 9.975451200554372178e-02 -2.770316868329424781e-02
-9.947854620851236396e-01 9.764762642824338645e-02 -2.944187484585237408e-02
-9.950942193482380516e-01 9.513940164824659373e-02 -2.712908727219310104e-02
-9.953174572470571135e-01 9.173079799894512387e-02 -3.047324242240615280e-02
-9.955757865430092668e-01 8.734389610223658451e-02 -3.463951192295225412e-02
-9.960171013236699400e-01 8.304043012108427990e-02 -3.246874634656457537e-02
-9.963718223088803283e-01 8.095917525744457388e-02 -2.624504227946318838e-02
-9.966338476342700980e-01 7.837825137870137182e-02 -2.403792912778248206e-02
-9.963799375131687786e-01 8.028901096243469537e-02 -2.794089112752929857e-02
-9.967098050980675028e-01 7.450845509993953009e-02 -3.190694556938900722e-02
-9.971157140361962545e-01 6.868254816717481170e-02 -3.229487649128821858e-02
-9.974108443730106410e-01 6.211597904961044941e-02 -3.623826077096515413e-02
-9.977346160787189389e-01 5.711555740506765039e-02 -3.554501152270658770e-02
-9.980009036605330675e-01 5.472778190526011305e-02 -3.160798944333993721e-02
-9.984385224077531040e-01 4.788502733126769051e-02 -2.876699182290850393e-02
-9.986295639021149917e-01 4.251079730682498503e-02 -3.052580777311719035e-02
-9.989374607117865734e-01 3.702399239439078948e-02 -2.744398276949545565e-02
-9.990761672770377411e-01 2.905740777718058068e-02 -3.166193104531438152e-02
-9.991602989414046787e-01 2.655807191537077824e-02 -3.119879287046802702e-02
-9.991765591365475707e-01 2.056508796580923046e-02 -3.497541765373476247e-02
-9.990903176464447366e-01 1.616949236340638890e-02 -3.945990255109834560e-02
-9.992577540393515756e-01 6.576069069557252678e-03 -3.795649340062300092e-02
-9.993100904740128687e-01 8.821792870757749067e-04 -3.712901686145701763e-02
-9.993073922039743540e-01 -9.122105274699334604e-03 -3.607661413107651066e-02
-9.990388415900648411e-01 -2.129757585341872372e-02 -3.831194903990979561e-02
-9.992369648101353530e-01 -2.568872085746163464e-02 -2.942068465254354948e-02
-9.991114607659042912e-01 -3.221827699569317083e-02 -2.717113292787505172e-02
-9.991701072496687042e-01 -3.287043162665831408e-02 -2.405473676363817023e-02
-9.990212688969435373e-01 -3.638544373895086920e-02 -2.515159310724188885e-02
-9.990774892803945262e-01 -3.564420015473240139e-02 -2.395120619548510993e-02
-9.989792203830629713e-01 -4.087173140035499364e-02 -1.923584443961143947e-02
-9.989261966428462092e-01 -4.205354202431597910e-02 -1.944099179268128294e-02
-9.988537280633770221e-01 -4.057751546961799183e-02 -2.539082619225243448e-02
-9.985401894374444920e-01 -4.503171361692721170e-02 -2.982672996416924072e-02
-9.984487605017590139e-01 -4.589274558784799118e-02 -3.152661648743699391e-02
-9.983940846583904127e-01 -4.854575805319939763e-02 -2.919863085029352628e-02
-9.979570620828831506e-01 -5.379951505637382142e-02 -3.445741455704530443e-02
-9.976382608551437325e-01 -5.663694770861532612e-02 -3.886072277584538132e-02
-9.973364818811731869e-01 -6.218303583355179465e-02 -3.812100588646431115e-02
-9.966255675484025911e-01 -7.288688250624207610e-02 -3.774890162090888818e-02
-9.966132130729191685e-01 -7.437385438402149829e-02 -3.508037059578604511e-02
-9.966581874993515333e-01 -7.543550853825151115e-02 -3.133592889759301975e-02
-9.965867245247523876e-01 -7.574949878154219052e-02 -3.281635321643520259e-02
-9.964011590968867571e-01 -8.017998824460874363e-02 -2.749360868640391559e-02
-9.961140005771286221e-01 -8.435221317195110147e-02 -2.532984015818569995e-02
-9.958416951972531850e-01 -8.791501769787514464e-02 -2.388025432838252957e-02
-9.960522757552405793e-01 -8.609834696646763430e-02 -2.160873490229068411e-02
-9.949183694404678535e-01 -9.638786098214800757e-02 -2.910012849629087933e-02
-9.941702358552685359e-01 -1.040300706933189323e-01 -2.834229308185217538e-02
-9.932693611686209678e-01 -1.118567887649296044e-01 -3.006716109266834719e-02
-9.925512630268155112e-01 -1.191958575632493522e-01 -2.518604333656216873e-02
-9.918665983332360936e-01 -1.243657001228554299e-01 -2.708916403930499567e-02
-9.906804044299368783e-01 -1.335956052892026680e-01 -2.654335279096849479e-02
-9.910299378690751171e-01 -1.316592092407338488e-01 -2.292409120020631741e-02
-9.906299796090056731e-01 -1.350181511349917707e-01 -2.055094731939291833e-02
-9.899311553162706279e-01 -1.400759238204860591e-01 -2.037258859550138482e-02
-9.894248781677162929e-01 -1.435686011438278842e-01 -2.065106048485999823e-02
-9.891467704182977938e-01 -1.459144540340394092e-01 -1.725217999627574883e-02
-9.890479469565456316e-01 -1.470340576773966068e-01 -1.285081782019469737e-02
-9.894551644722200390e-01 -1.441635091242769173e-01 -1.397709339624947367e-02
-9.888988571110695069e-01 -1.477510994391097177e-01 -1.576902162244716438e-02
-9.883574293584140857e-01 -1.515044098434217834e-01 -1.400016402336800615e-02
-9.889939427182046217e-01 -1.476071392211251720e-01 -1.015444733612147661e-02
-9.890080180187692527e-01 -1.476540472740409393e-01 -7.837200103650378974e-03
-9.892163330825539669e-01 -1.462689262481567665e-01 -7.513099597858929543e-03
-9.889085552594029105e-01 -1.479749530639846433e-01 -1.277817626534638942e-02
-9.885153715713189682e-01 -1.507539264926822664e-01 -1.051727189067970698e-02
-9.881896582573377330e-01 -1.530260983557504284e-01 -8.013220132473231755e-03
-9.879366373559912429e-01 -1.546897448156261123e-01 -7.230669210088434828e-03
-9.876926382237618540e-01 -1.562662442161980025e-01 -6.641721789462129086e-03
-9.874190902132221614e-01 -1.579465071137766685e-01 -7.512678317408085990e-03
-9.874061747875357842e-01 -1.580557766795511743e-01 -6.885972114954970642e-03
-9.876419636134612379e-01 -1.565701417235283166e-01 -7.010106392239792185e-03
-9.868202163324493181e-01 -1.616614117012964147e-01 -7.172710103986910772e-03
-9.874265867982990885e-01 -1.579484582803573900e-01 -6.404638340953634941e-03
-9.870295188746245341e-01 -1.604534691190800944e-01 -5.235673859491661586e-03
-9.878084160811606562e-01 -1.555548522927340804e-01 -6.100835802905222975e-03
-9.867339771714673802e-01 -1.623022848919651318e-01 -3.745088983811019345e-03
-9.864382544868425251e-01 -1.641125939296813052e-01 -2.574036777962060256e-03
-9.869236372868378515e-01 -1.611808930300709375e-01 -1.566192605812865473e-03
-9.866925844867925344e-01 -1.625862647789126370e-01 -1.857228916901786098e-03
-9.867102822644168159e-01 -1.624654390928070291e-01 -2.792677955015002329e-03
-9.870057846558560888e-01 -1.606136850790944592e-01 -4.777472153942023680e-03
-9.876304185068883745e-01 -1.567832906656635994e-01 -2.270538913131125297e-03
-9.872048451483491638e-01 -1.594560792658973325e-01 5.929723030038865084e-04
-9.882864166611533552e-01 -1.526072350185652959e-01 9.947848690226330105e-04
-9.889420757148384977e-01 -1.483017312130567866e-01 -4.080537588877397766e-04
-9.893696687990695127e-01 -1.454201088967861377e-01 -8.059107389607546345e-04
-9.897907617768459954e-01 -1.424896581343675361e-01 3.308234174794163693e-03
-9.902244287699351055e-01 -1.394446303367688766e-01 3.282517989972324590e-03
-9.901970146904581771e-01 -1.396743572032891068e-01 9.722312583237959979e-04
-9.897566233490631138e-01 -1.427623476556014182e-01 -8.589888498926427900e-04
-9.894887727841091829e-01 -1.445077391931801625e-01 5.429643438646951717e-03
-9.888700241667377488e-01 -1.483579014334359403e-01 1.122530797747981444e-02
-9.901011876934506795e-01 -1.399568328994965083e-01 1.056987028892335603e-02
-9.901432969937332684e-01 -1.398295075254347986e-01 7.997459226208029903e-03
-9.900505736113685007e-01 -1.401868390188648339e-01 1.214540951302934407e-02
-9.896162115001772008e-01 -1.426021610013656071e-01 1.801046315786362234e-02
-9.904706533126658163e-01 -1.360940230140825491e-01 2.112584096997380256e-02
-9.907451616348772472e-01 -1.332147519974436201e-01 2.603562820434177083e-02
-9.911971364224636538e-01 -1.293723193163190954e-01 2.812541872035932353e-02
-9.922573778714770532e-01 -1.212945705866077528e-01 2.670061061203710465e-02
-9.923026947421722532e-01 -1.208134503048738928e-01 2.719322776859571869e-02
-9.929750626852827944e-01 -1.157570429491914521e-01 2.451185914821722364e-02
-9.933294308926048366e-01 -1.136447071415737642e-01 1.953257720477772491e-02
-9.932624647767398507e-01 -1.131704741848271606e-01 2.494231732564353848e-02
-9.937025920467342788e-01 -1.080768040082800696e-01 2.957300539171605139e-02
-9.944193513291973430e-01 -1.015603440837827970e-01 2.855958413655056843e-02
-9.941620320892544660e-01 -1.016348687123329458e-01 3.622439929157283273e-02
-9.944508911004144025e-01 -9.907870928290167523e-02 3.536713500648307196e-02
-9.948308455198711098e-01 -9.269418963613429430e-02 4.146536274084727802e-02
-9.955873588631699578e-01 -8.457733133699060768e-02 4.065078285950331910e-02
-9.955519108646266879e-01 -8.392948321587563598e-02 4.280461287746462756e-02
-9.963000640438084421e-01 -7.708427892779766422e-02 3.800258512841972469e-02
-9.969022067755767269e-01 -7.258938365019250438e-02 3.027823456417225167e-02
-9.967678214870752118e-01 -7.404561445566074096e-02 3.116339205153082284e-02
-9.972338601140671166e-01 -6.857705105886804930e-02 2.866733507405487200e-02
-9.974751313269411002e-01 -6.428805714805102545e-02 3.017296676614486875e-02
-9.977942815007496691e-01 -5.925547039369133406e-02 2.992258106880921545e-02
-9.980581657412860297e-01 -5.480217143712150935e-02 2.960776271709117738e-02
-9.979848739152912263e-01 -5.268059546115335529e-02 3.536871782954947863e-02
-9.982476056806451892e-01 -4.446990931158777138e-02 3.904030035720302411e-02
-9.986026112990923354e-01 -3.803081896164673542e-02 3.669443505631300034e-02
-9.986238482371911918e-01 -3.034762292292063346e-02 4.277185731918933809e-02
-9.987413885409449632e-01 -2.332436431054025344e-02 4.440285048837781801e-02
-9.988170314464411836e-01 -1.743447452639533893e-02 4.539357999274751948e-02
-9.990229006652817656e-01 -1.134990719436342402e-02 4.271327351709316988e-02
-9.988990638802062172e-01 -1.200997184681841523e-03 4.689582398893946819e-02
-9.989993906658783951e-01 -1.527195765371697081e-03 4.469771420936309581e-02
-9.990814835113922543e-01 6.593062869756532648e-03 4.234053999101196342e-02
-9.989912906785043401e-01 1.491051237883046603e-02 4.235656112103280274e-02
-9.989198694396402844e-01 2.056081802183431020e-02 4.166950532003340507e-02
-9.988860313995531204e-01 2.392325170565553008e-02 4.067400590179959252e-02
-9.987439229948311681e-01 3.248107471576776317e-02 3.815175535413711100e-02
-9.985547452862068019e-01 3.820482611296514147e-02 3.779963336043414696e-02
-9.984052637954548004e-01 4.201292979637032132e-02 3.770733758311361344e-02
-9.976369190166413103e-01 5.826075022693383287e-02 3.641789310165567672e-02
-9.972717166344619022e-01 6.372589418825083674e-02 3.725766730219796236e-02
-9.969664604884339587e-01 6.804021876317896400e-02 3.779425187952402398e-02
-9.968483223263390203e-01 7.122807417374654726e-02 3.492826773119214745e-02
-9.961537022090394267e-01 8.165810839777909447e-02 3.177664043071479899e-02
-9.953979819149155750e-01 9.015253045098502171e-02 3.248659513814115829e-02
-9.954901930288628797e-01 9.107878045839232217e-02 2.653170500810469665e-02
-9.955454079510367427e-01 9.126902951702699218e-02 2.364963000389262368e-02
-9.955913016102534430e-01 9.175885893167691487e-02 1.944921624061366622e-02
-9.945676117606567779e-01 1.026755148387847039e-01 1.711736802759132245e-02
-9.950640380131217100e-01 9.892176488569116855e-02 7.876864495145441056e-03
-9.950189997804537168e-01 9.946560152876726679e-02 6.616985415020809093e-03
-9.950953430505296016e-01 9.876993617404937476e-02 5.455113109375834060e-03
-9.949595959635886278e-01 1.002006860284582052e-01 3.901950205216144808e-03
-9.957359569956478751e-01 9.224693956436760822e-02 6.377152033377347408e-04
-9.957109944802636781e-01 9.246564172711836671e-02 -3.117880020137419033e-03
-9.958962889292649612e-01 9.049010164498619280e-02 -1.457316695175988773e-03
-9.961315902857003080e-01 8.783809563852618130e-02 2.514816899969646129e-03
-9.958039981866542156e-01 9.150374580434854355e-02 1.209217015485474726e-03
-9.960048086157211600e-01 8.925622039825871490e-02 2.783671369998717143e-03
-9.957620757221317120e-01 9.192819304674870740e-02 -2.663904592578362172e-03
-9.960029122212750163e-01 8.928492941111113024e-02 -2.529967570026320136e-03
-9.960966651632626734e-01 8.826765506318333399e-02 5.051929376730874069e-04
-9.961052346661386503e-01 8.800934778890004417e-02 5.358795136347025215e-03
-9.961448851336204280e-01 8.753118035440050904e-02 5.801792897593444943e-03
-9.958610113731480862e-01 9.086117813430502621e-02 2.256711333846823236e-03
-9.953044772493805370e-01 9.679174860759530430e-02 5.960986344627629101e-04
-9.952925339209713895e-01 9.689960870036817830e-02 -1.799478152805901801e-03
-9.949205839737105261e-01 1.004867008047389126e-01 -5.954395445451843294e-03
-9.950122174335812586e-01 9.927192684557797908e-02 -9.786317533899527993e-03
-9.955589896688177287e-01 9.346441465797578063e-02 -1.125618306447383025e-02
-9.963417313675013709e-01 8.474126628660100247e-02 -1.104864150157429913e-02
-9.965156360262213964e-01 8.272950796681168006e-02 -1.060264186782212958e-02
-9.969378212459205635e-01 7.713372579149745112e-02 -1.285960074228357716e-02
-9.969165051021771085e-01 7.651861595604765587e-02 -1.738918419936684445e-02
-9.971981752644486496e-01 7.172697524718080198e-02 -2.123772351454141644e-02
-9.975431286665498165e-01 6.687391033982498234e-02 -2.087072557251057336e-02
-9.980368368098321286e-01 5.807127586505250044e-02 -2.345634388729573444e-02
-9.981452093258520453e-01 5.640198327594371508e-02 -2.291196530669598747e-02
-9.984193738347056923e-01 5.146067760862197554e-02 -2.259542806543200083e-02
-9.986101321350357995e-01 4.507773584278094992e-02 -2.730938406273757460e-02
-9.986868276805691558e-01 4.582864536052124599e-02 -2.289882640190887483e-02
-9.988438549508734665e-01 4.338916213338570721e-02 -2.069625010124546971e-02
-9.988481310291486004e-01 3.945591169710825630e-02 -2.730646770039703991e-02
-9.988969745824491930e-01 4.016984887278417932e-02 -2.431498404325501198e-02
-9.988699213939242760e-01 3.476876405706256362e-02 -3.240392965325743918e-02
-9.990968809597144951e-01 2.840304648081169031e-02 -3.160207026397452573e-02
-9.992056843296914792e-01 2.672139782437564504e-02 -2.956296170353434061e-02
-9.993652907084495940e-01 2.342238712549434693e-02 -2.684043317698728282e-02
-9.993419268735742600e-01 2.454961481213066912e-02 -2.670263941150316164e-02
-9.994840468792037802e-01 2.274781485331805325e-02 -2.267549899557773363e-02
-9.995983332657872866e-01 1.776952421981051536e-02 -2.207753181193249092e-02
-9.997656565690934416e-01 1.231940515480871301e-02 -1.780071011503017026e-02
-9.997578394766543086e-01 8.467286735290853461e-03 -2.031178316152186525e-02
-9.998009059199554072e-01 8.886075203913542525e-03 -1.786581294013935700e-02
-9.998928250685003016e-01 4.450772483863831355e-03 -1.394740473068020389e-02
-9.998999811497840673e-01 -5.564333374127065565e-04 -1.413220358729165398e-02
-9.999148147410731324e-01 -9.761215319942721357e-04 -1.301581904473344750e-02
-9.998763727051389605e-01 2.760470421721997279e-04 -1.572145655504782191e-02
-9.998151116785023440e-01 -3.446352536488541708e-03 -1.891735410293984496e-02
-9.998177965976314807e-01 -6.332550519558545650e-03 -1.800759775966808557e-02
-9.998539189690487383e-01 -7.729461270050018776e-03 -1.524458295878360244e-02
-9.999513989372559308e-01 -7.409502943329108506e-03 -6.503865369967706811e-03
-9.999661470169451949e-01 -7.443248878282958045e-03 -3.507721652741233997e-03
-9.999471036714638883e-01 -1.025508632381950773e-02 -7.901189569240706090e-04
-9.999387441020106682e-01 -1.104460679446346225e-02 -7.252094272618960988e-04
-9.999266882535324807e-01 -1.191634392814393956e-02 2.149437833973356221e-03
-9.999474534385884850e-01 -1.002673328195149115e-02 2.134525350220765113e-03
-9.999284799100247589e-01 -1.006454065403119234e-02 6.460752541559755535e-03
-9.999427815091299632e-01 -9.110426981417204043e-03 5.606697899887072740e-03
-9.999435409555331722e-01 -9.160240868736619149e-03 5.385733189727680802e-03
-9.999296610632955051e-01 -1.053396333907704457e-02 5.450667384392691474e-03
-9.999093518276714887e-01 -1.010264015479934822e-02 8.900901206226543780e-03
-9.999128782211779143e-01 -7.418530342046118428e-03 1.091799620323351434e-02
-9.998254015631885538e-01 -6.478366191317396112e-03 1.752707919187125596e-02
-9.997734501111625871e-01 1.278155359267026288e-03 2.124656386963547430e-02
-9.997718962358437267e-01 -2.063677023498163791e-03 2.125790296727692041e-02
-9.997810471881066752e-01 3.639721734471027242e-03 2.060611056310535441e-02
-9.996151907132978520e-01 8.517737474364130493e-03 2.639925033874382376e-02
-9.995266022543125572e-01 1.944320856341508891e-02 2.384396338587670486e-02
-9.992591632185595651e-01 2.785219497377815212e-02 2.655902200272935304e-02
-9.992230002538584621e-01 2.849862189402400242e-02 2.722546611512396270e-02
-9.992020377329907665e-01 3.328883624385126777e-02 2.207131122157911934e-02
-9.990075990266792383e-01 3.626320856076974825e-02 2.586113886267326842e-02
-9.988716212382050541e-01 3.742395009992073585e-02 2.923925427341034569e-02
-9.986982544267171136e-01 4.233830963560479554e-02 2.844759843970753183e-02
-9.983272237284577244e-01 4.809877016489553375e-02 3.208215329869112259e-02
-9.980690815952614203e-01 4.982149404440167767e-02 3.709351754222453557e-02
-9.974894164596193047e-01 5.972505214225010822e-02 3.804975953498204028e-02
-9.970746046754915826e-01 6.687755514350483821e-02 3.700847622694397598e-02
-9.963289342304317842e-01 7.933839198369442569e-02 3.215704964945160366e-02
-9.961955845064456305e-01 8.106465488199758596e-02 3.198250470327851369e-02
-9.956706890735507187e-01 8.682812046586671495e-02 3.317767289192573299e-02
-9.945046340630383508e-01 9.666407950795063986e-02 4.020684706325019370e-02
-9.940854877008442614e-01 1.003947026865441988e-01 4.141194068838265074e-02
-9.933868279593481843e-01 1.066173874874155603e-01 4.260686246007371059e-02
-9.935013482690294717e-01 1.071985143407511165e-01 3.825639164321396890e-02
-9.925055231980521864e-01 1.161505068838495636e-01 3.797167563000893725e-02
-9.923030119552658235e-01 1.168098012231851834e-01 4.111210044182502660e-02
-9.918071669988258732e-01 1.215729580916933006e-01 3.922449880559431001e-02
-9.907130103584578240e-01 1.295978355871061916e-01 4.113555908790063331e-02
-9.893267500460583008e-01 1.406799532012227016e-01 3.797017517375791962e-02
-9.886719176757978733e-01 1.458519636727960422e-01 3.542662350014046113e-02
-9.874884960210766893e-01 1.531231711818268892e-01 3.767978929707181679e-02
-9.871585188793418064e-01 1.557099130848650093e-01 3.567188565773626863e-02
-9.853377108816578911e-01 1.667359442619512355e-01 3.617626697878787573e-02
-9.847355102481155642e-01 1.708181797666773472e-01 3.342343711511348153e-02
-9.839170211645197339e-01 1.754275899343717138e-01 3.365201314409933808e-02
-9.830235995016451955e-01 1.806744068372830025e-01 3.195877533951330118e-02
-9.829320291978536073e-01 1.817760855067832859e-01 2.832106072287864790e-02
-9.821853978554381248e-01 1.854824226300757217e-01 3.013497838863001682e-02
-9.822438121348558981e-01 1.851527995756880873e-01 3.025782740831019918e-02
-9.807070028668007922e-01 1.928713119718055424e-01 3.185017083001620564e-02
-9.794465232365286989e-01 1.988428403700685521e-01 3.385313616856404362e-02
-9.776749222144005547e-01 2.075701403794190381e-01 3.265555269235365099e-02
-9.764954885867109802e-01 2.126717032983068967e-01 3.503297422478918871e-02
-9.753674748975372788e-01 2.171512504636816387e-01 3.877660905284244230e-02
-9.742085839093863608e-01 2.225169538844098405e-01 3.746788350846991245e-02
-9.737744546246758226e-01 2.244393221409904937e-01 3.728678343186642152e-02
-9.720821673690200893e-01 2.318076747915380764e-01 3.635194305564509731e-02
-9.697096383541967679e-01 2.419043676886080130e-01 3.384517532747311624e-02
-9.679595190722662945e-01 2.487296838540228316e-01 3.446615096847056164e-02
-9.652267169246879774e-01 2.587538506436313779e-01 3.719988816151210964e-02
-9.638682323996120571e-01 2.638932197599839768e-01 3.630979279033747648e-02
-9.618722756237650939e-01 2.707085103374635149e-01 3.896960231457008428e-02
-9.611353819718093661e-01 2.733798001585879822e-01 3.850018789356958460e-02
-9.606072657925357472e-01 2.755526533050957072e-01 3.611673065565900592e-02
-9.591409624699095415e-01 2.807608859203991059e-01 3.495627379336260776e-02
-9.594833487096465774e-01 2.792928881970958566e-01 3.724497520157669939e-02
-9.574237917356172023e-01 2.861276601967809308e-01 3.834901779499780977e-02
-9.544600398179544642e-01 2.967611773326053193e-01 3.064045874852912993e-02
-9.531783057262740444e-01 3.016319220772077925e-01 2.166339478240239189e-02
-9.519019033148492515e-01 3.057999620889691461e-01 1.921330840755758676e-02
-9.507253573777040279e-01 3.097141543345783288e-01 1.408683372739056444e-02
-9.490753087661294440e-01 3.148754147482514809e-01 1.046579801558104178e-02
-9.486900762056768022e-01 3.159784895454244569e-01 1.203058228227281770e-02
-9.499520372497106679e-01 3.119552301902930869e-01 1.658501271590794024e-02
-9.492977585325672596e-01 3.142196850560317056e-01 9.987815295343344113e-03
-9.497389520722521183e-01 3.129496411916651843e-01 7.645017562444223619e-03
-9.487024193588979859e-01 3.161054778174604563e-01 6.406847361565932812e-03
-9.464472192206950796e-01 3.228298986584838270e-01 4.303364387893868562e-03
-9.457538834297133379e-01 3.248381544497944695e-01 5.455876083937659903e-03
-9.475956132243527064e-01 3.194495541588974752e-01 3.812796410114290858e-03
-9.482162062831452909e-01 3.176218731639297022e-01 1.540495530321702149e-03
-9.467527430581906822e-01 3.219615450277305557e-01 9.117269355643433000e-05
-9.462125895656200436e-01 3.235077125446370605e-01 -4.949392584114920002e-03
-9.480326425842570126e-01 3.180961361606924886e-01 -6.997004257000024804e-03
-9.485586465836115533e-01 3.165130342216325721e-01 -7.482945889311294271e-03
-9.499102561978014503e-01 3.123878644700485707e-01 -9.183064583086150007e-03
-9.490373528071102127e-01 3.150051593475372558e-01 -9.992693098693479145e-03
-9.482126400814460121e-01 3.174645620552136727e-01 -1.044233587052957948e-02
-9.494431903476867607e-01 3.136027523557213259e-01 -1.452389332694867079e-02
-9.498079474646595743e-01 3.124918474047693184e-01 -1.461881319098455763e-02
-9.502596107826267735e-01 3.109345450130650557e-01 -1.806605392036188945e-02
-9.511386098084739782e-01 3.079227020663449221e-01 -2.278060652504815958e-02
-9.516650169753539945e-01 3.063369887087061816e-01 -2.216633387108292441e-02
-9.529679472952501396e-01 3.019030477622509090e-01 -2.658275433786036479e-02
-9.545733564437773877e-01 2.968419101263586324e-01 -2.597285508206473303e-02
-9.547113506160938012e-01 2.961755960048216840e-01 -2.839462960198858507e-02
-9.548419506133934975e-01 2.957481016619161185e-01 -2.845894176775793163e-02
-9.569188173056953906e-01 2.891665290034176050e-01 -2.625065954118641076e-02
-9.591140740061914194e-01 2.818537972167036165e-01 -2.566381752325977775e-02
-9.601449554218740579e-01 2.784200089619918717e-01 -2.457569244083962143e-02
-9.605947222237233296e-01 2.760361966340184603e-01 -3.258526387216292841e-02
-9.624778134706596378e-01 2.695428310707175812e-01 -3.135478301668513657e-02
-9.640364312147303716e-01 2.635480096255992111e-01 -3.429588384980084004e-02
-9.656097870043657272e-01 2.578741193025090861e-01 -3.314633526646508510e-02
-9.668770217433926284e-01 2.532509162124069735e-01 -3.182451786545487799e-02
-9.680860303802238942e-01 2.477905498196985579e-01 -3.754041999111407818e-02
-9.691101915925369736e-01 2.442823712594696661e-01 -3.393466596438417249e-02
-9.698029365313545203e-01 2.404252730894498036e-01 -4.096284313995652432e-02
-9.713235822567101163e-01 2.336390128540288824e-01 -4.408301899596506895e-02
-9.730276619022809603e-01 2.260778628417557945e-01 -4.589086534727729316e-02
-9.754142923418380740e-01 2.155829538871788520e-01 -4.572691430814968677e-02
-9.774698175738972816e-01 2.050760986179668011e-01 -4.996551242076253257e-02
-9.788125419077970957e-01 1.973493627968931352e-01 -5.458241672253881516e-02
-9.805678958036900816e-01 1.878896574452328938e-01 -5.642766900527786816e-02
-9.814231855116748449e-01 1.829646342938675840e-01 -5.772761105846688223e-02
-9.829702606844550328e-01 1.759912254725085889e-01 -5.288249633415482986e-02
-9.837763328010720176e-01 1.706355503476377489e-01 -5.538627387339242758e-02
-9.851199352740255266e-01 1.610702976910900752e-01 -5.995895226124897670e-02
-9.860179785536247188e-01 1.558204070705762334e-01 -5.906395116089081104e-02
-9.866113005696652838e-01 1.496842568078012581e-01 -6.475159263620197669e-02
-9.881976995570355138e-01 1.396334380387566909e-01 -6.299058144523814184e-02
-9.899556949688798069e-01 1.246857615501224814e-01 -6.664223133322889903e-02
-9.911176415532351180e-01 1.165438637388199472e-01 -6.405741546620005722e-02
-9.918413815734161698e-01 1.098133304474851607e-01 -6.474341932694638313e-02
-9.927671153466405274e-01 9.802108723036566384e-02 -6.932045666480735058e-02
-9.938724382744735797e-01 8.857528927908818461e-02 -6.612109346058420156e-02
-9.951102465202721348e-01 7.654210777925934961e-02 -6.242521285362556682e-02
-9.954149327429748784e-01 7.146062080405551908e-02 -6.358062257582960952e-02
-9.961117339681355709e-01 5.747858675194109090e-02 -6.676548602279983036e-02
-9.968286623175612871e-01 4.664196217507706604e-02 -6.447596266197584691e-02
-9.972223454422057820e-01 4.087706059339894782e-02 -6.226286262290154500e-02
-9.972423915786572390e-01 3.174293522678058727e-02 -6.708206395322041660e-02
-9.974346444070991691e-01 1.905928097593365816e-02 -6.899912306959442299e-02
-9.972906171027834388e-01 1.089791362767362701e-02 -7.275070860765937841e-02
-9.976219139726972829e-01 2.377433597905541027e-03 -6.888301346196641639e-02
-9.975383537468510697e-01 -6.853159496987655183e-03 -6.978733439797642213e-02
-9.975876120357120014e-01 -1.673447157380714145e-02 -6.737149727235947072e-02
-9.974626505065240512e-01 -2.493828851020717455e-02 -6.668093774010723507e-02
-9.974402586410252569e-01 -3.304976410417598265e-02 -6.340858098775567497e-02
-9.970175184114725697e-01 -3.881704550571528356e-02 -6.670314598484378132e-02
-9.966931930386809801e-01 -4.811765954939888068e-02 -6.547804497050482841e-02
-9.963431060693336283e-01 -5.784624487563119755e-02 -6.288268018032250328e-02
-9.960944258879068647e-01 -6.084222238140064853e-02 -6.398533608028855735e-02
-9.950846069562833129e-01 -7.156941586828345636e-02 -6.844303262055985437e-02
-9.941000230646179769e-01 -8.448165130328688655e-02 -6.802940329062341640e-02
-9.933967825084868419e-01 -9.573465129037858623e-02 -6.322747582150058110e-02
-9.922252632709949172e-01 -1.099589069461073820e-01 -5.829296941334922988e-02
-9.912363998510913543e-01 -1.214405960531824702e-01 -5.198639390928115611e-02
-9.901348255852133740e-01 -1.288669735562352758e-01 -5.501213009309009749e-02
-9.891691597004536041e-01 -1.348431221697936888e-01 -5.798025648340100757e-02
-9.889877861980168605e-01 -1.379486248046831731e-01 -5.360354376076760519e-02
-9.876142841040439491e-01 -1.468843734318511784e-01 -5.516349357762921624e-02
-9.869375233608294051e-01 -1.525152808193331599e-01 -5.189815423621767232e-02
-9.858894971655680628e-01 -1.590798914372955619e-01 -5.211038128429990035e-02
-9.840474665553509137e-01 -1.694577315227221159e-01 -5.417255003433484040e-02
-9.827988906119715651e-01 -1.766866512397757549e-01 -5.374171797513112303e-02
-9.812707451789302038e-01 -1.856555010186371479e-01 -5.137863273566085215e-02
-9.793892199348994687e-01 -1.964462673391307035e-01 -4.696406674096627321e-02
-9.777674384133510088e-01 -2.049467550059735355e-01 -4.435839788077024226e-02
-9.768741800583238266e-01 -2.108953229002569485e-01 -3.521366191329342032e-02
-9.757380484791018382e-01 -2.160243346237527007e-01 -3.561952412160851456e-02
-9.736412109424565919e-01 -2.255333402280401967e-01 -3.402216399606202563e-02
-9.721761393174923604e-01 -2.314016605072228838e-01 -3.642565860491511764e-02
-9.712612211415861951e-01 -2.350632196518301908e-01 -3.737547373145744950e-02
-9.702012310206876711e-01 -2.394997581914566354e-01 -3.673472613302094375e-02
-9.702104489535561260e-01 -2.397199614537390833e-01 -3.501467939336622842e-02
-9.687574851591024272e-01 -2.457344839853605745e-01 -3.351867022351719128e-02
-9.673146700040484713e-01 -2.512329353392059317e-01 -3.441430435724933401e-02
-9.664039377195402514e-01 -2.553004082472634106e-01 -2.975119534309428326e-02
-9.637481650636611219e-01 -2.647043019012795817e-01 -3.348298004926433813e-02
-9.628915925638078521e-01 -2.676853043870041637e-01 -3.441455878237075633e-02
-9.633007994322184686e-01 -2.665283282454739555e-01 -3.184687016705877588e-02
-9.613940230856922176e-01 -2.734372161618397468e-01 -3.088080636629601111e-02
-9.595622988348985194e-01 -2.799409579301184170e-01 -2.955093397139380365e-02
-9.586914106722123075e-01 -2.832617262626784815e-01 -2.595335197515737449e-02
-9.584485270225072684e-01 -2.844971052149846136e-01 -2.092417423206281712e-02
-9.560556102666183387e-01 -2.926677096050279148e-01 -1.741506942152782136e-02
-9.560518741417429744e-01 -2.925529698578049898e-01 -1.943133016538112212e-02
-9.549179983321364196e-01 -2.964766624623011992e-01 -1.527114323208228139e-02
-9.538956745123461367e-01 -2.994056121768002843e-01 -2.096006809247152880e-02
-9.529375555276000664e-01 -3.027912885909570528e-01 -1.508156483990390206e-02
-9.535875595289013962e-01 -3.006748121499877580e-01 -1.629191270288369089e-02
-9.544565650152424530e-01 -2.981740466456344052e-01 -1.024237891865044034e-02
-9.547026010522027262e-01 -2.974139877048582736e-01 -9.373707168975932424e-03
-9.546033785326845100e-01 -2.977394506473068914e-01 -9.143967735238480582e-03
-9.547015631830498839e-01 -2.975018647666958227e-01 -6.129327203110671030e-03
-9.557822608450180502e-01 -2.940534081438153646e-01 -3.586914482693021912e-03
-9.558558436426439764e-01 -2.938343756039756838e-01 -9.842970532908854563e-04
-9.558074363296008569e-01 -2.939874457389574092e-01 -1.878659029770341111e-03
-9.565741093299279241e-01 -2.914830213642266576e-01 1.903850062760541022e-03
-9.570434096852603600e-01 -2.899276899260752605e-01 3.138412365883309473e-03
-9.564777851101593509e-01 -2.917573305221293767e-01 5.282960514326830864e-03
-9.578772281352068152e-01 -2.871285426014377751e-01 5.330932248399889231e-03
-9.589771356385803358e-01 -2.832815776383858508e-01 1.069598713469818024e-02
-9.586958239409306692e-01 -2.842565667530205231e-01 1.002618897415874337e-02
-9.588462914153725869e-01 -2.837223927654762834e-01 1.074226855180156551e-02
-9.593566070336934093e-01 -2.820576965140196291e-01 8.852085054317788970e-03
-9.594992406984750311e-01 -2.816745685753410666e-01 4.543958073618576364e-03
-9.593595149352208695e-01 -2.821539338045538359e-01 4.299044135083188688e-03
-9.587516818655249518e-01 -2.841622471167208897e-01 6.858049406071360307e-03
-9.583215176360622145e-01 -2.856451687767148639e-01 5.168115360099547438e-03
-9.595983684935770475e-01 -2.813557626778749321e-01 3.147853035261583086e-03
-9.599967598952348080e-01 -2.799704147967085333e-01 4.773974583834355266e-03
-9.607549723738920688e-01 -2.771906238818349633e-01 1.073518446555751446e-02
-9.614637925997716605e-01 -2.746567450385342668e-01 1.229028195854116844e-02
-9.630316808755728930e-01 -2.687208121015945972e-01 1.895020361107882870e-02
-9.630534012885039186e-01 -2.687788755294147069e-01 1.691347937319414435e-02
-9.640996756600673789e-01 -2.646187710691600969e-01 2.210712566668305776e-02
-9.626385488013947667e-01 -2.693658056231202358e-01 2.773248231784702228e-02
-9.650270942159508980e-01 -2.605445531126998615e-01 2.896975611141417925e-02
-9.674691486824625875e-01 -2.509846099372622930e-01 3.178325743049314339e-02
-9.687653541188686601e-01 -2.462120204668359902e-01 2.955220958482526750e-02
-9.704828760615362704e-01 -2.383911681297793406e-01 3.650536693224267631e-02
-9.719024275536741753e-01 -2.321601997453416333e-01 3.882417613668918965e-02
-9.738106009074213310e-01 -2.233736033360023132e-01 4.239281272534833889e-02
-9.753958213904715402e-01 -2.160605610310548097e-01 4.382726625783515267e-02
-9.773681061019992011e-01 -2.066326751485364210e-01 4.532688461279262698e-02
-9.785571353756861157e-01 -2.005599760468100567e-01 4.692155846375736794e-02
-9.801218734615425587e-01 -1.929211713282447394e-01 4.628756438104796034e-02
-9.801741206008729446e-01 -1.915902782472662658e-01 5.051596217851155729e-02
-9.825415055128369213e-01 -1.797560385402155181e-01 4.795790031674451726e-02
-9.837995152285000655e-01 -1.737211564557190335e-01 4.426598265691818190e-02
-9.851321028219630627e-01 -1.662562598033164862e-01 4.328509652406452995e-02
-9.855230125871334845e-01 -1.632346670518608489e-01 4.581308434330237656e-02
-9.861631451515788793e-01 -1.583332300696694284e-01 4.912069880890080481e-02
-9.873285927007640073e-01 -1.500754909394758085e-01 5.157131741085672905e-02
-9.886548270906105884e-01 -1.418619698969503795e-01 4.936413619105091410e-02
-9.893946928666871310e-01 -1.353424458387284812e-01 5.273108901724778141e-02
-9.901690695602417547e-01 -1.266816960416379811e-01 5.930401000109656456e-02
-9.908920336118710592e-01 -1.184428849867489031e-01 6.406453897050737312e-02
-9.915382821090705789e-01 -1.114674680311019545e-01 6.653452652704107406e-02
-9.930135749906673359e-01 -9.671977713249312048e-02 6.759681341819280542e-02
-9.941655498240248301e-01 -8.724705986333591845e-02 6.342566146635482405e-02
-9.945263065605948194e-01 -8.118496005721000108e-02 6.577562075297012367e-02
-9.951485594837671256e-01 -7.475530395310109322e-02 6.396087430773858551e-02
-9.959254462280359155e-01 -6.526529344715908953e-02 6.223303994722559351e-02
-9.968223301246283974e-01 -5.486530048039446605e-02 5.774984648987925573e-02
-9.969907954785076631e-01 -4.779459190841388316e-02 6.103306177395975002e-02
-9.971085062295227397e-01 -4.140390370641575807e-02 6.372085625430461142e-02
-9.972524652656543642e-01 -3.541478086538238368e-02 6.506395192033526120e-02
-9.976166982980827491e-01 -2.683982809918686319e-02 6.356532771792434977e-02
-9.976135687069151992e-01 -1.292583845422880934e-02 6.782400056857668114e-02
-9.976663078572216570e-01 -2.621750524727132353e-03 6.822806922529117690e-02
-9.981693313076737128e-01 3.114006128700903993e-03 6.040110682589688862e-02
-9.977622861642021501e-01 1.567284315258434674e-02 6.499836372609212043e-02
-9.973949906107245633e-01 2.580181250356286538e-02 6.736099955402281847e-02
-9.972701042961276130e-01 2.987764992934081529e-02 6.752533008849027907e-02
-9.971091449343036928e-01 4.300373966515978752e-02 6.264212704784612173e-02
-9.967458259320194358e-01 5.315139141773576881e-02 6.060274428179301259e-02
-9.963271165676081953e-01 6.035712316070780681e-02 6.073960013387692120e-02
-9.959189999490154488e-01 6.360109327809501667e-02 6.403320309559992762e-02
-9.953983026419704894e-01 7.173361600083942580e-02 6.353355042379954520e-02
-9.952054661760982857e-01 7.924951153285458849e-02 5.732014697314026519e-02
-9.943137591874903203e-01 8.683743740863937577e-02 6.163937229761466685e-02
-9.933715507744318440e-01 9.676700558856453360e-02 6.204122213556869520e-02
-9.928067720157582876e-01 1.058004209215332725e-01 5.604452311192656411e-02
-9.920734963867572365e-01 1.123202257768336765e-01 5.634136005412578030e-02
-9.910796325488492320e-01 1.220672576030214507e-01 5.348598544490295453e-02
-9.902681595238308487e-01 1.303269970623177343e-01 4.882468469959174578e-02
-9.885267477131707281e-01 1.434156704043114960e-01 4.740061271662863313e-02
-9.878671678104866682e-01 1.476881503883456792e-01 4.802783122424698209e-02
-9.864950018106147800e-01 1.558939436523787969e-01 5.024632810158245061e-02
-9.853726526921899875e-01 1.646587219759056697e-01 4.391177749721280471e-02
-9.838111663307519406e-01 1.733601411344830034e-01 4.540764370975339942e-02
-9.829403233873946766e-01 1.795224240736457977e-01 4.000029366230604955e-02
-9.824395443408774353e-01 1.827659486430095181e-01 3.753869018884569558e-02
-9.808416828455385206e-01 1.919683226782046837e-01 3.313245744972212470e-02
-9.796889148014634729e-01 1.978798862459938968e-01 3.245280064011398652e-02
-9.796924916774596426e-01 1.988361002094960472e-01 2.582306013682245799e-02
-9.793319455707859555e-01 2.007070213347336429e-01 2.501270464341865188e-02
-9.788210653113500470e-01 2.028679718723069292e-01 2.745744965513056968e-02
-9.776470216378347899e-01 2.080486503926550212e-01 3.036550135172979073e-02
-9.778169104550917812e-01 2.073668951349577905e-01 2.954765560724853177e-02
-9.771178692569072455e-01 2.109590024294386856e-01 2.714723474972641909e-02
-9.772049535957664235e-01 2.104952613889486956e-01 2.760846033959831608e-02
-9.775159413451257606e-01 2.099305340477443382e-01 1.979289902215574173e-02
-9.763545686870414020e-01 2.154370568657074381e-01 1.785032849918770023e-02
-9.759173465071325770e-01 2.174805855628054174e-01 1.695674431347138703e-02
-9.753688731919227806e-01 2.202154675048183796e-01 1.267724218585490961e-02
-9.745208094722294101e-01 2.239520894970846443e-01 1.243611274255969172e-02
-9.743896915758613053e-01 2.247414246399154769e-01 7.484944522761846283e-03
-9.741704770788581769e-01 2.257956482946769372e-01 2.865339506112774687e-03
-9.743855342607640191e-01 2.248451739648921477e-01 4.181115992349705886e-03
-9.741494603862351775e-01 2.258884885132330933e-01 2.687553002843911815e-03
-9.745542241126154970e-01 2.241506895550600675e-01 7.321343565054325500e-04
-9.746129367764817530e-01 2.238824111213629231e-01 2.508553721112567400e-03
-9.745243357067141510e-01 2.242523017913951588e-01 3.636982574843458400e-03
-9.730072428646829863e-01 2.307686714153623919e-01 1.651953836516520824e-03
-9.724934274323749905e-01 2.329300938651131525e-01 -3.290746174416650169e-04
-9.728048029341429537e-01 2.316260827556018698e-01 4.201073602609080955e-04
-9.739748485649165621e-01 2.266184325898112639e-01 -4.133245684300432092e-03
-9.745497835700455136e-01 2.241441573169057622e-01 -3.481295788102002197e-03
-9.755797910149499597e-01 2.196403007853724443e-01 1.487598169736972873e-03
-9.755763157632485472e-01 2.196603832743400930e-01 4.140729825952240740e-04
-9.760167797363190623e-01 2.176456559487345566e-01 -4.649460156692571469e-03
-9.762470649221530739e-01 2.166572686549231852e-01 -1.139960270812370984e-03
-9.772832006748769507e-01 2.119253895161127554e-01 -2.275596226488438636e-03
-9.775676019309201825e-01 2.104889402716881297e-01 -7.482852755442605079e-03
-9.778119001198479765e-01 2.090478742776958054e-01 -1.352322880494549046e-02
-9.783124988978209036e-01 2.069017604778713437e-01 -9.814245878416521032e-03
-9.790077192216343205e-01 2.036912649066173475e-01 -7.331959896989784405e-03
-9.792308495423485137e-01 2.024668756419821247e-01 -1.068227184452939793e-02
-9.788034542401985449e-01 2.042340808529322094e-01 -1.523947313203767584e-02
-9.798128123901823638e-01 1.992986966664867521e-01 -1.571259161599087434e-02
-9.802072515049455870e-01 1.969517002757824597e-01 -2.009416146745309981e-02
-9.807958043696546335e-01 1.941045026030289444e-01 -1.905349493750670836e-02
-9.813049934580668765e-01 1.906037718781552759e-01 -2.665925064717582227e-02
-9.814255463362312470e-01 1.894615463195297722e-01 -3.013674143079241030e-02
-9.825757303769332429e-01 1.829953086399810080e-01 -3.252160713691966409e-02
-9.826408747915328368e-01 1.824525728635781885e-01 -3.358531952824110600e-02
-9.828003267807984278e-01 1.810415795952608486e-01 -3.643443446799479041e-02
-9.834070740723065418e-01 1.768534338467477041e-01 -4.041526395152807843e-02
-9.840569002304674351e-01 1.734968967279017782e-01 -3.912605110803470815e-02
-9.840668053570122975e-01 1.716595890514508171e-01 -4.631967419600989400e-02
-9.856178471184827705e-01 1.621059513840356625e-01 -4.774017355401670437e-02
-9.877725686983666042e-01 1.479589982567478812e-01 -4.912730048213845291e-02
-9.886305174481198055e-01 1.395104090610233272e-01 -5.609412225062371249e-02
-9.891320794662847860e-01 1.349626401126685360e-01 -5.833369522591023287e-02
-9.907034659790691089e-01 1.248955708061076919e-01 -5.392349549879555531e-02
-9.915870041059807738e-01 1.187910341870759695e-01 -5.141894478907216987e-02
-9.929701706815853290e-01 1.065345161341406943e-01 -5.158140568619570820e-02
-9.941340362195140168e-01 9.338436123222476626e-02 -5.456082808448949051e-02
-9.949040854485241558e-01 8.497187535763915667e-02 -5.427380583350221305e-02
-9.955221289643985116e-01 7.524163458669125282e-02 -5.722230432236321412e-02
-9.955527100325017864e-01 6.914950561064021894e-02 -6.397775129327963606e-02
-9.965252322379215544e-01 5.613406388179492668e-02 -6.153400248589883936e-02
-9.969271052073329642e-01 4.882684587189112940e-02 -6.125594746323455991e-02
-9.972085910872763304e-01 3.802223708133757596e-02 -6.425994543246757451e-02
-9.974541061505548534e-01 2.913940888019907194e-02 -6.508614463346343304e-02
-9.977438851301372313e-01 1.699440078709025734e-02 -6.494871266239718444e-02
-9.975442356991583992e-01 1.157906954614829585e-02 -6.907552655021501065e-02
-9.978658172775889401e-01 5.993206531826195983e-03 -6.502228484745542492e-02
-9.974066467166669003e-01 -1.078056758623366362e-02 -7.116014723460789559e-02
-9.975341958456992453e-01 -1.969351931156064495e-02 -6.736244702941282525e-02
-9.972631053032702253e-01 -2.745174830739952748e-02 -6.864915323211150111e-02
-9.971037647122047431e-01 -3.758187057768189870e-02 -6.611876519677557795e-02
-9.967115695876533898e-01 -4.791798592283010721e-02 -6.534461994561210907e-02
-9.968195288796890541e-01 -5.281045338161626662e-02 -5.968155804575969725e-02
-9.966248072270428304e-01 -5.801996833969210593e-02 -5.807479991594519109e-02
-9.960258579040516258e-01 -6.744252410809141451e-02 -5.817217398881723706e-02
-9.951930628436734816e-01 -7.891376785013189121e-02 -5.799474456736578715e-02
-9.947681971037063420e-01 -8.665823237204940688e-02 -5.409796761311869151e-02
-9.938925938991769460e-01 -9.668790055033534003e-02 -5.318803369012872762e-02
-9.933267849993591136e-01 -1.038379726082770682e-01 -5.019540726917835760e-02
-9.928879458212878095e-01 -1.094201089840142055e-01 -4.691238604113023847e-02
-9.922551729320846503e-01 -1.150791838512324333e-01 -4.675958083814919092e-02
-9.910004817998711024e-01 -1.247881114852676110e-01 -4.843529239621653659e-02
-9.893990383612457640e-01 -1.365645960724846397e-01 -4.939290782068447155e-02
-9.884124070818872676e-01 -1.431128081334263336e-01 -5.059291545118727723e-02
-9.874013636763727675e-01 -1.494127716531574168e-01 -5.209967471543518885e-02
-9.866248880719545866e-01 -1.558893120777612717e-01 -4.764302626216372627e-02
-9.861179577703250709e-01 -1.599471898842609596e-01 -4.459007761451013602e-02
-9.849491266735644901e-01 -1.678126507773505804e-01 -4.140214038448338657e-02
-9.834283100920140352e-01 -1.772034413237881523e-01 -3.831062820482653009e-02
-9.820508227491369091e-01 -1.855356981105155401e-01 -3.395130404305331945e-02
-9.813262666883560970e-01 -1.895022581114764737e-01 -3.297964920564415425e-02
-9.801251402669831636e-01 -1.951726813808686289e-01 -3.552940656648156947e-02
-9.784681185077008791e-01 -2.028864898039841602e-01 -3.791066284334350389e-02
-9.779750643194955462e-01 -2.053648377971312167e-01 -3.728353529174711217e-02
-9.771740606574532695e-01 -2.092854467910545135e-01 -3.647549820525076980e-02
-9.748977150098970812e-01 -2.199645643035848808e-01 -3.449696509692598556e-02
-9.730292126291993915e-01 -2.284779280298153137e-01 -3.181183190238872499e-02
-9.723648347928208757e-01 -2.315357468734066670e-01 -2.996382519874756303e-02
-9.706555628978619232e-01 -2.391009738394015149e-01 -2.566139701583079746e-02
-9.696193158842966175e-01 -2.431134688290489398e-01 -2.709664837049929192e-02
-9.682927917521427785e-01 -2.485310370613321718e-01 -2.532583339948182855e-02
-9.665369145948048413e-01 -2.556984366151730526e-01 -2.060841610431931453e-02
-9.655692779779475599e-01 -2.593281633727450020e-01 -2.061256129988229407e-02
-9.654330946905809174e-01 -2.601765617444457002e-01 -1.571944529735550683e-02
-9.657908409582173226e-01 -2.591514941938069527e-01 -9.410590249201995772e-03
-9.656378810900684284e-01 -2.598229853720031013e-01 -5.958481833067851528e-03
-9.650874225729257905e-01 -2.619128634918064247e-01 -2.814846526400468542e-03
-9.658872332437760111e-01 -2.589626996217695987e-01 4.213662824214940185e-04
-9.646115053381406623e-01 -2.636750367114490401e-01 -3.514165560473361165e-04
-9.647275950437930181e-01 -2.632486361806919972e-01 -9.097352326001273675e-04
-9.656381353663668898e-01 -2.598513161476302402e-01 -4.504401542231128812e-03
-9.655974918976868437e-01 -2.599867128138826367e-01 -5.328922315170319356e-03
-9.645710146467246782e-01 -2.636959557616510019e-01 -8.197878808567222314e-03
-9.629601276450239222e-01 -2.693268155731153302e-01 -1.307148601467548327e-02
-9.632251240148709259e-01 -2.685415067407670997e-01 -9.100792624441397805e-03
-9.638304352364283067e-01 -2.664111068051018827e-01 -7.484591115864347270e-03
-9.635599860363839309e-01 -2.674873670304809270e-01 -1.632959001343576091e-03
-9.631251878317600434e-01 -2.690489527239569578e-01 -1.593225791733823881e-03
-9.630997326715550200e-01 -2.691443437279915085e-01 4.815959909611618964e-04
-9.638899921576060681e-01 -2.662952503295715756e-01 1.710978589996366801e-03
-9.630012968415626595e-01 -2.694860003473246723e-01 2.408873137140712592e-03
-9.639585602134320697e-01 -2.659375045342733945e-01 7.819381543192005513e-03
-9.650913899842458177e-01 -2.619029673374916878e-01 2.334417326424850780e-03
-9.656550253499492920e-01 -2.597425499563330020e-01 6.647154243955690454e-03
-9.645753360318666259e-01 -2.636868360615525209e-01 7.979879804483204497e-03
-9.658240011502036149e-01 -2.590483168720525420e-01 8.830245043293615675e-03
-9.661498996491604263e-01 -2.578522391401996683e-01 8.160825676707745419e-03
-9.678753409863005697e-01 -2.512699219317521271e-01 8.986409992882131437e-03
-9.681437633555833866e-01 -2.502372884044506418e-01 8.885825120930945786e-03
-9.685376296198089374e-01 -2.486461035454337332e-01 1.048714171357735363e-02
-9.706467897266327638e-01 -2.401498918229864332e-01 1.314702114753488887e-02
-9.697486279007906385e-01 -2.437487259456197208e-01 1.319706019859696530e-02
-9.708909842239236143e-01 -2.389845015989549570e-01 1.603464706121740177e-02
-9.724035476988589499e-01 -2.327052590180022362e-01 1.672148408440350675e-02
-9.734959280756518840e-01 -2.280923196875049297e-01 1.672055327842460540e-02
-9.734513182034456591e-01 -2.281243426513952788e-01 1.875688044725236370e-02
-9.745354440643182459e-01 -2.237164397771084501e-01 1.521932876150861903e-02
-9.752037460373020883e-01 -2.206785869516405540e-01 1.669191872085622891e-02
-9.760183457145997776e-01 -2.172137503235948008e-01 1.436595413210348289e-02
-9.764925045884701449e-01 -2.149893820597678362e-01 1.555503893084874550e-02
-9.773983090207027935e-01 -2.107380057049856870e-01 1.679415523346500239e-02
-9.792495377613568142e-01 -2.020818284021931033e-01 1.527359041863508675e-02
-9.812477538330289795e-01 -1.918458704222761046e-01 1.865510490005631988e-02
-9.830615034367521377e-01 -1.816609600695082427e-01 2.427718972532579012e-02
-9.840172052901350330e-01 -1.763724567901027718e-01 2.455406454697042773e-02
-9.838981016968706417e-01 -1.766298148988089123e-01 2.732105181803379940e-02
-9.840427240943413478e-01 -1.758617746675168181e-01 2.706583219979999053e-02
-9.844177839917417350e-01 -1.720183169631120668e-01 3.648741585258782200e-02
-9.850134732808537574e-01 -1.675954139639448393e-01 4.074605630504680304e-02
-9.859638870936825450e-01 -1.622528939436334861e-01 3.936010845164712724e-02
-9.863560584722200764e-01 -1.596469535840109866e-01 4.018186797208492950e-02
-9.867975712618288764e-01 -1.567211082759648877e-01 4.085405690774797371e-02
-9.876072498274318656e-01 -1.522010265517063643e-01 3.829848413247672473e-02
-9.892747622230840809e-01 -1.407594080838761308e-01 3.901589685523108170e-02
-9.895955325223444454e-01 -1.385200713915869242e-01 3.889573466045877226e-02
-9.907389425158913410e-01 -1.293542335108155417e-01 4.127755433621210085e-02
-9.920241568492527140e-01 -1.200877369624137464e-01 3.830161789792140004e-02
-9.927366572352152030e-01 -1.135309609590229724e-01 3.980774512693022182e-02
-9.930436062273891862e-01 -1.102575183637355266e-01 4.132411037865874048e-02
-9.936726202782144579e-01 -1.039137154407430153e-01 4.262240970974573440e-02
-9.940867880195314310e-01 -9.723651765048529905e-02 4.833760677331029598e-02
-9.940728659750417417e-01 -9.538373244046716160e-02 5.216404400344526460e-02
-9.947896068944519499e-01 -8.427564835771053642e-02 5.736950539834482360e-02
-9.952533079380503356e-01 -7.544130972480062036e-02 6.147738547584470636e-02
-9.960277441431112377e-01 -6.514270015289316818e-02 6.070558918784994817e-02
-9.963955968245629125e-01 -5.967291961562008751e-02 6.029066529773965261e-02
-9.964794082988146506e-01 -5.557037774989839057e-02 6.277522646389492589e-02
-9.969391649167361757e-01 -4.356391353015361123e-02 6.491913543383094620e-02
-9.970092068982262523e-01 -3.967544890455294154e-02 6.632124395862964983e-02
-9.972741214210574245e-01 -2.681152947190621610e-02 6.874210002744521320e-02
-9.975273178867670731e-01 -1.963418316578414285e-02 6.748152746416852255e-02
-9.977328903611770716e-01 -1.073420874517542513e-02 6.643691632398118774e-02
-9.975046378449291540e-01 -5.786213308279428147e-04 7.059865923183736292e-02
-9.967712430476753926e-01 1.440420328164158589e-02 7.899124558817997854e-02
-9.963092173718840483e-01 1.902521989684724871e-02 8.370181233048301639e-02
-9.963925098386144930e-01 3.421021867952398626e-02 7.766360858075932461e-02
-9.962885970080117559e-01 4.362835236714156240e-02 7.419977772682623263e-02
-9.958413033459613262e-01 5.292916454424631545e-02 7.415261803002454188e-02
-9.954392509581165838e-01 6.142411365550276559e-02 7.299167454895667817e-02
-9.947566039167954344e-01 7.054918765887066567e-02 7.404133837504663085e-02
-9.936626268554983321e-01 8.887424362738692574e-02 6.881831924420715729e-02
-9.924069976137604998e-01 9.924263408960633248e-02 7.265851041198849447e-02
-9.904518955234973276e-01 1.157575768209841982e-01 7.486811593813033627e-02
-9.886657783998464843e-01 1.301579951238474864e-01 7.482568840626747930e-02
-9.871038832535267149e-01 1.411243452575174917e-01 7.556355978622542047e-02
-9.848702025688965689e-01 1.561104578650603925e-01 7.523441862840786476e-02
-9.825799843097003938e-01 1.700701045004705259e-01 7.491823988259425915e-02
-9.799833781539409872e-01 1.854495131594167678e-01 7.239520138411766059e-02
-9.780550866257577969e-01 1.950002925680754395e-01 7.336989844640075253e-02
-9.763814953090447224e-01 2.053021057429436635e-01 6.730697721580736204e-02
-9.743675105481721666e-01 2.157914221663920218e-01 6.357691835568678174e-02
-9.715581954549543653e-01 2.286321046114951072e-01 6.166069780675145773e-02
-9.695810241152962305e-01 2.369614501417161845e-01 6.133446729945322973e-02
-9.671352408719054994e-01 2.472602625422067046e-01 5.926041180826580046e-02
-9.648708285790572603e-01 2.554899360837752376e-01 6.123058741526916926e-02
-9.624927776105567379e-01 2.656176005300494025e-01 5.527161091483505373e-02
-9.611461680641421035e-01 2.715682902367109741e-01 4.948449015187381117e-02
-9.601149963182998848e-01 2.753856676141254733e-01 4.839354601913289922e-02
-9.588647081746067835e-01 2.797477712806683559e-01 4.816288250215059602e-02
-9.567993076468134239e-01 2.867683268173322753e-01 4.794808627137501361e-02
-9.549289459685557091e-01 2.936277275280225196e-01 4.351405718681658485e-02
-9.530664209817862886e-01 2.997843613750475478e-01 4.235258233181133508e-02
-9.516122874418749822e-01 3.049877560094207962e-01 3.763682078460302977e-02
-9.483151309106715443e-01 3.149762044074928546e-01 3.857992211830763712e-02
-9.480709319485504105e-01 3.157925905966720848e-01 3.790191237114114847e-02
-9.474819946621843014e-01 3.183282851047112283e-01 3.074052424574240730e-02
-9.485147502028320465e-01 3.158755557020465621e-01 2.328968183107746337e-02
-9.484970599817180714e-01 3.162238885812906908e-01 1.886231262753125179e-02
-9.484304708525779226e-01 3.163801567257766845e-01 1.957666289812121790e-02
-9.466016197899617124e-01 3.214900492635947571e-01 2.428021594729615554e-02
-9.457786179214741074e-01 3.244286395872315598e-01 1.577563956954669555e-02
-9.454805089167317433e-01 3.255200472503712028e-01 1.016431101620527550e-02
-9.441740864309619008e-01 3.294388755797398871e-01 2.308393859641136650e-03
-9.435517010581173647e-01 3.312250734280051678e-01 3.808556382714296720e-04
-9.449101087187096182e-01 3.272095848251378447e-01 -8.875868641814858503e-03
-9.425916328921062348e-01 3.338223135324954738e-01 -9.147872952269296004e-03
-9.419919793996939239e-01 3.354012574175364025e-01 -1.253452251255391531e-02
-9.433126554950150844e-01 3.314191866973534850e-01 -1.796006371641072075e-02
-9.446754782252339000e-01 3.275533430922929479e-01 -1.723529751825809628e-02
-9.465981946080961329e-01 3.216623475344094207e-01 -2.202724481758872033e-02
-9.479329833662265559e-01 3.175703334780409781e-01 -2.391965242804965433e-02
-9.484000904013163424e-01 3.162599107927197561e-01 -2.273641953180921549e-02
-9.499388493114381271e-01 3.119691709303325511e-01 -1.707121144001449639e-02
-9.509828111451723576e-01 3.087837740755053351e-01 -1.686063676938603234e-02
-9.504963995980870717e-01 3.103257550523617070e-01 -1.595391521748895647e-02
-9.514563532728749218e-01 3.072900025664995205e-01 -1.742611437571452496e-02
-9.521266725182130353e-01 3.050750473370325011e-01 -1.959648765000143733e-02
-9.538679707846047240e-01 2.993746523193762665e-01 -2.259910007486427494e-02
-9.554914205377935676e-01 2.937872887763078311e-01 -2.692920023795664433e-02
-9.546036111058182616e-01 2.968815216545278579e-01 -2.435806675575234032e-02
-9.550416649106684419e-01 2.950335685049441659e-01 -2.916538074347285736e-02
-9.563087717874946270e-01 2.903079255033862993e-01 -3.456659160277145149e-02
-9.578602563894034194e-01 2.848441283045725081e-01 -3.698053257057561799e-02
-9.595839889967655578e-01 2.793626790827886119e-01 -3.398631341248695842e-02
-9.619324288787920452e-01 2.712213550434971476e-01 -3.354082191343701891e-02
-9.630259084658882029e-01 2.670819720029370958e-01 -3.533168257020101455e-02
-9.635372318639207068e-01 2.644790110714092535e-01 -4.058156678005874624e-02
-9.648189311486579101e-01 2.598745414676241205e-01 -3.987055088492770516e-02
-9.661677361844137613e-01 2.545440282606921123e-01 -4.156021295917813885e-02
-9.690073526517117841e-01 2.422246193818420046e-01 -4.849734489664397213e-02
-9.716393911926661797e-01 2.307564466089899735e-01 -5.165621165703992296e-02
-9.722906428179712846e-01 2.282398254532498061e-01 -5.057169477819049852e-02
-9.738955306520620248e-01 2.201530983907713512e-01 -5.531832690078537784e-02
-9.759353422152594604e-01 2.100313007513257280e-01 -5.862652322604217092e-02
-9.778790068957253778e-01 2.014576114296971199e-01 -5.628043484750053921e-02
-9.782655483539077768e-01 1.992957336982845717e-01 -5.725151632806278756e-02
-9.807244627355273803e-01 1.858738788066307268e-01 -6.025311701410243637e-02
-9.814305380638300713e-01 1.805079335034936172e-01 -6.489216957230618810e-02
-9.817167312910514143e-01 1.786867782188920617e-01 -6.559956992363756567e-02
-9.815297442639087100e-01 1.793777133954710945e-01 -6.650568276678871238e-02
-9.832655503563421107e-01 1.689515857303035551e-01 -6.814857300068191681e-02
-9.845859696316706655e-01 1.619311814043295772e-01 -6.609666944990963411e-02
-9.865212466629431631e-01 1.505650251119628746e-01 -6.407817000559731802e-02
-9.870049397297123717e-01 1.457448972219208827e-01 -6.767335346772686278e-02
-9.878409758118682493e-01 1.369822090926228197e-01 -7.352611837943798245e-02
-9.888136506772589041e-01 1.289494150638628989e-01 -7.496413694843802322e-02
-9.898577790739893079e-01 1.200852261436794188e-01 -7.590207469035577248e-02
-9.912134242747325796e-01 1.079752112157741362e-01 -7.640229455100616685e-02
-9.922743067613141177e-01 9.922981028045746443e-02 -7.446579206644203530e-02
-9.934762851645659865e-01 8.341256279208017488e-02 -7.776390570551770798e-02
-9.937743599137000006e-01 7.590865474048158479e-02 -8.155003119505370435e-02
-9.949421519705066164e-01 6.112761149386305992e-02 -7.970909054156506690e-02
-9.955479121570764978e-01 4.852831629834477439e-02 -8.080449846933017433e-02
-9.961312802192144877e-01 3.375146150924684257e-02 -8.113766888539329647e-02
-9.962743915226788260e-01 2.149295378684497673e-02 -8.351885928471407261e-02
-9.956461431307632726e-01 1.177678866205017320e-02 -9.246662172963353299e-02
-9.960785680087327343e-01 -4.457555332936921286e-03 -8.836077995836512378e-02
-9.959761970558825839e-01 -1.615441621199138061e-02 -8.815021612892887104e-02
-9.953075944224257787e-01 -2.596577319003236933e-02 -9.321256500117780508e-02
-9.953473522240907645e-01 -3.393003538080294895e-02 -9.017988785064143253e-02
-9.946391743875009350e-01 -4.990268358419094885e-02 -9.056846045166201675e-02
-9.942990176888192311e-01 -5.951766486701949577e-02 -8.847102368052006671e-02
-9.932327083160064074e-01 -7.494677966717447348e-02 -8.872304328255398165e-02
-9.928091941915409002e-01 -8.537208382887279123e-02 -8.391377779651977564e-02
-9.914075798253796368e-01 -9.650094393080904664e-02 -8.830962375954132249e-02
-9.898065872475397819e-01 -1.112435845295264430e-01 -8.892578869676676101e-02
-9.879908041774676519e-01 -1.293290288588582471e-01 -8.454693272666144455e-02
-9.864707918501904871e-01 -1.397996700732470621e-01 -8.562382719183933566e-02
-9.854397541655631754e-01 -1.484936819041956235e-01 -8.281381471328008725e-02
-9.834191204645805762e-01 -1.601915248627082122e-01 -8.500305593375379054e-02
-9.815004938108545796e-01 -1.727548985392605430e-01 -8.253808863952297181e-02
-9.786547932418815376e-01 -1.864945650751318185e-01 -8.633993183742635913e-02
-9.766207145503345011e-01 -1.970312888243011540e-01 -8.596896020700281471e-02
-9.739463380191797359e-01 -2.078803829867014175e-01 -9.063271193630642597e-02
-9.691298162201683608e-01 -2.278699759636644284e-01 -9.414183820462279639e-02
-9.644944028636982525e-01 -2.468501582771376601e-01 -9.389120570554686240e-02
-9.596344744881336597e-01 -2.647983859175685462e-01 -9.478134097760708421e-02
-9.558626039822267773e-01 -2.785699307311135242e-01 -9.341032250646437440e-02
-9.511983734108995225e-01 -2.954013015229942640e-01 -8.921736228422133541e-02
-9.475174810105628787e-01 -3.064011476724685656e-01 -9.126320292588357974e-02
-9.408639044175182153e-01 -3.259408623474022715e-01 -9.239956701577733966e-02
-9.377072642156665250e-01 -3.352023908300518773e-01 -9.134799483654952590e-02
-9.338128194442465446e-01 -3.465498242904153647e-01 -8.886422053969077195e-02
-9.295964938018431711e-01 -3.572028118702772481e-01 -9.086540711243647206e-02
-9.215546322862515627e-01 -3.773508348553858416e-01 -9.134232049131851827e-02
-9.190816127870248264e-01 -3.841759575973626717e-01 -8.773730636869901678e-02
-9.141142998946771847e-01 -3.955683622654104226e-01 -8.899848210997345077e-02
-9.118515863042998548e-01 -4.013626885151897472e-01 -8.622464364254125990e-02
-9.072917540567781991e-01 -4.121559645097702118e-01 -8.336153871240450930e-02
-8.993965587643267812e-01 -4.282156676533904194e-01 -8.784750711807796930e-02
-8.948754560940290759e-01 -4.386141087371319136e-01 -8.255661069544846520e-02
-8.898607660550823528e-01 -4.501413449235124875e-01 -7.430073278956463023e-02
-8.859079161417955373e-01 -4.590469877390162545e-01 -6.665612841835874547e-02
-8.813494845491731677e-01 -4.678087315636917376e-01 -6.616712967913303267e-02
-8.783278588014251653e-01 -4.735300961800177344e-01 -6.564626992836565533e-02
-8.755675274697277688e-01 -4.789720580146500928e-01 -6.298638542406009844e-02
-8.701014244576412704e-01 -4.896734558702082740e-01 -5.606629740015707519e-02
-8.664539808121678455e-01 -4.969692929426210437e-01 -4.773921826843360861e-02
-8.622508480428751065e-01 -5.048555969307444435e-01 -4.055012847379225321e-02
-8.595858063706658392e-01 -5.096353683073968632e-01 -3.720274764562764291e-02
-8.605329600938184109e-01 -5.082486697704580170e-01 -3.415151352137918428e-02
-8.554985368892379372e-01 -5.169765333961370279e-01 -2.928358835905319965e-02
-8.524227982314438457e-01 -5.222256343726816574e-01 -2.560802637032418352e-02
-8.524338061681764334e-01 -5.222820454258438883e-01 -2.404334180293889872e-02
-8.481327888970998652e-01 -5.294121557497578623e-01 -1.983816583679277878e-02
-8.460171115051186019e-01 -5.330881129190908618e-01 -8.492477558393140766e-03
-8.441257956924205219e-01 -5.361330287596621780e-01 -3.609396168250889742e-03
-8.433083510673172745e-01 -5.374281024783946759e-01 -1.439066004878843553e-03
-8.438141305549593518e-01 -5.366347522047428820e-01 9.311548648057036207e-04
-8.479111649192879741e-01 -5.301381111726360951e-01 5.007320471224828255e-04
-8.458230811602265309e-01 -5.334517193021774961e-01 3.548203689448532327e-03
-8.472108671741269692e-01 -5.311540484827641517e-01 1.044675195637735643e-02
-8.460521641379400437e-01 -5.329653572353241220e-01 1.198644400068724428e-02
-8.488297546529779414e-01 -5.284739335012861305e-01 1.426045423996528429e-02
-8.508905954044224673e-01 -5.251446362698667381e-01 1.443319020387893656e-02
-8.506828071004179925e-01 -5.254605288309937006e-01 1.516593791827793719e-02
-8.510188273510216339e-01 -5.247255852463422743e-01 2.073709405578681372e-02
-8.536717346438963405e-01 -5.202059914478152081e-01 2.510592558062347407e-02
-8.543861795198767206e-01 -5.187364099713814847e-01 3.060726738049676654e-02
-8.578237883745198911e-01 -5.128404237444201819e-01 3.366094833359145611e-02
-8.604446363111496465e-01 -5.082894977197301989e-01 3.573270147286070064e-02
-8.625865966819936670e-01 -5.043674341646428028e-01 3.946981510748609479e-02
-8.650416724953381431e-01 -5.001537700402712838e-01 3.935889841846092196e-02
-8.657890862754351602e-01 -4.984315432420375336e-01 4.444397160100386351e-02
-8.683390752884865282e-01 -4.940803399422685205e-01 4.326522605621840878e-02
-8.698466696664907127e-01 -4.917263316121760486e-01 3.964842773285186250e-02
-8.744910289586497187e-01 -4.835476801912741984e-01 3.804067385019773567e-02
-8.785077392598780177e-01 -4.761252712714723057e-01 3.910101973763436406e-02
-8.841078039305809710e-01 -4.652784547065186849e-01 4.323612462894582675e-02
-8.866128273599338527e-01 -4.606742724962802904e-01 4.119369823808548270e-02
-8.887145258753330612e-01 -4.569000485077907570e-01 3.780011691682453462e-02
-8.915039657844804344e-01 -4.507844217522262720e-01 4.487868074910919547e-02
-8.947047009075050905e-01 -4.436489803013017874e-01 5.175995177537567188e-02
-8.957089827288121642e-01 -4.413077929278743095e-01 5.434024584612626163e-02
-8.989161109051894138e-01 -4.347605815430483633e-01 5.415786604800135184e-02
-9.006315830730121652e-01 -4.305662147105246973e-01 5.895336021134060106e-02
-9.044450185259663710e-01 -4.222037859171130503e-01 6.101789849292679063e-02
-9.072894938551634425e-01 -4.154383108436126015e-01 6.509068047389536538e-02
-9.114622500424112150e-01 -4.057032813897314960e-01 6.812801809358091931e-02
-9.172824896680169537e-01 -3.922012752636839794e-01 6.907247284413144117e-02
-9.205598143156161761e-01 -3.839558632821748474e-01 7.174633116475638561e-02
-9.228432054347579516e-01 -3.777168402850255569e-01 7.543487009893697082e-02
-9.255808043639214278e-01 -3.699793249797627692e-01 8.009673340989229007e-02
-9.282710990265122808e-01 -3.627148517816701778e-01 8.216274174710821998e-02
-9.321194002019392855e-01 -3.533737289375101787e-01 7.924925524879274097e-02
-9.367074775256839514e-01 -3.412529857803384137e-01 7.826566438665037706e-02
-9.396887223857676164e-01 -3.335240889259077912e-01 7.580765163976255216e-02
-9.431802806680494866e-01 -3.227332225331115412e-01 7.908374307260000735e-02
-9.456147382291245629e-01 -3.166322529425271148e-01 7.454392267848497511e-02
-9.509931956900532501e-01 -3.008742104890798630e-01 7.132085286762314402e-02
-9.532398804885149346e-01 -2.945302243132962294e-01 6.771772325523393865e-02
-9.559092599570959692e-01 -2.859591864766776181e-01 6.681948205220850090e-02
-9.590413846376595330e-01 -2.740495804264797552e-01 7.166912175225424730e-02
-9.613387470669085832e-01 -2.644672558922014360e-01 7.671308507712115698e-02
-9.626323747293021871e-01 -2.584146863231455149e-01 8.099860797960807546e-02
-9.651347128901738293e-01 -2.493228007797097523e-01 7.970658940183464325e-02
-9.678229891051938205e-01 -2.378784312634056597e-01 8.205197880151003653e-02
-9.709405043791445866e-01 -2.254517496296853107e-01 8.028735242679366224e-02
-9.734683175594318616e-01 -2.150616759240991938e-01 7.815320608125608803e-02
-9.753386649266082564e-01 -2.045864772089177608e-01 8.281832854256798715e-02
-9.768618781542580676e-01 -1.942877148022804090e-01 8.940452294007379674e-02
-9.792243697796761959e-01 -1.799198760867843916e-01 9.353334166150935325e-02
-9.815866140397618844e-01 -1.660855849235526871e-01 9.435736255348786683e-02
-9.836840026259600078e-01 -1.538284198717465856e-01 9.328780433582289922e-02
-9.854653099480105150e-01 -1.407517718193043166e-01 9.511611845679485144e-02
-9.868265746948474693e-01 -1.301072879686169526e-01 9.615310428430774714e-02
-9.881177857718954627e-01 -1.142812801435981601e-01 1.027766765958744305e-01
-9.896867606174573062e-01 -1.003092525173827909e-01 1.022652651269072149e-01
-9.918172954870534408e-01 -8.328971705621811272e-02 9.675375676898034794e-02
-9.934282874718163292e-01 -7.141667655558410488e-02 8.944221325818868529e-02
-9.946077793351079110e-01 -6.010941264402572259e-02 8.451175628123359929e-02
-9.953715705876132747e-01 -4.050287643542138660e-02 8.714910833702804727e-02
-9.958463757550887197e-01 -2.448229130052015715e-02 8.769622008795785462e-02
-9.958271695904192811e-01 -1.077240378306036292e-02 9.062128637270937259e-02
-9.960387973699463826e-01 1.988606385857974446e-04 8.891956161600933495e-02
-9.967916479118289486e-01 3.311416647616402531e-03 7.997161356708828994e-02
-9.966359734202936416e-01 1.596572110505634079e-02 8.038560843487892182e-02
-9.960092522521106773e-01 3.139561317364431003e-02 8.354578905842446890e-02
-9.957926131258710845e-01 4.549043223323354784e-02 7.954687852497629996e-02
-9.948345350887883853e-01 6.270270610023451208e-02 7.982876763665276709e-02
-9.940389644028768679e-01 7.278674125595992195e-02 8.117044627462755013e-02
-9.933718554186777849e-01 8.654046741063477211e-02 7.565128798854992009e-02
-9.922073509941937708e-01 9.973991046856209297e-02 7.467620688198157997e-02
-9.905564937126032365e-01 1.127636585899330357e-01 7.798848311456214877e-02
-9.895070322582627531e-01 1.256282581548837374e-01 7.136796587002514070e-02
-9.883216043329672296e-01 1.363261857412823297e-01 6.808516718306316384e-02
-9.866848429304959645e-01 1.476494609967931582e-01 6.821048234471427385e-02
-9.853770848121289339e-01 1.583790637543465163e-01 6.283379117839354988e-02
-9.840705317185844958e-01 1.659333918014099241e-01 6.380682223478686965e-02
-9.825175616928590872e-01 1.749765748825195810e-01 6.358027744447676544e-02
-9.819840678567672843e-01 1.779800671115842337e-01 6.348542082575038548e-02
-9.801386216798932960e-01 1.886160726790057363e-01 6.125578989809392361e-02
-9.780284773433071122e-01 1.984762055377589929e-01 6.377700111823461637e-02
-9.770070782545052790e-01 2.040211275177883643e-01 6.190768164564779130e-02
-9.756309845983034412e-01 2.119028755915870199e-01 5.693299015774744287e-02
-9.744960074269022332e-01 2.169281401421309652e-01 5.744323895046934969e-02
-9.743556468563864259e-01 2.192921013547505793e-01 5.041884399227095082e-02
-9.726737997143386494e-01 2.270611308907959924e-01 4.846580482530189748e-02
-9.690387245880424105e-01 2.427789459124364835e-01 4.497049534656832881e-02
-9.664380293416606760e-01 2.530542882422491258e-01 4.428401942874848202e-02
-9.640259719775375880e-01 2.622794979290676842e-01 4.316713985052458152e-02
-9.635908978432651262e-01 2.651977033605446565e-01 3.409943132555362522e-02
-9.624015356864845661e-01 2.697129208176315407e-01 3.222166863468101800e-02
-9.614134942917911264e-01 2.726389313283812954e-01 3.677115400742865525e-02
-9.588954848971192879e-01 2.815510407432720297e-01 3.533372395610576144e-02
-9.578052295615594458e-01 2.849941481389072218e-01 3.724901773018589324e-02
-9.567769884278940484e-01 2.887924043392990914e-01 3.430383559144037364e-02
-9.551840252670553699e-01 2.946592601583061244e-01 2.827383318075314331e-02
-9.541445319393835334e-01 2.980236954835863705e-01 2.810872576318835039e-02
-9.512188802740003668e-01 3.072607137016141188e-01 2.781199331246608092e-02
-9.496524690004196634e-01 3.124512842007963198e-01 2.311697336688205845e-02
-9.500050160307883518e-01 3.115867251014479145e-01 2.010456728043847133e-02
-9.501337940578621355e-01 3.113142877300231204e-01 1.814384239449809422e-02
-9.488361080011188387e-01 3.151904472407680569e-01 1.910584985251761320e-02
-9.462977089889973437e-01 3.227950122501808128e-01 1.800103838480242996e-02
-9.450149634995161918e-01 3.264019464328545839e-01 2.021137081102391056e-02
-9.444786650629499736e-01 3.281543577042827509e-01 1.657649349892173149e-02
-9.440060428711171125e-01 3.298623370654069631e-01 6.590974726051884724e-03
-9.442581236091659447e-01 3.291486010388022798e-01 6.148640023064154241e-03
-9.447151404677827102e-01 3.278454240683512100e-01 5.540093587371166736e-03
-9.449972439595837326e-01 3.270738357222426340e-01 1.710636059831625519e-03
-9.443992091774047193e-01 3.287947365543827383e-01 2.041152522570875098e-03
-9.454472833530725984e-01 3.257141670567341718e-01 6.302943525625964716e-03
-9.460362990130284366e-01 3.240086646915592561e-01 5.806675523117144945e-03
-9.435484229310898696e-01 3.311449265048201362e-01 7.708611649681437750e-03
-9.438082777138481205e-01 3.304791253385024330e-01 3.081254751210384980e-03
-9.419358355721964005e-01 3.357605940276826573e-01 4.660117896913080343e-03
-9.414265006366581146e-01 3.371997802596312654e-01 -3.530381798161849952e-03
-9.407540253048021217e-01 3.390896583953827981e-01 -2.810391983598509690e-04
-9.406396538467018953e-01 3.393837470557936609e-01 -3.965526610254616405e-03
-9.420092341240046130e-01 3.354244499783539113e-01 -1.044284213366337630e-02
-9.424970784608366348e-01 3.338954444099784258e-01 -1.459798290683675392e-02
-9.428845291629811554e-01 3.326587172400833348e-01 -1.752011262239738451e-02
-9.436703663138005238e-01 3.303157055515673624e-01 -1.943672413595987081e-02
-9.443198046635279397e-01 3.283084135899226874e-01 -2.176474116178431922e-02
-9.443479357431238119e-01 3.282917115653922191e-01 -2.077354682365841615e-02
-9.450761663719993155e-01 3.257053828767776937e-01 -2.733231391988645564e-02
-9.485272385651931648e-01 3.147565956563435075e-01 -3.499108122231588125e-02
-9.508793266051881465e-01 3.073195186971378057e-01 -3.719183081294391569e-02
-9.529595345111339100e-01 3.008614193582700991e-01 -3.674975539554594522e-02
-9.544096070122103370e-01 2.956920198026932733e-01 -4.084781756443044143e-02
-9.543834537354911607e-01 2.948107766456226075e-01 -4.731640316499080567e-02
-9.555959999318420772e-01 2.906065336726300075e-01 -4.882765987712484046e-02
-9.573263727486985841e-01 2.834943299720286136e-01 -5.618891264912086875e-02
-9.600085238406323995e-01 2.738315854428476914e-01 -5.830874762885664836e-02
-9.626132327818059942e-01 2.640374477174223800e-01 -6.049796227045613900e-02
-9.639497938831441681e-01 2.596724265974605372e-01 -5.806064828249088428e-02
-9.652385038711671639e-01 2.540474565151690789e-01 -6.143723444575922149e-02
-9.686392408725637004e-01 2.410328884106411051e-01 -6.034219948798755229e-02
-9.716979122766834509e-01 2.289046154852410198e-01 -5.835972379562345130e-02
-9.732073778853378432e-01 2.222393172151059249e-01 -5.896692811941118412e-02
-9.761692147628088234e-01 2.084807070965717379e-01 -6.024510073591851644e-02
-9.783188088902494695e-01 1.972776882179880231e-01 -6.303836412872203254e-02
-9.805984588094734944e-01 1.858706992319478224e-01 -6.227968496921623687e-02
-9.826425562928567947e-01 1.739642025695843364e-01 -6.442108634461529704e-02
-9.842136208291317745e-01 1.652362690436148529e-01 -6.340770846971567620e-02
-9.863519433006374681e-01 1.500202034380725136e-01 -6.785128255158555388e-02
-9.880413616788020770e-01 1.390899487567600068e-01 -6.654523035075331217e-02
-9.894871195417092036e-01 1.301588136064431578e-01 -6.303917109179521527e-02
-9.907233889949565997e-01 1.196841912451513806e-01 -6.436516523175189741e-02
-9.915085224263325836e-01 1.099298207728904436e-01 -6.947156520384994982e-02
-9.931884167345138570e-01 9.654598036712115638e-02 -6.523538886900044631e-02
-9.937646368874268887e-01 8.496180507454527409e-02 -7.220354866877992661e-02
-9.944599155514144417e-01 7.710245017803987744e-02 -7.144720277276840614e-02
-9.953763536527412414e-01 6.779654379512624340e-02 -6.804085031843956632e-02
-9.956497777763523294e-01 5.973630905303016492e-02 -7.150599747919254845e-02
-9.964958887044993441e-01 4.927312502375018333e-02 -6.758784451509797231e-02
-9.973392704118103635e-01 3.322688708655723716e-02 -6.488734258360902285e-02
-9.975792656213334775e-01 2.136746368374908139e-02 -6.617442081000866894e-02
-9.975030796849907455e-01 1.013368944300995465e-02 -6.989226200385247056e-02
-9.971787501702030765e-01 -2.604256297848352858e-03 -7.501847836487408883e-02
-9.972678911321082307e-01 -1.287562365526333935e-02 -7.273916074043690339e-02
-9.968051723410913390e-01 -2.755725120548317003e-02 -7.496706142014303298e-02
-9.960901412094643748e-01 -3.548282493366475276e-02 -8.090373357593522163e-02
-9.958370260401643304e-01 -4.854261375117772254e-02 -7.715080333948609592e-02
-9.952807376877859102e-01 -5.875856167833033716e-02 -7.722498858793570842e-02
-9.948222334441356729e-01 -7.383204110037366874e-02 -6.983958573347524845e-02
-9.942042992990524075e-01 -8.225968917277204362e-02 -6.921827019055615260e-02
-9.937980963211151542e-01 -8.753780094535992817e-02 -6.857471315946603307e-02
-9.933621882282629434e-01 -9.369585443980180117e-02 -6.672828435524616464e-02
-9.924943744313914351e-01 -1.043979157053885332e-01 -6.368677829202133711e-02
-9.918989455894940965e-01 -1.110290615821483834e-01 -6.171744480113307285e-02
-9.915458224169135804e-01 -1.166085474682427292e-01 -5.691521998899510409e-02
-9.911909676674064418e-01 -1.210921625000315055e-01 -5.363923325617097476e-02
-9.901220327849129532e-01 -1.289188841419709741e-01 -5.512073204202914967e-02
-9.892304937782847585e-01 -1.359650114602302395e-01 -5.419003038009784917e-02
-9.877352691789448302e-01 -1.459768018125154054e-01 -5.540600115253980357e-02
-9.859013449128317674e-01 -1.566314483317388651e-01 -5.886545131059609665e-02
-9.839063364744757845e-01 -1.695726471350640641e-01 -5.633340089263144668e-02
-9.829575348561402359e-01 -1.769554425463968350e-01 -4.981234429046854650e-02
-9.810937106348641690e-01 -1.862387444819681159e-01 -5.263339948951582803e-02
-9.795384825611673785e-01 -1.950908487555394755e-01 -4.943617518509080266e-02
-9.791311025962146086e-01 -1.976399790085716646e-01 -4.733641416816760511e-02
-9.776942397597722101e-01 -2.055506571429277229e-01 -4.316149033472027607e-02
-9.766380615648762031e-01 -2.102675589549871105e-01 -4.433580632157985840e-02
-9.754417980168746949e-01 -2.162013544708332458e-01 -4.207477080695857380e-02
-9.748942815814323204e-01 -2.195986227729960216e-01 -3.684559418951632165e-02
-9.747362572919198165e-01 -2.201714953490221116e-01 -3.759992757519063644e-02
-9.725606221966808240e-01 -2.296332648990817293e-01 -3.734183976391940163e-02
-9.716582947012728511e-01 -2.339436511040073607e-01 -3.391960475132427266e-02
-9.703267093003556942e-01 -2.389511746698280148e-01 -3.699225014277076479e-02
-9.698434993647807589e-01 -2.405858990623117866e-01 -3.901314079336163504e-02
-9.676369589339279820e-01 -2.499124727605117058e-01 -3.496404728403854079e-02
-9.657450793021021829e-01 -2.571246844214549188e-01 -3.497644070809468458e-02
-9.646512665370647888e-01 -2.617091934163598976e-01 -3.092320848946455980e-02
-9.641563191056818916e-01 -2.637607240362343508e-01 -2.885975660070293561e-02
-9.638780379123210729e-01 -2.652911104745100390e-01 -2.365940602974647700e-02
-9.626704630353939418e-01 -2.698823878684807887e-01 -2.071446446791336618e-02
-9.623083952450198764e-01 -2.714066893572048000e-01 -1.734860529181884298e-02
-9.601814666345940275e-01 -2.789396250325869575e-01 -1.562847911803763590e-02
-9.582746745319403736e-01 -2.856488714837192577e-01 -1.069499154639375060e-02
-9.574066343152892733e-01 -2.887371022128316089e-01 -1.853278148695408287e-03
-9.581423986614854282e-01 -2.862533605706069073e-01 4.708496353486125302e-03
-9.582214151595607188e-01 -2.859530885175991521e-01 6.524047167938164943e-03
-9.575360794489652383e-01 -2.880439897598018328e-01 1.246310739577872681e-02
-9.583201410920734187e-01 -2.853409634912762449e-01 1.424971116170388810e-02
-9.584162762304127003e-01 -2.847729409007100920e-01 1.851016363764414197e-02
-9.586036435795416422e-01 -2.843228286472807009e-01 1.547889520041202671e-02
-9.585534329131386588e-01 -2.844878000155263154e-01 1.555700688454311059e-02
-9.597899019623611361e-01 -2.802831275566197156e-01 1.564369102744213313e-02
-9.603677776812228339e-01 -2.783251214398638207e-01 1.512848079070472536e-02
-9.606385886013097952e-01 -2.774577442585255405e-01 1.380995283010677359e-02
-9.604792328795012102e-01 -2.779056274784910130e-01 1.575176117969914746e-02
-9.623582787014455242e-01 -2.713913483535887461e-01 1.460451870020891552e-02
-9.643884643284184044e-01 -2.640886850780369555e-01 1.456258201608755763e-02
-9.656655740163228030e-01 -2.592461629608993623e-01 1.677613591271716331e-02
-9.667539622925203080e-01 -2.553909480445771263e-01 1.273784079028082890e-02
-9.662854295824979678e-01 -2.569455509031851603e-01 1.647619448788167559e-02
-9.662687025731342416e-01 -2.570112954043776154e-01 1.643170713545637207e-02
-9.665782256686611396e-01 -2.555834337726773375e-01 2.009115725350186371e-02
-9.675497739404086417e-01 -2.515115763186851483e-01 2.427703813277487174e-02
-9.696698614325018895e-01 -2.428126800936364349e-01 2.797096836055587218e-02
-9.699188538092379241e-01 -2.423314688950506390e-01 2.308438986820183364e-02
-9.718907981239787164e-01 -2.338399481110617906e-01 2.733438042534657927e-02
-9.747767332904490045e-01 -2.212151250886561504e-01 2.956690527526034326e-02
-9.753295487072440872e-01 -2.183879135681218442e-01 3.223358333737809389e-02
-9.767826016277438850e-01 -2.116358268136452891e-01 3.325716880926780916e-02
-9.777553314003590845e-01 -2.071486769128800809e-01 3.292340926334025308e-02
-9.786843323243552550e-01 -2.029126369338309366e-01 3.167732202930101382e-02
-9.800194589584605431e-01 -1.967588105149292443e-01 2.911775695510615547e-02
-9.815976277594525845e-01 -1.882030734309807773e-01 3.233749689719109255e-02
-9.815182679426818213e-01 -1.887224436398864669e-01 3.171344100862925203e-02
-9.817612681629742655e-01 -1.868714321450250515e-01 3.498419114669194113e-02
-9.833795579096697992e-01 -1.777117345942600402e-01 3.719137115859320192e-02
-9.844971963239409485e-01 -1.708226815584683034e-01 3.981074829685871813e-02
-9.848316735083966211e-01 -1.678135420695756330e-01 4.410446510562494177e-02
-9.862453233693463384e-01 -1.573138727045966245e-01 5.072003442997371353e-02
-9.872017373325181477e-01 -1.495022688215936202e-01 5.551410440477125285e-02
-9.882626476631785062e-01 -1.416150574296676790e-01 5.728986957052323997e-02
-9.894305922154852384e-01 -1.349916251206672579e-01 5.295638399870473967e-02
-9.907651385575980685e-01 -1.255442169744593328e-01 5.121624698684142801e-02
-9.918361858120254837e-01 -1.167639403753255867e-01 5.125599379176771359e-02
-9.926049569131463191e-01 -1.095446684401646803e-01 5.230085426208931632e-02
-9.929260810313493835e-01 -1.070070356219105512e-01 5.145197920463619179e-02
-9.937091675777319777e-01 -9.962882169049233627e-02 5.114882568540040503e-02
-9.947610221255183127e-01 -8.941169445662336401e-02 4.955877232097593427e-02
-9.952566582047533972e-01 -8.096472917389456458e-02 5.393432478914975819e-02
-9.955462450455964118e-01 -7.574222504054126115e-02 5.613202156745868837e-02
-9.960385848978262624e-01 -6.660692061395338814e-02 5.891239624164788802e-02
-9.963728262089601717e-01 -5.918454653868539944e-02 6.114242172244760409e-02
-9.969503454203982873e-01 -4.884914624639780101e-02 6.085872767171540687e-02
-9.969576299979810985e-01 -4.238122632695640740e-02 6.541659459617460426e-02
-9.973699024636053512e-01 -2.946664484679892976e-02 6.621940603167680850e-02
-9.977686167793059502e-01 -1.970491273667896934e-02 6.379278185797593315e-02
-9.981458204628388398e-01 -7.771275069220220932e-03 6.037005366660591621e-02
-9.979844814165641509e-01 -2.851034930851412130e-03 6.339449149865436506e-02
-9.979374611983724552e-01 8.084078792236071634e-03 6.368270045496722542e-02
-9.976860161451422959e-01 1.711971608585919485e-02 6.579926858427644076e-02
-9.975631703851699505e-01 2.270002621322480402e-02 6.597306370804185971e-02
-9.971709644178227139e-01 3.229666659667872891e-02 6.787494625329559828e-02
-9.967729689187095898e-01 4.475715347240677433e-02 6.663678350506332948e-02
-9.962230982431161674e-01 5.340147529127570181e-02 6.846777616351783224e-02
-9.960564047944852062e-01 6.038780449944088080e-02 6.499974463480180653e-02
-9.957262886865059226e-01 6.428010941972067682e-02 6.631169460993578679e-02
-9.952630194024709720e-01 7.362304972803128400e-02 6.349160497347697274e-02
-9.949636350686941189e-01 8.066356424044403284e-02 5.950436477054593665e-02
-9.942773375740603381e-01 8.965779634330164893e-02 5.808675073722436438e-02
-9.934977197531504878e-01 1.010987660649000086e-01 5.235775503681845688e-02
-9.930426835678201058e-01 1.079672941429058036e-01 4.700325546767892410e-02
-9.925206378445242672e-01 1.130661801337675132e-01 4.603082002671408934e-02
-9.906159420427412821e-01 1.286686678322182253e-01 4.609168386779518428e-02
-9.900661733009968879e-01 1.322086303433876175e-01 4.785252977370013650e-02
-9.886449135488423190e-01 1.435108769665361661e-01 4.456318106384254268e-02
-9.874752367214254534e-01 1.517527172940102698e-01 4.317156030402262423e-02
-9.866840122757328801e-01 1.572842130686825379e-01 4.142885674709467780e-02
-9.859027983124378780e-01 1.622883490870908330e-01 4.072073133745307549e-02
-9.838885085090169902e-01 1.739655029434710176e-01 4.122402902013747039e-02
-9.826205910501656371e-01 1.806161363409867771e-01 4.283222350913124671e-02
-9.820966905494336041e-01 1.840396737788705939e-01 4.019331895255623399e-02
-9.809710286211521524e-01 1.904155921240977545e-01 3.791776916028950090e-02
-9.793817921172119911e-01 1.979293713186972004e-01 4.043863641570672601e-02
-9.772422234680800956e-01 2.082572099851773273e-01 4.033094630405826414e-02
-9.766578910050819351e-01 2.122373064273258558e-01 3.308630436429425142e-02
-9.754363873466652679e-01 2.178088449987874986e-01 3.291162579618239076e-02
-9.736412687294487833e-01 2.267658635317993665e-01 2.449360257642885230e-02
-9.729604974284257191e-01 2.296541048867730694e-01 2.463485662176729749e-02
-9.708531470000734132e-01 2.388425712359884823e-01 1.996012182456559023e-02
-9.700836011225013600e-01 2.418643043809085291e-01 2.096374122953003835e-02
-9.697518517861452025e-01 2.431762489602997124e-01 2.113459835410621060e-02
-9.695723077532031331e-01 2.440994147306963513e-01 1.857495939194879833e-02
-9.688229705107316292e-01 2.472937786557614093e-01 1.509477238918390495e-02
-9.678236531929877984e-01 2.510820340008556029e-01 1.658920934741650588e-02
-9.667445633806623917e-01 2.548550989325132909e-01 2.130354776652089790e-02
-9.670102231791463110e-01 2.540497848718041851e-01 1.870691102011327878e-02
-9.665811805547945834e-01 2.555030777350075777e-01 2.095261689245111331e-02
-9.668294044845814339e-01 2.547149051510497753e-01 1.900613622510427883e-02
-9.656092403120383194e-01 2.596741247083719784e-01 1.296754485867896226e-02
-9.650001743882008487e-01 2.621513009946739858e-01 7.167420715631121937e-03
-9.655945169794110106e-01 2.599423509921074960e-01 7.564128337146308959e-03
-9.665086101270187191e-01 2.565535114333715727e-01 6.435484564250300993e-03
-9.656697350441616479e-01 2.597722341185088046e-01 -6.018521571301187548e-04
-9.659015006601970876e-01 2.588882392264945653e-01 -3.344197421415618689e-03
-9.673875885833426169e-01 2.532722510578497843e-01 -3.799124779572373746e-03
-9.683792531546350224e-01 2.492505938951410094e-01 -1.075995930166344025e-02
-9.685772763220489301e-01 2.481191557144209747e-01 -1.717433157903940771e-02
-9.679934190150260021e-01 2.502725872934887241e-01 -1.877194912788464343e-02
-9.677508735652684546e-01 2.513025831795331899e-01 -1.747202581291932080e-02
-9.692895028426344872e-01 2.454843815861910694e-01 -1.467280702235299571e-02
-9.694089141403885446e-01 2.447611324645500297e-01 -1.839452175463451855e-02
-9.686071421595422448e-01 2.476847253681607464e-01 -2.127191012974867512e-02
-9.680640572512188013e-01 2.498977578912791320e-01 -2.007747125827809287e-02
-9.709721295507033334e-01 2.379348706289142745e-01 -2.449764372004843357e-02
-9.722868166318050509e-01 2.326445838868947402e-01 -2.312698323163926706e-02
-9.730708189828490839e-01 2.293401234863056137e-01 -2.315820730217375140e-02
-9.744379569835532884e-01 2.229141412555031565e-01 -2.792789774973661321e-02
-9.754023397346535118e-01 2.189221151517898034e-01 -2.575649294317466226e-02
-9.754980881526126302e-01 2.179668976043605266e-01 -2.989858507666648402e-02
-9.767278105487712248e-01 2.118172963820319499e-01 -3.370802666104013440e-02
-9.776957322427102248e-01 2.068378160792008758e-01 -3.645801766253985859e-02
-9.786477781181066593e-01 2.018252068979915770e-01 -3.892462353700943539e-02
-9.792436610478338910e-01 1.995617166052083280e-01 -3.545402107420050908e-02
-9.814129273590416203e-01 1.880731865776069933e-01 -3.817272398231976588e-02
-9.818513365527361536e-01 1.853694625419875786e-01 -4.007654731732764736e-02
-9.837220815040804700e-01 1.759500729453782053e-01 -3.650277324694210096e-02
-9.842170823711015037e-01 1.718195381282545120e-01 -4.236502736724117452e-02
-9.850906540142733148e-01 1.653710937895949695e-01 -4.742171778255337145e-02
-9.862663114143421783e-01 1.568740120638410784e-01 -5.166548429758589800e-02
-9.865010378020580006e-01 1.526528442841585120e-01 -5.926910412943993400e-02
-9.874040975473938886e-01 1.472798214624388979e-01 -5.780845449033308880e-02
-9.883832367504540306e-01 1.394811468218555006e-01 -6.036225829590940312e-02
-9.898481081092069811e-01 1.314934287651580713e-01 -5.394641975298322678e-02
-9.912074270850714797e-01 1.221195201284231563e-01 -5.093794581560668472e-02
-9.922400586792654575e-01 1.128401414339361419e-01 -5.221861293758716521e-02
-9.926830951293359462e-01 1.066229522707777405e-01 -5.667304496806670894e-02
-9.938627609259637063e-01 9.330000877500634060e-02 -5.943009667037323779e-02
-9.943380919597532008e-01 8.624127801836944940e-02 -6.208233647005511474e-02
-9.953261830121149512e-01 7.470454103331788942e-02 -6.119670312269891166e-02
-9.956232237482021130e-01 7.184706338498865474e-02 -5.976965200984864224e-02
-9.963038782434664453e-01 5.594424586955745737e-02 -6.518312445817031620e-02
-9.965653405442119750e-01 5.208338968781914269e-02 -6.438057690746246120e-02
-9.970538965824867761e-01 4.564790825183212553e-02 -6.164261354873151744e-02
-9.974519311916379971e-01 3.508790386012801410e-02 -6.211682555228436459e-02
-9.975945212383261484e-01 2.802118793552616643e-02 -6.340347250770765608e-02
-9.978278105859140767e-01 1.764816933615847780e-02 -6.346824913565726756e-02
-9.979502982395829225e-01 7.073760815945798891e-03 -6.360173165338810219e-02
-9.979093142595707455e-01 -8.268941301748032949e-03 -6.409868374764356169e-02
-9.983277203950823298e-01 -1.311720434523972259e-02 -5.630024371531089367e-02
-9.984401435190962681e-01 -1.986427456107036499e-02 -5.217955665609716465e-02
-9.981257092675719367e-01 -2.703647304620598532e-02 -5.490094232728917611e-02
-9.977779853255039910e-01 -3.335431687700179254e-02 -5.767666373521870143e-02
-9.979932725171367647e-01 -3.815328022180148465e-02 -5.053484927986337527e-02
-9.975991720327322954e-01 -4.851243526906347941e-02 -4.942116227692051195e-02
-9.974456749378556308e-01 -5.613447770604297615e-02 -4.417082139116973449e-02
-9.967670750138332147e-01 -6.683701130965798154e-02 -4.458954611152640690e-02
-9.964564771673676269e-01 -7.024682495527545534e-02 -4.625892660626133857e-02
-9.959490613038588513e-01 -7.774870815293255522e-02 -4.517323555181983891e-02
-9.953784563332221946e-01 -8.350805253618265311e-02 -4.741465459051845410e-02
-9.946754937922268613e-01 -9.208622565438212559e-02 -4.626883056132961858e-02
-9.935440689651886537e-01 -1.037278148455307858e-01 -4.594278006678893106e-02
-9.931296040146379012e-01 -1.088169552660085554e-01 -4.304039187770895836e-02
-9.930642762261198131e-01 -1.083411915999621666e-01 -4.566776703863322656e-02
-9.921180042264263754e-01 -1.152042869908086326e-01 -4.929354444939579999e-02
-9.912436249154454870e-01 -1.233254780139412810e-01 -4.719023238663547920e-02
-9.911328345747877355e-01 -1.246055501593640313e-01 -4.614300146455879020e-02
-9.907961514080034782e-01 -1.273109676689172798e-01 -4.598825231212538139e-02
-9.896824508674985088e-01 -1.367613767819474413e-01 -4.271987425888735396e-02
-9.887034292833926097e-01 -1.449220485259314906e-01 -3.825106423294714897e-02
-9.876563467768821880e-01 -1.529292885177955252e-01 -3.387607190240550514e-02
-9.871134359306920070e-01 -1.562586354470142380e-01 -3.450099026622317072e-02
-9.864288579762769960e-01 -1.613075401800828090e-01 -3.062679228503885007e-02
-9.845301282997497294e-01 -1.721465644794330230e-01 -3.264968204169207272e-02
-9.831878077072622180e-01 -1.803380647173257190e-01 -2.863445256827370361e-02
-9.824904942692298526e-01 -1.843618389642031619e-01 -2.689155391766250361e-02
-9.819235012996526679e-01 -1.869421671733166590e-01 -2.964588401212017721e-02
-9.808995232170134582e-01 -1.923127635994389961e-01 -2.918802841164806761e-02
-9.803487434204609663e-01 -1.959359434165331149e-01 -2.292295833642564451e-02
-9.799532448098186022e-01 -1.979676020584496265e-01 -2.237143679255424941e-02
-9.798102149799148286e-01 -1.990685819838376447e-01 -1.853798617480682115e-02
-9.782177623358114804e-01 -2.067971450522893273e-01 -1.802678204947520332e-02
-9.775815794074151910e-01 -2.094924378125835041e-01 -2.114683931319439117e-02
-9.767843222795203895e-01 -2.132916200469307244e-01 -1.997716822161859848e-02
-9.761748195257649030e-01 -2.160233958390969378e-01 -2.041148842719827869e-02
-9.739316171500220776e-01 -2.261835074883555563e-01 -1.726964487109301088e-02
-9.738650019602048680e-01 -2.263863527584458191e-01 -1.833553439965947274e-02
-9.729846474887459129e-01 -2.304822175687887276e-01 -1.337301821783699191e-02
-9.729107841672125501e-01 -2.307576595185070745e-01 -1.398295772738785553e-02
-9.739117954451107506e-01 -2.268268822283655006e-01 -6.737572486447176642e-03
-9.729257428141171449e-01 -2.310070547872730418e-01 -7.159211748127919384e-03
-9.727179915064567695e-01 -2.318820096424933086e-01 -7.103330803316989031e-03
-9.726415482671934010e-01 -2.319490614195791056e-01 -1.296403620686636948e-02
-9.721784627663971889e-01 -2.338692298993933771e-01 -1.319979488750908959e-02
-9.709825588311931099e-01 -2.386036514643067596e-01 -1.616115088054366142e-02
-9.717715613511981321e-01 -2.353146629154873049e-01 -1.694275060648064990e-02
-9.712971705195264649e-01 -2.374266908508519958e-01 -1.450475075029832896e-02
-9.721486020432854591e-01 -2.339196984698708459e-01 -1.444593354769708841e-02
-9.712744505050444621e-01 -2.378851002506518764e-01 -6.052751000642609541e-03
-9.707526477046856117e-01 -2.399531679748833080e-01 -7.860604009243639043e-03
-9.706056887198420968e-01 -2.406740934074576843e-01 -7.698786770013593683e-04
-9.710190257923607682e-01 -2.390014638817100356e-01 6.056000566417019376e-04
-9.701321770948617695e-01 -2.425703312944192391e-01 -1.791191764662851188e-03
-9.693298689889939812e-01 -2.457631535804921386e-01 -3.040158490382621499e-04
-9.684370743792052316e-01 -2.492581599704332684e-01 1.328597220131057526e-04
-9.695856210920967833e-01 -2.447215931752563245e-01 3.883344305249912965e-03
-9.702294902319703596e-01 -2.421126087092511370e-01 6.019648574627382842e-03
-9.706043320060704360e-01 -2.406298085777689166e-01 4.953895982645127420e-03
-9.705731899641891758e-01 -2.406548825530766544e-01 8.539649549325772221e-03
-9.706547541463406148e-01 -2.402104639640535166e-01 1.132680267060968970e-02
-9.706240316710611493e-01 -2.401520824771486706e-01 1.469631383801636368e-02
-9.710202178738726042e-01 -2.381950492763646454e-01 1.956707157892930565e-02
-9.712397669921951637e-01 -2.366056041298104651e-01 2.666680587570075672e-02
-9.719599040902512366e-01 -2.334440634715646001e-01 2.824587611711906754e-02
-9.720911774462002164e-01 -2.330861166440263699e-01 2.663870123976268961e-02
-9.722284339198926650e-01 -2.318183553008779374e-01 3.212690388050210011e-02
-9.735006225250836254e-01 -2.255171103441706570e-01 3.792870657042521354e-02
-9.744656430554843318e-01 -2.221067119107700549e-01 3.294442112371998715e-02
-9.758531977919689959e-01 -2.153028684010659666e-01 3.681341171563187742e-02
-9.764360384733217213e-01 -2.128051529532033748e-01 3.586984395040375417e-02
-9.775729935988428654e-01 -2.073343825632233683e-01 3.692576402665638524e-02
-9.782101158450915435e-01 -2.046067199087705513e-01 3.522890104587412391e-02
-9.784824197433523718e-01 -2.026583657922572390e-01 3.875251127131717349e-02
-9.793719019192823616e-01 -1.979433842778719477e-01 4.060924177567867832e-02
-9.805351562888684480e-01 -1.919927304696457393e-01 4.110492548074221736e-02
-9.821364480484797710e-01 -1.841893368090309624e-01 3.850067201182758719e-02
-9.830387612536682918e-01 -1.790021797631544676e-01 3.991277577160776135e-02
-9.836570168272911197e-01 -1.757673801496773269e-01 3.904763065588574139e-02
-9.858751282586490916e-01 -1.615628421080838595e-01 4.413271055843649010e-02
-9.869510407219310721e-01 -1.545964603573466156e-01 4.502881628447252121e-02
-9.878613941296567891e-01 -1.473131741671024064e-01 4.928196046550657045e-02
-9.897866578611311805e-01 -1.340222105149560805e-01 4.858431648767326527e-02
-9.902681606045430351e-01 -1.306467260388660401e-01 4.796269247774327671e-02
-9.908481336862178246e-01 -1.272720863996603113e-01 4.496452736473850742e-02
-9.916234680182989258e-01 -1.206347264077467785e-01 4.615384306395699937e-02
-9.927501318273500575e-01 -1.103366102586305492e-01 4.767625279948212169e-02
-9.934484906572322860e-01 -1.037697599103725721e-01 4.787431707018245663e-02
-9.937894165813720981e-01 -9.855746947980154049e-02 5.166273020785831088e-02
-9.944084055649468068e-01 -9.414995099861307726e-02 4.783018481410272749e-02
-9.953670281094065819e-01 -8.613866304842399124e-02 4.271564852703901155e-02
-9.954237063020223708e-01 -8.272519271286110643e-02 4.783517657959990288e-02
-9.965935725177250681e-01 -6.817213180941385231e-02 4.640935594401617015e-02
-9.970099637965202932e-01 -5.835936465325620298e-02 5.064912359060043390e-02
-9.973594233593052749e-01 -5.215034745465257221e-02 5.054244715049698716e-02
-9.977805750019881348e-01 -4.270065695830152497e-02 5.109398351198778110e-02
-9.980092380588503342e-01 -3.300375508162036592e-02 5.374318706040276394e-02
-9.984157848124727286e-01 -2.142421170341714254e-02 5.202827068821749834e-02
-9.984883388761981449e-01 -1.290310072446003951e-02 5.342812362605986465e-02
-9.985002629118950868e-01 -3.580716213705311540e-03 5.462985213336347262e-02
-9.983647918881163319e-01 5.517470933697230656e-03 5.689742712454365359e-02
-9.980167791660097265e-01 1.652132110563972467e-02 6.074184740855485126e-02
-9.978119765378740125e-01 2.718901720869921351e-02 6.026636174365507248e-02
-9.975426583167507077e-01 3.345003436808728636e-02 6.156100761933300247e-02
-9.969976023319078173e-01 4.633029869614441881e-02 6.204274345941306057e-02
-9.963643805555457700e-01 5.682042777534777184e-02 6.347816856071307468e-02
-9.957506713002248766e-01 6.581481448732910688e-02 6.441295384596243401e-02
-9.948930234479675949e-01 7.702665198563206361e-02 6.522871022789575313e-02
-9.945481993121694231e-01 8.263208622743016540e-02 6.360688141937952123e-02
-9.937733452396052547e-01 9.415383493996472286e-02 5.957861391092776626e-02
-9.928388632758387011e-01 1.055326668528975831e-01 5.598093530387854982e-02
-9.921983939848251222e-01 1.119041216330110833e-01 5.495299655118120186e-02
-9.923754352807230283e-01 1.126920052414536882e-01 4.991517502994378963e-02
-9.916072982138526282e-01 1.196603765233004574e-01 4.895281077258538394e-02
-9.897352914497997700e-01 1.344245813179453242e-01 4.851908903713047366e-02
-9.890194465624376763e-01 1.401942256907370843e-01 4.675607516584615042e-02
-9.885170812362461534e-01 1.441618330589013453e-01 4.529197626009269506e-02
-9.879044957478687605e-01 1.483411511421237894e-01 4.516223285883001759e-02
-9.874804447161248389e-01 1.528238340256876104e-01 3.908022625933207927e-02
-9.865258671755136044e-01 1.592716600359625478e-01 3.740679965939515406e-02
-9.860408866764226454e-01 1.627518539633286965e-01 3.514570744885601311e-02
-9.845905509481167606e-01 1.703636060581513734e-01 3.946778198194323545e-02
-9.836542045204271778e-01 1.743867631262234208e-01 4.487404610106490027e-02
-9.823796679092506867e-01 1.817594665464182524e-01 4.351668212587883611e-02
-9.800837116304024210e-01 1.934196628689978936e-01 4.499743887595398367e-02
-9.790252770525383896e-01 1.997561519012615305e-01 4.008744951354330233e-02
-9.774234112572611766e-01 2.070169812463492909e-01 4.227838281712373303e-02
-9.761041264729047873e-01 2.129256042985448738e-01 4.339859943146940485e-02
-9.748245202521829134e-01 2.192934938479293161e-01 4.034272235213846175e-02
-9.732167448612862870e-01 2.266411935933166089e-01 3.850913845594537005e-02
-9.727778927108805540e-01 2.286031835065407414e-01 3.799701039044256490e-02
-9.721845375317230697e-01 2.313808955691891156e-01 3.633349665611428081e-02
-9.725080079429984092e-01 2.299280584907432701e-01 3.689551774385596561e-02
-9.717200160866911185e-01 2.337188755574837462e-01 3.370036191368439016e-02
-9.705456907357530305e-01 2.383703283488377567e-01 3.493802613384905387e-02
-9.694467657047379783e-01 2.424031443524299612e-01 3.759921590892444099e-02
-9.673373319650726554e-01 2.513207747829345751e-01 3.311149730873570729e-02
-9.664050974739375466e-01 2.557644334078410520e-01 2.541179200400808802e-02
-9.652031210859463028e-01 2.600666810601682810e-01 2.735458820451501516e-02
-9.635020207789029012e-01 2.665440825243746148e-01 2.486211732058112023e-02
-9.641666086659955726e-01 2.643342646633943249e-01 2.258681402044878869e-02
-9.635904542495703495e-01 2.666196620461408484e-01 2.018437936334108174e-02
-9.639954191891579871e-01 2.652973475384832747e-01 1.817047284621225306e-02
-9.645233445056876631e-01 2.633243204272248117e-01 1.884242760802482333e-02
-9.638438222982891324e-01 2.657833809508677314e-01 1.908657990065232291e-02
-9.630277542678274960e-01 2.687060728557116307e-01 1.935478831199576727e-02
-9.637655674922954718e-01 2.665123630757086914e-01 1.127423423155086285e-02
-9.636292674550520632e-01 2.669148760326467418e-01 1.323257248563300924e-02
-9.617791691538992715e-01 2.733057349433808958e-01 1.687667838957068386e-02
-9.608880163715400879e-01 2.766014756080567016e-01 1.363307981474406495e-02
-9.613301207389214342e-01 2.750271604854432894e-01 1.429954991638849801e-02
-9.601219834519874041e-01 2.793685867505872888e-01 1.090810685221384191e-02
-9.604802052277365831e-01 2.782155498370740276e-01 8.596532853411990860e-03
-9.599784375399039726e-01 2.800264785055151529e-01 5.156351696572938209e-03
-9.588837498252961167e-01 2.837328126144079699e-01 6.136983331600958866e-03
-9.591280624495882590e-01 2.829525575342529686e-01 3.350704379657442125e-03
-9.585781782012497976e-01 2.848281525618270305e-01 9.038595798929781669e-04
-9.582445099053062965e-01 2.859353646140085359e-01 2.905805571239809381e-03
-9.586265234882263009e-01 2.846668314978759162e-01 -2.703517267144996128e-05
-9.584888947089488243e-01 2.850424089428670316e-01 -7.062654090357819124e-03
-9.566644997825628494e-01 2.911057805686906863e-01 -7.104690950368138663e-03
-9.567518612533499889e-01 2.907650198405973829e-01 -9.033077670413643470e-03
-9.582407049945879107e-01 2.856207440798662622e-01 -1.398425039898249823e-02
-9.572200428904358294e-01 2.891119596773273348e-01 -1.200340433672719871e-02
-9.577897212019655937e-01 2.872386946331875746e-01 -1.152387587289059427e-02
-9.587201197234601624e-01 2.836862642184985184e-01 -1.943844800353971072e-02
-9.598733254620283040e-01 2.799129976330901881e-01 -1.708597487013106472e-02
-9.603507319053811164e-01 2.777370914297740967e-01 -2.426102986754108404e-02
-9.621764383396759213e-01 2.710603795402132254e-01 -2.725417658404591728e-02
-9.631449495719631715e-01 2.676364046978946809e-01 -2.688082910468138007e-02
-9.631622768488468100e-01 2.675786244559084093e-01 -2.683516663939139110e-02
-9.649931294254214809e-01 2.607466986606031267e-01 -2.827432434664348473e-02
-9.663232755853701228e-01 2.551382326773090625e-01 -3.352353750504799557e-02
-9.673976708596088159e-01 2.511531353875702255e-01 -3.261697822162955285e-02
-9.679768100371702877e-01 2.490608212966010093e-01 -3.145823876204650177e-02
-9.687426285274399751e-01 2.453199369733631563e-01 -3.682209422509026553e-02
-9.708675065535432580e-01 2.365898091278267612e-01 -3.796795222524543961e-02
-9.717222383857229140e-01 2.321894231268741282e-01 -4.294160990951959717e-02
-9.722370744954389465e-01 2.299747511186161775e-01 -4.320536394732681779e-02
-9.743570954242065651e-01 2.206076078348082059e-01 -4.427812890907793092e-02
-9.748466276442534495e-01 2.175715485334482613e-01 -4.833934924634940289e-02
-9.772623712800646567e-01 2.069137297812944365e-01 -4.631398151529175777e-02
-9.781916801680246021e-01 2.017507887701927016e-01 -4.937281647278603247e-02
-9.791907740193058762e-01 1.963559320079902304e-01 -5.128152684089273827e-02
-9.801836458683111930e-01 1.905222054612391025e-01 -5.423401754951369391e-02
-9.810603720361622537e-01 1.832862918248999162e-01 -6.266339678275291425e-02
-9.829368328220652318e-01 1.733933083678076414e-01 -6.140002359255881947e-02
-9.844464245383189871e-01 1.651191819107595549e-01 -6.000760421322091920e-02
-9.851662737682667093e-01 1.607632775886009557e-01 -6.002167269861087562e-02
-9.859693105262017365e-01 1.554182001225416221e-01 -6.090748223598066446e-02
-9.875044858615531496e-01 1.449665467366441085e-01 -6.180299672877428291e-02
-9.893337613451409496e-01 1.335797784950085720e-01 -5.809622135132420928e-02
-9.903344005583388787e-01 1.258584075607155905e-01 -5.828769876359592150e-02
-9.918170095097958994e-01 1.141360281800514603e-01 -5.720145236187447468e-02
-9.923936217412474559e-01 1.079352657350945155e-01 -5.920217483969367200e-02
-9.926427516090755576e-01 1.023725615254167526e-01 -6.465482372986945669e-02
-9.929278101990092198e-01 9.762704423558392353e-02 -6.755252713680973131e-02
-9.932316775653977636e-01 9.276733891353639017e-02 -6.989331550738597798e-02
-9.941925316011075431e-01 8.181943668091350153e-02 -6.990572174408660189e-02
-9.948819056606805766e-01 7.669999730042273423e-02 -6.578087887648659260e-02
-9.956153594037883137e-01 6.245816625991112980e-02 -6.963514695980467517e-02
-9.967437090862366622e-01 4.577727258498549140e-02 -6.638101990094778804e-02
-9.968429305804329399e-01 3.486574389130186330e-02 -7.133422843692677207e-02
-9.970829675851674567e-01 2.112694987940921809e-02 -7.334322382456284761e-02
-9.973047174346973964e-01 1.189493151532976245e-02 -7.240049657149817686e-02
-9.976579834266191549e-01 -1.298509168284923965e-04 -6.839993986034721696e-02
-9.973749574597539080e-01 -6.120948849348397357e-03 -7.215087549764462316e-02
-9.969139811817987473e-01 -2.220699661034130495e-02 -7.529531606948504374e-02
-9.969830373231086673e-01 -3.379686644262824835e-02 -6.987571385486414377e-02
-9.964915689445286162e-01 -4.247779060907523607e-02 -7.211248679555697094e-02
-9.963343223963072592e-01 -5.482096186884699573e-02 -6.567038988866678861e-02
-9.956271199860160515e-01 -6.245928847282087443e-02 -6.946578544940398836e-02
-9.953454209261227703e-01 -6.934579117602558684e-02 -6.692289859043712430e-02
-9.946608819633296905e-01 -7.938382626803348885e-02 -6.593904807500999832e-02
-9.941701248997180107e-01 -8.776421654801873362e-02 -6.263565268471825431e-02
-9.937643266068816317e-01 -9.380248283010957089e-02 -6.027916037396467003e-02
-9.930609877214469083e-01 -1.000548776519745720e-01 -6.179737856223160852e-02
-9.929797591760145536e-01 -1.034810504145336346e-01 -5.729650856607240716e-02
-9.921502197818303781e-01 -1.119253881574660131e-01 -5.577336856347106520e-02
-9.922083386837408092e-01 -1.121857565455770395e-01 -5.419398900530053576e-02
-9.911964713719552122e-01 -1.203597146503021798e-01 -5.516442705086620213e-02
-9.899677399809411193e-01 -1.323224030525610162e-01 -4.954467471718748683e-02
-9.890196185495274683e-01 -1.383745395554669133e-01 -5.189123660584743503e-02
-9.883580826394344765e-01 -1.449670994622458131e-01 -4.618289809248732336e-02
-9.873219023123017690e-01 -1.520574664244740692e-01 -4.554127380804549874e-02
-9.855819106219231296e-01 -1.639239781445983035e-01 -4.191952174295417166e-02
-9.838918607599669297e-01 -1.740365995399351107e-01 -4.084222938782911677e-02
-9.828830102214198838e-01 -1.796441027864082163e-01 -4.085344420080257166e-02
-9.822057862016427832e-01 -1.840586260069010660e-01 -3.733945636127065232e-02
-9.799959993836572236e-01 -1.953987439120359604e-01 -3.777818629062201783e-02
-9.781022669684735771e-01 -2.051818518095876176e-01 -3.487667106493290425e-02
-9.765765976356473033e-01 -2.129773332514219297e-01 -3.064022566833913067e-02
-9.755865869286822756e-01 -2.179124486600661492e-01 -2.729459769031033003e-02
-9.738355765494868255e-01 -2.256216456796691083e-01 -2.718752990369491598e-02
-9.723084031611428646e-01 -2.328743891296399804e-01 -1.964450897119955283e-02
-9.719827574700257156e-01 -2.347802153861655305e-01 -1.130435117965971660e-02
-9.720330571101438721e-01 -2.346737181081031409e-01 -8.944307283815977963e-03
-9.719620617371154125e-01 -2.350921973274303911e-01 -4.629041769514760478e-03
-9.714766332053372810e-01 -2.370590402179000022e-01 -6.015092406196955073e-03
-9.713270267474370945e-01 -2.376783115560855697e-01 -5.731149533327748770e-03
-9.708545343153793805e-01 -2.396364468528986991e-01 -3.983125982325545246e-03
-9.705417252035232201e-01 -2.409155719423525521e-01 -2.909566351581736963e-03
-9.705243543372367165e-01 -2.409981689251301518e-01 -1.542386471243047596e-03
-9.700159047763101672e-01 -2.430053317444260952e-01 -4.191894278707164814e-03
-9.700847694007447286e-01 -2.427658590275453554e-01 -5.446448895995658311e-04
-9.689642900961779048e-01 -2.471195856349564790e-01 -6.335130831516443822e-03
-9.682483240378484401e-01 -2.499863620521184937e-01 -1.421513494049120307e-03
-9.685885077563364254e-01 -2.486034857753046112e-01 5.712139466532965663e-03
-9.686788618314174926e-01 -2.482295745528666220e-01 6.584830760584445969e-03
-9.697655132224771712e-01 -2.434708835771947077e-01 1.663724328377782363e-02
-9.712142263466035930e-01 -2.377274117844465906e-01 1.512031187567135573e-02
-9.724486289807869888e-01 -2.325245808397169711e-01 1.661333586234503210e-02
-9.732762601930030621e-01 -2.287340792129112232e-01 2.034851488464003294e-02
-9.742352938954585984e-01 -2.243442855550128179e-01 2.313554572041326418e-02
-9.734575809699552718e-01 -2.276113625011621788e-01 2.394630470736673622e-02
-9.737177605050741924e-01 -2.262721141143730075e-01 2.597446973245695970e-02
-9.745903401462623350e-01 -2.224566526017012491e-01 2.620546578625932918e-02
-9.760818244559451573e-01 -2.157666672515283768e-01 2.662775079875427317e-02
-9.758516693637812045e-01 -2.161522498552874150e-01 3.149196937100289667e-02
-9.770587880926895341e-01 -2.101925579087619012e-01 3.428167261311679953e-02
-9.783630521655782841e-01 -2.028166785891440671e-01 4.087973991966255966e-02
-9.787879959103472638e-01 -1.989258008190432636e-01 4.901637742928976332e-02
-9.809031662992563350e-01 -1.872823513355068303e-01 5.248161470414016566e-02
-9.824058776211567201e-01 -1.768089015841636802e-01 6.014420324366109155e-02
-9.836867610940320805e-01 -1.671913765107344574e-01 6.638841063281822330e-02
-9.848090544840434335e-01 -1.600953245290497873e-01 6.723566518393182811e-02
-9.861388651665489169e-01 -1.519421133662570422e-01 6.666148937761952331e-02
-9.874570976507135445e-01 -1.443738441148490204e-01 6.391161577109853720e-02
-9.887257166386693719e-01 -1.344708825665595631e-01 6.587154372017275938e-02
-9.899709011581362406e-01 -1.255525811513792389e-01 6.476253142211316205e-02
-9.915217501654038923e-01 -1.108079284664174324e-01 6.786931051915283397e-02
-9.926609375035441163e-01 -9.919525695154784994e-02 6.917069898550338991e-02
-9.938737992280602951e-01 -8.451389312093524064e-02 7.122004388510817796e-02
-9.952190008033235946e-01 -6.718225292478938182e-02 7.089222011389439970e-02
-9.959124433092941819e-01 -5.687691869519823085e-02 7.016724939878692113e-02
-9.962540172513378867e-01 -4.927325140356192401e-02 7.106406488788583053e-02
-9.961759574724895483e-01 -3.664782529696124225e-02 7.931217517529912109e-02
-9.968116290851073424e-01 -2.431938269008042386e-02 7.599451288760136758e-02
-9.969734968080213866e-01 -1.024314936673130678e-02 7.706456318017125551e-02
-9.968132533032171283e-01 3.444591384840054241e-03 7.969626939298976587e-02
-9.970418423160614108e-01 1.330992764855701629e-02 7.569962277526447181e-02
-9.971885644717297659e-01 2.581838081090262818e-02 7.034486222381045040e-02
-9.970344930469436928e-01 3.561053164783182373e-02 6.822119235439089158e-02
-9.960073175948287449e-01 5.330100200218592515e-02 7.161318423950406575e-02
-9.948346247786985508e-01 7.104066570059755503e-02 7.250734456278333517e-02
-9.938412970190763085e-01 7.858364930162835271e-02 7.812879412888390496e-02
-9.924935171879635254e-01 9.210902126514694532e-02 8.045227678797614579e-02
-9.903327229468347204e-01 1.072757523525244838e-01 8.793767032071887757e-02
-9.893183672557058772e-01 1.173939898964422718e-01 8.641667789912949038e-02
-9.883424746511019210e-01 1.288663084529973191e-01 8.107188115536223538e-02
-9.875912701250322279e-01 1.364341898926491325e-01 7.777671533182919927e-02
-9.859644015448641996e-01 1.486282943902161313e-01 7.605163618399084224e-02
-9.837739019816763575e-01 1.609113136912317110e-01 7.935037337296284299e-02
-9.820097421217907074e-01 1.704107898982049618e-01 8.134526465257072014e-02
-9.791587121380838088e-01 1.870174452432778189e-01 7.920046926481290328e-02
-9.763759051996042659e-01 1.990667652985060043e-01 8.403890577353466396e-02
-9.739144014034110119e-01 2.125658407491274327e-01 7.941362976641672122e-02
-9.713807606156155128e-01 2.250289417444050477e-01 7.603561984662991768e-02
-9.704760191888881504e-01 2.324416064628053169e-01 6.439889591309332084e-02
-9.689819029775275094e-01 2.382825768942515854e-01 6.554011990278470201e-02
-9.648113007687477705e-01 2.558325265856972730e-01 6.073626556057895587e-02
-9.625839951764157965e-01 2.650609635467243153e-01 5.634500309812905811e-02
-9.609296597265571949e-01 2.715265057568326812e-01 5.373608831191355184e-02
-9.582276097037207840e-01 2.801526715361917219e-01 5.757039401905632986e-02
-9.551776096573465491e-01 2.901233340240534919e-01 5.885751214290484840e-02
-9.527517970735357444e-01 2.985287630646353274e-01 5.607684296351783670e-02
-9.498627705885790418e-01 3.072123440517409154e-01 5.814906930159220722e-02
-9.479175074080388175e-01 3.134469881499596378e-01 5.659864190465441897e-02
-9.456148323394469868e-01 3.211749397824437691e-01 5.156809166485461920e-02
-9.414125015489804849e-01 3.333020176523819877e-01 5.150037003247856515e-02
-9.390661653111889162e-01 3.398660727465482312e-01 5.143744667320763325e-02
-9.369650376178132456e-01 3.464546964837511012e-01 4.544978219514514417e-02
-9.326531599486396207e-01 3.580971678840872419e-01 4.386938258854404526e-02
-9.286233951012526910e-01 3.688255885059074646e-01 4.032736485780421404e-02
-9.271004890665596188e-01 3.725958953991263534e-01 4.070630097224267607e-02
-9.255932759193645776e-01 3.764568682148055068e-01 3.946308352847179013e-02
-9.222083219962521339e-01 3.846622985559456365e-01 3.958216677806369183e-02
-9.189354137569348824e-01 3.930947658677224066e-01 3.215946554413290359e-02
-9.161824403617621071e-01 3.995005085244429655e-01 3.176634180654184375e-02
-9.138595141986335380e-01 4.052666671157039158e-01 2.489453106126105625e-02
-9.115563579191997556e-01 4.102421219193783664e-01 2.768444724658803216e-02
-9.094154443834501222e-01 4.152980350579101310e-01 2.216105680867920188e-02
-9.099277078021069665e-01 4.143403308209524516e-01 1.880632044410003936e-02
-9.098024291389817941e-01 4.148195734983602390e-01 1.357505931646359534e-02
-9.090275297072876182e-01 4.166852947338859914e-01 6.506626091596291912e-03
-9.076873702130391353e-01 4.194991560783793427e-01 1.114077479335843363e-02
-9.066127590640431499e-01 4.217620519316244709e-01 1.304214513095855281e-02
-9.068854488025867022e-01 4.213222668263502668e-01 6.808169884656236487e-03
-9.083175100895691800e-01 4.181845074935706119e-01 9.002191366826551439e-03
-9.078210494169022260e-01 4.192895705134302986e-01 7.564336214962504891e-03
-9.086391818786403451e-01 4.175538268569335965e-01 4.864129769494584393e-03
-9.090144069570409435e-01 4.167499905709201591e-01 -3.503473585356126421e-03
-9.100761248618479682e-01 4.144268160490469644e-01 -3.447044965604655498e-03
-9.138152871778327802e-01 4.060715440578356872e-01 -6.895149644967521821e-03
-9.148141350790001125e-01 4.038128024585853626e-01 -7.095061321468479169e-03
-9.160529826261599728e-01 4.009689163882302898e-01 -8.419157097922900720e-03
-9.152636596419793102e-01 4.027504853788698158e-01 -9.192440118955192557e-03
-9.168576307244895585e-01 3.991524607252454615e-01 -7.029872935836701045e-03
-9.175690203657435040e-01 3.974044457839771560e-01 -1.169702532308094199e-02
-9.198635550928621063e-01 3.917942296876637531e-01 -1.866394637065296735e-02
-9.206518748656831175e-01 3.895729111584165238e-01 -2.516135233438418148e-02
-9.208781916586080696e-01 3.887122515045095539e-01 -2.976849271169499517e-02
-9.239054742180295987e-01 3.815307588744196732e-01 -2.886132752843384094e-02
-9.253901247150664311e-01 3.779635398965719428e-01 -2.822589332724905614e-02
-9.276897674525506066e-01 3.720569288606272451e-01 -3.107022152616840255e-02
-9.299213277282707413e-01 3.661706673274986445e-01 -3.413778467269341227e-02
-9.323180960705825804e-01 3.593458660376259162e-01 -4.066371943375038378e-02
-9.353076156252235762e-01 3.514013331680108099e-01 -4.143415299940238217e-02
-9.394323617762838641e-01 3.397546237294660210e-01 -4.509607075879461247e-02
-9.414703490437134059e-01 3.340009525428567771e-01 -4.557376290788284906e-02
-9.431330004010373136e-01 3.286936974266558287e-01 -4.960462972638048085e-02
-9.446453763176148044e-01 3.245156787014500943e-01 -4.831883391913938119e-02
-9.458804385482922905e-01 3.209238991298455912e-01 -4.814633283105771572e-02
-9.498459052943020176e-01 3.083081752458536329e-01 -5.233400375201983923e-02
-9.518635588809348791e-01 3.013584147931231416e-01 -5.602583334578383617e-02
-9.535831749444191319e-01 2.948316147033042678e-01 -6.126557454912776729e-02
-9.550585487166695087e-01 2.899528358097930303e-01 -6.156739989209782798e-02
-9.572797818612082121e-01 2.812169161987441157e-01 -6.732376388201578854e-02
-9.602879820898616581e-01 2.708978808922418713e-01 -6.679336388419186699e-02
-9.619551321723329718e-01 2.619333798757801368e-01 -7.767401469787295343e-02
-9.656499048672890773e-01 2.480046083376430122e-01 -7.754998279889933899e-02
-9.684979651437476411e-01 2.343845857805839095e-01 -8.411648044964147031e-02
-9.710508243732507427e-01 2.240693675207891256e-01 -8.278429667968484340e-02
-9.738978429285067850e-01 2.107338131329747899e-01 -8.434617020883480865e-02
-9.758787309621208550e-01 2.003623274166121127e-01 -8.669293631495011976e-02
-9.779142508034263104e-01 1.890628401619849352e-01 -8.910098607306113361e-02
-9.803604354758659323e-01 1.738343622957952694e-01 -9.313998450168735344e-02
-9.836726691898055597e-01 1.546723842649561087e-01 -9.200303816412370994e-02
-9.862748427609449031e-01 1.383307722447383314e-01 -9.014742033013138645e-02
-9.887944981905075759e-01 1.211928691395367241e-01 -8.716509450719950314e-02
-9.893743170443883850e-01 1.174790739092831521e-01 -8.565718197319295568e-02
-9.906049735757459507e-01 1.044251103895589283e-01 -8.830179881586892876e-02
-9.915850940616205422e-01 9.519628166078231146e-02 -8.773080536741091617e-02
-9.927336791607264121e-01 8.503937663701251204e-02 -8.513619370237207606e-02
-9.938633131816638766e-01 7.190404591745117036e-02 -8.405681170233657296e-02
-9.947834006772128257e-01 5.276788873112682465e-02 -8.730154973874840185e-02
-9.956277407408269386e-01 3.994746566643540830e-02 -8.443711623211976047e-02
-9.962807191730009837e-01 2.995170204497363264e-02 -8.079386588304832140e-02
-9.963543963406419346e-01 1.713792098609053655e-02 -8.357172611890718861e-02
-9.965558934928918644e-01 5.791415904169663897e-03 -8.272143257706073005e-02
-9.966481576406371889e-01 -1.129492737426274207e-02 -8.102406510139358031e-02
-9.968273318460700860e-01 -2.350018510981733560e-02 -7.604627771914967971e-02
-9.967727925607788864e-01 -3.311268498139595395e-02 -7.312711197854430967e-02
-9.961703318258537942e-01 -4.500146016748938355e-02 -7.496374550179076002e-02
-9.957937354476394942e-01 -5.717353454373420851e-02 -7.159642230828273946e-02
-9.951331244098357010e-01 -6.596494339674642549e-02 -7.320324711202060020e-02
-9.951979371488163251e-01 -7.389951441390568698e-02 -6.418684911927023673e-02
-9.941460149072151031e-01 -8.691147099732085546e-02 -6.418817016636163553e-02
-9.940027617460668319e-01 -9.211938504276587225e-02 -5.892836631863850733e-02
-9.934749268484620588e-01 -9.804850342057994106e-02 -5.825877185750546333e-02
-9.925904580756246265e-01 -1.101509032920677394e-01 -5.129312313163190973e-02
-9.920445193902003300e-01 -1.159806279827106795e-01 -4.895088209432001819e-02
-9.912069732059232141e-01 -1.228227297287784320e-01 -4.922739795725480233e-02
-9.903157946647794807e-01 -1.313333430569144644e-01 -4.501336688634060418e-02
-9.893535454178954414e-01 -1.390553381051665705e-01 -4.293248587568587044e-02
-9.874867978311999694e-01 -1.524158331442343750e-01 -4.048778632633260460e-02
-9.860796652965273523e-01 -1.605648452647577551e-01 -4.319545313422611110e-02
-9.848915930425314880e-01 -1.666527480071085532e-01 -4.706840303664077546e-02
-9.829803690986380627e-01 -1.784681111272746201e-01 -4.357464758463262811e-02
-9.815183633430325516e-01 -1.853936139057908439e-01 -4.744399884898428676e-02
-9.806707386437667484e-01 -1.887237687566447331e-01 -5.165524377915368948e-02
-9.788253695432561630e-01 -1.979192228471614023e-01 -5.223887387067589760e-02
-9.772024834761594558e-01 -2.066067241166656965e-01 -4.887729994893513785e-02
-9.763915207702413834e-01 -2.118242533997662103e-01 -4.230964619848631703e-02
-9.742719831957896703e-01 -2.221600311120683902e-01 -3.793475296177922090e-02
-9.720359850012781910e-01 -2.320617674967218325e-01 -3.596389927587337332e-02
-9.712193267914163153e-01 -2.358368271584812548e-01 -3.337712292863419250e-02
-9.692656870449173345e-01 -2.435599460949484651e-01 -3.467856305095067676e-02
-9.680542710493992287e-01 -2.485871281577719250e-01 -3.279314177362799287e-02
-9.651907439991527227e-01 -2.595300552336816113e-01 -3.241913356378405692e-02
-9.636338235210769598e-01 -2.653911691795802219e-01 -3.126345403020968500e-02
-9.631459740535895930e-01 -2.672914094546531283e-01 -3.008582984680310476e-02
-9.612532150800574549e-01 -2.743373992222907787e-01 -2.704200308978316897e-02
-9.598844737992200393e-01 -2.793294661990915473e-01 -2.443088664306537761e-02
-9.575605353493195082e-01 -2.874114567304290602e-01 -2.173700799848738568e-02
-9.570917272481864746e-01 -2.884450056359820769e-01 -2.783749780561057055e-02
-9.558462904638970192e-01 -2.927809190059191824e-01 -2.524330345693341290e-02
-9.528532637962396912e-01 -3.027101121892833979e-01 -2.091093936509206413e-02
-9.524684150111231151e-01 -3.038491669109751880e-01 -2.190031769181178742e-02
-9.522681226109922514e-01 -3.045436210660499854e-01 -2.094343014671600986e-02
-9.496518611213100591e-01 -3.127433550487837555e-01 -1.878717850181828297e-02
-9.483850896371186501e-01 -3.164107092137079524e-01 -2.121335493683657383e-02
-9.473407838760241617e-01 -3.195926254322549731e-01 -2.014980228131598577e-02
-9.476494351918004488e-01 -3.186837334230702146e-01 -2.003116548525952362e-02
-9.473931630754598432e-01 -3.196049323050552116e-01 -1.728882177254395525e-02
-9.463899467507240759e-01 -3.228285539210669630e-01 -1.130553130349080254e-02
-9.468767784843163948e-01 -3.213381024950590636e-01 -1.289231595943218615e-02
-9.464623235958783409e-01 -3.224280732746680478e-01 -1.578699321808790454e-02
-9.448718557547374219e-01 -3.268225677004388263e-01 -2.010490144178502664e-02
-9.432512141072963985e-01 -3.318225934853034076e-01 -1.307420500886467135e-02
-9.454675388022781846e-01 -3.256254299168836464e-01 -7.696373782100258965e-03
-9.439055757900356447e-01 -3.302125763898671740e-01 1.392892985814218193e-03
-9.430253278774619607e-01 -3.326617179774595812e-01 -6.279668805689394943e-03
-9.424902243436276139e-01 -3.342190209269218504e-01 -3.137664739836653390e-03
-9.427341046252476486e-01 -3.335451782272744747e-01 2.096548662351349276e-04
-9.420477883381340733e-01 -3.354764223182302163e-01 1.247575356598655018e-03
-9.408611533633796098e-01 -3.387396159675696850e-01 5.982010999545440619e-03
-9.412787372825240917e-01 -3.375898324835089337e-01 5.240756670282315823e-03
-9.421442658283800675e-01 -3.350541680777192055e-01 1.014439196471566412e-02
-9.430959172437796134e-01 -3.323217731315363244e-01 1.150442814631602237e-02
-9.437133241758499658e-01 -3.306631188944545996e-01 8.190570961759470123e-03
-9.461642919794083229e-01 -3.235271442896830441e-01 1.016569967654291223e-02
-9.462840581300969722e-01 -3.232470023513963064e-01 7.607809228670494098e-03
-9.451879586920468590e-01 -3.264578609736037418e-01 6.708928985023804130e-03
-9.451168135539727011e-01 -3.266436766022984828e-01 7.624909781529106215e-03
-9.461309156756260164e-01 -3.236616594089936627e-01 8.913058333978141762e-03
-9.460305910885500325e-01 -3.237001840892584914e-01 1.563117307988981519e-02
-9.466535837207215032e-01 -3.218076197026387142e-01 1.693724817603585800e-02
-9.483806611671499187e-01 -3.166651627234214339e-01 1.724292045019873432e-02
-9.493060788954218454e-01 -3.136649096774258294e-01 2.079218945948405062e-02
-9.498582395043957405e-01 -3.113562078935875888e-01 2.875167725427448667e-02
-9.512342733942253936e-01 -3.062359458667067713e-01 3.705300330443070389e-02
-9.515175832129082467e-01 -3.054593137491428134e-01 3.617898492383795489e-02
-9.535494648377291771e-01 -2.988567295177574912e-01 3.779015606648172820e-02
-9.533528223590834738e-01 -2.989900840259808179e-01 4.151323073193773083e-02
-9.560467561065385533e-01 -2.895760154927534136e-01 4.604730254149946855e-02
-9.581992327059241088e-01 -2.814777695213145359e-01 5.123005658567661436e-02
-9.609486622453127236e-01 -2.717576621003038317e-01 5.220598313802869012e-02
-9.622900700710893540e-01 -2.659890130197309910e-01 5.698850097484170485e-02
-9.650768573566474995e-01 -2.556109698807288999e-01 5.735603470769681106e-02
-9.686730084316353961e-01 -2.409649395312600251e-01 6.007099319601360427e-02
-9.710330664274139378e-01 -2.313999408487722731e-01 5.957243375901846022e-02
-9.731096760644888377e-01 -2.218397445854747574e-01 6.200572281597866581e-02
-9.740844228898921653e-01 -2.166867585217048253e-01 6.485683872280606499e-02
-9.762289768076397589e-01 -2.046589217237026470e-01 7.135639388700368291e-02
-9.788577289689268657e-01 -1.915603356865524520e-01 7.170919467381879631e-02
-9.818049736910982039e-01 -1.739673094384983354e-01 7.612091750522237410e-02
-9.832033821843839672e-01 -1.654682201237634154e-01 7.701559964006558789e-02
-9.854814949932684254e-01 -1.508453604371506329e-01 7.792256091835174370e-02
-9.870708530020266824e-01 -1.404664279665870097e-01 7.720323163934293687e-02
