1.000000000000000000e+00 0.000000000000000000e+00 0.000000000000000000e+00
9.999902051729748775e-01 2.788760699473160102e-04 -4.417217692622880248e-03
9.999140548181933985e-01 2.124728932105966403e-03 -1.293710703062099510e-02
9.998521255767747196e-01 6.695657633083454408e-03 -1.583968022696300576e-02
9.997223400887529365e-01 1.233183702286863755e-02 -2.007907093300936863e-02
9.995841973092337573e-01 1.793982932956693366e-02 -2.257422748004786484e-02
9.992769049476445398e-01 2.536175327660819545e-02 -2.832754269632260444e-02
9.989994355344397059e-01 3.201086515864838555e-02 -3.123192993787881830e-02
9.985717497127789555e-01 3.684745766405598394e-02 -3.868755574064577235e-02
9.979908513364037503e-01 4.703460226323633725e-02 -4.245007368779441653e-02
9.972874977603605195e-01 5.653569178176848231e-02 -4.713135311275646472e-02
9.963734719617072244e-01 6.626520923302123278e-02 -5.337442312720337700e-02
9.949148057254011412e-01 7.969053911114540312e-02 -6.159505475950502462e-02
9.932930496342092797e-01 9.565935474599313038e-02 -6.494774157860509767e-02
9.912702599272886772e-01 1.131755129513300207e-01 -6.763563522646376391e-02
9.894271095915607717e-01 1.261228300690026005e-01 -7.160328953930471252e-02
9.874416821874886230e-01 1.390041698893595412e-01 -7.507842375079711028e-02
9.841990641042324128e-01 1.574699520106613293e-01 -8.096556045088193487e-02
9.812090793573383651e-01 1.734718581715516406e-01 -8.447640472147695256e-02
9.774822847991131436e-01 1.895994486944146962e-01 -9.263065652845432763e-02
9.738556352758098722e-01 2.036742154037571029e-01 -1.006082656784661050e-01
9.699938296868911847e-01 2.187236113288886785e-01 -1.061694886424659062e-01
9.663712599225293687e-01 2.315494772335179308e-01 -1.118545313490211801e-01
9.619745870912534969e-01 2.472430123418532522e-01 -1.160852945930501562e-01
9.573732291310467213e-01 2.625508991504401091e-01 -1.204306231951883938e-01
9.518151755603417863e-01 2.823097431593184492e-01 -1.197876870016288953e-01
9.461910367348934647e-01 3.007190252505737016e-01 -1.195432945110023737e-01
9.396701051975884234e-01 3.209312539232088701e-01 -1.184197321404404368e-01
9.345076908783900294e-01 3.362120574834827069e-01 -1.168624717199380075e-01
9.256438173738773534e-01 3.585008584791882225e-01 -1.210812431309066933e-01
9.191184987372212900e-01 3.746784606536601170e-01 -1.218082350736613417e-01
9.097239526714671065e-01 3.967045832454407228e-01 -1.225879823910419469e-01
8.998926693058684201e-01 4.176370010592301840e-01 -1.255887322533283668e-01
8.938253973230790850e-01 4.313626324006404333e-01 -1.224844844185408732e-01
8.840023375551316898e-01 4.503881798649735924e-01 -1.252611886255735885e-01
8.738316354947380793e-01 4.691190229650263888e-01 -1.278500141579115568e-01
8.641192487060432859e-01 4.859395374987198757e-01 -1.309988589266141146e-01
8.509289208986652309e-01 5.077204051136077201e-01 -1.346847211826483204e-01
8.384506162320449763e-01 5.282043276867683934e-01 -1.341669276501627206e-01
8.272148665153929992e-01 5.451395225780795162e-01 -1.361560785085356995e-01
8.166094692838127278e-01 5.594872029227140331e-01 -1.418557606354876877e-01
8.014158356031636510e-01 5.804672377558371954e-01 -1.441889633529685744e-01
7.891785250973317734e-01 5.967507866021882768e-01 -1.452093906078238406e-01
7.753327807150000028e-01 6.154408077513755515e-01 -1.417452076765145508e-01
7.630738195534783053e-01 6.300952859941968409e-01 -1.438690000014937465e-01
7.517760525570440500e-01 6.432919760411320853e-01 -1.449421027355451974e-01
7.366430418735214758e-01 6.599505368493059354e-01 -1.477238332026212242e-01
7.205342336248781177e-01 6.773217207585151556e-01 -1.485453401548280927e-01
7.062445939675640050e-01 6.920118792556422260e-01 -1.494595125535525815e-01
6.880247746755376870e-01 7.093191106877978491e-01 -1.532590049630540296e-01
6.702190069367121028e-01 7.263562471213687033e-01 -1.523584553672857889e-01
6.538723983762548819e-01 7.412366490600116320e-01 -1.517205673723320269e-01
6.335042111038468038e-01 7.584643978297757050e-01 -1.529842656843602711e-01
6.155813400806318114e-01 7.730423152713690182e-01 -1.531835707325935603e-01
5.957498831482269663e-01 7.879074840595982065e-01 -1.558328830163575596e-01
5.765696595303950733e-01 8.011205051993106618e-01 -1.605408930462561834e-01
5.529274252858837890e-01 8.174403102869068904e-01 -1.614392020546227269e-01
5.311705323488967734e-01 8.324553068481784779e-01 -1.577214050521553168e-01
5.124433589135881650e-01 8.448560540819924913e-01 -1.536882090634688336e-01
4.910017825274907155e-01 8.571427739279369185e-01 -1.556390974865039523e-01
4.678439651157996204e-01 8.702206253491728827e-01 -1.543959241437706520e-01
4.439753237541492203e-01 8.825398198552399931e-01 -1.549496438263561204e-01
4.205224640348395049e-01 8.943911635910640756e-01 -1.523985482895197918e-01
3.987816974980673002e-01 9.043630316680422165e-01 -1.519890733399901217e-01
3.783582740117399368e-01 9.140224143556944236e-01 -1.463149237726704965e-01
3.558529751190664392e-01 9.235076477378104665e-01 -1.431862397341104043e-01
3.329676126991200635e-01 9.324971464470852567e-01 -1.399344683614152374e-01
3.112251994822006762e-01 9.409925362013503713e-01 -1.329358375311259222e-01
2.857441808760953217e-01 9.485834180801419047e-01 -1.361608497163880049e-01
2.644957789952736560e-01 9.548899493303346642e-01 -1.350080828857135040e-01
2.428226310738728910e-01 9.603804388979864104e-01 -1.367720631899004280e-01
2.236715984501238541e-01 9.656247735523710851e-01 -1.324380148469423701e-01
2.033095059478006728e-01 9.704898000637884881e-01 -1.296719239132389789e-01
1.806048290344147433e-01 9.746037459813553516e-01 -1.323988267520425366e-01
1.626161055340103745e-01 9.777066573050416931e-01 -1.328371550997823891e-01
1.408379606734543044e-01 9.810625296575490317e-01 -1.329699102300331282e-01
1.180977103437639841e-01 9.843763154961865380e-01 -1.305994485053434684e-01
1.011455608917301158e-01 9.864116728241455467e-01 -1.294666090641853617e-01
8.345013207429435864e-02 9.881268923472650290e-01 -1.290013010297912377e-01
6.654030280796056906e-02 9.897636878191790055e-01 -1.262546867122300298e-01
5.122991338931780214e-02 9.904685647422625250e-01 -1.278574747366043873e-01
3.282834854489537213e-02 9.910001520167901479e-01 -1.297729316949430278e-01
1.149254918530121308e-02 9.913086603687336629e-01 -1.310537173452717419e-01
-9.451056276195388822e-03 9.921203558790177013e-01 -1.249315546515865627e-01
-3.050197642449569563e-02 9.912061383309909157e-01 -1.287634924332953512e-01
-4.825541584952422469e-02 9.913378673337711611e-01 -1.221501691197456191e-01
-6.490894886099793371e-02 9.910911792786314400e-01 -1.162975460182690546e-01
-7.858047930438231965e-02 9.899499146097983093e-01 -1.175767467549643230e-01
-9.812103587037687702e-02 9.883986010130829669e-01 -1.159331022565198849e-01
-1.144762540423841096e-01 9.868938080633959942e-01 -1.137357264662691297e-01
-1.308831831188810302e-01 9.846393226372451846e-01 -1.155638927141328931e-01
-1.456600829169485967e-01 9.829818158927641214e-01 -1.119370654508621554e-01
-1.636486806982977438e-01 9.795242017161035486e-01 -1.172666379215125398e-01
-1.816096067600730946e-01 9.763827614389438692e-01 -1.170242315249983428e-01
-1.974543758492340595e-01 9.736320015271687778e-01 -1.142475915544253345e-01
-2.125581575033748394e-01 9.705859525830476953e-01 -1.130573104980526350e-01
-2.280728632719088711e-01 9.674023720303163154e-01 -1.100701455377859489e-01
-2.433487156306295141e-01 9.643757482220898236e-01 -1.037344532380723994e-01
-2.582628059085957384e-01 9.607095670581269342e-01 -1.016733447251931544e-01
-2.684779850456421313e-01 9.580090916989631999e-01 -1.006884796614281874e-01
-2.845304378853283356e-01 9.537066936986542398e-01 -9.739604960972386705e-02
-2.929399729738045299e-01 9.507805782915120796e-01 -1.010073379876084559e-01
-3.099393550660769492e-01 9.452366269597723969e-01 -1.023002118223178686e-01
-3.237106054895476648e-01 9.405440740404110711e-01 -1.028994982442825168e-01
-3.363217942912763991e-01 9.353982633457021967e-01 -1.091684811783162762e-01
-3.550856218195148628e-01 9.284122337727264140e-01 -1.093843818850977617e-01
-3.683582620819733644e-01 9.229929233249734022e-01 -1.113385457270608114e-01
-3.803888289154005453e-01 9.181985809239181506e-01 -1.105247589974976130e-01
-3.880009842681708121e-01 9.148214558566011290e-01 -1.120578314520162405e-01
-4.024885070837156964e-01 9.083598184698551403e-01 -1.135141366674958241e-01
-4.168009776036497582e-01 9.019492842508098907e-01 -1.129798702605679245e-01
-4.363208694836833712e-01 8.925982992040153441e-01 -1.135446717880940620e-01
-4.516737906422881310e-01 8.849212183486799832e-01 -1.136012391704358665e-01
-4.651057677350412534e-01 8.777388893641148160e-01 -1.151133536383358996e-01
-4.861034221392199761e-01 8.658236870568039034e-01 -1.185446030526354916e-01
-5.015328547342718934e-01 8.564727935197402608e-01 -1.221440407105322257e-01
-5.181342953395534634e-01 8.464329229311601255e-01 -1.228339370473421760e-01
-5.318105154154456615e-01 8.368845524548409465e-01 -1.296219085034744090e-01
-5.405431716679182097e-01 8.304091895344744012e-01 -1.350321256782146262e-01
-5.613216744654192514e-01 8.162571577565302938e-01 -1.365366171157057773e-01
-5.738598708186272157e-01 8.077917627578692361e-01 -1.347491538190445648e-01
-5.836385814672058192e-01 8.005963131477414896e-01 -1.356892308857945428e-01
-5.994564138055480385e-01 7.886121784891784170e-01 -1.369045570421403568e-01
-6.117445608385840838e-01 7.794289171959785101e-01 -1.351265075914325764e-01
-6.228645057773731786e-01 7.700266164789322243e-01 -1.381985358347659065e-01
-6.383271662609741881e-01 7.577136564254672857e-01 -1.356777855998657356e-01
-6.559932684684076643e-01 7.436818712802385489e-01 -1.288802676299048433e-01
-6.675832010382801718e-01 7.331013327055784234e-01 -1.299812411913001398e-01
-6.809950722340852858e-01 7.206185250374222973e-01 -1.302101008101873569e-01
-6.934605970748504156e-01 7.085739089535632029e-01 -1.305198576730749460e-01
-7.062514849393697336e-01 6.952344566692034711e-01 -1.336334838690995397e-01
-7.175956419916290630e-01 6.847600408042491260e-01 -1.271227683232453720e-01
-7.312299179946637473e-01 6.704743062901810102e-01 -1.255668288268302346e-01
-7.434382226735767318e-01 6.578839107792215923e-01 -1.203677089528997213e-01
-7.569293118282613975e-01 6.430509453496915384e-01 -1.163766087842457858e-01
-7.708241198783084558e-01 6.266043205002462813e-01 -1.148791458139868660e-01
-7.794919112804156169e-01 6.163354352506441591e-01 -1.119062456469551853e-01
-7.924336076019486974e-01 6.004409888884955082e-01 -1.073294576509579989e-01
-7.988517085446260602e-01 5.923115320698150166e-01 -1.048952464266199869e-01
-8.096696126376896618e-01 5.769999983341435046e-01 -1.072666602639628514e-01
-8.185658358233747212e-01 5.645689927598691593e-01 -1.058859802250084609e-01
-8.278078575407226136e-01 5.508901533986608756e-01 -1.060858419355790450e-01
-8.352641270799180395e-01 5.394805907783438714e-01 -1.062758023662045692e-01
-8.438332327343418537e-01 5.257814122258842593e-01 -1.072352457657001490e-01
-8.506693842258833405e-01 5.150655788027147519e-01 -1.052096206184895133e-01
-8.580788406000976476e-01 5.033681857653197200e-01 -1.015932503132686293e-01
-8.647548499659015731e-01 4.922578443756322475e-01 -9.940462618426884611e-02
-8.694762517663761070e-01 4.836233264172110635e-01 -1.005959311929806449e-01
-8.779540612701229874e-01 4.682815367107988069e-01 -9.954438251434037654e-02
-8.837560587495177922e-01 4.572671678993784905e-01 -9.940815455628485009e-02
-8.899272934909252530e-01 4.455785474032177285e-01 -9.741245047506280619e-02
-8.939282757584087191e-01 4.384036350978396945e-01 -9.324433238122158130e-02
-8.991873183722618457e-01 4.292596936371440020e-01 -8.484277458082921386e-02
-9.044022748848520310e-01 4.193427060578658883e-01 -7.879234868608889220e-02
-9.097269456774530472e-01 4.073172462004023830e-01 -8.055780205251976411e-02
-9.142443770077808285e-01 3.974538379522954967e-01 -7.866180707432858521e-02
-9.184624347179841664e-01 3.881320386841253245e-01 -7.602822227792921383e-02
-9.217117129054877012e-01 3.816556776633565629e-01 -6.918436091540899890e-02
-9.232109842351421403e-01 3.802177934364335266e-01 -5.582044484732889833e-02
-9.266859894566655820e-01 3.720985276262266939e-01 -5.287510337306872837e-02
-9.294930470392658295e-01 3.655119142567502255e-01 -4.943409536793164777e-02
-9.314053704876854578e-01 3.614827394064151211e-01 -4.259434938750411570e-02
-9.343967882123952462e-01 3.530696876762868808e-01 -4.737564323177929221e-02
-9.356478323257569896e-01 3.493227331197283347e-01 -5.036641549774453080e-02
-9.357119323502929298e-01 3.481328416031698736e-01 -5.697998020331379587e-02
-9.380821144948084944e-01 3.415707524052836730e-01 -5.771812088534331725e-02
-9.393880197141443178e-01 3.382749587036587013e-01 -5.585888136553303351e-02
-9.420043898979050256e-01 3.308500397086338585e-01 -5.626717113549799254e-02
-9.449757661089581706e-01 3.227679492804847450e-01 -5.330728047997324026e-02
-9.489761853247434820e-01 3.100062030358758935e-01 -5.779591506217977154e-02
-9.522559565753601074e-01 2.987927114162469144e-01 -6.270185887240865841e-02
-9.548017183004564590e-01 2.892470515688469468e-01 -6.848238238369962205e-02
-9.566631712415017974e-01 2.812013704214905707e-01 -7.563981061980570852e-02
-9.604180475628747438e-01 2.668335014124170179e-01 -7.998169484921782701e-02
-9.632986037012061242e-01 2.531943301138870894e-01 -8.915406325627411865e-02
-9.665807016177677680e-01 2.387968913290962891e-01 -9.326203992546626409e-02
-9.702764479494686567e-01 2.224489062915853688e-01 -9.528963723602745794e-02
-9.733795073898890982e-01 2.070889776430681062e-01 -9.821662993820401422e-02
-9.773923606109062856e-01 1.878227333313607084e-01 -9.709176400574545673e-02
-9.796972094353696425e-01 1.753025632514867704e-01 -9.727489669550257179e-02
-9.828725856701748809e-01 1.562879444143837337e-01 -9.765026966326309510e-02
-9.842954640834671309e-01 1.459880913141144154e-01 -9.924682901182298178e-02
-9.860826303511156521e-01 1.328256892936972022e-01 -9.999199435214746468e-02
-9.882202011383149909e-01 1.182708130720515893e-01 -9.712293814347083831e-02
-9.901373636779534637e-01 1.025403615367436599e-01 -9.546460839796737374e-02
-9.918273352438649049e-01 8.720639757564875583e-02 -9.313214970621762345e-02
-9.927620234884947381e-01 7.516694973834037174e-02 -9.366701911935371161e-02
-9.939880584618197013e-01 5.635308792039044057e-02 -9.387270760160611183e-02
-9.944448586930911826e-01 4.252724792913092910e-02 -9.628536970478107637e-02
-9.949895899872486238e-01 3.261682966735818257e-02 -9.450859354969336212e-02
-9.958750831761054023e-01 1.518023205509720988e-02 -8.945610512215615429e-02
-9.958947139780010005e-01 1.894865080301771226e-03 -9.049941302304670421e-02
-9.953990087702873080e-01 -1.242069644557602937e-02 -9.500818644330676077e-02
-9.952384835531095097e-01 -2.803739530836121124e-02 -9.335031415667785493e-02
-9.946551180490961208e-01 -4.208384767468323351e-02 -9.428765469553232470e-02
-9.943716613440867214e-01 -4.859143697906655179e-02 -9.414821976912397805e-02
-9.930872556821583874e-01 -6.754590458917379692e-02 -9.599619462664207847e-02
-9.917150051417252810e-01 -8.412641839367621110e-02 -9.707785707396365815e-02
-9.909077113246553825e-01 -9.615458661785195038e-02 -9.410748537514009027e-02
-9.898689742313955264e-01 -1.118975028336903488e-01 -8.739781376468019891e-02
-9.886155879354934228e-01 -1.257889841882528503e-01 -8.256128308260177184e-02
-9.870985076394424018e-01 -1.373095797363720616e-01 -8.235672547035553792e-02
-9.862392009444420626e-01 -1.431413934064542925e-01 -8.272118675313550051e-02
-9.843926412955930072e-01 -1.553854744735757021e-01 -8.262261677441987140e-02
-9.818422329100647827e-01 -1.706002645288634822e-01 -8.295416903094944561e-02
-9.799654403104354206e-01 -1.815653225897732037e-01 -8.186442512029273866e-02
-9.787943427774148386e-01 -1.896722616114873972e-01 -7.736977663527128124e-02
-9.764801504841905677e-01 -1.994014045872818386e-01 -8.200982199339901246e-02
-9.739506080050627235e-01 -2.086800731923975916e-01 -8.872911524622045798e-02
-9.716160384045198217e-01 -2.205207532692469441e-01 -8.563227659181373019e-02
-9.699070991314491241e-01 -2.294237929046228919e-01 -8.151661003755059087e-02
-9.679314502331294312e-01 -2.393017523497183996e-01 -7.644209708792816527e-02
-9.656080774875970274e-01 -2.486222646957984006e-01 -7.607907349171803835e-02
-9.625654737474074185e-01 -2.599730017503072421e-01 -7.669264887322475854e-02
-9.604546324209530805e-01 -2.676416595399919718e-01 -7.677796835859021507e-02
-9.569102424812886420e-01 -2.800910431713763415e-01 -7.662774072908573597e-02
-9.542348737726080721e-01 -2.890517075271484826e-01 -7.671330610772467140e-02
-9.520810889336013272e-01 -2.961043245622802522e-01 -7.657574256016549952e-02
-9.486461285798170051e-01 -3.088546221029829786e-01 -6.840584868728284695e-02
-9.458620083427361491e-01 -3.165393432448188604e-01 -7.174901001634516329e-02
-9.428451631707994718e-01 -3.255149947815473288e-01 -7.129517174059250839e-02
-9.390577424899129166e-01 -3.370869412507401797e-01 -6.740152170895644113e-02
-9.363834323096047463e-01 -3.443745691320862501e-01 -6.776605826983131409e-02
-9.333130938801146304e-01 -3.528060963191437804e-01 -6.674235530196891142e-02
-9.279043984250601174e-01 -3.659708759913324339e-01 -7.112496291259559622e-02
-9.242137071034434159e-01 -3.760757791012974138e-01 -6.630269070644365104e-02
-9.217283368206234950e-01 -3.830868512694682870e-01 -6.050910688523764014e-02
-9.166838902630541908e-01 -3.949318832648215927e-01 -6.098743691551446189e-02
-9.137642654045554647e-01 -4.025464140826832682e-01 -5.469247162447416627e-02
-9.126355919633944991e-01 -4.057226417148981912e-01 -4.985407623609645206e-02
-9.080640966755467725e-01 -4.160182021399149166e-01 -4.846097913445653049e-02
-9.074623688988279202e-01 -4.176431559917810343e-01 -4.567557292605459868e-02
-9.032123933631662771e-01 -4.273407989800790396e-01 -3.984003810395733008e-02
-9.001378883867270364e-01 -4.339677906590689860e-01 -3.773265429613700123e-02
-8.984478075767208249e-01 -4.376846242976369927e-01 -3.498172775260547512e-02
-8.984170420790725808e-01 -4.380751313827483395e-01 -3.061065729685900558e-02
-8.960862218526224332e-01 -4.431678059836784977e-01 -2.513549826705972767e-02
-8.939937248829353811e-01 -4.477575413917675995e-01 -1.698288502804844169e-02
-8.933524952065362568e-01 -4.491094386667653371e-01 -1.490120078613409865e-02
-8.917913012679592466e-01 -4.519556919679518781e-01 -2.107942258107705844e-02
-8.889894471520491948e-01 -4.575428805752101424e-01 -1.876938684401345536e-02
-8.875593381773468904e-01 -4.604469103673470842e-01 -1.506912447770912891e-02
-8.844984607020796030e-01 -4.662269517677773978e-01 -1.717314967498132644e-02
-8.819802423250610035e-01 -4.710867451042268783e-01 -1.371660631741600245e-02
-8.813531532753753339e-01 -4.723360523400710886e-01 -1.073719831197959829e-02
-8.779804520377350041e-01 -4.786260026843996429e-01 -8.215221871854333502e-03
-8.789824198441708036e-01 -4.767141539335629230e-01 -1.155575695936109440e-02
-8.797135839136966950e-01 -4.754451127838681956e-01 -7.481276964941791646e-03
-8.794650000131531975e-01 -4.759290749547860910e-01 -5.730956142343367719e-03
-8.759692373158267653e-01 -4.823238911076218605e-01 -6.447779553287323780e-03
-8.747157225597604890e-01 -4.846199471426931304e-01 -3.990745787185284374e-03
-8.754076101527568099e-01 -4.833210339466754157e-01 -7.893587237392024961e-03
-8.746401639427687780e-01 -4.847492485767015413e-01 -4.771173020113176830e-03
-8.728141977289652909e-01 -4.880526081385047621e-01 -2.059022966914344360e-04
-8.760798863259651181e-01 -4.821506197412090411e-01 3.850632410825685636e-03
-8.770262113682325555e-01 -4.803461797695223745e-01 9.622209729411954071e-03
-8.794612760221861558e-01 -4.757135965417768619e-01 1.563498868261243430e-02
-8.797207707331383686e-01 -4.749935303190057079e-01 2.173767665803346544e-02
-8.834072897519212875e-01 -4.680193358320470787e-01 2.344091877894557627e-02
-8.866553626331880045e-01 -4.613920871283619940e-01 3.097781619226374836e-02
-8.886922844059550464e-01 -4.571738934670421250e-01 3.490086110743750858e-02
-8.924762886256535355e-01 -4.496421620375318784e-01 3.616650050947581296e-02
-8.946075886911643016e-01 -4.450354669093454785e-01 4.025805450611107811e-02
-8.992391065586559096e-01 -4.355267299898278321e-01 4.105499050355095741e-02
-9.021691916584222426e-01 -4.290829117648742308e-01 4.448168341871890086e-02
-9.037444008125068429e-01 -4.252036393563468630e-01 4.947664950045545240e-02
-9.067707610880696434e-01 -4.181166075970441098e-01 5.427066592370502485e-02
-9.108333761526464789e-01 -4.087867364336359999e-01 5.723618640688404868e-02
-9.138175244605988290e-01 -4.013651102561516804e-01 6.199674503186426711e-02
-9.181504073503701235e-01 -3.903180751844903540e-01 6.820297488782610384e-02
-9.204842817313920733e-01 -3.846943694449619922e-01 6.869458014906110188e-02
-9.217505066341302733e-01 -3.807883629609105647e-01 7.332286402946508463e-02
-9.264153545876520068e-01 -3.695049601147724072e-01 7.225435253953089998e-02
-9.289709007691475673e-01 -3.617200205061020801e-01 7.856022424040939867e-02
-9.326827899108561803e-01 -3.508789866793028955e-01 8.358688354370955031e-02
-9.359017107950869940e-01 -3.428287465669577760e-01 8.097194042110035517e-02
-9.400437836717427942e-01 -3.307064083449512970e-01 8.337249712179123362e-02
-9.444308839892630036e-01 -3.169639305262481055e-01 8.708725190204069655e-02
-9.473186503202692954e-01 -3.083225503196139194e-01 8.674443516439811486e-02
-9.506864852854325365e-01 -2.971714341845122509e-01 8.879393490535562872e-02
-9.541835055563399060e-01 -2.855596444925765365e-01 8.938425281793900556e-02
-9.575314247199112616e-01 -2.728774496358743473e-01 9.312081271115928149e-02
-9.627660896953152969e-01 -2.536650837590454510e-01 9.346389393701606818e-02
-9.667041047129025788e-01 -2.405810758455162734e-01 8.720055585751179672e-02
-9.704939308420089672e-01 -2.248648245766228515e-01 8.704802072560637038e-02
-9.733474547768949936e-01 -2.116101789879137329e-01 8.840747476810910388e-02
-9.753444720719136596e-01 -1.998007670712786121e-01 9.371676260062127006e-02
-9.772919877860730686e-01 -1.907502911699332504e-01 9.227520947218896541e-02
-9.796258780187434567e-01 -1.801089448640074975e-01 8.884775860721252916e-02
-9.814831018306364729e-01 -1.671048837430060829e-01 9.363170564836709175e-02
-9.837022359666052207e-01 -1.544459422189151943e-01 9.206725495411598181e-02
-9.853763267159435513e-01 -1.402528425024388570e-01 9.676080244397376739e-02
-9.862912490329642790e-01 -1.319566765450327084e-01 9.908090501333075006e-02
-9.869954861504790511e-01 -1.201509138147205252e-01 1.067880480210454258e-01
-9.886375390087398518e-01 -1.063870282103680370e-01 1.061962127377322485e-01
-9.902225571622307321e-01 -9.139993914810300157e-02 1.053819589565849202e-01
-9.917972459765582727e-01 -6.637836593649959482e-02 1.092344053448993102e-01
-9.925135649528621373e-01 -4.760521830615356553e-02 1.124748268883802998e-01
-9.930394871122453226e-01 -3.328524532696412047e-02 1.129809259495771767e-01
-9.937219069603483446e-01 -1.388130598280612124e-02 1.110139673110701608e-01
-9.935920921847146703e-01 3.148136088802398758e-03 1.129816966310212140e-01
-9.936778228200425778e-01 2.144820159492729500e-02 1.102015385946609471e-01
-9.925251563938725097e-01 3.919556077081733092e-02 1.155748349747438702e-01
-9.919247522845763276e-01 5.373151652437545972e-02 1.148835513463447033e-01
-9.909801711455034079e-01 7.254312618488376052e-02 1.126757095197331582e-01
-9.896078160102400600e-01 8.621372627527765231e-02 1.150807724802281190e-01
-9.870255466985038417e-01 1.073112605187806906e-01 1.194356924570381534e-01
-9.845075085952443850e-01 1.273167033589439057e-01 1.205630284589898765e-01
-9.820598985892430299e-01 1.453681946011345927e-01 1.201102192658743684e-01
-9.787795341818968931e-01 1.643217392136466504e-01 1.224296159102423037e-01
-9.747145921676146907e-01 1.855121182807732694e-01 1.245662047844653397e-01
-9.715201915898644680e-01 2.014930562905027367e-01 1.246959791005204654e-01
-9.668335545859344515e-01 2.229810740752721232e-01 1.245485444975978073e-01
-9.632374839837627434e-01 2.387379966853271362e-01 1.231979702009628336e-01
-9.597151855917376295e-01 2.532159734775214499e-01 1.217721422697621847e-01
-9.551281119091312721e-01 2.723550170459294595e-01 1.164175886457329695e-01
-9.502391476992593233e-01 2.901472081282521209e-01 1.134027336472993169e-01
-9.450383141533483800e-01 3.065338941320748800e-01 1.137522604773985313e-01
-9.408369666339728710e-01 3.193731335826862638e-01 1.132546863311590518e-01
-9.351566065578521547e-01 3.373569376225366012e-01 1.080390565947793868e-01
-9.310005087701533899e-01 3.501803368112286763e-01 1.030136122077854044e-01
-9.252950737267481296e-01 3.652104947493629017e-01 1.022269091344984032e-01
-9.176035193489937569e-01 3.839939679927762417e-01 1.027250395221344231e-01
-9.137406388400018953e-01 3.925783682674999775e-01 1.046914017178265655e-01
-9.081194061266315565e-01 4.056752640734071491e-01 1.036665043652014451e-01
-9.026523928127462293e-01 4.190791638421415000e-01 9.793534354867609870e-02
-8.984893583988651233e-01 4.295059513877168000e-01 9.078287389796886597e-02
-8.924744944672726721e-01 4.432476589219318530e-01 8.379026443361782539e-02
-8.871720243219556323e-01 4.541450057628073633e-01 8.171983663530525688e-02
-8.799779200104548282e-01 4.678750607814256557e-01 8.204758673131341828e-02
-8.749530507000026214e-01 4.778838803245026856e-01 7.800111818926083740e-02
-8.705511403262841119e-01 4.860269209713614647e-01 7.693219478431935487e-02
-8.658792970815647472e-01 4.948426946309690821e-01 7.337416951102071483e-02
-8.610556341594922669e-01 5.033162190775273270e-01 7.249825367189606518e-02
-8.565892803938442990e-01 5.114438535753772497e-01 6.841058038818501053e-02
-8.516427176800622778e-01 5.197937423384980660e-01 6.722473450701076103e-02
-8.463116240072067198e-01 5.288539471826436689e-01 6.379777101087320823e-02
-8.412308229390376146e-01 5.375671272425180947e-01 5.789908564239570898e-02
-8.338659575630901211e-01 5.490583463153980714e-01 5.659076706643013932e-02
-8.298981238374709690e-01 5.551399712251077201e-01 5.557638087105126051e-02
-8.254986506707092664e-01 5.628891560735543864e-01 4.132544992183673216e-02
-8.243245135718950678e-01 5.645923169619574411e-01 4.152865332734832771e-02
-8.213303484727172421e-01 5.691963542291110789e-01 3.784159089865583858e-02
-8.187281972664343099e-01 5.735848068388835763e-01 2.616534085305600998e-02
-8.138741106025830785e-01 5.802690974185605866e-01 2.994533975057087072e-02
-8.146550660494223939e-01 5.795210759845338400e-01 2.219149882240548100e-02
-8.126463797295034874e-01 5.825243232414777372e-01 1.647091858291265670e-02
-8.125396066976293685e-01 5.826496188569717516e-01 1.728658464934938396e-02
-8.131725334823808327e-01 5.819019638761590008e-01 1.185546643041138389e-02
-8.082570276671900977e-01 5.887721219844561649e-01 8.245151864220683774e-03
-8.108408750395691422e-01 5.852648791390353544e-01 -1.453797310100053003e-03
-8.117964220120256202e-01 5.839239891435313856e-01 -4.400121160964672908e-03
-8.132828188536221914e-01 5.818487639571527925e-01 -4.805142806167248502e-03
-8.155719232771092564e-01 5.785700401972572182e-01 -9.958092319692135597e-03
-8.119766818227136529e-01 5.834534525309249542e-01 -1.661186120154799911e-02
-8.148432126237530326e-01 5.792933894145644302e-01 -2.120671929191463370e-02
-8.158884283992487996e-01 5.776391983155720888e-01 -2.567189363604649444e-02
-8.179651152276088411e-01 5.746083893302350587e-01 -2.753699961696387880e-02
-8.227431014867935266e-01 5.674509741207455216e-01 -3.306354695738451116e-02
-8.244339074316822114e-01 5.649366623815671451e-01 -3.398995431695901043e-02
-8.305444751314663421e-01 5.559629543064752433e-01 -3.318260773878161513e-02
-8.327023777174524799e-01 5.524860626878089764e-01 -3.695832665526056771e-02
-8.335449975465351047e-01 5.510675119233119368e-01 -3.908134599372310031e-02
-8.374204715838957647e-01 5.450754700060427282e-01 -4.024553451480528121e-02
-8.394606004810051259e-01 5.416668486979236974e-01 -4.362272937828312602e-02
-8.400425170415674048e-01 5.406748345811376311e-01 -4.471364529490163414e-02
-8.424983466903042117e-01 5.360873325603170425e-01 -5.298042184174560354e-02
-8.476380258464112361e-01 5.276490261594126707e-01 -5.564440593192994389e-02
-8.522076465116771304e-01 5.196641850793336515e-01 -6.075590249971571377e-02
-8.613829066205106466e-01 5.044876523489985054e-01 -5.925972024744893124e-02
-8.662565050592099247e-01 4.960284010935223087e-01 -5.962810078177510631e-02
-8.736295622292675755e-01 4.824529740724070037e-01 -6.332877520510794833e-02
-8.762092778724530628e-01 4.771799749574368033e-01 -6.750252560260143475e-02
-8.824230031243428529e-01 4.646896293050649107e-01 -7.343848155567979374e-02
-8.848262009094248759e-01 4.595066975532534626e-01 -7.704678927490753171e-02
-8.892187357862708641e-01 4.508729589722823006e-01 -7.748311720086696608e-02
-8.944164953189494005e-01 4.400461498094761503e-01 -7.986574849653635400e-02
-8.996217847586371885e-01 4.283654763710313951e-01 -8.475660515528035677e-02
-9.055684550005475009e-01 4.161775014602424050e-01 -8.211016650352399859e-02
-9.101512635159687559e-01 4.071271601028407794e-01 -7.663009589544997335e-02
-9.135292364055583869e-01 3.995478324194606801e-01 -7.632746820563579560e-02
-9.189579129883783670e-01 3.855147256721395133e-01 -8.303474847124429903e-02
-9.226635948681993771e-01 3.758785833876366334e-01 -8.606509418827484881e-02
-9.270153358378614428e-01 3.647220649125453296e-01 -8.729491244585969867e-02
-9.313988277075739841e-01 3.528603143952259713e-01 -8.936353620135546738e-02
-9.359930158848737136e-01 3.398886004515632719e-01 -9.161240574732142095e-02
-9.394661122466532177e-01 3.302554578019524789e-01 -9.129499382454107914e-02
-9.429321582679769387e-01 3.199399833377561397e-01 -9.228960583307625754e-02
-9.491037920539335815e-01 3.014268885662378383e-01 -9.134463341140586223e-02
-9.534271844954160802e-01 2.872482699085130431e-01 -9.200573151002033878e-02
-9.586514053776806765e-01 2.684711348881145265e-01 -9.439678130115375376e-02
-9.633530237709777566e-01 2.505386708564725784e-01 -9.581933865009066575e-02
-9.652739658086235686e-01 2.430908100405271277e-01 -9.567156665540364757e-02
-9.693206142977256468e-01 2.262091980863387142e-01 -9.616114141156108241e-02
-9.742074724550638942e-01 2.031861850672083691e-01 -9.815902837919436574e-02
-9.775040492118056701e-01 1.864399874989146055e-01 -9.862040836732949289e-02
-9.806863194091344216e-01 1.672719174151695576e-01 -1.013630557743032956e-01
-9.829847081547804510e-01 1.506907281077670691e-01 -1.050399394674929182e-01
-9.847556221619380157e-01 1.384642061247767231e-01 -1.052808108712776636e-01
-9.864879732500597687e-01 1.227737339044375348e-01 -1.084809209473461822e-01
-9.880688519923718216e-01 1.084865535331825531e-01 -1.093189498503774892e-01
-9.902405845128402495e-01 9.163935978202505939e-02 -1.050039675286891794e-01
-9.914058382557685567e-01 7.792485148162917041e-02 -1.050818826947136214e-01
-9.925662246260790189e-01 5.910231410279639941e-02 -1.063918561132727453e-01
-9.928990409501485814e-01 4.720226003262466274e-02 -1.091946069428810090e-01
-9.936819309940011502e-01 3.209483854690449445e-02 -1.075460936099331272e-01
-9.942833191852704644e-01 1.056977236022262762e-02 -1.062496204137221983e-01
-9.943936066958268816e-01 -4.705656434619925887e-03 -1.056372681173974870e-01
-9.941401959411955147e-01 -1.890280391998130222e-02 -1.064329623221813431e-01
-9.942771311362189612e-01 -3.071965264869314788e-02 -1.023196446172021934e-01
-9.944091113316589903e-01 -4.090879890551487458e-02 -9.734993228091404216e-02
-9.935382409119712932e-01 -5.568949120488695531e-02 -9.889622992915249322e-02
-9.926535336260556841e-01 -6.975751631327131719e-02 -9.885783213408390335e-02
-9.913751316818814052e-01 -8.308244370227732545e-02 -1.013542101624793079e-01
-9.907600399455900320e-01 -9.512662351156690732e-02 -9.667206735163622056e-02
-9.885854077177778088e-01 -1.148479015704478023e-01 -9.751344056306208985e-02
-9.877500743651993487e-01 -1.263782742609364518e-01 -9.153328130488962155e-02
-9.857099724342056613e-01 -1.426692379184147652e-01 -8.956203349223451626e-02
-9.841624502975320210e-01 -1.547796221761344737e-01 -8.641503968574519579e-02
-9.820533608092204547e-01 -1.683929321166879878e-01 -8.494136729685020093e-02
-9.799972217125338947e-01 -1.800139094292689534e-01 -8.485550531818128461e-02
-9.769507457379030813e-01 -1.955311730925360092e-01 -8.564356222550610631e-02
-9.745418249331863070e-01 -2.072862987631218512e-01 -8.544378736352065129e-02
-9.723357796971885403e-01 -2.194657758756390631e-01 -7.998701692892211390e-02
-9.710197257714506813e-01 -2.267838284995612186e-01 -7.543079878662593829e-02
-9.692681318581702898e-01 -2.349021274754979349e-01 -7.307733653644049587e-02
-9.668574317325044909e-01 -2.430615864221202516e-01 -7.815235275003798443e-02
-9.636676847641155730e-01 -2.562203068096082781e-01 -7.547029787647964449e-02
-9.600615744330219803e-01 -2.687158667250618693e-01 -7.793314233578314820e-02
-9.574956810609251967e-01 -2.778239102251073844e-01 -7.756232367927014260e-02
-9.530778727904609671e-01 -2.931027895264106675e-01 -7.571883201970200372e-02
-9.504231951527044586e-01 -3.023940226104898654e-01 -7.248188308687969483e-02
-9.463807853460317610e-01 -3.162639490444352774e-01 -6.588278697190591560e-02
-9.426817612248153955e-01 -3.271373387026069168e-01 -6.582003218018803170e-02
-9.406014585707563880e-01 -3.332583075580319298e-01 -6.486766924205458751e-02
-9.387690781803070816e-01 -3.389565627549799842e-01 -6.181491975536889533e-02
-9.361470667053550798e-01 -3.468715041224736950e-01 -5.752257693293554019e-02
-9.340806595559516534e-01 -3.526094153474440551e-01 -5.621333798493529516e-02
-9.301691982610011955e-01 -3.627880933898396387e-01 -5.630346010239944965e-02
-9.294261037593581909e-01 -3.647744677336700603e-01 -5.573798572272122692e-02
-9.266105079215246620e-01 -3.719604513687770342e-01 -5.512174611014630105e-02
-9.224790426820382860e-01 -3.825101244683150048e-01 -5.213864122416867614e-02
-9.189687416326165481e-01 -3.910329689678911924e-01 -5.088896213581611122e-02
-9.168709220269624094e-01 -3.963330138733763275e-01 -4.762217885807506351e-02
-9.156721243399644772e-01 -3.990176848561627354e-01 -4.826453506743126620e-02
-9.122325779410267454e-01 -4.066758345082605586e-01 -4.946217647311818011e-02
-9.089619217980531296e-01 -4.143920988805880334e-01 -4.546900561058736523e-02
-9.057307913576686520e-01 -4.218049694633579372e-01 -4.162113308060820527e-02
-9.026343920266695076e-01 -4.287037677797324586e-01 -3.826553520501016492e-02
-8.998715556479509603e-01 -4.350681815482310699e-01 -3.077138106161611888e-02
-8.973561314822076085e-01 -4.404182691180910658e-01 -2.799533133664183771e-02
-8.965954472647192919e-01 -4.419498618969647241e-01 -2.823013585250468138e-02
-8.939885455756194643e-01 -4.470452290684916452e-01 -3.057876196733640140e-02
-8.910482062582590901e-01 -4.532468152969725828e-01 -2.450378795242513785e-02
-8.894583649974805439e-01 -4.566830820290254112e-01 -1.744696452128160352e-02
-8.895805712211237726e-01 -4.567063789822588538e-01 -8.106036066303685256e-03
-8.901881167990661758e-01 -4.555086561570488302e-01 -8.774849736768858960e-03
-8.885238415437742843e-01 -4.586835550019189300e-01 -1.161019385747255085e-02
-8.859604638420377487e-01 -4.636720909282600611e-01 -9.070051056921183893e-03
-8.853839432365807616e-01 -4.648241190698080838e-01 -5.816237752632724516e-03
-8.852188471064730280e-01 -4.651691858002046098e-01 -2.288785453275381850e-03
-8.864685445414769438e-01 -4.627888671673836551e-01 3.457036410940608068e-05
-8.852201136032461504e-01 -4.651666236476775795e-01 2.319478341152788996e-03
-8.864853652281949881e-01 -4.627559338814348222e-01 8.124856641006151549e-04
-8.855629548360226533e-01 -4.644408947947750166e-01 8.539648845983988101e-03
-8.849640650073743453e-01 -4.655287878087973619e-01 1.102582025795263709e-02
-8.873308190596247425e-01 -4.609373408443707687e-01 1.344629274849491740e-02
-8.880235662471555047e-01 -4.595037226445736200e-01 1.644664561564015970e-02
-8.923586192322202626e-01 -4.509186265291612594e-01 1.919647088446371080e-02
-8.928950139755910120e-01 -4.496745864904731493e-01 2.304946631589167502e-02
-8.941233035012082775e-01 -4.466311255571305816e-01 3.262167543356539468e-02
-8.957797855401632425e-01 -4.418498570857254393e-01 4.844892133019371161e-02
-8.983393644870568684e-01 -4.366154307394948808e-01 4.851154730437683832e-02
-9.041379749680850120e-01 -4.240763235100016293e-01 5.190195158099381728e-02
-9.084064314853150801e-01 -4.142342618702190005e-01 5.663700452219500719e-02
-9.126705259574020568e-01 -4.050553776754804991e-01 5.443042103184130009e-02
-9.180636699086647257e-01 -3.924191786406616700e-01 5.626992970073661782e-02
-9.190052745946879487e-01 -3.898099038530976057e-01 5.897086516779179166e-02
-9.205007257835227108e-01 -3.852611201609421054e-01 6.520967912151467982e-02
-9.243312133443734036e-01 -3.757127746359295029e-01 6.672134764958120856e-02
-9.269948215340062525e-01 -3.685900942115190593e-01 6.944035334252146585e-02
-9.305178321913571970e-01 -3.600940835152630082e-01 6.684934009574126923e-02
-9.323335852242783384e-01 -3.548598517738402180e-01 6.948806198249031507e-02
-9.345080935696549185e-01 -3.493944794949294108e-01 6.795689815380126508e-02
-9.382224114490013145e-01 -3.379029613653956043e-01 7.456751876176101468e-02
-9.414797181972623941e-01 -3.283986861073264207e-01 7.596224607306686916e-02
-9.464262563844008103e-01 -3.132556755275847094e-01 7.841073092623107588e-02
-9.507283083980302418e-01 -2.993226534650093584e-01 8.075675066676292480e-02
-9.546256967766074686e-01 -2.849732183841942601e-01 8.648736640520393593e-02
-9.573213379475149498e-01 -2.763956520853874110e-01 8.450633104701466003e-02
-9.612932297600745857e-01 -2.631204617446171179e-01 8.174943108694375515e-02
-9.632389978693088883e-01 -2.532958751626614990e-01 8.950895720085887131e-02
-9.659973069414442559e-01 -2.431257018766429523e-01 8.797225038010424158e-02
-9.697785558159618402e-01 -2.258153246945270864e-01 9.239595733438228653e-02
-9.726765136381494425e-01 -2.101143244483800465e-01 9.875420051728200921e-02
-9.764852849922475153e-01 -1.946653215963986550e-01 9.263866140263415927e-02
-9.795341091048799242e-01 -1.782519011835953238e-01 9.348374031999115430e-02
-9.815766749052819984e-01 -1.650215110011911401e-01 9.630759602692613719e-02
-9.846108719242737672e-01 -1.487562978873261110e-01 9.172248601818001890e-02
-9.859361367894972084e-01 -1.374954739008326376e-01 9.499972871886439019e-02
-9.879883420441507580e-01 -1.225299497865269260e-01 9.415660817291932050e-02
-9.896844469715333492e-01 -1.068026473649840297e-01 9.548774585220383415e-02
-9.907160771800292975e-01 -9.317011947447000064e-02 9.900001723544937793e-02
-9.920160606748691379e-01 -7.632992148526956955e-02 1.003887377852048374e-01
-9.931972457266374787e-01 -6.240652268906001637e-02 9.830908980900031346e-02
-9.938387097769708634e-01 -4.855275273703441030e-02 9.963568364003644318e-02
-9.943131471393321652e-01 -3.156061171117723052e-02 1.017119151290792334e-01
-9.943657226345076205e-01 -1.497089530631543972e-02 1.049414247389000854e-01
-9.941271251667995745e-01 6.902486844557152723e-04 1.082164670109524163e-01
-9.945961805139335032e-01 1.465526493861418929e-02 1.027797749189440779e-01
-9.950934390012232678e-01 2.732360239037217448e-02 9.509200094660255620e-02
-9.949272236336988984e-01 4.255549136278897332e-02 9.115300159220854348e-02
-9.940174717610746891e-01 5.907114059982193632e-02 9.186885278078464612e-02
-9.931907606441559011e-01 7.242746770357741393e-02 9.124908087064673157e-02
-9.921736804035602431e-01 8.566429130365348088e-02 9.084622709532939877e-02
-9.906273648086278971e-01 1.006823913679118915e-01 9.230655523656462746e-02
-9.892770271626559753e-01 1.154620007713749730e-01 8.943997780298654221e-02
-9.880733381066064691e-01 1.275130906095078287e-01 8.632212809451074442e-02
-9.860463586854826268e-01 1.436530513682292287e-01 8.412133270020021036e-02
-9.843549071521615623e-01 1.563406328548191671e-01 8.125910610262382372e-02
-9.812593511762496279e-01 1.728914082017157516e-01 8.508035197087951418e-02
-9.796408400606921862e-01 1.841576113931038816e-01 7.993633556680862506e-02
-9.765983117419360093e-01 1.990995994421000115e-01 8.133330345727038391e-02
-9.739795970972823236e-01 2.119782354295261517e-01 8.018099072614720546e-02
-9.716361787597898036e-01 2.232280475661116426e-01 7.805378932053162744e-02
-9.690768675047027880e-01 2.337980214060817741e-01 7.892103147150587861e-02
-9.650251781906074022e-01 2.497451405372975997e-01 7.971066105727660223e-02
-9.619373600579569361e-01 2.626480009134811167e-01 7.544906731659471733e-02
-9.583252066521827928e-01 2.745015004919407198e-01 7.913118136812744008e-02
-9.553958033678887629e-01 2.838278779597629975e-01 8.161258492918878338e-02
-9.528702141008140725e-01 2.929752704935272289e-01 7.876461919849674087e-02
-9.499638910649889079e-01 3.034596909748634164e-01 7.403269987009865327e-02
-9.473049110276066109e-01 3.119778545678359438e-01 7.268591857430478642e-02
-9.436150308696436007e-01 3.234101492120755039e-01 7.068640556937094699e-02
-9.406912201066899293e-01 3.314822956129860887e-01 7.224635109004393096e-02
-9.388856233544360386e-01 3.372891872033837446e-01 6.877361034493723047e-02
-9.356473289123774517e-01 3.458911849911053271e-01 7.016682333023079032e-02
-9.315300948317062346e-01 3.572654621437340028e-01 6.791973943433918248e-02
-9.295701475070711206e-01 3.627893281825317895e-01 6.544664406203111462e-02
-9.258783590229268112e-01 3.726198018987851857e-01 6.248012926433083036e-02
-9.208333423643366711e-01 3.852921611987318862e-01 6.013256053423590014e-02
-9.159618809041247811e-01 3.960078418543025447e-01 6.474288279746116814e-02
-9.128474638425874144e-01 4.031437281169411579e-01 6.468895722279170701e-02
-9.098842456898315056e-01 4.105443594684278774e-01 5.969930612125805974e-02
-9.048069044634725611e-01 4.218307899940116901e-01 5.816587461433880835e-02
-8.992160708943014447e-01 4.337172164272424246e-01 5.744434382502098396e-02
-8.959010658493092860e-01 4.408533897659371870e-01 5.485970719414003105e-02
-8.918336314524560882e-01 4.491204770097480536e-01 5.407022735905134270e-02
-8.886733277483391813e-01 4.562322291482162062e-01 4.595528115705938693e-02
-8.846829093653331144e-01 4.640363841781901533e-01 4.479288188773612733e-02
-8.829581160446726695e-01 4.676896971606288034e-01 4.063656893551340077e-02
-8.810550889010754227e-01 4.714690845832613109e-01 3.819490594581178428e-02
-8.766444468760855591e-01 4.798471756037666069e-01 3.523095089048279560e-02
-8.729473350907670515e-01 4.862939013401867960e-01 3.848648895183942598e-02
-8.692420577469894827e-01 4.926727905777784633e-01 4.113130942422812270e-02
-8.673706872729364248e-01 4.960705968133947152e-01 3.977526832171297128e-02
-8.644980191386532065e-01 5.014454809048418671e-01 3.457777624072611022e-02
-8.610389050848799020e-01 5.075804274436118702e-01 3.121108139240768437e-02
-8.570307014990647954e-01 5.144274957699110917e-01 2.937254143475526852e-02
-8.527799445403845269e-01 5.212855924297623567e-01 3.205799829911832460e-02
-8.505536519551812891e-01 5.247234611105016100e-01 3.498274564718976964e-02
-8.493823438685660365e-01 5.272401109329328817e-01 2.382262190757022946e-02
-8.434431337412571228e-01 5.366804128659697914e-01 2.403814793882038878e-02
-8.401061305790887834e-01 5.420802125601547061e-01 1.925488106316503717e-02
-8.374751852721944445e-01 5.462798792070582277e-01 1.461593463310385289e-02
-8.371845587864836791e-01 5.466955929298249472e-01 1.568314771117802764e-02
-8.344557913814432126e-01 5.508532632326019751e-01 1.562794091968814497e-02
-8.345738079317733815e-01 5.507395565814624527e-01 1.313460544584863290e-02
-8.296804414354208568e-01 5.580516814202867160e-01 1.444658964143409087e-02
-8.306446676888638025e-01 5.566465820793716768e-01 1.319229726673992395e-02
-8.272578345923616849e-01 5.616698733556959588e-01 1.309375717892643023e-02
-8.275874507222551468e-01 5.612546822171990968e-01 9.602662061732622142e-03
-8.239683156398682762e-01 5.665975917041106147e-01 6.588009021470935846e-03
-8.227370578522837929e-01 5.684220998080384835e-01 2.609177729905130111e-04
-8.231186308471734048e-01 5.678672522906026421e-01 -1.587869139553391628e-03
-8.283322981492458048e-01 5.602089963544818474e-01 -5.612701493072928295e-03
-8.315682242309225813e-01 5.553738963530092665e-01 -7.358115775448873658e-03
-8.332637986795817797e-01 5.527751697345847370e-01 -1.053905831213406905e-02
-8.298701336037701548e-01 5.578239490496661457e-01 -1.216640510039132192e-02
-8.297181747212796221e-01 5.580565679869291529e-01 -1.185899058287346805e-02
-8.306918764379840336e-01 5.565861441620404415e-01 -1.276278721902119988e-02
-8.330327027996712319e-01 5.529542797981671365e-01 -1.726553298298910688e-02
-8.321162723393049632e-01 5.541672932986440037e-01 -2.193486926268244444e-02
-8.285027112274716554e-01 5.593474349098764842e-01 -2.671558928567269869e-02
-8.307637732696238064e-01 5.562011400961792695e-01 -2.172240687215628782e-02
-8.361740055750928047e-01 5.477621500885290207e-01 -2.774306813307429731e-02
-8.378093908008011903e-01 5.450930540438895244e-01 -3.080593450358149604e-02
-8.400408572807409602e-01 5.415784631775883984e-01 -3.200226267074658681e-02
-8.389055487467477201e-01 5.432130929368158556e-01 -3.401520891335420294e-02
-8.416101715118240456e-01 5.389610516541843976e-01 -3.483277922424168893e-02
-8.458931382551803102e-01 5.320182973090783474e-01 -3.770077706876656665e-02
-8.462388445365073286e-01 5.312991607556977192e-01 -4.001297775824679687e-02
-8.487680994555802938e-01 5.269411257161754625e-01 -4.388373312769597301e-02
-8.549657347000132468e-01 5.162086337952169757e-01 -5.061875135725780323e-02
-8.577753545040707195e-01 5.110833789498173685e-01 -5.491120257820381045e-02
-8.612530992714040323e-01 5.051650285638052962e-01 -5.523958833389475825e-02
-8.652842638640506623e-01 4.983015211564474356e-01 -5.457798010563599117e-02
-8.685989645595506570e-01 4.917754259900343206e-01 -6.076831932195414510e-02
-8.715320674109546806e-01 4.860814793944889245e-01 -6.447224555893152353e-02
-8.776608621871921923e-01 4.749144448064512858e-01 -6.455773138814484280e-02
-8.797844420682283673e-01 4.709243733251489705e-01 -6.488135085776011723e-02
-8.850764869248483047e-01 4.613917220591321477e-01 -6.129690481070170643e-02
-8.864722737297368038e-01 4.578225563293569222e-01 -6.756799780519967547e-02
-8.908934905181660202e-01 4.495629908622478244e-01 -6.482225863936211252e-02
-8.967294788111722648e-01 4.375950749477720003e-01 -6.623301032393842658e-02
-9.006786297484331572e-01 4.284823718876948906e-01 -7.197834940113177760e-02
-9.062902005785995474e-01 4.162132206390423139e-01 -7.351630661606312067e-02
-9.111415551433277304e-01 4.049777060452000033e-01 -7.625053593031129451e-02
-9.133664797984416550e-01 3.992303573918657977e-01 -7.985496521162610550e-02
-9.171230104735982325e-01 3.895267421267388785e-01 -8.458321865671743212e-02
-9.248169222180223636e-01 3.707651346195949271e-01 -8.512869947631208911e-02
-9.261947672114865249e-01 3.670222789757981996e-01 -8.635925024917316672e-02
-9.309539319006757685e-01 3.532425904759544655e-01 -9.243629991225742193e-02
-9.361559137338406611e-01 3.400947235699844362e-01 -8.914990032840271195e-02
-9.407251497659151473e-01 3.248289751148123461e-01 -9.758253238001529661e-02
-9.442365270980029868e-01 3.138729014815162532e-01 -9.950479336669453001e-02
-9.497644855552684895e-01 2.959472398191734799e-01 -1.017972238334034080e-01
-9.528125304348090685e-01 2.850308709935274742e-01 -1.044303888832933402e-01
-9.569624660738621502e-01 2.686096255928755450e-01 -1.098714232150552195e-01
-9.613984684019950544e-01 2.503279766377602966e-01 -1.142318341799601067e-01
-9.656336363564997916e-01 2.318717582616138251e-01 -1.174188710820719128e-01
-9.688727150679762312e-01 2.166985816135053866e-01 -1.196971602862190176e-01
-9.739393707073478179e-01 1.956622991514589682e-01 -1.147100217283893164e-01
-9.754230784205579763e-01 1.849167590370884018e-01 -1.198149941798630769e-01
-9.775738598625391962e-01 1.724777379955741985e-01 -1.208337739381469406e-01
-9.811514655884928660e-01 1.514040038672136435e-01 -1.200776899995508878e-01
-9.843221219698420343e-01 1.259129765001397450e-01 -1.235147977548376741e-01
-9.869907398458034331e-01 1.042367304888368318e-01 -1.224091750293867242e-01
-9.887396033610713619e-01 8.526673854254235296e-02 -1.229780580784339411e-01
-9.898977300572848748e-01 6.896734936875636990e-02 -1.238790199074112086e-01
-9.905646176261904134e-01 4.848827964608380670e-02 -1.281820919818688898e-01
-9.919658318269264363e-01 2.954482503001461952e-02 -1.230077825048385975e-01
-9.918152312328852860e-01 8.088932978877631796e-03 -1.274250350241820651e-01
-9.923531694085638843e-01 -1.246252217035065737e-02 -1.228002268920030393e-01
-9.917497479660491999e-01 -2.795851712850013632e-02 -1.251030867647662526e-01
-9.909265392489858826e-01 -4.530411849938303925e-02 -1.265391416694193472e-01
-9.892774325784928768e-01 -6.529905852824961776e-02 -1.306377374492969923e-01
-9.878391526111112153e-01 -8.637754748391499038e-02 -1.292778089523633211e-01
-9.852979697018514615e-01 -1.114949884919203271e-01 -1.294480686430361793e-01
-9.828283682494723950e-01 -1.337182231292318446e-01 -1.271528965314141779e-01
-9.809469071962052533e-01 -1.465372328444602412e-01 -1.275540215537548094e-01
-9.778816290360043961e-01 -1.623795551494437439e-01 -1.318348347681517763e-01
-9.744617516770465171e-01 -1.789972485512955347e-01 -1.355887307225572547e-01
-9.705748686109838541e-01 -2.014805785545714656e-01 -1.318712430288509763e-01
-9.649873767131325053e-01 -2.260868358261433897e-01 -1.329816888133947550e-01
-9.609105139180482702e-01 -2.445548437552448329e-01 -1.297841913582922779e-01
-9.562529201192295769e-01 -2.632489395061657911e-01 -1.275945623913438132e-01
-9.516866759751915206e-01 -2.793398811490830358e-01 -1.275214699743476843e-01
-9.464548612466453514e-01 -2.975029397740824866e-01 -1.253603616785211039e-01
-9.428114200773811682e-01 -3.089697656343966536e-01 -1.250773117463803152e-01
-9.378098717925767991e-01 -3.256422823877239137e-01 -1.202903653776079829e-01
-9.298280402316407844e-01 -3.494610532721411089e-01 -1.153117984836407595e-01
-9.240398454127944916e-01 -3.652545057715876342e-01 -1.128695392636518136e-01
-9.157077872680066122e-01 -3.847865305133389979e-01 -1.158386699211344101e-01
-9.115449791529669499e-01 -3.956639656995157850e-01 -1.119633881475439879e-01
-9.037664273889152167e-01 -4.126874352535100932e-01 -1.135576892253018499e-01
-8.962995854576493171e-01 -4.288737133102860088e-01 -1.127582118076341511e-01
-8.909024447683577819e-01 -4.418687794405602443e-01 -1.050944247222837663e-01
-8.846906241210528155e-01 -4.543104174995679090e-01 -1.045206512980069030e-01
-8.782440678537167811e-01 -4.671706028204618000e-01 -1.021714611282334290e-01
-8.710248564302792706e-01 -4.813383126329394690e-01 -9.812823511107535146e-02
-8.645574249134660993e-01 -4.944716916350416214e-01 -8.965616300716063025e-02
-8.576899288173962521e-01 -5.077358751225290456e-01 -8.106965126230232521e-02
-8.534699607187848924e-01 -5.153520581470507622e-01 -7.746808159998126719e-02
-8.473052072414231084e-01 -5.255245212020208667e-01 -7.679768707840020636e-02
-8.410514910540519695e-01 -5.356553025597737827e-01 -7.553679592215356564e-02
-8.384440370058096059e-01 -5.409084236266092915e-01 -6.655595559059324096e-02
-8.346257758545376770e-01 -5.475718331183619947e-01 -5.970697782768165374e-02
-8.280763919120864847e-01 -5.574341827837047125e-01 -5.963759189971847702e-02
-8.220594000176322247e-01 -5.666988012342063508e-01 -5.541509376660902486e-02
-8.187679461442994855e-01 -5.715571157819357984e-01 -5.423591852206901404e-02
-8.166750844792662889e-01 -5.747642904985604817e-01 -5.184436171432799806e-02
-8.103787867728375893e-01 -5.842333493402265265e-01 -4.424518621756654002e-02
-8.058631384689673993e-01 -5.905266667705203476e-01 -4.316108113506537947e-02
-8.009702629774704263e-01 -5.973661444557590849e-01 -4.000435254772347071e-02
-7.989565969551919444e-01 -6.003245663393734777e-01 -3.576020423551750510e-02
-7.948075881745241267e-01 -6.062675167914115537e-01 -2.684430080729743179e-02
-7.913691653554474348e-01 -6.110212217931378920e-01 -1.969596809365493917e-02
-7.871661340950593111e-01 -6.163698021047697706e-01 -2.139544213507100015e-02
-7.844949474218527730e-01 -6.199279956327240493e-01 -1.603053949653095514e-02
-7.831254567523279198e-01 -6.217753265993706258e-01 -1.048726408907764765e-02
-7.817722329837651918e-01 -6.235131502553148408e-01 -7.971679104745176686e-03
-7.815674567392395522e-01 -6.238145195037102519e-01 -2.788609364730246926e-03
-7.830061755515020927e-01 -6.220034201647394179e-01 3.618686742759964943e-03
-7.857235065958843023e-01 -6.185373665516558095e-01 7.079403295242309505e-03
-7.865756505712195867e-01 -6.173274435067986898e-01 1.433855238879394589e-02
-7.878225564941550019e-01 -6.155388409276633110e-01 2.115598164935872383e-02
-7.914136135520728477e-01 -6.107108172009840796e-01 2.639717723715963998e-02
-7.939705463586796963e-01 -6.070814918557753126e-01 3.260145347583105757e-02
-7.982786224899234284e-01 -6.015241317242159269e-01 3.033118619831643575e-02
-8.004125283187218942e-01 -5.984053299367244616e-01 3.536759419736478643e-02
-8.000053939902759259e-01 -5.990292301331172631e-01 3.399076553098405451e-02
-8.039289582929677325e-01 -5.932239995417970535e-01 4.223194886910025536e-02
-8.086917182134503168e-01 -5.862828218740729902e-01 4.785581577456863439e-02
-8.120512254604065339e-01 -5.811619506460171669e-01 5.313770711693797943e-02
-8.169578167097029109e-01 -5.744544423808710665e-01 5.081378790462758033e-02
-8.183574559587126762e-01 -5.723574000138540452e-01 5.194326364304310134e-02
-8.232869758096368340e-01 -5.647197297790340631e-01 5.736030099770655921e-02
-8.272396245423692118e-01 -5.585706945123902756e-01 6.060861987960690367e-02
-8.301989197682428934e-01 -5.538218950122648643e-01 6.364812808384873177e-02
-8.366898842571973693e-01 -5.438211237992246483e-01 6.487406942910124708e-02
-8.433437231048793725e-01 -5.329366372056455470e-01 6.891971840350906431e-02
-8.512936636681768254e-01 -5.191051838635863946e-01 7.634741788479451619e-02
-8.561480720227474528e-01 -5.105963166302425194e-01 7.938452138739744701e-02
-8.636510739652102364e-01 -4.962191634103212956e-01 8.873210653487123567e-02
-8.708768904211346973e-01 -4.820446605563094566e-01 9.595003843824249923e-02
-8.784892067625924561e-01 -4.672630808885845366e-01 9.960898622850662687e-02
-8.855942732890381697e-01 -4.538254143565120802e-01 9.881953096355410027e-02
-8.919878283098783278e-01 -4.404067753152774434e-01 1.019784771207393748e-01
-8.986163990646520716e-01 -4.253092230732672951e-01 1.077063403598580577e-01
-9.057428849216085931e-01 -4.085720840671189791e-01 1.126885200371316731e-01
-9.121324855729212588e-01 -3.945151085243052691e-01 1.112303095495893596e-01
-9.196802417384770667e-01 -3.747854660704373897e-01 1.171500402123558798e-01
-9.281050578272374008e-01 -3.531368688506593689e-01 1.179634610072647083e-01
-9.328654743586096698e-01 -3.398854361909312560e-01 1.193311433114539327e-01
-9.370599032505638748e-01 -3.272450516842836388e-01 1.217761832820825896e-01
-9.437732487825628569e-01 -3.090960222046940653e-01 1.172677646449584304e-01
-9.478407003293751742e-01 -2.942259377272335441e-01 1.225933511020636940e-01
-9.538300378701103366e-01 -2.725825649345814949e-01 1.261230758151646314e-01
-9.578350659617258511e-01 -2.556640755355781280e-01 1.311026070181053882e-01
-9.615681029795447587e-01 -2.404998131771126368e-01 1.324637685514850893e-01
-9.660863885718058430e-01 -2.219061379185661154e-01 1.320408366647645992e-01
-9.698022288916350320e-01 -2.044627878264250187e-01 1.329610169567657374e-01
-9.735810817060502886e-01 -1.820342053297617502e-01 1.378530126727479377e-01
-9.781266843345924888e-01 -1.578996773741322135e-01 1.354101501156621534e-01
-9.814897462134026807e-01 -1.325462777020986194e-01 1.382367173006954220e-01
-9.838296376013084821e-01 -1.121182711603073145e-01 1.396737813601998668e-01
-9.856104550645801154e-01 -9.049128483049363736e-02 1.427703973273836136e-01
-9.874331940001884744e-01 -6.934284108900094779e-02 1.420115692789585549e-01
-9.886147704876633302e-01 -5.422744707307908252e-02 1.403575699542964628e-01
-9.892759343731657440e-01 -3.600859692483995150e-02 1.415504666480609519e-01
-9.893556817010299431e-01 -1.974110315327338647e-02 1.441723004887667525e-01
-9.894060794989862906e-01 -2.193467162319485270e-03 1.451579384278011697e-01
-9.895952553309003141e-01 1.789421530215656170e-02 1.427622355135119425e-01
-9.897965139301313497e-01 3.989080086499916661e-02 1.367903973853470401e-01
-9.886169220147035253e-01 6.104527971028909233e-02 1.375139381077094547e-01
-9.867591469795011783e-01 8.069086182007623176e-02 1.406961227992910290e-01
-9.861806693840788895e-01 1.020303436488120968e-01 1.305278644656128195e-01
-9.842893149190803381e-01 1.185190978602885664e-01 1.308732023795449728e-01
-9.817388447385915207e-01 1.367804193309839211e-01 1.322118938518427322e-01
-9.803969978283105791e-01 1.508822057001264760e-01 1.267135096226261748e-01
-9.768852850584243130e-01 1.729261691845546123e-01 1.256650575143349047e-01
-9.746155149722588451e-01 1.900469405861739958e-01 1.183502648782241151e-01
-9.707896518818124321e-01 2.069153640822315732e-01 1.214640316174795676e-01
-9.675695170892251173e-01 2.216974187586823741e-01 1.210764682435634954e-01
-9.638544545644723849e-01 2.405787915822909240e-01 1.144834589791543095e-01
-9.604529039581324312e-01 2.531183467755235283e-01 1.160230526889464431e-01
-9.554193388796059505e-01 2.722911572294485216e-01 1.141553300903713486e-01
-9.507838239690078463e-01 2.876292660099883935e-01 1.152369399735058281e-01
-9.461754450827631890e-01 3.027922123255843423e-01 1.143194213754463451e-01
-9.417677008924233428e-01 3.173001345384336425e-01 1.113294606712749157e-01
-9.362417928129325162e-01 3.337469569721728258e-01 1.098376104298275507e-01
-9.319841826852440780e-01 3.455109019391503500e-01 1.096709916716472610e-01
-9.264907901969008375e-01 3.606959927408262545e-01 1.072997801111341964e-01
-9.196552945440487070e-01 3.781288434103964313e-01 1.060789481734551315e-01
-9.137403719712510197e-01 3.941383281865332711e-01 9.865868769403740579e-02
-9.071021909118118787e-01 4.110335527902005404e-01 9.064799441626990306e-02
-9.036698347906632067e-01 4.188296176969141804e-01 8.923343590345826637e-02
-8.980615358348906785e-01 4.307555949891109792e-01 8.907929206710463177e-02
-8.926913173344057650e-01 4.422509652185360185e-01 8.669671545069118634e-02
-8.903080161650352986e-01 4.486069204013025113e-01 7.812484949662247546e-02
-8.866421988438466517e-01 4.558118662670151977e-01 7.811004152884372387e-02
-8.805794274802762889e-01 4.676484696482500203e-01 7.671248627648023788e-02
-8.764322284602946711e-01 4.757827067044114733e-01 7.414438337439889504e-02
-8.738454428286814846e-01 4.819779580602036040e-01 6.396416637751692336e-02
-8.698515752661490907e-01 4.894963720606337332e-01 6.125000633666784211e-02
-8.650813408783132319e-01 4.979882651978135844e-01 6.034886824065856248e-02
-8.633709337820031360e-01 5.013798324574947340e-01 5.664731938111861043e-02
-8.570078641937542985e-01 5.119548119515958673e-01 5.864994214822791263e-02
-8.530813382252752097e-01 5.184708824719921338e-01 5.865320864949246510e-02
-8.486345462365382231e-01 5.261022559084999051e-01 5.509852708442432995e-02
-8.431511616914760809e-01 5.352950996802610106e-01 5.054996702499334194e-02
-8.389780103250580323e-01 5.422532722351972589e-01 4.557753163779364181e-02
-8.354713046734615345e-01 5.474774807679980704e-01 4.749875377447088098e-02
-8.333668243486455074e-01 5.508230155387516813e-01 4.575768860354498951e-02
-8.313927433522106947e-01 5.537347386956009698e-01 4.651848992997052734e-02
-8.279424677845212965e-01 5.592991659558963491e-01 4.117933140247806434e-02
-8.258089760414553115e-01 5.624855467837639456e-01 4.061488747441006908e-02
-8.210746607861633128e-01 5.694254165363060727e-01 3.988885505133068360e-02
-8.185579342909546918e-01 5.728976493447592855e-01 4.184753230663078999e-02
-8.145823030460203062e-01 5.787949644351553236e-01 3.810623414391461905e-02
-8.109961933785270194e-01 5.838931095006905103e-01 3.679721964216237096e-02
-8.115756315699420576e-01 5.831140065891526891e-01 3.637408322570891139e-02
-8.065506750235357236e-01 5.902899772496082997e-01 3.215238314627526239e-02
-8.008046013766164650e-01 5.982402521232204062e-01 2.864638491939735035e-02
-7.987238152380905509e-01 6.011477426744191721e-01 2.572319235447616259e-02
-7.932002650235401298e-01 6.086516603547884596e-01 1.940412824456804602e-02
-7.909400505620395316e-01 6.116056563539430391e-01 1.877183565291573597e-02
-7.899063669987750336e-01 6.129218352357935773e-01 1.935922391324326752e-02
-7.868897034265810442e-01 6.168747928901745503e-01 1.643498839289160920e-02
-7.847846125164013031e-01 6.196083301989392389e-01 1.409444665135411133e-02
-7.855607200891450148e-01 6.186437858195134032e-01 1.320021362963017669e-02
-7.886893896122744163e-01 6.147601383981121659e-01 6.248469699692899525e-03
-7.899497182500438974e-01 6.131418375422014178e-01 6.045999756146837670e-03
-7.906204486103470819e-01 6.123064709687060514e-01 3.410543106523323403e-04
-7.886685931265384752e-01 6.148169315188284356e-01 1.419648297501325792e-03
-7.888297095323770769e-01 6.146106610555089889e-01 -1.203808449798241626e-03
-7.909480059555391573e-01 6.118727028333993401e-01 -3.615511396264632291e-03
-7.930115004219728814e-01 6.091707390155596258e-01 -6.617817802781302168e-03
-7.946988366655799441e-01 6.069579035788078558e-01 -7.475752545472972785e-03
-7.972018856482219196e-01 6.036478430949804297e-01 -8.857745023181467364e-03
-7.947389438770853243e-01 6.069000032755079710e-01 -7.900741635979808067e-03
-7.963688034030397267e-01 6.047611210545780214e-01 -7.793589370434892034e-03
-7.966364776960694893e-01 6.043397590205714653e-01 -1.199177646418643148e-02
-7.984384081986906079e-01 6.019590196452843101e-01 -1.189418398451472063e-02
-8.018044930848394758e-01 5.973760710996466328e-01 -1.585589223910156484e-02
-8.012467628371058304e-01 5.979619583466643240e-01 -2.109848884577868178e-02
-8.070896437480555852e-01 5.898996847306795521e-01 -2.499387655523090113e-02
-8.091603323248491852e-01 5.870753599753897323e-01 -2.453779245155270419e-02
-8.087019761842330068e-01 5.878332681099071033e-01 -2.128820311837129053e-02
-8.108637195014590793e-01 5.848888102782842102e-01 -2.012791566517626446e-02
-8.119093780702683061e-01 5.831164985297613290e-01 -2.789867399608601806e-02
-8.157215038382062966e-01 5.776838914947590720e-01 -2.966099700615049822e-02
-8.182912221363133343e-01 5.735770467904932612e-01 -3.753495044094866395e-02
-8.202051948701585271e-01 5.705607455601519051e-01 -4.151986744451610645e-02
-8.233295616431043351e-01 5.657754126480935009e-01 -4.501822869527384585e-02
-8.276801659395894850e-01 5.584219815364329653e-01 -5.577149749548741819e-02
-8.306125299753885916e-01 5.541957996433133360e-01 -5.431267972751379486e-02
-8.335851213944364124e-01 5.497821248247075632e-01 -5.362356829261787777e-02
-8.411894920516784779e-01 5.371134531058096018e-01 -6.252522358774827149e-02
-8.458554163781761837e-01 5.298544650665365507e-01 -6.150517892177601725e-02
-8.510919004411990896e-01 5.215647986367554223e-01 -6.010627569514079976e-02
-8.564766169204764967e-01 5.122946652169036996e-01 -6.326141994263669022e-02
-8.620698367857000388e-01 5.022821365430004681e-01 -6.744092590480661731e-02
-8.691915698051315697e-01 4.895344450205104114e-01 -6.972853675365239812e-02
-8.740624008454288552e-01 4.805828179232257136e-01 -7.109923555395403216e-02
-8.771177911126309956e-01 4.744131973046403217e-01 -7.480992972222104409e-02
-8.830233129674278647e-01 4.616941646635419061e-01 -8.431105743929384611e-02
-8.925394687643348757e-01 4.423149058695534097e-01 -8.792524577985050271e-02
-8.991372605451777300e-01 4.278456376766802127e-01 -9.219721026284263821e-02
-9.067714103025439343e-01 4.114483657191226884e-01 -9.206454452525821008e-02
-9.112000636183390512e-01 4.025071805386843393e-01 -8.776355656152480533e-02
-9.180249642254563192e-01 3.866644165025884261e-01 -8.786820961530529550e-02
-9.228311091780340147e-01 3.745994204970842234e-01 -8.976662251621589372e-02
-9.274774801224111576e-01 3.615805959471187769e-01 -9.510533730425155263e-02
-9.320173019279189841e-01 3.474441687600616224e-01 -1.030840815901656882e-01
-9.370998909041619029e-01 3.344452123584225056e-01 -9.995110655547526091e-02
-9.423806100143735653e-01 3.204611706795544857e-01 -9.603880983506876690e-02
-9.472971502738423144e-01 3.056205158478125794e-01 -9.604289882810032597e-02
-9.522485432577403319e-01 2.889804771543182382e-01 -9.855467903802098140e-02
-9.556729888471235945e-01 2.769136193770206922e-01 -1.000400664859256578e-01
-9.590223637739589968e-01 2.661687992240134859e-01 -9.710975844675251434e-02
-9.628103177966008674e-01 2.508620861713441452e-01 -1.003221554128963661e-01
-9.664970433271050654e-01 2.367685938938620949e-01 -9.911673547341053048e-02
-9.691715654862707030e-01 2.258180481419764796e-01 -9.855310655193516567e-02
-9.727940130838851340e-01 2.086875486923557010e-01 -1.006048924343529022e-01
-9.757908026609358743e-01 1.936176607729953036e-01 -1.017081131247934839e-01
-9.784848263006232783e-01 1.778531220485306541e-01 -1.045740955056587845e-01
-9.820273141817651430e-01 1.552808071549348634e-01 -1.072858578865836660e-01
-9.838214891489498459e-01 1.411249337427814554e-01 -1.103587828139863669e-01
-9.856470822141351062e-01 1.264208925134815975e-01 -1.118821602011913358e-01
-9.882264524926265281e-01 1.091818295374158004e-01 -1.071813273531294630e-01
-9.900555192187607823e-01 8.992598436050788790e-02 -1.081823301112387475e-01
-9.914127171635027658e-01 7.278910584795424132e-02 -1.086397748099279803e-01
-9.924280448490592210e-01 5.711691173529415133e-02 -1.087394342033369821e-01
-9.937389352410676002e-01 4.068117119451866714e-02 -1.040576790582276034e-01
-9.939446931524895668e-01 2.594512527830178730e-02 -1.067746564456759084e-01
-9.941176257380356374e-01 1.152040849741558723e-02 -1.076914865849475378e-01
-9.934877332113579707e-01 -5.709118339243049456e-03 -1.137961349776023395e-01
-9.929220644479376245e-01 -2.418316728149120035e-02 -1.162797442503778061e-01
-9.922431934209378079e-01 -4.280003858565475938e-02 -1.167117492774262383e-01
-9.914400158490461745e-01 -6.405039587649695443e-02 -1.137728963124042952e-01
-9.898790509167081364e-01 -8.082568702545757378e-02 -1.166477752287476827e-01
-9.888640851115857444e-01 -9.318655026734454228e-02 -1.160349887270149122e-01
-9.864455677758582341e-01 -1.104608547508382360e-01 -1.213407283335702913e-01
-9.839043196099083177e-01 -1.323537802365498395e-01 -1.200616402884746858e-01
-9.809750751503290012e-01 -1.502549356637905842e-01 -1.229283823278311538e-01
-9.782046900457361804e-01 -1.704022235167950428e-01 -1.186536837841997566e-01
-9.746137594017193484e-01 -1.884375694607313134e-01 -1.209104323798841918e-01
-9.719497084940043052e-01 -2.046444611063851504e-01 -1.159070271956178233e-01
-9.685042662194123242e-01 -2.227315247544972288e-01 -1.113112016604628079e-01
-9.637755994718733010e-01 -2.410004391223314890e-01 -1.142602826558741097e-01
-9.589106830450500052e-01 -2.604335280687948284e-01 -1.125375893335942151e-01
-9.548039039195160838e-01 -2.760339466560835509e-01 -1.102487861178950423e-01
-9.496058002452294478e-01 -2.926852931209111275e-01 -1.121792008760536113e-01
-9.457204355925138417e-01 -3.086328838103542527e-01 -1.017773561778463343e-01
-9.421208355121483136e-01 -3.204368274756775326e-01 -9.863366631623381175e-02
-9.377900003143538887e-01 -3.345909812594264898e-01 -9.272981908570226972e-02
-9.343384428732395275e-01 -3.453233436392803002e-01 -8.811067484743206890e-02
-9.298646257533798032e-01 -3.587676290339149032e-01 -8.147143097407286150e-02
-9.217753570394480178e-01 -3.775562961698463726e-01 -8.821259829442797129e-02
-9.166731108498233915e-01 -3.897109499226646956e-01 -8.852011907496833143e-02
-9.113871431148717894e-01 -4.026572698622092328e-01 -8.509187056057203324e-02
-9.051099174789795088e-01 -4.161271467808488334e-01 -8.725974524826268786e-02
-8.997651716116721321e-01 -4.288137256412300480e-01 -8.087924539415802805e-02
-8.956590219076477899e-01 -4.379041969907041532e-01 -7.768435039859182545e-02
-8.922596709657870662e-01 -4.450779578163369110e-01 -7.601525165760029956e-02
-8.861308846215271151e-01 -4.572763070016017672e-01 -7.530246826098639656e-02
-8.813822355130810360e-01 -4.673161970357577188e-01 -6.914444421731599788e-02
-8.768021021750247446e-01 -4.759592033765757679e-01 -6.841737785071233535e-02
-8.688607781023749421e-01 -4.903293619100114187e-01 -6.825021884817300544e-02
-8.643395661970102450e-01 -4.968576292408323769e-01 -7.777941859185436013e-02
-8.608345705987116014e-01 -5.031399687973011625e-01 -7.624986069778376396e-02
-8.574294828376798350e-01 -5.087388877021313816e-01 -7.745613925817473877e-02
-8.528658221744849222e-01 -5.172228111580465804e-01 -7.141764517950946467e-02
-8.464590311167402570e-01 -5.282297976820067298e-01 -6.693590992018380592e-02
-8.408071596821408145e-01 -5.371515294103118565e-01 -6.716830523830107091e-02
-8.330635988420892479e-01 -5.493806890688476274e-01 -6.469872590422014180e-02
-8.273217415383572471e-01 -5.588586956176975207e-01 -5.670732826605708737e-02
-8.236050696937720073e-01 -5.647001789393600868e-01 -5.280552896432092608e-02
-8.196065074514354842e-01 -5.707958247191734502e-01 -4.936928368960680213e-02
-8.138684797192703435e-01 -5.795892749856799142e-01 -4.116305113984739666e-02
-8.102171416208893140e-01 -5.846160217923559443e-01 -4.209889853555980749e-02
-8.061613412510599819e-01 -5.903045587170514530e-01 -4.055177735995247473e-02
-8.025087579296443785e-01 -5.952528440127877740e-01 -4.066659508335886825e-02
-7.965281299448222496e-01 -6.032555758721918071e-01 -4.031966280423232574e-02
-7.945002257851466743e-01 -6.061451794661751880e-01 -3.684344561513873406e-02
-7.934162468538978885e-01 -6.079120903432314593e-01 -3.055448444144642089e-02
-7.936869957807760612e-01 -6.078919473607976576e-01 -2.298608244526871916e-02
-7.913794203384305614e-01 -6.110883824725921176e-01 -1.701848562979661750e-02
-7.875750010067283924e-01 -6.161423311323961371e-01 -9.709403744369782957e-03
-7.824197519297928505e-01 -6.227223021045084073e-01 -6.024370720233871920e-03
-7.820225576289419056e-01 -6.232153375120844663e-01 -6.587050982252389345e-03
-7.756159870472439932e-01 -6.312015843202786192e-01 -2.104142865043263401e-03
-7.759067261196087584e-01 -6.308463905106123093e-01 1.269168534790554928e-03
-7.736334064732943716e-01 -6.336268027891956978e-01 2.907578292540602925e-03
-7.765743648019753920e-01 -6.300113980197546981e-01 4.233341748889712236e-03
-7.749562595727434999e-01 -6.319562240004311660e-01 8.611247687164791040e-03
-7.781370584171366511e-01 -6.279999872383623671e-01 1.089776355467307611e-02
-7.793455219081641960e-01 -6.264507892383511800e-01 1.341614854665013415e-02
-7.818026531141740731e-01 -6.231046490585837594e-01 2.291800235183177187e-02
-7.814027201747766327e-01 -6.231543136134556349e-01 3.299268695348536728e-02
-7.833802275089832845e-01 -6.206886299597322854e-01 3.257408253045792484e-02
-7.832054655652862518e-01 -6.205404719614155962e-01 3.897112383779727240e-02
-7.885869454897125319e-01 -6.134988474825877613e-01 4.183085738892840244e-02
-7.894550699518368964e-01 -6.120586050538023848e-01 4.631396794504034214e-02
-7.951403716450531345e-01 -6.039536318198081011e-01 5.469760127271678513e-02
-8.014814072770656272e-01 -5.948967830491863618e-01 6.103604514874842735e-02
-8.084183707094650950e-01 -5.851122619767700206e-01 6.405783627333573593e-02
-8.139567529017323055e-01 -5.773858100819740935e-01 6.403169782369737273e-02
-8.181095657940281596e-01 -5.707107037865519761e-01 7.061202932611068683e-02
-8.243203955563017660e-01 -5.617234709718017527e-01 7.044611675819988095e-02
-8.321292473658881139e-01 -5.497578211416189742e-01 7.298822840933738565e-02
-8.366708942871101673e-01 -5.423257756220595249e-01 7.658064761253105535e-02
-8.437184838092330885e-01 -5.311786345553975996e-01 7.738479287239634352e-02
-8.484721869638452985e-01 -5.233812500282492008e-01 7.853052296744732208e-02
-8.547199889354107905e-01 -5.133688678361952862e-01 7.685163640255618378e-02
-8.613783845586416854e-01 -5.015401082262942456e-01 8.052842024068858351e-02
-8.670860553015308225e-01 -4.910916594090619092e-01 8.361090178156008190e-02
-8.741489686856339647e-01 -4.781478515464270274e-01 8.507785142323302796e-02
-8.794656065663172262e-01 -4.674848415981429639e-01 8.943264613726942258e-02
-8.843689351761548911e-01 -4.579286560281956020e-01 9.051497658059351470e-02
-8.915478030424102140e-01 -4.432587376324231832e-01 9.308187227834618938e-02
-8.967548404069856094e-01 -4.326100987426900191e-01 9.316269220313695698e-02
-9.026085612625902588e-01 -4.201196574333128098e-01 9.379385458493422201e-02
-9.079976552253814504e-01 -4.068631124590614823e-01 1.000134733074578980e-01
-9.135595646811890402e-01 -3.921065642197878454e-01 1.079879329593881193e-01
-9.192206856222309153e-01 -3.774789823001926670e-01 1.119954417463709939e-01
-9.241810150685695335e-01 -3.640418736721511839e-01 1.155984250399634539e-01
-9.299338099101870370e-01 -3.466635239517604772e-01 1.226684223128193946e-01
-9.341908859459728820e-01 -3.331958485176264029e-01 1.275458612777997658e-01
-9.401262101140075433e-01 -3.143148869536052104e-01 1.317910942403090480e-01
-9.459255726702017197e-01 -2.952364265888454131e-01 1.343885979956744026e-01
-9.520604869418443084e-01 -2.738764012420191185e-01 1.362812469992860376e-01
-9.576199675192373917e-01 -2.541654133055860076e-01 1.355137361067345059e-01
-9.624480302742016713e-01 -2.357018561768614573e-01 1.346790856773771305e-01
-9.672071152873062960e-01 -2.153849787200869947e-01 1.346095805417346358e-01
-9.709138392884981705e-01 -1.942959510009869828e-01 1.399122340404147236e-01
-9.745998561357336332e-01 -1.766308327839487824e-01 1.376833404934912908e-01
-9.772505507664449587e-01 -1.624438044192731967e-01 1.363576336009331702e-01
-9.812127699584233254e-01 -1.428825000625844055e-01 1.296384357881949778e-01
-9.838150804892226153e-01 -1.264657214534358476e-01 1.269422751953405148e-01
-9.860388879865429335e-01 -1.069677334098120547e-01 1.276136669255189537e-01
-9.874325447690580626e-01 -9.046588230101931805e-02 1.295875245635354223e-01
-9.887951727691437487e-01 -7.344785694998151593e-02 1.299598073770259488e-01
-9.897930591061764316e-01 -5.760046416877194486e-02 1.303530575279734649e-01
-9.895708388469967032e-01 -3.922722587254540844e-02 1.386030806473070032e-01
-9.906187423290295779e-01 -2.024018388336725968e-02 1.351476092820506070e-01
-9.907930755643564735e-01 1.941700361741093006e-03 1.353711388568201168e-01
-9.909100477817819330e-01 1.896809931480143360e-02 1.331822902848775469e-01
-9.906437464304065355e-01 3.595364431579634035e-02 1.316523341234911160e-01
-9.898834987465656710e-01 5.829232212840716743e-02 1.293549291011959479e-01
-9.887677880043421741e-01 7.627993791779669186e-02 1.285288529749313013e-01
-9.867725501733750626e-01 9.724382992999515418e-02 1.297058422402510292e-01
-9.837860910551532445e-01 1.256908859510014742e-01 1.279326453604241187e-01
-9.807106519523913768e-01 1.455042935375920887e-01 1.305187788527208126e-01
-9.780185614112762993e-01 1.659142908141671147e-01 1.263019203315197403e-01
-9.749567916078737406e-01 1.861275966260521331e-01 1.217201915359381603e-01
-9.715182703683279408e-01 2.030377111049441463e-01 1.221800761584738576e-01
-9.674081018516831332e-01 2.221725298066219711e-01 1.214947082464875455e-01
-9.626310192567741897e-01 2.425568438910446489e-01 1.204480420418736486e-01
-9.592563348380689359e-01 2.588032764196714908e-01 1.133498138797464777e-01
-9.530514414769959419e-01 2.805463406534162707e-01 1.139593476886661821e-01
-9.477108123832628239e-01 2.990905065399482310e-01 1.113064102319181459e-01
-9.446945581176959816e-01 3.090962754786351074e-01 1.095979757057979620e-01
-9.393974364554110723e-01 3.238419289076041041e-01 1.125117487605705319e-01
-9.333313078570385501e-01 3.414008808534599870e-01 1.110771821076891458e-01
-9.261457597917234219e-01 3.598326829867760090e-01 1.130243526460188580e-01
-9.188312780869719587e-01 3.778938331827141339e-01 1.137777032537282407e-01
-9.129687980960634608e-01 3.930464681555823070e-01 1.095558271616489110e-01
-9.045964723220802917e-01 4.113236458264293849e-01 1.118843699837685918e-01
-8.981856230044520384e-01 4.259908730579179958e-01 1.086019978424808269e-01
-8.897668621166653358e-01 4.443903499575767024e-01 1.040777543717245623e-01
-8.854026525783119661e-01 4.525623497894966096e-01 1.060636289778484481e-01
-8.790432955344187338e-01 4.657804971279421169e-01 1.016437120297055269e-01
-8.721720060765455473e-01 4.784716089769940339e-01 1.018869096546356767e-01
-8.649845599139680541e-01 4.921955049600650889e-01 9.770018900722571287e-02
-8.600138448553446002e-01 5.014416009099581517e-01 9.451210733114163987e-02
-8.566364190147615076e-01 5.068931996129404371e-01 9.609037797947035664e-02
-8.525201534014116289e-01 5.133966203506712400e-01 9.814952499347769088e-02
-8.437202277928128602e-01 5.281713578838951317e-01 9.576651233502822547e-02
-8.334820736288797161e-01 5.445950570292642512e-01 9.340175407004157326e-02
-8.254973787775776728e-01 5.574375123120511866e-01 8.841678691626471409e-02
-8.143089232423256218e-01 5.736910163896351555e-01 8.820218780734111197e-02
-8.065688093678378134e-01 5.844523654911947252e-01 8.866915427556960883e-02
-7.974805497345585081e-01 5.962643841729582395e-01 9.216066387679033856e-02
-7.882549475402066408e-01 6.095269219519768855e-01 8.444583975977079660e-02
-7.823040054834040635e-01 6.173124543855873503e-01 8.322143573676739348e-02
-7.743082953812372438e-01 6.280157543529691910e-01 7.773613513393061447e-02
-7.679941417871906095e-01 6.361869636886430257e-01 7.383208101817130553e-02
-7.612955942356298689e-01 6.445523468241157738e-01 7.057847499936428792e-02
-7.532953795149760490e-01 6.537412918698268793e-01 7.189176163722368895e-02
-7.460980743803240500e-01 6.621217467706186355e-01 7.023166441004263794e-02
-7.384152840226945180e-01 6.706970656686543908e-01 7.005958358457489710e-02
-7.334015436440701752e-01 6.766558387708160316e-01 6.526164653073548982e-02
-7.255142339269127216e-01 6.851131338854653530e-01 6.518528221407628165e-02
-7.181669197514607417e-01 6.927139282738843384e-01 6.620966531475830363e-02
-7.091050291550025086e-01 7.021827071534535447e-01 6.410564868801374439e-02
-7.037853647776499688e-01 7.077967931200824792e-01 6.090887298038526881e-02
-7.021288547901560761e-01 7.098233904992997667e-01 5.626594384916024094e-02
-7.007895672918735830e-01 7.114897361555804212e-01 5.173363122724154717e-02
-6.947337341230048757e-01 7.178924450837885773e-01 4.444667244073042395e-02
-6.933303914177210148e-01 7.195157498272360952e-01 3.987586761671146202e-02
-6.909167503281744560e-01 7.219821392057890197e-01 3.709266184955223311e-02
-6.887432362519263496e-01 7.240389566156785195e-01 3.742157929044061943e-02
-6.822803572614921652e-01 7.302725653492465607e-01 3.457636748133388616e-02
-6.804256347408770278e-01 7.322389674378254609e-01 2.910465445995511977e-02
-6.774117727806988620e-01 7.350131661679982775e-01 2.947823639930953823e-02
-6.735372515168471796e-01 7.386300339533093950e-01 2.780781406994577501e-02
-6.662358151085508995e-01 7.451970489903023687e-01 2.848205783758257434e-02
-6.640172972900748594e-01 7.473352879641009805e-01 2.389617347148797685e-02
-6.611110033984175516e-01 7.500101019679435987e-01 2.042349020622323541e-02
-6.586915806230744241e-01 7.521687826238809826e-01 1.917172062070591348e-02
-6.542485080398409147e-01 7.560792682823863631e-01 1.740863597457830564e-02
-6.519883012289691138e-01 7.581113912425808676e-01 1.335680717970562197e-02
-6.483338877534368105e-01 7.612424586055254183e-01 1.315750634274531761e-02
-6.447103756010439390e-01 7.644097746170520624e-01 5.124356433773033168e-03
-6.413220932354815051e-01 7.672643218130033027e-01 3.385879814924487759e-03
-6.397691727891031688e-01 7.685670872714055468e-01 2.623941539198555890e-04
-6.405609010675034076e-01 7.679070594680705852e-01 -7.148300134865695661e-04
-6.407152104966652439e-01 7.677665497764097902e-01 -4.309876965429499177e-03
-6.387638269453491668e-01 7.692190803419056699e-01 -1.681698983882677634e-02
-6.394136054606569530e-01 7.686424519735667316e-01 -1.841340552533255598e-02
-6.413922201427338932e-01 7.668074118780235926e-01 -2.494883718307760664e-02
-6.462293058592165629e-01 7.626979998265002170e-01 -2.606677507940241903e-02
-6.513483361057863519e-01 7.581311703174539174e-01 -3.134493758455487999e-02
-6.540191826641594819e-01 7.556468230650712492e-01 -3.545164255180862506e-02
-6.545019480290220626e-01 7.549479906772644799e-01 -4.099710834181306135e-02
-6.585015387548268651e-01 7.513561158889278113e-01 -4.289221475204012257e-02
-6.632081322114358191e-01 7.468564842748458554e-01 -4.858391471699519126e-02
-6.729887881486699142e-01 7.376774204676277424e-01 -5.401986770828249435e-02
-6.801791889682898828e-01 7.308430621775721114e-01 -5.678662846463102681e-02
-6.896254828646268820e-01 7.217988314949502771e-01 -5.850788077828499717e-02
-6.955352724717116519e-01 7.162870358544271010e-01 -5.624587894794520065e-02
-7.016276759525282847e-01 7.102833776137964517e-01 -5.671119558588869070e-02
-7.109095204996221939e-01 7.010944658211616387e-01 -5.544578873056094093e-02
-7.173619207327659453e-01 6.943208296387327616e-01 -5.753687548058786239e-02
-7.259286695308670989e-01 6.845733281322812225e-01 -6.623410881238821213e-02
-7.344183526549453722e-01 6.752041718661853098e-01 -6.876802727222679212e-02
-7.414878283928647562e-01 6.670732096056992688e-01 -7.217454874803036491e-02
-7.525435655525904988e-01 6.533985351472578751e-01 -8.214966778772586631e-02
-7.620207251519346414e-01 6.425375752516936378e-01 -8.043575412215833720e-02
-7.726066663189053996e-01 6.296037998461895269e-01 -8.171919072575919984e-02
-7.797178248362400810e-01 6.206465825774780676e-01 -8.269198815907995159e-02
-7.870621915794140389e-01 6.109185970723559622e-01 -8.550793135107050136e-02
-7.942189553411819203e-01 6.011872214317481866e-01 -8.826215458360789357e-02
-8.004271579792597846e-01 5.917287091888461248e-01 -9.577855586267991495e-02
-8.095456041553843463e-01 5.789690745407757300e-01 -9.711208883568529793e-02
-8.163414197607165024e-01 5.690782156771008182e-01 -9.867473410913714382e-02
-8.236651320145983446e-01 5.574261135823466162e-01 -1.041725048891330441e-01
-8.318593544071029022e-01 5.450464088070189339e-01 -1.045679649705396619e-01
-8.415576477671444788e-01 5.291975739224100694e-01 -1.083082929157247326e-01
-8.495096129226082926e-01 5.168009874662125025e-01 -1.060669121713824908e-01
-8.554974544334452702e-01 5.067088034714016809e-01 -1.066317351103104466e-01
-8.661646232505609833e-01 4.874377292866384215e-01 -1.102875276395956922e-01
-8.729936095935210139e-01 4.731203239874631206e-01 -1.184877639213698236e-01
-8.816086257859495623e-01 4.560302009994007255e-01 -1.216664322373710444e-01
-8.903903594119688680e-01 4.386294708124961472e-01 -1.216931765686421474e-01
-8.963712493677944426e-01 4.258950660708214486e-01 -1.230122352150503917e-01
-9.042056144056656031e-01 4.094519132408995232e-01 -1.214963850205917489e-01
-9.103143593645601772e-01 3.956328049272302416e-01 -1.216654625179832278e-01
-9.160721684620705130e-01 3.810627891911859133e-01 -1.249118374022933770e-01
-9.225635328796022439e-01 3.648889531291738542e-01 -1.254297173156435630e-01
-9.292777015850960387e-01 3.450974968092935802e-01 -1.317220789370949219e-01
-9.359890827952488390e-01 3.256747994041621630e-01 -1.336427970000736987e-01
-9.413157877436503229e-01 3.099227271399882522e-01 -1.336881678587605315e-01
-9.476759176908720050e-01 2.894548277789073532e-01 -1.346339223145448516e-01
-9.534154853926163353e-01 2.694005916525115119e-01 -1.357286589712878022e-01
-9.568315493762071799e-01 2.525230205496762359e-01 -1.438942199667848920e-01
-9.612015723136908552e-01 2.332283297120226750e-01 -1.472960300251573429e-01
-9.670077346032756038e-01 2.057301725930778535e-01 -1.502370614784991065e-01
-9.718449659532304441e-01 1.805654194611348573e-01 -1.513721539684304840e-01
-9.756326423082245514e-01 1.575451162722000531e-01 -1.527105806570873414e-01
-9.782918638377474663e-01 1.339762628456548366e-01 -1.580994267123335406e-01
-9.818996321362315483e-01 1.060056325471805255e-01 -1.569584557997184548e-01
-9.838837812589776854e-01 8.240798034225337021e-02 -1.586873290683192272e-01
-9.863831954034824046e-01 5.914077452143085001e-02 -1.534620433760575386e-01
-9.886509431633679901e-01 3.909931494379113859e-02 -1.450537571003526482e-01
-9.896682548827108183e-01 1.827204799480540431e-02 -1.422072919589078555e-01
-9.897010154673876459e-01 -3.762534387545923842e-03 -1.431005932224828081e-01
-9.891262770162334572e-01 -2.859011046331909681e-02 -1.442631292034436685e-01
-9.876951911248145199e-01 -5.101736951363087386e-02 -1.478359717186186473e-01
-9.862415087910246791e-01 -7.384678942959017889e-02 -1.478998821067576963e-01
-9.843515399339483052e-01 -9.696568598145552387e-02 -1.471385015268880658e-01
-9.820560811809405655e-01 -1.143635663099737410e-01 -1.499562116160921832e-01
-9.788823346140915760e-01 -1.365813040305722537e-01 -1.521018078242840077e-01
-9.756735028307113033e-01 -1.575886068129934148e-01 -1.524043453095091372e-01
-9.717497952498636016e-01 -1.830707519327927912e-01 -1.489545980532426539e-01
-9.673075739225551750e-01 -2.046008064867228526e-01 -1.498486057148110950e-01
-9.632802610702003721e-01 -2.271085703608384798e-01 -1.432231527341011057e-01
-9.595951522877439466e-01 -2.436583173717445372e-01 -1.407401985061118577e-01
-9.539416054976557202e-01 -2.654270779165138205e-01 -1.397995524426824399e-01
-9.476517882893297218e-01 -2.869509320197183855e-01 -1.400545823318141148e-01
-9.429317767713728538e-01 -3.025816218804841529e-01 -1.390110125991290690e-01
-9.354968452329490702e-01 -3.243055960995329667e-01 -1.402553677375571461e-01
-9.268435694741674613e-01 -3.499936640306530733e-01 -1.358877009488924370e-01
-9.210467844082121935e-01 -3.649810356763935060e-01 -1.358738346130846653e-01
-9.116994164260778799e-01 -3.875720969663630222e-01 -1.363527713278788189e-01
-9.051218714493487472e-01 -4.047230006588505846e-01 -1.302064709481334515e-01
-8.964490850217868845e-01 -4.231951038664463205e-01 -1.314723417208810696e-01
-8.884325582176615388e-01 -4.393751869876509342e-01 -1.328046283695021312e-01
-8.795001731656322264e-01 -4.566201152476226377e-01 -1.340803882533455615e-01
-8.702701761429865179e-01 -4.756308090979937120e-01 -1.280827403642875173e-01
-8.634981860192765257e-01 -4.894656334191101466e-01 -1.216318650031342624e-01
-8.542164625194614835e-01 -5.059443867931660010e-01 -1.197269673390448930e-01
-8.480693688344208558e-01 -5.169417878914323028e-01 -1.164026103910165144e-01
-8.387091757900857480e-01 -5.324177886734071663e-01 -1.144475901083284453e-01
-8.284543346937425223e-01 -5.488013146535675180e-01 -1.117164551298407971e-01
-8.223491549410779644e-01 -5.586091950373091031e-01 -1.081557603213247898e-01
-8.158266478322849791e-01 -5.681965557637509434e-01 -1.076084969531643232e-01
-8.070349874000174450e-01 -5.814496940692750471e-01 -1.030088141414224195e-01
-8.006279323881821952e-01 -5.913045601045898714e-01 -9.671537880055788849e-02
-7.949269160102607756e-01 -5.995571020199917944e-01 -9.285748817111548481e-02
-7.866760294736466763e-01 -6.114751951446794065e-01 -8.508198243751557976e-02
-7.786154321946923140e-01 -6.215970539236661541e-01 -8.587866253835535479e-02
-7.732324828205906497e-01 -6.289085902688156260e-01 -8.115137744470127257e-02
-7.638635782656968409e-01 -6.409713618484137454e-01 -7.528732211925881490e-02
-7.589180479576356220e-01 -6.471401334786773818e-01 -7.247812007601497908e-02
-7.525007052627085136e-01 -6.548005576350642842e-01 -7.056168962435001302e-02
-7.475627789678839230e-01 -6.609026818441366968e-01 -6.601189580674821089e-02
-7.427368524901633018e-01 -6.664434477175497085e-01 -6.476984388734483011e-02
-7.352917093525618286e-01 -6.748357135126883399e-01 -6.279248071545465160e-02
-7.291533074483695920e-01 -6.816183310515346871e-01 -6.108959550937527461e-02
-7.246338814831786435e-01 -6.865327303268818904e-01 -5.982124789097483658e-02
-7.209980171835752571e-01 -6.904668459538912950e-01 -5.845876800407357604e-02
-7.173459160129036505e-01 -6.948165381093494020e-01 -5.142809457100783882e-02
-7.144961831366439808e-01 -6.980988884700078945e-01 -4.640237028174390432e-02
-7.086908847234032471e-01 -7.041717648979912703e-01 -4.358198081749785346e-02
-7.080249493809499528e-01 -7.046677883499340433e-01 -4.630348521867734546e-02
-7.022285472560410025e-01 -7.107189189791706108e-01 -4.187743120208860248e-02
-6.985778778238400655e-01 -7.144445042033135129e-01 -3.947192314651867123e-02
-6.926963249185174032e-01 -7.203637384298106072e-01 -3.532590392858714345e-02
-6.901483762054112514e-01 -7.230981435261151224e-01 -2.871110072510327238e-02
-6.888300515688196013e-01 -7.244607072263079539e-01 -2.588198994554821025e-02
-6.866349023925389927e-01 -7.266031400587806832e-01 -2.409193473762244811e-02
-6.852242543699179622e-01 -7.280040524224263843e-01 -2.185988429096454369e-02
-6.860929775544276632e-01 -7.271856100160597469e-01 -2.185288076115077596e-02
-6.845173759841820527e-01 -7.287735694892460980e-01 -1.802997727413940127e-02
-6.823957935286437682e-01 -7.308108753431658000e-01 -1.585809447223972268e-02
-6.814733054223163222e-01 -7.317972038304315641e-01 -8.186589698897388939e-03
-6.785001020694537699e-01 -7.345709818414067893e-01 -6.566427115331046477e-03
-6.809138406534648302e-01 -7.323256597539088419e-01 -7.450068428206790133e-03
-6.817212091496058779e-01 -7.316102225141453141e-01 -1.645967626149205318e-03
-6.786465559376443357e-01 -7.344627930555848172e-01 1.814297544680231779e-03
-6.782352974024459247e-01 -7.348339932758398696e-01 3.989691172026076614e-03
-6.775348580833049361e-01 -7.354898228477447786e-01 1.127178730783047304e-03
-6.772267844195527520e-01 -7.357530778899509238e-01 5.596859307311722112e-03
-6.788574720649706018e-01 -7.342524223892603619e-01 5.093802711775170626e-03
-6.851993482010327874e-01 -7.283164419000026646e-01 7.552998685204489505e-03
-6.841599902433280755e-01 -7.293130557373589395e-01 5.254387078690383323e-03
-6.833316165392572250e-01 -7.300994025042809588e-01 3.577485024433945792e-03
-6.795558618283813468e-01 -7.335885744679471188e-01 7.188056142324454265e-03
-6.816798134095194417e-01 -7.315928001245513013e-01 9.200047356089679704e-03
-6.844120146277198335e-01 -7.290428042911384354e-01 8.764577525209468756e-03
-6.814280865890343097e-01 -7.317996115525459144e-01 1.118594559242593045e-02
-6.861610055759085336e-01 -7.271874400550388806e-01 1.953293418878628701e-02
-6.918841308423735459e-01 -7.214714560907488083e-01 2.784459231835358095e-02
-6.916708042902863784e-01 -7.215445964715093696e-01 3.106328374571232231e-02
-6.921163917933739196e-01 -7.207587949152105544e-01 3.849277397994994854e-02
-6.972216871332996835e-01 -7.155939578170232851e-01 4.251165077765191314e-02
-7.022365175381344304e-01 -7.104391346721961042e-01 4.626168262028561989e-02
-7.045657344579340231e-01 -7.083072875212860220e-01 4.345050283638771799e-02
-7.071624368280533535e-01 -7.055143685520849361e-01 4.659182038926407143e-02
-7.145313055635627020e-01 -6.977259888761632167e-01 5.122003398042308808e-02
-7.205338102074431150e-01 -6.914622249895580053e-01 5.206778097013366885e-02
-7.242967654417548085e-01 -6.876843813860341603e-01 4.984396887563777301e-02
-7.240210456546203321e-01 -6.878020881099585759e-01 5.217132462627111639e-02
-7.296696138157543476e-01 -6.817410738841357398e-01 5.302260729075224110e-02
-7.372143261637817968e-01 -6.737946673579884305e-01 5.015792583909077507e-02
-7.447905518219549714e-01 -6.641102705653780802e-01 6.515072750451345041e-02
-7.490322853410775750e-01 -6.590066655409003715e-01 6.827067571368891641e-02
-7.546727859162883911e-01 -6.520659341983436885e-01 7.265699405467833383e-02
-7.642683830462821959e-01 -6.406607002554032260e-01 7.380881376335692023e-02
-7.745422298762012492e-01 -6.282189760614186325e-01 7.365655040377262763e-02
-7.844528169785747185e-01 -6.149959463095020507e-01 8.008619801750697931e-02
-7.929272538363283385e-01 -6.027709407170225298e-01 8.907075206074814566e-02
-8.001018984562361380e-01 -5.931167171645305158e-01 8.971927139302351972e-02
-8.077776622785345362e-01 -5.824996177480873394e-01 9.049574269861421216e-02
-8.163441542568901088e-01 -5.705030086427400615e-01 9.004762476708171037e-02
-8.235490992018609235e-01 -5.598317199260629540e-01 9.140767147138759152e-02
-8.306378904872214752e-01 -5.486308694849314493e-01 9.510467936857917859e-02
-8.390462644793288405e-01 -5.354098188643532374e-01 9.663192050202457084e-02
-8.449946041385457685e-01 -5.255019842438627409e-01 9.915553280219624455e-02
-8.561280409116984735e-01 -5.071803811292656672e-01 9.905995510992335329e-02
-8.643096394508616997e-01 -4.921531225761260342e-01 1.037024002246476340e-01
-8.694687549455346609e-01 -4.820355770268351936e-01 1.080084411799679400e-01
-8.748347232740774082e-01 -4.709262019199383364e-01 1.135462740230201301e-01
-8.840561419619169525e-01 -4.513106854742515717e-01 1.215048989191006706e-01
-8.905116797652035121e-01 -4.361897672450210650e-01 1.293347328410168195e-01
-8.986233670166215992e-01 -4.169200456101900820e-01 1.365787624058129313e-01
-9.053007978929696886e-01 -4.003854274347245501e-01 1.418520838428707354e-01
-9.136199101831784519e-01 -3.792699537600318083e-01 1.464684301851538195e-01
-9.215045239773078656e-01 -3.591423918107854996e-01 1.478045806099786696e-01
-9.295958953669150038e-01 -3.374021669099539489e-01 1.483620183922880476e-01
-9.356100172928616399e-01 -3.178331108335936683e-01 1.536751396951508974e-01
-9.421726920968246377e-01 -2.980797790938526926e-01 1.531636473839436130e-01
-9.483075997262581103e-01 -2.764215960168615038e-01 1.558968801094184897e-01
-9.546558329117433850e-01 -2.492579300688045896e-01 1.627967025844864191e-01
-9.602123910232722714e-01 -2.261990906200981866e-01 1.637869868911852878e-01
-9.658312656183554168e-01 -2.015970291475934761e-01 1.628761663831976292e-01
-9.704941297068018224e-01 -1.811571791885476235e-01 1.591328432831225770e-01
-9.753996759946280681e-01 -1.500469708894555387e-01 1.614974309047936818e-01
-9.777986387130634949e-01 -1.296155181304954329e-01 1.646501789980654440e-01
-9.814760774976577506e-01 -1.026597749766710033e-01 1.617582185955083462e-01
-9.830722108492092604e-01 -7.880255854749101951e-02 1.654062477535733211e-01
-9.850312123331107506e-01 -4.990249038691110112e-02 1.649948296007080484e-01
-9.860087479891764817e-01 -3.143346258355941142e-02 1.637031702329642957e-01
-9.863049557722270988e-01 -7.468293964154146258e-03 1.647628618762516928e-01
-9.862948760688697858e-01 1.844977133116604273e-02 1.639575101445336636e-01
-9.852294179246167127e-01 4.417779296402130074e-02 1.654429167539144818e-01
-9.846072649173736036e-01 7.179148151731444549e-02 1.593567011567401936e-01
-9.828849406633936026e-01 9.647459855775918081e-02 1.569391154421372336e-01
-9.802640250091526619e-01 1.175111677597985155e-01 1.589767519508873961e-01
-9.782020128499375744e-01 1.374280618730337744e-01 1.556739877494921487e-01
-9.758472011328770401e-01 1.569982983668849752e-01 1.519006736430864313e-01
-9.727814057995731734e-01 1.718657472705203970e-01 1.554301833812355704e-01
-9.686829537298576875e-01 1.952496932611940683e-01 1.533979546254945758e-01
-9.633663620716655940e-01 2.184344083011321436e-01 1.556010991127248777e-01
-9.587251246589794107e-01 2.388047037010914975e-01 1.543323976306355538e-01
-9.538339059693551336e-01 2.592162724471301916e-01 1.516833671415963036e-01
-9.487409901808940837e-01 2.756072881632334881e-01 1.546971119418551199e-01
-9.426513461871175448e-01 2.966842026623956463e-01 1.529279681444815353e-01
-9.358893374142530641e-01 3.179608566483495546e-01 1.516973359273521837e-01
-9.273596958082283015e-01 3.434693686287602077e-01 1.484345874058239922e-01
-9.186324900245662617e-01 3.654341897335479095e-01 1.502406100901652608e-01
-9.116960991347922150e-01 3.839819965595888673e-01 1.461782763144040820e-01
-9.022264626837002144e-01 4.067773289438791906e-01 1.432468276673932728e-01
-8.933865521588085779e-01 4.270344654202281598e-01 1.396498218456777851e-01
-8.839945836540071822e-01 4.448406422631586143e-01 1.437721052503074526e-01
-8.742607837523181935e-01 4.646680397551638531e-01 1.405408622213454028e-01
-8.660728823607807270e-01 4.818222286901505669e-01 1.332859372047504598e-01
-8.579097620428610682e-01 4.960814238765170470e-01 1.337688296000057731e-01
-8.482195067002281652e-01 5.121328200540125053e-01 1.350691744071995937e-01
-8.385479672585209876e-01 5.281072892210674219e-01 1.339404211272836875e-01
-8.259903904964027710e-01 5.472378179759082029e-01 1.351690950611199871e-01
-8.137941847224946512e-01 5.659749786134526950e-01 1.319522156547961178e-01
-8.035400630294911029e-01 5.813267595820029721e-01 1.279945466762732742e-01
-7.965667978982754471e-01 5.928611472781616376e-01 1.183090660499695329e-01
-7.883940188228750756e-01 6.046669138518216968e-01 1.131937835370434714e-01
-7.821461830115074010e-01 6.130321253017124716e-01 1.115302649695547044e-01
-7.726230902066074657e-01 6.257796399842374679e-01 1.070207488323130229e-01
-7.633618630544858341e-01 6.367013720359488982e-01 1.090415837425354473e-01
-7.517065893391067233e-01 6.505467484338410822e-01 1.082874401262386294e-01
-7.404019960166285941e-01 6.634948555184985164e-01 1.076080805596517226e-01
-7.273449831683119760e-01 6.782282793345365546e-01 1.047650456312700235e-01
-7.182700023760355545e-01 6.883330288079303472e-01 1.014193450865569779e-01
-7.090542915797675150e-01 6.976308650970395320e-01 1.027288959001604884e-01
-7.042776673710338109e-01 7.030277365535713141e-01 9.871680347770975250e-02
-6.913082063709493630e-01 7.162433212658131376e-01 9.533366122201064607e-02
-6.839585732471100687e-01 7.245111531747487899e-01 8.534809487677175177e-02
-6.729711205760142700e-01 7.342973912783079538e-01 8.897893146748979409e-02
-6.623049034099712795e-01 7.445597558301230157e-01 8.356448556325898891e-02
-6.550469318550613540e-01 7.515603576689071641e-01 7.791395382497870448e-02
-6.463270919661513458e-01 7.589365450199478946e-01 7.922530648138369214e-02
-6.407344514089081677e-01 7.641189079644928883e-01 7.471074688518133944e-02
-6.319726307194897252e-01 7.718884238670308262e-01 6.927404682156437787e-02
-6.277717610212717458e-01 7.756158116276939962e-01 6.574775415180927896e-02
-6.184663524598054130e-01 7.835976736811653964e-01 5.894145561868705668e-02
-6.106033024581124513e-01 7.900010708410998284e-01 5.533492358688202328e-02
-6.064229878632515502e-01 7.937035663664084861e-01 4.781053553557945701e-02
-6.048383321772577981e-01 7.952708937364048047e-01 4.141058364778309187e-02
-5.998748176977681812e-01 7.994513767868055565e-01 3.205836204910268022e-02
-5.966962712484276121e-01 8.021057889128743179e-01 2.408117385231252350e-02
-5.955188406813457513e-01 8.032110314168222631e-01 1.447028717492042718e-02
-5.961969849800813348e-01 8.026851231724226876e-01 1.567762578152245845e-02
-5.960768931661826198e-01 8.028464415003915278e-01 1.140037912332813805e-02
-5.949645938164020986e-01 8.036773527731584377e-01 1.094918208755580810e-02
-5.958271704339406227e-01 8.030566909160827826e-01 9.485462037289362630e-03
-5.994716241342277208e-01 8.003731974630213797e-01 6.046195819352610801e-03
-5.995469708389297159e-01 8.003181469644600199e-01 5.859457350076566901e-03
-5.933660985974793523e-01 8.049322075313960489e-01 -9.242224029257350287e-04
-5.955346372589447324e-01 8.033126426775906159e-01 -5.228173440133558961e-03
-5.965617265904734623e-01 8.025098750333404807e-01 -9.594098439277436163e-03
-5.978045190007545973e-01 8.015188544731818299e-01 -1.404716499832303622e-02
-5.975328271762206933e-01 8.015680558284609125e-01 -2.105260733632519088e-02
-5.996504771195809713e-01 7.999598783653313339e-01 -2.198950335234702014e-02
-6.029863890218681854e-01 7.971190336286781974e-01 -3.176005137357985897e-02
-6.045954882591305646e-01 7.956930844866340058e-01 -3.656297124088622036e-02
-6.069986229294843660e-01 7.935799210297277417e-01 -4.223293388979311447e-02
-6.081997533048525417e-01 7.928927254142580372e-01 -3.760619720414869888e-02
-6.132871614078786449e-01 7.890487365048451940e-01 -3.579090878803675019e-02
-6.147614392077198620e-01 7.876100851606937514e-01 -4.169852146146986460e-02
-6.254068804083092736e-01 7.792297745355521998e-01 -4.083175794634671257e-02
-6.277392450298430182e-01 7.772153741793719206e-01 -4.335599672715211711e-02
-6.321790203918798978e-01 7.733270728553345297e-01 -4.811408057939317584e-02
-6.364253581934478099e-01 7.694607789866022562e-01 -5.378580892296426497e-02
-6.456210723902069404e-01 7.612217362256641362e-01 -6.095030169166289896e-02
-6.527056813788860712e-01 7.548146204638206402e-01 -6.504015825596236311e-02
-6.562728846645220493e-01 7.518862075968520964e-01 -6.303230631166174824e-02
-6.634700899812907560e-01 7.454073677889434535e-01 -6.461683807002990831e-02
-6.708809354761477994e-01 7.388707099867924954e-01 -6.315761497937709412e-02
-6.791657029011108904e-01 7.308290008989762887e-01 -6.799234890214206350e-02
-6.874576826991415368e-01 7.224402722218545847e-01 -7.404071483923542474e-02
-6.973380577548637937e-01 7.127317661976889651e-01 -7.571725342734929309e-02
-7.060424599207275609e-01 7.041039712618960555e-01 -7.577388896372935778e-02
-7.144975226324530304e-01 6.956952768721482716e-01 -7.417150220129840876e-02
-7.193726701320670713e-01 6.898328721305675426e-01 -8.144697561462505009e-02
-7.296918396573093268e-01 6.787395592739885464e-01 -8.284002498451355223e-02
-7.401177241615998215e-01 6.668565663618761796e-01 -8.676470564559073118e-02
-7.474797324052613323e-01 6.578860262845914741e-01 -9.197861721461388085e-02
-7.605105634958720939e-01 6.416871961847829819e-01 -9.930390647297185347e-02
-7.688023642858275997e-01 6.304806467380855706e-01 -1.069444710025588829e-01
-7.732506485844515831e-01 6.249527361496015621e-01 -1.073198638060501031e-01
-7.771711567314096847e-01 6.193815405825543463e-01 -1.112274317482580543e-01
-7.897606505246466124e-01 6.035984040996114075e-01 -1.093028935707525268e-01
-8.022529930129893572e-01 5.854834238148289849e-01 -1.166161976986351406e-01
-8.171812383455839823e-01 5.648748949284950749e-01 -1.145915293865342327e-01
-8.248371425327147843e-01 5.536155094628398832e-01 -1.146891355575211796e-01
-8.367677030293106943e-01 5.355053640483021793e-01 -1.142534816978041934e-01
-8.479354427834260299e-01 5.170393997321763857e-01 -1.169435151592326111e-01
-8.553007882516830973e-01 5.043388537291600970e-01 -1.187557331667706551e-01
-8.643090352448130620e-01 4.871336888511074714e-01 -1.251826793369334445e-01
-8.731173753849839070e-01 4.704063321981346579e-01 -1.279998986134451566e-01
-8.819667595556808237e-01 4.527319021948840727e-01 -1.310286325043102107e-01
-8.886149231276712079e-01 4.393875267387006289e-01 -1.315376848410284572e-01
-8.966397281383986506e-01 4.203629838801541396e-01 -1.390402904535061046e-01
-9.063266620713389399e-01 3.997851842884024287e-01 -1.369081102528763860e-01
-9.149644982261526671e-01 3.807848773615977178e-01 -1.335772687606177067e-01
-9.215325083380745408e-01 3.630290627043846752e-01 -1.377961484634499523e-01
-9.271640277595659674e-01 3.462996098089685670e-01 -1.429807278124776704e-01
-9.342167465403800053e-01 3.265191003654005497e-01 -1.436119432911845128e-01
-9.381871220798811972e-01 3.134505732479372919e-01 -1.468118010374382387e-01
-9.456689249015737264e-01 2.883802717138104765e-01 -1.501570739767844054e-01
-9.506206190606576456e-01 2.678584408058282684e-01 -1.567556651207173968e-01
-9.574383462498605724e-01 2.411116772975043232e-01 -1.586726717370027795e-01
-9.633407934733508871e-01 2.164758981670120985e-01 -1.584700151005732638e-01
-9.682288372373046847e-01 1.930258631234037792e-01 -1.589779215787581190e-01
-9.733154579126789274e-01 1.655917884440071541e-01 -1.588597608256744342e-01
-9.765957002358967021e-01 1.418738493999030237e-01 -1.616560983235666160e-01
-9.792647012500148573e-01 1.205676820466663607e-01 -1.628008723910723543e-01
-9.824217127437389063e-01 8.661158488675274603e-02 -1.653664324783002959e-01
-9.847068358368790131e-01 6.370312330839200676e-02 -1.621554941736240152e-01
-9.861900347767933450e-01 3.959563349617945677e-02 -1.608149425302166924e-01
-9.868658431351859939e-01 2.038384831238568631e-02 -1.602509002228314494e-01
-9.877412398583633735e-01 -4.557361262217996672e-03 -1.560337077080235779e-01
-9.871818545122285071e-01 -2.587811850059244453e-02 -1.574876301320871641e-01
-9.861672943315837880e-01 -5.156036942148784635e-02 -1.575298081321510058e-01
-9.840277355934933246e-01 -7.982901514447407476e-02 -1.591125031398026024e-01
-9.831241535968919809e-01 -1.007464441365665125e-01 -1.526993673967191878e-01
-9.805171230769965662e-01 -1.240127057135675948e-01 -1.523386501397330506e-01
-9.775124150395809730e-01 -1.432188411039574949e-01 -1.547833528991850727e-01
-9.750794006287842874e-01 -1.639108129616863863e-01 -1.495107074540416581e-01
-9.707371322320271778e-01 -1.872543247342002004e-01 -1.503505299829470399e-01
-9.658390285643595474e-01 -2.109325158521001553e-01 -1.505406541792091712e-01
-9.615012658848656191e-01 -2.285753400618933118e-01 -1.525407280568261692e-01
-9.557731791401123944e-01 -2.524977592254474823e-01 -1.508063510562642207e-01
-9.501086975364005927e-01 -2.744549938573767056e-01 -1.482159322057281237e-01
-9.438916376234832706e-01 -2.969143386811766705e-01 -1.446046157994601566e-01
-9.370096489987618238e-01 -3.185286393595289089e-01 -1.433613142578881727e-01
-9.307692392543971405e-01 -3.374665199567712381e-01 -1.406592114447941799e-01
-9.252646102862327471e-01 -3.550577353593947216e-01 -1.334895046161411192e-01
-9.215254416528483317e-01 -3.674650995055108726e-01 -1.255400483186893124e-01
-9.131788456677853993e-01 -3.868108462329962194e-01 -1.283814949609337619e-01
-9.072334789690901236e-01 -4.021183820049027968e-01 -1.234028527602923225e-01
-8.984818906467547661e-01 -4.214984386897674962e-01 -1.227574881199187812e-01
-8.923528439287866654e-01 -4.357289702674045917e-01 -1.176720393270987430e-01
-8.850824743546413798e-01 -4.493894651745591884e-01 -1.211534777164667565e-01
-8.787177659883251835e-01 -4.623603298376918747e-01 -1.186509839016919587e-01
-8.726822457472067640e-01 -4.740592269629874123e-01 -1.170196143150088880e-01
-8.644356259728841474e-01 -4.888141698601853324e-01 -1.175236093434138679e-01
-8.610807415476258164e-01 -4.957477554707401812e-01 -1.130228396372774113e-01
-8.533978519004894459e-01 -5.097002590794387222e-01 -1.091686535937236580e-01
-8.478866785095564573e-01 -5.192600208145340401e-01 -1.070385620300189078e-01
-8.433002844987000923e-01 -5.274945217605074843e-01 -1.029281415690793816e-01
-8.320731242777938963e-01 -5.454924869575250579e-01 -1.004604645828916926e-01
-8.246272404075504214e-01 -5.572343082450191831e-01 -9.736468809257400880e-02
-8.174857623330422651e-01 -5.680859044575847783e-01 -9.484448180194428313e-02
-8.084768704140391504e-01 -5.817253860853897063e-01 -8.922313165453699124e-02
-8.030096830685027331e-01 -5.901044583964768497e-01 -8.337996602749139785e-02
-7.965296202216090027e-01 -5.990543048301677498e-01 -8.169789239749579435e-02
-7.923529397874252700e-01 -6.054714892559827089e-01 -7.470700182283439295e-02
-7.846311916928561114e-01 -6.149575443454241563e-01 -7.862031063921509633e-02
-7.758208022214131416e-01 -6.260250614729623297e-01 -7.870671395472331189e-02
-7.723099515589060271e-01 -6.304795426355884747e-01 -7.767191635826002638e-02
-7.704638360505038364e-01 -6.331991512587327176e-01 -7.378586422198020467e-02
-7.610660438963655627e-01 -6.451427158199303236e-01 -6.759729495552355139e-02
-7.562372371196686149e-01 -6.511226495466063691e-01 -6.437839475278399337e-02
-7.491479052664372640e-01 -6.594473964666611732e-01 -6.250270916723335568e-02
-7.416185053465829125e-01 -6.683081580976164560e-01 -5.801930392097739281e-02
-7.355036466237792059e-01 -6.756229758365424054e-01 -5.067565358939884329e-02
-7.294524753686606466e-01 -6.821830742826788807e-01 -5.025316796574038486e-02
-7.265133850784396552e-01 -6.852005523195102699e-01 -5.175467054803821465e-02
-7.194635674713494300e-01 -6.925966188449241834e-01 -5.178938275900121097e-02
-7.156099995145087656e-01 -6.967489167981066878e-01 -4.942992078304605380e-02
-7.083969467782329499e-01 -7.042528137341337313e-01 -4.692314580317833578e-02
-6.976754445779560498e-01 -7.153056503785228948e-01 -3.983518324176241188e-02
-6.920733429322767361e-01 -7.210426386854095204e-01 -3.364583893772533918e-02
-6.884727327248163498e-01 -7.245628351261116373e-01 -3.184392413213428530e-02
-6.861383176405269069e-01 -7.268834707074033341e-01 -2.923474508353535867e-02
-6.861228440847531029e-01 -7.269217966988319457e-01 -2.863888182100516461e-02
-6.812882021831668800e-01 -7.314492649371352462e-01 -2.878193237901549920e-02
-6.806081040874065735e-01 -7.322964916307747041e-01 -2.268255418734629533e-02
-6.768078299452041646e-01 -7.358265613046237608e-01 -2.214665368856060315e-02
-6.768503063444980539e-01 -7.358771637047454295e-01 -1.893420235019743422e-02
-6.750286257103261800e-01 -7.376438328168555270e-01 -1.476386330037403327e-02
-6.736059192836090226e-01 -7.389938067073086314e-01 -1.196914630450817731e-02
-6.719944122483267890e-01 -7.405079508694086821e-01 -8.457299197430035581e-03
-6.718155262965150865e-01 -7.406716369983270543e-01 -8.334631171375943282e-03
-6.726993435910507690e-01 -7.399142447787993015e-01 -1.595262174522345429e-03
-6.696986719120869846e-01 -7.426329710069046186e-01 -2.366164797384137479e-05
-6.684247193364870609e-01 -7.437787861975648784e-01 1.246246899023149878e-03
-6.653655807679363932e-01 -7.464967058292085733e-01 5.599429729769995687e-03
-6.686192702940446653e-01 -7.435505392983440265e-01 8.994905987430277389e-03
-6.720427534664844549e-01 -7.403544717664733987e-01 1.529166750195508004e-02
-6.750784263562389365e-01 -7.374777662438628534e-01 1.989231084426657664e-02
-6.807843784348740490e-01 -7.320958729164320777e-01 2.383913537319246045e-02
-6.795262652095492850e-01 -7.329876392082333991e-01 3.119643027834699892e-02
-6.801869998108077686e-01 -7.322621003512496118e-01 3.373282218068122951e-02
-6.859154513872166570e-01 -7.269192664636743295e-01 3.329287009957667548e-02
-6.913849591462940536e-01 -7.214334724207365213e-01 3.899518867264466920e-02
-6.977407535844178943e-01 -7.150718715816383186e-01 4.277967913465764022e-02
-7.001159732738770902e-01 -7.127610994650069864e-01 4.253564082923155104e-02
-7.030057062387808919e-01 -7.099215010213458799e-01 4.236131569608929393e-02
-7.104796446651389097e-01 -7.022192698849857306e-01 4.590003473446849919e-02
-7.145207371590563961e-01 -6.979099784579679833e-01 4.880389056302282536e-02
-7.199254844981064494e-01 -6.922080838972800576e-01 5.055004383479116264e-02
-7.256683956030141047e-01 -6.859039121818552021e-01 5.423324033031744207e-02
-7.292990951063017535e-01 -6.815820105920539218e-01 5.973972001693703821e-02
-7.370838479145952471e-01 -6.731509303942976308e-01 5.979354051158444761e-02
-7.441494783574644778e-01 -6.648700167047061349e-01 6.472600813659407093e-02
-7.527476691039017842e-01 -6.547710192908297033e-01 6.816084280551211461e-02
-7.591601900775456491e-01 -6.472360650569669582e-01 6.900234397903397265e-02
-7.661764528326137080e-01 -6.389275714659651273e-01 6.888572509116122622e-02
-7.740378172048820726e-01 -6.278959067368691249e-01 8.131562239280820670e-02
-7.853369811721080396e-01 -6.135683670583209626e-01 8.233910132468998111e-02
-7.908580831931835142e-01 -6.057926571544738348e-01 8.694130996898938313e-02
-7.979884309466210857e-01 -5.957625919238167533e-01 9.100242187171316000e-02
-8.022233999099296353e-01 -5.895435207262683663e-01 9.421303857204972598e-02
-8.129565138607668384e-01 -5.755000499501199407e-01 8.889005646089312429e-02
-8.193900279963707289e-01 -5.654465981122768214e-01 9.418158025616568674e-02
-8.289784302447048558e-01 -5.510981772573720905e-01 9.531843782157971290e-02
-8.381982494503043002e-01 -5.372319753857253133e-01 9.383785190437833601e-02
-8.450394763130620879e-01 -5.265232474309935462e-01 9.317508555961934169e-02
-8.519702537330000602e-01 -5.141899406146689389e-01 9.876960740108586823e-02
-8.592615579248682467e-01 -5.006689796436899487e-01 1.048817984471720477e-01
-8.634909499486631557e-01 -4.919392773085365933e-01 1.112617219449277411e-01
-8.729893541491525744e-01 -4.728853250880080683e-01 1.194533435021419565e-01
-8.800745668490442819e-01 -4.596362004171233306e-01 1.191778690728592799e-01
-8.900554866213746807e-01 -4.401390623881067943e-01 1.186544601839860935e-01
-8.981877642936993977e-01 -4.229671294881457988e-01 1.198231697510731553e-01
-9.070955237106983482e-01 -4.021160183477845429e-01 1.244205123217618364e-01
-9.104969872345035631e-01 -3.926729270926763160e-01 1.296273667935651797e-01
-9.167961947245836241e-01 -3.770153951300586059e-01 1.316972851721989191e-01
-9.231464424335944496e-01 -3.591785621325608857e-01 1.370819187455777632e-01
-9.291991097554039847e-01 -3.409462244819922438e-01 1.426349640954535092e-01
-9.363070326592470849e-01 -3.185435382656721659e-01 1.478485774613176873e-01
-9.422940421989923765e-01 -2.986594094389738996e-01 1.512763789549460280e-01
-9.497466899013007335e-01 -2.725321301656878359e-01 1.539724353699461756e-01
-9.555597264170190286e-01 -2.541137305041138439e-01 1.494385111006879541e-01
-9.597496983368178913e-01 -2.317322500682293396e-01 1.586843675486880600e-01
-9.656531808784419857e-01 -2.044448123295948827e-01 1.603630283592016870e-01
-9.697635318050031872e-01 -1.828328987345083922e-01 1.616504611721392148e-01
-9.741942984458633603e-01 -1.565948013658384486e-01 1.625533302860098228e-01
-9.774684466386512893e-01 -1.321721940994700639e-01 1.645782349650895537e-01
-9.804898281976903718e-01 -1.045786337092676210e-01 1.664423480985061932e-01
-9.831918818218637890e-01 -7.706692485900434875e-02 1.655127231531677845e-01
-9.849160588242678038e-01 -4.939789906380405438e-02 1.658320041074524132e-01
-9.855680300707978514e-01 -1.961208448289577383e-02 1.681400426097996170e-01
-9.856599438114022060e-01 2.771727689874013689e-03 1.687211973990544456e-01
-9.858620468243222135e-01 2.220495493456890734e-02 1.660813476953861834e-01
-9.848227741065662677e-01 4.341487712950259370e-02 1.680455350553159977e-01
-9.839598135088921671e-01 6.799596561687899776e-02 1.649232658736084212e-01
-9.810126881946598099e-01 9.597548318497195474e-02 1.685314879001844068e-01
-9.784393237132055221e-01 1.190422643126209101e-01 1.687764181427370835e-01
-9.753792829625975713e-01 1.400875172117435064e-01 1.703255479237719694e-01
-9.710873734401704871e-01 1.688677066169472496e-01 1.687396240365309497e-01
-9.656996152365369124e-01 1.953066981559130610e-01 1.711128194507437750e-01
-9.616154007459891684e-01 2.197260844385590384e-01 1.643664156944619759e-01
-9.569670822472187144e-01 2.401197222441052714e-01 1.629618733866704805e-01
-9.524369836339682260e-01 2.621094041061183821e-01 1.554429212812675765e-01
-9.474342145475083132e-01 2.830451869227035289e-01 1.491773456431473854e-01
-9.425356354284251115e-01 3.015035928886069527e-01 1.439521043745132234e-01
-9.356709664586415620e-01 3.257089822136965407e-01 1.357702073388543929e-01
-9.284758343793131363e-01 3.467575701602598204e-01 1.330107512398410463e-01
-9.221952733017112491e-01 3.639827919119873467e-01 1.306615950120044445e-01
-9.152645970067333492e-01 3.819018332334653820e-01 1.282254043207660399e-01
-9.067407367230952975e-01 4.016792068051200371e-01 1.283553593513039881e-01
-9.003941464995487420e-01 4.183699594233568630e-01 1.194026970013676581e-01
-8.924370546723690012e-01 4.359616248492564905e-01 1.161620022220199860e-01
-8.856319922472778439e-01 4.505594132200571034e-01 1.124821541915237283e-01
-8.769725828332662898e-01 4.670706764789011589e-01 1.129783950582582269e-01
-8.676997537071416966e-01 4.851839520518036464e-01 1.081374854596938578e-01
-8.587069287779248716e-01 5.013928928249195005e-01 1.059604786214091293e-01
-8.517157078502226586e-01 5.130385540817982148e-01 1.066388324430469631e-01
-8.444552728413370346e-01 5.254473450225597420e-01 1.039250942883613305e-01
-8.357265452689036644e-01 5.396131342841068435e-01 1.018766517723341952e-01
-8.293851724895489053e-01 5.499170879352925922e-01 9.854682792207886122e-02
-8.229432912736152073e-01 5.594624107827835813e-01 9.882406345242319978e-02
-8.148593282772238489e-01 5.718308881843269242e-01 9.494079889888829005e-02
-8.066816559534712994e-01 5.845746489208740737e-01 8.681722316796738892e-02
-8.016866629145966705e-01 5.918229355625425070e-01 8.392944528468307408e-02
-7.933718721636321414e-01 6.028792629197118336e-01 8.424791475404168339e-02
-7.859939800650195263e-01 6.134308446302568774e-01 7.691622805564850285e-02
-7.783323475473774566e-01 6.234586833710779041e-01 7.414897680645669842e-02
-7.734416414973805942e-01 6.298857706353186980e-01 7.093650009522690925e-02
-7.691829178163911429e-01 6.360252780498619751e-01 6.188318066062642453e-02
-7.610117254127896080e-01 6.460368880994027396e-01 5.913997389610375216e-02
-7.577342261736399465e-01 6.504643886609343673e-01 5.229689492192372835e-02
-7.525853864992273490e-01 6.570087108623997585e-01 4.421350247071217238e-02
-7.488382452060831085e-01 6.613987349809082872e-01 4.234430111610735376e-02
-7.445688703795059205e-01 6.663692568399450789e-01 3.961382031620651334e-02
-7.427679571077130394e-01 6.686649413918306362e-01 3.439479627239673543e-02
-7.350016879972371964e-01 6.773023404219206123e-01 3.215745853829214684e-02
-7.322365327822546455e-01 6.806115653745339333e-01 2.444588436985142485e-02
-7.338926217351048331e-01 6.788252026325218846e-01 2.445420534133382548e-02
-7.309206777253870468e-01 6.820935664741530902e-01 2.243598904663213559e-02
-7.267729340635126212e-01 6.866108126707844983e-01 1.915041190979444724e-02
-7.244768147311584361e-01 6.889037216776624506e-01 2.334633374403212100e-02
-7.197975025164500273e-01 6.939489682141227744e-01 1.806735004299017677e-02
-7.176150298892948198e-01 6.962601419623632992e-01 1.582807262885497709e-02
-7.149159903712720698e-01 6.990874567459982591e-01 1.311101925289314199e-02
-7.146059510189548547e-01 6.995109419401337458e-01 4.777157384055541467e-03
-7.137552825491396691e-01 7.003943535892726002e-01 1.091090106513265944e-03
-7.100078343350868515e-01 7.041774347325948646e-01 -4.802078755106240979e-03
-7.141491546983272931e-01 6.999451636076337024e-01 -8.233904235317432430e-03
-7.155155532623452830e-01 6.985394264501090245e-01 -8.955843091484174193e-03
-7.129425261381994172e-01 7.011608952772415693e-01 -9.295038649524736338e-03
-7.114112968609241916e-01 7.025889843349699682e-01 -1.620895610195127387e-02
-7.175655682326693707e-01 6.962080471869583898e-01 -1.985081329679543732e-02
-7.169749082841604393e-01 6.967216137235792139e-01 -2.293508986846628378e-02
-7.208390302356239010e-01 6.925818828665522009e-01 -2.686024194516039784e-02
-7.233680247921167039e-01 6.897388047373579356e-01 -3.160896426849443136e-02
-7.274545635108211616e-01 6.855836428847377206e-01 -2.801733969623441955e-02
-7.331243958830825358e-01 6.793767899098943630e-01 -3.123847422070489058e-02
-7.346156067548011981e-01 6.777889125875308229e-01 -3.069438158237769096e-02
-7.436145637652402662e-01 6.678778903296593850e-01 -3.124978305471624862e-02
-7.467007330784639629e-01 6.642087120925425081e-01 -3.556468600089694038e-02
-7.496189266869567325e-01 6.608744195898267337e-01 -3.628375914700754379e-02
-7.559543450510596285e-01 6.534508066457994646e-01 -3.918056282624519937e-02
-7.603620462115586731e-01 6.482238839393177354e-01 -4.068660694249530418e-02
-7.678946389042762277e-01 6.393116799423188557e-01 -4.022989458283134784e-02
-7.678785235957331645e-01 6.390683385279858353e-01 -4.420720191634426588e-02
-7.725478948781090427e-01 6.326147319104534761e-01 -5.448299064120531998e-02
-7.782525992211957178e-01 6.254619658512147184e-01 -5.585934354682332154e-02
-7.841963015462533049e-01 6.176114652418317474e-01 -5.993566469631359667e-02
-7.879038471336388127e-01 6.128275308750777972e-01 -6.041514992870036099e-02
-7.937167350152531942e-01 6.050052349192122092e-01 -6.310670033854755279e-02
-8.005311772541831017e-01 5.961404422695282257e-01 -6.137143225614290210e-02
-8.069436449376788945e-01 5.873860584172502231e-01 -6.180305531770818872e-02
-8.093414885060983277e-01 5.838505505357497460e-01 -6.391349636040842552e-02
-8.144165968059607907e-01 5.768688301471854851e-01 -6.283315213068678406e-02
-8.210882371214578423e-01 5.672339597076074824e-01 -6.371645942844288146e-02
-8.279798486808352953e-01 5.567037619333925491e-01 -6.730777971156057249e-02
-8.330522562699369526e-01 5.491401455851344648e-01 -6.685121088938346390e-02
-8.376027568552061320e-01 5.417004849580940862e-01 -7.058507005413415525e-02
-8.471557809737264577e-01 5.266373404660683599e-01 -7.057081690068957303e-02
-8.523737757785723179e-01 5.179740013347456928e-01 -7.184654586002242604e-02
-8.555023092091615933e-01 5.127644091547109984e-01 -7.203128132474834189e-02
-8.628334357045730485e-01 5.000817600813808328e-01 -7.373426211909185624e-02
-8.701134044425482550e-01 4.868749096180051139e-01 -7.652144656670184508e-02
-8.761775115990325657e-01 4.762148088332840423e-01 -7.438057467307368498e-02
-8.815213943928447149e-01 4.656778359453954685e-01 -7.787316822382862880e-02
-8.876848773371069923e-01 4.532314028847188592e-01 -8.122130354975186373e-02
-8.939439780464816243e-01 4.399945014778470220e-01 -8.525871915487577557e-02
-8.987518845973400117e-01 4.282312884588667101e-01 -9.414382590594680411e-02
-9.047388358501863292e-01 4.132614925343105483e-01 -1.032599839051914492e-01
-9.094003761142916975e-01 4.012089026891709209e-01 -1.096467939915362205e-01
-9.185030586403408748e-01 3.783659767525914819e-01 -1.148536743008642114e-01
-9.247782109594343547e-01 3.622452198846689564e-01 -1.164633375421224720e-01
-9.323995639315305617e-01 3.408285067862934503e-01 -1.202789698425122955e-01
-9.385709326265516683e-01 3.211881090238247749e-01 -1.261857862267703745e-01
-9.436135855715235277e-01 3.067535926322647044e-01 -1.244816615467923132e-01
-9.495474440152275042e-01 2.864512382020600323e-01 -1.276925586503896426e-01
-9.539275496459663772e-01 2.693086082595910202e-01 -1.322692479838310786e-01
-9.590168399194273219e-01 2.478812462995479138e-01 -1.372648515888312548e-01
-9.653983556483791695e-01 2.254139580626596251e-01 -1.311282295818092525e-01
-9.691067705431116730e-01 2.086698770832399463e-01 -1.314876416546232885e-01
-9.732424147108293955e-01 1.909863626545925674e-01 -1.277632999977028616e-01
-9.751144279219766675e-01 1.778727282911795049e-01 -1.323374279876449178e-01
-9.781374133810954996e-01 1.590067893863109094e-01 -1.340301887672922521e-01
-9.815507998522088329e-01 1.350070825941568908e-01 -1.353926331992779952e-01
-9.848318715441891635e-01 1.141277795317257038e-01 -1.306946220036329931e-01
-9.873411300573210481e-01 9.144986188900566804e-02 -1.295934606546194356e-01
-9.898891562960887569e-01 6.790354857448004100e-02 -1.245335867693770776e-01
-9.903780917985663956e-01 5.361798121436080894e-02 -1.275789773083590151e-01
-9.913058549068889391e-01 3.391598114256424989e-02 -1.271316495668063928e-01
-9.919954961770689472e-01 1.579804204840794604e-02 -1.252813044048327606e-01
-9.921609495550300917e-01 -6.056627688109869623e-03 -1.248199308444139788e-01
-9.917611114716686771e-01 -2.658620184635925379e-02 -1.253120882777865874e-01
-9.906424408388216918e-01 -5.112230397962978790e-02 -1.265468783156409316e-01
-9.897546510555650379e-01 -6.957936765599175011e-02 -1.246775439940552704e-01
-9.877326234692286322e-01 -9.111608886953434516e-02 -1.268154996815314961e-01
-9.865108244361135981e-01 -1.075742614120871188e-01 -1.233864645098593088e-01
-9.841386733304278156e-01 -1.298410490053204247e-01 -1.208818484495398637e-01
-9.810927596121913341e-01 -1.509517822160553191e-01 -1.211222692851158800e-01
-9.775075469242466841e-01 -1.740995610736747190e-01 -1.190310292991600682e-01
-9.743689600733551615e-01 -1.907449714941657770e-01 -1.192540687153950257e-01
-9.706115057337909580e-01 -2.061304374063327727e-01 -1.241917703638899251e-01
-9.663140317566978332e-01 -2.253974045248126612e-01 -1.242306330206288389e-01
-9.622716118848612110e-01 -2.424108721398337551e-01 -1.235733064952369981e-01
-9.578266860992558085e-01 -2.607220242741182803e-01 -1.207978192888524566e-01
-9.536550334135258655e-01 -2.784532344632128509e-01 -1.140435016466901236e-01
-9.494000196496575894e-01 -2.937976631373853120e-01 -1.110071275115731421e-01
-9.440186242137532657e-01 -3.083983443738144703e-01 -1.171296098575508871e-01
-9.392626446247858141e-01 -3.225108668047781402e-01 -1.173561774834489119e-01
-9.340434709117232392e-01 -3.378512340941923764e-01 -1.158420697570807512e-01
-9.273964389317435053e-01 -3.567809323587026182e-01 -1.124422444537118843e-01
-9.190715381981110488e-01 -3.761801245087152967e-01 -1.174566683887951213e-01
-9.127367947149938043e-01 -3.919507588348716265e-01 -1.152657521524631523e-01
-9.063560438557641818e-01 -4.084377523841101754e-01 -1.081543827851021433e-01
-9.001913903519137561e-01 -4.223874884089746651e-01 -1.060392216221392875e-01
-8.937063099114571640e-01 -4.358287993204111865e-01 -1.065004012312944504e-01
-8.856157509391461291e-01 -4.524720554607253309e-01 -1.046605313652654579e-01
-8.785530512669736947e-01 -4.658952473814896300e-01 -1.052910284082751724e-01
-8.726952178047999720e-01 -4.768537869853803901e-01 -1.049455512444295441e-01
-8.695730504158881713e-01 -4.832767450119358488e-01 -1.014216141400416937e-01
-8.626738126903645831e-01 -4.962481379992609298e-01 -9.763054964315498463e-02
-8.551982502830934862e-01 -5.104760466071155411e-01 -8.972293050890874089e-02
-8.480343360634915451e-01 -5.221130735650938437e-01 -9.075102796511674841e-02
-8.429396250232871202e-01 -5.307938775057113867e-01 -8.781055692948043501e-02
-8.335331751341249484e-01 -5.453933607773373549e-01 -8.813951294549660087e-02
-8.250387839425574743e-01 -5.578169835278814492e-01 -9.028434852745760575e-02
-8.175108364319233489e-01 -5.692483638962313464e-01 -8.736348398080522049e-02
-8.123935384516935976e-01 -5.770604570937093447e-01 -8.377358442827802232e-02
-8.065427876931489104e-01 -5.854827455889014542e-01 -8.184578203952821984e-02
-7.982214850921025562e-01 -5.970995240058930564e-01 -7.946486666469601556e-02
-7.945639876860710604e-01 -6.025625093819343414e-01 -7.474314357270928078e-02
-7.864338787544694620e-01 -6.134996038003440733e-01 -7.169404548417478151e-02
-7.777425493000339474e-01 -6.254728349654566921e-01 -6.245241947430690832e-02
-7.715025391956675804e-01 -6.335224902633874722e-01 -5.859292681503699279e-02
-7.666874763716003960e-01 -6.397422662983098807e-01 -5.403879067270928732e-02
-7.615720640141468989e-01 -6.466424771995429310e-01 -4.314559842783865368e-02
-7.575163554667577737e-01 -6.516395720408458825e-01 -3.917759723887855039e-02
-7.535802773679466382e-01 -6.563961672411132708e-01 -3.550889917059350809e-02
-7.474501675143098156e-01 -6.635282459878543149e-01 -3.238145369717684852e-02
-7.456527160348328520e-01 -6.659011373328155292e-01 -2.403636697537983591e-02
-7.449857529317412963e-01 -6.668793969622343054e-01 -1.637505508923894210e-02
-7.469252989873889081e-01 -6.648096331823210026e-01 -1.143652234034047907e-02
-7.440870003864238358e-01 -6.680598411126221770e-01 -5.534368662461707465e-03
-7.482944531802728783e-01 -6.633611404748999130e-01 -2.730080228006285907e-03
-7.470461290898198214e-01 -6.647643782787346911e-01 -3.232193622003369342e-03
-7.498199638346183526e-01 -6.616188690026821861e-01 5.526200658927044214e-03
-7.520809320125688702e-01 -6.590058440895505409e-01 9.252789748246602677e-03
-7.549945279017251654e-01 -6.557020850319823513e-01 6.171180431262383512e-03
-7.535428115080785583e-01 -6.572808697067202832e-01 1.245530189324983023e-02
-7.533133162695585527e-01 -6.575031771016620619e-01 1.444522907486506247e-02
-7.538994158580005767e-01 -6.568480024652894045e-01 1.365347710587318242e-02
-7.578667969283017225e-01 -6.522703569832828396e-01 1.346642227104915754e-02
-7.584125673089009423e-01 -6.513232428905514348e-01 2.425811651184867079e-02
-7.646008835317156249e-01 -6.435995157045389936e-01 3.413499193491334460e-02
-7.686780275535710638e-01 -6.384789088515537836e-01 3.845540712209226386e-02
-7.747907900789295921e-01 -6.307060349776647534e-01 4.369410168342154066e-02
-7.792854318312455453e-01 -6.247014558336909662e-01 4.962209663486039091e-02
-7.826655242239338728e-01 -6.199582045971899769e-01 5.555670484264105258e-02
-7.899448630915307801e-01 -6.101286586313545701e-01 6.107519234238490552e-02
-7.951435502131182220e-01 -6.032816314078204289e-01 6.162835150730507083e-02
-7.955788028461217021e-01 -6.027356024168309956e-01 6.135314165020495231e-02
-8.029394810072999489e-01 -5.925378176947078135e-01 6.470834776472657313e-02
-8.091145127046120988e-01 -5.840994913297028468e-01 6.450996345610171545e-02
-8.172667958869197502e-01 -5.727749308269749484e-01 6.327644584109420878e-02
-8.243959091008915552e-01 -5.622908857621216061e-01 6.481041961829174525e-02
-8.294779358160778715e-01 -5.544737019421821511e-01 6.727045111446909587e-02
-8.354593419425283551e-01 -5.458678672558470168e-01 6.352956084166307138e-02
-8.404216148966986433e-01 -5.376630102888462215e-01 6.789729382269171776e-02
-8.433847684470378026e-01 -5.321989634962458471e-01 7.393538885239987757e-02
-8.520590657906016441e-01 -5.174828252529377615e-01 7.878401426410565345e-02
-8.570208771934682002e-01 -5.086068272689264758e-01 8.267017828404252255e-02
-8.640953469457255398e-01 -4.964563758441137842e-01 8.288754632012623746e-02
-8.708432485580324123e-01 -4.842313469729019326e-01 8.457000760029463604e-02
-8.761745309191806275e-01 -4.746521304954095521e-01 8.380688224578426715e-02
-8.818542740167162330e-01 -4.623320748645375344e-01 9.263983739523266869e-02
-8.885491253706611081e-01 -4.502470365175889055e-01 8.808010603417365525e-02
-8.939720643268059819e-01 -4.385180995265964277e-01 9.228148273294686788e-02
-9.014259347895947627e-01 -4.225594689805778903e-01 9.420629922702800085e-02
-9.070412077730031220e-01 -4.100772762184726195e-01 9.546162908190557184e-02
-9.126822647229084762e-01 -3.972875051615084585e-01 9.577979747149821532e-02
-9.171622737609687048e-01 -3.856695074990248440e-01 1.003615588116563428e-01
-9.235714336669720304e-01 -3.701433255554069102e-01 1.000488548481800050e-01
-9.293375910136737472e-01 -3.533474524173146336e-01 1.071320142733038910e-01
-9.336260174346586727e-01 -3.414980227447367844e-01 1.082663788596954779e-01
-9.392931274174544098e-01 -3.251868073522750091e-01 1.094623680957449441e-01
-9.446649637448228942e-01 -3.099860949673012844e-01 1.073162423870187149e-01
-9.497449475529927687e-01 -2.938753385726630696e-01 1.078047711815523779e-01
-9.542288383158320508e-01 -2.793981568108289681e-01 1.066960298945615199e-01
-9.577264189466774269e-01 -2.650330558579673812e-01 1.118822373188992775e-01
-9.623125642676508829e-01 -2.472547931924893860e-01 1.132238723169272376e-01
-9.656675374055000427e-01 -2.315230320395366692e-01 1.178275968660652123e-01
-9.688418333144239725e-01 -2.153992794342546868e-01 1.222648857802557526e-01
-9.740231212330094923e-01 -1.925901338940490259e-01 1.191135976564555721e-01
-9.772068270552143332e-01 -1.730785396731943926e-01 1.229255305923128982e-01
-9.799696750825940272e-01 -1.562068773250517573e-01 1.235269092174621219e-01
-9.818625080397095362e-01 -1.401265491838499244e-01 1.277130220211432632e-01
-9.842089369571417334e-01 -1.224037987740450029e-01 1.278676227655344555e-01
-9.860525262327458629e-01 -1.013477130677389038e-01 1.320193461554862724e-01
-9.874567593865858361e-01 -8.343266107249175390e-02 1.340454803750985024e-01
-9.885865148528185653e-01 -6.482594127074929602e-02 1.359939395573002419e-01
-9.897671052113246049e-01 -3.958868362366140675e-02 1.370907197459350357e-01
-9.901528374256854947e-01 -1.903065364498511894e-02 1.386911853747287704e-01
-9.903811795709994703e-01 3.911424698733883404e-03 1.383107803701028593e-01
-9.906238757685971175e-01 2.380379408709258279e-02 1.345279440160251083e-01
-9.897872271522653032e-01 4.139475059460758638e-02 1.364103053641851915e-01
-9.895565422302661229e-01 5.611274789730553991e-02 1.327752256657301899e-01
-9.880313044441711989e-01 7.806565166824601387e-02 1.330411469812409209e-01
-9.866316216470352174e-01 9.937526903008916945e-02 1.291613322378117323e-01
-9.855841163682710349e-01 1.162475299116986216e-01 1.229248204503745751e-01
-9.824280331204994221e-01 1.382033388605466706e-01 1.254394175507170806e-01
-9.801012285301703431e-01 1.530123659269092551e-01 1.264470180848868697e-01
-9.781839743474813886e-01 1.683386646822056798e-01 1.217302602010477269e-01
-9.740576583552342793e-01 1.888466073000727441e-01 1.246943756329790126e-01
-9.712102928047782191e-01 2.019631979293793900e-01 1.263387673332100058e-01
-9.660179648718754120e-01 2.239188050208509029e-01 1.291112345038469555e-01
-9.627870902798509878e-01 2.385790304636819237e-01 1.269689549346348645e-01
-9.563912662910565299e-01 2.637467667038833063e-01 1.255127035280969305e-01
-9.508930399632554709e-01 2.831125467797025452e-01 1.250990098847753751e-01
-9.466255561591354617e-01 2.973583978660304106e-01 1.244109699014823572e-01
-9.397110864368702909e-01 3.195189736985810658e-01 1.218636488544360824e-01
-9.351744860634325640e-01 3.331747057655822242e-01 1.201804695642488818e-01
-9.263720844695183532e-01 3.569107173570366109e-01 1.202062817129233713e-01
-9.209123658828161085e-01 3.715703033596547966e-01 1.177113970147096594e-01
-9.155515341495068515e-01 3.854778202565526390e-01 1.147705852137854560e-01
-9.092526818671944344e-01 4.010757710693572120e-01 1.113455655150411977e-01
-9.039534782735244578e-01 4.148426186196724208e-01 1.037967203212505768e-01
-8.972946970724791083e-01 4.290921713281228844e-01 1.036445047760536087e-01
-8.923574952457750120e-01 4.410100454858836283e-01 9.595982828875510018e-02
-8.847766134622381262e-01 4.568136316801548746e-01 9.215041017639516441e-02
-8.773293082810600385e-01 4.714355428458577579e-01 8.967642669490251406e-02
-8.710721051045606789e-01 4.830152651057056934e-01 8.904880169273876600e-02
-8.659363399982294984e-01 4.929409075239393201e-01 8.463784236272270389e-02
-8.606852012887591385e-01 5.027464183835234079e-01 8.041809888051631994e-02
-8.529006083011748673e-01 5.164532620458042178e-01 7.639782635180145109e-02
-8.465491981147470479e-01 5.275827496724972976e-01 7.078802695756965246e-02
-8.421871234406343998e-01 5.357457811560267791e-01 6.080587223898032551e-02
-8.383676840754031856e-01 5.420725999784610227e-01 5.741924394493753275e-02
-8.329058096805679323e-01 5.502873949074741367e-01 5.875152914750760708e-02
-8.273825641092719119e-01 5.585969293777204303e-01 5.837473820867417063e-02
-8.275506691235449130e-01 5.591017335812779043e-01 5.064769049133212298e-02
-8.249570837687036917e-01 5.629812771992225295e-01 4.997938052588271618e-02
-8.211381731172342491e-01 5.689698503561005927e-01 4.478232805359366742e-02
-8.161546809911147671e-01 5.763644683087735254e-01 4.117745972933583437e-02
-8.114873841079827121e-01 5.832246257939700529e-01 3.656922239681446862e-02
-8.087205562203209075e-01 5.873644891098472876e-01 3.121002427307030536e-02
-8.059895001480880117e-01 5.914667245748104207e-01 2.341124017952924546e-02
-8.063679967502898061e-01 5.910778262314102527e-01 1.994251659988010780e-02
-8.069697574169658605e-01 5.904707288049250158e-01 1.200732781992118643e-02
-8.060542618588312225e-01 5.917132740170248928e-01 1.232782116876404363e-02
-8.075165441632695673e-01 5.898255476020238808e-01 4.785533818815229830e-03
-8.080254882252854154e-01 5.891388117002357427e-01 -3.212168225690895280e-03
-8.094647217300906528e-01 5.871354971127352718e-01 -6.230523816987451613e-03
-8.107421483768677550e-01 5.853895243080619037e-01 -4.039898992477738981e-03
-8.096486191840898128e-01 5.868524510469389499e-01 -8.565118530122980273e-03
-8.110025048679322390e-01 5.848546741638678270e-01 -1.483220442277167692e-02
-8.116231342437382201e-01 5.838944360307434245e-01 -1.830908608575362514e-02
-8.116493113617374577e-01 5.837395431798086953e-01 -2.176208195786370758e-02
-8.142987084698406486e-01 5.799837789019941514e-01 -2.316196759373811975e-02
-8.171054981859910971e-01 5.759460145751446047e-01 -2.499680657091982519e-02
-8.220608809608704881e-01 5.687630957847503721e-01 -2.691646598012540498e-02
-8.238799585502226686e-01 5.657081542429666099e-01 -3.458533763746868273e-02
-8.248299970153546434e-01 5.641557650309296790e-01 -3.719941232740794218e-02
-8.283472576468272619e-01 5.584562297338665493e-01 -4.435659471808824084e-02
-8.345294821011022268e-01 5.491827896137972953e-01 -4.425894681119346002e-02
-8.369226332964257997e-01 5.455128996809917030e-01 -4.445480215613180353e-02
-8.400841442948479010e-01 5.406044240530833989e-01 -4.478319410875047230e-02
-8.452663946162098929e-01 5.322657120963072419e-01 -4.709544712685324180e-02
-8.466916211773468648e-01 5.299678389900435160e-01 -4.740712547704850621e-02
-8.503237512813117682e-01 5.240626454304453397e-01 -4.804070107549279767e-02
-8.529276340379244870e-01 5.196558280132685947e-01 -4.972241708756445361e-02
-8.604349402285663695e-01 5.071964483523231371e-01 -4.902574457085207005e-02
-8.632230316687752314e-01 5.017330886499923315e-01 -5.576695115294608845e-02
-8.648612352478818321e-01 4.979385698939777227e-01 -6.381435595321431620e-02
-8.705696360863026673e-01 4.870389104455436491e-01 -7.001183032780254611e-02
-8.738031968168477048e-01 4.802351934103459841e-01 -7.643415734121172811e-02
-8.766777564222230090e-01 4.749955138836566282e-01 -7.625890998398944520e-02
-8.810618802147009987e-01 4.665446990870755761e-01 -7.788488412387969961e-02
-8.850422973658854664e-01 4.586003544675584243e-01 -7.991179485396401883e-02
-8.896985417628655579e-01 4.496702167689320961e-01 -7.895092863013912499e-02
-8.959580685800089261e-01 4.371389962365770376e-01 -7.854097969214135500e-02
-9.018648558651234382e-01 4.248780979632874599e-01 -7.822040526852790110e-02
-9.078884583709917466e-01 4.121217613668932134e-01 -7.677401293365350432e-02
-9.140350733613857859e-01 3.989780330109118922e-01 -7.318785303429249656e-02
-9.183738529023497410e-01 3.893389986654822166e-01 -7.074360930380893531e-02
-9.221636158318564647e-01 3.797855426920427324e-01 -7.332976975821438315e-02
-9.240709807244356089e-01 3.752971838689567741e-01 -7.242164213849820731e-02
-9.302649247499417129e-01 3.600232114236818770e-01 -7.064350514326536712e-02
-9.352902936595625105e-01 3.465854362406483036e-01 -7.148880878965348240e-02
-9.372173247728261547e-01 3.417131560379346178e-01 -6.968395007686481457e-02
-9.421009892795585428e-01 3.271828126212171783e-01 -7.346551208266760558e-02
-9.448841203218437679e-01 3.182850122552215999e-01 -7.673785680260100661e-02
-9.506416741763549227e-01 3.018025787635993940e-01 -7.208091851398912286e-02
-9.543072880329737107e-01 2.882976943158332972e-01 -7.862625431079769966e-02
-9.578616040805439935e-01 2.764776389911349219e-01 -7.785442119709987119e-02
-9.599661715007401508e-01 2.675961772984623011e-01 -8.280872105709857767e-02
-9.631598369327896147e-01 2.565005074246137773e-01 -8.081254238681577495e-02
-9.675062213053805538e-01 2.398884393835740980e-01 -7.990805346499196826e-02
-9.712891440994959602e-01 2.245473669306567444e-01 -7.858706697886475023e-02
-9.725768717064432467e-01 2.191881483298670219e-01 -7.778709894033819516e-02
-9.757254151166109279e-01 2.047038756683050575e-01 -7.782214397489876923e-02
-9.772146895583652126e-01 1.972684330463241043e-01 -7.833686469716538703e-02
-9.799374700718752607e-01 1.815346516495055240e-01 -8.226648142831435861e-02
-9.815657037484359915e-01 1.715802061018655844e-01 -8.419650325927108270e-02
-9.832556495532184249e-01 1.631152588227777200e-01 -8.125139382876964134e-02
-9.856427298185128638e-01 1.498785629736954228e-01 -7.774879181452390431e-02
-9.869188979241275694e-01 1.395202166673988331e-01 -8.077900468132157008e-02
-9.894396687225204268e-01 1.205781828486095775e-01 -8.043688998833962989e-02
-9.910179784228421163e-01 1.087345013122757720e-01 -7.784744047212660556e-02
-9.925611643896158354e-01 9.287117705582667582e-02 -7.872311542712119581e-02
-9.927530794806966874e-01 8.636668705214786690e-02 -8.355936911407137180e-02
-9.933795653280460547e-01 7.857584079498272644e-02 -8.380290005776547257e-02
-9.944769132687018010e-01 6.601243321748677395e-02 -8.159704151834179520e-02
-9.951742458870139751e-01 5.311522563020800586e-02 -8.250480426259297617e-02
-9.959147197953794883e-01 4.185676043907637228e-02 -8.001207402912172140e-02
-9.965080927303433533e-01 2.724078757545124463e-02 -7.892787881337123834e-02
-9.966652685099560705e-01 1.660440656881582294e-02 -7.989171244092559132e-02
-9.970363946870506311e-01 9.238135336213967874e-03 -7.637495620954243281e-02
-9.972255432771179873e-01 2.681167614600416492e-03 -7.439137416588420537e-02
-9.967651729961478635e-01 -1.002459038677442835e-02 -7.974175358071587671e-02
-9.971936063420665519e-01 -2.253686847696313722e-02 -7.139362626593019623e-02
-9.968005839082266784e-01 -3.006795467618188916e-02 -7.405783530007270521e-02
-9.965559331916875596e-01 -4.141996978677619373e-02 -7.183806101744516504e-02
-9.962628902439778500e-01 -5.278708436805326643e-02 -6.836538568573365116e-02
-9.963158497920594492e-01 -6.051722664581585254e-02 -6.076546238565479208e-02
-9.954933083089368973e-01 -7.558804325415281744e-02 -5.726752507913886875e-02
-9.949368553551669603e-01 -8.425674937667418374e-02 -5.478596996555933768e-02
-9.938891685099386919e-01 -9.603293102955209881e-02 -5.442467573540717835e-02
-9.927434106350949694e-01 -1.074624104512695855e-01 -5.396665086729746791e-02
-9.920978932779702664e-01 -1.132521735792191286e-01 -5.399781253591729585e-02
-9.919219086572010902e-01 -1.162213557690795762e-01 -5.082884946794146569e-02
-9.909384453406360205e-01 -1.208577088931161170e-01 -5.860426760960506243e-02
-9.891982912252433868e-01 -1.326702520776320837e-01 -6.233292472864159633e-02
-9.876662577970691803e-01 -1.451391531155209746e-01 -5.873702446021082657e-02
-9.869696628651380976e-01 -1.512835244059164697e-01 -5.481084042998237565e-02
-9.853472440105747188e-01 -1.615777558898065791e-01 -5.462129539542943946e-02
-9.843794364940809949e-01 -1.689318228541976386e-01 -4.959044719183824945e-02
-9.823881694918664698e-01 -1.797776430119404356e-01 -5.092673070600190616e-02
-9.810534365546365043e-01 -1.859122575432333169e-01 -5.450537325681592549e-02
-9.803538910661737660e-01 -1.900223670382269747e-01 -5.289420425718179691e-02
-9.789501044989182832e-01 -1.988998263657931198e-01 -4.577772839328911325e-02
-9.774053182937683104e-01 -2.061604348974205858e-01 -4.665583914958267714e-02
-9.770849962753048734e-01 -2.077345057323504163e-01 -4.638247137602780068e-02
-9.756039979302694176e-01 -2.147235226674314712e-01 -4.572413443184296378e-02
-9.748987619962841134e-01 -2.181750670037979067e-01 -4.440824735507744453e-02
-9.739922857145656421e-01 -2.219955065173380149e-01 -4.535494366474305400e-02
-9.726343515828076436e-01 -2.284957651351781915e-01 -4.209693257922439424e-02
-9.716889301254313382e-01 -2.338072647914368474e-01 -3.398285100999398622e-02
-9.706703546593951071e-01 -2.381834841723133311e-01 -3.267626897592505048e-02
-9.685716886470205900e-01 -2.463907945533908017e-01 -3.406623679875508265e-02
-9.664380343263404560e-01 -2.551330847591161688e-01 -3.007794986461613182e-02
-9.655344850293182679e-01 -2.588798534219069469e-01 -2.691519773257999848e-02
-9.647232145424714522e-01 -2.624125092219470878e-01 -2.118590330943576766e-02
-9.652619978580598836e-01 -2.607202012519831413e-01 -1.715518660127472034e-02
-9.646043593450613907e-01 -2.633574758497544410e-01 -1.346543992017115721e-02
-9.644878587088090427e-01 -2.638014580185479296e-01 -1.311523448740262512e-02
-9.643131031102941675e-01 -2.644791746825203571e-01 -1.229038462314438647e-02
-9.634038242623106374e-01 -2.679394731957238651e-01 -7.845902976641647847e-03
-9.635055946821552419e-01 -2.675486293349213507e-01 -8.645695486620761164e-03
-9.638273066803124678e-01 -2.662920195496170650e-01 -1.120407536495495598e-02
-9.625950951604022032e-01 -2.708360762045943781e-01 -7.651837582683056194e-03
-9.627869884542872292e-01 -2.701514375749097807e-01 -7.711268260768695121e-03
-9.617643882100516128e-01 -2.737317442892475694e-01 -8.957777896946598692e-03
-9.624567937033240428e-01 -2.713798203811344512e-01 -5.473703988044741411e-03
-9.611491159961870201e-01 -2.760217196134551743e-01 -2.105961835880446834e-03
-9.608178307782468952e-01 -2.771549622732502605e-01 -3.777686127374836524e-03
-9.606640214707482528e-01 -2.776939984822977547e-01 3.275520288178273860e-03
-9.596809300233930529e-01 -2.810778591345781119e-01 2.792425766041405945e-03
-9.605099696121247588e-01 -2.782194008961407228e-01 3.822466350106266085e-03
-9.596289191303958299e-01 -2.812109400160174300e-01 5.726498969093430508e-03
-9.596560155251739888e-01 -2.811535785233106877e-01 3.611808690659517197e-03
-9.595840813260900770e-01 -2.814137902862743901e-01 2.171984913806076882e-03
-9.609657895341554568e-01 -2.766543811404046371e-01 2.674465352788461640e-03
-9.601350952968639163e-01 -2.794929339434504278e-01 4.934231838913997158e-03
-9.591187396593148229e-01 -2.829815081288348244e-01 3.571739447904769688e-03
-9.582832137934081951e-01 -2.857118496723273782e-01 7.878393972315381882e-03
-9.603781683222729626e-01 -2.786018530692419004e-01 7.404676381591936661e-03
-9.619027006762627119e-01 -2.732581643414635497e-01 8.556753695673470494e-03
-9.630607733561794559e-01 -2.692007026980954287e-01 6.706443071455366230e-03
-9.620962391147233062e-01 -2.725340604063533623e-01 9.801044269343039267e-03
-9.636620373176275622e-01 -2.670700070733018072e-01 5.397864955824981277e-03
-9.634562308978031897e-01 -2.678282977097316553e-01 4.487971614737383715e-03
-9.637432843630532320e-01 -2.666764469118547143e-01 9.088584339372757573e-03
-9.620906854475486103e-01 -2.726330780083695005e-01 7.263997935047717541e-03
-9.627344820337141451e-01 -2.702226119931570580e-01 1.105011555986564267e-02
-9.642362131466103436e-01 -2.648453352139220063e-01 1.027237227730516331e-02
-9.644004601373464824e-01 -2.642470062585784984e-01 1.026255963725717681e-02
-9.651880434649349194e-01 -2.612719755245798692e-01 1.220833874420906850e-02
-9.647777162504118653e-01 -2.628049305218602139e-01 1.172922425667657399e-02
-9.664184366379471314e-01 -2.562580152869526340e-01 1.916463451931019885e-02
-9.661125880148576650e-01 -2.573381088791606430e-01 2.009012890444326557e-02
-9.671185346923197867e-01 -2.528137783922937420e-01 2.769443912327706689e-02
-9.671884562165612431e-01 -2.527090207408851930e-01 2.616657501461761362e-02
-9.681477682609918034e-01 -2.486614910281537139e-01 2.928157153206699739e-02
-9.682186868437135940e-01 -2.481077334822538172e-01 3.154640681090769422e-02
-9.687433579769793024e-01 -2.462913937344844983e-01 2.961257294454781516e-02
-9.695556468256003591e-01 -2.427184203406016760e-01 3.239853395619401999e-02
-9.705644492495437703e-01 -2.385304978366666606e-01 3.328513693949362862e-02
-9.721366482242842499e-01 -2.321342382618497846e-01 3.262026121599494871e-02
-9.742043465891222498e-01 -2.224869103352369593e-01 3.775599327102892311e-02
-9.748966271597899746e-01 -2.191223411702953039e-01 3.952233813843641919e-02
-9.762966626768292411e-01 -2.125705961017198276e-01 4.072612683603651224e-02
-9.774651633527285943e-01 -2.079058780779630966e-01 3.656568887376113186e-02
-9.778865771303762999e-01 -2.048567517389279224e-01 4.209041439334822859e-02
-9.789759586078590203e-01 -1.999191880412113376e-01 4.047764990924580808e-02
-9.789687154595853036e-01 -1.993920685401781023e-01 4.316371847860508287e-02
-9.796397673091996605e-01 -1.951902226159371867e-01 4.697608768471969731e-02
-9.818211489059432973e-01 -1.832055922081507193e-01 4.962854130911373285e-02
-9.828365426608507427e-01 -1.771033803129050954e-01 5.164080460730638422e-02
-9.841297177822365683e-01 -1.680844966251537065e-01 5.688893212721094633e-02
-9.843399815187706681e-01 -1.660905481090703961e-01 5.906590115207346198e-02
-9.857632829307682032e-01 -1.573870414261990258e-01 5.916180598548750891e-02
-9.871267644479440051e-01 -1.472755560054575807e-01 6.237557048005943489e-02
-9.888254190807678201e-01 -1.334984435334180541e-01 6.635139011424796840e-02
-9.907444479609116561e-01 -1.183320506844528497e-01 6.650575495089501576e-02
-9.918253188140410126e-01 -1.115005738796238099e-01 6.205005756555213164e-02
-9.928065845659445054e-01 -1.034550331281220842e-01 6.026767297805046136e-02
-9.936201269556923510e-01 -9.537758637668328210e-02 6.018479847385553583e-02
-9.951078716511170263e-01 -8.287614677314036893e-02 5.377655762661966848e-02
-9.954527244992197321e-01 -7.963671771274782873e-02 5.226773883376233110e-02
-9.965131467807786247e-01 -6.820388674239935556e-02 4.806066717928180604e-02
-9.970614736852146942e-01 -5.695089805290948215e-02 5.123536386493117434e-02
-9.974167840829920584e-01 -4.926341038233989639e-02 5.227738368756356530e-02
-9.978446549335372451e-01 -4.493851186023953975e-02 4.781866001880967498e-02
-9.983158019083243628e-01 -3.879886272180437662e-02 4.313069955861809773e-02
-9.983839026105841841e-01 -3.828724767207705021e-02 4.199665471098567443e-02
-9.987495207144438947e-01 -2.968990018086740262e-02 4.022379839676006041e-02
-9.988318151036587045e-01 -2.438374306685395926e-02 4.171915075411750801e-02
-9.989194043581779425e-01 -2.020062471941608262e-02 4.185699087952414466e-02
-9.990804211294179726e-01 -1.395061689271577532e-02 4.054308438325126412e-02
-9.991143363970335090e-01 -7.731415945263251516e-03 4.136202776599699760e-02
-9.991850947359673940e-01 3.107507968083754457e-03 4.024349805741456176e-02
-9.994272778377564226e-01 6.463417048840377870e-03 3.321731023902343982e-02
-9.993717029515689632e-01 1.530403602892171575e-02 3.196928127423712129e-02
-9.993502090995446396e-01 1.885215295941429850e-02 3.072140946963898209e-02
-9.992247904471696085e-01 1.960079167108460044e-02 3.414200125833950772e-02
-9.989188665842455572e-01 2.856617000643179444e-02 3.667589359861493647e-02
-9.988215625333836112e-01 2.794584187918955354e-02 3.968079379115443256e-02
-9.985588879575766352e-01 3.428137381679417783e-02 4.129145188794831195e-02
-9.983647876447575564e-01 3.813162933589158560e-02 4.258848426466179532e-02
-9.978183133766760360e-01 4.982227330135588494e-02 4.331747901843740339e-02
-9.973628268690785115e-01 5.786709590350683219e-02 4.380456860197157187e-02
-9.966507931553201249e-01 6.954376843305022649e-02 4.302220527691494323e-02
-9.961882768509985331e-01 7.638235045328423123e-02 4.212722368651884014e-02
-9.961325606699017454e-01 7.990666999149526051e-02 3.653621439742182203e-02
-9.955284854938606376e-01 8.772394387005608141e-02 3.503702994587047648e-02
-9.953150339547616188e-01 9.052864437712654366e-02 3.394991827314319116e-02
-9.945817576014436279e-01 9.991180938218489904e-02 2.871944535964530976e-02
-9.949158445120781513e-01 9.696290941684315712e-02 2.721590166509311320e-02
-9.947270893834933014e-01 9.783287572633803109e-02 3.077003208459156564e-02
-9.940728097904241167e-01 1.046336496918071624e-01 2.951435126643954521e-02
-9.932570147481385447e-01 1.119370120973533916e-01 3.017708957519693244e-02
-9.926620995739963149e-01 1.146816517212568554e-01 3.834219278991041202e-02
-9.924118184502669360e-01 1.166701699043551088e-01 3.881884828806675403e-02
-9.909510128157592579e-01 1.278277745441319946e-01 4.094141268583469107e-02
-9.897943416006458328e-01 1.361033925682046120e-01 4.222649567632400652e-02
-9.892284289943404918e-01 1.400600071424369375e-01 4.254831079367595026e-02
-9.877294770232508681e-01 1.498480292782444212e-01 4.400110843740624722e-02
-9.865820018203053099e-01 1.581264589262291187e-01 4.064511992498305581e-02
-9.854786269436511814e-01 1.663159940269140769e-01 3.421863319475290655e-02
-9.846966881785911285e-01 1.703929378927067639e-01 3.658863200142693783e-02
-9.839126258272218317e-01 1.745798263491650237e-01 3.791936127025798825e-02
-9.833700164564893598e-01 1.772384163326963524e-01 3.962326996364059356e-02
-9.821102957264303823e-01 1.833490700181752142e-01 4.292475833214759451e-02
-9.807031821508261915e-01 1.921029055339603941e-01 3.630139373666624314e-02
-9.792174226259077185e-01 2.001200296658513789e-01 3.294331072439857233e-02
-9.778464304832875653e-01 2.061611392250589925e-01 3.624902593508622789e-02
-9.764568448635645437e-01 2.115750194300757836e-01 4.204866687000127778e-02
-9.743899191899074719e-01 2.207152627493658703e-01 4.300124778415791160e-02
-9.724672219479136848e-01 2.287782513693231434e-01 4.436285801600059475e-02
-9.710812689718794077e-01 2.359819572738749982e-01 3.624546838566516938e-02
-9.699343481255225941e-01 2.411511774609437220e-01 3.276459824325412412e-02
-9.673147082184412326e-01 2.515279079092376247e-01 3.218719810053835562e-02
-9.664233252258913609e-01 2.553553500568304102e-01 2.862953867588766826e-02
-9.644069778723540765e-01 2.633899679515306347e-01 2.334426121763509554e-02
-9.627084438313944226e-01 2.696760247881849204e-01 2.161810552391704721e-02
-9.631849209032465886e-01 2.681593543764659859e-01 1.911589645936352319e-02
-9.626865656774884483e-01 2.701966995051112708e-01 1.511186490161955595e-02
-9.600802504556364969e-01 2.795148606875629271e-01 1.083529478289173634e-02
-9.588595661972462159e-01 2.838167484426885046e-01 6.036045746027551666e-03
-9.608797951980064811e-01 2.769451983799993688e-01 3.380029306673181314e-03
-9.606238285546222500e-01 2.778498519833985658e-01 1.169650078851874192e-03
-9.598808350945574608e-01 2.804083105125949604e-01 -1.004392819223714258e-04
-9.599688937919437226e-01 2.801064040440964797e-01 4.167004983499628503e-04
-9.602217793102596488e-01 2.792297196380820745e-01 -2.224073567804084155e-03
-9.596411794554325914e-01 2.812136815525287936e-01 -2.778540219537279331e-03
-9.598689621123014382e-01 2.804244687818298054e-01 -3.706908667412212380e-03
-9.593300884426902986e-01 2.820861920367874198e-01 -1.064001629743509952e-02
-9.602284821710100893e-01 2.789591056281137682e-01 -1.196359981075529808e-02
-9.614016293016106607e-01 2.747923440982917853e-01 -1.400439699270801183e-02
-9.616798906300600969e-01 2.734980421135387307e-01 -1.925246178002561898e-02
-9.628667006167680453e-01 2.688737623293823709e-01 -2.438575942516670036e-02
-9.639896329220417615e-01 2.648869092267124303e-01 -2.364236494826845933e-02
-9.663199257496223327e-01 2.558646623495939298e-01 -2.755221064551254678e-02
