1.000000000000000000e+00 0.000000000000000000e+00 0.000000000000000000e+00
9.999415424226062443e-01 1.108844557477824209e-03 -1.075557576577149468e-02
9.998392147131411889e-01 7.874635742319028783e-04 -1.791437636520897686e-02
9.998015956605177390e-01 7.720668668022817593e-03 -1.836194037856203956e-02
9.997509204465631072e-01 9.804240156046514776e-03 -2.004929526748350926e-02
9.994963283554342270e-01 1.087797868773023903e-02 -2.981207268576147734e-02
9.992954516092737993e-01 1.801097726512708094e-02 -3.292727868207067504e-02
9.990095071583863229e-01 2.757116193019127151e-02 -3.492615498871724788e-02
9.985276472190948160e-01 3.272901147508160136e-02 -4.325910928751371121e-02
9.982063605783270122e-01 4.101628773362932245e-02 -4.360879312552912168e-02
9.974648510449624084e-01 5.130127025894806736e-02 -4.931583783552079270e-02
9.967534422991101151e-01 6.186530964628514373e-02 -5.152921620562222332e-02
9.962092342157331526e-01 6.862926181062456443e-02 -5.345266623675693635e-02
9.948495085579135422e-01 7.758849615781207576e-02 -6.522639913236240317e-02
9.934680354104155064e-01 9.022057765720392641e-02 -6.986782475095709710e-02
9.923023208633343639e-01 9.835619984466750787e-02 -7.524735934647394653e-02
9.903856826312841255e-01 1.116931208557174482e-01 -8.161403016763599250e-02
9.883630869633696081e-01 1.250846021659227925e-01 -8.655781277651995731e-02
9.862108685709014555e-01 1.363310473909632170e-01 -9.381883171709147484e-02
9.832504316225673113e-01 1.539582593826667178e-01 -9.754716356707787694e-02
9.812612126852336969e-01 1.632183799440388161e-01 -1.024021447373103522e-01
9.776583560547447149e-01 1.836700895928547739e-01 -1.022225186237121081e-01
9.731725199647727198e-01 2.021181173592419833e-01 -1.099250709406227183e-01
9.689847118155444639e-01 2.194199626737281250e-01 -1.136816465061072923e-01
9.654455597554312263e-01 2.336081271868788722e-01 -1.155081072865718761e-01
9.609339220643785540e-01 2.500128971386051946e-01 -1.187415586864804112e-01
9.543013973620049217e-01 2.694693686322801041e-01 -1.292095673825982283e-01
9.478440010408217820e-01 2.885180561982210734e-01 -1.354588198117429587e-01
9.400111035206738519e-01 3.136340320510367374e-01 -1.342118836738011300e-01
9.325668932187637372e-01 3.334601866300578865e-01 -1.382870373931717467e-01
9.231166707751063960e-01 3.556064887760887472e-01 -1.462861911360612277e-01
9.145981346869388462e-01 3.770038639878237618e-01 -1.462133748729480820e-01
9.060761420939320576e-01 3.964219060536480765e-01 -1.479043940659469925e-01
8.966010857271060619e-01 4.157841360942583497e-01 -1.524141023716838184e-01
8.869353948003412258e-01 4.362065516696592149e-01 -1.518863489350571472e-01
8.757163033236685656e-01 4.575960106454519116e-01 -1.540352577719033556e-01
8.639346588809427852e-01 4.787789200635152453e-01 -1.561655043701088430e-01
8.515556218744723127e-01 4.982146347772784534e-01 -1.632029904304000412e-01
8.338991041963850215e-01 5.261492301033147134e-01 -1.666711986174636562e-01
8.211578096167895247e-01 5.453442274606398188e-01 -1.682246776869782134e-01
8.067068931951517641e-01 5.662646063749915415e-01 -1.690218950543483367e-01
7.914070192625898281e-01 5.868254496616353011e-01 -1.712040849410844945e-01
7.742930236736624838e-01 6.091436318718281839e-01 -1.715061702966888535e-01
7.551886692038023430e-01 6.338882334354613013e-01 -1.669604679008653003e-01
7.350970181484148824e-01 6.567283464662418968e-01 -1.683456842575807022e-01
7.183649908590543642e-01 6.751775234644794565e-01 -1.675919690694263886e-01
6.991187892384228553e-01 6.961619753972330127e-01 -1.630688145053243721e-01
6.813265231545900802e-01 7.144610658795699232e-01 -1.591840741429484951e-01
6.573067856851266821e-01 7.365113152678962605e-01 -1.596837100021643863e-01
6.381732269886525311e-01 7.533733876386181638e-01 -1.586300293676713435e-01
6.198259932804466299e-01 7.672911686092084294e-01 -1.645600699322767591e-01
5.978312489483301739e-01 7.846934763933435253e-01 -1.638717844883948727e-01
5.751935169848108043e-01 8.022323112583458204e-01 -1.599242091588091164e-01
5.556198927519481190e-01 8.156990144718381242e-01 -1.610020759145814884e-01
5.318104350433081606e-01 8.306100148708515096e-01 -1.651201995248343657e-01
5.082208446614182584e-01 8.440735805475509945e-01 -1.710303462057564394e-01
4.854593270458119614e-01 8.563802525885308992e-01 -1.759037238276340565e-01
4.670774637808030594e-01 8.671224459477158142e-01 -1.730240497868965333e-01
4.417036315964852911e-01 8.797533248307249920e-01 -1.758749682524264057e-01
4.208598190550968954e-01 8.908687015724366942e-01 -1.709677880229660274e-01
4.021887456071367994e-01 8.987741755024667434e-01 -1.744970186475637286e-01
3.778142314224427478e-01 9.101190291335408133e-01 -1.701169440250105414e-01
3.586496810375937039e-01 9.186025714321591762e-01 -1.659510095723074896e-01
3.328622043778607931e-01 9.275966794588078601e-01 -1.696088708919973598e-01
3.041076753255234633e-01 9.367499432031446416e-01 -1.732572697009298057e-01
2.812259554617099755e-01 9.447567435251488233e-01 -1.683647039289335179e-01
2.513069715683227123e-01 9.538567467480292272e-01 -1.643232443575980972e-01
2.271317607121826898e-01 9.603044764865280580e-01 -1.619459523824522407e-01
2.008295097737323731e-01 9.659644444096595617e-01 -1.630344008235335984e-01
1.782747737921693276e-01 9.705191341147635375e-01 -1.622058292410684388e-01
1.586636927355400961e-01 9.745819814942718873e-01 -1.581638702721997747e-01
1.321378385270442490e-01 9.794139090095999034e-01 -1.526040693326514153e-01
1.123133675759718231e-01 9.817377388156544038e-01 -1.535471756531160692e-01
8.879843136414408700e-02 9.845474005762022696e-01 -1.509346540363794287e-01
6.262049708631266254e-02 9.871935107115344943e-01 -1.467230759257593387e-01
4.098597209952249687e-02 9.879753385495837481e-01 -1.490801652140721911e-01
1.656549364591545365e-02 9.890144630314352536e-01 -1.468876827366965010e-01
-4.043303564395386157e-03 9.892224687080996004e-01 -1.463645246109908371e-01
-2.891022912211611146e-02 9.889107720576120197e-01 -1.456698273612681005e-01
-5.608516774194181875e-02 9.878111451023477985e-01 -1.452019646320885649e-01
-7.214332059419464871e-02 9.871232871567606759e-01 -1.427689469561693736e-01
-9.307153111178674554e-02 9.857178295236870280e-01 -1.403497981484715107e-01
-1.110722415415350134e-01 9.844597231948126748e-01 -1.360221511070554279e-01
-1.300474539682641983e-01 9.822366583228683279e-01 -1.352731376580432465e-01
-1.486789877024017603e-01 9.791706796498983456e-01 -1.382727515729879064e-01
-1.662726198625641971e-01 9.768105478725761515e-01 -1.348873027023028970e-01
-1.845344230785640194e-01 9.734731511119248948e-01 -1.352667207642084257e-01
-2.039188384708242596e-01 9.703907368958069046e-01 -1.294563278298708764e-01
-2.251988209685170661e-01 9.660209292893711108e-01 -1.268427015761108834e-01
-2.418634349670274741e-01 9.625071234459064984e-01 -1.228093314292929006e-01
-2.603831504497012839e-01 9.581335473499139610e-01 -1.190828984698817095e-01
-2.764953103090492248e-01 9.532489327790070188e-01 -1.219296184448706022e-01
-2.916244076175248390e-01 9.482820615010995047e-01 -1.253648804492279445e-01
-3.068663342643082048e-01 9.433938143378226560e-01 -1.258617515651669905e-01
-3.219442153459590727e-01 9.379809772430349746e-01 -1.286220247039636666e-01
-3.384707313588766753e-01 9.323553406128641807e-01 -1.270869760787358971e-01
-3.528480712156489840e-01 9.265593214140850353e-01 -1.303306547046295671e-01
-3.698805976303520815e-01 9.198848144524454096e-01 -1.303851550141636728e-01
-3.871261428018108464e-01 9.123967638420277249e-01 -1.329116705434835455e-01
-4.027413568180586156e-01 9.061737683687804967e-01 -1.290291388266930073e-01
-4.145091679809710938e-01 9.012550153674013798e-01 -1.261806826294887829e-01
-4.306512105525500123e-01 8.940240206766171260e-01 -1.235338136736502251e-01
-4.509577711110784870e-01 8.834284675945269782e-01 -1.272448374658849413e-01
-4.611849970391643239e-01 8.775878848146217992e-01 -1.309500673906947021e-01
-4.742884405721201624e-01 8.690675804033909380e-01 -1.406130577525701308e-01
-4.925600679566632945e-01 8.577421034832555247e-01 -1.471838277719105248e-01
-5.081589848161389700e-01 8.476640880141633749e-01 -1.524468950843101411e-01
-5.260367145358690877e-01 8.359252119989997176e-01 -1.565708472254081218e-01
-5.457670561627115946e-01 8.222351122743779550e-01 -1.614551192100368848e-01
-5.607949923890083177e-01 8.107127751894742662e-01 -1.680886286471239832e-01
-5.806845215385498804e-01 7.967765618374456071e-01 -1.671903448481038279e-01
-6.029551449941473740e-01 7.795034557540192477e-01 -1.697629813060578252e-01
-6.186681552049422272e-01 7.661621804855113238e-01 -1.739115886782356124e-01
-6.365691740187339187e-01 7.516012501409532476e-01 -1.728446158085560069e-01
-6.540100249957622180e-01 7.357267493970849337e-01 -1.760029856858155439e-01
-6.721601107989519930e-01 7.184203731678520111e-01 -1.790892688507360331e-01
-6.913713244742787367e-01 6.993578850270373293e-01 -1.813952970492984096e-01
-7.132266391722107413e-01 6.767653897895893333e-01 -1.824729616668336329e-01
-7.332676757419166469e-01 6.538580130539143331e-01 -1.865160276635105252e-01
-7.513244625679158517e-01 6.309871924373373631e-01 -1.933047589308870828e-01
-7.706922744889570520e-01 6.072874976008223458e-01 -1.929645775905732552e-01
-7.893046955183614655e-01 5.824123580014206603e-01 -1.944066815132573234e-01
-8.086635940547430845e-01 5.570650003328021516e-01 -1.890549948284999948e-01
-8.239109736462175704e-01 5.355260208063309380e-01 -1.854254610709307749e-01
-8.362621968269614570e-01 5.155420844659661661e-01 -1.867669950374527821e-01
-8.469064943748940699e-01 4.985027317072632247e-01 -1.850525041332724274e-01
-8.599645655065869532e-01 4.769709214510018946e-01 -1.815480610141134987e-01
-8.723613388051717488e-01 4.547671443974993233e-01 -1.793670840153748780e-01
-8.840190790557900247e-01 4.334746622989030795e-01 -1.749571265748685323e-01
-8.945305297491080720e-01 4.118562387582064277e-01 -1.737514919027421112e-01
-9.056994492490532123e-01 3.901274010286657767e-01 -1.658587604112721492e-01
-9.148375192250153276e-01 3.691110673181644541e-01 -1.637966515110713395e-01
-9.225020464180619939e-01 3.518903732207536161e-01 -1.586289649772011645e-01
-9.306632853657117455e-01 3.333548273517898397e-01 -1.507992595963641713e-01
-9.360912915039174553e-01 3.165462944833872250e-01 -1.533999548850599748e-01
-9.415499796838041613e-01 3.004923737234734826e-01 -1.522759920458828242e-01
-9.467064544492094225e-01 2.852756650997371746e-01 -1.495482949048926313e-01
-9.520622549327035777e-01 2.703306252180129876e-01 -1.431741022233264660e-01
-9.565104540563543756e-01 2.566948287402842643e-01 -1.385479105146391332e-01
-9.607316722785665952e-01 2.406197660807480321e-01 -1.381911333565043754e-01
-9.657513976440939008e-01 2.240573531004729779e-01 -1.308531497244121711e-01
-9.696684716821822869e-01 2.068680175742365068e-01 -1.301871139798460031e-01
-9.740737038798865655e-01 1.899015693233467028e-01 -1.229545417077963221e-01
-9.779409358458801549e-01 1.712707406853690995e-01 -1.195736790515289222e-01
-9.814234167703799194e-01 1.516265281750421301e-01 -1.175477693269057766e-01
-9.836801568539362828e-01 1.374878895623451447e-01 -1.160621999422542933e-01
-9.863754503459306600e-01 1.223579933444483153e-01 -1.099636182432358333e-01
-9.888629221980240747e-01 1.053724603446715979e-01 -1.051036154350785123e-01
-9.908688499770754721e-01 9.342722402770370360e-02 -9.721254868556958306e-02
-9.925162282701793792e-01 8.097514864399776857e-02 -9.140331032255580301e-02
-9.932940486887724685e-01 7.236600256212477600e-02 -9.016705399840296842e-02
-9.949042351567508602e-01 5.920526165310706357e-02 -8.161067235506927475e-02
-9.955750761739505794e-01 5.389394395543611188e-02 -7.697864886176898624e-02
-9.958968190069564796e-01 5.096602197438406673e-02 -7.477962516611739996e-02
-9.964864781486115763e-01 4.597451078567033750e-02 -7.000746271886788830e-02
-9.974344521968582233e-01 3.581631762855796985e-02 -6.198149883300926866e-02
-9.980208599191746632e-01 3.151901105500095474e-02 -5.441430173841972640e-02
-9.983520177189860734e-01 2.424655151560750621e-02 -5.201302211549870685e-02
-9.987543702241592491e-01 1.947402749735356597e-02 -4.593986278175916926e-02
-9.990468927081717077e-01 2.091181841743606357e-02 -3.831452630118410696e-02
-9.994161595986795765e-01 1.395198234567908077e-02 -3.118786316215019921e-02
-9.997142214414862504e-01 4.113873192264935405e-03 -2.354892327672761243e-02
-9.995769697540437537e-01 4.008013327105187061e-03 -2.880655642666782312e-02
-9.994625072223672912e-01 1.037853719811602290e-03 -3.276613948185464614e-02
-9.995491071534167160e-01 -5.600158006682164416e-03 -2.949950513668320867e-02
-9.996571456149476731e-01 -1.167648854817604151e-02 -2.343610693680235960e-02
-9.996084833446546858e-01 -1.430034460097883917e-02 -2.404954157124568684e-02
-9.994858194556466291e-01 -1.818923500342910921e-02 -2.640546883398295699e-02
-9.995528443866779078e-01 -1.868840168004757760e-02 -2.334213497771892368e-02
-9.997508585792526103e-01 -1.510591361078890589e-02 -1.643266892947838065e-02
-9.997960303873321131e-01 -1.360401525464128604e-02 -1.492745358386514919e-02
-9.997497709503068153e-01 -1.724609668817773250e-02 -1.424668729470858312e-02
-9.996327645516174254e-01 -2.137897796491285141e-02 -1.665160194348737702e-02
-9.996702950804287058e-01 -2.014950267787790628e-02 -1.591537606228228541e-02
-9.994934075122823280e-01 -2.908433833590322315e-02 -1.292400525362387073e-02
-9.993453875810820453e-01 -3.468543598092566072e-02 -1.028187952461553228e-02
-9.993822030560967073e-01 -3.330005605504123695e-02 -1.123915759033632285e-02
-9.994031084719117164e-01 -3.373323504556005603e-02 -7.449551621063981929e-03
-9.993797954195445810e-01 -3.486813877090163410e-02 -4.923166191382206611e-03
-9.993153721018311897e-01 -3.542930985341374850e-02 -1.065604497379969012e-02
-9.991495240713572645e-01 -4.049511296046273690e-02 -7.770099215190129534e-03
-9.990827684282366228e-01 -4.223430595857379649e-02 -7.062951988979449154e-03
-9.987050300307870332e-01 -4.955271513736364541e-02 -1.152352708424934230e-02
-9.985276329097230175e-01 -5.367557358306362936e-02 -7.842148412176043470e-03
-9.983546642375668023e-01 -5.712283985603255204e-02 -4.994564072990573603e-03
-9.981115732058823964e-01 -6.090667153054660915e-02 -7.979033551105699229e-03
-9.979798749039185957e-01 -6.221540133538434880e-02 -1.286131222729095316e-02
-9.978727015486072993e-01 -6.382438625833811163e-02 -1.328606250913339643e-02
-9.974269006221218037e-01 -6.895487285173143577e-02 -1.961641887095502343e-02
-9.975462808471259324e-01 -6.710312434535541104e-02 -1.996468704703127997e-02
-9.970682126518032318e-01 -7.507017471454029145e-02 -1.481378956534395649e-02
-9.970144851618057968e-01 -7.624636026472239592e-02 -1.219053255473310539e-02
-9.971210656777020898e-01 -7.502404073791636707e-02 -1.099881222271799526e-02
-9.974795125640498750e-01 -7.059827069658612675e-02 -7.106791002671104113e-03
-9.975236057584166982e-01 -7.028871467941429085e-02 -2.480495937414129055e-03
-9.976541043637929818e-01 -6.839657295610254706e-02 -2.863069804768710210e-03
-9.977300786111702458e-01 -6.720477564899940415e-02 -4.267162489279568809e-03
-9.977447651042293808e-01 -6.702693987830835032e-02 -3.573982347603501825e-03
-9.979452250120748324e-01 -6.406469071579815044e-02 1.021612317544404267e-03
-9.980198719594109980e-01 -6.278544186229222113e-02 3.784694126738456874e-03
-9.980979769964863912e-01 -6.129237830778380691e-02 6.608566961408959134e-03
-9.983265634868597749e-01 -5.734010026126618725e-02 7.495734089114407250e-03
-9.982599614517390085e-01 -5.895006011419762215e-02 1.392965304530618953e-03
-9.980935619686159832e-01 -6.171753766319655610e-02 -4.332861703905447302e-04
-9.980850933597631425e-01 -6.184994796078971402e-02 -8.549772448854370526e-04
-9.981706162142249816e-01 -6.043161851914990307e-02 -1.855004042270319781e-03
-9.982074037450605619e-01 -5.983570453167517261e-02 -1.291590063070465963e-03
-9.980608207886545458e-01 -6.221974196302325344e-02 -1.817237726512984947e-03
-9.980430652101776046e-01 -6.249872414948629690e-02 -1.987486401929999813e-03
-9.979630209079426439e-01 -6.367731996585046517e-02 -3.874076838667690585e-03
-9.979357222342631895e-01 -6.407194333811994102e-02 -4.368182299859246775e-03
-9.982949977664414831e-01 -5.763528428100045398e-02 -9.234272532824914365e-03
-9.982530955591064625e-01 -5.889719764792151341e-02 -4.677353396284128322e-03
-9.979594436740489849e-01 -6.374310283035579394e-02 -3.710243458964652095e-03
-9.980243009260053588e-01 -6.271856568586625658e-02 -3.725125846742415037e-03
-9.976790768162250300e-01 -6.795883395044097219e-02 -4.249337242213376692e-03
-9.978092143106234158e-01 -6.545486581134708770e-02 -9.614184338360594329e-03
-9.979612858836480749e-01 -6.374088997764085218e-02 -3.220415446694750543e-03
-9.978299379333653851e-01 -6.550430524525167886e-02 -6.678415161308264535e-03
-9.976825261391661925e-01 -6.748886624893150887e-02 -8.650449390516316492e-03
-9.977335238872204748e-01 -6.651409376694020215e-02 -1.018287510767914086e-02
-9.974658026235748709e-01 -7.064674777000744255e-02 -8.426733529318617202e-03
-9.969729097435179321e-01 -7.756424351725393906e-02 -5.367063659811620313e-03
-9.972158535160104975e-01 -7.449857404076795642e-02 -3.240988280276112417e-03
-9.969748430917696469e-01 -7.771503862182446709e-02 -1.238957980392931934e-03
-9.972640639916569016e-01 -7.383676867240797359e-02 3.538136452500005667e-03
-9.971897391301379754e-01 -7.489389466337224854e-02 1.878530318421226452e-03
-9.973310992745705317e-01 -7.278673080464800882e-02 5.724549174704149368e-03
-9.971176417970829542e-01 -7.544854122622271508e-02 7.995388293210095934e-03
-9.969562690267667060e-01 -7.740785319862548974e-02 9.285585274054670296e-03
-9.967514119338473089e-01 -7.938571901010646470e-02 1.358420370924945907e-02
-9.969215957380003212e-01 -7.700580662409392541e-02 1.474577458859436911e-02
-9.971227529159799596e-01 -7.406161926587551125e-02 1.615835268079214918e-02
-9.974237310451355976e-01 -6.938872850296202988e-02 1.819630112309364445e-02
-9.975780266541948160e-01 -6.692296454699259156e-02 1.895779098740210319e-02
-9.976032350506922608e-01 -6.571970417728649483e-02 2.164962427246863372e-02
-9.977612512053156690e-01 -6.316034013618207488e-02 2.198311545008797829e-02
-9.978653018792943419e-01 -5.990576365455775598e-02 2.600267693049489182e-02
-9.979086290190214426e-01 -5.796388104972050731e-02 2.861043630959736461e-02
-9.985599775647889809e-01 -4.703512983713805523e-02 2.580054122638490363e-02
-9.984024309327697022e-01 -4.700713472475499116e-02 3.135148133550458988e-02
-9.987793258483255165e-01 -4.068178130866103442e-02 2.801519261092688673e-02
-9.988366688209945332e-01 -4.020958373598321201e-02 2.661763486190553765e-02
-9.987109201328663310e-01 -4.539386220552817097e-02 2.271333190183244186e-02
-9.991037792156747255e-01 -3.832001544235625473e-02 1.797817083536594474e-02
-9.991474755681182263e-01 -3.686961555909102489e-02 1.857292047482085942e-02
-9.990285931153228827e-01 -3.823822356737987399e-02 2.190224367102519901e-02
-9.991952077995857051e-01 -3.656028469106516188e-02 1.650097499487652303e-02
-9.991239913032785580e-01 -3.771066354490001937e-02 1.814264923076936917e-02
-9.991189207036670350e-01 -3.917496356582376993e-02 1.505670685729796482e-02
-9.992491618978672774e-01 -3.520315515473244200e-02 1.618178734573961705e-02
-9.993917766831399430e-01 -3.283463676043149593e-02 1.174577284309336056e-02
-9.994773205893133783e-01 -3.006377768595499753e-02 1.188506435693778909e-02
-9.994491823669060526e-01 -3.144622705960235798e-02 1.060502426548699979e-02
-9.994626339659617997e-01 -3.243437448892015629e-02 4.738628596128145049e-03
-9.995719411318384484e-01 -2.855709800669532436e-02 6.358193711645457671e-03
-9.997299591289164900e-01 -2.114365459707601841e-02 9.641308119453437936e-03
-9.997061322457095889e-01 -2.350781597218904242e-02 5.918779111371940196e-03
-9.997714570453545280e-01 -1.974936099220066937e-02 8.185151245699909955e-03
-9.998441875454567862e-01 -1.641014777065276029e-02 6.504454408696090650e-03
-9.998035920248058428e-01 -1.964263858748069996e-02 2.635237934692959659e-03
-9.998118075649943259e-01 -1.935945672673658122e-02 -1.249500506537758963e-03
-9.997782319455176259e-01 -2.092894018324130065e-02 2.338101065194908047e-03
-9.998377185007834012e-01 -1.801450663229123630e-02 -1.204160706271199636e-04
-9.998853046985911597e-01 -1.513359758238950678e-02 5.932678758011584530e-04
-9.998639706851484288e-01 -1.638394611883257912e-02 -1.899142883574620085e-03
-9.998530538968805059e-01 -1.679797271490044569e-02 -3.420386168877850158e-03
-9.998102821308478827e-01 -1.933946335206212369e-02 -2.320599528449321207e-03
-9.997424327296811075e-01 -2.230987147857491429e-02 -4.163908974111250882e-03
-9.998229379228181779e-01 -1.878309290191827047e-02 1.135188358332051180e-03
-9.997556878782998258e-01 -2.205457666531212071e-02 -1.469926236552691369e-03
-9.997624417989569023e-01 -2.129034770492773537e-02 -4.667070917183472993e-03
-9.994730985703024206e-01 -2.964394049715383603e-02 -1.321980071100814502e-02
-9.993915342983165084e-01 -3.273527883177176911e-02 -1.204008967614072015e-02
-9.992272027579144345e-01 -3.638328570104528564e-02 -1.487464060635216093e-02
-9.991027597707167196e-01 -3.987338570901474699e-02 -1.427549161127431021e-02
-9.989551064792947521e-01 -4.410582402288948378e-02 -1.197382691931194940e-02
-9.988214255058379676e-01 -4.673020958981331102e-02 -1.311672550541972265e-02
-9.986487043179490541e-01 -4.962708244882403641e-02 -1.542462760322391158e-02
-9.986553280988692549e-01 -4.911867969576869108e-02 -1.657986868909445619e-02
-9.987451710477140976e-01 -4.873161709754609411e-02 -1.154616473580934860e-02
-9.985753946203400622e-01 -5.148979415429246614e-02 -1.399941013956262220e-02
-9.984550716164756201e-01 -5.237001980109729643e-02 -1.857019550197775218e-02
-9.983699264611399782e-01 -5.163986692050151484e-02 -2.430669167724451574e-02
-9.984358653988818499e-01 -5.195975597294304194e-02 -2.063995219815419058e-02
-9.984359844135223261e-01 -5.240554218539460879e-02 -1.947422294002536941e-02
-9.976793012594722398e-01 -6.427009600095928699e-02 -2.248039472335585168e-02
-9.976508115876697724e-01 -6.331524517882052006e-02 -2.615414742814145890e-02
-9.976154777707402221e-01 -6.458366716289579146e-02 -2.433741979289456847e-02
-9.973548001235791327e-01 -6.937442441433606943e-02 -2.169316353987211024e-02
-9.970635181548290760e-01 -7.256928441950839803e-02 -2.445488150698833102e-02
-9.965701919144102083e-01 -7.804716445813345005e-02 -2.750444325120254829e-02
-9.960035970384181203e-01 -8.574895452475719826e-02 -2.497905314338675492e-02
-9.953391109615582488e-01 -9.345332333562966776e-02 -2.380193512593089047e-02
-9.949503312873825278e-01 -9.666267832592177756e-02 -2.702159350726072995e-02
-9.940411796759591745e-01 -1.055164787376291630e-01 -2.735703667800608307e-02
-9.940463333778795096e-01 -1.054400484925767101e-01 -2.746424774863856152e-02
-9.937380729270518520e-01 -1.087914713510766129e-01 -2.547665162523782972e-02
-9.931649851318403721e-01 -1.144340028323873049e-01 -2.298201310067247288e-02
-9.923523254569560637e-01 -1.202283403963325253e-01 -2.796444503654064995e-02
-9.915674711153692478e-01 -1.267435215641825597e-01 -2.701910019190013890e-02
-9.914427996473725857e-01 -1.282041646831593995e-01 -2.459408433533320434e-02
-9.908069743369256610e-01 -1.336285419744320246e-01 -2.109393592960587260e-02
-9.904431200964163295e-01 -1.368837031966910756e-01 -1.689021396494267552e-02
-9.899681453243368567e-01 -1.402177202340814943e-01 -1.737998441972989083e-02
-9.889878387587480724e-01 -1.476975675818248124e-01 -9.406617324258360543e-03
-9.887586499422764685e-01 -1.490466992302808269e-01 -1.189179418225934197e-02
-9.881935104508161594e-01 -1.524334353029092037e-01 -1.541541401815760964e-02
-9.880932946050940968e-01 -1.532410791751182277e-01 -1.374096432782291252e-02
-9.882337768377630338e-01 -1.528365244697937608e-01 -5.916119418246872097e-03
-9.883010264590512683e-01 -1.522931276386614297e-01 -8.239280267391804746e-03
-9.888429440365323897e-01 -1.488960060839547295e-01 -4.428647402596132612e-03
-9.885041030354223546e-01 -1.511527645237774053e-01 -3.532926284791786109e-03
-9.881493364451153782e-01 -1.533866192409731599e-01 -5.782339855867730041e-03
-9.882410396520329154e-01 -1.526904912050756069e-01 -8.078549972107424912e-03
-9.881120408544353806e-01 -1.535116625884131725e-01 -8.292508423172650217e-03
-9.878991505167162845e-01 -1.549163727608628138e-01 -7.495824107256276667e-03
-9.875617164741579135e-01 -1.571606621462277309e-01 -4.731167711818820565e-03
-9.882296252727482688e-01 -1.529675171969419323e-01 -1.774268793814527852e-03
-9.890871909557923392e-01 -1.473313237363905737e-01 -1.067428121549001373e-04
-9.884933973158748222e-01 -1.512601526795952778e-01 1.082269787364437390e-03
-9.890253296113893366e-01 -1.476411773985482623e-01 5.566141898700182125e-03
-9.889047847386582824e-01 -1.480783906670661287e-01 1.183717780520615083e-02
-9.898059173849056425e-01 -1.417149742352514508e-01 1.418146239918414292e-02
-9.898733726347721529e-01 -1.410767920013331900e-01 1.574950179456600236e-02
-9.903489790500515921e-01 -1.374676723826167846e-01 1.765051450115015172e-02
-9.908229019387657655e-01 -1.342083586464997425e-01 1.606534720542079561e-02
-9.920466473085509662e-01 -1.250051841173937250e-01 1.473619268750313467e-02
-9.920248249153692521e-01 -1.251056551975746889e-01 1.534026259687665088e-02
-9.929461543084924235e-01 -1.172148183283637096e-01 1.785001376282191812e-02
-9.930929125457272910e-01 -1.157935525136900845e-01 1.892940156978604668e-02
-9.935644251371167357e-01 -1.119208353577979542e-01 1.742015062246968227e-02
-9.939422377375950468e-01 -1.084456670807662781e-01 1.784284946987652401e-02
-9.941704307527271522e-01 -1.065943526184355006e-01 1.621112369171182066e-02
-9.944938162174602470e-01 -1.027652337934424759e-01 2.052701209012101902e-02
-9.952095492613073358e-01 -9.518878794467008908e-02 2.229461384978444552e-02
-9.955226071855527437e-01 -9.240873282508670072e-02 1.988383127538635720e-02
-9.956411606590291896e-01 -9.125262517324259082e-02 1.927795793186230788e-02
-9.956369149035836363e-01 -9.125550226274070642e-02 1.948253190891209227e-02
-9.960183184630602149e-01 -8.681125292537514304e-02 2.028096987442632587e-02
-9.963611424351023205e-01 -8.252933848800682315e-02 2.129282223570216556e-02
-9.965209418749441106e-01 -7.978764658563469725e-02 2.408206900378885920e-02
-9.965507839608369611e-01 -8.016510509851634825e-02 2.144978121618245151e-02
-9.970941984127726920e-01 -7.172160213338824031e-02 2.567437737352046973e-02
-9.972897970374896559e-01 -6.836156284756239598e-02 2.719852705760230152e-02
-9.973029900734440290e-01 -6.849694738403293293e-02 2.636127111712536705e-02
-9.977525526484356533e-01 -6.299246163947837263e-02 2.284285143327226264e-02
-9.980084742754788962e-01 -5.909165284091563025e-02 2.207406209127403193e-02
-9.981599117343507022e-01 -5.665932014609690454e-02 2.159894485436699915e-02
-9.984266578191105523e-01 -5.341212469610399916e-02 1.706915956177071370e-02
-9.985660324985309311e-01 -5.205019296431342979e-02 1.251632824698807947e-02
-9.986434243772409625e-01 -5.144222949108170906e-02 8.062896614224015351e-03
-9.986313718716023358e-01 -5.064763748611332550e-02 1.304616023886707651e-02
-9.988585977381490011e-01 -4.579441481504212957e-02 1.357850022255759070e-02
-9.987714387457123921e-01 -4.769065038563043840e-02 1.346170062239352219e-02
-9.989317319552106778e-01 -4.442820479197438777e-02 1.270951915541386132e-02
-9.990168130700729510e-01 -4.359447337185018423e-02 8.058005456805744302e-03
-9.991022969956984134e-01 -4.118818576901898260e-02 9.906354883470601391e-03
-9.993445477005429289e-01 -3.601016206598119801e-02 3.707504910657376251e-03
-9.993308146523594004e-01 -3.639887203914811409e-02 3.612116327231092768e-03
-9.993781811077800947e-01 -3.490748822275851343e-02 4.972000933143968203e-03
-9.994869186328018129e-01 -3.175216445893477152e-02 4.207365587220414024e-03
-9.996413405695765420e-01 -2.534033117696150167e-02 8.663735445460075610e-03
-9.996812191139234915e-01 -2.439671379845394228e-02 6.500996666984852103e-03
-9.996650611825401711e-01 -2.293036126523972235e-02 1.199860426355355350e-02
-9.997512127853278585e-01 -2.031749295635053645e-02 9.204048320887807041e-03
-9.997595681360622599e-01 -1.937523332904292697e-02 1.026687636802356592e-02
-9.997670863058434332e-01 -1.906108173859571986e-02 1.012179820372163634e-02
-9.998281058084684814e-01 -1.612343579652359207e-02 9.154023392529010011e-03
-9.998193121949300322e-01 -1.388681016155248783e-02 1.298083205989133786e-02
-9.997435385822625031e-01 -1.758990087062718699e-02 1.426376438860171500e-02
-9.997597165576588285e-01 -1.173660022917252452e-02 1.851388716939274606e-02
-9.997020739318797089e-01 -1.385043593101050255e-02 2.009804525534443498e-02
-9.997471094716003925e-01 -5.764666637773752100e-03 2.173679899039130878e-02
-9.997610055979452293e-01 -1.757279599223710194e-03 2.179096978564215928e-02
-9.997939384031110377e-01 2.711799225442903909e-04 2.029802660029415493e-02
-9.997778547443056940e-01 -9.016466956544831081e-04 2.105779863888115888e-02
-9.998628296086922163e-01 1.830824196771833629e-03 1.646124883194467411e-02
-9.998802669275824728e-01 5.036470520390724792e-03 1.463176027493599471e-02
-9.998536375339723836e-01 8.826927946096702754e-03 1.465576641449505176e-02
-9.998318262655381261e-01 7.892125637444636840e-03 1.655403755538144631e-02
-9.997879121405707226e-01 1.172387050269650850e-02 1.693175188682734603e-02
-9.997621116113680761e-01 1.563567069780628579e-02 1.520685918539399842e-02
-9.996900954664431627e-01 1.884204208482902210e-02 1.626939064373755447e-02
-9.996588499547890416e-01 2.030601490247621946e-02 1.642717453820051465e-02
-9.997543864479406794e-01 1.763677767778163916e-02 1.342063679359540435e-02
-9.997484732277935882e-01 1.483014291376054915e-02 1.682437999158884270e-02
-9.998080725978242267e-01 1.650772429572887681e-02 1.055062175699834036e-02
-9.998035188973938281e-01 1.759309583250986270e-02 9.132862511021435509e-03
-9.998020526826770782e-01 1.898488195143121712e-02 5.952502912734733420e-03
-9.997361231226898903e-01 2.229593979535217374e-02 5.529717143942896630e-03
-9.995924003501376331e-01 2.683790179632769557e-02 9.734626728838281090e-03
-9.994128810932232376e-01 3.159664395292956229e-02 1.324945208150074202e-02
-9.993140790912459215e-01 3.391004571717835814e-02 1.488230328840153133e-02
-9.993395862100161731e-01 3.374690308974531011e-02 1.347370736851328556e-02
-9.992205994425968907e-01 3.379511477766663358e-02 2.039820468710910190e-02
-9.990973109636771543e-01 3.977409970282078100e-02 1.491934698474374835e-02
-9.986996724736344477e-01 4.865989719992208640e-02 1.520464793735966554e-02
-9.985380202392014626e-01 5.305398952260825113e-02 1.034886577722015678e-02
-9.983164583577986972e-01 5.665376753310141789e-02 1.243391967013246328e-02
-9.985288487643593225e-01 5.271450724327288173e-02 1.270124677747714627e-02
-9.982556724141115057e-01 5.734432314263679387e-02 1.404435451958479381e-02
-9.981573730829604862e-01 5.887702217704412350e-02 1.467506798720261997e-02
-9.979180310130356668e-01 6.285668460861093543e-02 1.444449271779695010e-02
-9.980713926130537761e-01 6.048904282238513896e-02 1.394896923414165602e-02
-9.980496012269722828e-01 6.030521128987887530e-02 1.613312678341213835e-02
-9.977493318576611259e-01 6.473828720483348897e-02 1.747076988187591662e-02
-9.975054673518507498e-01 6.850369257396352052e-02 1.703201541330607444e-02
-9.971682155894169286e-01 7.363825740956539412e-02 1.526301525320420543e-02
-9.967199535036936897e-01 7.949223867716845304e-02 1.517633170849336244e-02
-9.965590742916524691e-01 8.168324563631537694e-02 1.406632791729574110e-02
-9.966530352154016059e-01 8.093076455899976540e-02 1.153002698416777556e-02
-9.962531883349341477e-01 8.531032348084498229e-02 1.420338942426992504e-02
-9.963434358501788157e-01 8.463691010347790256e-02 1.167707753836965887e-02
-9.962764174339233669e-01 8.516922913532236350e-02 1.339796023224218077e-02
-9.954878626911134454e-01 9.372752161219431721e-02 1.480100874326776422e-02
-9.951594629259359337e-01 9.734581628812997989e-02 1.346990324501863567e-02
-9.947430210035596021e-01 1.018314152968996383e-01 1.080221391584328637e-02
-9.942639963888707522e-01 1.066941299913332641e-01 7.447875109293083766e-03
-9.941887003162476200e-01 1.070288407961242499e-01 1.156106228094128455e-02
-9.939539581241776389e-01 1.094069925809677130e-01 9.254288023066527258e-03
-9.937275828703766578e-01 1.117332729833522553e-01 4.601016342897373129e-03
-9.939248284917573395e-01 1.100606207989058283e-01 3.126454537019703744e-04
-9.943676549614045568e-01 1.059676850502827838e-01 1.954260199371330407e-03
-9.941636489002146915e-01 1.078765621378047768e-01 1.135417695135767201e-03
-9.946986771820045536e-01 1.028157589518741422e-01 -1.861198368671085086e-03
-9.949832542460348428e-01 1.000164680604216511e-01 -2.243353156284381283e-03
-9.954970390804527280e-01 9.467789657471802067e-02 -4.663036632564719966e-03
-9.955295661630610971e-01 9.431213851644203172e-02 -5.109427870995567056e-03
-9.956156120552565048e-01 9.337990249842020862e-02 -5.454325950395698223e-03
-9.960997545726970603e-01 8.823157508562609608e-02 6.861489181205502122e-04
-9.956678132129670455e-01 9.297755106357460941e-02 8.851211455115732749e-04
-9.952036362560795490e-01 9.779681176566565326e-02 2.347081340017345870e-03
-9.951034580363212756e-01 9.883159769587018806e-02 -1.194108813066051267e-03
-9.952063102406105699e-01 9.772981251759187138e-02 -3.645081899300379926e-03
-9.951078507909981719e-01 9.879224048170100192e-02 -6.792425329304129476e-04
-9.953578245109238054e-01 9.621762434128917907e-02 2.229975250764669372e-03
-9.955725045996023370e-01 9.396269618713216920e-02 -2.530368549082721418e-03
-9.952910031906584409e-01 9.692256382170072460e-02 1.355970168864572244e-03
-9.951992149210692196e-01 9.786434393870435677e-02 1.046837559612670337e-03
-9.955314157887157345e-01 9.438722624500933689e-02 -2.873121118291599788e-03
-9.955547958415207344e-01 9.414548923291325699e-02 -2.697861967705312766e-03
-9.955255079567630894e-01 9.448858600078166581e-02 9.344867076028348304e-04
-9.956262070899173366e-01 9.342617843587437687e-02 8.990240142995545997e-05
-9.956057557979647310e-01 9.364390544467716959e-02 -3.374432821303370383e-05
-9.952838567771687961e-01 9.698109682625130623e-02 2.171283975552979091e-03
-9.952338753420283401e-01 9.749851442987741978e-02 -1.891095775827023040e-03
-9.954348114011725146e-01 9.518521131058103879e-02 -7.022468450702707386e-03
-9.953244181819008718e-01 9.632687453390251231e-02 -7.102047395880324403e-03
-9.951124190698338312e-01 9.841827005948984575e-02 -8.069745100301863733e-03
-9.951741033890680876e-01 9.727341617119608652e-02 -1.289921493654520683e-02
-9.952849410918311879e-01 9.614029890395585365e-02 -1.284259545831383312e-02
-9.956263299601063599e-01 9.272072462754951672e-02 -1.144908636413097605e-02
-9.961296750905271891e-01 8.695631988692237302e-02 -1.281687030123668421e-02
-9.967363573709568936e-01 7.913780433558502414e-02 -1.593252314962788699e-02
-9.967811800981180026e-01 7.915735081640629112e-02 -1.270418432920246421e-02
-9.970315844777457581e-01 7.617376700414867086e-02 -1.120625926600729572e-02
-9.969730132378603615e-01 7.662274718821525388e-02 -1.318214549300069857e-02
-9.969067592772464792e-01 7.676546519014720849e-02 -1.685171025002652617e-02
-9.972630353523556090e-01 7.135127419628170542e-02 -1.937621119470211636e-02
-9.975207679599357169e-01 6.788260366954042280e-02 -1.855459965990839677e-02
-9.973801042108445536e-01 7.092493576285094359e-02 -1.423323113759933541e-02
-9.971993997318504555e-01 7.308909422592185789e-02 -1.585386805156994636e-02
-9.971302306307070484e-01 7.406004350071648812e-02 -1.569766773101301249e-02
-9.974583649633410598e-01 6.924206674297211928e-02 -1.680327498429097857e-02
-9.979307015725210617e-01 6.274199809221933655e-02 -1.406272049269840542e-02
-9.982138621356115848e-01 5.710263897145399087e-02 -1.756068912217455258e-02
-9.984847423093125007e-01 5.309853752503032598e-02 -1.444881709528002267e-02
-9.988196788500603995e-01 4.471152221297244878e-02 -1.897716636461343684e-02
-9.988859472302636933e-01 4.409647478302382295e-02 -1.680384606849969278e-02
-9.986940276861663301e-01 4.603189248514316656e-02 -2.216546362980213389e-02
-9.986909265910882683e-01 4.493390599811030589e-02 -2.444138084862978663e-02
-9.989485317919624130e-01 3.806952414991603834e-02 -2.554498122990049927e-02
-9.988992794212888660e-01 3.655316739931620956e-02 -2.939556929311295044e-02
-9.989039819611386095e-01 3.015497043642729330e-02 -3.579828149019528838e-02
-9.990203229977763222e-01 2.588580646101462657e-02 -3.589322554471863214e-02
-9.991894542760954012e-01 1.964453125612546786e-02 -3.513589626393445742e-02
-9.992913707393971112e-01 1.298908827932769225e-02 -3.532767052573251160e-02
-9.993002859850034225e-01 8.271901913591721278e-03 -3.647627257552374380e-02
-9.992719847874480532e-01 2.908930584564956880e-03 -3.804001827132406227e-02
-9.991869139357395513e-01 -5.723533238151797160e-03 -3.990935691720076672e-02
-9.990602331699658389e-01 -1.285825114788151716e-02 -4.139227657250377918e-02
-9.989768293712275593e-01 -1.426708064028048110e-02 -4.291560879109257431e-02
-9.991463818087507054e-01 -2.030449809837056585e-02 -3.597554188076514808e-02
-9.989954259180759966e-01 -2.500747063887420046e-02 -3.718561512192481572e-02
-9.986687241564039530e-01 -3.604846997950693355e-02 -3.689568738067257325e-02
-9.983266162192828697e-01 -4.142725659331918803e-02 -4.034543939450353778e-02
-9.983049448068633813e-01 -4.300709706924375070e-02 -3.921264458239696188e-02
-9.978147409515140120e-01 -5.147089029899064999e-02 -4.143060409253392085e-02
-9.977521746894788546e-01 -5.568472292059066520e-02 -3.728021158816581526e-02
-9.973178898771647427e-01 -6.089049938856792854e-02 -4.061253889909460096e-02
-9.973358198436695909e-01 -6.124377162994062290e-02 -3.962912556330642350e-02
-9.969642369122501124e-01 -6.629990660058165952e-02 -4.082447119596677165e-02
-9.966136473474590529e-01 -6.985928799687370072e-02 -4.336960464600440185e-02
-9.962338509797045161e-01 -7.521385385770114340e-02 -4.313925292972672909e-02
-9.958223495849717333e-01 -8.110989251967734570e-02 -4.194088841729173150e-02
-9.955950993841459207e-01 -8.456595646302478286e-02 -4.048458718118404936e-02
-9.954951487272989397e-01 -8.662866732673243919e-02 -3.853423867999637709e-02
-9.955169922369759838e-01 -8.752045285634661720e-02 -3.586214123857952435e-02
-9.949152990815768316e-01 -9.268172146739198092e-02 -3.941637998863241343e-02
-9.946808991300698510e-01 -9.545570983066282988e-02 -3.870557073359572747e-02
-9.933535552902543753e-01 -1.080935316386482520e-01 -3.955385602515835985e-02
-9.927546675102882912e-01 -1.117500486347682842e-01 -4.415995643904518930e-02
-9.920792100096295085e-01 -1.171464596052507051e-01 -4.533820780592164729e-02
-9.911857374515120611e-01 -1.240640234549956061e-01 -4.646457809385540205e-02
-9.898707817887326676e-01 -1.332532525170763427e-01 -4.898378713732951667e-02
-9.892680888967353425e-01 -1.372487258505374619e-01 -5.011427865923543529e-02
-9.884613833973948660e-01 -1.424898260501392955e-01 -5.138821260110975481e-02
-9.870813436075420721e-01 -1.525319418444789354e-01 -4.903501894965053148e-02
-9.857860857168040392e-01 -1.623664641288852239e-01 -4.316166534527970944e-02
-9.841903525819941656e-01 -1.714811721331621630e-01 -4.431210186992642908e-02
-9.824122471558666136e-01 -1.805806574313095492e-01 -4.750587149171903861e-02
-9.812397562304674414e-01 -1.876190239697124451e-01 -4.435817443670019705e-02
-9.802584893238084351e-01 -1.941675104892030823e-01 -3.731322305636353143e-02
-9.786542368382469270e-01 -2.027716338481549418e-01 -3.345973423573905120e-02
-9.789542504342779727e-01 -2.014435996488278535e-01 -3.269642660738349138e-02
-9.782254721432307454e-01 -2.054549480674707773e-01 -2.938017247276856342e-02
-9.779920244973611121e-01 -2.066662805718833262e-01 -2.864704281343945572e-02
-9.780617050904367726e-01 -2.064891429779360799e-01 -2.752343432390244246e-02
-9.776996570620691829e-01 -2.082927257994435788e-01 -2.678666684342023013e-02
-9.767744856278284260e-01 -2.126408780319694880e-01 -2.637168487650639118e-02
-9.770586039467571426e-01 -2.114283028615376869e-01 -2.558440449062990285e-02
-9.758383530192966671e-01 -2.170736253650261405e-01 -2.487075521902317593e-02
-9.750625688904186461e-01 -2.209906914105574383e-01 -2.039866429393605990e-02
-9.738992412373722596e-01 -2.264679541048010558e-01 -1.524919258512950557e-02
-9.725291360476033820e-01 -2.321030344177687499e-01 -1.775571094812181810e-02
-9.732601085309898759e-01 -2.292881947385023711e-01 -1.384518986335423266e-02
-9.729440902029471427e-01 -2.307635538498864214e-01 -1.131299762030923799e-02
-9.726632171585393172e-01 -2.319047195818373930e-01 -1.210253655359224377e-02
-9.717309060012446764e-01 -2.356171175158942033e-01 -1.495408557175541622e-02
-9.711315108697570198e-01 -2.379275909195535388e-01 -1.714801826056718340e-02
-9.702563410400624200e-01 -2.416206342169212873e-01 -1.490322818471928254e-02
-9.700634505730236778e-01 -2.426273775163515500e-01 -1.043369300673618189e-02
-9.690678735317258541e-01 -2.465387139812574291e-01 -1.123046898133605448e-02
-9.704111914326778443e-01 -2.412139668884970001e-01 -1.086030229452147715e-02
-9.714746275283561161e-01 -2.367542715995284708e-01 -1.358187423455017862e-02
-9.717648041068527309e-01 -2.355379104235023613e-01 -1.396648160779765356e-02
-9.717654931910854055e-01 -2.353869438655005752e-01 -1.627320694132915191e-02
-9.711556922894578614e-01 -2.380570965201852796e-01 -1.361779906019129800e-02
-9.704156546385854787e-01 -2.412094222263470034e-01 -1.055822534659855289e-02
-9.711302287410230605e-01 -2.381926966766469700e-01 -1.305075839462447804e-02
-9.703234350824363474e-01 -2.410906619453109800e-01 -1.864747736940782982e-02
-9.704298575268465177e-01 -2.411598461842411889e-01 -1.038386309254261605e-02
-9.715940644241471968e-01 -2.363238816749760607e-01 -1.249004679508243162e-02
-9.724619923394091092e-01 -2.327279229680110362e-01 -1.246561950472289265e-02
-9.725608461894194035e-01 -2.321724791103041696e-01 -1.487765939143303670e-02
-9.729696851520663881e-01 -2.306632107472770532e-01 -1.115703130257245448e-02
-9.742965632367697193e-01 -2.252086202570523499e-01 -5.223860038698062425e-03
-9.741968870689493576e-01 -2.256160148446233749e-01 -6.151711871396213678e-03
-9.741609209320306606e-01 -2.257745696263620816e-01 -6.028957370250717825e-03
-9.729719913775867202e-01 -2.309080907644130431e-01 -2.638569533418140284e-03
-9.730116830177157894e-01 -2.307448422293216506e-01 -2.255422573818665309e-03
-9.721824318663321307e-01 -2.342245498430512163e-01 4.287126434388316594e-04
-9.719654130963421013e-01 -2.351238748569484671e-01 -5.994615540447028289e-05
-9.723216073066197618e-01 -2.336422213405011106e-01 1.417307374597856452e-03
-9.725701632903314131e-01 -2.325924149145832953e-01 2.837323560347665072e-03
-9.734000171923277156e-01 -2.291077726984313001e-01 1.428072850993823001e-03
-9.738481250712130999e-01 -2.271866784593549460e-01 -2.459020261032002566e-03
-9.750388721496952016e-01 -2.220225876449700153e-01 -2.274365158568587494e-03
-9.761921112763282116e-01 -2.169035558290788590e-01 1.346814994013068468e-03
-9.768125651082069094e-01 -2.139805257888568180e-01 7.039312220080057303e-03
-9.758617332555195034e-01 -2.178619797743363007e-01 1.516707302768851087e-02
-9.768171251599206961e-01 -2.132408557233064772e-01 1.888508312714444123e-02
-9.766146829942603524e-01 -2.141221122985156322e-01 1.937748443129261311e-02
-9.779065432083967613e-01 -2.081974620710053403e-01 1.877803036431989828e-02
-9.784256884993777215e-01 -2.050293185837755716e-01 2.541959142339650368e-02
-9.789583298108757159e-01 -2.020965851702805904e-01 2.824117226135199749e-02
-9.806779228930844194e-01 -1.927888690789358317e-01 3.321549035567124969e-02
-9.816517119687869775e-01 -1.875219707274847214e-01 3.457502270706020592e-02
-9.831384413045801685e-01 -1.784164759925759292e-01 4.007957122149746754e-02
-9.839546390926686703e-01 -1.738402507519113405e-01 4.016019338180449455e-02
-9.845645781281634479e-01 -1.709043318507348641e-01 3.773998602604376057e-02
-9.857704875590490579e-01 -1.632668177320832081e-01 4.000622477079830708e-02
-9.865283903346422356e-01 -1.591034997872998735e-01 3.805019498919990500e-02
-9.868603650498651847e-01 -1.566693783667612028e-01 3.951369005487671837e-02
-9.873353800600250807e-01 -1.531473792308818416e-01 4.140934028916964244e-02
-9.887074841074608988e-01 -1.438381200930958781e-01 4.204892456758124730e-02
-9.892887679918114241e-01 -1.391399751503509807e-01 4.413396540755218367e-02
-9.900660027283699760e-01 -1.339204638639988898e-01 4.283252946325643434e-02
-9.902486433606561000e-01 -1.327713366034030673e-01 4.218296427750507088e-02
-9.914333383658563426e-01 -1.224718850584867735e-01 4.539360169947510848e-02
-9.925144110704758882e-01 -1.132892030813106576e-01 4.561476097263477553e-02
-9.930410368904541984e-01 -1.089889564928994414e-01 4.461964308860161266e-02
-9.938487481198932105e-01 -1.006972351976320734e-01 4.609489055642260191e-02
-9.946484061450932002e-01 -9.263167502288002786e-02 4.575944883177603117e-02
-9.950987079899672461e-01 -8.513349706183533094e-02 5.030760833668099230e-02
-9.961511404316566454e-01 -6.804514478775731956e-02 5.525188111245123157e-02
-9.973535160368819374e-01 -5.386310657565805682e-02 4.883376029367665627e-02
-9.978671707554136461e-01 -3.987666805948730797e-02 5.168140433928666844e-02
-9.979677224442081718e-01 -3.399931948639581952e-02 5.389320902047186473e-02
-9.979946566271359343e-01 -2.225206430878062802e-02 5.925806430106228540e-02
-9.983261024418130791e-01 -1.258637993440976134e-02 5.644983068961190870e-02
-9.985015267852159759e-01 -1.010665138786562972e-03 5.471459224371257035e-02
-9.985301661559495834e-01 7.462601074256405842e-03 5.368262144553991727e-02
-9.977532052536394191e-01 1.851942931324822295e-02 6.438617915142873238e-02
-9.978420351984356174e-01 3.221187189725583516e-02 5.721604125520095285e-02
-9.972595270073003615e-01 4.361451711977816503e-02 5.975966131217628347e-02
-9.969493026001107205e-01 5.059619738697720970e-02 5.943164370227110860e-02
-9.961783673642635728e-01 6.234517943753519614e-02 6.116981705595242458e-02
-9.956814364636827897e-01 7.456582360978925017e-02 5.530300369176359421e-02
-9.955336091268507381e-01 7.790857767502844256e-02 5.332066920866003479e-02
-9.950304482077793056e-01 8.329161068352267105e-02 5.456117584415471483e-02
-9.940844916579105739e-01 9.169672755059166125e-02 5.820430396316703808e-02
-9.930793032159427325e-01 1.021824615602455744e-01 5.789861348044275657e-02
-9.923829055719166625e-01 1.071095369253073915e-01 6.085822247956877706e-02
-9.918382698856568203e-01 1.128729623984080083e-01 5.930049001258411168e-02
-9.910142169830666870e-01 1.212634293747540393e-01 5.644474858277060553e-02
-9.900157264651535671e-01 1.283631724748588443e-01 5.823885816688345596e-02
-9.880301560817251749e-01 1.418162219368568622e-01 6.070072143931914965e-02
-9.858135298855337236e-01 1.556235238492987005e-01 6.287297424957437320e-02
-9.838732455271888000e-01 1.667488018930858296e-01 6.471693474422424153e-02
-9.817086286081667668e-01 1.790834146353812162e-01 6.463208919546219178e-02
-9.795002481688249718e-01 1.908349852850818873e-01 6.450798443445840413e-02
-9.776245744404121751e-01 2.014795278536900547e-01 6.046651105877751120e-02
-9.750714254684128557e-01 2.117859629090994567e-01 6.619991947472970983e-02
-9.727361069231904578e-01 2.224945302577558959e-01 6.542674105755406921e-02
-9.700111919541130057e-01 2.345908064730208853e-01 6.360384406779809319e-02
-9.673481677223517705e-01 2.452394438504764962e-01 6.399332464469978388e-02
-9.649681271465099242e-01 2.544048446814036746e-01 6.414590099582914706e-02
-9.605342860891670220e-01 2.705031063118971679e-01 6.482254882334040347e-02
-9.581663198619324584e-01 2.791911257776469313e-01 6.300497473739724574e-02
-9.545095112541878146e-01 2.913079527673379521e-01 6.364964805095593703e-02
-9.511724400501484489e-01 3.024109585372771192e-01 6.179489896884460265e-02
-9.502697212760100598e-01 3.062033967878550755e-01 5.680620323567701913e-02
-9.476512511621374424e-01 3.145227852974188942e-01 5.506842826085896203e-02
-9.455255362446470802e-01 3.209904109060640609e-01 5.428281953781343566e-02
-9.419530777852801462e-01 3.319036817094423997e-01 5.063944517315874944e-02
-9.391534188236654312e-01 3.393372546259251221e-01 5.330189193374571671e-02
-9.372510304657840630e-01 3.457746675602039188e-01 4.472575386372482781e-02
-9.328758530104981350e-01 3.575578738613068852e-01 4.353179930458848934e-02
-9.336132638657022031e-01 3.559744522465915217e-01 4.060136400293551384e-02
-9.326652484067059490e-01 3.582388561388625825e-01 4.243187789172715024e-02
-9.302888542163387786e-01 3.647609248703562179e-01 3.888602897950364790e-02
-9.306752023623438008e-01 3.639795024064953477e-01 3.691337676133166212e-02
-9.281719910424580666e-01 3.707368162558325464e-01 3.241875685707312771e-02
-9.273460281361104451e-01 3.729597152971200757e-01 3.050250015721013563e-02
-9.256495068190486730e-01 3.772356982786304602e-01 2.943171884498378688e-02
-9.260666346113796132e-01 3.762732566634148235e-01 2.861873840852643611e-02
-9.225614131739088286e-01 3.849225020181543111e-01 2.674161392180980298e-02
-9.215896254737351301e-01 3.873196859311221485e-01 2.561309551408400692e-02
-9.206762299946886774e-01 3.895962780579997342e-01 2.387524209405713499e-02
-9.177715326809873231e-01 3.963640607168667507e-01 2.430951965576224130e-02
-9.173310966326487792e-01 3.977222776483450573e-01 1.790688705366821204e-02
-9.163500296498817699e-01 4.001535436213041752e-01 1.340791799703291640e-02
-9.138356721371037050e-01 4.059813647892501765e-01 9.138014474016733710e-03
-9.127195395899672103e-01 4.085858426813021027e-01 8.115190855605310116e-04
-9.130710987233068288e-01 4.077688635251108806e-01 -5.072481026921476545e-03
-9.139980800267194505e-01 4.054364583937945521e-01 -1.512598902785541183e-02
-9.162016424321548502e-01 4.001929370919234952e-01 -2.049807639233436340e-02
-9.189500529895047176e-01 3.935139052682657401e-01 -2.603102357177802806e-02
-9.200797061798156040e-01 3.907495041293885252e-01 -2.771582660306176268e-02
-9.205993447439654309e-01 3.891614157618301095e-01 -3.240751056358474880e-02
-9.233090219008205368e-01 3.825992299934291019e-01 -3.344080021605291830e-02
-9.223984409415247887e-01 3.843915656643481782e-01 -3.773921379246747421e-02
-9.236407772053333298e-01 3.814248102490171988e-01 -3.745446127817786408e-02
-9.244666626112013619e-01 3.782743564014912629e-01 -4.764356225328339467e-02
-9.269324148183580858e-01 3.717735816690025397e-01 -5.080069371953559176e-02
-9.288411000722761601e-01 3.676648935793259687e-01 -4.557131704799480959e-02
-9.320011225984009551e-01 3.591740514055916100e-01 -4.866124369325974808e-02
-9.350420260367352521e-01 3.507336601184635194e-01 -5.179109652144964215e-02
-9.370348810058839462e-01 3.453861052574679902e-01 -5.171149336930597196e-02
-9.402884687902672844e-01 3.364435240185017495e-01 -5.160774238249627582e-02
-9.421810060433658540e-01 3.315709041267111412e-01 -4.853551152225416693e-02
-9.438355416562832501e-01 3.263480824817141523e-01 -5.168566471063604922e-02
-9.473907674586535821e-01 3.163426888585303409e-01 -4.876520855724515019e-02
-9.491474521781977369e-01 3.106197566375175634e-01 -5.132727857846462738e-02
-9.509481606363582307e-01 3.050283728789123794e-01 -5.152956668796580125e-02
-9.526757701746974005e-01 2.978876325754000187e-01 -6.059574580095486440e-02
-9.546074864132920723e-01 2.898132323415604783e-01 -6.879568943691043159e-02
-9.571124275055865605e-01 2.820288389629145298e-01 -6.629890419239971300e-02
-9.589642391359395335e-01 2.748401927045792115e-01 -6.964528850832971130e-02
-9.626242935156014147e-01 2.619598335685562329e-01 -6.878607974621468724e-02
-9.647796036521749663e-01 2.522012531080691233e-01 -7.479875913383951525e-02
-9.680508498240918414e-01 2.398676539943023767e-01 -7.308262825920429362e-02
-9.700824301329565857e-01 2.310227788026363582e-01 -7.462281376828677759e-02
-9.746476278880213950e-01 2.098368299134428516e-01 -7.765639969394365349e-02
-9.762860391933914084e-01 2.009537297043647031e-01 -8.051818686391414015e-02
-9.790510696195465767e-01 1.857458749535836340e-01 -8.341153119121347270e-02
-9.808608270535977836e-01 1.740129693605572681e-01 -8.735865986421191554e-02
-9.824768424016299129e-01 1.623270251800008057e-01 -9.159259085505359888e-02
-9.839000403836464237e-01 1.497298924116851060e-01 -9.757910648898202033e-02
-9.867298924721583653e-01 1.303574915359713426e-01 -9.680421337018292605e-02
-9.877746412967269851e-01 1.211448709195340062e-01 -9.810805460594144989e-02
-9.887841016091213353e-01 1.084877656020210301e-01 -1.026470527578530606e-01
-9.901925616568765243e-01 9.565907847303646572e-02 -1.018235917078810504e-01
-9.918411094435253261e-01 7.373140332832224531e-02 -1.039947428011143288e-01
-9.930723816232868151e-01 5.975937930622035599e-02 -1.011734845366745322e-01
-9.934864106522669491e-01 4.398940547277446766e-02 -1.051175395346667651e-01
-9.936254125351129396e-01 3.286167232467034072e-02 -1.078362801918305303e-01
-9.939802819802292522e-01 2.331792859103079540e-02 -1.070489910058090022e-01
-9.937506477730257970e-01 7.168943757487715451e-03 -1.113924135436949042e-01
-9.937067268545225485e-01 -9.378421068386016968e-03 -1.116198895684840930e-01
-9.938879200230557043e-01 -2.680048942692755606e-02 -1.070913122311930032e-01
-9.934229362445095024e-01 -3.870533812289815578e-02 -1.077626073588358879e-01
-9.924583282344617841e-01 -5.763659308751641064e-02 -1.081873511190936388e-01
-9.912691559428086219e-01 -7.870421390386971028e-02 -1.057880899868521574e-01
-9.896131311979476930e-01 -9.759030254431792784e-02 -1.055556544220673659e-01
-9.885577531863651846e-01 -1.105396554588258390e-01 -1.026380325553876566e-01
-9.868337649940701617e-01 -1.292825818903479140e-01 -9.718614510534240303e-02
-9.852007944519487470e-01 -1.415760162640035957e-01 -9.662110891699680904e-02
-9.840705292235445434e-01 -1.533079470893748408e-01 -9.001043829913532579e-02
-9.817183562323665846e-01 -1.677305633229969062e-01 -8.997521487265641715e-02
-9.798904752364536730e-01 -1.787284778855835199e-01 -8.871752810827100710e-02
-9.774567068526985869e-01 -1.911535376753646376e-01 -8.965892820083597170e-02
-9.748375403334614830e-01 -2.052458308624030836e-01 -8.698235868863253561e-02
-9.716185855101268087e-01 -2.201104341308311729e-01 -8.665294499340926715e-02
-9.693813664513570849e-01 -2.302970205672991433e-01 -8.522359017019170979e-02
-9.684267710873143420e-01 -2.366088100463405453e-01 -7.852306289503417636e-02
-9.657798244122055564e-01 -2.487279952212790857e-01 -7.351004153606711944e-02
-9.649135489338011018e-01 -2.535803577846734713e-01 -6.810914984423073470e-02
-9.619003276798238078e-01 -2.644367396489044064e-01 -6.943328818503567701e-02
-9.604229431828565922e-01 -2.706623920491098567e-01 -6.580008261791484014e-02
-9.574142458585561677e-01 -2.816809972052858324e-01 -6.335446839579646217e-02
-9.566618946124803013e-01 -2.847975950394788791e-01 -6.073187139387833944e-02
-9.549923012669007116e-01 -2.907459334003148488e-01 -5.879215674436077260e-02
-9.527765276990889376e-01 -2.992349837248262645e-01 -5.172352970509274533e-02
-9.516233695016101946e-01 -3.028697154262449676e-01 -5.179680338773439557e-02
-9.496794077460317673e-01 -3.094126224582420259e-01 -4.871203231590411076e-02
-9.472715604318598936e-01 -3.159792366071240699e-01 -5.323272983679122605e-02
-9.451644718216434260e-01 -3.220540964000153661e-01 -5.427053470462812196e-02
-9.426859442161733549e-01 -3.302273284481040960e-01 -4.788666329889123413e-02
-9.415015659972061357e-01 -3.344744976943312964e-01 -4.125072081937823654e-02
-9.369903167774624730e-01 -3.469310877527517212e-01 -4.108499683135546920e-02
-9.351189498909380227e-01 -3.523553009498594513e-01 -3.739387250512179323e-02
-9.337476875271658594e-01 -3.559721123037106749e-01 -3.740483329282857233e-02
-9.314347596809648966e-01 -3.617150147535084237e-01 -3.989419698692052429e-02
-9.284978732803411683e-01 -3.692634376735921542e-01 -3.919468461722339092e-02
-9.259707059814160646e-01 -3.753847949756931035e-01 -4.079850223036372847e-02
-9.223016361314871903e-01 -3.843586231603854930e-01 -4.035035535556413810e-02
-9.188661741243342451e-01 -3.917542673941150078e-01 -4.704847187561610189e-02
-9.173938199290316842e-01 -3.952633342427437912e-01 -4.642721641854560127e-02
-9.150231991625378258e-01 -4.013230251374109159e-01 -4.089480385451298161e-02
-9.182176913689888975e-01 -3.937432843217860690e-01 -4.292444223344206444e-02
-9.147301912809294722e-01 -4.017160014971944970e-01 -4.350795033868735256e-02
-9.129544932096399501e-01 -4.064196275423113680e-01 -3.656760838907616162e-02
-9.088097589857264680e-01 -4.160736151149249662e-01 -3.078276386730236652e-02
-9.086639277516187496e-01 -4.165377010711586170e-01 -2.874403867146171909e-02
-9.055757559335381179e-01 -4.230521466346039428e-01 -3.097485034218819613e-02
-9.040654794178381026e-01 -4.262674265221671477e-01 -3.101128621585754266e-02
-9.018208648822012563e-01 -4.313395121635739682e-01 -2.579462728613355141e-02
-8.989748483234175636e-01 -4.373258110864198800e-01 -2.429746742474639398e-02
-8.990233449728645132e-01 -4.372566495711721624e-01 -2.374147181171646845e-02
-9.004158956019620019e-01 -4.346119321571971228e-01 -1.907074466541524432e-02
-8.987284979807378393e-01 -4.382100765314012047e-01 -1.609427481003508631e-02
-8.999468955569112083e-01 -4.359149681320050318e-01 -8.586954888112223461e-03
-8.991276007215622812e-01 -4.376085787066845145e-01 -8.264352309534657437e-03
-8.998968511322273933e-01 -4.361009728230655913e-01 1.268492734396178823e-03
-8.999500444496918439e-01 -4.359721789619279142e-01 4.264613287537528941e-03
-9.015238936380730594e-01 -4.326376793347002092e-01 8.906064595832005257e-03
-9.022311649327862115e-01 -4.311079196412079262e-01 1.117573460190840300e-02
-9.047026830951362397e-01 -4.257750039188076818e-01 1.512322068524166521e-02
-9.034913395322412555e-01 -4.282901941955067349e-01 1.645963265358869193e-02
-9.059902383143182414e-01 -4.231155235453937791e-01 1.244798287244136895e-02
-9.093454199675760075e-01 -4.159268318685484522e-01 9.787134827665768672e-03
-9.115346154627719244e-01 -4.109408823445298564e-01 1.523963598138201869e-02
-9.129176444153631609e-01 -4.076305882979981976e-01 2.046188100186688633e-02
-9.150901049370990803e-01 -4.027325840585076477e-01 2.041019738101173056e-02
-9.159784564362133397e-01 -4.001676289064435843e-01 2.914355638083850758e-02
-9.183509204313741181e-01 -3.943066909811311915e-01 3.396809218093099769e-02
-9.196862915748249545e-01 -3.911858609559215050e-01 3.392282672943361388e-02
-9.220042368743447403e-01 -3.851973644944154396e-01 3.913040409445588119e-02
-9.212167583268797699e-01 -3.871820739772220965e-01 3.807540847390629424e-02
-9.226571240923457928e-01 -3.838525953380862443e-01 3.689210420172157889e-02
-9.243507209798603741e-01 -3.796359083843627857e-01 3.810948234448478106e-02
-9.246528823142611264e-01 -3.786161913087555675e-01 4.082692582742972892e-02
-9.274714837772686238e-01 -3.717593274649067525e-01 3.989561547511458889e-02
-9.280682496236414281e-01 -3.703492171169324720e-01 3.912534125483553560e-02
-9.273529852550759234e-01 -3.713449090420929966e-01 4.603705241063283521e-02
-9.301825769429588053e-01 -3.640988853142976822e-01 4.682292380242102092e-02
-9.323413070888296739e-01 -3.585850007095865988e-01 4.643808008301642670e-02
-9.343247961186655903e-01 -3.535929910390583908e-01 4.482391021618397503e-02
-9.384812642711177766e-01 -3.420872922775026193e-01 4.721453264124652466e-02
-9.406815433702943041e-01 -3.359898155010326848e-01 4.721322760117761114e-02
-9.434343045140580752e-01 -3.276461644237356752e-01 5.079089509262327273e-02
-9.454013055009147237e-01 -3.213760743927926988e-01 5.416457691656315077e-02
-9.483372449456477504e-01 -3.130689213188043718e-01 5.142306290695995014e-02
-9.521192938537595962e-01 -3.017346374684231614e-01 4.924499667920623214e-02
-9.534629712832279891e-01 -2.979440598080295155e-01 4.623538055095115923e-02
-9.551004064644377234e-01 -2.920450982211745261e-01 4.992880015152502404e-02
-9.579805021620114713e-01 -2.819305318102766633e-01 5.280666446296047867e-02
-9.605776314911006475e-01 -2.728896905897071901e-01 5.312101049907558964e-02
-9.632627342153123884e-01 -2.621224096568181006e-01 5.845304574298405831e-02
-9.647308314040019539e-01 -2.546668174148092878e-01 6.662767077374444347e-02
-9.682112452060143148e-01 -2.425885919713046956e-01 6.097352723987263523e-02
-9.691078732375926208e-01 -2.392994488927990826e-01 5.971360911174244251e-02
-9.715465373148944872e-01 -2.294316534237886840e-01 5.880861735647827798e-02
-9.734536600076902912e-01 -2.200254992769855311e-01 6.306158035763208269e-02
-9.766082390577258687e-01 -2.069391426346862961e-01 5.841703355450913321e-02
-9.786146739675608552e-01 -1.958929745099867170e-01 6.276363486454578089e-02
-9.801164880352226660e-01 -1.865430766881834845e-01 6.762663630098549039e-02
-9.803519393175872398e-01 -1.836526993317829370e-01 7.198453135139817882e-02
-9.821516874006845921e-01 -1.730090940315067161e-01 7.379653092588851770e-02
-9.828246029302030173e-01 -1.685517582921833846e-01 7.514064391011557320e-02
-9.843246624864792071e-01 -1.593133962049569641e-01 7.565852443784312764e-02
-9.860495610352935092e-01 -1.453966575197344069e-01 8.103139788395652410e-02
-9.877231342629591015e-01 -1.315782997175603819e-01 8.420316775680256050e-02
-9.897658607720556390e-01 -1.164838535179119339e-01 8.243218367907514943e-02
-9.914018052713148288e-01 -1.005726934052231097e-01 8.371144587301547479e-02
-9.927212074601732272e-01 -9.190568958532421839e-02 7.783290075704625555e-02
-9.936166377808615113e-01 -8.042152739476217393e-02 7.910984226783952800e-02
-9.939109217772771343e-01 -7.226078638906335838e-02 8.318335437287655010e-02
-9.945727248774145490e-01 -5.773387929846540700e-02 8.655579809364982724e-02
-9.950246563237421515e-01 -4.400915513190128969e-02 8.938198855890633343e-02
-9.954704599263938247e-01 -3.481794181104601316e-02 8.846630197970255238e-02
-9.954445430044275289e-01 -1.605013546428060017e-02 9.398174293646641142e-02
-9.962025498104617460e-01 -2.174568966790274560e-03 8.703886346653319506e-02
-9.958623165640013708e-01 1.475043365824113550e-02 8.966986177333186037e-02
-9.955078012056144399e-01 2.441098968454577869e-02 9.147860055921321065e-02
-9.948786990192057811e-01 3.896827511943831701e-02 9.326232357275957008e-02
-9.941465066771936199e-01 5.098454760110225636e-02 9.525393775333212965e-02
-9.936519795447184000e-01 6.395252697582971824e-02 9.255177617559354197e-02
-9.931969123666410937e-01 7.430661207304327387e-02 8.965731413875313582e-02
-9.920128062942842329e-01 8.813218608219991479e-02 9.024036375002694732e-02
-9.906295912142650817e-01 1.001021746034841953e-01 9.291168466820978744e-02
-9.888473625608856787e-01 1.151576271042506622e-01 9.444378259024550915e-02
-9.870141832392668180e-01 1.313793094853147603e-01 9.242560505857735920e-02
-9.846983171823532333e-01 1.462798069007335555e-01 9.471776990993496792e-02
-9.827494297481096375e-01 1.581431364017042152e-01 9.588701922298596692e-02
-9.799983591677220440e-01 1.767955397160561049e-01 9.135954571736097651e-02
-9.772840044195216791e-01 1.915467270912656339e-01 9.069641345042321612e-02
-9.745750196032737511e-01 2.050349180080042466e-01 9.035611146133275262e-02
-9.705739990785993143e-01 2.231820696058158249e-01 9.042062513952622838e-02
-9.670429710391552636e-01 2.374064778151811217e-01 9.201124857946080260e-02
-9.645541641443768910e-01 2.478697651033008320e-01 9.053097446251871794e-02
-9.628773668678928255e-01 2.553987626104818887e-01 8.739943801433097681e-02
-9.601170345228808856e-01 2.663087262268310496e-01 8.517602785350325556e-02
-9.560054971441329652e-01 2.805483464426316575e-01 8.570955692375954726e-02
-9.512620850930815219e-01 2.951266267244305186e-01 8.944681899048755047e-02
-9.478458168694090524e-01 3.040606038055475024e-01 9.557965516602698330e-02
-9.424937444466007230e-01 3.204062118232956502e-01 9.510738622292927436e-02
-9.376124304405694110e-01 3.336957152075250010e-01 9.762230283755460314e-02
-9.328679841666158712e-01 3.482485975507936815e-01 9.208828422689628590e-02
-9.276787159967806451e-01 3.621360745674098713e-01 9.093776469409785290e-02
-9.221903989944643110e-01 3.766114484089941872e-01 8.791301749390091624e-02
-9.157342242801606025e-01 3.925910294441021797e-01 8.545834075221549198e-02
-9.115200077939524803e-01 4.029167665792210973e-01 8.239762445948092817e-02
-9.061620601858269008e-01 4.156657239577343232e-01 7.805344393635332834e-02
-8.999752361058154237e-01 4.291220411252872902e-01 7.680404666749893194e-02
-8.950027423424211648e-01 4.401624612169570128e-01 7.229876912061046490e-02
-8.902384478201127438e-01 4.498287234620264585e-01 7.162149540179336971e-02
-8.835126911158134311e-01 4.635382083522421870e-01 6.736220665539119357e-02
-8.778184450827267726e-01 4.750076899970612221e-01 6.166428708757463323e-02
-8.748413274002159179e-01 4.814635888042831935e-01 5.334300836716261013e-02
-8.711084581030351659e-01 4.883127478521096521e-01 5.216058374532424324e-02
-8.672186383362558981e-01 4.955302655011550317e-01 4.880165088250009581e-02
-8.605841062045235246e-01 5.072390289486848891e-01 4.586475172855625226e-02
-8.560745445289573707e-01 5.147762014775656425e-01 4.628010818109198204e-02
-8.520624094277435834e-01 5.214469157078553962e-01 4.563744445277654466e-02
-8.483484300239230169e-01 5.278459875973020576e-01 4.103128556537360971e-02
-8.421094722392741261e-01 5.382032719207539007e-01 3.448022988052282245e-02
-8.382308884513982594e-01 5.442190143721037376e-01 3.456375903414063422e-02
-8.369570362910676575e-01 5.464372691167350693e-01 3.015363385970420626e-02
-8.381036063165042682e-01 5.450941580603428926e-01 2.132405600083918037e-02
-8.323568609246253525e-01 5.539431467293602918e-01 1.813995073313119308e-02
-8.279374609574154942e-01 5.606240569036223809e-01 1.484045101872711464e-02
-8.268543532884092828e-01 5.623467154556971437e-01 8.835242190247616367e-03
-8.258375866040069679e-01 5.638432950426298662e-01 8.545795843732002794e-03
-8.242325394971345975e-01 5.662514474213711235e-01 1.749225291862999132e-04
-8.248982041776588003e-01 5.652754966990162222e-01 2.564575850425483868e-03
-8.251071234108461327e-01 5.649762939941467277e-01 1.833104720738369491e-04
-8.258821168379392175e-01 5.638374431177404222e-01 -2.465424225878925287e-03
-8.275923799593249974e-01 5.613174471858414227e-01 -3.686138804256029224e-03
-8.296141341723264340e-01 5.582755850161579270e-01 -8.292840656685077083e-03
-8.299222626752984500e-01 5.578550719514254741e-01 -5.173806232176065244e-03
-8.287058300314109616e-01 5.596528262889353122e-01 -5.947516470051523660e-03
-8.317067708417683614e-01 5.551376845147210082e-01 -9.274171886922808958e-03
-8.327660428912820878e-01 5.534588165831448858e-01 -1.356716220586149345e-02
-8.351604248482653592e-01 5.496740319842119415e-01 -1.911897278018125784e-02
-8.365441120944591136e-01 5.475157893173711043e-01 -2.050416480988079965e-02
-8.430500279549045795e-01 5.373612611274424244e-01 -2.257293410573336240e-02
-8.445785349295735767e-01 5.346468378064617166e-01 -2.898049611074420689e-02
-8.440172075276137775e-01 5.354116402050327350e-01 -3.113424053920837292e-02
-8.442033083873693444e-01 5.348980562536740369e-01 -3.471102925480796381e-02
-8.496774278945565806e-01 5.259285526079826578e-01 -3.804521327218348542e-02
-8.519870814186033536e-01 5.215437241231946075e-01 -4.593657721450332410e-02
-8.555154695686423283e-01 5.149664337032970884e-01 -5.387824769708367267e-02
-8.617557589047721844e-01 5.040304339421172175e-01 -5.770914790762087659e-02
-8.674611190287213613e-01 4.938138186798656792e-01 -6.049075699977925213e-02
-8.727834071251600045e-01 4.842465100892957008e-01 -6.127359933555746874e-02
-8.786757678862806564e-01 4.732428731468040772e-01 -6.300865276684174121e-02
-8.822369248357792015e-01 4.661258575289914385e-01 -6.621711087413381658e-02
-8.852861492713386404e-01 4.597385475262198984e-01 -7.006364428288691659e-02
-8.896072587682175570e-01 4.516477027725386284e-01 -6.792120492050909841e-02
-8.926646045737851587e-01 4.462261682878387314e-01 -6.349899855841248386e-02
-8.958259609181137284e-01 4.395628323940257154e-01 -6.542458692107405716e-02
-9.000615156367454128e-01 4.314218642510266322e-01 -6.135515759716665685e-02
-9.070857467015054354e-01 4.160353971006598983e-01 -6.410935124692211662e-02
-9.087264840938211741e-01 4.118612353450269437e-01 -6.772379521982029027e-02
-9.144208562168349985e-01 3.984724313301003518e-01 -7.109312139826705346e-02
-9.200906965837356566e-01 3.846557980836761703e-01 -7.397999632641702461e-02
-9.211854680320042954e-01 3.811526167763937267e-01 -7.835833762137552061e-02
-9.253318545326185696e-01 3.700798584205193809e-01 -8.247345415757294240e-02
-9.295444013573261888e-01 3.591412586494359682e-01 -8.345523082062568376e-02
-9.336618251256199041e-01 3.480697487742739349e-01 -8.439822083518608298e-02
-9.376865709682737915e-01 3.363705236474655025e-01 -8.717097582740221395e-02
-9.428300777003685296e-01 3.207148108385781682e-01 -9.062818992331383994e-02
-9.467872457506885109e-01 3.080320179538073577e-01 -9.332846012881254594e-02
-9.497326489268067551e-01 2.992042502769761136e-01 -9.211257475108566850e-02
-9.553558556521760670e-01 2.807514518721523911e-01 -9.205338444222173344e-02
-9.594605014994030956e-01 2.672147910066265952e-01 -8.962039694617456032e-02
-9.618437075185345408e-01 2.588408898350096354e-01 -8.864586858356439392e-02
-9.654502552022153905e-01 2.445266207773934275e-01 -9.006969891144672724e-02
-9.683519469482365638e-01 2.318850143054319302e-01 -9.232476021808647126e-02
-9.719909162810236314e-01 2.165635302778418370e-01 -9.129025312667579661e-02
-9.739739990638255351e-01 2.059614474233974479e-01 -9.462846193683582818e-02
-9.769782227157804977e-01 1.929742205559886736e-01 -9.096437012219289742e-02
-9.785265083827663357e-01 1.834598187887854226e-01 -9.395946693646707593e-02
-9.809447437679547077e-01 1.713485925395534515e-01 -9.158102166539144884e-02
-9.836648800168561468e-01 1.547520599777445494e-01 -9.195225825398407882e-02
-9.854486191746441026e-01 1.421854996919630632e-01 -9.313601176180656693e-02
-9.869712195695362622e-01 1.313616559386216742e-01 -9.290824034153745414e-02
-9.892386519113240961e-01 1.133753950796197313e-01 -9.248201619507311066e-02
-9.910588801523928515e-01 1.001950748579258088e-01 -8.810934459817468256e-02
-9.924056281788353751e-01 8.689428147129742153e-02 -8.706587449295993819e-02
-9.934140191879217152e-01 7.250940155267404652e-02 -8.871858179405137101e-02
-9.939766049698804951e-01 5.806142619224732154e-02 -9.294833640983830858e-02
-9.950001655952439572e-01 4.210813728540346856e-02 -9.056262343543307336e-02
-9.955617377788178457e-01 2.952270367125060108e-02 -8.936022443151513117e-02
-9.962024264280855412e-01 1.632033570524763638e-02 -8.552418063071252907e-02
-9.965071838804115956e-01 3.039888525679731654e-03 -8.345181061950140977e-02
-9.967933453662457532e-01 -6.620889581928400894e-03 -7.974461267548919874e-02
-9.964525760168687629e-01 -2.119166071373620314e-02 -8.144439984548693112e-02
-9.961223235333662718e-01 -3.459263746656859179e-02 -8.089300918695439824e-02
-9.956270106376834406e-01 -4.863241762437133658e-02 -7.976062018659559050e-02
-9.949634547235498561e-01 -5.972757901846269257e-02 -8.050064001659058832e-02
-9.938985552198367213e-01 -7.342829472670805990e-02 -8.230407435818266892e-02
-9.931690227296101625e-01 -8.136531345154315864e-02 -8.363606439904246181e-02
-9.920377498843317987e-01 -9.584968850698924459e-02 -8.169426563770726402e-02
-9.905429660313839202e-01 -1.091965731828122982e-01 -8.307077689257595654e-02
-9.893238825194037300e-01 -1.215241290276219688e-01 -8.043727017386316513e-02
-9.885092664752475056e-01 -1.283948287285523460e-01 -7.977600452784472385e-02
-9.869518994507173737e-01 -1.442957879539076838e-01 -7.144708371812677483e-02
-9.857693366482889186e-01 -1.527971891092301526e-01 -7.008456227345516432e-02
-9.848879465897747432e-01 -1.607158512332632905e-01 -6.454579327665985189e-02
-9.844268777730480480e-01 -1.647986852526161228e-01 -6.119744398995973639e-02
-9.825059078669183821e-01 -1.756772667194179127e-01 -6.180332116450622942e-02
-9.802083512479797811e-01 -1.865831246938172705e-01 -6.616900619869985067e-02
-9.781210656794673275e-01 -1.965272193267052492e-01 -6.823668195120974334e-02
-9.763312606274893168e-01 -2.054339085599456438e-01 -6.763276208439880643e-02
-9.743544508431211115e-01 -2.142651502392808605e-01 -6.873035239777451622e-02
-9.719049396205681202e-01 -2.253238139589471833e-01 -6.804394892213586066e-02
-9.694315464765164148e-01 -2.365566189918820728e-01 -6.514180257039239863e-02
-9.671582340925115595e-01 -2.447651677458906327e-01 -6.851988650234243361e-02
-9.640817261525331805e-01 -2.569742640520213395e-01 -6.716148257892455564e-02
-9.623363305217702557e-01 -2.638599129453306769e-01 -6.547323914057011363e-02
-9.586731871865379340e-01 -2.781528505974118493e-01 -5.980571178846987024e-02
-9.561397042773484012e-01 -2.886256456219657429e-01 -4.992107137259284289e-02
-9.549066902437749471e-01 -2.934066760654785999e-01 -4.545047829812902396e-02
-9.528152980582903497e-01 -3.007210977515290540e-01 -4.135020522137677207e-02
-9.499737180703931028e-01 -3.096985902571771643e-01 -4.045650029947266829e-02
-9.491256833102775792e-01 -3.124377333369883214e-01 -3.928244270355075313e-02
-9.460750529693644495e-01 -3.219947816775211580e-01 -3.551569599484595552e-02
-9.441802676348137746e-01 -3.283134374507244435e-01 -2.709093283926922169e-02
-9.436176593219034459e-01 -3.300158252444949647e-01 -2.598610664812045848e-02
-9.421828747734355414e-01 -3.343316196587650113e-01 -2.266733713189643049e-02
-9.413801798128367260e-01 -3.364687833995276267e-01 -2.433360784282071962e-02
-9.390452108720295232e-01 -3.425915819133436013e-01 -2.872472522566801162e-02
-9.359775410114823391e-01 -3.511880257689146689e-01 -2.475930424666953483e-02
-9.363781115006493128e-01 -3.499734597036804340e-01 -2.673237082608661067e-02
-9.347318254109518998e-01 -3.544100382377265435e-01 -2.588337677536158357e-02
-9.339519493488300794e-01 -3.563138921935700143e-01 -2.782402601207323994e-02
-9.344720718385155500e-01 -3.550283787764242360e-01 -2.677325359233105953e-02
-9.355436729014656727e-01 -3.523462115463634192e-01 -2.470208877591836480e-02
-9.344518521481252060e-01 -3.550347153420723156e-01 -2.738789579204631286e-02
-9.321782929768842596e-01 -3.612218830107384315e-01 -2.371478728981308431e-02
-9.306718201838060089e-01 -3.649964416151962321e-01 -2.505135849423846192e-02
-9.318447055569621940e-01 -3.619438160315493480e-01 -2.573185923068058503e-02
-9.333184715501852136e-01 -3.583835704277643641e-01 -2.185994198496366003e-02
-9.318708865571704303e-01 -3.623742204089405172e-01 -1.736620283903995629e-02
-9.298013323419396237e-01 -3.677019116317554737e-01 -1.627256497805062638e-02
-9.291288248459741439e-01 -3.694873445798500522e-01 -1.409747564919354608e-02
-9.274589900799240505e-01 -3.736241343801324222e-01 -1.499459035408539330e-02
-9.240136136516050591e-01 -3.821182945234718464e-01 -1.358162595425998001e-02
-9.228484620595088783e-01 -3.847684873896813351e-01 -1.743379024555134077e-02
-9.224137273068679921e-01 -3.859112190049880375e-01 -1.501521155325003486e-02
-9.215054061850622702e-01 -3.881188305124386173e-01 -1.384086787968935410e-02
-9.213482916993176453e-01 -3.885574838288463617e-01 -1.184976765732389907e-02
-9.194808738826869554e-01 -3.928011787392362009e-01 -1.619155565401331903e-02
-9.205097831964291766e-01 -3.905109128768332605e-01 -1.276620261445757590e-02
-9.193282639306535886e-01 -3.930603436000890127e-01 -1.841519670859211380e-02
-9.196445060937439298e-01 -3.924721531297480914e-01 -1.481895706614689591e-02
-9.175740720411890150e-01 -3.974366346431427166e-01 -1.009721237393265865e-02
-9.176336163949017077e-01 -3.973977782455156982e-01 -4.854057294975470428e-03
-9.174203128208974212e-01 -3.979185730013619082e-01 -8.881751745334716050e-04
-9.143687438171521631e-01 -4.048639834707243867e-01 3.868471899846940079e-03
-9.153482441265281544e-01 -4.025323051544258957e-01 1.026378526203205327e-02
-9.146261261331907200e-01 -4.040621730619160523e-01 1.388595325709696300e-02
-9.156697761676079184e-01 -4.015708437975047396e-01 1.702141237258384884e-02
-9.153810429816038319e-01 -4.021917795278642238e-01 1.786977001366563816e-02
-9.157966562865286209e-01 -4.013080014980259236e-01 1.638237810824573829e-02
-9.163038351068405474e-01 -4.001422283181328421e-01 1.653750074760480457e-02
-9.168712941179630871e-01 -3.985446240626200343e-01 2.256596464400296986e-02
-9.194261875619680335e-01 -3.922214034913664715e-01 2.859836487437249219e-02
-9.185997730863300070e-01 -3.936325670407629373e-01 3.504096535238186705e-02
-9.200042785851880733e-01 -3.899763017442895441e-01 3.886671840368617625e-02
-9.227810438585160036e-01 -3.835253473656152212e-01 3.719493655952658961e-02
-9.236781841033345763e-01 -3.810260855097396537e-01 4.046905844020604742e-02
-9.263166382694928425e-01 -3.748378542533757907e-01 3.786923457804973470e-02
-9.292198671272704491e-01 -3.677479840903194463e-01 3.621973086592555902e-02
-9.324086344002082694e-01 -3.593766446012088833e-01 3.824364075572747601e-02
-9.326379813329206403e-01 -3.584523000094196332e-01 4.121109879514880947e-02
-9.339226255727385295e-01 -3.551172511696025214e-01 4.099118974619547773e-02
-9.381555142455042517e-01 -3.437220793457845813e-01 4.146532973406696215e-02
-9.377823311504531745e-01 -3.442707645109093773e-01 4.518794534891227427e-02
-9.406974870058782967e-01 -3.366839090457510730e-01 4.161962840830528421e-02
-9.419657805493538705e-01 -3.328212850808824341e-01 4.393712214174362585e-02
-9.441003559004726986e-01 -3.262099159018149175e-01 4.755648318980647271e-02
-9.486760674640849489e-01 -3.126724415060372353e-01 4.743072502725667605e-02
-9.492025136928838869e-01 -3.110242225113511449e-01 4.773396428058602342e-02
-9.508541346980198261e-01 -3.056254264208369542e-01 4.969430207887261947e-02
-9.520180586215551966e-01 -3.008005883606664765e-01 5.639709807073552822e-02
-9.560096900671890552e-01 -2.869001343744211896e-01 6.110480040686518816e-02
-9.597312155842308012e-01 -2.739738374494405382e-01 6.208334352041160881e-02
-9.619943088177977941e-01 -2.661408005999023607e-01 6.112311615555596211e-02
-9.637706810243589217e-01 -2.586619278350061890e-01 6.511599449130407724e-02
-9.666018358572338043e-01 -2.481128541386118935e-01 6.419434361701480130e-02
-9.694284373479976624e-01 -2.359098705369226112e-01 6.749110580106022772e-02
-9.729189543285347019e-01 -2.208889950591641782e-01 6.809384485890321304e-02
-9.758637030535625145e-01 -2.071941380812969136e-01 6.899734623891259910e-02
-9.781939483808718139e-01 -1.963036995734742385e-01 6.783412380622803883e-02
-9.807888671820351734e-01 -1.819727554012084414e-01 7.027891509878279874e-02
-9.827914096073813166e-01 -1.716504708843417104e-01 6.824347981748653258e-02
-9.849942310055596062e-01 -1.592314269342183508e-01 6.657123220253614859e-02
-9.867084534678705054e-01 -1.461809631290595657e-01 7.097580945176600042e-02
-9.876100865424812802e-01 -1.396147261379524218e-01 7.165233339010505798e-02
-9.891250647321948586e-01 -1.260094239179715137e-01 7.585013692047214151e-02
-9.905415987437045100e-01 -1.140947670820872673e-01 7.622163211340905742e-02
-9.919604745211285657e-01 -1.040812168196658394e-01 7.198283627878857005e-02
-9.937733133320197920e-01 -8.875618916403817116e-02 6.735689726808428979e-02
-9.942196846309012681e-01 -8.091287724023199512e-02 7.057149658196248954e-02
-9.951873601827626592e-01 -7.388584749844855082e-02 6.436622339662489978e-02
-9.958792114943401108e-01 -6.554484520537649794e-02 6.267759044828560833e-02
-9.965132769775437716e-01 -5.096218102419074886e-02 6.606176114710175795e-02
-9.968453923394874350e-01 -4.199165054391000573e-02 6.734965812368726157e-02
-9.966898605712632975e-01 -3.381413146534949232e-02 7.393198310900347958e-02
-9.968410705463436328e-01 -2.257163246445773389e-02 7.614731396370072458e-02
-9.973405381146678295e-01 -5.457096984888991364e-03 7.267793876995455593e-02
-9.971196792740875114e-01 8.414792413391262993e-03 7.537604578209006201e-02
-9.973166861700615282e-01 1.629059905185417309e-02 7.137265300662833101e-02
-9.969735984640684112e-01 2.274274156889240922e-02 7.433991926620531210e-02
-9.969322809531061536e-01 3.240627401164396931e-02 7.124515566491232410e-02
-9.963286316744091042e-01 4.762630571735403107e-02 7.114073592111548605e-02
-9.958717348961242388e-01 5.824209897301578509e-02 6.962296366000111925e-02
-9.948579057560917871e-01 7.266118137742874628e-02 7.055573477750066991e-02
-9.942817285419618401e-01 8.124592546663819692e-02 6.930335820259420077e-02
-9.933735049360543634e-01 9.305364358173341677e-02 6.745450719816149798e-02
-9.930399012251139856e-01 9.775447403561501880e-02 6.569496771465367646e-02
-9.915655450390438164e-01 1.106265918493729017e-01 6.752435527849508234e-02
-9.916103819978261402e-01 1.132405372982192432e-01 6.233331752075244037e-02
-9.905691486305588933e-01 1.238305584507935070e-01 5.864099057315775437e-02
-9.902379343319980265e-01 1.285191607973965866e-01 5.395988908710112886e-02
-9.896417141083488911e-01 1.349460223307664963e-01 4.897815360074870422e-02
-9.890641793272869631e-01 1.385434438040534233e-01 5.057444186521067864e-02
-9.879828024705432643e-01 1.452414197372810800e-01 5.286703159311862549e-02
-9.865033716174479439e-01 1.538548069046304922e-01 5.603398368882122477e-02
-9.854091291330761004e-01 1.625406508196811373e-01 5.049154371734995705e-02
-9.840055144403934140e-01 1.688800566953872762e-01 5.668055490596851653e-02
-9.828635973170301021e-01 1.756753686216499799e-01 5.583301184554857050e-02
-9.810147072967781989e-01 1.875620329724605184e-01 4.930150849497381277e-02
-9.794887296261839404e-01 1.939779084623713679e-01 5.453815691027433243e-02
-9.765730953026762196e-01 2.083450596458117088e-01 5.382691323747070683e-02
-9.754112147402361765e-01 2.142975897813683139e-01 5.147344994744256635e-02
-9.732086475227501587e-01 2.241320441548535214e-01 5.128124453308244984e-02
-9.724934209575606392e-01 2.279071022188411122e-01 4.811350900883618054e-02
-9.726685984106924199e-01 2.268509773874043678e-01 4.954233054053532731e-02
-9.696424020808110944e-01 2.388817105408301000e-01 5.224128121947989312e-02
-9.680539439829966009e-01 2.455282766873967681e-01 5.086686412736482477e-02
-9.663887522601369851e-01 2.518899962510731116e-01 5.142198259599169152e-02
-9.641645701454808481e-01 2.609702031884957307e-01 4.776238403123703874e-02
-9.617200308252970009e-01 2.704524329488360301e-01 4.415964339355578361e-02
-9.598657048484803278e-01 2.764789513683991173e-01 4.708745599206803911e-02
-9.580339031459308430e-01 2.836304098258411455e-01 4.153120996206122878e-02
-9.573325803184672411e-01 2.862941109346959223e-01 3.937033197478698870e-02
-9.553563877312646335e-01 2.934046177429314173e-01 3.475504299552008985e-02
-9.542205253960988065e-01 2.977467303873739257e-01 2.846196772432348782e-02
-9.531709354204668250e-01 3.012731109191055245e-01 2.645166618138702214e-02
-9.493483346822139124e-01 3.137191012075304930e-01 1.783464643473738065e-02
-9.483198489565313194e-01 3.168320097628926080e-01 1.752002570877105384e-02
-9.488595823793464223e-01 3.153482023413913260e-01 1.486653515170414247e-02
-9.479568203309471919e-01 3.182373585078144829e-01 1.014199317015458679e-02
-9.472629318449863334e-01 3.203461867169180577e-01 8.442049135734444598e-03
-9.471406475875802089e-01 3.208086391624745404e-01 2.533837799939907438e-03
-9.459791517680798956e-01 3.242161980272709187e-01 -2.703882878141807868e-03
-9.462089204430619294e-01 3.235562792173310442e-01 -1.506045837916616427e-04
-9.458488248054773839e-01 3.246027325826180143e-01 1.753926664617575003e-03
-9.473037802673325292e-01 3.202692626693194877e-01 -6.569416340456795365e-03
-9.472288099331732658e-01 3.204814889777432563e-01 -7.014756189785763957e-03
-9.463529681348729072e-01 3.228321660841190766e-01 -1.398077601054904459e-02
-9.471709560257146610e-01 3.202697942076068727e-01 -1.715951329221792124e-02
-9.478158416322095547e-01 3.181259979878601207e-01 -2.099975522492935481e-02
-9.500833827848599311e-01 3.112434832390885142e-01 -2.165802115254305757e-02
-9.513016345365337134e-01 3.072018065141733367e-01 -2.553938574825705132e-02
-9.518335276357847707e-01 3.048420896073950614e-01 -3.292789456043289376e-02
-9.532141088461004719e-01 3.001171014236037049e-01 -3.622980004063502263e-02
-9.555423741549990968e-01 2.926089935655914465e-01 -3.631471279539087715e-02
-9.578970632804152396e-01 2.849646586401402559e-01 -3.504810562198139301e-02
-9.609403322235515743e-01 2.745619448172432198e-01 -3.477681058545709081e-02
-9.611644184230718757e-01 2.736374115068532231e-01 -3.585439967284072965e-02
-9.620010946450089362e-01 2.705595657331862358e-01 -3.676173970553132248e-02
-9.641425049031780992e-01 2.626101973193027961e-01 -3.827694782471467716e-02
-9.648527000563856815e-01 2.598596090451477103e-01 -3.914410583105962932e-02
-9.658360595176399555e-01 2.553588587833921508e-01 -4.418789208012121467e-02
-9.677970346673844260e-01 2.480460634333997438e-01 -4.291923233382494152e-02
-9.687665601382425828e-01 2.437383678706440127e-01 -4.563957083741376070e-02
-9.703089442432752953e-01 2.377425584717069162e-01 -4.448639155661045924e-02
-9.719251017547704263e-01 2.320548647343937121e-01 -3.888632951208912530e-02
-9.729557709951065503e-01 2.265352775207525315e-01 -4.515358375265798863e-02
-9.736689127887796502e-01 2.229772053417211908e-01 -4.743442407635678482e-02
-9.748872915861184207e-01 2.191004924310692437e-01 -3.987170883857611703e-02
-9.773149200105211154e-01 2.078260123025066908e-01 -4.079100497154730665e-02
-9.772813613674939948e-01 2.069254856033373169e-01 -4.585841844170424064e-02
-9.787033792047205027e-01 1.997415143364554835e-01 -4.736067446665270797e-02
-9.797383041574535545e-01 1.943571236680313730e-01 -4.835467270592599953e-02
-9.809237406725046515e-01 1.892341151749532546e-01 -4.448679696457126520e-02
-9.822970500721789344e-01 1.794785301185346793e-01 -5.366538430950146960e-02
-9.837085277478551104e-01 1.718636740671577179e-01 -5.272969532921785440e-02
-9.846603868414519622e-01 1.656941188094900319e-01 -5.467533687796610059e-02
-9.855902894847180518e-01 1.588922470637395834e-01 -5.800901804885218865e-02
-9.864930304725094690e-01 1.523874035604149690e-01 -6.007987380604330740e-02
-9.882424084263645714e-01 1.410725350711793391e-01 -5.895331310156653321e-02
-9.889852896738547949e-01 1.341429812462615057e-01 -6.256012058941562426e-02
-9.901589436953314172e-01 1.252551043132038022e-01 -6.242144146002618493e-02
-9.909480849510119427e-01 1.199505237908930488e-01 -6.028080983515743396e-02
-9.919122180682946599e-01 1.135208170923472093e-01 -5.677311779859952473e-02
-9.921221519690109902e-01 1.108435683524131299e-01 -5.837251171818290396e-02
-9.930227043232509043e-01 1.016929409015380759e-01 -5.970314680842075256e-02
-9.935093731926082361e-01 9.374532159055250224e-02 -6.442788043592245772e-02
-9.943329263969936660e-01 8.434447265832085983e-02 -6.471516940575094967e-02
-9.954404803480388919e-01 7.151234663824093674e-02 -6.312088356062769967e-02
-9.964847971087734679e-01 5.923866110709530286e-02 -5.923547525640331102e-02
-9.970394840645665502e-01 5.099587876505228684e-02 -5.754736188993261198e-02
-9.973568110076644899e-01 3.953838288533190193e-02 -6.095998338318427828e-02
-9.975705114289791231e-01 2.873893334239732353e-02 -6.345991073034028263e-02
-9.979830278077386208e-01 1.631958621589244332e-02 -6.134785258934660757e-02
-9.979665174965817176e-01 2.136025955707641227e-03 -6.370462488071221285e-02
-9.979942814306931309e-01 -7.924442163982171883e-03 -6.280628379864851285e-02
-9.976970332976907718e-01 -1.762351241211029124e-02 -6.549850081884434072e-02
-9.971912259577354609e-01 -2.958652942404545530e-02 -6.880631190460738400e-02
-9.969890753651377002e-01 -4.049019869064104937e-02 -6.613123031563047927e-02
-9.969396941856076833e-01 -4.547845066612123122e-02 -6.358434473667655407e-02
-9.961553301761231216e-01 -5.972671818206223143e-02 -6.408813904343278745e-02
-9.956627446769849010e-01 -6.865423163078764046e-02 -6.278779757785693527e-02
-9.949430757896599031e-01 -8.103058484910599657e-02 -5.934923997329057122e-02
-9.944018622294231724e-01 -9.009218099914874378e-02 -5.521183810499436656e-02
-9.937594772252029696e-01 -9.702564628232537847e-02 -5.502851196534894185e-02
-9.928999556134852078e-01 -1.036525404212509660e-01 -5.835958270844129880e-02
-9.917619101955450489e-01 -1.149092475775322364e-01 -5.660556559126535270e-02
-9.908597371058972536e-01 -1.235745531274404785e-01 -5.409549630068383186e-02
-9.892302384724291908e-01 -1.356570959730324377e-01 -5.496088761830264513e-02
-9.872595311788104899e-01 -1.486449129540744762e-01 -5.677428754103974740e-02
-9.866139276936861657e-01 -1.537957289600532795e-01 -5.422032035199610828e-02
-9.846492422956750756e-01 -1.649195196282626785e-01 -5.716147074903790010e-02
-9.837711637651213037e-01 -1.716620005049090125e-01 -5.221557877187318203e-02
-9.821645307823132498e-01 -1.807413941169830063e-01 -5.182079354200420929e-02
-9.812813100411814649e-01 -1.862537302027851005e-01 -4.895457171569507493e-02
-9.800218804683618057e-01 -1.917010198032530477e-01 -5.298909749949839293e-02
-9.781793341798783459e-01 -1.998628786686577896e-01 -5.674532202571301587e-02
-9.774587780316296159e-01 -2.047855829512268966e-01 -5.135380898769517644e-02
-9.760407242963442531e-01 -2.117383419784316378e-01 -5.011377487646701684e-02
-9.736627669397163176e-01 -2.228228378509085894e-01 -4.827846777102021841e-02
-9.713802633436835476e-01 -2.331661557185213396e-01 -4.532040436413341949e-02
-9.713191289985471100e-01 -2.344316837856938451e-01 -3.976111788734128932e-02
-9.696658555689274817e-01 -2.420451228221505713e-01 -3.409249118131791462e-02
-9.677520534748763614e-01 -2.496621185872286708e-01 -3.353804408930237402e-02
-9.662803429382044174e-01 -2.553962394414883708e-01 -3.278826920506189985e-02
-9.650798896576330277e-01 -2.600837070760655401e-01 -3.126152164581454118e-02
-9.636862860141984788e-01 -2.656322829665761498e-01 -2.735403143403385140e-02
-9.626933152804255656e-01 -2.690662869696597848e-01 -2.872150098716651570e-02
-9.617388814041712974e-01 -2.720910891200999937e-01 -3.201209067881650300e-02
-9.610622992228653461e-01 -2.749283770293693419e-01 -2.781465841200258735e-02
-9.588544022490992358e-01 -2.824656193857854602e-01 -2.848543319363115375e-02
-9.579690001395555488e-01 -2.853625353098416806e-01 -2.938756514038651235e-02
-9.559674493419204611e-01 -2.924805059133584462e-01 -2.411223533152725973e-02
-9.547524307416935807e-01 -2.968258632474898850e-01 -1.849900702344121906e-02
-9.529942925989230984e-01 -3.022970208313440765e-01 -2.045482493911598976e-02
-9.526964659185843676e-01 -3.032669800474270816e-01 -1.996479477900763022e-02
-9.510860953132428408e-01 -3.085207594470866233e-01 -1.581741473972595943e-02
-9.512586864545669041e-01 -3.079459386624702200e-01 -1.661988632868538138e-02
-9.510579077588701136e-01 -3.084492334301452421e-01 -1.865306428973315112e-02
-9.490414211923998700e-01 -3.148329847158921613e-01 -1.416272200127303808e-02
-9.481722740572168240e-01 -3.175233993321484038e-01 -1.217537122607216873e-02
-9.478871346041507495e-01 -3.185022753426997033e-01 -8.141911265783268598e-03
-9.474118445209218642e-01 -3.200071005382936762e-01 -2.502512080186296110e-03
-9.493537465379123796e-01 -3.141921402809129127e-01 -3.282223142274618647e-03
-9.495599680976103407e-01 -3.135727264381741874e-01 2.832374852238482826e-03
-9.486094950385193236e-01 -3.163809258405423375e-01 6.568547505991662733e-03
-9.508161513454348457e-01 -3.095169680326533834e-01 1.216155396095255567e-02
-9.520085512559859353e-01 -3.057816791284222457e-01 1.331516525289768750e-02
-9.523822987146318697e-01 -3.043493860739415746e-01 1.842332597327469082e-02
-9.545354816909752405e-01 -2.977092897792371629e-01 1.520537257776467810e-02
-9.548829248107514323e-01 -2.965745395899868631e-01 1.556125819927482896e-02
-9.561665906566981787e-01 -2.921006191887651204e-01 2.055941628565603752e-02
-9.567540886036540737e-01 -2.894857188915622714e-01 2.862940933164312418e-02
-9.582002458299900827e-01 -2.842301151321952601e-01 3.264262880169029046e-02
-9.577700998049883951e-01 -2.858394058033112417e-01 3.118141578203747002e-02
-9.603865793855183020e-01 -2.763036549075004733e-01 3.624802618760608608e-02
-9.621335868272004044e-01 -2.700826738972029739e-01 3.680110547232032236e-02
-9.636284527324164850e-01 -2.640158030708763537e-01 4.142308526736482310e-02
-9.661535293171112926e-01 -2.548094440506876723e-01 4.024321164282639723e-02
-9.670390152620149671e-01 -2.508621509872215882e-01 4.363181485939333221e-02
-9.684393729295091013e-01 -2.437770253372466833e-01 5.194183511057243186e-02
-9.695751001366662569e-01 -2.384521829634481394e-01 5.535967006673979396e-02
-9.706235056174000730e-01 -2.338633157183215849e-01 5.655060866552347881e-02
-9.727000233984192112e-01 -2.247216113952297534e-01 5.792126869257031158e-02
-9.743302580394818113e-01 -2.171239313901838219e-01 5.947905714491436707e-02
-9.761671823142384907e-01 -2.090464532643980800e-01 5.828571068875442601e-02
-9.778357440412891455e-01 -2.004036092050975049e-01 6.062724410916434797e-02
-9.792563699479900352e-01 -1.916257407749097641e-01 6.585248178918289008e-02
-9.811419091173214646e-01 -1.827868540325598423e-01 6.284530249490863363e-02
-9.834112405442924087e-01 -1.702962320943655905e-01 6.246228598723348874e-02
-9.838912139639521826e-01 -1.670953418014364256e-01 6.353926126450223921e-02
-9.852674087323659569e-01 -1.579211562084985310e-01 6.564338247086284883e-02
-9.867818226451363639e-01 -1.474705266337286158e-01 6.718697970749760995e-02
-9.869604117399060073e-01 -1.452609476713129788e-01 6.934273382538969077e-02
-9.885993085729339880e-01 -1.345724770701448303e-01 6.754011620584576825e-02
-9.898493978365143775e-01 -1.228435253484647383e-01 7.146782513482827226e-02
-9.913163273255273245e-01 -1.132235743722518340e-01 6.687580468140075229e-02
-9.918101704706401289e-01 -1.077557490570852511e-01 6.856599876787315695e-02
-9.924906845069235706e-01 -9.955491538451125000e-02 7.107089444022281211e-02
-9.930752744133442000e-01 -9.269279384582432280e-02 7.217726370526837687e-02
-9.939470393433347262e-01 -7.848411090685111779e-02 7.687353192882014075e-02
-9.949587888278007553e-01 -6.894700325718161604e-02 7.282397695184784914e-02
-9.949215030334556120e-01 -6.687501195448010416e-02 7.522597924789585500e-02
-9.957723620436776946e-01 -5.746079551835973909e-02 7.166360514197664400e-02
-9.963204210990674881e-01 -4.574221435888958104e-02 7.247951916134043326e-02
-9.968653907082046794e-01 -3.461406460344364222e-02 7.114261477176508919e-02
-9.971592533375899237e-01 -1.997078827160564049e-02 7.262646757732610370e-02
-9.973461102004982370e-01 -1.309236598562701220e-02 7.161940430572527605e-02
-9.974430383870915851e-01 -5.132264775733950263e-03 7.128153804574297037e-02
-9.977164537448995896e-01 4.085632487152761338e-03 6.741808402360648100e-02
-9.975157957085306615e-01 1.670249077607574573e-02 6.843447002792309164e-02
-9.974465306489687100e-01 2.534222537977366685e-02 6.676977329222741342e-02
-9.969361107599010730e-01 4.072558963775756852e-02 6.678195812484481741e-02
-9.966673127612302174e-01 4.851780613721490276e-02 6.557669278494679399e-02
-9.959033460061148535e-01 6.080980969309161821e-02 6.692312819910883892e-02
-9.955884367758964792e-01 7.046379496229296380e-02 6.195587402030933860e-02
-9.947310156319058017e-01 8.074560674125726145e-02 6.316934188379438875e-02
-9.940853244676490785e-01 8.873698774090245378e-02 6.261091655079673024e-02
-9.933674488828151405e-01 9.605367820213786545e-02 6.320454580099905961e-02
-9.921511106914666644e-01 1.094092775047216248e-01 6.054581394073075412e-02
-9.910848667484823959e-01 1.202530995839826700e-01 5.735843884527795644e-02
-9.896933299373780191e-01 1.318938634457994252e-01 5.577753053815598383e-02
-9.893879611271274577e-01 1.345661094227063315e-01 5.480361317199513443e-02
-9.881108039238726271e-01 1.432451279557880874e-01 5.583801536309745267e-02
-9.872220967168561234e-01 1.485970583753587204e-01 5.754526480003521738e-02
-9.857065957173763993e-01 1.589162664869236130e-01 5.592976729520007795e-02
-9.838295342195428894e-01 1.700103054133127456e-01 5.635561303666585670e-02
-9.826934237034861130e-01 1.768906699078960920e-01 5.498488235735865537e-02
-9.805842531844899401e-01 1.890543374625400785e-01 5.208638090984849672e-02
-9.793515808215873530e-01 1.956757168956853865e-01 5.080852386549188082e-02
-9.782098986333096491e-01 2.017119824005663420e-01 4.916992457702960145e-02
-9.761336345806052028e-01 2.123025397249826418e-01 4.572493940377813509e-02
-9.747571308842626348e-01 2.189597305385142800e-01 4.364840346574437591e-02
-9.713543114320057903e-01 2.344372250591804374e-01 3.885871185283406443e-02
-9.699725460895494145e-01 2.397560611874353653e-01 4.086932004675573882e-02
-9.675798427578437000e-01 2.499396014027848723e-01 3.632428557374976080e-02
-9.668488330680984344e-01 2.536420305484508031e-01 2.947990089469541830e-02
-9.653819525107424360e-01 2.585224917544823309e-01 3.469607260932380810e-02
-9.636173585995019275e-01 2.650924495979268825e-01 3.417001331841375972e-02
-9.627679049039526982e-01 2.684547343390545904e-01 3.178092669803835729e-02
-9.623698175208434957e-01 2.702316101138331761e-01 2.862204714238069519e-02
-9.606332878237715533e-01 2.764028923958575246e-01 2.802030919124031891e-02
-9.596559353383402602e-01 2.799201106988371546e-01 2.655612371770290497e-02
-9.587110072980040698e-01 2.830934978593975249e-01 2.704230516975078893e-02
-9.589437441189014866e-01 2.823634561411570432e-01 2.641561220338203148e-02
-9.577027194513668684e-01 2.868464554985572512e-01 2.290463630007010670e-02
-9.578728697853056140e-01 2.861779830573350503e-01 2.411923667986584294e-02
-9.569470991450377273e-01 2.896590887961806859e-01 1.870486215280713072e-02
-9.559304662863806756e-01 2.932303871860089672e-01 1.459087874371320023e-02
-9.550492237228134229e-01 2.960790386662728868e-01 1.477136483885083812e-02
-9.540202222961191580e-01 2.989765003502034557e-01 2.141209673883881504e-02
-9.526651945931109422e-01 3.032141955377870013e-01 2.214020866220328676e-02
-9.517383116416772149e-01 3.061970936011675359e-01 2.091736621232538965e-02
-9.508765915670389646e-01 3.085864137574014787e-01 2.466055735094788148e-02
-9.487698400525779174e-01 3.153329441666846145e-01 2.002335714866998115e-02
-9.496131425943716842e-01 3.127587712784092311e-01 2.041666717508584805e-02
-9.490685975156980536e-01 3.144791250004653760e-01 1.927918664181549335e-02
-9.479466905626094952e-01 3.180117459680203984e-01 1.629757953301005577e-02
-9.460210605124234062e-01 3.235620804716022869e-01 1.875481391130170289e-02
-9.460816182223192872e-01 3.236290310800140069e-01 1.392234972333393668e-02
-9.458223930666389556e-01 3.243191946699223172e-01 1.539709930438608841e-02
-9.452976384707229007e-01 3.260275558475750901e-01 1.088197658903793108e-02
-9.437283235914546431e-01 3.304656396675525465e-01 1.301238565804255405e-02
-9.421930933963764687e-01 3.350113650430595613e-01 6.290463393218852055e-03
-9.418778612845263298e-01 3.359508206292642907e-01 1.774936717829510638e-03
-9.421428280346212381e-01 3.351849271425120791e-01 4.238638295277118162e-03
-9.430458787944161481e-01 3.326505268663328962e-01 2.847338185101563023e-03
-9.421907255128327829e-01 3.350761985125715881e-01 -7.666344398134239402e-04
-9.433582931258363002e-01 3.317085367818117247e-01 -6.677383634423837526e-03
-9.424721172555764470e-01 3.341313309753243255e-01 -1.012777601948119249e-02
-9.421218357019162104e-01 3.350574693086190714e-01 -1.195612560750291403e-02
-9.428330766699302146e-01 3.330754503537997069e-01 -1.124917284790162564e-02
-9.422800422990045277e-01 3.347035019551518054e-01 -9.049732004195659013e-03
-9.423264086394412820e-01 3.346566390407647584e-01 -5.087585486358167652e-03
-9.423100711140638408e-01 3.345012124036883527e-01 -1.267591613925007216e-02
-9.435922013071917913e-01 3.307427041305762705e-01 -1.558946418270372100e-02
-9.442733516778406555e-01 3.287058780063157881e-01 -1.732896963317649350e-02
-9.467339751284251648e-01 3.213664057919335404e-01 -2.045541237375534532e-02
-9.477678583078640306e-01 3.183896185770134224e-01 -1.908265874980443963e-02
-9.494365300326599311e-01 3.133081994379142698e-01 -2.020539355589689307e-02
-9.504049987293614610e-01 3.104835529138736394e-01 -1.817448906181351465e-02
-9.520680776333833029e-01 3.054556060927062222e-01 -1.622524105785073251e-02
-9.540041620894699204e-01 2.993287018107999575e-01 -1.668523865947794255e-02
-9.572428232568918061e-01 2.889536118010589405e-01 -1.385631321507134472e-02
-9.584832437616711553e-01 2.847466014233047682e-01 -1.514114625925047468e-02
-9.584212246780661193e-01 2.848603552917496340e-01 -1.683282432074978407e-02
-9.579148957767275041e-01 2.864460101666063685e-01 -1.864793837962851891e-02
-9.575293037083177916e-01 2.877942144178377570e-01 -1.766727459973915781e-02
-9.573145029050436072e-01 2.885721309932558487e-01 -1.658546497646063572e-02
-9.566517144282008500e-01 2.902737473744114172e-01 -2.363596282388833250e-02
-9.566286797415195498e-01 2.901051192644015786e-01 -2.646882609941047723e-02
-9.600126421860774029e-01 2.781803473454526610e-01 -3.148700430568980579e-02
-9.612401681416855581e-01 2.731333174582018519e-01 -3.762366877692110978e-02
-9.619066351659345537e-01 2.701612633573139410e-01 -4.181539759682177670e-02
-9.645109439492898229e-01 2.606976090605692131e-01 -4.189756682642241381e-02
-9.661571439556001506e-01 2.548452111000464315e-01 -3.992871113859482179e-02
-9.665274054014196814e-01 2.527029861887128415e-01 -4.433943898311071968e-02
-9.696421364138819721e-01 2.402391621461291982e-01 -4.559915337274299263e-02
-9.716078439475342998e-01 2.320100683218889182e-01 -4.636309227254278853e-02
-9.721423206391777150e-01 2.305005760436605600e-01 -4.253002929910354446e-02
-9.741189773800081886e-01 2.211691570107602034e-01 -4.665225037695553550e-02
-9.747683031969546219e-01 2.173283638906055859e-01 -5.094259571183679808e-02
-9.765742250709397165e-01 2.079159371398299205e-01 -5.544147233681952919e-02
-9.772608209070436924e-01 2.032803552417947468e-01 -6.031911839527058505e-02
-9.800494340455011555e-01 1.910219699771849300e-01 -5.489740181035598909e-02
-9.808918946288021079e-01 1.864309700889389687e-01 -5.562908751079054942e-02
-9.827628457746475643e-01 1.757469424240762634e-01 -5.736037186575711211e-02
-9.850545637112692043e-01 1.635673889897309163e-01 -5.397431490401206899e-02
-9.864637309628155881e-01 1.545831440552711267e-01 -5.471169909046896124e-02
-9.878295440016040541e-01 1.455791861157083034e-01 -5.476772335223525912e-02
-9.889011564837844048e-01 1.363544153464904263e-01 -5.900836593593531548e-02
-9.898754832804442794e-01 1.273481116397215118e-01 -6.268171536401306865e-02
-9.907133439889483917e-01 1.171824622517135123e-01 -6.895906419915927288e-02
-9.921206779138580512e-01 1.036418687375322278e-01 -7.039130358296044609e-02
-9.929047998701231448e-01 9.856439066369576674e-02 -6.652166050070050518e-02
-9.937396154333119069e-01 8.873529992342067685e-02 -6.787956556221273752e-02
-9.943294559634895391e-01 8.160982536337768600e-02 -6.818197396488866191e-02
-9.946875387460116791e-01 7.603489374164744408e-02 -6.939313657065218632e-02
-9.951777227597428110e-01 6.698044163937345863e-02 -7.165844558136223730e-02
-9.956264586439848019e-01 5.474067520351405536e-02 -7.570617993248568434e-02
-9.962972711010353866e-01 4.160461949188113545e-02 -7.523839166523278721e-02
-9.963207032085847903e-01 3.249930024293509051e-02 -7.930236053312592071e-02
-9.964122818199351306e-01 2.018746552011507767e-02 -8.218907210315914980e-02
-9.966049510475621931e-01 5.305108526322814544e-03 -8.216106175374608689e-02
-9.964449407180547835e-01 -6.669564593964640714e-03 -8.398219988935254343e-02
-9.967390524553771947e-01 -1.732262933752177700e-02 -7.881117096001635791e-02
-9.964911919713314026e-01 -3.072635130776419504e-02 -7.785376293316617624e-02
-9.953256597607479383e-01 -4.749299440041794551e-02 -8.409078107379495959e-02
-9.943303611562279709e-01 -6.118416903379152172e-02 -8.696921076727193167e-02
-9.937234204420082317e-01 -7.368852714584736563e-02 -8.416518224729588327e-02
-9.931123878360753610e-01 -8.645720146214276591e-02 -7.907559875125257098e-02
-9.922859198172709894e-01 -9.729121901173198861e-02 -7.683153454871899379e-02
-9.910025630408401121e-01 -1.099151921113235009e-01 -7.637135084898796777e-02
-9.891449546243614721e-01 -1.269677032441461906e-01 -7.396940883163909131e-02
-9.881049853286367757e-01 -1.363016440450015854e-01 -7.120682549326615152e-02
-9.869146346048068841e-01 -1.452502117766615863e-01 -7.001351355378498953e-02
-9.847535539822591666e-01 -1.595037239385954930e-01 -6.941910427752806534e-02
-9.826041746726991155e-01 -1.724861409996372164e-01 -6.883007403496967103e-02
-9.799703885242263546e-01 -1.886049510328399459e-01 -6.392356169756620299e-02
-9.782618138279425279e-01 -1.961485954357511940e-01 -6.730203525428400668e-02
-9.756871502619153258e-01 -2.082414581442393331e-01 -6.833807013597001379e-02
-9.737443611446214842e-01 -2.181942531793177875e-01 -6.490915733628999096e-02
-9.721766059256109482e-01 -2.255946024845233155e-01 -6.308513107499602590e-02
-9.719108725138654314e-01 -2.274343055690419280e-01 -6.052193046621426320e-02
-9.698165754549162854e-01 -2.367215131356781854e-01 -5.847004944623511447e-02
-9.674478427772622569e-01 -2.462580254553201065e-01 -5.832381922153776627e-02
-9.650281371742648329e-01 -2.549767430909253840e-01 -6.088979035980533056e-02
-9.634754921673639450e-01 -2.600762656795184147e-01 -6.383826221226934772e-02
-9.615474307392989362e-01 -2.682611633103669790e-01 -5.884299481163260404e-02
-9.607580868528891038e-01 -2.712828317444861970e-01 -5.787516811189786364e-02
-9.594163533951821643e-01 -2.770969968317752996e-01 -5.232137610618977502e-02
-9.574580346135138642e-01 -2.841009299669876031e-01 -5.060419624874415434e-02
-9.550525015234656578e-01 -2.919325161311703276e-01 -5.147947675792633598e-02
-9.533826638806471854e-01 -2.976158643732794151e-01 -4.986285814038648317e-02
-9.523852982428945291e-01 -3.011977192612640963e-01 -4.735175516351893682e-02
-9.513107931194672018e-01 -3.058377983933741051e-01 -3.835396820650450317e-02
-9.491433321897916331e-01 -3.132262241376034262e-01 -3.187911752705772234e-02
-9.473899100376285132e-01 -3.190747959462611472e-01 -2.537012938927006925e-02
-9.453713579740666839e-01 -3.252122988497091471e-01 -2.258244151592855506e-02
-9.437882147475862293e-01 -3.298790512393539598e-01 -2.106247188301579518e-02
-9.432431070628132241e-01 -3.314122636376589659e-01 -2.140941275353239540e-02
-9.430805162098989669e-01 -3.315020674164613212e-01 -2.656180986912158939e-02
-9.412645616133770154e-01 -3.369358939814588449e-01 -2.225396177465920403e-02
-9.410987258555488788e-01 -3.374189763808322917e-01 -2.194613832580827317e-02
-9.403404740317086175e-01 -3.398110438703512703e-01 -1.697815570749647285e-02
-9.392456722590425411e-01 -3.429428395013817688e-01 -1.441479753924066257e-02
-9.362462428330187159e-01 -3.511529838803119641e-01 -1.160021580072376213e-02
-9.350097963813954749e-01 -3.544214170779309003e-01 -1.192267182518638030e-02
-9.331876326019356016e-01 -3.593036233439138027e-01 -7.858676441765603468e-03
-9.343821973560789695e-01 -3.561364158694503845e-01 -9.837311812890577392e-03
-9.343096440814407933e-01 -3.563770993830943645e-01 -7.801420609693274916e-03
-9.325827958359543812e-01 -3.609451868071321123e-01 2.812626596788207756e-03
-9.351246703028939233e-01 -3.542465405808110090e-01 7.158871739922852834e-03
-9.348309607569151858e-01 -3.548556918055287834e-01 1.298163309105328581e-02
-9.360274520418239153e-01 -3.515736581978838315e-01 1.576648115506359277e-02
-9.360277030464283499e-01 -3.513739179253050904e-01 1.971088518136945855e-02
-9.373761461219767277e-01 -3.472064247483085397e-01 2.781491770049845241e-02
-9.379749866811218917e-01 -3.453324506702468155e-01 3.079664336721071524e-02
-9.387774771072204816e-01 -3.428044821401977083e-01 3.437944059602034141e-02
-9.404158221116015737e-01 -3.378726282074341336e-01 3.821229047234862841e-02
-9.429244720941446500e-01 -3.311504751344547803e-01 3.511143977019864915e-02
-9.462194132265795421e-01 -3.211477177751332901e-01 3.915324091735444823e-02
-9.483281463605597317e-01 -3.146931958348321290e-01 4.052073874927414332e-02
-9.506632256993117203e-01 -3.066513010154190977e-01 4.695127253151779728e-02
-9.532583831889792636e-01 -2.985231190501014265e-01 4.671630727557352786e-02
-9.545290443819679505e-01 -2.946243054988451071e-01 4.550640748310005174e-02
-9.555866913075977687e-01 -2.908634059642296044e-01 4.746120110806543307e-02
-9.570490740370498628e-01 -2.853849906673572301e-01 5.111250534967390347e-02
-9.595185906405122589e-01 -2.771054487392070609e-01 5.036522292418174618e-02
-9.614061930810359202e-01 -2.706974076282229746e-01 4.920423320070809597e-02
-9.639199827839349810e-01 -2.617800797394221335e-01 4.826455991170072735e-02
-9.655358616773435099e-01 -2.549459266131230417e-01 5.237447450705502022e-02
-9.663138146621169655e-01 -2.515546109763663885e-01 5.438658461143426603e-02
-9.698291215786193353e-01 -2.371912448365906534e-01 5.631873422619938785e-02
-9.727390377711170322e-01 -2.256294800590604999e-01 5.357343902476729286e-02
-9.754348885713834960e-01 -2.135093530103821524e-01 5.422679796567453359e-02
-9.766747834649034399e-01 -2.079512662735033546e-01 5.350373312044696267e-02
-9.764676666621200374e-01 -2.073326109602567358e-01 5.936409446530514777e-02
-9.788255565034263972e-01 -1.957392451552750767e-01 5.988897384599282947e-02
-9.807096059711789549e-01 -1.879317016810108931e-01 5.376202381349644982e-02
-9.820895569729759522e-01 -1.784751950843606050e-01 6.038806260229771100e-02
-9.829858471928907271e-01 -1.730945191214430245e-01 6.145830283234302721e-02
-9.842738888611536341e-01 -1.657043346072378243e-01 6.121271523386302704e-02
-9.852443376921297125e-01 -1.603873333254526301e-01 5.974537322376065329e-02
-9.868797004330340794e-01 -1.490037226435176609e-01 6.218005283990277188e-02
-9.883616895260040058e-01 -1.353721056747747009e-01 6.939435168048613267e-02
-9.899057222235232434e-01 -1.247226865979584737e-01 6.731214368435442519e-02
-9.907767454843245947e-01 -1.178564547128563705e-01 6.686784582365229435e-02
-9.919211160933166793e-01 -1.087687274124626013e-01 6.528304044482370616e-02
-9.931812767472550929e-01 -9.708047441360345697e-02 6.454723043727879361e-02
-9.941072023966325277e-01 -8.854548265809507324e-02 6.253462712373640542e-02
-9.949110731961432474e-01 -7.904307475538510652e-02 6.248328341724830592e-02
-9.956110393956161264e-01 -6.862237542915458621e-02 6.363678043521693584e-02
-9.965564724047801803e-01 -5.081280851342469262e-02 6.552303518474143773e-02
-9.966373867617968063e-01 -4.621432606080312644e-02 6.766215910335475481e-02
-9.965231890606207621e-01 -3.607986210602062010e-02 7.509853501777476181e-02
-9.968955855292100932e-01 -2.649514792068135768e-02 7.414318162751062924e-02
-9.966947601151383562e-01 -1.687059404328710918e-02 7.946666897795715001e-02
-9.970269621732082976e-01 -6.571579896625552586e-04 7.705074894346931880e-02
-9.971425446501882561e-01 1.260494750455420400e-02 7.448405043647314538e-02
-9.971346502228296549e-01 2.455040039828354156e-02 7.155263753461285625e-02
-9.967475138717075689e-01 3.523406535927606220e-02 7.247735534582165629e-02
-9.967095885374547271e-01 4.877778586980167225e-02 6.473589396951553998e-02
-9.963842698736875558e-01 5.679955691311634053e-02 6.318393196172727988e-02
-9.958329957321948589e-01 6.439600279628060475e-02 6.457407887918491241e-02
-9.956825376750750856e-01 6.975797980499053030e-02 6.123822776724242162e-02
-9.947203859988201780e-01 7.761694291051654537e-02 6.713401783849230753e-02
-9.935901959859161359e-01 8.775999839451827100e-02 7.125109096182670465e-02
-9.924965494307032010e-01 9.942750661467515683e-02 7.116728977531260047e-02
-9.912875120784145899e-01 1.088786554030024833e-01 7.412502769395068469e-02
-9.901139396784912616e-01 1.184802682668946866e-01 7.507879494736426074e-02
-9.886612307265079114e-01 1.307817854689427572e-01 7.379097738279905005e-02
-9.869177633739559807e-01 1.472740150150154692e-01 6.560262734409413876e-02
-9.847037318540727835e-01 1.616856718825258610e-01 6.493316400972577729e-02
-9.833468066107853289e-01 1.717269755373355689e-01 5.948878378124449612e-02
-9.812806902291109079e-01 1.828530798014114112e-01 6.043980371865346340e-02
-9.800698620643558678e-01 1.900488839275742414e-01 5.783164170455823427e-02
-9.784692910964005730e-01 1.985983492248487581e-01 5.618321412982622137e-02
-9.768845739153695362e-01 2.058892052247758564e-01 5.749935595945894484e-02
-9.746154436440949143e-01 2.157310466651424508e-01 5.987373566558342602e-02
-9.740354988164903194e-01 2.186939618573110200e-01 5.854750016992816414e-02
-9.725821114628343533e-01 2.255428082299902881e-01 5.669647089768854037e-02
-9.696476393970168139e-01 2.373535009639006765e-01 5.870930689720830348e-02
-9.673178470419163677e-01 2.472743096393247575e-01 5.613920348634832136e-02
-9.658322848150002748e-01 2.534357873955569440e-01 5.420618847293458276e-02
-9.644258353462951128e-01 2.587966799905508930e-01 5.391751225513245760e-02
-9.611851148693880686e-01 2.706477383370929357e-01 5.360026363098637642e-02
-9.590709487962107982e-01 2.779665979906251194e-01 5.401386096386048136e-02
-9.571654468303975039e-01 2.853444984949681240e-01 4.912062799058604379e-02
-9.556532123853856975e-01 2.896384409405955429e-01 5.325901619338567483e-02
-9.536411025872832958e-01 2.961470548094315425e-01 5.353112192590751134e-02
-9.534434263826826461e-01 2.979635603975150926e-01 4.651194363046079472e-02
-9.521314816408080750e-01 3.021202625660731611e-01 4.657252575122479421e-02
-9.508705131761346907e-01 3.067151484709539910e-01 4.208439513641530627e-02
-9.484870245944676537e-01 3.148796249537280656e-01 3.497423836062051733e-02
-9.464012943665676136e-01 3.210566920737275565e-01 3.531574563223675856e-02
-9.458820567087056208e-01 3.228183586188820842e-01 3.309763551977756152e-02
-9.447276511269128152e-01 3.267217553881336389e-01 2.725015647195339411e-02
-9.420180415527805717e-01 3.346418409582346820e-01 2.483664404197756873e-02
-9.416255596656879501e-01 3.357128023204071776e-01 2.526323341332520692e-02
-9.399842625566260379e-01 3.406758954032728104e-01 1.922320203047173798e-02
-9.383759491569572120e-01 3.451782168893003933e-01 1.739504697200601815e-02
-9.361831571604615210e-01 3.510712894115718408e-01 1.760843643975741266e-02
-9.348173419536258688e-01 3.547378000007597731e-01 1.666257635801242712e-02
-9.327974106708568636e-01 3.599078956430550869e-01 1.884962386655231539e-02
-9.303854800368250855e-01 3.661293935461666926e-01 1.822461876581117288e-02
-9.274204222531678976e-01 3.735172877827565574e-01 1.939606051527005895e-02
-9.260210242522703972e-01 3.769826449499106280e-01 1.921351329355723558e-02
-9.233053779788205073e-01 3.838236743301905451e-01 1.365931719692349555e-02
-9.246661666019584391e-01 3.804789740993237968e-01 1.510766406186069347e-02
-9.246854248240111707e-01 3.805519037879616095e-01 1.171001950736490042e-02
-9.254751465471354743e-01 3.786098522391065924e-01 1.226147714944921842e-02
-9.251292293109880660e-01 3.795675998500458448e-01 8.022289920693351575e-03
-9.234044748463606789e-01 3.837722624686353279e-01 6.560281008516247875e-03
-9.225792641127423810e-01 3.858063256613595282e-01 9.956714108475183886e-04
-9.222108036168708001e-01 3.866865221705764744e-01 8.821089983482455904e-04
-9.243377261979708326e-01 3.815747021103325087e-01 7.249087333003525341e-04
-9.236937884457315784e-01 3.831153472481384492e-01 3.525165873259484498e-03
-9.246439294834352118e-01 3.808164604319665414e-01 3.526760300952941699e-03
-9.244823670187930498e-01 3.811748338517844115e-01 -6.173337712627428517e-03
-9.259415403697984770e-01 3.776523290549748668e-01 -3.315593922936302829e-03
-9.265521477660043637e-01 3.761463842916313860e-01 -3.876344051628842144e-03
-9.263261031457663552e-01 3.767049562000782115e-01 -3.652067078244458382e-03
-9.237980559151429683e-01 3.828435464671038346e-01 -5.289780107064124062e-03
-9.236514697455152634e-01 3.830557926142837410e-01 -1.167189694551427903e-02
-9.243379138703957665e-01 3.814073362295622438e-01 -1.130822018357901387e-02
-9.246000339435951343e-01 3.804144347999148801e-01 -1.999115247439134033e-02
-9.268840215403081340e-01 3.746484016736888467e-01 -2.290408012403207655e-02
-9.281606534754204274e-01 3.713992103289171509e-01 -2.409230365052801928e-02
-9.293732913705857746e-01 3.685663068606641612e-01 -2.059548234052499538e-02
-9.303242548106577248e-01 3.661249957784102338e-01 -2.119621526627702562e-02
-9.321633153272588235e-01 3.615148478458022341e-01 -1.945711859084168008e-02
-9.321971382941177664e-01 3.616861506148880689e-01 -1.384322805443358693e-02
-9.339169836558589566e-01 3.571020526516833771e-01 -1.664940830773735045e-02
-9.363571835353723394e-01 3.506920385982876809e-01 -1.582182213053478365e-02
-9.365806891161506664e-01 3.496626846131413724e-01 -2.350810518197427035e-02
-9.400256786902158046e-01 3.400244434155911821e-01 -2.711296299121303960e-02
-9.413706469955246403e-01 3.358842154216128417e-01 -3.167191725821202897e-02
-9.446888826396803163e-01 3.264124904337059596e-01 -3.190317630657921871e-02
-9.461060824474802899e-01 3.225687589355514251e-01 -2.885633469321015332e-02
-9.477392111004142583e-01 3.175640498315253635e-01 -3.071601588494041191e-02
-9.495509116673209737e-01 3.119479006904912199e-01 -3.227359740779693620e-02
-9.517727469453870492e-01 3.052514939793500304e-01 -3.082491250444559239e-02
-9.541389009802663246e-01 2.977149984615055089e-01 -3.138071023345703064e-02
-9.550266058072200970e-01 2.944118517000813284e-01 -3.529667819975797205e-02
-9.566269097158169865e-01 2.887683490211819248e-01 -3.844226778455951676e-02
-9.604046498868747950e-01 2.765288331454677229e-01 -3.398123612605962601e-02
-9.614507563539945734e-01 2.729859053591639495e-01 -3.303256076335291114e-02
-9.630107989441399896e-01 2.665187737866928086e-01 -3.972349412516738842e-02
-9.652326381358403706e-01 2.584900669914078075e-01 -3.884393318826737801e-02
-9.656179195295161444e-01 2.564733298023408881e-01 -4.246735502704365728e-02
-9.676151511797613791e-01 2.488226598276854773e-01 -4.252310929229663472e-02
-9.695818573636048043e-01 2.403649283488811239e-01 -4.621401092508822805e-02
-9.717282425409515811e-01 2.310188042820024157e-01 -4.872931995240854797e-02
-9.721732643912086580e-01 2.286278356632983622e-01 -5.107317014841016023e-02
-9.733730561789494251e-01 2.228946725492127745e-01 -5.350579900094753344e-02
-9.758697070311412869e-01 2.120634804823343378e-01 -5.203275014323542613e-02
-9.773260880010958829e-01 2.048866354332564699e-01 -5.343403721804887430e-02
-9.785253507546110008e-01 1.982219517454526514e-01 -5.653501427848431349e-02
-9.804391224082248391e-01 1.880149202966665822e-01 -5.821966240712294488e-02
-9.814057959217614702e-01 1.816951025140639830e-01 -6.188348471947788254e-02
-9.834309234573666014e-01 1.698518143930570212e-01 -6.335607589347633239e-02
-9.854091195526236691e-01 1.564173471272954086e-01 -6.710062138690299494e-02
-9.861069407017680755e-01 1.520865928800713973e-01 -6.680406076261062587e-02
-9.880819862401237774e-01 1.401044293884352587e-01 -6.375539094266326201e-02
-9.892620860198441113e-01 1.340633073134175623e-01 -5.820281090165234372e-02
-9.909219145700288722e-01 1.223732454299630013e-01 -5.566471257823302210e-02
-9.923960400585131181e-01 1.111146428048044588e-01 -5.294948598924514860e-02
-9.932485251249004721e-01 1.032495848497412549e-01 -5.288575230111228209e-02
-9.940836856830465029e-01 9.657775224178259676e-02 -4.970287368656642335e-02
-9.951175417476604279e-01 8.558939990932468156e-02 -4.914819129555537264e-02
-9.950642973157701743e-01 8.654309411031552157e-02 -4.855253908202707830e-02
-9.955270283273081056e-01 8.275972950772876591e-02 -4.557164592194196812e-02
-9.960960324912712105e-01 7.342250262189570220e-02 -4.900859253507167806e-02
-9.965092281854077694e-01 6.966457500745908138e-02 -4.600235948264320279e-02
-9.972044786453821974e-01 5.683852259176763733e-02 -4.850383704602730106e-02
-9.972202261185549865e-01 5.274576054073144837e-02 -5.262810608284299030e-02
-9.979869943457541082e-01 3.867269000817120939e-02 -5.026324909444721684e-02
-9.979634493213647151e-01 3.314470622914353348e-02 -5.450132492554073116e-02
-9.984010237621857575e-01 2.278840541286061144e-02 -5.173100064024007544e-02
-9.984274464729221421e-01 1.405274379419083064e-02 -5.426939180352451098e-02
-9.985176357585295870e-01 8.027414044985654168e-03 -5.383404181533404942e-02
-9.985651827330105368e-01 4.563910752922945360e-04 -5.354792140991043031e-02
-9.986251119710430890e-01 -3.832618177102915975e-03 -5.228010219471260905e-02
-9.984362993080999615e-01 -9.416551964766182309e-03 -5.510260597672918259e-02
-9.983591273608928285e-01 -1.677777337778292577e-02 -5.475008240200141679e-02
-9.981902054381700529e-01 -2.933047550933143288e-02 -5.249808737806412745e-02
-9.980484299478533661e-01 -3.656300807729391533e-02 -5.062104390882327110e-02
-9.979164703002829651e-01 -3.870490413415504649e-02 -5.162035337914495925e-02
-9.974073329029720103e-01 -4.491316868160045994e-02 -5.622661227594109162e-02
-9.972867592853892349e-01 -5.451226693270220386e-02 -4.947266425332522144e-02
-9.970436339261937730e-01 -6.084281905174995092e-02 -4.692712825269505089e-02
-9.966509685641853356e-01 -6.638209617678401953e-02 -4.775223704073422448e-02
-9.961418665207778522e-01 -7.537879448050298359e-02 -4.493807940485705643e-02
-9.958004928337765849e-01 -8.077752321271537694e-02 -4.308575183676909698e-02
-9.955882509981662798e-01 -8.275907151432630726e-02 -4.421518245977144185e-02
-9.948327754816775892e-01 -8.948260734508595160e-02 -4.796481880165899547e-02
-9.941835176857886092e-01 -9.763237676736806481e-02 -4.546497692307741728e-02
-9.941414018385988927e-01 -9.740583130481780816e-02 -4.685071115930497521e-02
-9.932125110275876745e-01 -1.045030257427469744e-01 -5.106895195385127012e-02
-9.920396562661707440e-01 -1.139467780600299379e-01 -5.360470618286605066e-02
-9.906116223601062476e-01 -1.252182346466870766e-01 -5.485453268621412470e-02
-9.893327251686279133e-01 -1.356823010668660456e-01 -5.301965921491951644e-02
-9.874195271049146516e-01 -1.489763426700178028e-01 -5.299753759836978162e-02
-9.860276262644782630e-01 -1.581175770476787867e-01 -5.242484346896635061e-02
-9.849948711647675825e-01 -1.655295563810732784e-01 -4.883729850828297248e-02
-9.837735510367757730e-01 -1.738664860499495313e-01 -4.427253244932542742e-02
-9.825690745446526986e-01 -1.804302386444958384e-01 -4.475438029400806428e-02
-9.808420740066083887e-01 -1.897412067177677020e-01 -4.412609365857805138e-02
-9.796804155395077984e-01 -1.971970434063102517e-01 -3.660083176028247620e-02
-9.778083522835747665e-01 -2.069299417485130077e-01 -3.272363953091397826e-02
-9.769434491418524935e-01 -2.107504844887386208e-01 -3.414295929607397834e-02
-9.765184003328222229e-01 -2.137619541852184557e-01 -2.678902391810747061e-02
-9.753671647033291814e-01 -2.193630723265452276e-01 -2.321093525211094521e-02
-9.732983562498896957e-01 -2.286432604065282981e-01 -2.031206306606566162e-02
-9.722886880819787692e-01 -2.328221570037132260e-01 -2.117925828509682404e-02
-9.705589295728356269e-01 -2.399165820588930464e-01 -2.134030525010428836e-02
-9.686621566409890915e-01 -2.474540645373382308e-01 -2.145047756036942005e-02
-9.681948555638738574e-01 -2.495519678059014146e-01 -1.795961378508099948e-02
-9.657721997955706073e-01 -2.585348155811956761e-01 -2.106699181291848272e-02
-9.633901116838929912e-01 -2.672542318287560170e-01 -2.132320784049813317e-02
-9.626058643720691865e-01 -2.704165898247977706e-01 -1.627356133619516435e-02
-9.627557058633312570e-01 -2.700031098214724090e-01 -1.413444367466271459e-02
-9.632088973493108108e-01 -2.686254045130511137e-01 -8.308017837672694236e-03
-9.608597875584720116e-01 -2.768727117135622029e-01 -9.485844995517798625e-03
-9.615002907899073969e-01 -2.747467724387076538e-01 -5.604729845892470787e-03
-9.629865819703119501e-01 -2.694981842670630123e-01 -5.251932559105756439e-03
-9.643049049459317956e-01 -2.647473861946013085e-01 -4.988284287323790575e-03
-9.656769527990142210e-01 -2.597142286365343167e-01 -4.068594155160868558e-03
-9.653126798127553698e-01 -2.610834215647422352e-01 2.624560617823686048e-03
-9.672599480605013067e-01 -2.537070042872123232e-01 6.400017115608436918e-03
-9.677765298330399668e-01 -2.517287777978047258e-01 6.420443790455348382e-03
-9.680155680121715900e-01 -2.508767827415372964e-01 2.590624694605390705e-03
-9.666850182087053378e-01 -2.559223192103718958e-01 4.883988614746728046e-03
-9.680915494158008894e-01 -2.502545505343748422e-01 1.309287932251497651e-02
-9.683535831377994008e-01 -2.492563359146312829e-01 1.275259306831330944e-02
-9.672166647364952574e-01 -2.536798956607326239e-01 1.176629163013331869e-02
-9.675596511057785731e-01 -2.522681361699210534e-01 1.375211555266761185e-02
-9.683596792752553473e-01 -2.491170253617608354e-01 1.484085281422417059e-02
-9.680484127991875187e-01 -2.502991883560516939e-01 1.525117904822675952e-02
-9.682780505010014638e-01 -2.494227698851727293e-01 1.503031788549448987e-02
-9.688708603996488700e-01 -2.469933206029629735e-01 1.683945161677472338e-02
-9.688686451245699383e-01 -2.471940393823930937e-01 1.373561376863732635e-02
-9.703874970500747654e-01 -2.412132402795170993e-01 1.281756330293165602e-02
-9.703053025735869364e-01 -2.415580801007413680e-01 1.254294153238113239e-02
-9.695113255705827271e-01 -2.444323757316439472e-01 1.733825046923517799e-02
-9.698655387348369405e-01 -2.430760240409199358e-01 1.657995639905565297e-02
-9.706165469833486492e-01 -2.403601501080037395e-01 1.142490862991047719e-02
-9.703272375942567640e-01 -2.412006680991120033e-01 1.694996428433925145e-02
-9.704534679106233686e-01 -2.407753484390610099e-01 1.572608663405495460e-02
-9.709501424241504530e-01 -2.385669776992827562e-01 1.848322808909427795e-02
-9.714488738320262717e-01 -2.364272234601137723e-01 1.972980463445365984e-02
-9.720629857912711502e-01 -2.336755805315288703e-01 2.211981952945546448e-02
-9.718569260883462846e-01 -2.346745439817329859e-01 2.054228130960258913e-02
-9.721384650344445655e-01 -2.334657999365778447e-01 2.098896765772207892e-02
-9.733545128766708521e-01 -2.282462712937374794e-01 2.201462332797209445e-02
-9.735456246351803511e-01 -2.277885397458079553e-01 1.792511248790590317e-02
-9.737042176077725930e-01 -2.270473425314139260e-01 1.869793057273198833e-02
-9.747394239326269139e-01 -2.218108107177964305e-01 2.613487395144568903e-02
-9.749363359913110205e-01 -2.209274041972509872e-01 2.627231994271277127e-02
-9.754119526965854270e-01 -2.184685587533798101e-01 2.903486573315379460e-02
-9.773564405572737757e-01 -2.087455832650932930e-01 3.463642479613932706e-02
-9.782943411176509008e-01 -2.028555462819272848e-01 4.230628934509485239e-02
-9.786902775581849401e-01 -2.013884786792302928e-01 4.010029764392642609e-02
-9.801458796459943112e-01 -1.935226947982821577e-01 4.316287602448035110e-02
-9.812404313692431046e-01 -1.879120705643575751e-01 4.308459395530335467e-02
-9.819811427296899486e-01 -1.838086836972127602e-01 4.390234396949373175e-02
-9.822346683562509506e-01 -1.808915724832087790e-01 4.993303571077473135e-02
-9.829530036122504644e-01 -1.772035944344070857e-01 4.901317712378186475e-02
-9.834098695206475726e-01 -1.720519490372042770e-01 5.747319878371558860e-02
-9.848642043440029026e-01 -1.624179706924993583e-01 6.052202216365344667e-02
-9.854243552688187746e-01 -1.590745153946566959e-01 6.028392789109183331e-02
-9.873379189346620510e-01 -1.449435621920358574e-01 6.446092965903127414e-02
-9.893612992186899824e-01 -1.303855055939342478e-01 6.452792717805233558e-02
-9.902613081287059416e-01 -1.239217687134498841e-01 6.345037956579493987e-02
-9.920921044209422002e-01 -1.100468074846993050e-01 6.035702286871256345e-02
-9.935376934599282617e-01 -9.946938299099414293e-02 5.466906796017970832e-02
-9.936936320010629764e-01 -9.781612587163031336e-02 5.481774083553384025e-02
-9.947871205592838662e-01 -8.712773400482931585e-02 5.298448939931454937e-02
-9.950730038077074679e-01 -8.189748684748439367e-02 5.587962242067296553e-02
-9.953300660061363825e-01 -7.885056246202108710e-02 5.568358787590342585e-02
-9.958450604389879057e-01 -7.116978606687889009e-02 5.681100831238043714e-02
-9.959610442869019087e-01 -7.047316110936198419e-02 5.563403036467576279e-02
-9.963349460996988594e-01 -6.313225015363739534e-02 5.771488327658979428e-02
-9.965242155677273006e-01 -5.795697042587745484e-02 5.983720491776003958e-02
-9.972498783732485217e-01 -4.800079280272896015e-02 5.646784419356980222e-02
-9.973534003403879966e-01 -4.252443849247616869e-02 5.897355789417503547e-02
-9.976471649494902394e-01 -3.207617402724128458e-02 6.059098122071968073e-02
-9.980961357081853391e-01 -1.955164976112415756e-02 5.849658443994086576e-02
-9.983779176089753182e-01 -3.317019682945336612e-03 5.683787698811395422e-02
-9.982301549001266761e-01 3.894334087095645963e-03 5.934143057713854585e-02
-9.981947387220563295e-01 1.225861714026164201e-02 5.879628567285281188e-02
-9.979219962018843759e-01 2.451385383893718919e-02 5.958837042547954210e-02
-9.978490887117358321e-01 3.339121939602045230e-02 5.641130994409315064e-02
-9.977182329131013550e-01 4.239765698940372446e-02 5.254312093591821664e-02
-9.976303737999817622e-01 4.524209301386600268e-02 5.183438481106183993e-02
-9.972577880650509430e-01 5.284925819930963442e-02 5.180611168321495180e-02
-9.965581302097924477e-01 6.612923099371570412e-02 4.998830797190770281e-02
-9.956652946832244000e-01 7.886130948769917715e-02 4.931052429828195610e-02
-9.950998799408508066e-01 8.322163395715066747e-02 5.338915269807817388e-02
-9.942942302752774131e-01 9.125962230068408731e-02 5.523294377470162886e-02
-9.934109486818062384e-01 9.987355824800388249e-02 5.621363348624915796e-02
-9.923531437957509027e-01 1.084952614117254827e-01 5.885600692735246803e-02
-9.911670880250762483e-01 1.206845957292063121e-01 5.498222513323696575e-02
-9.892930177805705494e-01 1.332004717667012728e-01 5.964036173838999783e-02
-9.878035192849207169e-01 1.440446699071772085e-01 5.912151711354992484e-02
-9.869752794226754888e-01 1.503870973217598661e-01 5.712733252870772632e-02
-9.852824745697280617e-01 1.601979175595877325e-01 5.962454344882390372e-02
-9.838936913890180547e-01 1.686603354263680188e-01 5.921916032797163582e-02
-9.829997691867777831e-01 1.734349731303847231e-01 6.026423118388133521e-02
-9.815146836436637878e-01 1.834966648061707728e-01 5.438670105014044298e-02
-9.790274486744093840e-01 1.975249876909503377e-01 4.989135143254568028e-02
-9.775970218434912873e-01 2.042422218287016644e-01 5.088409088727372659e-02
-9.755789901823658239e-01 2.125572982790173426e-01 5.536282384741160467e-02
-9.737978903656586693e-01 2.205496785849574426e-01 5.545738366529148755e-02
-9.730328472095163272e-01 2.247852286064511151e-01 5.175608713686566387e-02
-9.712413210987635992e-01 2.332998881304099992e-01 4.755493033142252357e-02
-9.707737279104934336e-01 2.360283544842327330e-01 4.346260512522730213e-02
-9.726253973838873135e-01 2.302011610322553525e-01 3.173760291553125168e-02
-9.723249458615893515e-01 2.322082058676130101e-01 2.575970462413347192e-02
-9.710936334041078144e-01 2.377763886627115575e-01 2.096563069590929446e-02
-9.718340790718381639e-01 2.351676692198085006e-01 1.532004184168426000e-02
-9.696699442626109944e-01 2.436353045672054463e-01 1.954613505438214036e-02
-9.681120122580151310e-01 2.496716011680406300e-01 2.057272895625265538e-02
-9.691433154371287273e-01 2.456179959138627411e-01 2.080980785929709490e-02
-9.704928234644252250e-01 2.404976213620567960e-01 1.745244058862513784e-02
-9.696362300696632630e-01 2.441936994135656958e-01 1.322997923400439160e-02
-9.707366692480903225e-01 2.399301747958538511e-01 1.019039436838615684e-02
-9.724923807201293346e-01 2.328120003184729891e-01 7.560165258858133480e-03
-9.723924576758610216e-01 2.330671126247630676e-01 1.151709330516818841e-02
-9.728059871621026478e-01 2.313430798954540235e-01 1.135362928399813627e-02
-9.733963028602442558e-01 2.290722754514653292e-01 5.054147334826624045e-03
-9.737618386231238210e-01 2.275064703129646149e-01 5.357407154549530953e-03
-9.739437487480251399e-01 2.267710277864381785e-01 -2.913678836354629056e-03
-9.738913721113787725e-01 2.270145579470953523e-01 1.062488784426716612e-05
-9.749141472428688449e-01 2.225486304960931638e-01 -3.811428361434531561e-03
-9.752947923511913197e-01 2.207556162341801909e-01 -8.187821652841705683e-03
-9.750604427123800155e-01 2.216229498234475737e-01 -1.184971178220826753e-02
-9.757272788750879222e-01 2.185977079114435340e-01 -1.308945642114900387e-02
-9.761609921123098887e-01 2.167326325913724316e-01 -1.169178977653225968e-02
-9.757387096350185196e-01 2.186272140145072984e-01 -1.166731812202899746e-02
-9.764710132649763175e-01 2.152295685176713047e-01 -1.343903328521510107e-02
-9.773046675649165183e-01 2.109718745045531252e-01 -1.914339568723299329e-02
-9.772436046332138027e-01 2.108796265033914819e-01 -2.290709539562628405e-02
-9.774293197569728919e-01 2.099328199803587314e-01 -2.366750229653176441e-02
-9.776645697980658190e-01 2.089913603495041905e-01 -2.223994028173447920e-02
-9.785283184755552144e-01 2.048254707685397413e-01 -2.299719893457325207e-02
-9.790935168106210673e-01 2.019320373947553759e-01 -2.448167292672822140e-02
-9.799676187028560914e-01 1.974792946888170309e-01 -2.579552643914845636e-02
-9.809991995716275115e-01 1.921750315245299989e-01 -2.663348344382573951e-02
-9.813343028792765876e-01 1.912007333925320740e-01 -2.062232453713477159e-02
-9.817773800786384619e-01 1.886002846893156948e-01 -2.330500694758576991e-02
-9.822589972355343368e-01 1.861760813754007038e-01 -2.248874902831743405e-02
-9.828272925600949339e-01 1.828361891221611524e-01 -2.492901396771917549e-02
-9.833488388358928578e-01 1.791901157696302871e-01 -3.026513728393501190e-02
-9.840133731316695886e-01 1.765821978312399065e-01 -2.316082508847844279e-02
-9.844755864570733372e-01 1.739228828583587738e-01 -2.363610405143467402e-02
-9.848259982199187856e-01 1.716677375607178757e-01 -2.545498092606288468e-02
-9.850542128351581495e-01 1.697368955413444125e-01 -2.928479270965198347e-02
-9.854841747520717288e-01 1.668860501330892698e-01 -3.114486624828709596e-02
-9.862437707900263417e-01 1.624646380718987038e-01 -3.047098703346945783e-02
-9.864556968172610851e-01 1.615704815603219158e-01 -2.828697216898754321e-02
-9.864964645485252426e-01 1.615531328838369085e-01 -2.693187292845006242e-02
-9.863618876301056826e-01 1.627173454302784650e-01 -2.476504042900315103e-02
-9.860657378688066910e-01 1.634328614100096222e-01 -3.104956507636972424e-02
-9.860742559578123956e-01 1.623320326544456516e-01 -3.613707295882043202e-02
-9.870704907011542684e-01 1.561177179825416206e-01 -3.631968696408766073e-02
-9.871152874520187082e-01 1.551050844845460741e-01 -3.931713638991035653e-02
-9.882922479546429884e-01 1.478242262494370851e-01 -3.776831831434215164e-02
-9.891786817201519977e-01 1.419393168946068429e-01 -3.713194075601314315e-02
-9.899103547425852634e-01 1.360743116689561161e-01 -3.951311768539932101e-02
-9.902335559386593600e-01 1.332673744384176018e-01 -4.095518058636245240e-02
-9.903855514707161634e-01 1.317645384306676826e-01 -4.212577680917920647e-02
-9.910475185359094441e-01 1.252707883037048331e-01 -4.617424516317682887e-02
-9.921617676529999041e-01 1.145399356149184172e-01 -4.995643655513012232e-02
-9.935620601512106242e-01 1.038604319322316977e-01 -4.524885227147016492e-02
-9.938249341880549537e-01 9.992113795185217362e-02 -4.824709146060847387e-02
-9.951461090986468694e-01 8.668230892753328587e-02 -4.658770380061428434e-02
-9.955168721651407315e-01 8.095027646279179256e-02 -4.892060222431342947e-02
-9.962122644797649640e-01 6.748349976878204037e-02 -5.483718374041110510e-02
-9.970444954347357225e-01 5.719507995361740316e-02 -5.129339371205552528e-02
-9.973482338369410449e-01 5.032958219495208690e-02 -5.256851690343362221e-02
-9.975636440874404709e-01 3.775705261440226446e-02 -5.866171497022132364e-02
-9.979370347313943901e-01 2.866902687858485094e-02 -5.744368847268858935e-02
-9.980537366842757718e-01 1.845058871048647908e-02 -5.956786325255065268e-02
-9.981415578962264945e-01 8.353669243568376604e-03 -6.036275779341163800e-02
-9.983251861572128849e-01 -3.380421178682627495e-03 -5.775301730899443792e-02
-9.984463186667912327e-01 -6.142178012405847924e-03 -5.538264992689793942e-02
-9.983321064987207283e-01 -1.482948741999464901e-02 -5.579522361326199470e-02
-9.980758227122600301e-01 -1.964788933567082965e-02 -5.881010262025786195e-02
-9.977756570081851573e-01 -2.866493901680999823e-02 -6.018367964403881915e-02
-9.975685837839027847e-01 -3.810982231685914462e-02 -5.834875944478976756e-02
-9.970217187160235195e-01 -4.621825532477163295e-02 -6.173800388215924806e-02
-9.967632491620561641e-01 -5.477393142381340591e-02 -5.884604780363025811e-02
-9.960056989553842666e-01 -6.893736367461375525e-02 -5.674771483371091052e-02
-9.959548935312536599e-01 -7.205431765442525671e-02 -5.368464376158547935e-02
-9.954454886239586520e-01 -7.844110208916384164e-02 -5.417830121290461570e-02
-9.947873293247305737e-01 -8.847353883865420598e-02 -5.070126100987774886e-02
-9.939847225659032004e-01 -9.418083792990794567e-02 -5.589594646216534263e-02
-9.923773182450738028e-01 -1.058285863185384201e-01 -6.314732716916818256e-02
-9.917462900063422904e-01 -1.134675056601154725e-01 -5.970291235466489155e-02
-9.903554892993100545e-01 -1.246479921055695661e-01 -6.048883597861811484e-02
-9.898990818156764293e-01 -1.310621473586501551e-01 -5.406050001223549478e-02
-9.888738789486082315e-01 -1.397123946396469918e-01 -5.107753296876854643e-02
-9.880695847736021831e-01 -1.446178503777362789e-01 -5.295459489765050320e-02
-9.869557586738130217e-01 -1.535634655675378879e-01 -4.833847540379489216e-02
-9.859995676695704203e-01 -1.596119699607897457e-01 -4.825854680791514389e-02
-9.843504815407639885e-01 -1.708210692232032812e-01 -4.329326683586200153e-02
-9.837386585360416991e-01 -1.747738827433114872e-01 -4.138063235604991924e-02
-9.828923429047641269e-01 -1.796766138478040065e-01 -4.048421660465739008e-02
-9.819234648225189099e-01 -1.855151369739137801e-01 -3.755606677402174853e-02
-9.806926455200456472e-01 -1.922786508478276646e-01 -3.564926817644938073e-02
-9.795263808211004397e-01 -1.974393974141457897e-01 -3.931626374839665428e-02
-9.772862575842616861e-01 -2.070001047026047147e-01 -4.541522912473874157e-02
-9.752952822025166002e-01 -2.161977970292648377e-01 -4.536122482992568927e-02
-9.747533626231519310e-01 -2.191668298423224137e-01 -4.268253007781088598e-02
-9.739280278289899062e-01 -2.236366978491844681e-01 -3.808988641289269561e-02
-9.737340916760975906e-01 -2.240526409767950866e-01 -4.052589608957104378e-02
-9.716117366355508933e-01 -2.339563395801405599e-01 -3.514369725622324553e-02
-9.700900537594892015e-01 -2.401266052302367116e-01 -3.556003549220671661e-02
-9.690270436695164191e-01 -2.446430780828452167e-01 -3.371005778757735216e-02
-9.682094671336882730e-01 -2.485021986701546060e-01 -2.858495908951617925e-02
-9.663303131114738820e-01 -2.556700215638473828e-01 -2.895826178905570522e-02
-9.666155749284235377e-01 -2.548780615613222000e-01 -2.629674793432531035e-02
-9.658637760746586753e-01 -2.579344786355620700e-01 -2.402052685559744744e-02
-9.653880275180226622e-01 -2.595862722110325871e-01 -2.531676387947462761e-02
-9.649310208553488755e-01 -2.615551090604242290e-01 -2.229495061597543820e-02
-9.629192382110319803e-01 -2.689179808810620020e-01 -2.167198921641320247e-02
-9.627797779283875368e-01 -2.697341837905088413e-01 -1.727958842937182826e-02
-9.624152339206454299e-01 -2.711983348834370866e-01 -1.443591053596509841e-02
-9.622117564378641630e-01 -2.721112906485902427e-01 -1.019784749314881639e-02
-9.622497915439689464e-01 -2.719561202048234039e-01 -1.073415930850398978e-02
-9.621038047867099818e-01 -2.724971485123715009e-01 -1.007907159952135812e-02
-9.611245002544274163e-01 -2.758448353431590117e-01 -1.222033851304515223e-02
-9.588365174875440600e-01 -2.838430960800180647e-01 -8.102117177617502997e-03
-9.586479108573492391e-01 -2.845066424341962663e-01 -7.082949865040795781e-03
-9.584779230928991423e-01 -2.851647140482186926e-01 -1.082407119176267453e-03
-9.593273205018714167e-01 -2.822942749306170951e-01 1.024364926051604154e-03
-9.602246261613667233e-01 -2.792248464208464398e-01 -1.472171309775545910e-03
-9.598142860808719368e-01 -2.806335038671054494e-01 1.177945291488066443e-03
-9.596299778143431158e-01 -2.812567699608877203e-01 2.224824512648212321e-03
-9.580470700099904535e-01 -2.865851929957041744e-01 3.841037910998637908e-03
-9.575564392412173609e-01 -2.881997851329385352e-01 5.154055518359416423e-03
-9.577253160177374713e-01 -2.875630538482037979e-01 8.350084937288271975e-03
-9.593059870155299373e-01 -2.821739039711614327e-01 1.048456385414587091e-02
-9.596243089718999864e-01 -2.812527581478045935e-01 4.252828125554909515e-03
-9.600380081706089141e-01 -2.798074850273947756e-01 5.899921645223496838e-03
-9.603942728273034968e-01 -2.785334373862012325e-01 7.872730076127954293e-03
-9.606141352014520018e-01 -2.776159702593240519e-01 1.224219091921378497e-02
-9.620675476025680739e-01 -2.725645836784218456e-01 1.160157300021731792e-02
-9.614736323212565994e-01 -2.744747084948965798e-01 1.523494832811171651e-02
-9.625921341037879664e-01 -2.701957912585690180e-01 2.026407604823597663e-02
-9.628786494408670960e-01 -2.684707414287838545e-01 2.807459025939555361e-02
-9.632119752685434078e-01 -2.668732180229838602e-01 3.164476956138612823e-02
-9.647530610996886136e-01 -2.613064060651528187e-01 3.115298503364349186e-02
-9.651773114544369703e-01 -2.598032150399450790e-01 3.057878566826127686e-02
-9.662177299466216951e-01 -2.549262834460858107e-01 3.789332152684133509e-02
-9.678206368964231698e-01 -2.480397518602199813e-01 4.242065477157461184e-02
-9.689966176181779023e-01 -2.426741795098413534e-01 4.641996718819516032e-02
-9.709330087167749035e-01 -2.344146476771687970e-01 4.836198186809120836e-02
-9.713872904653051421e-01 -2.323150878768202310e-01 4.936038520648626526e-02
-9.730128389413505996e-01 -2.253793579475029119e-01 4.949925286112659417e-02
-9.755170450026907636e-01 -2.142977574101601612e-01 4.942652971533663397e-02
-9.772503909617986650e-01 -2.045993912498141054e-01 5.586392693474467180e-02
-9.793407853632097870e-01 -1.933419458518149947e-01 5.924976123287706287e-02
-9.801576374440122974e-01 -1.885826264283715359e-01 6.105419675194494883e-02
-9.818629172484314438e-01 -1.785489349591947994e-01 6.376131925893244179e-02
-9.838332834457840237e-01 -1.657777430724147183e-01 6.774826245387637058e-02
-9.845808769515006498e-01 -1.574220274429658506e-01 7.628118602064033749e-02
-9.857432159220937962e-01 -1.503691649468491265e-01 7.549466059437182075e-02
-9.878725526504874566e-01 -1.367330337148141006e-01 7.356571439536120638e-02
-9.890133922304453762e-01 -1.260186343245648655e-01 7.727762388267800375e-02
-9.911673873612169006e-01 -1.089941745834922537e-01 7.554798001137057184e-02
-9.919564890577770022e-01 -1.001985861636837949e-01 7.734716833511194600e-02
-9.936466520364697352e-01 -8.414027246307677343e-02 7.474464813590152301e-02
-9.947423811317630538e-01 -6.751421393429715700e-02 7.700287868290210669e-02
-9.950738920621930994e-01 -5.912693526992016807e-02 7.957368998866894139e-02
-9.957844637279141820e-01 -4.527943994042624848e-02 7.976898772763242607e-02
-9.958445600651004703e-01 -3.444921124602318141e-02 8.430232182087531168e-02
-9.961395846806080367e-01 -2.294015659550776437e-02 8.473307817240546824e-02
-9.967673631958076097e-01 -5.066676956888369748e-03 8.018210058801572560e-02
-9.967081110247185682e-01 6.895752433791658628e-03 8.077999065120393396e-02
-9.963915114454998667e-01 2.054271727280126969e-02 8.235271388104582757e-02
-9.963041932328082773e-01 3.228001524670373601e-02 7.959881760798072359e-02
-9.959254849386990349e-01 4.465587319411987166e-02 7.834729050137689832e-02
-9.957111227958552746e-01 5.733985660266078394e-02 7.260521322112334364e-02
-9.949103734091807594e-01 7.070553248722138973e-02 7.179201007051455585e-02
-9.945449935636936356e-01 8.060286915600652080e-02 6.620761946770517548e-02
-9.932541595435082638e-01 9.211256282621824165e-02 7.043767649828686084e-02
-9.924325497123874795e-01 1.024920088241457194e-01 6.762424302614646054e-02
-9.908152112510467679e-01 1.171385358474350963e-01 6.755587622032178940e-02
-9.897140141008242686e-01 1.271780177979246473e-01 6.551288270026042748e-02
-9.882429259511592567e-01 1.359216551073473001e-01 7.000884781264170298e-02
-9.869341549491773558e-01 1.470119844738710380e-01 6.594289656784510512e-02
-9.862843720142977499e-01 1.512138541094013022e-01 6.616285394583805435e-02
-9.851053120872642621e-01 1.598424181532221988e-01 6.338722873572459615e-02
-9.840059328134802552e-01 1.663963556066390403e-01 6.359710956767671008e-02
-9.825938117365069502e-01 1.740136791914384806e-01 6.502811674873645864e-02
-9.800816689890852196e-01 1.871627592441357790e-01 6.640812549267098575e-02
-9.778371858884941092e-01 1.990075210958157925e-01 6.504198507100544813e-02
-9.751039317277732099e-01 2.113735514155259398e-01 6.703401757074127498e-02
-9.726284399630232835e-01 2.224968493710032247e-01 6.700063592122088019e-02
-9.709071485759401821e-01 2.290212641191324283e-01 6.991841703399585828e-02
-9.685280717181709020e-01 2.395087421154971918e-01 6.774180567902236827e-02
-9.672892409736625341e-01 2.458849158499340215e-01 6.238708039391206023e-02
-9.662013219163164690e-01 2.511707270072149889e-01 5.803694291775577524e-02
-9.623420240637827749e-01 2.659777962238500937e-01 5.615741891806980829e-02
-9.613695836141672446e-01 2.698283390812890037e-01 5.441696563171485174e-02
-9.590615779653259843e-01 2.780145711129758945e-01 5.393331934204208256e-02
-9.573722685832529722e-01 2.838992184911375283e-01 5.328778528634871281e-02
-9.555930446401994516e-01 2.906838260827175335e-01 4.842376543779347564e-02
-9.526448880651222639e-01 3.007896160949767861e-01 4.464682145424801740e-02
-9.517771726833038626e-01 3.041207765785289840e-01 4.038293329867554543e-02
-9.496580772007496840e-01 3.111112229575520027e-01 3.686946901663194776e-02
-9.500124719329967604e-01 3.109855817933649957e-01 2.764571497420515236e-02
-9.513114987984438997e-01 3.073634720520359020e-01 2.311153178340589684e-02
-9.512874226521925713e-01 3.076683632873701280e-01 1.980990509608309899e-02
-9.510346316341239392e-01 3.086976091977381986e-01 1.545736437313217047e-02
-9.498429780652573040e-01 3.124410828830060938e-01 1.337539953377110680e-02
-9.480845523201930636e-01 3.178201174756755121e-01 1.122804887816919103e-02
-9.475727996379691431e-01 3.194131330103668898e-01 9.003017321031040604e-03
-9.452852113840561898e-01 3.262186849797053534e-01 4.153663835825658832e-03
-9.453674886264390453e-01 3.259473695973206797e-01 6.215940605945881672e-03
-9.450125292270601385e-01 3.270179804894761677e-01 3.251807672627283954e-03
-9.441518678239080309e-01 3.294769599126948778e-01 4.711432231838405885e-03
-9.440871928353248288e-01 3.296491594041705553e-01 5.551418972967230893e-03
-9.435557423182762138e-01 3.312073921676298993e-01 2.058823270629918205e-03
-9.426934587764167484e-01 3.336053196953859268e-01 -6.045469975146640883e-03
-9.421276554163094952e-01 3.351928022711555544e-01 -6.424987332942709052e-03
-9.427707062072128164e-01 3.333152163104469157e-01 -9.185661889390734150e-03
-9.444087809545466117e-01 3.283865890183440550e-01 -1.594731874195011445e-02
-9.453282102260900377e-01 3.256448416041820004e-01 -1.760756867255721531e-02
-9.480999649403255569e-01 3.176744728758663094e-01 -1.376226655982190454e-02
-9.487466889846917217e-01 3.155857160429841879e-01 -1.689349776666164774e-02
-9.512351751893322049e-01 3.076604502981158396e-01 -2.228684326411160821e-02
-9.530820983645873490e-01 3.017831288284174573e-01 -2.369539110603826465e-02
-9.529031437847295116e-01 3.022760338064240382e-01 -2.459293758805227229e-02
-9.547280174049274093e-01 2.964369636078213466e-01 -2.489084219808605086e-02
-9.560295987591380662e-01 2.916752123317066792e-01 -3.054491328469866041e-02
-9.570283559164828313e-01 2.880187325842181179e-01 -3.379276006079277861e-02
-9.587888306199661148e-01 2.817977600000825533e-01 -3.624935521495496055e-02
-9.603659532119871445e-01 2.761880607049682079e-01 -3.764845456256404183e-02
-9.623251223414844846e-01 2.679784635606991539e-01 -4.602083980198191926e-02
-9.629538883483239609e-01 2.649566236880394610e-01 -5.017780604879391176e-02
-9.650040649991481478e-01 2.570474470180126314e-01 -5.190164123538013735e-02
-9.661501727134881312e-01 2.524024516784521555e-01 -5.335599341085710268e-02
-9.677489319546317414e-01 2.472153556480768954e-01 -4.844159928378966723e-02
-9.700850203096483826e-01 2.372232658157867602e-01 -5.157704400999681138e-02
-9.724133513382902105e-01 2.275455629429624371e-01 -5.133523984447037336e-02
-9.738833379239340005e-01 2.208876068324746034e-01 -5.253499079644868841e-02
-9.745222537835072085e-01 2.165283030109773632e-01 -5.849689697706129954e-02
-9.764803070084663306e-01 2.062605860075220343e-01 -6.279169529589705145e-02
-9.790724777473071017e-01 1.941961730453561075e-01 -6.086826457492233028e-02
-9.815060451230884775e-01 1.820118974300478920e-01 -5.930909330023294290e-02
-9.830445309571473889e-01 1.732528287790943700e-01 -6.005766794787861795e-02
-9.853447884423867098e-01 1.604663786054497110e-01 -5.784639115671102311e-02
-9.867884827113079238e-01 1.504732548576615536e-01 -6.005252482166931194e-02
-9.886074951996175475e-01 1.391939549515776031e-01 -5.727371949964424336e-02
-9.893494641837539127e-01 1.321287778515652656e-01 -6.107077509284161709e-02
-9.909241787059068773e-01 1.198168609079186681e-01 -6.093609502737198924e-02
-9.925845051736909008e-01 1.069102423186272383e-01 -5.784648464161964987e-02
-9.930659682605269545e-01 1.011921067953659853e-01 -5.983440354952289375e-02
-9.938709903896860709e-01 9.260398401623685938e-02 -6.037360598847867771e-02
-9.950476971059040165e-01 7.897812849127125445e-02 -6.035355331160323356e-02
-9.957508756680448769e-01 6.850721159620283551e-02 -6.153837261316939117e-02
-9.966111153689776181e-01 5.143210463079971040e-02 -6.419532032531667654e-02
-9.973610949051449071e-01 4.253370210738424001e-02 -5.883660541020110241e-02
-9.977705825677690710e-01 2.946512534623524360e-02 -5.988060317152495149e-02
-9.982037572497999278e-01 1.562251986024588632e-02 -5.783780191029099654e-02
-9.982471616043487872e-01 6.858192004449183143e-03 -5.878422463430357098e-02
-9.983172905357186044e-01 -3.778983841399205165e-03 -5.786468805677089100e-02
-9.985416641058100229e-01 -1.175918151863099281e-02 -5.269043546212801021e-02
-9.984111305049195861e-01 -1.822738615816251947e-02 -5.331971670915613970e-02
-9.983906749187568819e-01 -2.297787909814563712e-02 -5.184681835900238622e-02
-9.981230148697279869e-01 -2.814666414382900259e-02 -5.438959318716561631e-02
-9.978951759391048171e-01 -3.923479176648090455e-02 -5.163200706076116059e-02
-9.976362732396881761e-01 -4.401464235567077721e-02 -5.276924094607098742e-02
-9.973483381105449075e-01 -5.178114827364972000e-02 -5.113726965608887676e-02
-9.968568230331336100e-01 -6.052928937742175358e-02 -5.111452528977927096e-02
-9.963633956893129806e-01 -6.718824358150725373e-02 -5.239979842591263592e-02
-9.954688121589559957e-01 -7.897674403612395255e-02 -5.295784369161249394e-02
-9.949882518419694843e-01 -8.595752641192004606e-02 -5.108519916946357986e-02
-9.943250118543826011e-01 -9.422509093979532235e-02 -4.939046654966222638e-02
-9.931850694470946150e-01 -1.054058652793747469e-01 -4.972963450529445384e-02
-9.921957400076121258e-01 -1.122596346487677865e-01 -5.427157093105996338e-02
-9.912712099064009408e-01 -1.182680875367852769e-01 -5.825859133424141079e-02
-9.901775137241020097e-01 -1.261301522360976923e-01 -6.032985683398185001e-02
-9.878226998114676416e-01 -1.401048378214095891e-01 -6.765326451584660616e-02
-9.869760441917055926e-01 -1.479342695005173569e-01 -6.319616904886408981e-02
-9.849388098557437798e-01 -1.593906516645826055e-01 -6.700878464860546280e-02
-9.832140225549976797e-01 -1.702535744026313358e-01 -6.560428644682816945e-02
-9.815819005498837013e-01 -1.808307502804210321e-01 -6.162165501544378254e-02
-9.802975276287358986e-01 -1.878502265498881163e-01 -6.106607724714765290e-02
-9.788645598818137561e-01 -1.974557082839649425e-01 -5.324877947314086979e-02
-9.767313974492141115e-01 -2.070257240058557824e-01 -5.600127433735369031e-02
-9.757516446333348581e-01 -2.111813470707447071e-01 -5.754287595192010552e-02
-9.746544064595422663e-01 -2.171490403592117313e-01 -5.380611591365774826e-02
-9.735726793514126731e-01 -2.218701814401946304e-01 -5.412833346014769148e-02
-9.723844587844513443e-01 -2.277557879693437315e-01 -5.094880838357183223e-02
-9.709134160938700520e-01 -2.341168818793382400e-01 -5.016412829402353696e-02
-9.691308191149454743e-01 -2.417014269716076802e-01 -4.864042800165194885e-02
-9.693719518442773797e-01 -2.417696635200271560e-01 -4.319102207384878378e-02
-9.679140253263928129e-01 -2.481497155322002490e-01 -3.954963698825950807e-02
-9.663175246067237101e-01 -2.547349013584974120e-01 -3.661402780451067374e-02
-9.650716132132025615e-01 -2.598861649808878460e-01 -3.310555578355627027e-02
-9.652010178169612153e-01 -2.597657224044576108e-01 -3.014597620305392231e-02
-9.641798741004572459e-01 -2.641513484020588942e-01 -2.410913636895427661e-02
-9.640189154990940201e-01 -2.650850568798165940e-01 -1.993635134160402431e-02
-9.629969995445812891e-01 -2.683060586677593062e-01 -2.546866210169120709e-02
-9.616085544250640993e-01 -2.730631085624866117e-01 -2.730461207241319938e-02
-9.594788808272012304e-01 -2.807217137290275444e-01 -2.440515407681955948e-02
-9.590986334501337973e-01 -2.820936069433593318e-01 -2.351644289351027123e-02
-9.594963962305537164e-01 -2.810544308656122148e-01 -1.936717311021365559e-02
-9.599871094429084373e-01 -2.795600593433245629e-01 -1.646018981954715937e-02
-9.603521697716489447e-01 -2.782206577641123668e-01 -1.780422772470950307e-02
-9.597764738154037634e-01 -2.801408142952580560e-01 -1.871521862198881683e-02
-9.598904547267148590e-01 -2.799737120159405679e-01 -1.500168167223363269e-02
-9.586511782692772599e-01 -2.839897964665829000e-01 -1.837740199993057738e-02
-9.581003277700377296e-01 -2.861713699671041278e-01 -1.223617310945170761e-02
