1.000000000000000000e+00 0.000000000000000000e+00 0.000000000000000000e+00
9.999708354513118236e-01 4.799343550231517652e-03 -5.940948213618198366e-03
9.998761226483556808e-01 1.100066668293602466e-02 -1.125723532486193335e-02
9.997343562861206179e-01 1.513418187739220058e-02 -1.738316267816543415e-02
9.995060674888854857e-01 1.748856812016111664e-02 -2.611076814698896909e-02
9.992799402069167947e-01 2.308349211901647088e-02 -3.011237131703866504e-02
9.989994837876372547e-01 2.500073115314691008e-02 -3.708094314817760723e-02
9.988048327377969660e-01 3.255964282975245400e-02 -3.645239689028887536e-02
9.983729542898160947e-01 3.998657731744293536e-02 -4.065119196303589033e-02
9.979769808822194221e-01 4.892413492787375806e-02 -4.060020048580468416e-02
9.971440494188822390e-01 5.744627734663469709e-02 -4.902726068293770945e-02
9.960313815598809128e-01 7.076788275671248851e-02 -5.397589023448214063e-02
9.952175452241986964e-01 7.884184732550851560e-02 -5.767151823153155582e-02
9.934971644210257580e-01 9.265735396956945036e-02 -6.616648302586479458e-02
9.914335223500085892e-01 1.063119304651432701e-01 -7.587719951247204331e-02
9.892889834510688596e-01 1.208045839561796564e-01 -8.193634861596681140e-02
9.869064442771551260e-01 1.370113581940241299e-01 -8.510912902725425999e-02
9.844028895715576377e-01 1.513922306456040312e-01 -8.961779995646088071e-02
9.814492396187760592e-01 1.664519055960145821e-01 -9.513758728769541873e-02
9.792383517084239930e-01 1.789481714560104408e-01 -9.523554914290176254e-02
9.761031786061967752e-01 1.946890539115141705e-01 -9.653374782335218118e-02
9.717769819316215418e-01 2.121659486456201615e-01 -1.031267013117483922e-01
9.674270960098880767e-01 2.274981702477602563e-01 -1.110378613337038856e-01
9.613497723767279179e-01 2.498042505965738513e-01 -1.157776427339803488e-01
9.549601495977121379e-01 2.709845255769602335e-01 -1.209070352012346500e-01
9.472743434923075467e-01 2.964590653305057000e-01 -1.215868099027837268e-01
9.396865943814703970e-01 3.195379892982194714e-01 -1.220024157406674886e-01
9.321932347691127552e-01 3.413524293615679550e-01 -1.203922904181849718e-01
9.277216510310003494e-01 3.541165580882234543e-01 -1.180424197592997160e-01
9.219309249318277111e-01 3.675939989140868946e-01 -1.221394021453501982e-01
9.163843939489889623e-01 3.829261181688325411e-01 -1.166500821076241479e-01
9.049233656853370444e-01 4.087918017290709249e-01 -1.183341732957731290e-01
8.951013722064422584e-01 4.295122464717696098e-01 -1.196360118502202002e-01
8.870414637266715863e-01 4.450760209414835189e-01 -1.227387034316780867e-01
8.783747863998540018e-01 4.612190696279173108e-01 -1.254381002589828598e-01
8.684162367155746631e-01 4.791806257231408517e-01 -1.274330428121671355e-01
8.580785240207140507e-01 4.961698537272615783e-01 -1.323508085066575080e-01
8.473431577736918463e-01 5.139217498346855262e-01 -1.337685383574412912e-01
8.343469475479683428e-01 5.344621595063773212e-01 -1.349643846402723002e-01
8.213078376257098023e-01 5.536715590913797724e-01 -1.374818344820129545e-01
8.066873132842530270e-01 5.744421839541228314e-01 -1.388228018919067108e-01
7.912841605891828278e-01 5.953155007356567552e-01 -1.395308076257369689e-01
7.749938142787539119e-01 6.145832984677205291e-01 -1.472140420798128957e-01
7.567646264765247599e-01 6.367264461805893783e-01 -1.479417114803952271e-01
7.414757080587520699e-01 6.542503392632996739e-01 -1.488968942752637026e-01
7.206940448455261272e-01 6.770963884623059093e-01 -1.487971489674394798e-01
7.040152549531658588e-01 6.949312207856364054e-01 -1.464006000035109889e-01
6.848813735367487165e-01 7.144117506401542750e-01 -1.433644684962686877e-01
6.697967796231230064e-01 7.294591835396899704e-01 -1.387861292503004274e-01
6.509317228703938030e-01 7.451752007955290136e-01 -1.449200787284602443e-01
6.338598054647659463e-01 7.604143004591776833e-01 -1.413925576431648012e-01
6.133685106107578111e-01 7.776498411678204326e-01 -1.379848222146170811e-01
5.962698765690712666e-01 7.916799138003141056e-01 -1.330607535790949980e-01
5.776473377497552963e-01 8.052180675920924680e-01 -1.339680283222856039e-01
5.631598326816831257e-01 8.159277281631771572e-01 -1.308165173329889908e-01
5.483244401831194326e-01 8.259563058592183094e-01 -1.309064744043666184e-01
5.329655759859854847e-01 8.368385667595538147e-01 -1.250956580310339239e-01
5.139895139305117322e-01 8.483033086499262021e-01 -1.272646527417537754e-01
4.993849993085104355e-01 8.572036134933798124e-01 -1.257640775428475743e-01
4.861502088725097592e-01 8.640379115139993349e-01 -1.307535002267102564e-01
4.677103372433923933e-01 8.745580456397771263e-01 -1.280440590535629752e-01
4.511278647346945170e-01 8.839755566457148106e-01 -1.227635151679161984e-01
4.365333179331414293e-01 8.912865233126304743e-01 -1.226662603170527582e-01
4.216420383529042581e-01 8.988281489409987168e-01 -1.196911265567164179e-01
4.049380308196266487e-01 9.066424550493074053e-01 -1.184257801168535490e-01
3.840749848610359174e-01 9.154416283738316951e-01 -1.202208253084334905e-01
3.659988597484171713e-01 9.226087351933228708e-01 -1.218112155941960678e-01
3.477385016597289158e-01 9.293811622805032702e-01 -1.238087465146322924e-01
3.247007177315836546e-01 9.382586672269613848e-01 -1.193320294507484308e-01
3.092379377411736963e-01 9.438562687773195403e-01 -1.162207290776764990e-01
2.901308383375565403e-01 9.495098772345053062e-01 -1.193947480404895928e-01
2.681364190551583371e-01 9.557951366891671574e-01 -1.206587481888367203e-01
2.531613561210947494e-01 9.600183607400586405e-01 -1.194742274056653508e-01
2.320195867787088750e-01 9.648700593805219494e-01 -1.232586553367829851e-01
2.125272232005862572e-01 9.695714993030553064e-01 -1.215043346309394173e-01
1.986778095711888847e-01 9.727213222292581118e-01 -1.197512987885563235e-01
1.827464799252505323e-01 9.763304616813878178e-01 -1.156830573766283732e-01
1.621520521137762849e-01 9.800961795868515791e-01 -1.145347406800355378e-01
1.461347225004554773e-01 9.824938626085868432e-01 -1.155442290841050823e-01
1.296726598422902055e-01 9.849661615427824923e-01 -1.141344732870574197e-01
1.109350991927823410e-01 9.870288313080427534e-01 -1.160495841791138599e-01
9.423994773638025291e-02 9.887096648687780931e-01 -1.164991283167378655e-01
7.635684780283175099e-02 9.900082131992671286e-01 -1.185469763074573774e-01
5.869513873949774863e-02 9.912727055579181323e-01 -1.180394847295144767e-01
3.502496824643714507e-02 9.927185470258892419e-01 -1.152525658332773928e-01
1.274883092906114665e-02 9.928546993127423947e-01 -1.186466571116813334e-01
-8.874187424410567848e-03 9.933859331348607880e-01 -1.144799228432837462e-01
-3.370454701325556468e-02 9.924739734130565427e-01 -1.177260862271194558e-01
-5.115020973148285549e-02 9.916514241344855929e-01 -1.183685972936325964e-01
-6.661658777605787563e-02 9.912871504223610408e-01 -1.136311218033715514e-01
-8.570043326911377934e-02 9.894682982524349857e-01 -1.166530690056508807e-01
-1.036031174326493831e-01 9.876796391772707517e-01 -1.172831635881309009e-01
-1.251416881836772133e-01 9.854183998779959541e-01 -1.152829167124387599e-01
-1.433089672125271441e-01 9.831151603519816540e-01 -1.137854870157333775e-01
-1.576201951607022755e-01 9.803064378889938535e-01 -1.189755363935767196e-01
-1.724203004432693087e-01 9.778084127457997710e-01 -1.190040516672971754e-01
-1.838187590018747763e-01 9.763314033283705395e-01 -1.139634638449352755e-01
-2.002337736748610320e-01 9.728986857166129765e-01 -1.156486041324903680e-01
-2.157843311769765127e-01 9.697520425962018464e-01 -1.140969534688987264e-01
-2.314671678743912275e-01 9.659394659496168822e-01 -1.156888701533562158e-01
-2.458072535227991129e-01 9.634029944406475865e-01 -1.069274554687541234e-01
-2.556502616916888071e-01 9.608775344369427929e-01 -1.065707455977683293e-01
-2.698248734122804526e-01 9.573543660388451615e-01 -1.032820028408381469e-01
-2.803069697949641670e-01 9.548978474205569444e-01 -9.796999806838430080e-02
-2.956415575450856426e-01 9.500457763631909858e-01 -1.000455345071195740e-01
-3.121452902131572338e-01 9.448017347922609277e-01 -9.957417581273095286e-02
-3.269362771559819469e-01 9.397175664088183167e-01 -1.002176768595792189e-01
-3.398183258821154684e-01 9.348756072894870428e-01 -1.026212496874650548e-01
-3.573516101007268020e-01 9.279292570360940795e-01 -1.060525192781170828e-01
-3.741901455124008180e-01 9.213295053207546381e-01 -1.055163202584573218e-01
-3.854886791997171325e-01 9.161999981331669929e-01 -1.094351759280643710e-01
-4.058216296271158208e-01 9.072559094541665647e-01 -1.104333994626976873e-01
-4.200319188433404016e-01 9.008784719431717214e-01 -1.095042559924544606e-01
-4.364359782636135776e-01 8.929089862608111661e-01 -1.106218564612796440e-01
-4.466002526965753283e-01 8.877784167864554155e-01 -1.113450176480408477e-01
-4.619514799477105194e-01 8.796555585728257354e-01 -1.131677714006856517e-01
-4.782834867289809111e-01 8.700716010108932030e-01 -1.192490292416082398e-01
-4.902140449186290216e-01 8.628081029312024697e-01 -1.235005395558399083e-01
-5.051535129533311075e-01 8.546133456643221216e-01 -1.202329962556322601e-01
-5.208222596045892772e-01 8.449726211708479262e-01 -1.215132045224599500e-01
-5.350196808554592565e-01 8.352770705458821832e-01 -1.267524037127695513e-01
-5.521084113261729431e-01 8.233332334854706058e-01 -1.315245377545711525e-01
-5.702285560347523097e-01 8.112331095121163571e-01 -1.293841226913993170e-01
-5.888445895173813893e-01 7.969369567020294642e-01 -1.347351212319001512e-01
-6.047562866681401861e-01 7.841425131025167028e-01 -1.392493077468091589e-01
-6.228102969687994150e-01 7.690425247603607239e-01 -1.438087141925780410e-01
-6.366398534307623480e-01 7.573564149194846884e-01 -1.452617468920827937e-01
-6.506486418297129370e-01 7.448149854995521624e-01 -1.480101337154748897e-01
-6.689341135653932291e-01 7.286549725763666885e-01 -1.469322975411735677e-01
-6.845322546146860310e-01 7.150826035459648677e-01 -1.416773796533511987e-01
-6.997199665781297373e-01 7.003104009291540866e-01 -1.412704077091519739e-01
-7.151670283673039474e-01 6.852533054140088620e-01 -1.377100058638495161e-01
-7.272263525481569291e-01 6.722549778652863184e-01 -1.386185186608361597e-01
-7.442481899386893529e-01 6.531801480079469924e-01 -1.394644861103104816e-01
-7.583195925480737953e-01 6.370684602132639096e-01 -1.381853443923068414e-01
-7.701171575368508382e-01 6.236106493745086077e-01 -1.342733717093633761e-01
-7.837478677359809298e-01 6.076453323788710836e-01 -1.284774127588195758e-01
-7.926252272803264720e-01 5.973286044329056965e-01 -1.222448484158265430e-01
-8.035744522733656581e-01 5.825771926842768789e-01 -1.219505217969251848e-01
-8.129218243569398261e-01 5.700056126230605980e-01 -1.193805866221126638e-01
-8.227346672578647047e-01 5.558994072181185908e-01 -1.186740566221745757e-01
-8.332124658068513767e-01 5.395781667202772525e-01 -1.208817792888759873e-01
-8.411707573711214581e-01 5.277237793435202162e-01 -1.180651739318322457e-01
-8.490773711459433937e-01 5.158284586682374551e-01 -1.139676903579898287e-01
-8.579164502807136161e-01 5.017036561144252449e-01 -1.107827660692784211e-01
-8.631648984906614697e-01 4.944388550579276731e-01 -1.023552248294125055e-01
-8.722969583479002198e-01 4.790389770455677487e-01 -9.808001798288550066e-02
-8.788989829361174566e-01 4.660163982981695985e-01 -1.018101651923239842e-01
-8.856283317382589448e-01 4.524905385001033453e-01 -1.044738543214762672e-01
-8.932357693340019500e-01 4.371147251773559450e-01 -1.051693545887710801e-01
-8.973459405214049278e-01 4.286650176104301324e-01 -1.049599039469993611e-01
-9.041856366407042822e-01 4.132514386208080981e-01 -1.080351746248193745e-01
-9.093017674769175995e-01 4.026487628367333427e-01 -1.050917946496902622e-01
-9.163303597186674976e-01 3.869053562384403011e-01 -1.031645902727835601e-01
-9.213066953809031512e-01 3.758107442896994055e-01 -9.980116647870322655e-02
-9.268877983781329544e-01 3.623318626228189676e-01 -9.795226212481884798e-02
-9.330476448432185599e-01 3.476379061644873647e-01 -9.257425978181392512e-02
-9.389319962184665691e-01 3.336865654010810478e-01 -8.402378928587672657e-02
-9.430644084903228030e-01 3.221483823206330865e-01 -8.276445912437743746e-02
-9.470076678678043258e-01 3.103992073305169019e-01 -8.263669621070661442e-02
-9.528326522264797260e-01 2.930585580728051198e-01 -7.890901326053184617e-02
-9.551349583316603997e-01 2.866599562732742301e-01 -7.445330445928374785e-02
-9.594948818055890616e-01 2.718857436082371404e-01 -7.380872489690706861e-02
-9.612583371087081163e-01 2.654563517782356774e-01 -7.426539115691425941e-02
-9.636799859187473727e-01 2.565849951655342354e-01 -7.406104689231760019e-02
-9.669654618125274048e-01 2.436678145035754972e-01 -7.485857061388377642e-02
-9.712797091835653207e-01 2.256339818960857446e-01 -7.553175893414273978e-02
-9.734414997127157632e-01 2.176277091866138935e-01 -7.106223084965804238e-02
-9.754537123439314117e-01 2.085295201024916223e-01 -7.074961578673760743e-02
-9.778617312268722550e-01 1.945722985774156477e-01 -7.699395895433362724e-02
-9.803425805108885172e-01 1.802828767776848418e-01 -8.016560358970617473e-02
-9.823273568031757330e-01 1.703750932471755630e-01 -7.749391155801424458e-02
-9.849828953470050052e-01 1.552397154966280446e-01 -7.556018192498001329e-02
-9.874966260020379138e-01 1.377468955608617263e-01 -7.665651319878555303e-02
-9.888847003996127372e-01 1.249343664916552632e-01 -8.061307850987793622e-02
-9.903338537715608014e-01 1.159294322940205429e-01 -7.615273760688139049e-02
-9.910003516178184091e-01 1.069984932815861295e-01 -8.043407490620796407e-02
-9.921146270081335761e-01 9.561343427177390608e-02 -8.103488737449381085e-02
-9.936232339588982887e-01 7.927172826220590940e-02 -8.018027733975138793e-02
-9.947826863678037590e-01 6.625453413018808635e-02 -7.757421163469835346e-02
-9.959010775985521757e-01 5.374692534432496532e-02 -7.274837394993904915e-02
-9.958571088432091045e-01 4.763493944932355867e-02 -7.745673523920866554e-02
-9.962940144013440191e-01 3.206903602420373145e-02 -7.981120509049259570e-02
-9.961892370921329176e-01 1.823906793034345622e-02 -8.528983266319296874e-02
-9.964587718619049017e-01 2.781815491568319018e-03 -8.403685264936983090e-02
-9.966431129750633611e-01 -8.396335847944811151e-03 -8.143722585140424075e-02
-9.968333163938737362e-01 -1.452344462433800484e-02 -7.818199039554715735e-02
-9.966173895509833347e-01 -3.016502460153833512e-02 -7.644517440549546128e-02
-9.965678286357503302e-01 -3.748338151915018429e-02 -7.380767865844221898e-02
-9.963403880697919712e-01 -4.932504236679489951e-02 -6.980605503965336966e-02
-9.956010787614840707e-01 -6.294414366393778770e-02 -6.940130224535064063e-02
-9.947190714039820802e-01 -7.271644389218394344e-02 -7.243136006758281453e-02
-9.930850581035925995e-01 -8.836535779530535484e-02 -7.728936139127348670e-02
-9.919091311768876151e-01 -9.970191991032437140e-02 -7.858636771225184503e-02
-9.907861780736466617e-01 -1.094741581054514967e-01 -7.973815059722212661e-02
-9.888527946112036782e-01 -1.278194938131012870e-01 -7.636976926245703234e-02
-9.879238199722940594e-01 -1.369341827839728187e-01 -7.249530620605844355e-02
-9.855953822712608670e-01 -1.495403855358968803e-01 -7.899006295844851477e-02
-9.843542254307031669e-01 -1.608221760681102508e-01 -7.199305938717885656e-02
-9.829723235847293017e-01 -1.695786456813223597e-01 -7.077081326007049478e-02
-9.814521546343114577e-01 -1.806545030261522133e-01 -6.415319180846094926e-02
-9.800060151991085711e-01 -1.880145215523503499e-01 -6.510578479710636690e-02
-9.787021935011659401e-01 -1.958729737848181884e-01 -6.144760138198930577e-02
-9.764292104370793091e-01 -2.061782666151812660e-01 -6.384773021068623766e-02
-9.745191322134312273e-01 -2.177633147047412510e-01 -5.377371717286837799e-02
-9.724378537098142816e-01 -2.275497543749001594e-01 -5.085019982005216377e-02
-9.715220996195018666e-01 -2.324615227542257412e-01 -4.589622246562190255e-02
-9.709632239670336062e-01 -2.353924601007208184e-01 -4.267107047183664459e-02
-9.687179348004465451e-01 -2.440394509573315662e-01 -4.505909543426566549e-02
-9.676524327160549444e-01 -2.499017463230059910e-01 -3.461067929480250022e-02
-9.681403461925872644e-01 -2.480485459935915515e-01 -3.429579252097834235e-02
-9.679109577666472619e-01 -2.498870410197457093e-01 -2.654914296250563549e-02
-9.672604350687419306e-01 -2.524072958300180303e-01 -2.641628637955615103e-02
-9.662813994548941077e-01 -2.560870200061400315e-01 -2.682736817695150280e-02
-9.657182906903788444e-01 -2.585796187750889485e-01 -2.290799323975471063e-02
-9.642526558855396557e-01 -2.643517377754891484e-01 -1.830264025824510088e-02
-9.650389180172441739e-01 -2.614971039197533376e-01 -1.786515192498614249e-02
-9.646230758270187833e-01 -2.633008692485013236e-01 -1.322823241690167587e-02
-9.639348631881141660e-01 -2.660098235460895966e-01 -8.268346787628860772e-03
-9.634472346373762486e-01 -2.678285317339040295e-01 -6.108673202848637421e-03
-9.622620807437837209e-01 -2.720908667387765267e-01 -4.273208655465507953e-03
-9.608090193223931541e-01 -2.772099891637673230e-01 8.139403438495911372e-04
-9.611165176243406938e-01 -2.761211030564920121e-01 -3.491161348832903973e-03
-9.608898543722960151e-01 -2.769287401439011753e-01 -1.082986869418657919e-03
-9.600667697384740462e-01 -2.797697663355216968e-01 -8.292780304977712168e-04
-9.596539168149045285e-01 -2.811280911159115825e-01 -5.600766741196169622e-03
-9.604993289760606068e-01 -2.781791295702744082e-01 -7.577803343972904990e-03
-9.608327235875921968e-01 -2.770165113064027018e-01 -7.895691226260877910e-03
-9.627824325144812567e-01 -2.702475796988940693e-01 -4.030574108577550906e-03
-9.615248291945791559e-01 -2.747178898897497112e-01 3.097258143782534792e-04
-9.626780821348579487e-01 -2.706480392893321762e-01 -7.490545977524582909e-04
-9.634961439547158335e-01 -2.676776244608389255e-01 4.886937727626790469e-03
-9.630891914717607527e-01 -2.689473278976129422e-01 1.124972541118799720e-02
-9.621522854326243213e-01 -2.720639754535673083e-01 1.562642301149822638e-02
-9.631455100723311791e-01 -2.682565963936323628e-01 1.972655928750420909e-02
-9.635856884579995230e-01 -2.665466245791464073e-01 2.134315268140259819e-02
-9.644849985246843893e-01 -2.629697235156689961e-01 2.481177999169121434e-02
-9.658105407120668451e-01 -2.575568408719092761e-01 2.957170133086748504e-02
-9.658137090688595494e-01 -2.573684718581082387e-01 3.107026588512145499e-02
-9.656832123868579476e-01 -2.580274255302524300e-01 2.962757751961473882e-02
-9.682308947896568485e-01 -2.477093041719773403e-01 3.419133714296190840e-02
-9.687095688876760091e-01 -2.459818533687366526e-01 3.308642447617354820e-02
-9.691342826263027455e-01 -2.447416936338461524e-01 2.966914403700141728e-02
-9.710398884566224798e-01 -2.366567605772736116e-01 3.278910417837541807e-02
-9.710981211513644018e-01 -2.359777565140040723e-01 3.581829423939823787e-02
-9.731650103959028630e-01 -2.274890564931034143e-01 3.462086666187021156e-02
-9.734948649995787129e-01 -2.257206241536307834e-01 3.685051404720546264e-02
-9.747979093719244537e-01 -2.204830364442426638e-01 3.400410473139080930e-02
-9.750648908432456574e-01 -2.187731615324899070e-01 3.723942950700347837e-02
-9.775074614290865105e-01 -2.079159288978793541e-01 3.535734646600371262e-02
-9.795647177775768100e-01 -1.982351597049124836e-01 3.399702364120480574e-02
-9.804659199441230211e-01 -1.942897765024726442e-01 3.062801048773790974e-02
-9.809330742279284143e-01 -1.916394678069825719e-01 3.232074826692303560e-02
-9.811203302859943243e-01 -1.901122643888286112e-01 3.549981667196293322e-02
-9.835199677336259327e-01 -1.774402509216044255e-01 3.469067484127021789e-02
-9.855020504338264375e-01 -1.651483422937776446e-01 3.888118514959700706e-02
-9.863248324377276166e-01 -1.587949186474620911e-01 4.413062182245985898e-02
-9.872773090109193683e-01 -1.513982606839533729e-01 4.860138931956577840e-02
-9.886713664539988899e-01 -1.430263200029609494e-01 4.552377580342432950e-02
-9.901577313976326344e-01 -1.321885588690860647e-01 4.597678882214072116e-02
-9.909087481718683588e-01 -1.254042727285436254e-01 4.871996043293170403e-02
-9.916681357873550207e-01 -1.184420383312153185e-01 5.065378036804431272e-02
-9.926825650852350025e-01 -1.084949116257961088e-01 5.301125049894948177e-02
-9.935299891521279791e-01 -9.894504815282420540e-02 5.574990450077336318e-02
-9.947164816215866567e-01 -8.707464025686099951e-02 5.437960927794303900e-02
-9.954486206059832698e-01 -7.664094681552784116e-02 5.664117669576903408e-02
-9.962295189930706618e-01 -6.122011048311737369e-02 6.147241868098155676e-02
-9.966340137355447215e-01 -5.667146631521285255e-02 5.923683167259903570e-02
-9.970526122473930553e-01 -4.801177411521751620e-02 5.984122851017094347e-02
-9.972594081543938449e-01 -4.001023223161594145e-02 6.223237865371566979e-02
-9.973675054828203823e-01 -3.595302356323972631e-02 6.297185012400705051e-02
-9.975134758420962644e-01 -2.078177662971141676e-02 6.734239741096056941e-02
-9.977631359917853437e-01 -5.704586295041820174e-03 6.660478393438257205e-02
-9.982038320038325585e-01 1.613621363451535340e-03 5.988756864716972272e-02
-9.982000272967933574e-01 6.006004968077165856e-03 5.967116793231622834e-02
-9.979715212915952760e-01 1.299085752512408633e-02 6.232250985989105929e-02
-9.977145610533939557e-01 2.045332408057989534e-02 6.439977659854718983e-02
-9.978322024018673186e-01 2.665258892770158705e-02 6.017100764709441829e-02
-9.976999731578057862e-01 3.099478775175552869e-02 6.028350939377562223e-02
-9.974208762758058899e-01 4.209333601364845939e-02 5.813571561430933704e-02
-9.968835126687949355e-01 5.160470632783623751e-02 5.966767422836498358e-02
-9.962734287983743275e-01 5.984263013386514202e-02 6.211384452617443180e-02
-9.956264536281951294e-01 6.704866294119705972e-02 6.505733454840766095e-02
-9.949350419089975084e-01 7.966995113333673328e-02 6.129417719866308428e-02
-9.942697392609484153e-01 8.862039386036357769e-02 5.978399623030654364e-02
-9.938426606211537839e-01 9.585136367652985490e-02 5.558144352443979141e-02
-9.929176331915727793e-01 1.040874647846065787e-01 5.727467387586489961e-02
-9.926061559110193055e-01 1.060411077725457729e-01 5.906198133720324400e-02
-9.917748359674691816e-01 1.176140345810850335e-01 5.049384230631304843e-02
-9.914727355814710874e-01 1.224628310895643918e-01 4.454979234883012923e-02
-9.904872391470678217e-01 1.303053222315221360e-01 4.422178721302899573e-02
-9.899240658097414602e-01 1.347164973293177581e-01 4.360990285876827771e-02
-9.892265920727159045e-01 1.396822880964955493e-01 4.381349435184187652e-02
-9.878400788850749681e-01 1.480679178305923382e-01 4.741186328348347828e-02
-9.860361428248286542e-01 1.586071981532671815e-01 5.075920129217127014e-02
-9.852978882895823132e-01 1.630514019479229471e-01 5.101300272362529337e-02
-9.839748422158466346e-01 1.708822718666169194e-01 5.091928745915729609e-02
-9.816615458102513347e-01 1.835311592336084374e-01 5.154549360687565168e-02
-9.805088103796122390e-01 1.902526764399493919e-01 4.905513936210229714e-02
-9.791407647986132279e-01 1.976471557206160579e-01 4.710604247007868506e-02
-9.782960382548996359e-01 2.007749632266792594e-01 5.124734626796982606e-02
-9.766568522462036883e-01 2.100442855513841023e-01 4.497561161868623980e-02
-9.758780039174757004e-01 2.136765559931196046e-01 4.477125701605832314e-02
-9.747475680221215910e-01 2.192694743501970855e-01 4.228582246012977525e-02
-9.736877413653279856e-01 2.241119960781939591e-01 4.130387388575517543e-02
-9.719293790680343381e-01 2.318492301331060712e-01 3.999038646190013202e-02
-9.714549334711447548e-01 2.346846619015573177e-01 3.461843591001106946e-02
-9.709282281057802777e-01 2.373675044270249501e-01 3.090401339010876575e-02
-9.709079699967739785e-01 2.379867783785968305e-01 2.645791848219628678e-02
-9.694719946414195322e-01 2.436845045974493640e-01 2.723835899168072436e-02
-9.685030632632344316e-01 2.478649207587381165e-01 2.376577088948264235e-02
-9.669268292906275652e-01 2.537523988531520391e-01 2.573405077277481079e-02
-9.670185227990355514e-01 2.532309280013230746e-01 2.737312844552810404e-02
-9.655335527622664893e-01 2.590877681095592466e-01 2.486968761747442025e-02
-9.651236453745679622e-01 2.605589748888850199e-01 2.540441306309063410e-02
-9.652315208108318556e-01 2.596688751809426710e-01 3.000334877889459725e-02
-9.616546194740488440e-01 2.727722184859552867e-01 2.856088243572650273e-02
-9.603491162387151059e-01 2.777643042898133574e-01 2.401208887323309782e-02
-9.597455398937039250e-01 2.798252558342818608e-01 2.421443915298650967e-02
-9.591200475158372374e-01 2.822281394325109605e-01 2.088123492474822096e-02
-9.576414320226973587e-01 2.873010068584992416e-01 1.952007428334944991e-02
-9.571957104250851112e-01 2.884386868909010748e-01 2.407301552052300286e-02
-9.564578421670201225e-01 2.911306864430602270e-01 2.076857703798871621e-02
-9.555999810506609071e-01 2.941095163821808023e-01 1.811857518956030630e-02
-9.546500683935288389e-01 2.974386890622570667e-01 1.317145711474783029e-02
-9.542208885895617776e-01 2.986892682781706054e-01 1.572357925285016583e-02
-9.523036835021009283e-01 3.045399199748634045e-01 1.931698141626987317e-02
-9.536473948034384085e-01 3.005975243223085736e-01 1.406375394957504535e-02
-9.529231547226959531e-01 3.029568090528835800e-01 1.243573168738482462e-02
-9.548101086535872861e-01 2.969714254561894862e-01 1.206827490192016218e-02
-9.536233737034920388e-01 3.008679306984385349e-01 8.997986562617649869e-03
-9.542931268566738900e-01 2.987338804855714236e-01 9.094561074196151965e-03
-9.554697821612331277e-01 2.948163220013284569e-01 1.268250463360670773e-02
-9.541466455658433876e-01 2.989179847882519336e-01 1.588179620101225556e-02
-9.542204232896086546e-01 2.987027365721415251e-01 1.549429789258001573e-02
-9.533107300017549246e-01 3.015288979622319787e-01 1.670299638666045833e-02
-9.528342455600513627e-01 3.031598319856622092e-01 1.417854270675344974e-02
-9.529530026573094226e-01 3.028504112129483672e-01 1.273646245429708133e-02
-9.539850210026536992e-01 2.996516816084720536e-01 1.102105891714902190e-02
-9.537066137982640468e-01 3.004716499519776152e-01 1.266872978682241982e-02
-9.534646569195871502e-01 3.013225718181220536e-01 1.048189195013936488e-02
-9.516516499127372075e-01 3.071717242550778826e-01 2.164121959193503891e-03
-9.502424012209895743e-01 3.114984335057291442e-01 2.849427460046874590e-03
-9.514028287385799532e-01 3.079467884845923931e-01 -1.203082466411420186e-03
-9.520878212269673346e-01 3.057980457357267201e-01 -4.043564419708309265e-03
-9.518369924712337671e-01 3.065953671796042834e-01 -2.373839441382155635e-03
-9.510675159855419558e-01 3.089316139185578347e-01 -5.643797302263008769e-03
-9.514024368075385540e-01 3.077241796601927204e-01 -1.180030050583153953e-02
-9.516246920210007509e-01 3.068023955991562302e-01 -1.681517914257742857e-02
-9.529236157178992972e-01 3.024462281531379859e-01 -2.151456394290383531e-02
-9.537100084322769344e-01 2.996807314859871729e-01 -2.507376930829429557e-02
-9.559830411466887501e-01 2.919008037092852836e-01 -2.983891680418254352e-02
-9.563066605991351610e-01 2.904302543146429771e-01 -3.358352917808737903e-02
-9.591731245607019174e-01 2.809417609416018924e-01 -3.253704334521452524e-02
-9.599222448894265680e-01 2.783809698786349207e-01 -3.245511491049566516e-02
-9.600471482143039248e-01 2.767164877039637316e-01 -4.168301705979724631e-02
-9.631260838831566806e-01 2.654546986388808261e-01 -4.384022069752156053e-02
-9.639638762312617848e-01 2.625518636893370283e-01 -4.289731493454111005e-02
-9.655132064251313873e-01 2.569468081176154994e-01 -4.198334716326501681e-02
-9.660094558074733273e-01 2.540505902023941776e-01 -4.779167699617049847e-02
-9.670175049447110593e-01 2.497906366577901383e-01 -4.981765273884068701e-02
-9.687927678364950390e-01 2.427256016470737132e-01 -5.024809312664905991e-02
-9.711386632946634734e-01 2.339720205197909075e-01 -4.633363426298241911e-02
-9.726169844438655732e-01 2.269900656262914540e-01 -4.991720455850823246e-02
-9.740577174414022377e-01 2.211085926526178691e-01 -4.819303810478996197e-02
-9.759264516248140620e-01 2.129087122191264392e-01 -4.730176364474451139e-02
-9.773387887942719399e-01 2.065307108539503889e-01 -4.641091406732776592e-02
-9.791979245159961875e-01 1.967556183169626716e-01 -4.958494806643607561e-02
-9.803557929565493989e-01 1.905059000501957978e-01 -5.108852239861472189e-02
-9.824388256758495030e-01 1.792956136279477142e-01 -5.164351471141119532e-02
-9.840186396548322723e-01 1.712632446463782931e-01 -4.874662560914490989e-02
-9.854759430274571130e-01 1.636249284983216645e-01 -4.543197201395512280e-02
-9.864102663398733872e-01 1.580817701304567668e-01 -4.477673468586689659e-02
-9.864091854159932060e-01 1.579042310530296978e-01 -4.542233262751961542e-02
-9.867394049910044318e-01 1.562221325388143400e-01 -4.404551623754845990e-02
-9.882371569812856693e-01 1.457924623095030181e-01 -4.617245045764713229e-02
-9.888444808021163990e-01 1.414403638753678194e-01 -4.670366103520672690e-02
-9.894098065200023218e-01 1.389991864238725727e-01 -4.180282941704693139e-02
-9.896418247940449442e-01 1.368279958171401689e-01 -4.344161393309273894e-02
-9.898226896068059721e-01 1.340208075272255328e-01 -4.784853216940250509e-02
-9.902849713560226697e-01 1.293501002706416991e-01 -5.103178352393381717e-02
-9.910575100863029396e-01 1.223008547126709922e-01 -5.336223894049132999e-02
-9.915123507092782340e-01 1.159302320208951409e-01 -5.885113334685707076e-02
-9.914096300017012364e-01 1.099421520773818106e-01 -7.084974211223259155e-02
-9.927686584104820078e-01 9.988300305705413717e-02 -6.658673735963516194e-02
-9.931724431233324157e-01 9.352909289798452819e-02 -6.971961077690932984e-02
-9.939256274391152779e-01 8.401386425086321275e-02 -7.108821916213241277e-02
-9.950680898161412546e-01 7.154075408686227933e-02 -6.871269259855657119e-02
-9.957513375718107795e-01 6.198432736371141394e-02 -6.809723820909793779e-02
-9.962083812576396635e-01 5.056327812882054767e-02 -7.079712747114132176e-02
-9.964417625761807784e-01 4.071000470074138955e-02 -7.380058764889202427e-02
-9.971749961451477073e-01 2.577370604045661762e-02 -7.055324534357061694e-02
-9.978253273222880138e-01 9.113705641346316055e-03 -6.528072506615568982e-02
-9.979321273116594782e-01 -1.490282965353525307e-04 -6.427646190939927118e-02
-9.978020429501569533e-01 -5.380058384248577463e-03 -6.604660932896087855e-02
-9.976614368100503727e-01 -2.055773318678121020e-02 -6.518476485722943248e-02
-9.978755373492139702e-01 -2.655309368347109206e-02 -5.949253257183073629e-02
-9.980495096859036686e-01 -3.519230054513175499e-02 -5.156252404174328091e-02
-9.978078776397640848e-01 -4.362885373715106457e-02 -4.975920028649533089e-02
-9.974690743780149083e-01 -5.367756149514085057e-02 -4.662810800187350280e-02
-9.973239089455901984e-01 -5.868025977729497689e-02 -4.360806294261425353e-02
-9.968388510716766904e-01 -6.617176804590198247e-02 -4.397291795973226614e-02
-9.962366989449468191e-01 -7.887443309975948613e-02 -3.593436201879673941e-02
-9.960327272505721252e-01 -8.203957842304457349e-02 -3.447214385787635699e-02
-9.953224027542565411e-01 -9.171974266967361511e-02 -3.034498043004672796e-02
-9.950545695653133516e-01 -9.588056211104745152e-02 -2.594871212505616212e-02
-9.944725224074646430e-01 -1.019025534917607084e-01 -2.530387362348208644e-02
-9.948474328417444834e-01 -9.921528743116904414e-02 -2.085488955656137483e-02
-9.948072526181795938e-01 -1.008998228680427767e-01 -1.333304451128509809e-02
-9.943567845951380990e-01 -1.053668134753280028e-01 -1.234640470405804283e-02
-9.942988406275908853e-01 -1.056118108080549012e-01 -1.469609179645267605e-02
-9.945705500132389076e-01 -1.038336887878674314e-01 -6.928232748185126147e-03
-9.945225442356343537e-01 -1.044238762561655459e-01 -4.536227654300037208e-03
-9.937141700140774692e-01 -1.119050815262326859e-01 -3.068434322113280585e-03
-9.935514090690205080e-01 -1.133320793932384302e-01 -3.384016086530012863e-03
-9.939241664116845731e-01 -1.099247619875042548e-01 -5.595740026628179785e-03
-9.936224221992645544e-01 -1.125062701967054768e-01 -7.538930617809155507e-03
-9.933770435423389111e-01 -1.148369304744619041e-01 -3.813517033215613628e-03
-9.938775278879848907e-01 -1.103197841784693822e-01 -6.084313165907098003e-03
-9.938837791648651443e-01 -1.102334090941612943e-01 -6.606294042435041126e-03
-9.933050704721574364e-01 -1.155085934187012470e-01 -1.678033258390070406e-03
-9.935152642371241072e-01 -1.136391091556044897e-01 3.686007365455505093e-03
-9.934537678303422270e-01 -1.141839296895792999e-01 3.414006164169861544e-03
-9.941084361102378031e-01 -1.083759645412973593e-01 1.755442525599481976e-03
-9.941915995550228979e-01 -1.075284458752529954e-01 4.550905280991600702e-03
-9.943236891326846516e-01 -1.058896204087997478e-01 1.038285310989707846e-02
-9.940641825998489667e-01 -1.073072911209897590e-01 1.793210216831418388e-02
-9.948365708827223708e-01 -1.001930497068895115e-01 1.617294247809537844e-02
-9.951740859867794775e-01 -9.534370331156745426e-02 2.319765436940909517e-02
-9.959476944200518211e-01 -8.793687090982703347e-02 1.884969395448465174e-02
-9.953020351397275922e-01 -9.555388230721206799e-02 1.559900448176278036e-02
-9.957308313988940673e-01 -9.090912660873783080e-02 1.598926609766969376e-02
-9.965072930081479985e-01 -8.153149812970127142e-02 1.805116059231200859e-02
-9.969993086544557404e-01 -7.554392874077954512e-02 1.689697983243291374e-02
-9.969142769083180200e-01 -7.568969704966371781e-02 2.080886398915579930e-02
-9.970492808583497624e-01 -7.453747351927016151e-02 1.835513903333911220e-02
-9.970118764599121830e-01 -7.478905653399203768e-02 1.933726373003522708e-02
-9.970844933707873059e-01 -7.408049271844079076e-02 1.829229964741132738e-02
-9.974184694116133842e-01 -6.818165128716506540e-02 2.253162191958652319e-02
-9.978721268291972368e-01 -6.158394869820849743e-02 2.141612493645163318e-02
-9.981983879965851125e-01 -5.697915268742125006e-02 1.879811089409824318e-02
-9.986315692285663292e-01 -4.941617922947744157e-02 1.711854773739825489e-02
-9.987999032155790990e-01 -4.504605134267214428e-02 1.922553347837221288e-02
-9.986976111466304706e-01 -4.638572330346117656e-02 2.124760427228950671e-02
-9.988778888067905148e-01 -4.390430677207207699e-02 1.775921213521140449e-02
-9.988070068481750274e-01 -4.292528833089698237e-02 2.328083478203939530e-02
-9.988901900957147806e-01 -4.205365489609747681e-02 2.121067673458847808e-02
-9.990437023598082167e-01 -3.779811804257422747e-02 2.197720704550099741e-02
-9.991033004376532745e-01 -3.395773414668221135e-02 2.528798191503310935e-02
-9.992452908240213594e-01 -2.846011425432266179e-02 2.643644086762155995e-02
-9.994592953212261266e-01 -2.264207928755645333e-02 2.384256206460889926e-02
-9.995695295525584001e-01 -2.029874967426940902e-02 2.118326844718137342e-02
-9.996146149933395897e-01 -2.017854631411668612e-02 1.906468652495460839e-02
-9.998147102948442555e-01 -1.234822393779207161e-02 1.476755651570343074e-02
-9.998623588728596800e-01 -9.526753541697297045e-03 1.358375982901980847e-02
-9.998191035289927253e-01 -9.850093920456833019e-03 1.627114393617575330e-02
-9.997938682979561342e-01 -6.659206088550974692e-03 1.918046405144004790e-02
-9.996752355848085303e-01 -2.046235400632431291e-03 2.540178898452357531e-02
-9.995199417142242027e-01 8.127373472028423529e-03 2.989727063852836222e-02
-9.994289684954282826e-01 1.692683495182261549e-02 2.924438433616470892e-02
-9.994434366490390076e-01 2.010139925905663275e-02 2.662264922137023981e-02
-9.992565785061940931e-01 2.487881032707876458e-02 2.945080591542225540e-02
-9.992191994721209003e-01 2.958626199558080788e-02 2.618509689496204690e-02
-9.992370499960554486e-01 2.880974126578863051e-02 2.636913943416640399e-02
-9.989774231146578698e-01 3.440782332731097404e-02 2.932958761958634822e-02
-9.985298221366106786e-01 4.258826590407440577e-02 3.353280444926100279e-02
-9.982839625133591577e-01 4.770968156124880816e-02 3.395484565212919525e-02
-9.979488569512657836e-01 5.434106289795843925e-02 3.383995948331627174e-02
-9.980842482209015820e-01 5.211516975742843533e-02 3.334452894597044609e-02
-9.980294001350037414e-01 5.214676553446725288e-02 3.490052133254666761e-02
-9.979923436345526921e-01 5.420217334379838492e-02 3.276311208535131331e-02
-9.979069699882956446e-01 5.607380388623498663e-02 3.220904883387198242e-02
-9.974821496333993176e-01 6.530879777173986822e-02 2.764302512395235695e-02
-9.968701393544842082e-01 7.189534402416883352e-02 3.287856338999486233e-02
-9.962603832367343815e-01 7.983896822379221714e-02 3.303033625038750282e-02
-9.958813651422121493e-01 8.517469970310100058e-02 3.107397912020173902e-02
-9.953304686610801033e-01 9.211951569372119064e-02 2.883171836734058080e-02
-9.946024636713342026e-01 9.765511366583033703e-02 3.506327529082772787e-02
-9.934300755605947053e-01 1.081327194243815876e-01 3.747019242758092838e-02
-9.930716125590437482e-01 1.120805920679644185e-01 3.530904298964570448e-02
-9.931161902971852307e-01 1.128966184003945689e-01 3.121860725122620889e-02
-9.925013583305364318e-01 1.170725664678274880e-01 3.514375207860738481e-02
-9.920309411246093223e-01 1.213639082148634807e-01 3.384418711850804840e-02
-9.917628622555052509e-01 1.249137124247733099e-01 2.833733862106864801e-02
-9.909903352628155471e-01 1.307392737794950965e-01 2.907598643837860930e-02
-9.904912711914150014e-01 1.341321257386100529e-01 3.058806718111430761e-02
-9.897223208047756238e-01 1.395554581105104552e-01 3.120924769527933310e-02
-9.888364902766109132e-01 1.471457926718526821e-01 2.346329810296784654e-02
-9.885114855805491318e-01 1.493634086567219021e-01 2.314368571340141498e-02
-9.876700457097926655e-01 1.550646025209636014e-01 2.151429640308327035e-02
-9.877223935901622287e-01 1.547058166891845665e-01 2.169328420280977957e-02
-9.872556963733558621e-01 1.582326228204382068e-01 1.698946904612594344e-02
-9.869083752280719546e-01 1.604538753316402666e-01 1.632261611045358884e-02
-9.873741545056263780e-01 1.572945627248067135e-01 1.872737287053751268e-02
-9.871965235211196399e-01 1.588178142773327972e-01 1.483039867755878323e-02
-9.871328336475424514e-01 1.594867761136207762e-01 1.152180012564614150e-02
-9.852680448275992209e-01 1.706765411855000192e-01 1.078948132666897666e-02
-9.847249332495534579e-01 1.737197571522775263e-01 1.175868220504626936e-02
-9.854698980649236884e-01 1.693560678830529909e-01 1.294669934395352093e-02
-9.843772897648285225e-01 1.757614142213725916e-01 1.045424829310652448e-02
-9.843549473285412299e-01 1.759477223745001817e-01 9.367566518261720779e-03
-9.839095413665864820e-01 1.783184641081706767e-01 1.116039621377477170e-02
-9.828808909108184277e-01 1.840137721746706312e-01 9.170633638168199792e-03
-9.830577454964407602e-01 1.832466481414458670e-01 4.260234659763704503e-03
-9.839749284589094369e-01 1.783064481467731277e-01 4.066600848215817104e-04
-9.826494125040839966e-01 1.854649164892665791e-01 1.706331387793114628e-03
-9.814914767026193809e-01 1.915049034703532882e-01 -6.064133165242921106e-04
-9.807072655697052221e-01 1.954709725240336704e-01 2.091145641139729831e-03
-9.813407744520604714e-01 1.922748645861784567e-01 8.219599063335174954e-04
-9.801285986958808705e-01 1.983630441744538564e-01 -2.177579940025955747e-04
-9.802048577502670001e-01 1.979750295336534516e-01 -2.083081266192022933e-03
-9.812367118452075543e-01 1.927845793030969201e-01 -2.938712152580746223e-03
-9.811064273975520500e-01 1.932710323773769168e-01 -8.746479845491412705e-03
-9.817522144081928248e-01 1.897042382657178061e-01 -1.322521758497779976e-02
-9.828549882523714976e-01 1.839041883189676263e-01 -1.324146817249539226e-02
-9.838429690221685009e-01 1.783384959784208024e-01 -1.576097064138084689e-02
-9.840687792690249180e-01 1.767612561515658764e-01 -1.908169464616619321e-02
-9.842483482739191603e-01 1.748738567957575374e-01 -2.596802468100813457e-02
-9.857962065290760689e-01 1.657010045261931297e-01 -2.736844175267123119e-02
-9.862362434266642719e-01 1.631352291559056145e-01 -2.692553555523384198e-02
-9.873855594599356689e-01 1.552531884276539542e-01 -3.108408013216409221e-02
-9.876291249672199957e-01 1.546825536394938194e-01 -2.573003450384740709e-02
-9.882476599654108629e-01 1.493351853705094101e-01 -3.264323399034870649e-02
-9.892754631587027392e-01 1.424306975041189360e-01 -3.236618818606350201e-02
-9.911890320206503402e-01 1.268598809022988549e-01 -3.809054745215115917e-02
-9.920567068590959714e-01 1.202264042992825521e-01 -3.700160023606804960e-02
-9.926484387655789554e-01 1.147415718932039280e-01 -3.851577732016449318e-02
-9.932832671211113684e-01 1.069421565213569542e-01 -4.417853675325905671e-02
-9.941960272961624101e-01 9.611056049288610459e-02 -4.834290541285221621e-02
-9.951174830729945242e-01 8.749951230763872156e-02 -4.566231694910505984e-02
-9.955761453516432935e-01 8.323855513885773660e-02 -4.358323797332998295e-02
-9.961730489678410905e-01 7.289821310962803225e-02 -4.821954227369282947e-02
-9.966855213572256567e-01 6.729501691564296340e-02 -4.570962042818053905e-02
-9.971085691717997967e-01 6.361596578359685061e-02 -4.156353357974052615e-02
-9.975507277181885346e-01 5.686980130402374128e-02 -4.072331543857702491e-02
-9.981364798418976836e-01 4.419907392466752849e-02 -4.207168576314227609e-02
-9.981859869970186594e-01 4.474784863363224369e-02 -4.027881181810349931e-02
-9.985685390823727525e-01 3.412360683462885291e-02 -4.118822113507320665e-02
-9.988641166760545698e-01 2.775133033889619349e-02 -3.873444588188219850e-02
-9.990415018811465986e-01 1.889861460833888035e-02 -3.948337821715613288e-02
-9.991449944343000489e-01 1.494942269196496316e-02 -3.854623317127623544e-02
-9.992149309420709224e-01 8.989864446149853361e-03 -3.858395204510815801e-02
-9.994482526079103701e-01 4.625987851531157893e-03 -3.289084411549966086e-02
-9.994087475856590075e-01 -2.681513966932160160e-03 -3.427800761387843342e-02
-9.994875858985848849e-01 -6.954489427935007205e-03 -3.124448274321493108e-02
-9.993792492079095480e-01 -1.429704063905131058e-02 -3.219825950447433027e-02
-9.991462840626157416e-01 -2.006525951482272460e-02 -3.611240184185465080e-02
-9.988168209680614584e-01 -2.506345500034323076e-02 -4.167491792387219979e-02
-9.984090647504005878e-01 -3.749375871868520366e-02 -4.211383324068886103e-02
-9.979513627748732851e-01 -4.555597843495542976e-02 -4.491935020339589413e-02
-9.977813813346895211e-01 -5.304544440268905980e-02 -4.023075486237853715e-02
-9.974835050512121937e-01 -5.469519620231173829e-02 -4.511219925761189575e-02
-9.973234385002122115e-01 -6.165404667687438695e-02 -3.930337506706672174e-02
-9.968992731599544133e-01 -7.029676492024361512e-02 -3.535847371457999377e-02
-9.971416325896981236e-01 -6.783244188973770739e-02 -3.327674941348744697e-02
-9.966752386744992531e-01 -7.304837008633212336e-02 -3.608908477557212779e-02
-9.965708891974385253e-01 -7.677295085820112774e-02 -3.086089102436868903e-02
-9.961097045802681516e-01 -8.026954370088217050e-02 -3.636309568405445003e-02
-9.949217402174451719e-01 -9.196337348595615135e-02 -4.090827565818828254e-02
-9.943339508944392113e-01 -9.802989971169204231e-02 -4.111144737892458850e-02
-9.939619950482202482e-01 -1.013594547579337452e-01 -4.202179916697094952e-02
-9.930648961865879976e-01 -1.075205372762973594e-01 -4.755485728478475033e-02
-9.931493330850044154e-01 -1.095241950870025072e-01 -4.072924361357771472e-02
-9.929411158077954269e-01 -1.121264628948059894e-01 -3.867318504186940953e-02
-9.928090443059117698e-01 -1.145861262026269811e-01 -3.464447394254900614e-02
-9.926016005162889844e-01 -1.165234141502116544e-01 -3.412293871676010809e-02
-9.917623226399442382e-01 -1.231410215224881533e-01 -3.526758602032453033e-02
-9.914037186088116016e-01 -1.245914171657127589e-01 -3.994576262265989858e-02
-9.911988536060205579e-01 -1.274817151415600369e-01 -3.568281587185198611e-02
-9.903798105383682104e-01 -1.340396339232033107e-01 -3.436896551380144021e-02
-9.895696237853544019e-01 -1.402903048023478039e-01 -3.272015221369915794e-02
-9.895645342593410998e-01 -1.401403995099227417e-01 -3.350700319154276824e-02
-9.893638982938484094e-01 -1.419239447023115941e-01 -3.188556019404111680e-02
-9.893594186992540340e-01 -1.429168842768357151e-01 -2.725294605459099156e-02
-9.887800224132780036e-01 -1.480306756471859997e-01 -2.002509443375422374e-02
-9.884481986857697189e-01 -1.501110425423025918e-01 -2.090099287977828513e-02
-9.879927327465186648e-01 -1.531569489249269556e-01 -2.033044773661310534e-02
-9.885656441540889849e-01 -1.498827374308292215e-01 -1.652726212680228832e-02
-9.881045029934619750e-01 -1.527643927020916059e-01 -1.767907447028259013e-02
-9.876983431379574574e-01 -1.558437101892540533e-01 -1.283507266172652199e-02
-9.872775430536701036e-01 -1.584147238566452065e-01 -1.370570659191133224e-02
-9.865742983627023843e-01 -1.626949281523463187e-01 -1.419620808415107509e-02
-9.860207874158330998e-01 -1.657578671430455508e-01 -1.695153304255355223e-02
-9.854388204616686409e-01 -1.694469301660226079e-01 -1.407434195016786342e-02
-9.848151826900954919e-01 -1.726085302532061605e-01 -1.858411831817238791e-02
-9.839323768249936819e-01 -1.777617274594949504e-01 -1.666926067286481072e-02
-9.837343431138033667e-01 -1.786292191608828961e-01 -1.893046267778487196e-02
-9.837697401538566533e-01 -1.782026112468597934e-01 -2.099871132678338831e-02
-9.826463369518549928e-01 -1.845098676627262291e-01 -1.903426528831800996e-02
-9.826423423068324503e-01 -1.844819311451935950e-01 -1.950544107796442841e-02
-9.819542228260925709e-01 -1.880216430254498250e-01 -2.034168331717161812e-02
-9.812607604694062458e-01 -1.915001941602244850e-01 -2.133104962882682865e-02
-9.818973891143162325e-01 -1.886187870997756699e-01 -1.733460707052084451e-02
-9.811834583719180047e-01 -1.918164444978406324e-01 -2.203386060707251959e-02
-9.805276783286910325e-01 -1.954786728455976674e-01 -1.880369307498472309e-02
-9.809915461482480170e-01 -1.935487281791880843e-01 -1.394613510359225469e-02
-9.799096382820153828e-01 -1.992275053033474852e-01 -9.247718121854868467e-03
-9.794697686330273712e-01 -2.015058162210393022e-01 -5.864869997273172014e-03
-9.795465474478859402e-01 -2.011927580469276278e-01 -3.170779299374914921e-03
-9.800786191895093369e-01 -1.985981641803972186e-01 -2.165120613054363763e-03
-9.793986644511816220e-01 -2.019044293075429042e-01 3.588270320342404687e-03
-9.800759695630546497e-01 -1.985156449997313999e-01 6.530757600776270627e-03
-9.808418178114317598e-01 -1.946653849956692106e-01 7.398280512420263473e-03
-9.819751280092824386e-01 -1.888448833255151615e-01 7.904192934505605700e-03
-9.831590977461860392e-01 -1.824431016614287138e-01 1.061703913970555614e-02
-9.830235870934954656e-01 -1.831883278689278860e-01 1.032870258349178304e-02
-9.840209291983910145e-01 -1.775874713040695163e-01 1.286543105739580348e-02
-9.847921441397706754e-01 -1.735098137887207681e-01 8.876690088538127799e-03
-9.849113023868498740e-01 -1.725239213073305466e-01 1.361033803980890577e-02
-9.849624029336871978e-01 -1.717342637179082310e-01 1.887924284361457497e-02
-9.853072927699768613e-01 -1.697470641851637208e-01 1.885447831370207564e-02
-9.858741872690560681e-01 -1.665696953504385847e-01 1.751119004154634909e-02
-9.860477445835709176e-01 -1.652862750140129122e-01 1.975629054163282813e-02
-9.870325821082588380e-01 -1.589094231631563159e-01 2.268249238319014482e-02
-9.870979854574224444e-01 -1.583868435053177870e-01 2.347750600388228900e-02
-9.875949732475065579e-01 -1.544773214970072417e-01 2.815927036106477196e-02
-9.873350015300592641e-01 -1.560047258516739643e-01 2.884681619730949248e-02
-9.875819476981020362e-01 -1.554068868500178557e-01 2.303507424423884703e-02
-9.878808367877430774e-01 -1.539221179665377637e-01 1.998630654413024663e-02
-9.876327776159773419e-01 -1.556393415984984596e-01 1.891852192502932462e-02
-9.867847556609914417e-01 -1.597327378524439068e-01 2.722713531351235103e-02
-9.875611544601285985e-01 -1.545123737429589250e-01 2.913607955963678359e-02
-9.883869628200143698e-01 -1.487472459423921367e-01 3.107228967946834911e-02
-9.895274668812893415e-01 -1.417201494110569004e-01 2.740091228189289047e-02
-9.902995312489473179e-01 -1.356759424543529380e-01 2.998158967422658375e-02
-9.909172161388508648e-01 -1.317091598234374772e-01 2.712538612532622295e-02
-9.913251244388534555e-01 -1.281381340110516465e-01 2.924268965182792029e-02
-9.916272601924757124e-01 -1.252376919256733834e-01 3.147881917839259747e-02
-9.925578322683635824e-01 -1.171713964780125433e-01 3.316371856228447768e-02
-9.930247638901973373e-01 -1.141028303463135912e-01 2.970490027576250247e-02
-9.937506180480848439e-01 -1.075285879572385472e-01 2.995547706199720370e-02
-9.946686715793701117e-01 -9.905911426254529473e-02 2.866259354730515616e-02
-9.949780448971796698e-01 -9.667632706945754328e-02 2.593060906600478874e-02
-9.949323669400598202e-01 -9.742205134794178212e-02 2.487061847268676185e-02
-9.953521127869128238e-01 -9.284398722533412918e-02 2.557702425748697300e-02
-9.955103799477473814e-01 -9.273147353829346018e-02 1.897302876180050751e-02
-9.958431634793090126e-01 -8.862974754314061065e-02 2.100429151461958091e-02
-9.964776941985967751e-01 -7.976586239491523234e-02 2.587722618122167625e-02
-9.962743407842077348e-01 -8.255275338798631624e-02 2.494993933201502048e-02
-9.962792210435855722e-01 -8.340073532142269763e-02 2.172670623749785312e-02
-9.965425003480533617e-01 -7.969398518807689624e-02 2.349324307816182122e-02
-9.970250899496004848e-01 -7.297386884586593014e-02 2.481538431490835916e-02
-9.972353413188623783e-01 -6.942571800738939203e-02 2.649080189756055845e-02
-9.974588219585978077e-01 -6.714787273556126201e-02 2.381345268820629635e-02
-9.976318307394470564e-01 -6.544470615971133276e-02 2.115985706514099049e-02
-9.977601931330253304e-01 -6.363660884647251437e-02 2.061547532498477983e-02
-9.981133099837916633e-01 -5.791525665320806926e-02 2.038779736250348126e-02
-9.979752477383538878e-01 -6.023160735229318025e-02 2.043470523977712269e-02
-9.982289638496050221e-01 -5.532177082164617399e-02 2.187364300690560620e-02
-9.983116104328381146e-01 -5.446890524768517594e-02 2.017636444525843994e-02
-9.982888625089894052e-01 -5.362991362571743748e-02 2.330661334093494380e-02
-9.984517059650981352e-01 -5.108240830943885230e-02 2.201811251625610671e-02
-9.987203497962560128e-01 -4.410465732401971234e-02 2.474795246611899077e-02
-9.987796932085342139e-01 -4.339043377701874704e-02 2.358842365359626811e-02
-9.987936970887354438e-01 -4.109654199749308845e-02 2.687459651596019530e-02
-9.988200050916988815e-01 -4.250693147935485916e-02 2.348993995032220075e-02
-9.988876180353927214e-01 -3.992320281355068307e-02 2.509349557867049385e-02
-9.989354424719867342e-01 -3.926636476510199369e-02 2.421060675769449999e-02
-9.987636453174811857e-01 -3.932785413874017449e-02 3.040591749926026960e-02
-9.990643246251815768e-01 -3.103584829211631160e-02 3.012093141868221399e-02
-9.989000972524113564e-01 -3.544447991938976666e-02 3.069696516673220063e-02
-9.991403078225065126e-01 -2.987109429364149388e-02 2.874686123807938809e-02
-9.991034121797892631e-01 -2.687973734709577303e-02 3.270887577975577915e-02
-9.992645486970461732e-01 -1.881110110401508842e-02 3.341441742478790805e-02
-9.993073211291776392e-01 -1.424392656099511545e-02 3.438033780143977952e-02
-9.992486671033851131e-01 -8.790168150739012531e-03 3.774723149773600434e-02
-9.991706482355949825e-01 4.566546888227045187e-04 4.071641687384944946e-02
-9.989745184465299577e-01 4.511630505411359446e-03 4.505081803714186539e-02
-9.989838678129149274e-01 1.352781667039284694e-02 4.299127231978327329e-02
-9.990613977756358510e-01 1.200241257120117019e-02 4.162072860842574301e-02
-9.990214317458253612e-01 1.844982716709198459e-02 4.019704282245195603e-02
-9.987696757056435670e-01 2.588482138889117851e-02 4.229811320154099052e-02
-9.985095690797058943e-01 3.341838168229320505e-02 4.314941176484341639e-02
-9.980850519060135984e-01 3.793647439872327443e-02 4.885767825796045322e-02
-9.978993819473785942e-01 4.468585276407779222e-02 4.690434591846214668e-02
-9.978160616135084426e-01 4.593632140344391240e-02 4.746557868577194056e-02
-9.979006219243570230e-01 4.770861484161461469e-02 4.379790414812378962e-02
-9.980540207343667758e-01 5.011790200386517791e-02 3.709969059825730942e-02
-9.975214302459737281e-01 6.012317952349743866e-02 3.655432851984861953e-02
-9.970562430838438850e-01 6.661893923897457825e-02 3.795766842817464154e-02
-9.964589912239836256e-01 7.395384679941946482e-02 4.000408751045756578e-02
-9.958664189838453140e-01 8.107186657238216188e-02 4.095665628975398570e-02
-9.951574477359923510e-01 9.115040396188869853e-02 3.678691760703059477e-02
-9.945168056617416097e-01 1.003220149812008855e-01 2.952685462152634943e-02
-9.944449466440187235e-01 1.017901950416150308e-01 2.679594849730137368e-02
-9.940236004245353030e-01 1.064876817032710810e-01 2.403068835305960035e-02
-9.934189068740976181e-01 1.124291736076936943e-01 2.187635328737567303e-02
-9.929354379299242250e-01 1.177647206380939837e-01 1.451567921687312718e-02
-9.924540896382351152e-01 1.218182465709548717e-01 1.397186537316834690e-02
-9.918408759118743090e-01 1.264514709676679283e-01 1.617778165979713231e-02
-9.918423567499914384e-01 1.254905727200149035e-01 2.238020979730553917e-02
-9.917930715966724042e-01 1.253003252690630120e-01 2.542341252155857004e-02
-9.908661459260296178e-01 1.324516960557942935e-01 2.531496299441818310e-02
-9.907002984848023441e-01 1.335702366652718465e-01 2.592158851340869638e-02
-9.886455711172194016e-01 1.475743236349366105e-01 2.831558208114483277e-02
-9.884266608934532128e-01 1.497324987776867400e-01 2.435022203152066578e-02
-9.881485612412918007e-01 1.520179502468094468e-01 2.128337775311733501e-02
-9.878957867267338377e-01 1.533100436653229703e-01 2.362125234643554575e-02
-9.871076161647023284e-01 1.588979662371486079e-01 1.923561490837381871e-02
-9.863423162873207195e-01 1.638094772417160450e-01 1.718454830392494165e-02
-9.852466656634800701e-01 1.704049986184122401e-01 1.584811169338042405e-02
-9.855178506409583150e-01 1.690367975046156157e-01 1.345903333671483008e-02
-9.847891725644660754e-01 1.730440374761152145e-01 1.568646464114177227e-02
-9.841010358723886187e-01 1.771168815562200738e-01 1.322043538333202671e-02
-9.836485831257839596e-01 1.795994189536790075e-01 1.339895805915368616e-02
-9.833073608560455314e-01 1.814129877249393286e-01 1.399930087846635099e-02
-9.832660502395608182e-01 1.815920335381035478e-01 1.456798739506124339e-02
-9.828303523238057782e-01 1.841912714398815931e-01 1.086703786880425376e-02
-9.823167451253853599e-01 1.871065455095233809e-01 6.706060274908877579e-03
-9.817997866168729493e-01 1.896399368261814933e-01 1.029037411199315230e-02
-9.818165495440468460e-01 1.897440852138665979e-01 5.784774794923372258e-03
-9.816287538994004080e-01 1.907161194160414130e-01 5.689443181709303611e-03
-9.818546578657393331e-01 1.893849141234172084e-01 9.736712499738786608e-03
-9.818117153729817304e-01 1.895216082783017231e-01 1.128423662501188210e-02
-9.811566631261064986e-01 1.926437999473417095e-01 1.483196669698743850e-02
-9.805067317694731166e-01 1.956442158218282823e-01 1.816337881555469061e-02
-9.809275689183285518e-01 1.934342577794471441e-01 1.908693272892822770e-02
-9.803498959199001828e-01 1.970187998626228010e-01 9.883957523106279286e-03
-9.798220514848119400e-01 1.997456954335866675e-01 7.100921602549308681e-03
-9.790637804308532921e-01 2.035537158397263680e-01 1.301873478893270791e-04
-9.791364680365752804e-01 2.031951138870985163e-01 1.881751642644294851e-03
-9.794241588756323891e-01 2.017982503011342688e-01 -2.408647682778446500e-03
-9.799681492537176686e-01 1.991301795835398181e-01 -3.101038540785899539e-03
-9.795388096868884453e-01 2.012323251475614250e-01 -3.047957677673057003e-03
-9.801637652265199341e-01 1.979940617978312167e-01 -8.795646434771594441e-03
-9.801124703701216134e-01 1.980623060327879603e-01 -1.228360418973481819e-02
-9.805336988985693392e-01 1.958702051458540705e-01 -1.373122891945909724e-02
-9.804196882945431790e-01 1.966883160111634610e-01 -9.537282980218018957e-03
-9.818465786813259655e-01 1.893229078620141115e-01 -1.158236249604030661e-02
-9.817381457243010701e-01 1.895863303787085619e-01 -1.572435080102067145e-02
-9.832942692783244176e-01 1.810075449784017410e-01 -1.920071612418990450e-02
-9.838645036425629486e-01 1.770626217827067639e-01 -2.568044860206474336e-02
-9.836982975003970564e-01 1.781607965764458734e-01 -2.442148788163166911e-02
-9.846944760418980813e-01 1.726177063988049709e-01 -2.408184572780402988e-02
-9.850701860962866041e-01 1.695505068650174085e-01 -2.982236163532796941e-02
-9.849420350976429983e-01 1.695574082803112670e-01 -3.375636203052569118e-02
-9.859950580758788385e-01 1.628749230081764088e-01 -3.585420674962228743e-02
-9.868255052132739458e-01 1.564588423182320664e-01 -4.118339892820876980e-02
-9.874776698462565117e-01 1.529506480036350313e-01 -3.865191120070214648e-02
-9.879794117613461824e-01 1.506990615681096657e-01 -3.444552376994582110e-02
-9.890413948942385902e-01 1.441736147574164684e-01 -3.179791337624603836e-02
-9.894284131654407233e-01 1.419452319019578190e-01 -2.971507439130710929e-02
-9.901985374416998331e-01 1.370720095593172538e-01 -2.679813125759428205e-02
-9.908293805248494790e-01 1.326454114865961431e-01 -2.573621360270563624e-02
-9.904379596113157547e-01 1.345355478618302236e-01 -3.054265314363842007e-02
-9.909468767451434790e-01 1.294607472310333740e-01 -3.555589557167333076e-02
-9.923949479354097214e-01 1.189310768510417615e-01 -3.174406146641543802e-02
-9.929602872984367723e-01 1.140086301718621214e-01 -3.212350009330090794e-02
-9.936752272464923763e-01 1.082386679871756019e-01 -2.989904023033894062e-02
-9.941627288648542393e-01 1.027882075350276120e-01 -3.278829333265522589e-02
-9.950539425213162925e-01 9.274077244271949905e-02 -3.559241590507453840e-02
-9.954704812199370867e-01 8.692444027400797468e-02 -3.850561428125414548e-02
-9.958885096740586196e-01 8.113208072880342958e-02 -4.029493080668350435e-02
-9.962963890039713277e-01 7.602534057429034819e-02 -4.017054293662855602e-02
-9.967456950312071351e-01 6.839008592243357720e-02 -4.267124635854553649e-02
-9.973317221376249986e-01 6.016695865489005146e-02 -4.134480323078715963e-02
-9.977851687516988699e-01 5.030979697684357516e-02 -4.351667652960426735e-02
-9.979328095857208369e-01 4.278637425881008649e-02 -4.795261751192356203e-02
-9.983970837287885480e-01 3.001060592199546878e-02 -4.798589930898733424e-02
-9.987408571942265612e-01 2.504611665824372363e-02 -4.346736588919404565e-02
-9.990462836499029997e-01 1.551997398866361913e-02 -4.081265688561647176e-02
-9.993480269776351399e-01 7.274702734514561231e-03 -3.536409043824820936e-02
-9.994486974868270757e-01 5.115408765744360389e-03 -3.280476928437060791e-02
-9.993214008201936061e-01 -1.813037666541191147e-03 -3.678953752053654158e-02
-9.994046514304733009e-01 -5.834192628303072961e-03 -3.400476603993291685e-02
-9.993031325579474489e-01 -1.335428836165889963e-02 -3.485586727925733125e-02
-9.993372432897448254e-01 -1.648191764496413636e-02 -3.245673667692472453e-02
-9.991961327430621820e-01 -1.883231416016743764e-02 -3.538999169358016117e-02
-9.991753240316447737e-01 -2.624618840701595582e-02 -3.098109745550488292e-02
-9.991357553681482484e-01 -2.855186192592718691e-02 -3.020848333878536907e-02
-9.988995303315058027e-01 -3.357723687362784704e-02 -3.274624372457076577e-02
-9.986848938200251213e-01 -4.377617140628878301e-02 -2.668610597036102233e-02
-9.986007464700552561e-01 -4.609362484797638326e-02 -2.592191094217805025e-02
-9.981866719226264451e-01 -5.516804671125082743e-02 -2.408055267320413639e-02
-9.979867778361908304e-01 -5.942124576063835539e-02 -2.217036726701916011e-02
-9.979143640080573308e-01 -6.127168975124181599e-02 -2.031552307926658835e-02
-9.976541897848990592e-01 -6.638905496095234837e-02 -1.669219038323436349e-02
-9.975417049291230853e-01 -6.868059744129642596e-02 -1.391188945468611188e-02
-9.969329814339776830e-01 -7.727115077352224304e-02 -1.240233325096140420e-02
-9.969914730991762397e-01 -7.699835797612958332e-02 -8.903568674096959401e-03
-9.971948303984095041e-01 -7.449969409255775832e-02 -7.230761330467364023e-03
-9.970638679455350317e-01 -7.632211566113196455e-02 -6.212566783278661645e-03
-9.968739133664832330e-01 -7.789419618622295260e-02 -1.322547800718166383e-02
-9.967925759390989793e-01 -7.806443605507286387e-02 -1.762165199779847785e-02
-9.964690626687218167e-01 -8.266491357382395322e-02 -1.469480706548029376e-02
-9.964128804945389106e-01 -8.388181907142547300e-02 -1.119062807336084105e-02
-9.958418398451965858e-01 -9.006594231601505740e-02 -1.368116345151256311e-02
-9.953379600705823949e-01 -9.521279213807450070e-02 -1.539115722706718530e-02
-9.954739417278775093e-01 -9.406305191161221102e-02 -1.355698674441114041e-02
-9.954276660153199563e-01 -9.480764709226691123e-02 -1.163142616217511041e-02
-9.956189358822694624e-01 -9.252046760451598795e-02 -1.352463883734576766e-02
-9.955940850465091474e-01 -9.285041021821201224e-02 -1.308577128813172286e-02
-9.953499395808323991e-01 -9.600847100676403179e-02 -7.803170280198881356e-03
-9.954689798679919877e-01 -9.472828638804299539e-02 -8.251064911796626711e-03
-9.954572204490157450e-01 -9.498793116465585606e-02 -6.498721799248694843e-03
-9.955476307000709069e-01 -9.355996189449292122e-02 -1.146589220670937888e-02
-9.954484163152360621e-01 -9.435499280835900338e-02 -1.340163969008096277e-02
-9.947503485779780608e-01 -1.018964891684526891e-01 -9.426955769373492749e-03
-9.951185355052016845e-01 -9.830515576621635943e-02 -8.672639033811047060e-03
-9.946179157037001728e-01 -1.036103102501849255e-01 3.504329785527764834e-04
-9.947968777471170032e-01 -1.018582996654524564e-01 -2.018962139509059266e-03
-9.948199995675903740e-01 -1.016419743175018681e-01 1.447386483350053717e-03
-9.954754583204398211e-01 -9.501681003154931193e-02 6.596138901533793670e-04
-9.953042351617836792e-01 -9.679535670444938678e-02 -3.947189405239928455e-04
-9.952155765111423413e-01 -9.770000683994829738e-02 -8.260443446737385058e-04
-9.952475595104869344e-01 -9.737415601713859947e-02 7.658002997638277669e-04
-9.953834759310481450e-01 -9.586586885177679485e-02 4.635570097326415472e-03
-9.956752008733383841e-01 -9.290084372291287917e-02 -5.873516209204728694e-04
-9.956888656332821830e-01 -9.274135753212624234e-02 1.655549594791150009e-03
-9.958302560154957961e-01 -9.122309672513528866e-02 -6.820564064861133272e-04
-9.960415765316700254e-01 -8.888007313480414395e-02 1.236049713659600081e-03
-9.960332566489437101e-01 -8.889974268059429308e-02 -3.821625099968457059e-03
-9.960885748610405210e-01 -8.834707556657722671e-02 1.537118899476026725e-03
-9.962378397328579549e-01 -8.643052333868608827e-02 6.320511411569473825e-03
-9.962704172702254724e-01 -8.602316767678014342e-02 6.729624120408869530e-03
-9.960034138173033957e-01 -8.903163505954921064e-02 7.112324648446174090e-03
-9.963769031598256332e-01 -8.371045611449709489e-02 1.502146450767449098e-02
-9.968623435144006173e-01 -7.731763576767781976e-02 1.695492089062619612e-02
-9.968397752259742228e-01 -7.636526444311592110e-02 2.188211687376012682e-02
-9.968916632228821406e-01 -7.544694347673690238e-02 2.268895436923691611e-02
-9.970029572612357782e-01 -7.452508429734354400e-02 2.076374587367728342e-02
-9.976353043080106175e-01 -6.439810734681730708e-02 2.401461498216522772e-02
-9.978752493035013549e-01 -6.004546205977981388e-02 2.528928062612726541e-02
-9.984580644311867870e-01 -5.101102501904770242e-02 2.189491188765723892e-02
-9.985624332605879117e-01 -4.644457370443978023e-02 2.675793132923262943e-02
-9.988659672795733302e-01 -4.073166834205271813e-02 2.465215875633113354e-02
-9.990373353204476947e-01 -3.867431893860996672e-02 2.070550606974190175e-02
-9.992184206665214452e-01 -3.288217136808471025e-02 2.193921052221394288e-02
-9.992414344340013743e-01 -2.765331802587082249e-02 2.742021641236136453e-02
-9.993138412977481400e-01 -2.141812636471848719e-02 3.021802631159625080e-02
-9.992647413436409609e-01 -1.537243509421623577e-02 3.512383534903017190e-02
-9.993308281692885320e-01 -6.877353120974297532e-03 3.592515567853955816e-02
-9.994045576581598311e-01 2.382369783100607430e-04 3.450351049351489674e-02
-9.993295820825293108e-01 8.237901406299118212e-03 3.567271016833338526e-02
-9.992507041931655287e-01 1.456798249938485307e-02 3.585837356194278985e-02
-9.991380700567238371e-01 1.779441699325397253e-02 3.750326141105680272e-02
-9.990538130759345492e-01 2.680503474015725682e-02 3.424890433374652710e-02
-9.989057435165249466e-01 3.450186880296821773e-02 3.157459740552269467e-02
-9.987993504472403306e-01 3.995110050683269021e-02 2.835111375901379002e-02
-9.987055680204730557e-01 4.527988410983864453e-02 2.317194029953682094e-02
-9.987537459124269379e-01 4.515543574193001813e-02 2.125935019847062860e-02
-9.983659528286833451e-01 5.374513223184387845e-02 1.941399571933265580e-02
-9.981290529932789202e-01 5.775320424319687479e-02 2.007434219024631372e-02
-9.981556684562895576e-01 5.774325733766011437e-02 1.873488740411683590e-02
-9.981571202235293150e-01 5.966386853696647313e-02 1.107268030467141104e-02
-9.979489525176336029e-01 6.361229686460716237e-02 7.168125933056932082e-03
-9.977451082361705748e-01 6.682441682578310616e-02 6.262144660709300509e-03
-9.974110021651133584e-01 7.174588670333505169e-02 4.882476004311577314e-03
-9.973056634216341809e-01 7.324374740389043292e-02 -4.096973231777717092e-03
-9.974633945462979545e-01 7.094640739382515604e-02 -5.779433931496622510e-03
-9.978554360269159540e-01 6.545279232439998873e-02 -6.917935477012563186e-04
-9.977089985714748810e-01 6.762734670437345330e-02 1.820437758031738778e-03
-9.979627443993848157e-01 6.379668714557194809e-02 -6.011824046834469276e-04
-9.976837243221307050e-01 6.800861275812924989e-02 -1.425729039750767927e-03
-9.978722489239174598e-01 6.500077895305469977e-02 -5.088373573381868228e-03
-9.978048375389481084e-01 6.595576917280718265e-02 -5.946484264450973417e-03
-9.978347960350218981e-01 6.568052622543818497e-02 -3.436026427975851383e-03
-9.978234307090930733e-01 6.574267054057661430e-02 -5.130339274977943446e-03
-9.978513750158662932e-01 6.500914443231806117e-02 -8.152454738209897675e-03
-9.981240807306055451e-01 6.098715979802502712e-02 -5.376219595600177474e-03
-9.982555505049167666e-01 5.897353667722445708e-02 -2.827679668846439214e-03
-9.978110656686581814e-01 6.612319702576573144e-02 -9.044679446719085681e-04
-9.980216532850710864e-01 6.285813764194393694e-02 -1.285354083073368117e-03
-9.977570554989310114e-01 6.692941083920787848e-02 -1.153341546509326944e-03
-9.975427195441333161e-01 7.003885482328649215e-02 -1.760546067647050274e-03
-9.976824234768032484e-01 6.804042141944317834e-02 -5.485837565342914328e-04
-9.977737750970183672e-01 6.661633801350529127e-02 -3.126542817870175180e-03
-9.978521193853259197e-01 6.521557219461911192e-02 -6.172118872661488953e-03
-9.976940813493311300e-01 6.755573121979036033e-02 -6.539211322736895871e-03
-9.973768395061151093e-01 7.199282672211458622e-02 -7.516047089459830695e-03
-9.972533424236719179e-01 7.352604454551923963e-02 -8.928036177497931589e-03
-9.975036383655655481e-01 7.036310348559395023e-02 -5.961804356523301568e-03
-9.977116823827967274e-01 6.714133420632444060e-02 -7.966060411536411354e-03
-9.981717179700128062e-01 6.034805056844910753e-02 -3.369283850724272972e-03
-9.980846275152974734e-01 6.180968433905753567e-02 -2.580133285342351389e-03
-9.979653139440496368e-01 6.374482677232269634e-02 -1.359075457818562094e-03
-9.975822859839391654e-01 6.935602687146188994e-02 -4.397957256869997576e-03
-9.974065156718964209e-01 7.187305909364516410e-02 -3.810995381290841963e-03
-9.971554939246766169e-01 7.536379614406750471e-02 -1.112219974533399085e-03
-9.971351579748269911e-01 7.563638729500976599e-02 -7.946789307724002856e-04
-9.969727482970374144e-01 7.774111144123416195e-02 1.294850729714846875e-03
-9.972725610797442686e-01 7.379259196538999477e-02 -1.452683716196508101e-03
-9.973188720288858056e-01 7.309428704930816256e-02 -3.508662335376863499e-03
-9.973648979012311733e-01 7.253546276928353465e-02 -1.372986126857986440e-03
-9.975222172527071773e-01 7.031810605101096456e-02 -2.192733748417704642e-03
-9.976385851230029633e-01 6.867138099785373428e-02 -1.230011755193697546e-03
-9.977411140088296992e-01 6.717652086851466642e-02 -4.980403203049769273e-05
-9.973953250190006337e-01 7.206587768769433244e-02 3.015450678212889743e-03
-9.975017080013217630e-01 7.035109399379539663e-02 6.409690192699475306e-03
-9.972360535653851388e-01 7.410207415079521354e-02 5.399451593201761573e-03
-9.970598265914988323e-01 7.662694818315321510e-02 -1.760390488936419695e-04
-9.970433605871603655e-01 7.682936932145001396e-02 1.342796712006378169e-03
-9.970891956182464932e-01 7.610096296807769556e-02 4.668768190966243042e-03
-9.969785096028810356e-01 7.753446842825956198e-02 4.719700789488818354e-03
-9.972810173427045788e-01 7.366923872989038224e-02 1.853031809490938032e-03
-9.974311929856440884e-01 7.156281626852645239e-02 3.129950408952688820e-03
-9.976461044440738668e-01 6.837735782365950143e-02 -5.177405360031216153e-03
-9.975047751809281715e-01 7.058927691723071440e-02 -1.181458816484640996e-03
-9.975122111919729750e-01 7.032395883412263793e-02 4.893641715869599500e-03
-9.977519409520665405e-01 6.693323303004054814e-02 3.320403174374876067e-03
-9.977006063135187564e-01 6.723481542087182683e-02 8.543900036692655964e-03
-9.972935407181057199e-01 7.283564022496000212e-02 1.002904281908446882e-02
-9.976695348698226828e-01 6.753261953221528779e-02 9.739766062603292737e-03
-9.976134012392784411e-01 6.801745090596281185e-02 1.188051364375558583e-02
-9.973086357945405434e-01 7.258629017960901986e-02 1.033121302682909678e-02
-9.969502297751415831e-01 7.705694801369582236e-02 1.234846841767970813e-02
-9.961831399233960216e-01 8.687005730897597033e-02 8.530138968729842480e-03
-9.963113709141641072e-01 8.577207842298580076e-02 2.611745326589522305e-03
-9.964675854186032522e-01 8.397754945662389003e-02 3.753568707990651010e-04
-9.963696550385015005e-01 8.511121130815128832e-02 -1.900190010728520888e-03
-9.964184092717647268e-01 8.451002192337016272e-02 -2.903163479126626666e-03
-9.967606296531215104e-01 8.042022546612830058e-02 9.235423884122856940e-04
-9.969641962962323412e-01 7.786054886906215722e-02 -3.803746319906095314e-04
-9.966338337322606655e-01 8.179997024525724469e-02 -5.457538334723864570e-03
-9.965090378739520638e-01 8.314692799882202057e-02 -7.506276380963202918e-03
-9.966032860684266304e-01 8.124031419499054552e-02 -1.348777348555832423e-02
-9.969594004472004389e-01 7.709663925845150478e-02 -1.131726654094695680e-02
-9.968919895517429630e-01 7.789193778592862216e-02 -1.179939142451407602e-02
-9.967793258156494307e-01 7.950163227267961763e-02 -1.051116339890686979e-02
-9.969519913152518065e-01 7.694226183485135262e-02 -1.290867560054944144e-02
-9.971425720312988572e-01 7.375704245028918971e-02 -1.632814520677913772e-02
-9.975028548812469031e-01 6.889164449908512233e-02 -1.555681137052510044e-02
-9.976135854121246371e-01 6.721816380373632493e-02 -1.577565270277795501e-02
-9.979801921056741243e-01 6.178815216522190457e-02 -1.475733560459938781e-02
-9.983828020673815029e-01 5.480649727670221238e-02 -1.510122326319546238e-02
-9.981970863190278154e-01 5.756502905125235325e-02 -1.699596381764878136e-02
-9.984542775174255480e-01 5.405530197383909274e-02 -1.292665633520472326e-02
-9.988665328543447908e-01 4.659350791161832872e-02 -9.732048473614880041e-03
-9.988419753288728664e-01 4.751417752106536219e-02 -7.558404363366747619e-03
-9.988539386770710626e-01 4.672144951495814380e-02 -1.038910877553013770e-02
-9.986159421538988168e-01 5.143651584168588281e-02 -1.097739257491952246e-02
-9.987771702276296848e-01 4.613581135777158893e-02 -1.776709593670583107e-02
-9.990844675291682409e-01 4.107413875107147200e-02 -1.196495750966211635e-02
-9.991389045476514186e-01 3.977002592324253155e-02 -1.182424613192360058e-02
-9.994468189154755988e-01 3.104477624836850594e-02 -1.192880417306942976e-02
-9.995108737216535921e-01 2.930485046528738188e-02 -1.092050297511922181e-02
-9.996173445237386268e-01 2.543034481754540693e-02 -1.088487129742032183e-02
-9.997858303768716315e-01 1.897063091708194038e-02 -8.272052210131374331e-03
-9.998434864893839258e-01 1.304075310363316323e-02 -1.195657758283954868e-02
-9.999150879424184568e-01 7.947920713641535434e-03 -1.032791697181963814e-02
-9.998961901812561948e-01 7.060052595441306325e-03 -1.256116792053100020e-02
-9.998077394376791993e-01 1.248518027567633096e-02 -1.512027752332329583e-02
-9.998658078542312921e-01 1.243488794153367084e-02 -1.066574969814406033e-02
-9.998832775605629442e-01 1.354341737401219305e-02 -7.072870603095328217e-03
-9.999833565406186509e-01 3.672069340164178103e-03 -4.452051809020921708e-03
-9.999802488959510516e-01 6.269851668782249962e-03 -4.572561891504171860e-04
-9.999816937862181510e-01 5.120778529252733961e-03 -3.226150562353054425e-03
-9.999721497179097085e-01 3.749244675294315793e-03 -6.454557772529727344e-03
-9.999547496008903691e-01 -3.690489532509544195e-03 -8.769124789879970128e-03
-9.999611092008899860e-01 -6.301557626272836707e-03 -6.171624137373881921e-03
-9.999426077514504962e-01 -7.536137754391100847e-03 -7.616189088965545639e-03
-9.999747760163465449e-01 -4.116359120229473936e-03 -5.789773773854776061e-03
-9.999686227986523956e-01 -3.572200697966981288e-03 -7.071870871232135980e-03
-9.999998387531982003e-01 -2.140396946455030806e-04 -5.435123006244007085e-04
-9.999920641631641072e-01 1.159506880332679835e-03 -3.813903201385824247e-03
-9.999900879364999051e-01 2.409735609035876941e-03 -3.746452540446208995e-03
-9.999966197700184134e-01 -1.859631567491980102e-03 1.822308940704392335e-03
-9.999948147025365941e-01 2.166913680306231833e-03 2.386142436166278392e-03
-9.999856597069468611e-01 4.517304736835448323e-03 2.879750853950410749e-03
-9.999948895911126012e-01 2.972833664167087026e-03 -1.183949596468866598e-03
-9.999897288649064464e-01 3.223442136671768495e-03 3.189090065148922175e-03
-9.999817353743986059e-01 5.736282462327575195e-03 1.908575207749019838e-03
-9.999816159235621615e-01 4.873871942310308882e-03 -3.609973461002992986e-03
-9.999434369384353483e-01 2.473917508427494073e-03 -1.034512168670755593e-02
-9.999968959820387804e-01 5.357440642431657990e-04 -2.437180955752083975e-03
-9.999753045620108916e-01 2.328626680291622278e-04 -7.025305414334103403e-03
-9.999953433483405041e-01 -1.862421452371813575e-03 -2.421467235160613268e-03
-9.999913470906842683e-01 2.297315581687644093e-03 -3.470862908280822855e-03
-9.999927923368225890e-01 1.114985299870785516e-03 -3.631926362300404252e-03
-9.999841628329239063e-01 9.999194130882868223e-04 -5.540131437306085663e-03
-9.999960533142850938e-01 -4.971598680953467474e-04 -2.768566060377238014e-03
-9.999842536924420378e-01 -5.484827604263512769e-03 1.194872979301046106e-03
-9.999893456242683332e-01 -4.012632446522004619e-03 2.286070087601606814e-03
-9.999866817705695965e-01 2.298286651481841643e-03 4.623093135473373833e-03
-9.999386965186668474e-01 4.109189599655731391e-03 1.028283464782011117e-02
-9.999382208539232542e-01 2.236886960896004688e-03 1.088897289720333443e-02
-9.998416464223260913e-01 1.077316488031336908e-02 1.416474220667596554e-02
-9.998898124795532194e-01 1.354327059784612465e-02 6.079595139489362907e-03
-9.998346487617727485e-01 1.479919028244465126e-02 1.056777717464436363e-02
-9.999157463641650256e-01 1.256819276616987641e-02 3.249564892956963505e-03
-9.999452291299023576e-01 7.316768032646152678e-03 7.484817348214076009e-03
-9.999599595252502970e-01 6.831444219411134978e-03 5.781831068894069565e-03
-9.999733172489168043e-01 7.168252954303691582e-03 1.414143145123704370e-03
-9.999823220662144019e-01 5.657086419116335793e-03 -1.836250642431121096e-03
-9.999553687804286772e-01 7.315303341424577409e-03 -5.980439745936301163e-03
-9.999513186043217372e-01 9.867907612998636641e-03 -6.224248042739199266e-05
-9.999802116043905453e-01 6.282954193308239524e-03 -3.463272110775609809e-04
-9.999819450906992646e-01 5.836242899559327367e-03 1.437643477709282455e-03
-9.999623484457282885e-01 8.391295435125314256e-03 -2.215138329749614075e-03
-9.999493317570220530e-01 9.656901817768195895e-03 -2.845548696879262457e-03
-9.999782738517191127e-01 6.562367057590569840e-03 6.372747308887893349e-04
-9.999770886980556828e-01 6.238651796584702286e-03 2.630638000601922839e-03
-9.999633088939628989e-01 7.983418142571536980e-03 3.108835960496393255e-03
-9.999456155195406426e-01 1.042999495186106365e-02 -1.255159088565374267e-05
-9.999672932764880340e-01 7.979472893758301349e-03 -1.326409679787157302e-03
-9.999723392660342380e-01 6.731197643980377232e-03 -3.167122088317566447e-03
-9.999649742034949496e-01 8.079663255535968203e-03 2.188251037664473535e-03
-9.999319369260044610e-01 1.166304869209422966e-02 3.373591979413499090e-04
-9.999241184086217205e-01 1.206190768260308362e-02 2.507352946975532730e-03
-9.999763537684820403e-01 6.843372014463553095e-03 -6.923323155976321593e-04
-9.999607546821166482e-01 7.194484900534105741e-03 5.171816815454748084e-03
-9.998660814290092347e-01 1.018427536377414060e-02 1.281089854191014982e-02
-9.998866150666386732e-01 1.098523557465367131e-02 1.030053325865749360e-02
-9.997943889365862313e-01 1.461625743291545404e-02 1.405576182665293009e-02
-9.995509272215165053e-01 2.444362800100872979e-02 1.733414772195590592e-02
-9.995091083795962783e-01 2.714251624670024898e-02 1.564754946896822208e-02
-9.994040274508878552e-01 3.072040215067807847e-02 1.574377767215883600e-02
-9.994501292862402186e-01 3.084085910375372608e-02 1.217785760293732186e-02
-9.993761729812770112e-01 3.256838005886737719e-02 1.365962099766972540e-02
-9.995191811264215742e-01 3.013631048853184988e-02 7.295838124567181025e-03
-9.996776346433907667e-01 2.413879053236618957e-02 7.871814996815572341e-03
-9.995633116170886678e-01 2.923019245876761624e-02 4.336092583495825166e-03
-9.995801200301909217e-01 2.895807995608639523e-02 1.016387385250522128e-03
-9.996330280984828676e-01 2.708828107426643206e-02 2.323307734175645775e-04
-9.997210135634033712e-01 2.359398128805318892e-02 -1.113078940738234475e-03
-9.997294348990658497e-01 2.320247307952702856e-02 1.649880018726516918e-03
-9.997169416707085698e-01 2.372292621315329544e-02 -1.810851044266774965e-03
-9.996798667908124436e-01 2.524154733146273186e-02 -1.745879422874071140e-03
-9.997126713180971569e-01 2.394412452785349421e-02 1.128528625645945594e-03
-9.995554259349928028e-01 2.974016702624722799e-02 -2.119618967472002881e-03
-9.993984842668782731e-01 3.467141391043324083e-02 -7.632797882877317020e-04
-9.994115027824113096e-01 3.419517402030491926e-02 2.712578217262873702e-03
-9.994494843503833881e-01 3.315223615202850249e-02 1.295140783303820641e-03
-9.993473992370953685e-01 3.611055696077498239e-02 9.073189836702342994e-04
-9.992971407714594800e-01 3.726574752231245208e-02 -4.063053277214371747e-03
-9.993118521196558968e-01 3.667984515384531408e-02 -5.516436918179828605e-03
-9.993571518660132602e-01 3.569832273255706817e-02 -3.306458051580188438e-03
-9.992824356787876061e-01 3.787001492576305001e-02 7.040312587489245578e-04
-9.992401681764544463e-01 3.893546901839800567e-02 1.770735642803935792e-03
-9.992325910411546941e-01 3.916148963488177981e-02 7.916302469875070337e-04
-9.992054659241011993e-01 3.942474875937776457e-02 5.843460719267952463e-03
-9.992964868900290343e-01 3.710272345030670577e-02 5.471671250426908377e-03
-9.992089673974255959e-01 3.832510682526316798e-02 1.061346760530946544e-02
-9.989053813523698366e-01 4.498580140727046622e-02 1.281939464443726528e-02
-9.987768232214764286e-01 4.761530291480879640e-02 1.332893208542737344e-02
-9.989020874243759174e-01 4.596086421012093859e-02 9.068564314063630449e-03
-9.988222193372325863e-01 4.801536345785525212e-02 6.979911209897623689e-03
-9.988549721780463075e-01 4.760736864511649208e-02 4.722620826573192127e-03
-9.989833161785889315e-01 4.503168872077518980e-02 2.121599044233407790e-03
-9.989861172449558957e-01 4.474499419330111444e-02 4.964193613778450365e-03
-9.989164280264040130e-01 4.642557099423676170e-02 3.264406539225626035e-03
-9.990140509633120836e-01 4.439530843500391621e-02 -5.308943533004943996e-05
-9.990287775179084173e-01 4.404661434815905496e-02 -1.190676712578690819e-03
-9.989133983211642143e-01 4.641217306164668877e-02 -4.237102894881139212e-03
-9.992037247569760527e-01 3.981656143523627789e-02 -2.564765365440305287e-03
-9.991141531512569562e-01 4.208240317978515638e-02 -2.259366845172409988e-05
-9.990159192470685623e-01 4.432315431519828763e-02 1.634417954221718556e-03
-9.986955409405726680e-01 5.091672220339084343e-02 3.837221134840766192e-03
-9.983282810185526435e-01 5.718724805243969450e-02 8.383471810648402550e-03
-9.981982586510513844e-01 5.944516022770715558e-02 8.156590446927665036e-03
-9.981461351688547534e-01 6.019894706141767221e-02 8.966618138691907769e-03
-9.977990831167934394e-01 6.591675943722474784e-02 7.210486311295834054e-03
-9.976138529503205676e-01 6.874099640690421731e-02 6.426224594823456461e-03
-9.975901699973807046e-01 6.858101514722238223e-02 1.051273709232125771e-02
-9.973544535794713894e-01 7.180238407130505596e-02 1.133720125629658973e-02
-9.972921340345289876e-01 7.280530549759743619e-02 1.038303622993489925e-02
-9.970577929339956569e-01 7.591484426797769081e-02 1.061671002148207275e-02
-9.970211671149470378e-01 7.689624585454858663e-02 5.981662579715222444e-03
-9.967751618398055236e-01 8.024125426500737512e-02 7.989827614296590719e-04
-9.966945421925725856e-01 8.103538193778131449e-02 5.768623033075287801e-03
-9.964035615506274812e-01 8.462176282788880233e-02 4.372680293365840618e-03
-9.961080431597936213e-01 8.811353828462195614e-02 2.188892900721667832e-03
-9.961779800496022297e-01 8.733109887498201329e-02 1.652805525085084166e-03
-9.961730679444090741e-01 8.739219852405137601e-02 -1.357526920172985943e-03
-9.960358247621637906e-01 8.883766793202665935e-02 -4.530460926009849572e-03
-9.956747603270754698e-01 9.276053630851385789e-02 -5.222553685209956054e-03
-9.952129979345784028e-01 9.740171378564174698e-02 -8.000954614034478871e-03
-9.950851160205557155e-01 9.872606395205087149e-02 -7.667891083718302719e-03
-9.950049357433744524e-01 9.960959253734727459e-02 -6.567138681213014959e-03
-9.950853418141116791e-01 9.862931167594127246e-02 -8.800101847235404506e-03
-9.950980858465946488e-01 9.855536619811000598e-02 -8.164541957632697952e-03
-9.952970394877500571e-01 9.575592909202916558e-02 -1.465011019837055180e-02
-9.955649055456182728e-01 9.292046121332152298e-02 -1.470806694013121821e-02
-9.961942069719631476e-01 8.568295078401200193e-02 -1.598607094744586288e-02
-9.967468417635811928e-01 7.925692925511887421e-02 -1.463192000903740242e-02
-9.971027311856368591e-01 7.374850044909325719e-02 -1.863660010889383462e-02
-9.972233179723178909e-01 7.223590705179784577e-02 -1.810106463245964026e-02
-9.977892448276374227e-01 6.353819144139909170e-02 -1.948183490909298488e-02
-9.979355027187970517e-01 6.035260951339854740e-02 -2.196168866561631558e-02
-9.980665265974483225e-01 5.800680167147928556e-02 -2.232577618217813920e-02
-9.981082554856521849e-01 5.629706055070194531e-02 -2.470975845770805729e-02
-9.982724878322750683e-01 5.205694161601787107e-02 -2.724216899965987981e-02
-9.986465076983290778e-01 4.412079331521277792e-02 -2.754140835002011345e-02
-9.989180475215766464e-01 3.742745515860694538e-02 -2.760327613097721469e-02
-9.989172802289972841e-01 3.770052253337129872e-02 -2.725727019517192734e-02
-9.989920098904176982e-01 3.305443133341604001e-02 -3.037087064305950962e-02
-9.992366662904899055e-01 3.012664092988305911e-02 -2.486948437875288742e-02
-9.993492197079386630e-01 2.612533389337508630e-02 -2.487217329921771400e-02
-9.995038816640081647e-01 2.128879726855522139e-02 -2.321203579723574509e-02
-9.994408803801062557e-01 2.064422124330712177e-02 -2.630140185360249280e-02
-9.993968458858475401e-01 1.826603362636811112e-02 -2.953502166323729652e-02
-9.995631089281665771e-01 1.201624918645843518e-02 -2.700411157044050811e-02
-9.996219038983182870e-01 1.103495467484527648e-02 -2.518531385534224579e-02
-9.996055958313077028e-01 8.118903000865569999e-03 -2.688414495768650173e-02
-9.996085841428566932e-01 -1.327058700708823313e-03 -2.794527822995698796e-02
-9.996725756134878793e-01 -8.365235240646149220e-03 -2.418233711443823486e-02
-9.995583524231966832e-01 -1.237077931296348340e-02 -2.702008546945307982e-02
-9.995081363548378173e-01 -8.569581280984950311e-03 -3.016734372524874572e-02
-9.995083353143774385e-01 -8.914886631845024556e-03 -3.006049606342452510e-02
-9.994980659599954631e-01 -1.112428722757298830e-02 -2.966289534370672096e-02
-9.994890150554737174e-01 -1.330630587777882970e-02 -2.906324106298958584e-02
-9.994160852219869939e-01 -1.961814595685196227e-02 -2.797566542603775394e-02
-9.992868268951985433e-01 -2.778848680768272045e-02 -2.556674567236502660e-02
-9.991036082843013366e-01 -3.411735613887881269e-02 -2.506006346846680055e-02
-9.989245788966438777e-01 -3.920078799276834058e-02 -2.475893252737756955e-02
-9.986778761122716563e-01 -4.449369596779137459e-02 -2.574551760101801909e-02
-9.980456304650128230e-01 -5.514838975278169714e-02 -2.938700062693041376e-02
-9.979604018116948749e-01 -5.813492323754791691e-02 -2.637021522446890767e-02
-9.973872245960797578e-01 -6.796068531655552469e-02 -2.449674342208470190e-02
-9.971606866178389650e-01 -7.028238386477525523e-02 -2.703650490934592088e-02
-9.971274289259564050e-01 -7.161392692780042812e-02 -2.466489330900156762e-02
-9.968267003236606083e-01 -7.516808716284958947e-02 -2.619750381917623425e-02
-9.963350475635078807e-01 -8.151027059249099649e-02 -2.593395041608730772e-02
-9.960490746518931848e-01 -8.326991233597794140e-02 -3.086071374533056605e-02
-9.956834511889252060e-01 -8.777456746692588463e-02 -3.016805254045114987e-02
-9.953934927426436596e-01 -9.185238149391578011e-02 -2.747645609190727672e-02
-9.946786168630517011e-01 -9.903190719923651852e-02 -2.841041261559995937e-02
-9.945020547638278030e-01 -9.975086513944840527e-02 -3.186611127351429013e-02
-9.944839015528090798e-01 -9.965386962478561816e-02 -3.272456101870614004e-02
-9.942066930766220167e-01 -1.020368831700821932e-01 -3.378678752197571133e-02
-9.940531868329055554e-01 -1.039198924699359927e-01 -3.254133947543597777e-02
-9.939035154613891088e-01 -1.065955555634050811e-01 -2.816399336215696936e-02
-9.932667602858772371e-01 -1.125731595136050672e-01 -2.735777201686434568e-02
-9.934305883165931439e-01 -1.110049257399915584e-01 -2.781355202373318389e-02
-9.927952728585726083e-01 -1.172750511761199432e-01 -2.457904362330814649e-02
-9.915887795905632407e-01 -1.262482535182906651e-01 -2.851476223575374544e-02
-9.911995613641350067e-01 -1.296595413999251933e-01 -2.668058983712963059e-02
-9.912415821132696259e-01 -1.285832799326188103e-01 -3.010792222378824712e-02
-9.907133183565327572e-01 -1.326973433461985374e-01 -2.964045971343371930e-02
-9.910720438137181620e-01 -1.297033989847652946e-01 -3.087479863254917467e-02
-9.914479891123253452e-01 -1.282351491011466116e-01 -2.422090891046257966e-02
-9.905676213000484953e-01 -1.350370236837875049e-01 -2.325534036760250334e-02
-9.908051682081205902e-01 -1.334704479170076563e-01 -2.215353642530947312e-02
-9.902800568653292723e-01 -1.370540674351647115e-01 -2.369836629188420973e-02
-9.893034176016002323e-01 -1.435495057339930824e-01 -2.592891080699936956e-02
-9.894748204433619909e-01 -1.425809073373666969e-01 -2.470396053086709037e-02
-9.884839574709799459e-01 -1.492201415242330187e-01 -2.515623767714429693e-02
-9.883835129568251388e-01 -1.500272031702055975e-01 -2.428766620595350020e-02
-9.881018500257962023e-01 -1.524177287022830951e-01 -2.058132672769423521e-02
-9.878223475726030101e-01 -1.545991115659578752e-01 -1.749701007554168089e-02
-9.875568435786544752e-01 -1.566031411463419121e-01 -1.438603058111640083e-02
-9.867175770554047487e-01 -1.617596852329196144e-01 -1.490799682431650890e-02
-9.867564793633412101e-01 -1.617746633305152393e-01 -1.185874166207846227e-02
-9.860233019768190887e-01 -1.662547823363064448e-01 -1.083588084917476088e-02
-9.861598918529980162e-01 -1.655634583573995511e-01 -8.799430076032213957e-03
-9.859403222488525298e-01 -1.669181676334039743e-01 -7.747727816697683699e-03
-9.854875160065006412e-01 -1.695287738632105801e-01 -8.623899933938885404e-03
-9.858130442490352641e-01 -1.677423784321334654e-01 -5.929360506169748316e-03
-9.855731045174452865e-01 -1.692222012495597505e-01 -3.085980949907439052e-03
-9.864061660623215655e-01 -1.642844063422811141e-01 -3.678368701517547613e-03
-9.860519441922860340e-01 -1.664168590398067415e-01 -2.648278871770125709e-03
-9.856559174798047440e-01 -1.687672549739526184e-01 -2.168039749916345245e-04
-9.851981517121388698e-01 -1.714068593475752689e-01 2.076391922039443842e-03
-9.854889376805224810e-01 -1.697165036756933809e-01 2.807681169503691270e-03
-9.850287116335356696e-01 -1.723596272211866398e-01 3.258394380094373471e-03
-9.858900171132660706e-01 -1.672422724491654245e-01 7.135654596269040174e-03
-9.862468400912525190e-01 -1.652528680159432439e-01 2.946366224752774293e-03
-9.863521002086204081e-01 -1.645346737412922145e-01 6.156022660866425529e-03
-9.860069210231577896e-01 -1.665470152969085738e-01 7.243233789460704238e-03
-9.859128876221853188e-01 -1.671762293694810941e-01 5.282746649022000696e-03
-9.862392561675487057e-01 -1.648086122496104922e-01 1.304883668666479216e-02
-9.860956986633055976e-01 -1.655208735768547712e-01 1.476938372221724659e-02
-9.853165671622615696e-01 -1.699922983925812314e-01 1.593430720904844347e-02
-9.867234738101582359e-01 -1.617476367982799978e-01 1.464613653627890727e-02
-9.864374548568328738e-01 -1.636029079784458162e-01 1.323847694858398295e-02
-9.865338234381760829e-01 -1.633139012065034368e-01 8.922219454682883688e-03
-9.860182765555841611e-01 -1.660388103131986426e-01 1.411002526140186022e-02
-9.869157279568541163e-01 -1.599986331646995608e-01 1.994503485903422954e-02
-9.880539051955992136e-01 -1.531692532581977739e-01 1.699062226256826957e-02
-9.881222933807193298e-01 -1.526183673772221194e-01 1.794403044534705408e-02
-9.880734734076861425e-01 -1.527847928519559806e-01 1.917391944279495455e-02
-9.886258630951155757e-01 -1.492980622978290761e-01 1.813869799592870979e-02
-9.897589398816704076e-01 -1.415433149289699599e-01 1.851355938370042795e-02
-9.899935315986440054e-01 -1.399691687171168986e-01 1.792930988118913299e-02
-9.904258710001939692e-01 -1.370169879430708226e-01 1.682141488213843850e-02
-9.909129249411997575e-01 -1.338446834304191646e-01 1.331152902969932536e-02
-9.901914412689806211e-01 -1.390076981077725260e-01 1.406379723742210049e-02
-9.905610131077295932e-01 -1.355519560126413059e-01 2.036093230675095622e-02
-9.909625380202203848e-01 -1.321442946008692387e-01 2.304679500909822404e-02
-9.913601122536452870e-01 -1.290717226947002971e-01 2.335892456965936101e-02
-9.920677252858020045e-01 -1.229941963514262632e-01 2.596299869714576228e-02
-9.929196960885996459e-01 -1.159364953630456080e-01 2.586942885237322742e-02
-9.933249214497871238e-01 -1.128505712999115090e-01 2.388242322695346281e-02
-9.933872395449589998e-01 -1.119855809401532343e-01 2.531882963120778499e-02
-9.941713786413753917e-01 -1.038083926452927491e-01 2.910513753564288389e-02
-9.940324490735567009e-01 -1.058357427708888215e-01 2.642550498702452011e-02
-9.945441393951498510e-01 -9.996464884708795851e-02 2.981686573931084661e-02
-9.948989881154314263e-01 -9.658078782960342890e-02 2.912347095727287408e-02
-9.949229782911761522e-01 -9.682403947091595964e-02 2.744802990188355968e-02
-9.953178910243798416e-01 -9.277326226954925315e-02 2.711898416310261350e-02
-9.955780549408522750e-01 -9.043463662386200252e-02 2.541524500753889956e-02
-9.956679620794238739e-01 -8.989963019829408375e-02 2.373578390786106052e-02
-9.964330108109242801e-01 -8.158246449729036898e-02 2.157725521786836576e-02
-9.970158847918961786e-01 -7.434131979506616861e-02 2.080180522314731273e-02
-9.972917219344293871e-01 -7.041485138401185062e-02 2.123656124813971119e-02
-9.972986435241847358e-01 -7.040803703543395409e-02 2.093192331677280402e-02
-9.975721292238088900e-01 -6.734966637425766900e-02 1.771696427675451338e-02
-9.972716166649807645e-01 -7.151817293079870685e-02 1.828920207994442007e-02
-9.971903992230829461e-01 -7.098153222744066349e-02 2.393639937645321986e-02
-9.972857670607122582e-01 -6.818214604985246841e-02 2.779056123086283414e-02
-9.977910927942986730e-01 -6.087739316326409161e-02 2.658758432748583450e-02
-9.980267843294653440e-01 -5.886060470698173397e-02 2.186294670910947022e-02
-9.984037696781520310e-01 -5.277823115031951562e-02 2.010951035719571456e-02
-9.985630898121399257e-01 -4.899200961471628091e-02 2.171543475127770198e-02
-9.986462945868448404e-01 -4.584379096488454264e-02 2.457532596674953315e-02
-9.985469038722577517e-01 -4.595131403085520733e-02 2.815278003316421668e-02
-9.984951975982835348e-01 -4.402479767493525792e-02 3.269830490018116320e-02
-9.988374854982033924e-01 -3.658754574259455439e-02 3.138551590843561417e-02
-9.987946936287721567e-01 -3.406780720760081704e-02 3.533505541190556931e-02
-9.989756206032626151e-01 -3.074516379094482596e-02 3.320340298174453975e-02
-9.988460057054199259e-01 -3.418507129176304171e-02 3.373513612103604120e-02
-9.990662419341725942e-01 -2.811780131505844244e-02 3.280327825392792551e-02
-9.989147916994103316e-01 -2.949324977043562071e-02 3.604731211348441433e-02
-9.991041196014115444e-01 -2.463286425032292642e-02 3.441223193964088045e-02
-9.991366667789336464e-01 -2.323986699973805414e-02 3.443619015767235975e-02
-9.990884570873611592e-01 -1.644248274729565376e-02 3.939443454875064116e-02
-9.991882687182445100e-01 -9.073363950559999724e-03 3.924919764763855345e-02
-9.992087060979217839e-01 -8.369785351143280497e-03 3.888354593002061460e-02
-9.990680997916080441e-01 -6.566828105139194474e-04 4.315695451682689116e-02
-9.991943893184221936e-01 7.596383766699229233e-03 3.940671405607026889e-02
-9.991702332407922382e-01 1.833752794763320731e-02 3.636759094442882506e-02
-9.989379464940659759e-01 2.803890814400183257e-02 3.656255322883427555e-02
-9.988271075182005854e-01 2.974577094712209380e-02 3.820497413546274090e-02
-9.988145934338185095e-01 3.216054452784215811e-02 3.653941645896021523e-02
-9.987716730711280189e-01 3.633572101345255295e-02 3.368800994431191131e-02
-9.985723615306497658e-01 4.324306515073623319e-02 3.135757681310722550e-02
-9.985224051702240589e-01 4.557589773806700051e-02 2.959502358901135166e-02
-9.982087183146749476e-01 4.849707131547895123e-02 3.503441861243772326e-02
-9.982553264445147567e-01 4.717926878972546201e-02 3.550269782987399564e-02
-9.981791038646226077e-01 5.206631553939191498e-02 3.045647797156912640e-02
-9.978270668539377386e-01 5.834767844803562253e-02 3.060579576489986728e-02
-9.975074678015902752e-01 6.310358006598897063e-02 3.157232249057490697e-02
-9.974449291670270945e-01 6.612422719862551257e-02 2.704110825068788831e-02
-9.976572387752061788e-01 6.262033447048473422e-02 2.754540442594934080e-02
-9.973018730453048208e-01 6.751541900540840302e-02 2.882124094838077813e-02
-9.968875898435640703e-01 7.477729094604493310e-02 2.497021205687829232e-02
-9.967065593060856488e-01 7.747150284019764521e-02 2.396293748110962449e-02
-9.962570695020375178e-01 8.352004525250263101e-02 2.227722965938223540e-02
-9.954769573441091257e-01 8.939698184103182788e-02 3.215321152128125526e-02
-9.956213016802587523e-01 8.841837351391959587e-02 3.033870232407943901e-02
-9.949635529092658581e-01 9.592557902515395918e-02 2.908321904502731564e-02
-9.948867228548377017e-01 9.685728311173183447e-02 2.861987689271218438e-02
-9.942698811421514238e-01 1.043494568748579293e-01 2.320810213846712794e-02
-9.935821294724926922e-01 1.103601609328714594e-01 2.480339988566588119e-02
-9.931721827487152154e-01 1.143441568772173289e-01 2.311819605854809057e-02
-9.927795429979969777e-01 1.171998934579968343e-01 2.555358727255107459e-02
-9.919963431406791932e-01 1.243893506805842791e-01 2.169253616527989925e-02
-9.910891018153135112e-01 1.306074184089051904e-01 2.615561300547796300e-02
-9.901473329816813385e-01 1.376563212233548050e-01 2.567134166603645892e-02
-9.894708123930213706e-01 1.422982110011675738e-01 2.643392030761175515e-02
-9.884396400379634740e-01 1.493661418197446966e-01 2.601644174312212066e-02
-9.874241596405755050e-01 1.555496873126973323e-01 2.824615721285458902e-02
-9.870913420903713043e-01 1.585754769951815135e-01 2.246156857729255177e-02
-9.873268205169483114e-01 1.578025768500133097e-01 1.685579674651319082e-02
-9.875678016337646747e-01 1.566177030212081989e-01 1.344447732054447966e-02
-9.871165035301815438e-01 1.591924511801301734e-01 1.608706542828583844e-02
-9.866090676415850691e-01 1.624205184093585608e-01 1.490451479691833232e-02
-9.860315001717570027e-01 1.660161091936316335e-01 1.343703231190693584e-02
-9.858719734340782859e-01 1.670558643068758842e-01 1.219884729928185155e-02
-9.852849378297883209e-01 1.705774452324523294e-01 1.081425507685539709e-02
-9.844982860592307317e-01 1.750451136122140317e-01 1.106140134612189872e-02
-9.844817974226287571e-01 1.752968473916714232e-01 8.162566614076084692e-03
-9.846445485169150746e-01 1.742784048759977167e-01 1.010803240295087176e-02
-9.845407844201627956e-01 1.746395101916813908e-01 1.343528793937017601e-02
-9.837769758375256579e-01 1.790117301619373602e-01 1.173387791270299844e-02
-9.838306864394988915e-01 1.788987629858251882e-01 8.510854777861750695e-03
-9.833891279624358273e-01 1.812251665223917341e-01 1.016285794805379950e-02
-9.828055900569614423e-01 1.844160297145977512e-01 9.160882810336860513e-03
-9.826427510667703480e-01 1.851648383906712159e-01 1.127954121073553029e-02
-9.813335338970157196e-01 1.920242052544615385e-01 1.054615818416750235e-02
-9.810266007991760295e-01 1.937934206586300334e-01 5.562395273913663812e-03
-9.805740249672796338e-01 1.961462123223110254e-01 1.125403564563816350e-03
-9.799161609420576902e-01 1.994076508093545474e-01 9.632758584847925677e-04
-9.793737760849358098e-01 2.020569572655853130e-01 -1.195569759933703697e-04
-9.800471037322340262e-01 1.987653920198473034e-01 1.222769125941658376e-04
-9.812975204593080703e-01 1.924962862099173500e-01 6.145601436655810570e-04
-9.803081576072307790e-01 1.974732798588776650e-01 -4.913373964748801639e-04
-9.796869013200870668e-01 2.005196429873785380e-01 -2.338735222842221011e-03
-9.795756254296225096e-01 2.009289901975245263e-01 -7.691325578183780959e-03
-9.793267110381782548e-01 2.020617061940450376e-01 -9.501655505706951485e-03
-9.801878546174054296e-01 1.977111306571502081e-01 -1.192057368251935728e-02
-9.810242004566425145e-01 1.933762047113476990e-01 -1.404219588943184452e-02
-9.806889309868974669e-01 1.949398695747622257e-01 -1.573815657494564979e-02
-9.817606276913233287e-01 1.894885351690559494e-01 -1.549795577017127647e-02
-9.835286669356990696e-01 1.798941856718995758e-01 -1.759161777163935000e-02
-9.847477466492335907e-01 1.729157660793486095e-01 -1.928821153278545419e-02
-9.851273865954073283e-01 1.709484739735636916e-01 -1.733993095205368581e-02
-9.857236456183942064e-01 1.675016106055507992e-01 -1.709171409348697601e-02
-9.860896556231972809e-01 1.646287636853685232e-01 -2.290378086120590725e-02
-9.869613937706175344e-01 1.591399487259805845e-01 -2.411857943738578841e-02
-9.875463908653911993e-01 1.549350786168184058e-01 -2.733622838074850625e-02
-9.882223167596085878e-01 1.508766594125832416e-01 -2.555207223376843723e-02
-9.895668745135626221e-01 1.415854077431801250e-01 -2.666449593651501124e-02
-9.899079761114247811e-01 1.381994202535202221e-01 -3.135508556576848543e-02
-9.911035230592557532e-01 1.297822012715293405e-01 -2.950269585712518919e-02
-9.919263651052264708e-01 1.237585817360430523e-01 -2.767529224021697196e-02
-9.923860798165961006e-01 1.206269180641941358e-01 -2.488046120136575001e-02
-9.927194353974876373e-01 1.173767466993932973e-01 -2.703412825218938845e-02
-9.931819792642671008e-01 1.127134732934100547e-01 -2.975317210490405900e-02
-9.939942629769836779e-01 1.036523091761132193e-01 -3.509453404890620215e-02
-9.947916987767363439e-01 9.634191598184566052e-02 -3.328263152248411155e-02
-9.952042389586025495e-01 9.122793950798255280e-02 -3.529884064114515579e-02
-9.956333195035675931e-01 8.562029000701638914e-02 -3.719518070801182408e-02
-9.962175768178965773e-01 7.711319917580990169e-02 -4.005142605019666041e-02
-9.969096588916144253e-01 6.861111768730836225e-02 -3.825792885115538583e-02
-9.970816874048151757e-01 6.509060813958963965e-02 -3.989165316260454702e-02
-9.976054080727509987e-01 5.596909575670934445e-02 -4.063167246057376725e-02
-9.978902741064675785e-01 5.123320949169056504e-02 -3.987708327388167495e-02
-9.979334847599146130e-01 4.977640404580932487e-02 -4.063363489679285706e-02
-9.983469683993904109e-01 4.264333211173926275e-02 -3.853439350462049828e-02
-9.981448235536870550e-01 4.259838480321697513e-02 -4.350070593042069250e-02
-9.986024153229502431e-01 3.318989247097111489e-02 -4.112991166747023003e-02
-9.989209858337153580e-01 2.611866061162069347e-02 -3.840184851555061146e-02
-9.989333971601163098e-01 1.686757896450265248e-02 -4.298343323949836009e-02
-9.991326118225916098e-01 1.407274133195027255e-02 -3.919189428330351055e-02
-9.992694338750802707e-01 1.182739490103631996e-02 -3.634190259256357691e-02
-9.994575106286339716e-01 2.499311390936119134e-03 -3.283991798922247796e-02
-9.995061024463988142e-01 -6.877597469072205608e-03 -3.066385374371698516e-02
-9.995231326582085796e-01 -1.058954415613738882e-02 -2.900673882040296150e-02
-9.995589118731896816e-01 -1.245830239947213515e-02 -2.695912538872584016e-02
-9.994016080766809917e-01 -2.244466797865786803e-02 -2.631890295640140764e-02
-9.991995800478625789e-01 -3.216523823659926673e-02 -2.378273310384455483e-02
-9.991919926839539778e-01 -3.285563515735325651e-02 -2.314931326227109842e-02
-9.991608612076335882e-01 -3.760736681835765566e-02 -1.622593281202273224e-02
-9.989117746229110306e-01 -4.373630864674291074e-02 -1.619948543764348006e-02
-9.986690160091481472e-01 -4.926888815703475699e-02 -1.525760704032687667e-02
-9.986093108069026281e-01 -5.146150107642461641e-02 -1.145337129553551832e-02
-9.984437369688105024e-01 -5.455194913565940967e-02 -1.158492091127858413e-02
-9.984562752837918831e-01 -5.440311237534531386e-02 -1.119772967778727250e-02
-9.983298157300394271e-01 -5.548458334888464044e-02 -1.609538850973660576e-02
-9.979014604657867604e-01 -6.224092193840211062e-02 -1.785397403940576846e-02
-9.978749001675191188e-01 -6.279543359897579724e-02 -1.739076436994438368e-02
-9.975005440655488886e-01 -6.792954680433462011e-02 -1.944898253467977969e-02
-9.975311845408421085e-01 -6.899963059282598898e-02 -1.306172071972195106e-02
-9.977734660521827559e-01 -6.593807932417988793e-02 -1.001508387889698745e-02
-9.975514012854517221e-01 -6.921623641322086073e-02 -1.001679480267633759e-02
-9.971575044090296158e-01 -7.445353539569372903e-02 -1.155873336162405868e-02
-9.969635069876590094e-01 -7.678570807052682856e-02 -1.295155004794440803e-02
-9.968872663484258378e-01 -7.798013644690819646e-02 -1.161457667061489840e-02
-9.963351933071388222e-01 -8.523690761033839158e-02 -7.132587003569118220e-03
-9.963499084304300313e-01 -8.535259220836903526e-02 -1.347829854090162351e-03
-9.966205740740651242e-01 -8.214179668314046390e-02 4.222253835554970729e-04
-9.962775282708844493e-01 -8.605580588876335368e-02 5.050398437226312660e-03
-9.960839012456372821e-01 -8.809147673074251006e-02 7.534917171997827789e-03
-9.966272052585705143e-01 -8.174953626188649625e-02 7.158814133148373726e-03
-9.969208070120163523e-01 -7.820055812900246484e-02 5.796444514860219985e-03
-9.969979977870696564e-01 -7.706794674917621935e-02 7.452887234350914596e-03
-9.973616941828598037e-01 -7.203978648575662391e-02 8.941012285568315440e-03
-9.975145859765013334e-01 -6.865418151637284194e-02 1.585168320166925951e-02
-9.973106541044512996e-01 -7.003390525538849554e-02 2.160400591811027435e-02
-9.974365013131866187e-01 -6.845449256065985755e-02 2.084298531208080354e-02
-9.979379330862742092e-01 -6.107014483817012340e-02 1.975704480717217770e-02
-9.982403124576828546e-01 -5.293571878951057463e-02 2.672284936037436914e-02
-9.986083082221260954e-01 -4.467818843934899531e-02 2.802371663878462649e-02
-9.986414726722011581e-01 -4.224428443047182485e-02 3.050658955774833772e-02
-9.989032085143727535e-01 -3.749509781277297199e-02 2.804496617135240205e-02
-9.992041391432786579e-01 -2.650181696112600613e-02 2.981215381784745391e-02
-9.992136101995169328e-01 -2.432493951872782140e-02 3.131263372032823400e-02
-9.993028851130211221e-01 -2.422451861831589545e-02 2.840667221281737223e-02
-9.994332262207454853e-01 -1.975654986549184658e-02 2.725669749792057617e-02
-9.996285043622308297e-01 -9.228846050951595992e-03 2.564574108035352212e-02
-9.997917498423354310e-01 -7.446272862187790220e-03 1.900084952487977180e-02
-9.998778724172960874e-01 -4.360250717789070779e-03 1.500835447841123924e-02
-9.998552298749266987e-01 -2.474188230676811415e-03 1.683508118506699472e-02
-9.998533244886196325e-01 1.201204014577391798e-03 1.708534161124529785e-02
-9.997786774713892655e-01 -7.852375054705879563e-04 2.102383626807953487e-02
-9.997363937804766287e-01 -9.523576071161293181e-04 2.294031787413691043e-02
-9.996783911257423050e-01 8.456320726731636483e-03 2.390872722069427303e-02
-9.994456382239611525e-01 1.374948784305647306e-02 3.032144864121461697e-02
-9.995182425086143185e-01 1.445885447020121839e-02 2.746355466705916945e-02
-9.995141275371033363e-01 1.801458663523651527e-02 2.543630973412257940e-02
-9.993545966293440053e-01 2.221929717311768582e-02 2.822614771260233829e-02
-9.992209766187102327e-01 2.375237274450152022e-02 3.151645762870897843e-02
-9.993437991040983182e-01 2.415204000132947088e-02 2.699393601980036930e-02
-9.992970500577678106e-01 2.868282154484550622e-02 2.413967402767657616e-02
-9.990928764891239267e-01 3.288169114746428146e-02 2.705995156502372101e-02
-9.988651096211378366e-01 3.963075365581563564e-02 2.641814858577926084e-02
-9.986610546330622062e-01 4.339032025416641319e-02 2.816736681512474819e-02
-9.987443422971389317e-01 4.224713355847176804e-02 2.692472716335223351e-02
-9.985766619894994589e-01 4.551915662524876061e-02 2.779710468925279676e-02
-9.983369439081122287e-01 4.892560130907259996e-02 3.049023718489758672e-02
-9.985027479809039930e-01 4.889902906440790620e-02 2.451876540702863788e-02
-9.984959525932735058e-01 5.060238244513936418e-02 2.110104658077543993e-02
-9.982375300229731074e-01 5.446955055171123772e-02 2.355683262037301315e-02
-9.980243875577337054e-01 5.560096404832350764e-02 2.925538173368952277e-02
-9.976767073991656964e-01 6.025607995391897564e-02 3.178702767676883784e-02
-9.979397688967851510e-01 5.647501873324985155e-02 3.044359883908408920e-02
-9.978139534036837288e-01 5.932704151898721828e-02 2.911424582403195765e-02
-9.977515651785019424e-01 5.825155122621229059e-02 3.314504058585034107e-02
-9.975837182924470747e-01 6.249918336398075508e-02 3.034138692648194122e-02
-9.969337658387907863e-01 7.257919046220268067e-02 2.924637205435105108e-02
-9.970317078684131085e-01 7.095488632652158234e-02 2.988645580663087248e-02
-9.966314255263479804e-01 7.602108553172300109e-02 3.076717176712049501e-02
-9.960308360728598043e-01 8.307408546162531326e-02 3.195766976751640565e-02
-9.955918748555225850e-01 8.726500800211384190e-02 3.437528052814843582e-02
-9.950798663519312415e-01 9.546185959323508219e-02 2.651632593133573107e-02
-9.954044398161827623e-01 9.282074512856926252e-02 2.354427970399168221e-02
-9.949638904624792390e-01 9.717283591856913649e-02 2.458290668173431989e-02
-9.951828665318354084e-01 9.547230392480317296e-02 2.227384220283395652e-02
-9.945495649401721039e-01 1.022426079107927877e-01 2.043611152549804424e-02
-9.944033411077758400e-01 1.035421352828916203e-01 2.100104921132056254e-02
-9.939215821362569203e-01 1.087131823592237534e-01 1.735958343444354152e-02
-9.935533631650634856e-01 1.119746349477666880e-01 1.770362298324817604e-02
-9.931353341048838601e-01 1.151681979461469385e-01 2.045768680394115940e-02
-9.925585647250827481e-01 1.204642022853016359e-01 1.777340929568767269e-02
-9.921742761223187879e-01 1.235458386561695682e-01 1.807357409695246539e-02
-9.917118164959605187e-01 1.277619181372647017e-01 1.358630643923127920e-02
-9.915467296910907002e-01 1.292018681755222886e-01 1.191564149861600377e-02
-9.913736124927492455e-01 1.305805575492179349e-01 1.127390119568086671e-02
-9.925032060384081367e-01 1.218284929162776892e-01 9.758421961750946005e-03
-9.931371183527359925e-01 1.165627575064371868e-01 9.581763784624429750e-03
-9.927095798040742602e-01 1.204200935429178693e-01 5.168529465761372010e-03
-9.920225223562537664e-01 1.257835796513790128e-01 8.356362826016322173e-03
-9.918365659824333047e-01 1.274482592570113648e-01 4.146101011601108222e-03
-9.911697890684186829e-01 1.325816839445106421e-01 2.137478496144421935e-03
-9.910232236037767040e-01 1.336173562006602866e-01 4.403965030626668005e-03
-9.913053605734937213e-01 1.315473269649845844e-01 3.000898308349695710e-03
-9.916927564988804455e-01 1.286280252909352551e-01 -5.748101491459627586e-04
-9.916053584258537335e-01 1.291394287579767097e-01 -6.468668704824331178e-03
-9.911825497609746405e-01 1.321222471930069975e-01 -1.004427019567321645e-02
-9.911389129689093247e-01 1.322576550607409418e-01 -1.231220515388917365e-02
-9.921341353484809389e-01 1.247337952137048400e-01 -1.055273791559801534e-02
-9.927305128744835505e-01 1.188536199138119642e-01 -1.897284049332069455e-02
-9.922137449865851000e-01 1.228381634467727163e-01 -2.055949046146778383e-02
-9.924859753589958533e-01 1.203482396329468990e-01 -2.208874676619483959e-02
-9.928316684379517865e-01 1.186733764614197328e-01 -1.421022926787222918e-02
-9.933256387333190274e-01 1.150296453260128693e-01 -8.507572861122796037e-03
-9.935246116421605489e-01 1.126595000826475790e-01 -1.472093466435351466e-02
-9.939412887658184426e-01 1.081297890929667493e-01 -1.971512710102812233e-02
-9.942231177577121048e-01 1.051828152331485550e-01 -2.137733852428019832e-02
-9.951818955946185596e-01 9.610182771878179875e-02 -1.942823682094562202e-02
-9.955010440960376794e-01 9.138124647713576076e-02 -2.504320697708875207e-02
-9.957702523189593258e-01 8.851786011517501218e-02 -2.462145925176664751e-02
-9.958099255545449502e-01 8.820227524746436509e-02 -2.414485504924557963e-02
-9.957854641023162756e-01 8.776821031136299023e-02 -2.660965925329320664e-02
-9.959719829280487824e-01 8.609538343770010982e-02 -2.504830089294053305e-02
-9.960462658354294341e-01 8.567523085228213875e-02 -2.348647128652324098e-02
-9.967483273917498998e-01 7.722315750306932292e-02 -2.300823676849260424e-02
-9.973815762629898440e-01 6.844718827451662380e-02 -2.334516982989205680e-02
-9.976229219717127616e-01 6.617213646860871379e-02 -1.922958752503121233e-02
-9.976566470881640392e-01 6.652315301915830148e-02 -1.599711754312867565e-02
-9.979487906800756924e-01 6.157100712443894230e-02 -1.752841829785358949e-02
-9.982421108708696700e-01 5.667328216188889656e-02 -1.734503824110398065e-02
-9.982053561444274026e-01 5.699437427853498023e-02 -1.837747107085262871e-02
-9.981898132557883718e-01 5.703337166269278891e-02 -1.908702196026264633e-02
-9.983173409164209922e-01 5.213737074345586170e-02 -2.538118923929252868e-02
-9.984379921559316529e-01 4.940395071408720112e-02 -2.609308056108892646e-02
-9.987124813334136153e-01 4.257251392564812692e-02 -2.758594051161563157e-02
-9.982679863766225070e-01 4.532364597421728591e-02 -3.750756979844123429e-02
-9.985426402108187327e-01 3.845021126769994357e-02 -3.787083649869445179e-02
-9.985143084382368528e-01 3.047454233102928067e-02 -4.517191093907742955e-02
-9.987950729756250867e-01 2.581992578781487635e-02 -4.173436169435903315e-02
-9.989417077272110257e-01 1.269880779352370107e-02 -4.420665531519277214e-02
-9.987826581754500888e-01 1.369563449317457750e-02 -4.738834073905903721e-02
-9.988864520838415251e-01 9.927677923917294436e-03 -4.612288520392900104e-02
-9.987480253596874302e-01 1.839548366100979271e-03 -4.999021533130357242e-02
-9.987787667157660421e-01 -4.599101401161049228e-03 -4.919194180153090706e-02
-9.986919639023799089e-01 -1.085242533247945604e-02 -4.996608711717553941e-02
-9.984857045574625500e-01 -1.543618647336942803e-02 -5.280194856630828631e-02
-9.985103278013390815e-01 -2.184952091721913472e-02 -4.999747463198975228e-02
-9.981102233364538279e-01 -3.091711194724780856e-02 -5.310497232944193929e-02
-9.977398621957491720e-01 -3.956211423633500257e-02 -5.431418229347306781e-02
-9.974797240736958948e-01 -4.741509808569543266e-02 -5.278287999594170193e-02
-9.973680689744188754e-01 -5.327381102548290476e-02 -4.918190486347234075e-02
-9.973382460539180761e-01 -5.604160823535078717e-02 -4.664530853696220031e-02
-9.969337170199567000e-01 -6.153052769522359550e-02 -4.834440810651557258e-02
-9.965906207600613298e-01 -7.065362333320515664e-02 -4.260544120734534312e-02
-9.957188294268204398e-01 -8.091915452258939545e-02 -4.467803455877070867e-02
-9.953672627669978290e-01 -8.510152272189212830e-02 -4.474110704527417548e-02
-9.951357329101411242e-01 -8.968313993552692875e-02 -4.076556141520505661e-02
-9.943852956935563814e-01 -9.950903246063894092e-02 -3.599804891498376014e-02
-9.937856330127511351e-01 -1.059395086542728459e-01 -3.416078787596492361e-02
-9.928022499096482711e-01 -1.141258648771657225e-01 -3.631807989862387981e-02
-9.918360028819025453e-01 -1.228398441819626014e-01 -3.423067926170964698e-02
-9.911598319487746611e-01 -1.296939345127191279e-01 -2.795878867163510001e-02
-9.910251467865808239e-01 -1.314761169220276527e-01 -2.414978384883899321e-02
-9.911590061573614108e-01 -1.315558305313592746e-01 -1.723110397512447531e-02
-9.903691942437983231e-01 -1.375297179112546786e-01 -1.595176138901653606e-02
-9.899106358624862878e-01 -1.406571275174536839e-01 -1.710346238958597789e-02
-9.899982592953239235e-01 -1.403306662649180525e-01 -1.451804571686951539e-02
-9.898050740172066320e-01 -1.420670793855610958e-01 -1.014314339743567842e-02
-9.897340423984281044e-01 -1.421375635465603193e-01 -1.494862294666752037e-02
-9.890212412249036467e-01 -1.468670727191011272e-01 -1.634228842447328980e-02
-9.881152054921492622e-01 -1.530279397341207381e-01 -1.451940989465545437e-02
-9.888243150089388589e-01 -1.484958552420662659e-01 -1.324681035529155781e-02
-9.879999321316108585e-01 -1.542001907631120605e-01 -8.857653912321159645e-03
-9.874012367451810990e-01 -1.578928151105718491e-01 -1.042494118702849519e-02
-9.862882060146450636e-01 -1.646276926952213171e-01 -1.154644085776684349e-02
-9.862560184020027210e-01 -1.650853628102505744e-01 -6.775837707415442029e-03
-9.864112446960662250e-01 -1.642206293108132986e-01 -4.946118000255887541e-03
-9.857640522299313535e-01 -1.681343763639391031e-01 2.957677171421769710e-04
-9.855740018210825681e-01 -1.691666731258791301e-01 5.152311024561899953e-03
-9.855847347377880707e-01 -1.690543530281852225e-01 6.586277244939318584e-03
-9.850245158936056233e-01 -1.722881840966361267e-01 6.596012660378904394e-03
-9.849675222949805242e-01 -1.726400170605255635e-01 5.867470386966638918e-03
-9.849232957336613303e-01 -1.727239948477173603e-01 9.620073581402424287e-03
-9.853701629892614999e-01 -1.702798759281680951e-01 7.101294354017113550e-03
-9.866784951112803626e-01 -1.621794630452230157e-01 1.278248143346956064e-02
-9.868017673193557604e-01 -1.612619702263280164e-01 1.472656670831855655e-02
-9.878599540383610211e-01 -1.544078916771653986e-01 1.705687718828946889e-02
-9.882794940261681038e-01 -1.520908192276350379e-01 1.311667725819548255e-02
-9.890802234285145378e-01 -1.466077104835892819e-01 1.505037420891037689e-02
-9.900010930627056727e-01 -1.400434805508967151e-01 1.690213848310645819e-02
-9.899577279780080730e-01 -1.401488134808809294e-01 1.849405021810494529e-02
-9.912151679232381607e-01 -1.309107627950877040e-01 1.883842042382886245e-02
-9.912052477453050514e-01 -1.305962212999677574e-01 2.137304040559254159e-02
-9.910907868351939154e-01 -1.315348206178881818e-01 2.092047446386345599e-02
-9.914180288081707593e-01 -1.293137273399204701e-01 1.919049435087095620e-02
-9.915484671636417557e-01 -1.281736623476480985e-01 2.007915715667929132e-02
-9.918721787241292498e-01 -1.256949490702260752e-01 1.975813385699830629e-02
-9.927618080055220506e-01 -1.189833920607994283e-01 1.633915393917615214e-02
-9.927816529313269189e-01 -1.185160930000183493e-01 1.839968162145644293e-02
-9.929049858425490482e-01 -1.173300471232171099e-01 1.932283932820857281e-02
-9.935215729441245758e-01 -1.116343194765322400e-01 2.127641677545460269e-02
-9.942116024459414225e-01 -1.051871546686224818e-01 2.188550173624137854e-02
-9.948764984862681349e-01 -9.825866903863202106e-02 2.379096317846608397e-02
-9.947990822486594276e-01 -9.949946217721326869e-02 2.178683568521566638e-02
-9.951534856316103239e-01 -9.607988371516987258e-02 2.093368571398416395e-02
-9.947470467604810906e-01 -9.844414225916787997e-02 2.805507139081848955e-02
-9.955954891855431921e-01 -8.915273099744862317e-02 2.900751122515728836e-02
-9.955607291684716031e-01 -8.826248094733878113e-02 3.268932958461987642e-02
-9.963017488444692038e-01 -7.845091735482520590e-02 3.504714443052953099e-02
-9.965094377475451903e-01 -7.530519473648365769e-02 3.602903938833897785e-02
-9.963334622747314073e-01 -7.428848809908757123e-02 4.243673086175560327e-02
-9.962285750183772493e-01 -7.591673699930880093e-02 4.201546147735940595e-02
-9.964936075661027237e-01 -7.159909367670828917e-02 4.329068658935742581e-02
-9.968851027275270615e-01 -6.555594845960710515e-02 4.384670186393071351e-02
-9.971345145708995217e-01 -6.107222195196936043e-02 4.464266163608193727e-02
-9.974043903166580627e-01 -5.411408536071597025e-02 4.749917630573326222e-02
-9.977423542386694155e-01 -4.579567330702803696e-02 4.912203933827857111e-02
-9.977023321833372593e-01 -4.018459182957549725e-02 5.454611722822376441e-02
-9.980708147650352302e-01 -3.129788156695825774e-02 5.362010108842218958e-02
-9.981879347232650579e-01 -1.924192368573260370e-02 5.701420550649089619e-02
-9.982153415537134977e-01 -8.534219740172299326e-03 5.910434310828108218e-02
-9.979689628491771325e-01 3.430800209933988071e-03 6.360977517653633451e-02
-9.982240827551526197e-01 8.257388280531683875e-03 5.899593871648056709e-02
-9.982001979644390399e-01 1.894210931326616859e-02 5.689978733272575695e-02
-9.980835148201360196e-01 2.428694142885860774e-02 5.691631085082279190e-02
-9.975525782487258963e-01 3.231805090704828465e-02 6.200340424018235125e-02
-9.974357490437905094e-01 4.254603166533501429e-02 5.754812127558614487e-02
-9.970415763262755471e-01 4.927525191533244781e-02 5.899211161277980592e-02
-9.965603147428416797e-01 5.788800482980341333e-02 5.930044360612288928e-02
-9.960150725663697857e-01 6.635982463131537279e-02 5.958501107153938575e-02
-9.954605657671889984e-01 7.423071103502608403e-02 5.956583072629462877e-02
-9.949586687275865371e-01 8.173931953022785246e-02 5.810297521391719067e-02
-9.947855734460080424e-01 8.703113075373974938e-02 5.317207567732780416e-02
-9.943685919483475910e-01 9.396973901266326978e-02 4.899812104101451682e-02
-9.932529790400019820e-01 1.033259348332146721e-01 5.265259180569741709e-02
-9.921580215425848115e-01 1.137286946322591669e-01 5.184851815098668465e-02
-9.916995506582103603e-01 1.207823962578507410e-01 4.408671188572279437e-02
-9.907898551863844050e-01 1.298186188267161090e-01 3.850471279470515928e-02
-9.893864798847905595e-01 1.413255701148426469e-01 3.378609243948663132e-02
-9.885729099797372355e-01 1.466728493953296519e-01 3.479511925870632655e-02
-9.877508982325557962e-01 1.526339755733009396e-01 3.241999210300623019e-02
-9.872239317716463569e-01 1.555105457050269258e-01 3.471890089218492709e-02
-9.864794337641915600e-01 1.605108916246422157e-01 3.308479617526478150e-02
-9.853315167979977973e-01 1.674128364168021577e-01 3.308727120036759894e-02
-9.845409183169898659e-01 1.725057822547048370e-01 3.034729820576759912e-02
-9.839152102939540123e-01 1.760486076010245871e-01 3.029471858356589525e-02
-9.834764064141870987e-01 1.789960546936835151e-01 2.710338755166320432e-02
-9.833580950181772806e-01 1.799674988034957734e-01 2.487125863046888222e-02
-9.828673374654187667e-01 1.828535892825693121e-01 2.315998623046803748e-02
-9.813082791265241855e-01 1.911643667158713644e-01 2.214202597699291633e-02
-9.802457071268149136e-01 1.966833963530841833e-01 2.083310615212180528e-02
-9.796583119822950270e-01 1.997397612457773586e-01 1.932983621933908810e-02
-9.788817545279033805e-01 2.040161880599651589e-01 1.295872346511950379e-02
-9.797144401926641821e-01 1.997757644848097702e-01 1.578868051045779000e-02
-9.795656089887677664e-01 2.007345904129385072e-01 1.252456398619298562e-02
-9.796027443582530081e-01 2.007138635602610799e-01 9.614105965057304429e-03
-9.795613784149678205e-01 2.011022051278343603e-01 4.175148121207603036e-03
-9.787887100471276414e-01 2.048216205740354123e-01 4.559351630070699289e-03
-9.785012254843022950e-01 2.062399639434093490e-01 6.721672855249959978e-04
-9.786866023643933099e-01 2.053518604058515717e-01 -1.780620393098046855e-03
-9.780116372634929389e-01 2.085024341459102148e-01 -4.471588721319287585e-03
-9.795261547705187422e-01 2.013127922561426253e-01 -1.301709813501132195e-03
-9.797751605213456116e-01 2.000405169953364537e-01 -4.944601357029678249e-03
-9.797848839126137577e-01 1.999985761888593283e-01 -4.708872028156238856e-03
-9.803016217594354709e-01 1.972587129533137085e-01 -9.887026540644921341e-03
-9.808975849773748923e-01 1.940372948691668764e-01 -1.376513349987049453e-02
-9.811372827186827239e-01 1.926096615820774849e-01 -1.646735282835010486e-02
-9.819106574483704719e-01 1.884319601895831364e-01 -1.857095064146040489e-02
-9.818628702685591181e-01 1.889209193537307596e-01 -1.594406691466770595e-02
-9.819919017469681544e-01 1.885030991925188415e-01 -1.259005823675135582e-02
-9.827844249200352600e-01 1.838010769973723035e-01 -1.876064052003795918e-02
-9.847054941482473733e-01 1.734107816823248494e-01 -1.684677659619393877e-02
-9.850139502228794086e-01 1.716764430098259853e-01 -1.657528491398662165e-02
-9.854288823072090420e-01 1.692904733387452232e-01 -1.645225932480885028e-02
-9.860881676472732504e-01 1.655062630986278149e-01 -1.542160059766387557e-02
-9.870040464236340405e-01 1.599662449442429690e-01 -1.529169980531482932e-02
-9.877350346129820657e-01 1.549760433529957515e-01 -1.902500377902953052e-02
-9.873259147776067834e-01 1.568086089874007327e-01 -2.446674227713735439e-02
-9.876125445502151878e-01 1.545659134243797528e-01 -2.703448890091295770e-02
-9.883768988249268528e-01 1.505200564197401725e-01 -2.132701908310696837e-02
-9.884347308780717656e-01 1.500385463584818224e-01 -2.202817879394172729e-02
-9.892290339549069111e-01 1.450301776679226995e-01 -1.980376505159605477e-02
-9.886107120885385680e-01 1.495209718203543980e-01 -1.709860162359759517e-02
-9.900585070574666746e-01 1.401482104579310495e-01 -1.194381912012226418e-02
-9.906783657002893317e-01 1.361437317456672680e-01 -4.613354424429764837e-03
-9.900817363916913916e-01 1.402151583166576509e-01 -8.825396898152012073e-03
-9.907254698579386343e-01 1.355277049961436941e-01 -9.762559898341079123e-03
-9.906650807864288977e-01 1.359287910449141212e-01 -1.029973283313135278e-02
-9.912072565055067841e-01 1.321071379601604090e-01 -7.476745854271908340e-03
-9.910463060686373060e-01 1.329666117932012115e-01 -1.212940000732707670e-02
-9.915674394209006426e-01 1.287260746719560700e-01 -1.495439237512602264e-02
-9.913527971572325681e-01 1.305974580486121694e-01 -1.280463272748172399e-02
-9.919323340768273489e-01 1.266144277802456197e-01 -6.249341304653934295e-03
-9.923980557064516761e-01 1.227679477185132095e-01 -8.611216724391581104e-03
-9.920397672006849854e-01 1.252135040118519949e-01 -1.336793454543845974e-02
-9.921664836976720192e-01 1.239279546921055741e-01 -1.573383830313195703e-02
-9.924528558855685301e-01 1.216475597310163054e-01 -1.546683700209272941e-02
-9.923599100973384823e-01 1.226845122337175548e-01 -1.305152471724318163e-02
-9.927632307983154103e-01 1.194522121967428047e-01 -1.234340171601970744e-02
-9.927471010746722335e-01 1.185820105832001009e-01 -1.978694442372874729e-02
-9.935765507252477535e-01 1.115591838139336628e-01 -1.897918361933628728e-02
-9.937733724939745716e-01 1.090260804755413815e-01 -2.297435656374893775e-02
-9.943676267694014914e-01 1.023703139710750165e-01 -2.744749568693338748e-02
-9.945216033851409509e-01 1.008382815079838235e-01 -2.753987569614438705e-02
-9.949524090799219955e-01 9.760232396462507898e-02 -2.331337228595981373e-02
-9.951952697899607569e-01 9.446244043173696037e-02 -2.575355700161360839e-02
-9.957698080308412525e-01 8.845445594339773621e-02 -2.486608111344770083e-02
-9.962649363336878450e-01 8.121702486439440205e-02 -2.932567040946415168e-02
-9.967619275949644031e-01 7.568988957409161777e-02 -2.714265384237153286e-02
-9.973475160372206050e-01 6.881275562840875881e-02 -2.372256418377302611e-02
-9.977792161868194176e-01 6.156968695198139496e-02 -2.541323603064395142e-02
-9.980059914598177206e-01 5.574525079572274083e-02 -2.960627470608277051e-02
-9.983900284083451204e-01 4.949090464984861465e-02 -2.771326350386674880e-02
-9.984951316459487192e-01 4.643429458040110314e-02 -2.917793389409403110e-02
-9.981352527494717908e-01 5.081801641640792261e-02 -3.381670787126150185e-02
-9.985780377384835260e-01 4.409744896793010849e-02 -2.995564439317553382e-02
-9.989206834305427440e-01 3.873494752867030072e-02 -2.563386281806311062e-02
-9.987971026179482958e-01 3.644718828446103648e-02 -3.280203206964951712e-02
-9.988813663231647100e-01 3.348129147785307985e-02 -3.339224734393449190e-02
-9.989585454939600151e-01 2.954381240557645352e-02 -3.477083037479176270e-02
-9.989686632361549634e-01 2.299424504317311088e-02 -3.915223946516861037e-02
-9.992784597314627870e-01 1.939831786122567930e-02 -3.265407233876694432e-02
-9.993656534084877086e-01 1.253953573060862317e-02 -3.333277850070463788e-02
-9.994794850532238151e-01 1.046892913466813610e-02 -3.051530332929290948e-02
-9.995770651834605669e-01 3.094211978370407616e-03 -2.891608263876497761e-02
-9.996652233496623463e-01 9.236190240921472033e-04 -2.585752008824445530e-02
-9.996743398912883993e-01 -7.121834161676355093e-03 -2.450544498484345107e-02
-9.996183727567068411e-01 -9.558448564939595743e-03 -2.591849014642009369e-02
-9.995737365613278635e-01 -1.007616459714140954e-02 -2.740144733879937983e-02
-9.994811736235477140e-01 -1.126203300730554448e-02 -3.017570974953424912e-02
-9.995277661467772967e-01 -1.331332235717718436e-02 -2.769518704551817215e-02
-9.993450757420824226e-01 -2.182991229406403694e-02 -2.885996925165232319e-02
-9.990904902301628310e-01 -2.700839246131091914e-02 -3.299640083357939513e-02
-9.989353298635313960e-01 -3.194160968285078561e-02 -3.328608913030489669e-02
-9.988635480937072542e-01 -3.642406290350865689e-02 -3.073960462661555829e-02
-9.989318904553549094e-01 -3.743153269905724612e-02 -2.709210132809419108e-02
-9.987247809936357079e-01 -4.315602753262540170e-02 -2.619909287480998161e-02
-9.985190819760700887e-01 -4.739508094723825227e-02 -2.670903575075929057e-02
-9.983565223868053895e-01 -4.881811969803347140e-02 -3.001780773277245087e-02
-9.979907136473474827e-01 -5.491125936476851099e-02 -3.161190431388364447e-02
-9.975420273197903587e-01 -6.377767589254723646e-02 -2.902300905837132058e-02
-9.978655476270289482e-01 -5.937826244509291501e-02 -2.717708741705021983e-02
-9.974929756072365983e-01 -6.574584303585540024e-02 -2.617768046476063801e-02
-9.969260552246153040e-01 -7.339276757250912109e-02 -2.742198708406906951e-02
-9.964929023713811063e-01 -7.906430600960129285e-02 -2.739989655765605325e-02
-9.961429175207632269e-01 -8.494498786262472123e-02 -2.199226746813992550e-02
-9.958086558583486569e-01 -8.785673832080025114e-02 -2.542316732971194870e-02
-9.958736656885323058e-01 -8.830072204236935618e-02 -2.094391270884457881e-02
-9.953354450168609979e-01 -9.525425525040581709e-02 -1.529710435942049744e-02
-9.950838844594691590e-01 -9.798129181439214908e-02 -1.441360394812894914e-02
-9.947834725967327207e-01 -1.013705548663739187e-01 -1.139630831632274834e-02
-9.950098125675753691e-01 -9.937721853409613171e-02 -8.925466534594951595e-03
-9.947503906807524388e-01 -1.021713912830605336e-01 -5.717484909361048376e-03
-9.947256525179893893e-01 -1.023294482059923655e-01 -7.041508779504579082e-03
-9.939713072942453209e-01 -1.091480931721356407e-01 -1.038059784821745296e-02
-9.937831755504232811e-01 -1.108324798048422738e-01 -1.054439153541567378e-02
-9.936839851090522036e-01 -1.114074705490473022e-01 -1.343637003245606171e-02
-9.930448315196896969e-01 -1.172659351649595616e-01 -1.052072602147041680e-02
-9.921735592663795122e-01 -1.246442633621455687e-01 -7.447033952171258978e-03
-9.925171409329454075e-01 -1.219857626783417276e-01 -5.405653897868612640e-03
-9.929815647372344234e-01 -1.179172449850024590e-01 -9.119088805200041212e-03
-9.926221647732791364e-01 -1.209424561832491279e-01 -8.612934781198070683e-03
-9.926185997440728492e-01 -1.209173659980857241e-01 -9.344966297938798322e-03
-9.925081401801221226e-01 -1.218814965882474427e-01 -8.515563129818106217e-03
-9.927257172074068770e-01 -1.200804828016440451e-01 -8.737871306219804207e-03
-9.924137460662153520e-01 -1.225191109853428079e-01 -1.020031525461158849e-02
-9.922325540609833183e-01 -1.242529195655873858e-01 -5.982723992030481754e-03
-9.925078895579676486e-01 -1.220297560785306851e-01 -6.070431603053748695e-03
-9.915110445378308990e-01 -1.299941885694048671e-01 -2.716912433458580807e-03
-9.915805549838350164e-01 -1.294907198283153371e-01 4.225993561111263293e-04
-9.914356778491372202e-01 -1.304397972468755440e-01 6.385774788672965788e-03
-9.919335347832850536e-01 -1.265311276314139421e-01 7.599897626698526830e-03
-9.927512282256821807e-01 -1.197541221939214806e-01 1.019663392922867673e-02
-9.931442130836676263e-01 -1.163991308373636124e-01 1.076274258407989085e-02
-9.927613715919044735e-01 -1.197254139409791723e-01 9.524003445719738531e-03
-9.920776071966946885e-01 -1.254047125539674012e-01 7.463358168079315021e-03
-9.918782560200772869e-01 -1.268011428170401633e-01 9.950765670100768581e-03
-9.919065893405194512e-01 -1.265187019512505895e-01 1.069384889054328207e-02
-9.917043457130751971e-01 -1.277603846385897135e-01 1.413496136519588713e-02
-9.917823301744751463e-01 -1.274459645728002188e-01 1.119633840878878593e-02
-9.925646929110809591e-01 -1.214225720726655328e-01 8.480073614001704813e-03
-9.919867239092302613e-01 -1.260245946641030124e-01 8.953400543539775935e-03
-9.921797106026439828e-01 -1.245346876426634553e-01 8.399743732098103807e-03
-9.931111065863396092e-01 -1.165101549420136662e-01 1.247943184827563813e-02
-9.936043912885286211e-01 -1.121981972233863784e-01 1.272401697814771158e-02
-9.936530253180440031e-01 -1.115206455264068780e-01 1.472526293995394045e-02
-9.943273945824877558e-01 -1.060724767560699139e-01 7.853934164543135976e-03
-9.938210445482252853e-01 -1.106977455773127811e-01 8.109423804738592756e-03
-9.938358750805522668e-01 -1.100629098893215474e-01 1.328275292559308318e-02
-9.932516772287693918e-01 -1.150057054347027874e-01 1.499385343689712408e-02
-9.937544350821166939e-01 -1.109494022049646034e-01 1.193210359617115184e-02
-9.943212626001816101e-01 -1.053421630529641773e-01 1.510886558752695848e-02
-9.947189355424814750e-01 -1.007670614960694960e-01 1.950028502663174457e-02
-9.947717049309209303e-01 -9.939767019027891115e-02 2.343887352575397057e-02
-9.949210904927724419e-01 -9.689553410905897557e-02 2.726356153114639289e-02
-9.948053663632014931e-01 -9.685579163880200793e-02 3.132509098576435891e-02
-9.952454793026103141e-01 -8.965361838925439697e-02 3.806162690928582143e-02
-9.958355521407302735e-01 -7.902987134029552940e-02 4.545168346514701085e-02
-9.961436832285468501e-01 -7.630001808008878006e-02 4.331388431565420805e-02
-9.965561439154221324e-01 -6.946249383005455302e-02 4.528616827475286793e-02
-9.971274761120947350e-01 -5.890771120453416193e-02 4.760988464079046745e-02
-9.973637784231957903e-01 -5.260487766196378367e-02 4.998243344440780889e-02
-9.971863681323879236e-01 -4.731084646871754756e-02 5.814683718928014000e-02
-9.976503228944755275e-01 -3.703617449566216913e-02 5.763834331248517129e-02
-9.976479097291226505e-01 -2.991662089220650800e-02 6.167388249717280224e-02
-9.980796952202387606e-01 -2.054186712501925721e-02 5.843780725291156802e-02
-9.982042402905398903e-01 -9.961210278350464062e-03 5.906854193099321526e-02
-9.982413354858649113e-01 2.597070077120082823e-03 5.922427751684479491e-02
-9.978601577637233877e-01 1.063405617828816485e-02 6.451392257296087451e-02
-9.974597851051267838e-01 2.177927585955401896e-02 6.782082495679629675e-02
-9.973797424689400115e-01 2.558954734613925336e-02 6.766718872511053029e-02
-9.966154645951895708e-01 3.904038548547928561e-02 7.234285322189505651e-02
-9.964360403581404846e-01 4.815696018564250003e-02 6.925423395204685639e-02
-9.958318791544307214e-01 5.837261170462956089e-02 7.008231564789765833e-02
-9.952233620128648761e-01 7.034125028247180389e-02 6.769484765391731163e-02
-9.944700410117052192e-01 7.803204993253362587e-02 7.028770252066353363e-02
-9.938222158554058661e-01 8.933805267760616675e-02 6.584937175249183650e-02
-9.924283143707567367e-01 1.032743257019821392e-01 6.648668064435550584e-02
-9.915273338089071187e-01 1.145756333032985491e-01 6.120452802889204957e-02
-9.912813344946963534e-01 1.190136603901495865e-01 5.654279850492518328e-02
-9.909462536330043703e-01 1.231846250666305959e-01 5.339563678712966333e-02
-9.898165572899551012e-01 1.314869005468108365e-01 5.453807299145013027e-02
-9.881299791659772236e-01 1.422457595803667263e-01 5.801131073751831374e-02
-9.859612179382748476e-01 1.567076347951412707e-01 5.764735828549646945e-02
-9.850013961133913254e-01 1.647819454338808332e-01 5.117796139962336316e-02
-9.826000997624194655e-01 1.770719496480288591e-01 5.605883307739301796e-02
-9.817406370674730542e-01 1.813572921095829849e-01 5.740103066574325091e-02
-9.802343297887784468e-01 1.893951792491810338e-01 5.718521632706329710e-02
-9.786153099726320193e-01 1.979564964111190373e-01 5.590460431587326862e-02
-9.762528083761303765e-01 2.097734856844265805e-01 5.408847280803286833e-02
-9.750613713735829524e-01 2.160089382833289828e-01 5.094589828724310765e-02
-9.729468738172279973e-01 2.267476356186953201e-01 4.427091798915259308e-02
-9.722589733937587742e-01 2.304972696736866111e-01 3.979347860636096162e-02
-9.698843327287589577e-01 2.408526531161633011e-01 3.625471068977607902e-02
-9.672061656052545198e-01 2.522097811633857156e-01 3.004134601318132411e-02
-9.651236069388789973e-01 2.597908051362485815e-01 3.232930552274451697e-02
-9.636631914389950371e-01 2.658019453450494174e-01 2.650664220818870626e-02
-9.627173402848456796e-01 2.691474707629032959e-01 2.711059722653780951e-02
-9.627204372491541262e-01 2.695928849299189523e-01 2.211467622445337233e-02
-9.617254320432007120e-01 2.730806675772977643e-01 2.260896230619379235e-02
-9.613720754613318542e-01 2.745406817779549868e-01 1.977800266919660724e-02
-9.611781044571749977e-01 2.755515279353271119e-01 1.442323811196033305e-02
-9.597521146598482211e-01 2.804602158486073082e-01 1.476375880241698885e-02
-9.584240578725158333e-01 2.847704625500330211e-01 1.814199065114502005e-02
-9.571785746976613218e-01 2.893066796010667630e-01 1.052824759981174814e-02
-9.579418724286239417e-01 2.867377448116732452e-01 1.135153966233817292e-02
-9.596626679102473467e-01 2.809671581057119893e-01 1.024902854516492046e-02
-9.599812634677998835e-01 2.798340878769430273e-01 1.135252146993515066e-02
-9.594932877797209825e-01 2.813226852772678921e-01 1.517235045389514307e-02
-9.582639841489584143e-01 2.853518594923823981e-01 1.744923591376717348e-02
-9.572307769478830553e-01 2.890359800799006118e-01 1.294081079926109705e-02
-9.558388840539766562e-01 2.936302382973822733e-01 1.238279378577258026e-02
-9.566548110635787472e-01 2.910465094770945949e-01 1.017470057172510656e-02
-9.572346503224568037e-01 2.891578742523637779e-01 9.464181361984758470e-03
-9.562662024039815245e-01 2.924104861289287260e-01 7.147058275755275789e-03
-9.546780712740452479e-01 2.975052441110384582e-01 8.968431109689378039e-03
-9.546097978721389543e-01 2.977290152888761310e-01 8.808522181658671665e-03
-9.541440827230025512e-01 2.991167868800127527e-01 1.175755168080582988e-02
-9.563446099678775125e-01 2.921032457691593587e-01 8.983525091605729096e-03
-9.554481968478074627e-01 2.949933656941419180e-01 9.883332305780914359e-03
-9.561424829181375262e-01 2.927640312426703639e-01 8.988731782812366816e-03
-9.581109708242985246e-01 2.863628357556493031e-01 4.440383083143165099e-03
-9.576253850138856105e-01 2.880112033307010710e-01 1.786560027495455536e-03
-9.577558408410499213e-01 2.875670543236126253e-01 -2.993609899844072459e-03
-9.593889502260366520e-01 2.819615988759957559e-01 -8.397764996765247000e-03
-9.606942212513077672e-01 2.774157989246779366e-01 -1.034946145913787433e-02
-9.620053325250742526e-01 2.727537070638844652e-01 -1.229549226645420927e-02
-9.625918514846565355e-01 2.706133806885420712e-01 -1.361430515974149102e-02
-9.632850985586676185e-01 2.679058624008295864e-01 -1.755823184388504571e-02
-9.637176157709234081e-01 2.663999775609553478e-01 -1.671624127114960945e-02
-9.639887563740361376e-01 2.650629159024567860e-01 -2.161832535818706061e-02
-9.642804507553126570e-01 2.640405287399651413e-01 -2.111481148255893101e-02
-9.665788454807198171e-01 2.554511135646553854e-01 -2.168150968676063606e-02
-9.670964681221245751e-01 2.536104597711953956e-01 -2.015390363390513404e-02
-9.691522852165220803e-01 2.455946651715288920e-01 -2.066717991238213245e-02
-9.699107286525415761e-01 2.423659476923407941e-01 -2.306403536607277288e-02
-9.708827423159921421e-01 2.382909087743141363e-01 -2.457981665045542649e-02
-9.713977242296298886e-01 2.357152529343219116e-01 -2.871941658680456783e-02
-9.733328874758577776e-01 2.270869368546950262e-01 -3.247518098990102159e-02
-9.746791881721578177e-01 2.212153070747709394e-01 -3.262349119670764769e-02
-9.761034323305004534e-01 2.152992454091539609e-01 -2.946774856163897338e-02
-9.773269577531854546e-01 2.097810845155901327e-01 -2.870432126689101068e-02
-9.786401849949470932e-01 2.031360919779146568e-01 -3.160918251145391350e-02
-9.797688880712271953e-01 1.975558284406664644e-01 -3.201007021845102968e-02
-9.795562071078587341e-01 1.972039226880674678e-01 -3.975266101595548163e-02
-9.819628137363015652e-01 1.853076650261201441e-01 -3.755164087842247783e-02
-9.828854800853518148e-01 1.800599827519747120e-01 -3.891734444602258647e-02
-9.833370728384103199e-01 1.765407092743567774e-01 -4.337745207755779736e-02
-9.847567465965613165e-01 1.671707879391125806e-01 -4.804271333670923072e-02
-9.850592298375977496e-01 1.657768520559918246e-01 -4.665161987161128843e-02
-9.858909761926727411e-01 1.599170457983530580e-01 -4.945246397215880690e-02
-9.870649685228540804e-01 1.510493974539759143e-01 -5.372943707025580606e-02
-9.881238845785249580e-01 1.447497888706744396e-01 -5.156270111106758813e-02
-9.895954887243819664e-01 1.340472990610677984e-01 -5.226963934907088299e-02
-9.907874217058789679e-01 1.222760173397354488e-01 -5.821413743448976275e-02
-9.918422510658156943e-01 1.118289045494990919e-01 -6.118227197579104160e-02
-9.929219029716327416e-01 1.032723117057914586e-01 -5.865960680512155578e-02
-9.936487826746971397e-01 9.317418985876704807e-02 -6.309272967774563756e-02
-9.940355916328190711e-01 8.746670749690348134e-02 -6.513711137809982676e-02
-9.949089634924811465e-01 7.508270787943885360e-02 -6.722177524181072172e-02
-9.954274922253016911e-01 6.164943540211337281e-02 -7.296218717028110645e-02
-9.962770277086241411e-01 4.773970652936741776e-02 -7.178461071020461604e-02
-9.969606162679448547e-01 3.515694222164808536e-02 -6.952370034730687154e-02
-9.973993017885810497e-01 2.805647607017850570e-02 -6.638895025024788010e-02
-9.978421080432786638e-01 1.760395902493629844e-02 -6.325546261941049353e-02
-9.981457225646729325e-01 1.272361022997569799e-02 -5.952521867440374592e-02
-9.983156450747857624e-01 4.736290123019779030e-03 -5.782270918618127864e-02
-9.979172107260768643e-01 -1.014899880242288617e-02 -6.370450826746726358e-02
-9.979223512547389374e-01 -2.101619476136949022e-02 -6.090423784247413208e-02
-9.977226627025788108e-01 -2.711036262972174593e-02 -6.176198139125770731e-02
-9.973245627691708082e-01 -3.529087169601607954e-02 -6.401794108197680910e-02
-9.972719846823184797e-01 -4.363971550802997479e-02 -5.953309683905304989e-02
-9.966093927135063479e-01 -5.730127863733674998e-02 -5.904496243435073538e-02
-9.962293087166388394e-01 -6.603091782668008003e-02 -5.627706440765158080e-02
-9.958898246651162189e-01 -7.375613868982504318e-02 -5.256914082963651258e-02
-9.955622520927251973e-01 -7.858059311389974100e-02 -5.177758203626656869e-02
-9.950713018186281289e-01 -8.540324382317843188e-02 -5.039261398233532002e-02
-9.944411200572219611e-01 -9.385459436233559161e-02 -4.773048290707530145e-02
-9.936609573465976508e-01 -1.019307420932059338e-01 -4.741361387186192322e-02
-9.931090708265093436e-01 -1.073120776256799302e-01 -4.710113097613394251e-02
-9.930278812689637968e-01 -1.106507077830659741e-01 -4.064570079782196116e-02
-9.923612091869621343e-01 -1.171308379814575695e-01 -3.872495812602189807e-02
-9.917333606756423281e-01 -1.242651637687620242e-01 -3.198648367824216687e-02
-9.906906003212129219e-01 -1.320669342911142685e-01 -3.302247930138919874e-02
-9.899040835914119096e-01 -1.387627914926462813e-01 -2.889320988894108350e-02
-9.883349226220848882e-01 -1.502078055358231079e-01 -2.513404202200565998e-02
-9.874014437637816943e-01 -1.567557074806399942e-01 -2.158844933868846877e-02
-9.866517388652185083e-01 -1.607523779824761023e-01 -2.602005911098593041e-02
-9.863992304675910372e-01 -1.626686911503173183e-01 -2.356860905084409361e-02
-9.861859901915437376e-01 -1.641018296180338787e-01 -2.253456319193714030e-02
-9.852133727557786935e-01 -1.694818939576712147e-01 -2.511020087404560591e-02
-9.842187418228315332e-01 -1.749125215060417515e-01 -2.681608749987396401e-02
-9.842406554854800094e-01 -1.753018641339821326e-01 -2.322957189305929065e-02
-9.837806994788843573e-01 -1.782683864609199975e-01 -1.989829576475368039e-02
-9.826028886999498280e-01 -1.848576215716057625e-01 -1.786749088069806632e-02
-9.814932003292161644e-01 -1.910123181070061960e-01 -1.361676345039267329e-02
-9.803419760782400294e-01 -1.970298650608307278e-01 -1.043390601576065120e-02
-9.795740354981645748e-01 -2.007796421069368287e-01 -1.105750782245676356e-02
-9.795806909328943490e-01 -2.007651175279358269e-01 -1.072668269111408390e-02
-9.787455873878059265e-01 -2.047529189578342068e-01 -1.154736115476277455e-02
-9.789710840804302094e-01 -2.035883787297800840e-01 -1.293880905389499514e-02
-9.795318179865862840e-01 -2.006040628378155943e-01 -1.659673718040425433e-02
-9.791180963215964095e-01 -2.025427996076064607e-01 -1.744109950171234338e-02
-9.783534564528402200e-01 -2.064008244715407336e-01 -1.494115287242175037e-02
-9.785035409371714010e-01 -2.059534614597589297e-01 -1.067783945814163027e-02
-9.777787888341209488e-01 -2.093235484212186692e-01 -1.150288545315687749e-02
-9.775730014139081270e-01 -2.105223710550483407e-01 -5.601992264358002585e-03
-9.776578368910553429e-01 -2.102017186866977361e-01 6.446713441536928296e-04
-9.786205496155936379e-01 -2.056633596914899942e-01 2.103947114365171955e-03
-9.795061505553565029e-01 -2.014142864786679921e-01 -1.018277689613079039e-04
-9.795089735827628985e-01 -2.013961952861273164e-01 -1.329412796818223250e-03
-9.795741211512253299e-01 -2.010712207688288844e-01 2.220250267064616517e-03
-9.791842694663029922e-01 -2.029733647649755168e-01 6.171263468863043625e-05
-9.800376901928121720e-01 -1.988007479717337767e-01 2.100628459207407126e-03
-9.795244758225670756e-01 -2.012894485759257612e-01 3.792541771637244520e-03
-9.790778236646191512e-01 -2.034849616113581228e-01 -7.140692339483627540e-04
-9.795637231716337601e-01 -2.011340953078176730e-01 1.106683184060871595e-04
-9.795114035520191553e-01 -2.013825605484151071e-01 -1.580797051098983223e-03
-9.786100562549969739e-01 -2.057159801329095927e-01 -1.821433733441228230e-03
-9.777060115111537719e-01 -2.099372481860994621e-01 4.163072649947188383e-03
-9.786300998719467126e-01 -2.055791107406999552e-01 4.514549500916082564e-03
-9.785525792572664638e-01 -2.056998629904398246e-01 1.106527631599514387e-02
-9.785352802025739649e-01 -2.059791635763741080e-01 6.427592430310669243e-03
-9.792200200946776789e-01 -2.027301747725202274e-01 5.352835062279024184e-03
-9.798209165071662952e-01 -1.998067398811701756e-01 5.316261216586237737e-03
-9.802035135486082407e-01 -1.977485460071159440e-01 9.828989142662091991e-03
-9.810030065271632127e-01 -1.936631537868854780e-01 1.130082035881782403e-02
-9.806392629952968010e-01 -1.956151552539137084e-01 9.020612541850273752e-03
-9.807133285333791139e-01 -1.954203935250977686e-01 3.501657230893907326e-03
-9.810660129687218678e-01 -1.935476206756319151e-01 6.987224486029114737e-03
-9.810624125034684839e-01 -1.934073936961348827e-01 1.049511454162036991e-02
-9.798753930738496321e-01 -1.994192154646756698e-01 8.730133423884265526e-03
-9.803099921212276024e-01 -1.969604563891689530e-01 1.410399634937706606e-02
-9.806560780012573142e-01 -1.949988492502200133e-01 1.700383043712351550e-02
-9.814583326426827847e-01 -1.909324770695491058e-01 1.686283678534702610e-02
-9.823634343296364646e-01 -1.859608844660483873e-01 1.951043872000621238e-02
-9.813904174862891905e-01 -1.911061106279061395e-01 1.874374125768898947e-02
-9.817300831288642282e-01 -1.893420155280402528e-01 1.885921328613215237e-02
-9.822140009179479714e-01 -1.862794408207824326e-01 2.357225645041347711e-02
-9.827432651721765833e-01 -1.828272174652746107e-01 2.810530810016476783e-02
-9.827748358678346507e-01 -1.817709307182171774e-01 3.336129206728866148e-02
-9.844389101127386521e-01 -1.701457063653275814e-01 4.393742031892571703e-02
-9.858154400624269398e-01 -1.622396189373576381e-01 4.296801360090029415e-02
-9.864512237453755272e-01 -1.581656081446870810e-01 4.356201995071815741e-02
-9.868135553709755925e-01 -1.538014762201301289e-01 5.043945850556753874e-02
-9.878836496054039795e-01 -1.468271374131635831e-01 5.027636298350619815e-02
-9.888509128052697106e-01 -1.412068671196196890e-01 4.727069784662139146e-02
-9.893459318810389203e-01 -1.366547482708508898e-01 5.020092493175109388e-02
-9.902664653902673031e-01 -1.306515138323082748e-01 4.798474128743029227e-02
-9.916502137686369345e-01 -1.193561782630679080e-01 4.882604088304069723e-02
-9.926571362240007579e-01 -1.092315781653916545e-01 5.196439666498836596e-02
-9.937746883587031954e-01 -9.999601793582953146e-02 4.911915528392562375e-02
-9.947043692292610872e-01 -9.110558457897001416e-02 4.757117274123867645e-02
-9.957264547322994819e-01 -8.063159049031976000e-02 4.502665794225423762e-02
-9.962016638907735810e-01 -7.370199814243219572e-02 4.637118002166718683e-02
-9.964368562185188516e-01 -6.914018675362135213e-02 4.830374961842704568e-02
-9.971610468968896690e-01 -5.673196836758449824e-02 4.951117563327302185e-02
-9.978170008485501841e-01 -4.208109619089649145e-02 5.089636943307791761e-02
-9.980362230219779196e-01 -3.602605154808161125e-02 5.124302308130365691e-02
-9.981417371895989765e-01 -2.731451032597677353e-02 5.447032664015541426e-02
-9.981143330812839443e-01 -1.919025598602309979e-02 5.830556503027741616e-02
-9.985054547047887974e-01 -9.579656282535669101e-03 5.380625827744724837e-02
-9.983084495951251025e-01 1.774287570653091881e-03 5.811297622892654113e-02
-9.985341875205443474e-01 1.452158477170698535e-02 5.214044679872101989e-02
-9.981293928496913770e-01 2.389747670878181879e-02 5.627301532871110262e-02
-9.981219076794130007e-01 3.047266990716824414e-02 5.314226372843838114e-02
-9.976656830949649502e-01 3.381553937173135960e-02 5.932723438077502215e-02
-9.976622074136983764e-01 3.547052035174051016e-02 5.841223111066339707e-02
-9.971297964100480637e-01 4.803186406245763679e-02 5.852465984151868084e-02
-9.964772921704978526e-01 5.657973941302942011e-02 6.190126064786301285e-02
-9.960949879766347603e-01 6.309852996715892282e-02 6.175254838099512866e-02
-9.958605661306869639e-01 7.138171758000075307e-02 5.627086248449982703e-02
-9.954383510140404345e-01 7.975809421377090536e-02 5.235610953943281576e-02
-9.948168723433898908e-01 8.844894216334887871e-02 5.016175314979362532e-02
-9.942290827906917761e-01 9.493728380103994002e-02 4.995467362782751025e-02
-9.938010039141796925e-01 9.868001888510402608e-02 5.120395368686488785e-02
-9.926510216617426829e-01 1.087890863946180536e-01 5.299915404071729036e-02
-9.919278140383662734e-01 1.159695792006132653e-01 5.128639956692013918e-02
-9.909186844096843361e-01 1.242665058772767644e-01 5.136168561176290143e-02
-9.909680159357611151e-01 1.251086614543294173e-01 4.827256516590620189e-02
-9.904309529982699978e-01 1.311714428213863193e-01 4.290228573108639115e-02
-9.897989282588192106e-01 1.358555053936824075e-01 4.291141412601120336e-02
-9.889009403123265596e-01 1.410635555104791938e-01 4.664793482042486200e-02
-9.887424561131840095e-01 1.430042839562763457e-01 4.402449856239826209e-02
-9.881670590458230263e-01 1.480276534498266294e-01 4.017092703713277813e-02
-9.874092134508127838e-01 1.537426171555913434e-01 3.723276613958978465e-02
-9.866175064279486540e-01 1.585533453486643596e-01 3.803628197411115103e-02
-9.856970139160607935e-01 1.640963572242818136e-01 3.839021181789127601e-02
-9.852076669132788789e-01 1.676621711807812776e-01 3.542986647875440154e-02
-9.832979569189029823e-01 1.793096590254479039e-01 3.119615369179983000e-02
-9.832476303423337560e-01 1.801156771958062619e-01 2.797259670827820580e-02
-9.828764043869165912e-01 1.820982338063305006e-01 2.818213720567531652e-02
-9.830773010255692279e-01 1.808226149916149494e-01 2.936371945616294069e-02
-9.819439641046141531e-01 1.873338088506722732e-01 2.630819437326759394e-02
-9.814579183079553681e-01 1.908193871112984497e-01 1.812020279762266428e-02
-9.806934018867659031e-01 1.950376176076157597e-01 1.417056054988439368e-02
-9.802457533093670294e-01 1.973899964792766304e-01 1.246908026060170385e-02
-9.794426399882055767e-01 2.014698281317438000e-01 1.010192151556740629e-02
-9.797597068803630682e-01 2.001022352075386423e-01 5.480673448119498248e-03
-9.785698148249666328e-01 2.058762229688549938e-01 4.015450466241091143e-03
-9.783510076193406846e-01 2.068209227148556095e-01 7.378169093866911166e-03
-9.779263297632644347e-01 2.088996476800113189e-01 4.588712257075088646e-03
-9.770131298022466382e-01 2.131754640116028943e-01 -1.261418290432260968e-03
-9.762495973886473610e-01 2.166341375998646901e-01 -2.529710449445363423e-03
-9.762776274121356401e-01 2.163639196029815137e-01 -8.286975356923994077e-03
-9.769821912783152040e-01 2.131621873086385344e-01 -8.228321696620171516e-03
-9.765931156005901448e-01 2.148633353159993264e-01 -9.982942380054472126e-03
-9.768376132877951701e-01 2.137554390929291559e-01 -9.844539784395178392e-03
-9.766315839869672555e-01 2.145561603022140829e-01 -1.250714514932207630e-02
-9.771528337722479307e-01 2.119451791911619032e-01 -1.586209351044995386e-02
-9.777693250692115479e-01 2.092510869770279613e-01 -1.345938641902440051e-02
-9.767811076066960085e-01 2.135696416733757763e-01 -1.693226106256407598e-02
-9.772157404296211158e-01 2.115135530424714083e-01 -1.764763513657544719e-02
-9.807291171949162889e-01 1.938921531459298353e-01 -2.400538084829420549e-02
-9.813598678546826548e-01 1.908518639900975977e-01 -2.254778074820034880e-02
-9.816133379095003386e-01 1.896897102686407044e-01 -2.128603512132907355e-02
-9.817764616161633873e-01 1.881109385649401000e-01 -2.700520190699019080e-02
-9.835835849041525414e-01 1.778922544220103152e-01 -3.029363322107777451e-02
-9.850922164476748621e-01 1.704595386007127789e-01 -2.317104310901665562e-02
-9.851356474912343897e-01 1.699695299687348227e-01 -2.486244913670931228e-02
-9.860220932291550167e-01 1.646893435950877449e-01 -2.525625152052100517e-02
-9.871559268889114058e-01 1.583391615549283593e-01 -2.125822614592155074e-02
-9.877012239426672391e-01 1.552666087574418596e-01 -1.840105089140992370e-02
-9.874303333211705835e-01 1.567890186940266994e-01 -1.996413556961502966e-02
-9.880015578481298189e-01 1.539168707940682945e-01 -1.274930530905370694e-02
-9.872532777830341777e-01 1.584601052451409808e-01 -1.487907048357082866e-02
-9.879512354504366156e-01 1.539266618617412818e-01 -1.609240189268868262e-02
-9.887039826166803547e-01 1.487923685274461227e-01 -1.803585687416998234e-02
-9.892640812537443207e-01 1.444145011424146918e-01 -2.238427499600548209e-02
-9.895157277431027021e-01 1.420832520548786226e-01 -2.590367645239123606e-02
-9.898756040623905017e-01 1.400001676878998846e-01 -2.337237534969897890e-02
-9.905293039801872368e-01 1.351285801999243530e-01 -2.433086909428867906e-02
-9.909434423698050276e-01 1.323122361748700626e-01 -2.290398577121668597e-02
-9.916441012917098785e-01 1.266068368984508419e-01 -2.475301288537590932e-02
-9.924401536535782942e-01 1.201401338904620475e-01 -2.507819953682061467e-02
-9.923691509359472418e-01 1.199148324141148109e-01 -2.870414087566900557e-02
-9.926520184847794637e-01 1.168938027891040371e-01 -3.127036248545163322e-02
-9.932396387616215794e-01 1.105248894463378984e-01 -3.548655318175705092e-02
-9.941965823883536224e-01 1.014091099180309541e-01 -3.590786373614553856e-02
-9.943155061815064366e-01 1.017202708984227960e-01 -3.145929696468508646e-02
-9.943041957016572896e-01 1.009105145119871400e-01 -3.429666464211304083e-02
-9.948183293089144508e-01 9.500545636291160556e-02 -3.620057694805270398e-02
-9.953817093203671806e-01 8.945352045532398155e-02 -3.483313420435747709e-02
-9.955242130275894219e-01 9.024975281201813582e-02 -2.804550354831607945e-02
-9.959872197333030641e-01 8.651914559062950927e-02 -2.288934862465408920e-02
-9.962105881953293718e-01 8.367911685284198930e-02 -2.371278318879361038e-02
