1.000000000000000000e+00 0.000000000000000000e+00 0.000000000000000000e+00
9.999905461067885026e-01 -5.406625368419310657e-04 -4.314554422872379433e-03
9.999617162546559079e-01 3.818468872411290120e-03 -7.873083353381231733e-03
9.999134899519627195e-01 4.557588338001070279e-03 -1.233860454853147846e-02
9.997782758912249212e-01 6.812726620836736038e-03 -1.992451206454780993e-02
9.994945368826727572e-01 1.053031447065896735e-02 -2.999639871715477357e-02
9.992016648305896975e-01 1.860037284409186281e-02 -3.535619065692344881e-02
9.984977219402830784e-01 3.091291264742125622e-02 -4.524038863433216262e-02
9.977918501148301811e-01 4.225618049150042799e-02 -5.124296457651467129e-02
9.972384073011957284e-01 4.994818457517645471e-02 -5.496126315261409823e-02
9.961897204247492921e-01 6.116131564908210833e-02 -6.217183819182642290e-02
9.948216176617401540e-01 7.510713792494599916e-02 -6.847532866709969690e-02
9.928720685461486228e-01 9.438327126043297155e-02 -7.277951490097284148e-02
9.912959742834877019e-01 1.069582375465707169e-01 -7.676087065714591595e-02
9.894852523822499357e-01 1.182288779731065914e-01 -8.331190202711868942e-02
9.881015490093774112e-01 1.257244073573706433e-01 -8.859293444685864549e-02
9.850775617792107974e-01 1.431574059559960199e-01 -9.554140871575513005e-02
9.826486444995864433e-01 1.574192264970002419e-01 -9.808585592986700241e-02
9.796358929598213416e-01 1.716017395126278322e-01 -1.042418687015156942e-01
9.764099524007583408e-01 1.864178238380146679e-01 -1.089587405701956391e-01
9.733394922082436729e-01 2.012027276855227753e-01 -1.101258494231151658e-01
9.677136628492568615e-01 2.244580319874505403e-01 -1.146685081901104575e-01
9.630813192581345605e-01 2.422834022750953442e-01 -1.173589970686931966e-01
9.590805213151076813e-01 2.567028167240815173e-01 -1.194496818296060525e-01
9.542542013064519990e-01 2.731325260536032196e-01 -1.216451880738050745e-01
9.473673930798245379e-01 2.941929975994659885e-01 -1.262755436184981317e-01
9.392208363668302917e-01 3.169544966147865295e-01 -1.319245233235308845e-01
9.306872660924543350e-01 3.400049773555197108e-01 -1.349734830303135624e-01
9.224819088129379008e-01 3.598026186410218097e-01 -1.398900166823553448e-01
9.137626026118369493e-01 3.787167708386326437e-01 -1.470085978083092715e-01
9.058186952893987343e-01 3.967354824419940806e-01 -1.486386987305632623e-01
8.954982462786721387e-01 4.190639120667025708e-01 -1.498944402149822441e-01
8.850192028771809438e-01 4.422977080164881558e-01 -1.453057526370914454e-01
8.746115262468991958e-01 4.629299516210255705e-01 -1.440505169638625627e-01
8.654519299740077720e-01 4.796736874103444404e-01 -1.445895015571339592e-01
8.525978454229086179e-01 5.002637847523190295e-01 -1.510399744692856316e-01
8.396717432023674821e-01 5.211420935292202516e-01 -1.528472981066277270e-01
8.268479268077689737e-01 5.412680742253274113e-01 -1.528116233399499924e-01
8.131651352959063939e-01 5.607744943002699323e-01 -1.558667512418857592e-01
8.007754669604231212e-01 5.788252876785183743e-01 -1.540128324261632597e-01
7.824441485256141693e-01 6.019518180660049511e-01 -1.594841007023941604e-01
7.659933891530928962e-01 6.219342182735144720e-01 -1.626406213294577796e-01
7.527625945151003028e-01 6.378254296836152193e-01 -1.628717696240352675e-01
7.346014353175223111e-01 6.587329701894245604e-01 -1.625780455776668354e-01
7.142195352023034127e-01 6.806682239067919360e-01 -1.630375424849909716e-01
6.935906107853523350e-01 7.018074096799628014e-01 -1.624759671896122692e-01
6.755691646184240895e-01 7.184884370014708033e-01 -1.654711021222564915e-01
6.562107915041019979e-01 7.364605216683941524e-01 -1.643572724827596643e-01
6.353518006792094885e-01 7.541832632823221028e-01 -1.659388762909299042e-01
6.166912403449466007e-01 7.690643473702974964e-01 -1.680236877035886645e-01
5.995870080005322178e-01 7.823104667657945210e-01 -1.687772774362134298e-01
5.820487834389944659e-01 7.954199194136527540e-01 -1.688975471614696522e-01
5.597058266638207380e-01 8.113073050580305035e-01 -1.688486311398591511e-01
5.346081062473546641e-01 8.277868650808526407e-01 -1.701854715844391963e-01
5.130739743224790317e-01 8.419693637233268690e-01 -1.668613319841328047e-01
4.922520448930254866e-01 8.543233545893624825e-01 -1.667919265336475498e-01
4.651103715853545095e-01 8.698370252174839612e-01 -1.644868027326287785e-01
4.440545450926771109e-01 8.810016152451362048e-01 -1.632535793396253931e-01
4.194461416798682674e-01 8.931031185698746766e-01 -1.625785043102050131e-01
3.939372110920549841e-01 9.054392810911799927e-01 -1.580923733053695712e-01
3.701996053407818343e-01 9.142453763331642724e-01 -1.646440428608136053e-01
3.484541711078855686e-01 9.229189422763095507e-01 -1.637080735384655594e-01
3.280167386909575988e-01 9.301220618355163783e-01 -1.651604853624248637e-01
3.010108441993472050e-01 9.386715784361893133e-01 -1.681908325886038724e-01
2.741479092242919968e-01 9.469441391154111987e-01 -1.677490323498837810e-01
2.500133079009016490e-01 9.538387330758436589e-01 -1.663882018357146497e-01
2.264830714566528069e-01 9.599663250597076924e-01 -1.648335215671467846e-01
2.045577264458812439e-01 9.649941848507564979e-01 -1.641413310754473720e-01
1.801080687662687529e-01 9.694299313233408766e-01 -1.666334557476817912e-01
1.492683241233164482e-01 9.743162072920911188e-01 -1.686028235399842645e-01
1.302540818960255808e-01 9.770297085591841402e-01 -1.686619080951865801e-01
1.032052037315334958e-01 9.803909502038383739e-01 -1.678758089029043776e-01
7.421657810053951254e-02 9.835926351617527708e-01 -1.644306660014506760e-01
4.902853520869356052e-02 9.853846943572198702e-01 -1.631355976368628058e-01
2.436010449842804237e-02 9.854855946636905673e-01 -1.680022163759464504e-01
4.141571434281756531e-03 9.866129821609248562e-01 -1.630266476924714658e-01
-1.878305669730786359e-02 9.856176246492474036e-01 -1.679437762181161253e-01
-4.714063500024147368e-02 9.856552929192458068e-01 -1.620537613019234491e-01
-6.750360691036995375e-02 9.852295070226727569e-01 -1.573724842979426497e-01
-9.213973809179897001e-02 9.829428891616727171e-01 -1.591652050568714283e-01
-1.125041665663326362e-01 9.817264422715050731e-01 -1.534797131509936241e-01
-1.435524528428481217e-01 9.773723242095049279e-01 -1.553578139463124563e-01
-1.681457005702866048e-01 9.735386186023703425e-01 -1.547565791115601552e-01
-1.885033622141737419e-01 9.703804088710924480e-01 -1.510905748655610170e-01
-2.099018690832123446e-01 9.671094886141438085e-01 -1.436678809813832780e-01
-2.319639783204857364e-01 9.620987341214864985e-01 -1.433832495048329714e-01
-2.485594947992272041e-01 9.580960515863924387e-01 -1.423732812873121922e-01
-2.665097915583164445e-01 9.530088176950379797e-01 -1.440372946011319599e-01
-2.832549937416513064e-01 9.481454256803061309e-01 -1.441765519016335317e-01
-3.012267706246879451e-01 9.422080886021458879e-01 -1.466504969602683561e-01
-3.229188086597239993e-01 9.342713540811926620e-01 -1.511968872101860928e-01
-3.430915689289254500e-01 9.272172781690599663e-01 -1.501875932333028019e-01
-3.621381396330443092e-01 9.209133938924031204e-01 -1.441336457930015857e-01
-3.804472787629264996e-01 9.132433607441103884e-01 -1.457616246477847766e-01
-3.976600315364905991e-01 9.057102078270881096e-01 -1.468180433128804252e-01
-4.153677028317449005e-01 8.976694729690429808e-01 -1.471706758802500403e-01
-4.398417306801551963e-01 8.866132424329370432e-01 -1.430252733740146331e-01
-4.571117124980486057e-01 8.773106633277419908e-01 -1.462015755383498372e-01
-4.783427042845791455e-01 8.666946580734048444e-01 -1.415225968221828223e-01
-4.916770868985418375e-01 8.594857080654565440e-01 -1.397783184401175383e-01
-5.047015961276293261e-01 8.518072458021163085e-01 -1.403593008151537702e-01
-5.205393389887026379e-01 8.426341540844100031e-01 -1.378640533496237885e-01
-5.299594512424236070e-01 8.356537438905857762e-01 -1.443115327077097165e-01
-5.470373705839759459e-01 8.235334958317434007e-01 -1.501423134406313920e-01
-5.644572679174587604e-01 8.118979072054678392e-01 -1.490295234769960231e-01
-5.811832425558813853e-01 8.000936862986771647e-01 -1.485804484400672920e-01
-5.964881907646539805e-01 7.879826656190802581e-01 -1.525948057385054513e-01
-6.140176010965836539e-01 7.743144184942190034e-01 -1.530345863324604760e-01
-6.324837379792215275e-01 7.580744586559388098e-01 -1.590202938691359646e-01
-6.524435930882640511e-01 7.409889454176742385e-01 -1.589111643619142145e-01
-6.699855724431313941e-01 7.245154575156415033e-01 -1.618539525761620301e-01
-6.849951889209522360e-01 7.101177010300180337e-01 -1.628326111020214073e-01
-7.036514298216287600e-01 6.912523653920215061e-01 -1.644531849472364859e-01
-7.182991086497094724e-01 6.743676708440140555e-01 -1.710983707421228905e-01
-7.398348087388237904e-01 6.503842135835226079e-01 -1.721767926587185193e-01
-7.568860197897728792e-01 6.291064854486090319e-01 -1.770553596144519848e-01
-7.727884182657174250e-01 6.100723713923066338e-01 -1.749565080626214186e-01
-7.876766395077942073e-01 5.910755500154061259e-01 -1.737677275364023499e-01
-8.008159429316542566e-01 5.718287563070687529e-01 -1.780609914224277335e-01
-8.172694862249807457e-01 5.468092815996168365e-01 -1.818521768765379298e-01
-8.307737131827690469e-01 5.253627368443593015e-01 -1.838723748922858059e-01
-8.424865134871205585e-01 5.042143285456972546e-01 -1.896955563379401910e-01
-8.568877425634573441e-01 4.824851422777559629e-01 -1.815254879201613769e-01
-8.690233111270766475e-01 4.610322785451488881e-01 -1.795765613885944301e-01
-8.799678387116719458e-01 4.420915573109249763e-01 -1.738150621137296015e-01
-8.880514163735483413e-01 4.257813251906444885e-01 -1.734213452170300929e-01
-8.976382147003431067e-01 4.054460803254049117e-01 -1.727979435567225386e-01
-9.050808530200312729e-01 3.866012304703962954e-01 -1.771105759777532040e-01
-9.137956108894118579e-01 3.689329523679463207e-01 -1.699001928641915571e-01
-9.224331403250916050e-01 3.490201478653235934e-01 -1.652333347035953859e-01
-9.319650051519348111e-01 3.266303468970223611e-01 -1.573335997600471270e-01
-9.391842525460696312e-01 3.091180045718455172e-01 -1.495961709960589858e-01
-9.448776818289003065e-01 2.904237359117320394e-01 -1.511960169703261414e-01
-9.506335409488303467e-01 2.726107126161181338e-01 -1.482541248191666106e-01
-9.566262441642603420e-01 2.523980852335489522e-01 -1.454697580733025075e-01
-9.615360346593784246e-01 2.346790677792161550e-01 -1.427382351714012176e-01
-9.651733006999939635e-01 2.182586881423946579e-01 -1.442347373432405211e-01
-9.705397256242118686e-01 1.984916684246309793e-01 -1.365785934413595859e-01
-9.743875493071536553e-01 1.794060127293749807e-01 -1.355817091506554550e-01
-9.794819413970213828e-01 1.559631942384087089e-01 -1.276347133223980634e-01
-9.825270643163381834e-01 1.406040139679411716e-01 -1.219470786536291512e-01
-9.855254019008581334e-01 1.210281220219569798e-01 -1.187092510570063181e-01
-9.888423051246466589e-01 9.691487822246966366e-02 -1.131300670912331746e-01
-9.903266614428175574e-01 8.529943338882316206e-02 -1.094400301406120712e-01
-9.913705654911666443e-01 7.062892171846403555e-02 -1.104353530998537225e-01
-9.927119102018114871e-01 5.572000272658440834e-02 -1.068567005150265203e-01
-9.939367741069353723e-01 4.545284325415896443e-02 -1.001186173773369048e-01
-9.951859965700105004e-01 2.981361584478151722e-02 -9.335946393416111322e-02
-9.956655874120561300e-01 2.044843405024896615e-02 -9.072986496854479332e-02
-9.965996040726768923e-01 1.140803494660394025e-02 -8.160327486503798911e-02
-9.972918736704815545e-01 2.724603396212383136e-03 -7.349492086138163793e-02
-9.974843016310672716e-01 -7.589273037068708025e-03 -7.048034231338318190e-02
-9.978756275337484771e-01 -1.899606182180568065e-02 -6.231684185309631363e-02
-9.981019651392210035e-01 -1.953717747805048047e-02 -5.840182403973919606e-02
-9.983337097860356391e-01 -2.237345346192801815e-02 -5.319059653005742822e-02
-9.985791806736562526e-01 -2.631167938869832454e-02 -4.633920891056266672e-02
-9.986660529908870654e-01 -3.076534866808259411e-02 -4.146823673749803346e-02
-9.989382945589524443e-01 -3.248581242179911927e-02 -3.266438903420734730e-02
-9.992674594567554358e-01 -2.650276751328344005e-02 -2.760714930494690550e-02
-9.994132994224801392e-01 -2.552509797331873123e-02 -2.283710237611202842e-02
-9.995269040708567587e-01 -2.695837772764637236e-02 -1.480610956236368299e-02
-9.996643635666175864e-01 -2.486052306056054859e-02 -7.288464921343478647e-03
-9.995626672933776158e-01 -2.805998720754389331e-02 -9.333725470675669628e-03
-9.995503208216013347e-01 -2.756285280041365082e-02 -1.180899891736027912e-02
-9.996334333180597609e-01 -2.621180989604373138e-02 -6.778438715762811345e-03
-9.996198847817261424e-01 -2.720736082582811410e-02 -4.455634142415289614e-03
-9.996095306204519915e-01 -2.747838223351349238e-02 -5.072673164376140936e-03
-9.996602861766014092e-01 -2.541052856412397143e-02 -5.798662327574445434e-03
-9.997417074053894792e-01 -2.272623359295664405e-02 2.100573364949382890e-04
-9.997106414631218296e-01 -2.404420060842302892e-02 7.191006707620573035e-04
-9.996272054415850095e-01 -2.714658841730007224e-02 -2.918949849948339250e-03
-9.994621580704642350e-01 -3.246481791458203509e-02 -4.630074616903861844e-03
-9.994388741761730532e-01 -3.309567398780993014e-02 -5.159511457083476409e-03
-9.995228862058049835e-01 -3.045449620579638098e-02 -5.150827284508162872e-03
-9.995188472278179193e-01 -3.034605674731884195e-02 -6.418589155243385573e-03
-9.995140454479779502e-01 -3.013099264348290812e-02 -7.987718361751340243e-03
-9.994026831453421966e-01 -3.305045934546883835e-02 -1.009710488134604039e-02
-9.993929084341969249e-01 -3.229642920764175945e-02 -1.306761969162693535e-02
-9.992476519864086359e-01 -3.548343495574197287e-02 -1.565449950504260376e-02
-9.990359067908455293e-01 -3.988788773379434160e-02 -1.833632985578569768e-02
-9.990486717090046875e-01 -3.956314584163643511e-02 -1.834439111640007863e-02
-9.988488887245431380e-01 -4.391514234472122802e-02 -1.929677241949060915e-02
-9.987462687778455583e-01 -4.712652768718134794e-02 -1.688160477661401412e-02
-9.990404530829586349e-01 -4.221792308776947666e-02 -1.165451666397615896e-02
-9.991128025330728857e-01 -3.944970856007194021e-02 -1.474231704517947432e-02
-9.990251517219687072e-01 -4.026265189518442311e-02 -1.810173259076121657e-02
-9.988351634509948784e-01 -4.407140014591289651e-02 -1.964778893020302161e-02
-9.985941630988184325e-01 -4.726197268010268182e-02 -2.400023207337222131e-02
-9.986036081640393691e-01 -4.726050617410181703e-02 -2.360690776729059207e-02
-9.982436688949064552e-01 -5.231409174934067291e-02 -2.779966405990174499e-02
-9.979430777259938878e-01 -5.778128972338750918e-02 -2.776588163694469064e-02
-9.979020392869293321e-01 -6.053425649979592843e-02 -2.295935034465312191e-02
-9.976768120888338531e-01 -6.392409263378193152e-02 -2.355200636035310879e-02
-9.971932776758052341e-01 -7.146621148055606887e-02 -2.231939706937425411e-02
-9.971637854226659270e-01 -7.371537995562894852e-02 -1.518010769371451810e-02
-9.965661440945758898e-01 -8.083228187730884251e-02 -1.794632620416866317e-02
-9.962414176510996366e-01 -8.519599712572147043e-02 -1.564249852026158502e-02
-9.962267769293069453e-01 -8.578323053016469191e-02 -1.317020189902647943e-02
-9.960149917252075769e-01 -8.800691790392180247e-02 -1.445429347027642197e-02
-9.953434728707635237e-01 -9.522683943789089778e-02 -1.494081800027183271e-02
-9.947650789918585090e-01 -1.010516635128397428e-01 -1.519891141286535893e-02
-9.948802418844292506e-01 -1.003973200146968392e-01 -1.156245865504320486e-02
-9.943462299798012660e-01 -1.053854842879711623e-01 -1.301855268648575113e-02
-9.939995208989760300e-01 -1.089748202079284106e-01 -9.457750580141421892e-03
-9.939422592393377665e-01 -1.096629444302591461e-01 -7.268559184564101806e-03
-9.934189504795344350e-01 -1.139600311360442764e-01 -1.148513446272678151e-02
-9.937490834823775598e-01 -1.110574922758061495e-01 -1.135784626729094936e-02
-9.930709393161597509e-01 -1.174056735538026031e-01 -5.101506364513406014e-03
-9.931757602958279918e-01 -1.166246519742608900e-01 -7.796345396416937135e-04
-9.929619818593202751e-01 -1.184157665862326236e-01 -2.053519529992315837e-03
-9.928560797690353379e-01 -1.192886995366938402e-01 -2.649371191710472341e-03
-9.929119689655616643e-01 -1.186852238467531739e-01 -6.296639381392347967e-03
-9.929756577643550353e-01 -1.183178537848332407e-01 4.865832679493966792e-04
-9.918877867721780373e-01 -1.270698728069803163e-01 -3.445907299765427548e-03
-9.920784977086282153e-01 -1.255975549362784716e-01 -2.348828413130763394e-03
-9.917541417421975591e-01 -1.280225005831491791e-01 -5.828389111330599913e-03
-9.913207459966851820e-01 -1.311761390405407346e-01 -8.718236478288562269e-03
-9.910858227935546161e-01 -1.332149730019775158e-01 1.634421741895457011e-03
-9.912579699622026119e-01 -1.319251539561699105e-01 -1.843702473653857903e-03
-9.905570523188415022e-01 -1.370933734379839453e-01 -1.463404436303555097e-03
-9.906677528370276820e-01 -1.362982385735126423e-01 -4.496082520178961307e-04
-9.904737167630975891e-01 -1.376987766008276604e-01 9.337093986738135946e-04
-9.909198778654044748e-01 -1.344524646819662828e-01 5.821310953482472560e-04
-9.906914597469242967e-01 -1.361265583040776050e-01 -1.408277339352218948e-05
-9.901166016616465004e-01 -1.402460347957257825e-01 4.163149520002638708e-04
-9.895960080888445143e-01 -1.438688849087716437e-01 -1.221990571684183338e-03
-9.897692824776472831e-01 -1.426695174286300438e-01 1.478117633635675976e-03
-9.904925186565697315e-01 -1.374566598600357459e-01 5.499620220021761430e-03
-9.894807996823444807e-01 -1.446087251612098168e-01 4.009038697911828514e-03
-9.894446578495827982e-01 -1.447640718604084054e-01 6.530029068498779260e-03
-9.898088819938449801e-01 -1.419493109061553127e-01 1.134808774350231850e-02
-9.904536638451504338e-01 -1.376367628599021453e-01 7.594074602868593725e-03
-9.900402661458775899e-01 -1.406792490646802951e-01 5.443258526105236930e-03
-9.907258181337960101e-01 -1.357188745477636849e-01 6.538285941491151984e-03
-9.905746019597899688e-01 -1.366058623228953994e-01 1.004017631171491565e-02
-9.903784792191471231e-01 -1.381553119700789090e-01 7.974116011000290799e-03
-9.906455567803356121e-01 -1.360635949035836623e-01 1.039653177250985348e-02
-9.909223067999773926e-01 -1.342582727469566195e-01 6.907020838339995340e-03
-9.906901712510329805e-01 -1.360773038829580783e-01 3.995100737383774393e-03
-9.901255146688351383e-01 -1.398899724058288163e-01 9.070259414118993224e-03
-9.899559399106011570e-01 -1.410055994559241133e-01 1.023067623858497747e-02
-9.899470103694307799e-01 -1.407670290847274353e-01 1.376840512860818579e-02
-9.908327170719800625e-01 -1.344796300771440856e-01 1.287496145791629069e-02
-9.907037127101764318e-01 -1.350757990120118046e-01 1.614592529962232542e-02
-9.915213910923520446e-01 -1.292786813603817864e-01 1.312868383914093592e-02
-9.917262933153196958e-01 -1.270408411414023775e-01 1.842804149265132169e-02
-9.917828572260972697e-01 -1.263742490555713749e-01 1.990784220306684657e-02
-9.919366910261179227e-01 -1.252491385871176421e-01 1.934588240882493398e-02
-9.926393535020913150e-01 -1.192629660539891445e-01 2.105867451344841865e-02
-9.930789098211925126e-01 -1.159644519120572870e-01 1.861541472509117487e-02
-9.933192114345066326e-01 -1.123062230907707626e-01 2.653800421574797549e-02
-9.938202180824424747e-01 -1.077963684796047206e-01 2.648256573380957518e-02
-9.941570002588473454e-01 -1.044017289535945220e-01 2.742529952608692423e-02
-9.942761513640784310e-01 -1.026802272265293081e-01 2.952482056670899593e-02
-9.941503399715265754e-01 -1.038263151726678823e-01 2.975242972026457058e-02
-9.945798132179021200e-01 -9.873994000017612127e-02 3.257957554528591315e-02
-9.949905634552611566e-01 -9.558858551979347584e-02 2.926790512784145995e-02
-9.956590435943516448e-01 -8.891721804971514098e-02 2.751011657339347272e-02
-9.967707087976455105e-01 -7.691103727387134381e-02 2.308366206553036371e-02
-9.967463089513755037e-01 -7.613264167391309289e-02 2.646933151938656720e-02
-9.969389744926928643e-01 -7.310966308963520732e-02 2.770681076863592412e-02
-9.972474469693041188e-01 -6.919791604403401075e-02 2.663056486115427182e-02
-9.976473724706526047e-01 -6.125360625739838250e-02 3.078514646163685309e-02
-9.976806690325408233e-01 -5.981210437477581937e-02 3.249314000603702179e-02
-9.983414354116139089e-01 -4.965658578040166304e-02 2.913092668836384999e-02
-9.987230674731313318e-01 -4.104569008146201348e-02 2.945326668197138439e-02
-9.989818819174705045e-01 -3.397153348846695953e-02 2.968406323272279254e-02
-9.992343679244132248e-01 -2.594740714786469837e-02 2.928171940965740641e-02
-9.991740958115625793e-01 -2.467418225764511641e-02 3.228498228172084483e-02
-9.992768848415948257e-01 -2.128354927832855001e-02 3.150757095824073539e-02
-9.994282331493817839e-01 -1.366983073640670558e-02 3.092493403257413551e-02
-9.996324888273030451e-01 -1.033075442974107361e-02 2.506335315581386183e-02
-9.996706666042046718e-01 -5.339488676929647626e-03 2.510093763411417114e-02
-9.996947196490197918e-01 2.794178041245333130e-03 2.454931616314121046e-02
-9.996873113927554622e-01 3.503772637611670543e-03 2.475907645985252203e-02
-9.997799031114396051e-01 1.166657297876538824e-02 1.743687464964467290e-02
-9.996878126220112293e-01 1.608722246233474859e-02 1.911770919659019907e-02
-9.996274128592398389e-01 1.807690192175578914e-02 2.045163393566765825e-02
-9.996142532808943715e-01 2.355537262014249789e-02 1.471384395533531855e-02
-9.997102805071195197e-01 2.112854732038709632e-02 1.153029488293555102e-02
-9.996791007560036357e-01 2.256326958772579203e-02 1.151531765549097114e-02
-9.996582707202861240e-01 2.383007575430645328e-02 1.074604230627085322e-02
-9.995581617047265555e-01 2.623216514648445477e-02 1.397723514120081598e-02
-9.994472990894023301e-01 3.183460672407766728e-02 9.574050568556403962e-03
-9.994813207992179205e-01 2.975721397506345817e-02 1.231283378659398658e-02
-9.996555258111184949e-01 2.524901206345231755e-02 7.164187003669832479e-03
-9.995977981702832693e-01 2.794951994853223445e-02 4.803608097102778085e-03
-9.996384444936475822e-01 2.688741918161327918e-02 2.355273902128031741e-04
-9.995767509864718070e-01 2.909109957891398146e-02 -1.878793694759291893e-04
-9.995863165530448624e-01 2.862939961268643613e-02 -2.749861093283280117e-03
-9.994824263679314980e-01 3.193155104035843433e-02 3.906937713404083287e-03
-9.993633849963867721e-01 3.501559576130159473e-02 6.836784450806718608e-03
-9.993398194405834767e-01 3.546489745697358614e-02 7.885123540398757819e-03
-9.993443899643148498e-01 3.595221040451610645e-02 4.270556154629089919e-03
-9.992272718616289628e-01 3.873447309388829141e-02 6.671479710071543355e-03
-9.989279480895436603e-01 4.467820089609023104e-02 1.211701475091488123e-02
-9.990004744279916693e-01 4.397422225930443934e-02 8.020540534131627430e-03
-9.990961463319188995e-01 4.179499602205655195e-02 7.750993226960729149e-03
-9.991741983375092007e-01 4.027356314504258739e-02 5.382445206878475746e-03
-9.992461739664663112e-01 3.829110939378055356e-02 6.394057044707359208e-03
-9.992330253056747047e-01 3.854756030963935737e-02 6.888827526336561285e-03
-9.992302022623561486e-01 3.895628404772322889e-02 4.628178313010627119e-03
-9.991385779101877862e-01 4.148605968899929386e-02 1.009061460258054224e-03
-9.991475843866918227e-01 4.127990867405099268e-02 2.880576198027083807e-04
-9.991680671471331321e-01 4.078200883538085630e-02 1.028259463567449139e-04
-9.993792024786343209e-01 3.481298777779330555e-02 -5.410625741314780898e-03
-9.993791886109530953e-01 3.496819273359737940e-02 -4.297930465063166949e-03
-9.993785611747471043e-01 3.524764952607017249e-02 3.225403431961239298e-04
-9.991125833740124307e-01 4.210689032459969533e-02 1.031950533704237283e-03
-9.988699849756429439e-01 4.728150213626404474e-02 -4.818920598320615249e-03
-9.990090314978073982e-01 4.447743576399561943e-02 -1.649854382072336520e-03
-9.990634040312798003e-01 4.306187764240491239e-02 -4.242497405681990193e-03
-9.991529916047644511e-01 4.104919565033915418e-02 -2.876152258765553131e-03
-9.990479476691136451e-01 4.324696262363774552e-02 -5.736533575163732870e-03
-9.991822789620171674e-01 4.035578923607750779e-02 -2.488571157311218925e-03
-9.992106454581151098e-01 3.946294403341536056e-02 -4.557562145074530759e-03
-9.991872183543358821e-01 3.990170402156800744e-02 -5.724160127638197593e-03
-9.992422982119667507e-01 3.882147932512623745e-02 -2.780561081469837357e-03
-9.990617517442684781e-01 4.317842780983667528e-02 -3.353933205899282781e-03
-9.990604089143568789e-01 4.284073022372082012e-02 -6.555950475185979599e-03
-9.990145856932931556e-01 4.420368665645503514e-02 3.987623712716467476e-03
-9.989018103167927043e-01 4.668285224175621612e-02 3.986745200359601178e-03
-9.987424704229224126e-01 4.999205151366843680e-02 3.779158689836117392e-03
-9.985774466116136283e-01 5.255947985285501500e-02 8.977403455790750747e-03
-9.982577298091818152e-01 5.837274586451950825e-02 8.610283054026670116e-03
-9.986553080048221620e-01 5.172180130200029063e-02 3.527144966622287707e-03
-9.984536640585959244e-01 5.551580187221466511e-02 2.878565733989066171e-03
-9.983242788037410831e-01 5.784871274536701469e-02 1.473241974135659641e-03
-9.981912358529186902e-01 5.989165729877010680e-02 5.220706713144381526e-03
-9.984928035876743380e-01 5.480813645297594183e-02 2.863416215669286821e-03
-9.985370879723196591e-01 5.399352578152511600e-02 2.897051524660881894e-03
-9.986187126262858760e-01 5.225710277485056537e-02 5.465505657372769777e-03
-9.983476495288642338e-01 5.731355517955062651e-02 4.139661646446667238e-03
-9.982775481912048443e-01 5.857291931800065465e-02 3.340602000130647037e-03
-9.983363902042888816e-01 5.744686572720233975e-02 4.931463055754647939e-03
-9.979043988480973404e-01 6.455308593901469549e-02 4.440668866846214646e-03
-9.977774148027179768e-01 6.575824702316077075e-02 1.077465806673391299e-02
-9.975392063155008593e-01 6.917959972509322986e-02 1.138967308594047469e-02
-9.976618834505840416e-01 6.778661400932865788e-02 8.703511976560933394e-03
-9.978463329193184572e-01 6.496897264254422599e-02 9.040924570173990149e-03
-9.975939573564192031e-01 6.860887464084203247e-02 9.956326112550675095e-03
-9.974597232941693203e-01 6.974078305738161399e-02 1.450287843108805791e-02
-9.969800161412458728e-01 7.626700338847382243e-02 1.463562478630688925e-02
-9.969206255535086880e-01 7.794569671151836687e-02 8.587468462217282689e-03
-9.969185718169575328e-01 7.826910360141743628e-02 5.226709995640918191e-03
-9.966556867423892463e-01 8.161373726838623555e-02 4.080424460381149900e-03
-9.965983007030176921e-01 8.211768475859114458e-02 6.965830609271292384e-03
-9.963989288175119086e-01 8.459642023941271738e-02 5.712288301023115550e-03
-9.959975471046491613e-01 8.934108752034798651e-02 2.658208461293712875e-03
-9.963295092341853953e-01 8.555646090460088116e-02 2.758777863987140096e-03
-9.962810138674724758e-01 8.616234240120555776e-02 4.494320283328426258e-04
-9.963135535571437940e-01 8.570209865301163521e-02 3.803040426110862893e-03
-9.959937890018576434e-01 8.940460472520853075e-02 1.788490335675917836e-03
-9.958019777224599300e-01 9.153369142296659267e-02 1.194088796351770818e-04
-9.956887600407798855e-01 9.270259722089478627e-02 3.182983047166197503e-03
-9.958930065607980442e-01 9.051065287107057378e-02 2.225082694804453309e-03
-9.960300273189444109e-01 8.898290959039331649e-02 -2.497259625732508280e-03
-9.958829326893315903e-01 9.063167220374671040e-02 -1.759035240003350032e-03
-9.959307798055436756e-01 8.999468965289306177e-02 -4.779907941524320220e-03
-9.958983924407518451e-01 9.042341598289865834e-02 -3.163484233742270592e-03
-9.959627996839954811e-01 8.972093650972233492e-02 -2.874900559090211739e-03
-9.959614260744642511e-01 8.975693985210179970e-02 2.130586861233220875e-03
-9.959377493396914804e-01 8.980211589253966897e-02 6.602221144935560213e-03
-9.955869277959835673e-01 9.380846976681513072e-02 2.578762181537773597e-03
-9.957014300930785433e-01 9.261722404110182827e-02 -8.495580964557069605e-04
-9.955503872444354529e-01 9.409932793814776431e-02 -4.975212983392120897e-03
-9.954982722844012422e-01 9.467189189628424928e-02 -4.520240104514063224e-03
-9.960098532848526975e-01 8.924152732874325589e-02 -5.759022548970354344e-04
-9.964422019651294482e-01 8.410862888644196622e-02 -5.355973449671955038e-03
-9.965398024908496133e-01 8.253883000427592043e-02 -9.786390224872879712e-03
-9.963125421439720242e-01 8.495636089924626932e-02 -1.198936642391222607e-02
-9.967078171745418214e-01 8.020109879668975428e-02 -1.188783961280420395e-02
-9.968973186200290604e-01 7.831138438179699457e-02 -7.941849474751379659e-03
-9.966336661444561429e-01 8.109313920081355487e-02 -1.205188685905645568e-02
-9.965992134661134649e-01 8.173044847630311915e-02 -1.049529470179196011e-02
-9.963512914587894231e-01 8.514210461812971031e-02 -5.910653399109140789e-03
-9.962332213878253295e-01 8.665754768792631457e-02 -3.138128209451196415e-03
-9.963472208603089131e-01 8.517789689234347983e-02 -6.078752325209402577e-03
-9.964806457081704094e-01 8.334577715329540004e-02 -8.933870886834491265e-03
-9.961948119344576913e-01 8.648885155657443091e-02 -1.075105090524966500e-02
-9.963783257571453555e-01 8.418899391026768431e-02 -1.193545746004964769e-02
-9.963158384124939371e-01 8.498898808298155361e-02 -1.147309524335638972e-02
-9.961937165419415541e-01 8.657155710259210879e-02 -1.017126001154878764e-02
-9.961862540889515616e-01 8.709329703945750678e-02 -5.264477183343502752e-03
-9.963867464912303795e-01 8.451384221137492325e-02 -8.418544902941998975e-03
-9.964653845174651359e-01 8.300125789965384637e-02 -1.294367345799972077e-02
-9.963679482570408918e-01 8.385345294267496086e-02 -1.481621236775554351e-02
-9.962179103468642438e-01 8.586742880107764431e-02 -1.329172006897031202e-02
-9.969686482197975819e-01 7.590166344616559868e-02 -1.710153017977213835e-02
-9.972953368568261423e-01 7.092974356166101280e-02 -1.926117882378086330e-02
-9.974962163928218217e-01 6.639536476357668637e-02 -2.435086086641367886e-02
-9.978099702726904718e-01 6.018629180318258581e-02 -2.743873623258535899e-02
-9.979924551936689703e-01 5.582139408971335121e-02 -2.991725517554961328e-02
-9.983686816329173652e-01 4.782250787533184888e-02 -3.119285523939754542e-02
-9.984260620489326943e-01 4.369868995299202447e-02 -3.515443554684553190e-02
-9.987200442893455765e-01 3.684148432855976346e-02 -3.465529360376028850e-02
-9.989567696142115372e-01 3.097581099392754042e-02 -3.355417663706493359e-02
-9.992740772848678343e-01 2.271524746030053124e-02 -3.058344462130928657e-02
-9.993615221587570652e-01 1.872905061586275371e-02 -3.042666226258537721e-02
-9.994342660950439328e-01 9.398255967509868553e-03 -3.229290507546214717e-02
-9.993756961745540179e-01 8.474643607054166070e-03 -3.429882652604030607e-02
-9.994187638695213316e-01 -8.654638029081430928e-05 -3.409014687279695449e-02
-9.994549611826822888e-01 -5.575227300500487648e-03 -3.253780203820769851e-02
-9.994847363871584012e-01 -4.928522105368116427e-03 -3.171722807926559418e-02
-9.995873971416332493e-01 -1.344470702591630054e-02 -2.538279313737131643e-02
-9.992623736225402231e-01 -1.871533536942496592e-02 -3.353291073648549669e-02
-9.992470991228499244e-01 -2.326924727567357062e-02 -3.104493824598675289e-02
-9.988113788405867943e-01 -3.315561524651622349e-02 -3.572878847408039737e-02
-9.984920974288815643e-01 -3.961957076535078948e-02 -3.799779836121700005e-02
-9.986818236038137453e-01 -3.779945990553969931e-02 -3.472503090286776367e-02
-9.984668400783310860e-01 -4.175452746880262134e-02 -3.633924149009953863e-02
-9.982611744828242539e-01 -4.743092441755820260e-02 -3.499923793428694890e-02
-9.980639831890449898e-01 -5.169649141249865049e-02 -3.457990669915487342e-02
-9.976616381492963148e-01 -5.984072526691883165e-02 -3.302052321743041002e-02
-9.972667279665662354e-01 -6.607409025954108506e-02 -3.306507941568028602e-02
-9.968547866514161360e-01 -7.208847748176949732e-02 -3.292107721372813933e-02
-9.963579929028847371e-01 -7.820743166387121581e-02 -3.397586270362205896e-02
-9.962369110846992504e-01 -8.122089566984716513e-02 -3.025218415006570433e-02
-9.956517489632048523e-01 -8.679493394408212270e-02 -3.382670422868357812e-02
-9.950926360300366147e-01 -9.110493745469783189e-02 -3.860761441241118003e-02
-9.943396860234527956e-01 -1.005749345697964509e-01 -3.425321767262150957e-02
-9.943119635657415856e-01 -1.016462735042598514e-01 -3.180826569892049316e-02
-9.938190659920836945e-01 -1.065213775128694140e-01 -3.125494768540525853e-02
-9.926633656187985322e-01 -1.153948379445560168e-01 -3.610382116211183906e-02
-9.917240126630751940e-01 -1.232358001137272563e-01 -3.600600286002732242e-02
-9.911526509118027128e-01 -1.286640787713779766e-01 -3.258817838199539602e-02
-9.899738060846590137e-01 -1.378529259968839793e-01 -3.079684787146903455e-02
-9.890392991163335923e-01 -1.437368482762524657e-01 -3.377862023342068781e-02
-9.887177907513617914e-01 -1.459584136149605360e-01 -3.366427898091862991e-02
-9.887156138578381270e-01 -1.464372244996194894e-01 -3.158458685007110855e-02
-9.888390952365977427e-01 -1.461826203163671956e-01 -2.877320267277936466e-02
-9.882137840687496011e-01 -1.505358483152532123e-01 -2.779365497423710168e-02
-9.875011220310888627e-01 -1.557473061947498849e-01 -2.417276295967225874e-02
-9.858758964509565237e-01 -1.658377766375767337e-01 -2.337863187110668373e-02
-9.855956035511497237e-01 -1.665567586525268096e-01 -2.932855726639511593e-02
-9.849379422147037655e-01 -1.711432768509796865e-01 -2.464225127298795906e-02
-9.845101550466550666e-01 -1.739505639066586395e-01 -2.193097533438318966e-02
-9.844230228034054342e-01 -1.747303276579322828e-01 -1.950990830415885030e-02
-9.839744425280764206e-01 -1.775020011174905932e-01 -1.695133639374317436e-02
-9.845358446034296884e-01 -1.744999175166784822e-01 -1.545837130780602399e-02
-9.843489244726018050e-01 -1.759286270307683087e-01 -1.031139395654683336e-02
-9.846040133554668783e-01 -1.746246479901606974e-01 -7.821827276015668601e-03
-9.842135042518749266e-01 -1.769220613208210280e-01 -4.730121601752093792e-03
-9.844984525029906175e-01 -1.753912690975596711e-01 8.435682074254737678e-04
-9.838800760842949522e-01 -1.788165867141306709e-01 -2.153162757922549072e-03
-9.830436059484997102e-01 -1.833714170734546678e-01 -4.517663659270405516e-04
-9.834067735175170410e-01 -1.814096960242097822e-01 1.285264968957229061e-03
-9.826690662098769291e-01 -1.852569079445501865e-01 6.433997093372005767e-03
-9.825354998502485726e-01 -1.859089049751194711e-01 7.866545103635644298e-03
-9.830510876034802559e-01 -1.831109807715712023e-01 8.996657944990011507e-03
-9.842725674023068416e-01 -1.762632662876471579e-01 1.178074980502837044e-02
-9.846531628134636005e-01 -1.740480202148399769e-01 1.286264681625219446e-02
-9.846563470858776812e-01 -1.739306163946576222e-01 1.414322767177539700e-02
-9.843690222518332034e-01 -1.754301548080008100e-01 1.555316269424346885e-02
-9.847425534052687279e-01 -1.730225567665438779e-01 1.858253151587088703e-02
-9.859395333722723587e-01 -1.651887909218960060e-01 2.521730470812714314e-02
-9.868678536800370438e-01 -1.606422968979746291e-01 1.690869434622544604e-02
-9.878277263960096866e-01 -1.547663818533155933e-01 1.561288251281081445e-02
-9.880612078732778913e-01 -1.530046354162605537e-01 1.801785624304718531e-02
-9.881990701030581858e-01 -1.525494156554619563e-01 1.383060950120039087e-02
-9.895956312544372802e-01 -1.434740184888522452e-01 1.075660500783482895e-02
-9.894680189826090544e-01 -1.444696373700598280e-01 9.031900764999281628e-03
-9.895073623192907064e-01 -1.444287418026964920e-01 3.940865703934539992e-03
-9.896275626872885756e-01 -1.431794588971661564e-01 1.170221292199779758e-02
-9.902072941418919028e-01 -1.389877387400152708e-01 1.311240655929664031e-02
-9.903535383249817414e-01 -1.377175638754620235e-01 1.528901062328567699e-02
-9.908499375285244604e-01 -1.343465127585217744e-01 1.293939238642111481e-02
-9.916034578127728150e-01 -1.288717910657083687e-01 1.070774757844497084e-02
-9.922392103365107463e-01 -1.242183235433681893e-01 5.582947243795649897e-03
-9.926601670415623468e-01 -1.209270554609779696e-01 1.565801132529007211e-03
-9.928979283420286128e-01 -1.189336339719937186e-01 2.916562194228229567e-03
-9.930347713841558566e-01 -1.177770194701002193e-01 3.244725145365920643e-03
-9.936083570295517475e-01 -1.128786890067406123e-01 -9.197648727996368158e-04
-9.937892564346227919e-01 -1.111512927198544803e-01 5.321236640855266445e-03
-9.941000578768138807e-01 -1.080831311050903243e-01 9.117202889606063759e-03
-9.944553160532539904e-01 -1.044683565869249514e-01 1.204153846653593062e-02
-9.952298589032423370e-01 -9.675863682586975656e-02 1.246218156598362901e-02
-9.955886528845038219e-01 -9.330543460953326373e-02 9.866198314404181144e-03
-9.956250813692822943e-01 -9.261035460141529840e-02 1.241093631645011353e-02
-9.959050565527142185e-01 -8.976417624284821484e-02 1.074814981623617612e-02
-9.966104327271558816e-01 -8.092080116571619131e-02 1.481489772384875919e-02
-9.968102389348908465e-01 -7.930470099499339898e-02 8.951190561139531904e-03
-9.970212868805432560e-01 -7.692506098883715449e-02 5.576765444556810655e-03
-9.971087685619615115e-01 -7.561030885074117303e-02 7.562848458911774520e-03
-9.969509217142693558e-01 -7.757777255988897169e-02 8.400042064699289254e-03
-9.966089584102109100e-01 -8.134186601032417085e-02 1.241356436425424155e-02
-9.962307317478940050e-01 -8.547084787085416913e-02 1.480118104011013229e-02
-9.967929016001759734e-01 -7.833216755453924207e-02 1.637054193349795489e-02
-9.968291287234779530e-01 -7.814608240529023753e-02 1.499632389742062977e-02
-9.966582181212367830e-01 -8.059628945547021861e-02 1.329083090179886996e-02
-9.968063385716192659e-01 -7.883885082513272802e-02 1.271104974775398924e-02
-9.969993652189549360e-01 -7.702109546431873399e-02 7.747797330817559822e-03
-9.971634207027152419e-01 -7.477715077321556159e-02 8.573325009913104755e-03
-9.971624330892110422e-01 -7.514359959861482974e-02 4.531364756576445989e-03
-9.970318631990191527e-01 -7.681887515080841611e-02 5.131858457094786927e-03
-9.970387832829782360e-01 -7.676806739300737203e-02 4.510015893165156449e-03
-9.970351926104723539e-01 -7.665506423890698640e-02 6.696089446494348126e-03
-9.971942892365698308e-01 -7.372647741160995305e-02 1.296024865119288494e-02
-9.978518149498707412e-01 -6.453501341889150700e-02 1.126940287294743437e-02
-9.982121104815825374e-01 -5.776509071181898380e-02 1.535542325122911562e-02
-9.983453212063412296e-01 -5.543174984712394282e-02 1.529552135934541743e-02
-9.984668079708332034e-01 -5.213901639526036247e-02 1.858947820660871927e-02
-9.983859730483156669e-01 -5.201339975522924902e-02 2.280498711581560242e-02
-9.986958134916170682e-01 -4.475497091521114801e-02 2.456984137041926669e-02
-9.989705625358769048e-01 -4.144440875534310259e-02 1.844419780306771894e-02
-9.991995041004577693e-01 -3.842971080456925037e-02 1.111398196838354197e-02
-9.991169644181079335e-01 -3.945743428504482064e-02 1.443657001475551205e-02
-9.989960418524486130e-01 -3.994459242032072366e-02 2.028176985364546492e-02
-9.991086844586657412e-01 -3.771756252460276709e-02 1.895347969195488452e-02
-9.990659304486522174e-01 -3.496155594791795773e-02 2.539623251118938371e-02
-9.991248343107915764e-01 -2.889652190063521364e-02 3.024184234632603524e-02
-9.992480316760199432e-01 -2.412465033118141311e-02 3.035432397765134085e-02
-9.993551441176410366e-01 -2.055478746496218478e-02 2.944162316562371970e-02
-9.994487911862114382e-01 -1.395838584605626521e-02 3.012125186348999298e-02
-9.991711155306621794e-01 -1.218631101653570512e-02 3.884055255982626909e-02
-9.992956757779839494e-01 -2.179793492115668710e-03 3.746216257872605343e-02
-9.991967511727397611e-01 2.277422723296695407e-03 4.000848172939577840e-02
-9.991473024967043592e-01 7.958315132267166497e-03 4.051352831781745295e-02
-9.990414317006246492e-01 1.606987181299709966e-02 4.071842103721391715e-02
-9.990371963770188213e-01 2.301691579444664279e-02 3.734855617213758694e-02
-9.987106233529196020e-01 2.713243333128311646e-02 4.290611475819078313e-02
-9.984011408356713302e-01 3.681249336899865277e-02 4.289539753750171158e-02
-9.978872232858028157e-01 4.818293853119338943e-02 4.358333218765261113e-02
-9.974549439016558994e-01 5.814058949397318821e-02 4.127129206352739277e-02
-9.967379009083674468e-01 6.557494224744374323e-02 4.704781347685880327e-02
-9.963190355157944822e-01 7.031665732009001468e-02 4.903019630423775116e-02
-9.954245783597506225e-01 8.005479344481630788e-02 5.216466238721645388e-02
-9.948159298060776923e-01 8.530437598272172517e-02 5.535740749071815098e-02
-9.941151466653974644e-01 9.591121485078968334e-02 5.035997446954158796e-02
-9.930801876261102779e-01 1.067333682309746790e-01 4.898716158230329021e-02
-9.928263253377702657e-01 1.093574824551388630e-01 4.834089043122140328e-02
-9.923461868803876706e-01 1.133589688169951842e-01 4.897757171754028860e-02
-9.909301144970986686e-01 1.248592464841908334e-01 4.967584658574177719e-02
-9.899822193489982158e-01 1.320130031227671752e-01 5.007779325981896734e-02
-9.899259038971038871e-01 1.337658482108160796e-01 4.640490935275062845e-02
-9.890546456225686178e-01 1.407597909764853328e-01 4.424479846299531061e-02
-9.888722254182222837e-01 1.411014597276855909e-01 4.713929197636406582e-02
-9.876892772361007822e-01 1.494710305657433180e-01 4.613367135569113736e-02
-9.870550285303260063e-01 1.543998665556910177e-01 4.339429328985108109e-02
-9.852554764970155032e-01 1.650367846269820415e-01 4.510563918705844805e-02
-9.835361010030138074e-01 1.739619658169558047e-01 4.892837144298687463e-02
-9.830291605892933493e-01 1.768794025766498301e-01 4.865551799396428123e-02
-9.819592713531128947e-01 1.843460757236204395e-01 4.210138331667942491e-02
-9.814424079370137610e-01 1.879786955598705400e-01 3.787905166276400726e-02
-9.803366834602532665e-01 1.945729987712402909e-01 3.288385239033082830e-02
-9.789683233423311925e-01 2.016688694363484302e-01 3.083344611490113768e-02
-9.788041832338276738e-01 2.028394257519219590e-01 2.825863838588031987e-02
-9.782404723494121379e-01 2.056768424474149370e-01 2.725118595448850628e-02
-9.774652307409571472e-01 2.098633580770791762e-01 2.278389685065291756e-02
-9.770802776450923099e-01 2.117540615375789470e-01 2.177982498405956618e-02
-9.764772050416432592e-01 2.145769963848988826e-01 2.118945397138507006e-02
-9.757361096848479187e-01 2.181172722216332960e-01 1.907647952148218418e-02
-9.751037776818525238e-01 2.211294932809221570e-01 1.656448597349834476e-02
-9.728204503509972900e-01 2.312191048038300667e-01 1.257414076521236670e-02
-9.723515021540263259e-01 2.331129095227039705e-01 1.381809506437404675e-02
-9.726147060837004865e-01 2.321365487690848217e-01 1.154419022775176641e-02
-9.714177382679513029e-01 2.371782449782555424e-01 9.698965561044469927e-03
-9.715069329673542420e-01 2.368263900651800535e-01 9.356933892976397257e-03
-9.703841451924088979e-01 2.414511911196725313e-01 7.479640959213077964e-03
-9.706548586158766367e-01 2.404362259983899852e-01 4.424777258358106140e-03
-9.708474565196735240e-01 2.396920161541486738e-01 -1.722096780843315571e-03
-9.716946972308421193e-01 2.361013626917391472e-01 -8.097787413604021212e-03
-9.706108208781990543e-01 2.403844504553566408e-01 -1.140011260488309891e-02
-9.701982259420157684e-01 2.415650100464735439e-01 -1.902000188865330191e-02
-9.706695087114096676e-01 2.394692016343910601e-01 -2.133585036028122495e-02
-9.710246045565511519e-01 2.373835502822159160e-01 -2.757317033970482084e-02
-9.722037493006613351e-01 2.328534973377666406e-01 -2.447715000566767773e-02
-9.729649097447805595e-01 2.294392401914627233e-01 -2.639946530351485257e-02
-9.732515383957839328e-01 2.281697777815887007e-01 -2.683296151499262386e-02
-9.750786482427540314e-01 2.196147069975707133e-01 -3.148051521535617098e-02
-9.753176526649079969e-01 2.182022268502257778e-01 -3.381238298712169882e-02
-9.755336976476508548e-01 2.171298780932160444e-01 -3.447656372442265554e-02
-9.780778631664839295e-01 2.043808233167953015e-01 -3.990219868377459927e-02
-9.802210062844846084e-01 1.930862742432326029e-01 -4.341062808847068188e-02
-9.811319202284354279e-01 1.883042570149316697e-01 -4.383691370324024894e-02
-9.824285734725297647e-01 1.814944123392436270e-01 -4.351883972383352450e-02
-9.835474762097073942e-01 1.743075295352019549e-01 -4.744745026942060601e-02
-9.851222073410232927e-01 1.654598831552317184e-01 -4.644649551926485070e-02
-9.872828830562895286e-01 1.531794015787223684e-01 -4.252755029694134381e-02
-9.887416038261479523e-01 1.436099826327817131e-01 -4.202649771788471295e-02
-9.900424198690620514e-01 1.328012896041280422e-01 -4.668872613701401802e-02
-9.906560328912069613e-01 1.269412958174846728e-01 -4.986526657014761499e-02
-9.915637044785757803e-01 1.195826973695681139e-01 -5.001411157871585994e-02
-9.923627516840187734e-01 1.122548480863633930e-01 -5.113737483071126994e-02
-9.934985521584421830e-01 1.017409241362842720e-01 -5.108252308285553267e-02
-9.944292087410935288e-01 9.293815982463993208e-02 -4.972987107300164827e-02
-9.949453408448080127e-01 8.705546984044049141e-02 -5.005124111230845746e-02
-9.959767277545287234e-01 7.732733576958579491e-02 -4.528635116527974375e-02
-9.964803112397133678e-01 6.856300259198006009e-02 -4.822983321772796733e-02
-9.969764151858310219e-01 6.045943626474602900e-02 -4.881287724931070854e-02
-9.972616526269595383e-01 5.798632959254566149e-02 -4.589983247976887892e-02
-9.975229593933404582e-01 4.832363501602557343e-02 -5.111540861785730805e-02
-9.980627977161764530e-01 3.932310684139021101e-02 -4.821159796067871206e-02
-9.982399708565155017e-01 3.131837083958798756e-02 -5.036003763129318078e-02
-9.984519883830051956e-01 2.569466810051317801e-02 -4.932974813268463377e-02
-9.987545728373518061e-01 1.837665482416174154e-02 -4.638550131771611990e-02
-9.988507152904168018e-01 1.918688929649668695e-02 -4.392180312029573402e-02
-9.988920166349908314e-01 1.610773882244337721e-02 -4.421869292999026230e-02
-9.989937838944961124e-01 8.882815974507385012e-03 -4.396053073163502800e-02
-9.991624419860676287e-01 1.787734447337816120e-03 -4.088069691822983354e-02
-9.988892032601008886e-01 -8.470571446571359409e-03 -4.635323507556307621e-02
-9.987462131925748388e-01 -7.792004257224859412e-03 -4.944997145302042207e-02
-9.986649729830994193e-01 -1.781900290928829789e-02 -4.848472159269184845e-02
-9.986390977820654991e-01 -2.093780626745709098e-02 -4.776582454104320169e-02
-9.985072811122910341e-01 -2.319433911532131978e-02 -4.944942415919161699e-02
-9.983042891173254940e-01 -3.238392282712863890e-02 -4.837190428281465393e-02
-9.980126848427166575e-01 -3.819755619278866060e-02 -5.011627343402381973e-02
-9.977399921920293568e-01 -4.496334544111275228e-02 -4.993214205206973622e-02
-9.976134255146633656e-01 -5.152931319731137577e-02 -4.595863587873419420e-02
-9.972406268966403919e-01 -5.963195827490727630e-02 -4.421735637674961000e-02
-9.968856300112755031e-01 -6.416319438971859745e-02 -4.584908051698041026e-02
-9.963731528016920302e-01 -7.136795931571833507e-02 -4.633754200621739705e-02
-9.955758068803095551e-01 -8.391839090801901657e-02 -4.226735433487522481e-02
-9.950467561296275631e-01 -8.818450673331007517e-02 -4.588527915831617371e-02
-9.944031100566896875e-01 -9.584866875442020484e-02 -4.444660075061118709e-02
-9.937268449019521777e-01 -1.009992173765431461e-01 -4.802216994280392864e-02
-9.933501853985549079e-01 -1.072531965175792246e-01 -4.185897602560506581e-02
-9.925197240146519384e-01 -1.166367800789212261e-01 -3.606205230987948734e-02
-9.919554993166863621e-01 -1.229805559893278610e-01 -3.000137619641436021e-02
-9.913754070310484279e-01 -1.274929043961337549e-01 -3.033766673074908202e-02
-9.902013230869357585e-01 -1.362102333495915085e-01 -3.079162995634903213e-02
-9.888734939348210462e-01 -1.451698795090219929e-01 -3.247971110885129048e-02
-9.883185524344210160e-01 -1.479536391300530218e-01 -3.655368932549555444e-02
-9.886032011437373423e-01 -1.466973060495186942e-01 -3.381750634544702233e-02
-9.875310829616319452e-01 -1.544997050471300370e-01 -3.020287792363279475e-02
-9.873929543145019139e-01 -1.556029877904236691e-01 -2.903233479876110926e-02
-9.873813644370693643e-01 -1.567324468862004438e-01 -2.264936509879659360e-02
-9.863346823571191857e-01 -1.630483983601989928e-01 -2.364585997563597303e-02
-9.847226073616206499e-01 -1.727530288899307431e-01 -2.185840676691510470e-02
-9.830634901978102524e-01 -1.813225924575907477e-01 -2.661398650086141057e-02
-9.826129681173885189e-01 -1.834937073342326197e-01 -2.831654724825455674e-02
-9.821333553301927477e-01 -1.855032841021705681e-01 -3.166412141717438872e-02
-9.816451794839229361e-01 -1.887199390303486157e-01 -2.752342272533666451e-02
-9.812987086266026227e-01 -1.910446848388366037e-01 -2.355388349003437881e-02
-9.809793073668648944e-01 -1.921339580872213626e-01 -2.764332298864376203e-02
-9.805574017178724233e-01 -1.947184269344230945e-01 -2.432958567224959706e-02
-9.793157019621436810e-01 -2.004856674088534296e-01 -2.731786501949753226e-02
-9.786994311007705116e-01 -2.041816984087743148e-01 -2.138388009974126133e-02
-9.770458365469847362e-01 -2.123639337942486993e-01 -1.682276469584484055e-02
-9.753959674419993009e-01 -2.199807579914608291e-01 -1.453221278745037842e-02
-9.750376723121172429e-01 -2.219564085125908526e-01 -6.074755177883289087e-03
-9.753746775624843046e-01 -2.205511973054579966e-01 1.191716659701546645e-03
-9.753418350398948000e-01 -2.206422909922952369e-01 5.029583890878940727e-03
-9.754470514917540358e-01 -2.202015730236320801e-01 3.785424928960756316e-03
-9.766635010160181762e-01 -2.146949366524221192e-01 5.873885366537825829e-03
-9.772692199467549745e-01 -2.118119814949506463e-01 8.976015614568205736e-03
-9.771380765595373274e-01 -2.123001931577477852e-01 1.139385518566779151e-02
-9.776020315190815380e-01 -2.096766489099229636e-01 1.816545162141042224e-02
-9.785996339504642316e-01 -2.045565110089556105e-01 2.234732790864936772e-02
-9.785724180386694560e-01 -2.044386834299226074e-01 2.451245002811875545e-02
-9.805166947669934352e-01 -1.946187569130571060e-01 2.665640032914644991e-02
-9.801432438174763062e-01 -1.959716281624239442e-01 3.023831171450729396e-02
-9.812411694084099967e-01 -1.903791581858021720e-01 3.035714954837787083e-02
-9.801576088130171671e-01 -1.959654822436345811e-01 2.980947190809897160e-02
-9.806758007003435473e-01 -1.936525677665454359e-01 2.781492157188690875e-02
-9.817928903649628669e-01 -1.884619618650198447e-01 2.376598725035871523e-02
-9.816641968100734417e-01 -1.890518151569622052e-01 2.438910976198682343e-02
-9.821356667186866840e-01 -1.864395519758163255e-01 2.549192862905635612e-02
-9.823279381487893813e-01 -1.856475519061231705e-01 2.380800720273234389e-02
-9.827711675109642719e-01 -1.829458674215340419e-01 2.629932901774876056e-02
-9.833122933862319393e-01 -1.801172827042616942e-01 2.558732006374739992e-02
-9.833499518735365763e-01 -1.798909555291088314e-01 2.573186877190418789e-02
-9.832001513746503329e-01 -1.803202273392901234e-01 2.832120676096295045e-02
-9.847752854771226749e-01 -1.717687773707001209e-01 2.670462535023101006e-02
-9.862535003701812242e-01 -1.639986841051472855e-01 2.021082367173597516e-02
-9.866335342167602551e-01 -1.611172200982059488e-01 2.440334797928702532e-02
-9.871262782278890091e-01 -1.577743049651647300e-01 2.624866474823488866e-02
-9.879884385352449838e-01 -1.518530022299257876e-01 2.862732961760568531e-02
-9.886624347035058991e-01 -1.475898997760109743e-01 2.763737772262524900e-02
-9.889524607885663565e-01 -1.444559125201414773e-01 3.324955276046377001e-02
-9.902968925179026494e-01 -1.346919706392012972e-01 3.420746900043891703e-02
-9.908563858293012450e-01 -1.325370877465306685e-01 2.524987751081160178e-02
-9.914932056079739375e-01 -1.265394859149737705e-01 3.047942457739928612e-02
-9.920986469330381752e-01 -1.210166242070248727e-01 3.309478952109289746e-02
-9.920044386207877984e-01 -1.219581092910092396e-01 3.245654042147883001e-02
-9.920535568442295782e-01 -1.213517616062956966e-01 3.321903058412956078e-02
-9.929603707689074188e-01 -1.133603900604228526e-01 3.433857638319993272e-02
-9.936588430670078020e-01 -1.071038108352830309e-01 3.421828568274967036e-02
-9.941471577060765341e-01 -1.011786766674194898e-01 3.787239378948645957e-02
-9.953488075821123049e-01 -8.851703941811003840e-02 3.801971835176001790e-02
-9.959220316626057334e-01 -8.273030788763936771e-02 3.598634472409226182e-02
-9.960843278986593052e-01 -8.097507845766988011e-02 3.548326899119780969e-02
-9.967524511428361711e-01 -7.237306013723912579e-02 3.530871409685025497e-02
-9.968855543217381987e-01 -6.981372664734043776e-02 3.667763863168542471e-02
-9.967623602923266768e-01 -7.077507573348172654e-02 3.815363378500580965e-02
-9.974569229849883367e-01 -5.787210527474227761e-02 4.159952664318364995e-02
-9.978957389900624531e-01 -4.954471341674625273e-02 4.182618663689048610e-02
-9.984885465551109895e-01 -3.469479901966453922e-02 4.262520148656098740e-02
-9.986924209843722755e-01 -3.076341844978103604e-02 4.082982728430703534e-02
-9.989411814642134013e-01 -1.494642629626641642e-02 4.351017239175870854e-02
-9.991091801775802139e-01 -8.953731554690612382e-03 4.123944094628242962e-02
-9.992129530603833798e-01 -2.042781559398789033e-03 3.961459494584447516e-02
-9.992309494617396259e-01 1.691173119798618750e-03 3.917479045996617726e-02
-9.992351699401593734e-01 7.778480851736896233e-03 3.832212133369645307e-02
-9.990950445860822260e-01 1.115746724639118427e-02 4.104409183874047073e-02
-9.990668944173968224e-01 1.737391445133782547e-02 3.954114569515659178e-02
-9.987843746955923363e-01 2.445768190795610808e-02 4.279730444092399999e-02
-9.985839183383659057e-01 2.650035379673975136e-02 4.612920914405579248e-02
-9.983563597321000183e-01 3.475925756901744601e-02 4.556739660985149182e-02
-9.979618343359788479e-01 4.309214980722374244e-02 4.706653390095759393e-02
-9.978735662121871464e-01 4.586734913751270432e-02 4.630925300414660828e-02
-9.974143196902968134e-01 5.413716978221989884e-02 4.726369187747749695e-02
-9.967513239009340165e-01 6.346712204147357539e-02 4.958566034515083515e-02
-9.963691870322517463e-01 6.825160764612930864e-02 5.089377391758721086e-02
-9.956061934082811593e-01 7.947891385615736548e-02 4.951186542265882673e-02
-9.951758739062838144e-01 8.450978946596789110e-02 4.983061715135356229e-02
-9.943154946175644104e-01 9.214222093614481135e-02 5.335281988343228143e-02
-9.938433030522385581e-01 9.696382644117128302e-02 5.360522790375785857e-02
-9.928846402693947137e-01 1.053193594064164296e-01 5.556922542049157893e-02
-9.926572120784100672e-01 1.060039293708389674e-01 5.826526792367108659e-02
-9.917541050735566577e-01 1.143824801537468849e-01 5.779669929138283452e-02
-9.915329564005364027e-01 1.195160770318220572e-01 5.077714715285001901e-02
-9.908616064275976854e-01 1.231577403556244205e-01 5.500420879579548394e-02
-9.897865581303642024e-01 1.323335048484784449e-01 5.301346798201640731e-02
-9.890161310374968595e-01 1.382940766770706376e-01 5.217140819685104486e-02
-9.881313703698753059e-01 1.446941029367911358e-01 5.157544362385912268e-02
-9.867669405813070949e-01 1.523484407059888524e-01 5.550651066077257056e-02
-9.852988114238033779e-01 1.632629070291992390e-01 5.031391760024372939e-02
-9.841371352475487555e-01 1.715761590482541288e-01 4.511912535729097062e-02
-9.835584349156845096e-01 1.770451042067827385e-01 3.560688908191224356e-02
-9.825237959280218591e-01 1.835090541704011979e-01 3.116780003795524209e-02
-9.817475766000705040e-01 1.870318917771992273e-01 3.450770467799058050e-02
-9.808334705948569265e-01 1.916798070666970166e-01 3.499384099453928948e-02
-9.792674811969849236e-01 1.994637578738016614e-01 3.534719161445965679e-02
-9.780610640384136412e-01 2.054305887385566576e-01 3.456649496332837856e-02
-9.764919091425672271e-01 2.136422119385255891e-01 2.864560439361035077e-02
-9.753013983299535505e-01 2.186172102680367657e-01 3.152319552119047658e-02
-9.735463014648706448e-01 2.269974427168865994e-01 2.607247247669601184e-02
-9.723801906403641837e-01 2.315312098880030200e-01 2.949708029282236202e-02
-9.706258888204772894e-01 2.390575846559683248e-01 2.714533216449586603e-02
-9.703441828167989058e-01 2.404052357901374781e-01 2.524882868181418938e-02
-9.698284116194113569e-01 2.425232181440415413e-01 2.480634084502059480e-02
-9.685879246449283775e-01 2.477672675583033057e-01 2.118553924616141393e-02
-9.685904443741848446e-01 2.481219531659242528e-01 1.637257319612696327e-02
-9.681423529113269977e-01 2.495699988993281271e-01 2.037679904609972226e-02
-9.669399083312055776e-01 2.544327623741791666e-01 1.706449195983865408e-02
-9.659998690103053232e-01 2.582331873298526204e-01 1.264466890114134337e-02
-9.654889757008100482e-01 2.602506139186341882e-01 1.003341171295493370e-02
-9.660484447643222783e-01 2.582102618833103103e-01 8.824773446635158711e-03
-9.652122505394018503e-01 2.613311668652542608e-01 8.446669267492020253e-03
-9.642550528892165351e-01 2.648971657762331233e-01 6.457404989320334777e-03
-9.629947012737569700e-01 2.695124761199171881e-01 2.060061776225705424e-03
-9.623569526503881200e-01 2.717738407723873650e-01 2.844027174152605805e-03
-9.600009090231197417e-01 2.799794148872237765e-01 3.129739993540771228e-03
-9.598436802730117012e-01 2.805337835282052383e-01 9.586909767877590735e-04
-9.608848175216956333e-01 2.768985689128881655e-01 -5.250094271054659041e-03
-9.617792150037098864e-01 2.737884212872068179e-01 -4.544825685890548084e-03
-9.596594000329746743e-01 2.811615600244142810e-01 -1.423621720162879332e-03
-9.601040850971860330e-01 2.796130052982720438e-01 -4.089828793199111641e-03
-9.607251810657062574e-01 2.773231889133359607e-01 -9.949326398386332260e-03
-9.608470392612293853e-01 2.769018625949908885e-01 -9.916621041432760464e-03
-9.598223759183431847e-01 2.805040280208251358e-01 -7.649230337229857672e-03
-9.595139506613922231e-01 2.815109326782706534e-01 -9.197121037035495272e-03
-9.597654375937603177e-01 2.806004773997411994e-01 -1.066258211775995661e-02
-9.605652818165356654e-01 2.778614266596302618e-01 -1.036246660268233359e-02
-9.614157605578157462e-01 2.746683273820187399e-01 -1.539672403166011255e-02
-9.634220592628119917e-01 2.673502438386459179e-01 -1.848774584124871292e-02
-9.636749936217745560e-01 2.664735326537470139e-01 -1.795485900651558678e-02
-9.655578196193472795e-01 2.596172276017610359e-01 -1.723386153503373222e-02
-9.660380348457803246e-01 2.576040180093787657e-01 -2.026571124548052008e-02
-9.670086237317333522e-01 2.542438421138180638e-01 -1.595005467269956442e-02
-9.681001546942828995e-01 2.498634584336766884e-01 -1.871781351115245698e-02
-9.678203520088153322e-01 2.505717401009394663e-01 -2.318584111584820820e-02
-9.692763264764472364e-01 2.451171841824379138e-01 -2.051786657969310174e-02
-9.695770138798776028e-01 2.440230552692421728e-01 -1.931777798772581212e-02
-9.714825180354682566e-01 2.361653302867293414e-01 -2.115816303384797370e-02
-9.714761152881199457e-01 2.361491602579555982e-01 -2.162742415002925564e-02
-9.717335939574426318e-01 2.345324154284458562e-01 -2.698856239117384745e-02
-9.727625427786537049e-01 2.300601598205710419e-01 -2.837908164336571185e-02
-9.745953097229397288e-01 2.219003599707704000e-01 -3.040109739937201308e-02
-9.747861133545795420e-01 2.212277574589929241e-01 -2.916036265067893651e-02
-9.750394477247498193e-01 2.197086115328572287e-01 -3.203460055065105588e-02
-9.769461480715317947e-01 2.109137329694277252e-01 -3.303990462738121830e-02
-9.776561794280828055e-01 2.077036194933765678e-01 -3.236688957518426418e-02
-9.780607405714739633e-01 2.055995906815841490e-01 -3.355607775889809380e-02
-9.796877173422341434e-01 1.974069268997273585e-01 -3.524905750124008447e-02
-9.808966095961577647e-01 1.914860689101913482e-01 -3.427741293414379026e-02
-9.810859865867411767e-01 1.903348107878140016e-01 -3.525565305312149816e-02
-9.826624154531398148e-01 1.816254721995695376e-01 -3.723948876029412741e-02
-9.841742486344430274e-01 1.727946999032747566e-01 -3.928173217996728389e-02
-9.850678291154035815e-01 1.675210326958277152e-01 -3.972518255340328625e-02
-9.850267808326428343e-01 1.687022733393000462e-01 -3.552180368124720211e-02
-9.863386058206291551e-01 1.611483372459419916e-01 -3.416698085321738521e-02
-9.872617740376016249e-01 1.535586724960071037e-01 -4.164058944147309982e-02
-9.882600874621364495e-01 1.477045358259717056e-01 -3.905617261553050862e-02
-9.892377881355959302e-01 1.417954355167750091e-01 -3.609249001269947132e-02
-9.901687103656778843e-01 1.340098466143464506e-01 -4.009115866021379510e-02
-9.909692426867646731e-01 1.264022942049009834e-01 -4.474857677810933215e-02
-9.916619314038451760e-01 1.202265135626812143e-01 -4.639196414381759753e-02
-9.926818420176929392e-01 1.110992076034401088e-01 -4.732590940546703429e-02
-9.939520766092717619e-01 9.861185939595444594e-02 -4.832169021380151863e-02
-9.946771579395639051e-01 9.205367696047928039e-02 -4.629780872575427197e-02
-9.950883772283547479e-01 8.655312259704185662e-02 -4.803845953403989427e-02
-9.957080780529242725e-01 7.671922154671967364e-02 -5.176484962158320324e-02
-9.966059387150292270e-01 6.520617481142877703e-02 -5.024711894703448589e-02
-9.972414024496729645e-01 5.449082773776542377e-02 -5.040188715003706549e-02
-9.974717134588614309e-01 4.772697894804616564e-02 -5.265293624657255839e-02
-9.979351458658957119e-01 3.777600874358627570e-02 -5.194644499985525549e-02
-9.984364637788692987e-01 2.655253249785606909e-02 -4.918949087989454155e-02
-9.985904140505847959e-01 1.690634800915495964e-02 -5.031277788605285212e-02
-9.984668296004876042e-01 4.438729495121125287e-03 -5.517520671181198877e-02
-9.985163156825260788e-01 -3.391963742315404901e-03 -5.434774538280136291e-02
-9.984702707799258947e-01 -1.610417504084651896e-02 -5.289413345083684992e-02
-9.985134901147405539e-01 -2.293026964027511383e-02 -4.944722499571608393e-02
-9.983042737725170701e-01 -3.077273172477125451e-02 -4.941286486937953443e-02
-9.980423734067244146e-01 -4.191720386761812328e-02 -4.641534400892552426e-02
-9.982435775124197663e-01 -4.246679853119408182e-02 -4.130794385611726710e-02
-9.979022941507058597e-01 -4.814592884946030521e-02 -4.327812667824483539e-02
-9.972919878792878556e-01 -5.923548145246243513e-02 -4.358742986448739531e-02
-9.967127471948651340e-01 -6.851915414657909487e-02 -4.323008750544361789e-02
-9.962274618085895650e-01 -7.343740186778116574e-02 -4.623643379761091521e-02
-9.953375841641138866e-01 -8.412383894982164434e-02 -4.718356501047003132e-02
-9.947327223587825173e-01 -8.954398497650703503e-02 -4.988688611104317300e-02
-9.938300478171309127e-01 -9.928727655777352945e-02 -4.943569914615508765e-02
-9.936547635984902538e-01 -1.024107179608652607e-01 -4.650022745313157901e-02
-9.933381378136548756e-01 -1.085679194914693085e-01 -3.863115452535936800e-02
-9.921631808667963348e-01 -1.200316134902934678e-01 -3.470805686709353688e-02
-9.909840369396740734e-01 -1.293252057137194433e-01 -3.500920790853418590e-02
-9.900970007266116646e-01 -1.350780959632256473e-01 -3.823417640356571723e-02
-9.901460076153699719e-01 -1.361053250863750730e-01 -3.295814312542850316e-02
-9.888895263882809816e-01 -1.447074741826439026e-01 -3.401862269287513757e-02
-9.869654221732512278e-01 -1.571076835552992212e-01 -3.487759250932177812e-02
-9.859799718330020113e-01 -1.641445422752405292e-01 -3.000132595979966912e-02
-9.855897957769141904e-01 -1.669738176561737786e-01 -2.706499219533757203e-02
-9.847687705585623785e-01 -1.726462352221957430e-01 -2.058544958755467724e-02
-9.842469860409048810e-01 -1.756681434434410050e-01 -1.996468308229775931e-02
-9.836915058558681757e-01 -1.790471467737539679e-01 -1.712177599902334202e-02
-9.831907513133103516e-01 -1.821338794673972028e-01 -1.277540705292402878e-02
-9.823876374746269846e-01 -1.865687078770848772e-01 -1.032770491254463019e-02
-9.807121197251296163e-01 -1.953941980516936683e-01 -4.985967315001651502e-03
-9.790888600231911765e-01 -2.034011088352630503e-01 -3.606571989637788207e-03
-9.788047052659981651e-01 -2.047210598910439161e-01 -5.536321905551688620e-03
-9.781920239429233721e-01 -2.076370020992711896e-01 -5.220528695500281820e-03
-9.786136492767185668e-01 -2.056756890245313996e-01 -3.584784905874373925e-03
-9.787157604209424377e-01 -2.052198543385636287e-01 -5.347845060766466888e-04
-9.778289966479581929e-01 -2.091971244031426147e-01 9.329023849589689055e-03
-9.776464171361662903e-01 -2.100248043373414697e-01 9.852860105059700266e-03
-9.780567824598347393e-01 -2.080500246365729611e-01 1.096046377813181087e-02
-9.773720447252400856e-01 -2.105262225295385925e-01 2.055747796546220432e-02
-9.772419767768379950e-01 -2.115416014708944026e-01 1.575702331174224508e-02
-9.777697067619199878e-01 -2.088729954431668145e-01 1.839800151227833844e-02
-9.782669367363716617e-01 -2.065717603917364142e-01 1.794219703409628483e-02
-9.783406078447018928e-01 -2.058674544324316236e-01 2.163932578772039331e-02
-9.792576616139155865e-01 -2.017377042823017830e-01 1.887710206953909647e-02
-9.794269327493141386e-01 -2.011476302018340157e-01 1.620272814514315748e-02
-9.799787605061694995e-01 -1.977919884118013727e-01 2.280290483233383264e-02
-9.811206787361543835e-01 -1.924475427371633851e-01 1.913559867575950063e-02
-9.814193751044183456e-01 -1.907965042762058416e-01 2.031546753960952051e-02
-9.815782590227881688e-01 -1.901193646772595947e-01 1.894103170985641377e-02
-9.816493904855098096e-01 -1.889324796542899698e-01 2.586515927213463989e-02
-9.817736651912692958e-01 -1.875156427956765626e-01 3.095752410404731259e-02
-9.825757856527287393e-01 -1.832776422754632262e-01 3.088924640697338422e-02
-9.834035033506153267e-01 -1.796051087184317163e-01 2.568206817985627111e-02
-9.840807753672412561e-01 -1.760307086859313197e-01 2.445876629501517879e-02
-9.844816580697819397e-01 -1.736897246857360688e-01 2.505511079568319838e-02
-9.850146695969795863e-01 -1.705597497970981480e-01 2.560247169694899669e-02
-9.847802579405966483e-01 -1.708857345665929506e-01 3.171629629351150476e-02
-9.859462718037326212e-01 -1.631325359390130292e-01 3.602414676863794490e-02
-9.865455925081052513e-01 -1.602901516884404631e-01 3.216947884373515948e-02
-9.868698343812037921e-01 -1.571717921458467560e-01 3.721521218352993182e-02
-9.885261031147642985e-01 -1.464549422004433055e-01 3.697441832421050067e-02
-9.893082178859100573e-01 -1.398339932547673914e-01 4.142123466207671412e-02
-9.905871565849992955e-01 -1.303988285311671325e-01 4.163225992591627900e-02
-9.913702387546357020e-01 -1.236094303230546865e-01 4.365515955864135433e-02
-9.923818533369829220e-01 -1.151973152232015629e-01 4.367894508618799798e-02
-9.933568907864231967e-01 -1.043000326300798503e-01 4.861692661285074712e-02
-9.937314302825529522e-01 -9.889466069668913228e-02 5.213161742306062635e-02
-9.945954724919313650e-01 -8.726988310122146819e-02 5.624792417972346303e-02
-9.955631590645889206e-01 -7.417457503374583205e-02 5.789770395910234790e-02
-9.960573501384004658e-01 -6.358781825161520518e-02 6.185757880468401720e-02
-9.965122090203508698e-01 -5.419236693544558781e-02 6.345565514458482992e-02
-9.969857421569512379e-01 -4.708845316809928683e-02 6.166135737711504750e-02
-9.970348517376053099e-01 -3.717548478545216334e-02 6.737583751968978518e-02
-9.972801918775957564e-01 -2.729340142098660160e-02 6.846389486452471307e-02
-9.974049481690799857e-01 -1.552139168798127161e-02 7.030271473578665609e-02
-9.974466332428049142e-01 -8.121574561370041925e-03 7.095258863327884302e-02
-9.976384552477770562e-01 4.076727226505046098e-03 6.856317367101456839e-02
-9.976566925955200338e-01 1.138704143345724631e-02 6.746461915128505737e-02
-9.970674231459231152e-01 2.623174013101628801e-02 7.189204216877488618e-02
-9.971489210288538851e-01 3.706206866895540158e-02 6.573011775942626256e-02
-9.966692258905061053e-01 5.038259371746717230e-02 6.412537889442447570e-02
-9.964222161380914544e-01 5.703278201912863332e-02 6.237022288211726412e-02
-9.961235873436096178e-01 6.019000728669484518e-02 6.414809061194448603e-02
-9.953943041568780181e-01 7.543929982399197320e-02 5.915324866798712250e-02
-9.949406219313037258e-01 8.131546715532270153e-02 5.899973862648295875e-02
-9.945231704281862761e-01 8.243213501245283403e-02 6.425435558421267734e-02
-9.934493337338125007e-01 9.305071491579708365e-02 6.633250760990026806e-02
-9.929447770917129157e-01 1.011399973385639778e-01 6.189819190401271015e-02
-9.924758040730486952e-01 1.084081457494245060e-01 5.691631937132417968e-02
-9.915568444917797208e-01 1.184175852342427837e-01 5.284235598323294703e-02
-9.900051318557050450e-01 1.287512572366159014e-01 5.755838637989735967e-02
-9.882889706921060835e-01 1.437159191313960582e-01 5.128995707717703967e-02
-9.878794543785388571e-01 1.481814512174450815e-01 4.622180949071885703e-02
-9.872190912770568705e-01 1.548282036661573491e-01 3.777178054297451043e-02
-9.858147678785031953e-01 1.635792584151218032e-01 3.756439653356536540e-02
-9.854787859212457146e-01 1.665604427750604355e-01 3.300296386817505589e-02
-9.841889317335632548e-01 1.740502422688682271e-01 3.284317324263267418e-02
-9.841925743569875928e-01 1.742981784878263607e-01 3.138687245602440196e-02
-9.818614968951905331e-01 1.867806417672432384e-01 3.257310290565233052e-02
-9.820074909214736580e-01 1.861663171655381088e-01 3.167655894614954809e-02
-9.816908361315639375e-01 1.886923617130208675e-01 2.604436745178588877e-02
-9.803038881093657508e-01 1.957713371916814105e-01 2.603621864365593050e-02
-9.801260379655849508e-01 1.972255949871003222e-01 2.133139915846009663e-02
-9.796568312835225445e-01 2.001193905845831400e-01 1.499121612211492746e-02
-9.802294617801190491e-01 1.974250906889186141e-01 1.317383724528672223e-02
-9.791114369031757025e-01 2.030020605430587211e-01 1.144428333067304751e-02
-9.777027607411190591e-01 2.098396249137633451e-01 8.040975667618941586e-03
-9.766847098983675313e-01 2.146019173484853271e-01 5.745283872727029867e-03
-9.770126658722720903e-01 2.131278450930376156e-01 4.773483904255032204e-03
-9.778395061913979225e-01 2.093243428888246216e-01 3.637772639923522212e-03
-9.768049748254806763e-01 2.141179479169044164e-01 2.357813110305338050e-03
-9.778583851042542685e-01 2.092298359460505464e-01 3.983486776835423737e-03
-9.784762131821037601e-01 2.063596705039082713e-01 2.140619249208983166e-05
-9.783040456000215990e-01 2.071198810460086193e-01 -4.750059743915699927e-03
-9.792256331970060623e-01 2.027083972486948549e-01 -5.145757631300197817e-03
-9.796504492479861659e-01 2.006698466165136308e-01 -4.077226915159757638e-03
-9.796178240922098768e-01 2.008232716696223552e-01 -4.352712808921610152e-03
-9.799920014845139304e-01 1.989499320357291934e-01 -5.883487448089698771e-03
-9.797590564434175420e-01 2.000638650293421195e-01 -6.830452777243711977e-03
-9.812738934047189332e-01 1.924180454668833751e-01 -8.766747174565806336e-03
-9.804787665704761679e-01 1.964994391388255601e-01 -7.026573390613276467e-03
-9.812097284522328655e-01 1.924984025019756129e-01 -1.310908549839975845e-02
-9.818910396547484432e-01 1.884897096078524681e-01 -1.901657489714827370e-02
-9.820440443262400398e-01 1.879780512391346636e-01 -1.592990149326454358e-02
-9.822435896567104363e-01 1.865088459282763789e-01 -2.029767256180928930e-02
-9.834168477245625040e-01 1.790817951609607606e-01 -2.865360835857198862e-02
-9.847026918343461110e-01 1.710962497940583804e-01 -3.296509049258625895e-02
-9.862487649459052985e-01 1.621091167213842832e-01 -3.215622923590967519e-02
-9.878111852085168509e-01 1.524218152362750156e-01 -3.157004500511806366e-02
-9.881399391543380650e-01 1.500154287511620277e-01 -3.278485812820819412e-02
-9.894163220248073376e-01 1.420399103060062396e-01 -2.966514139812299541e-02
-9.900865593602516945e-01 1.375174925467663178e-01 -2.859299244490221339e-02
-9.905761162477055848e-01 1.345279419209156613e-01 -2.571392094356806171e-02
-9.910989986691874920e-01 1.304340352758255883e-01 -2.664117625915053342e-02
-9.922525617636194228e-01 1.213985198833124335e-01 -2.640583322839579541e-02
-9.922708961542808792e-01 1.215835057097004179e-01 -2.481803322871649342e-02
-9.925458542151375241e-01 1.192509378610888959e-01 -2.513873688926929542e-02
-9.930197034520756860e-01 1.152993557533333741e-01 -2.485844129600139202e-02
-9.931898023746492665e-01 1.112854303431895092e-01 -3.449035728587589167e-02
-9.931483168849613019e-01 1.112323752807320709e-01 -3.583008028915864174e-02
-9.938473382614417817e-01 1.052921575809258464e-01 -3.436633569724948517e-02
-9.943427104557234220e-01 1.003398870966763362e-01 -3.484962683306069842e-02
-9.943488845689586464e-01 9.939284183132746087e-02 -3.730112657512212049e-02
-9.947620428494253764e-01 9.469449153483935899e-02 -3.848956597805231611e-02
-9.954078406864366180e-01 8.832400329402155525e-02 -3.690686082569243076e-02
-9.955744935729444745e-01 8.422849885096263256e-02 -4.167736886243514349e-02
-9.961163186762916899e-01 7.838256017731901060e-02 -4.010572535530638333e-02
-9.964881334618312936e-01 7.223426038653300851e-02 -4.235123182052716317e-02
-9.964790633725129076e-01 6.856978525824021509e-02 -4.824599838792574535e-02
-9.968879275555011521e-01 6.296386495867611899e-02 -4.743445102101820354e-02
-9.974851665736871320e-01 5.538899156840840915e-02 -4.422010263298645216e-02
-9.981024246850052073e-01 4.709013361081430121e-02 -3.967472997546693525e-02
-9.980787219073153915e-01 4.438550497103003339e-02 -4.322969991099075149e-02
-9.983848480602348641e-01 4.193472276250262420e-02 -3.833000506597953466e-02
-9.986957529908719877e-01 3.338926146437286996e-02 -3.862596652608984993e-02
-9.986495835243778263e-01 2.882531211094131046e-02 -4.322182206713585939e-02
-9.988296684326829489e-01 2.092354773618998465e-02 -4.360635072487826364e-02
-9.987900552540870391e-01 1.479278985988282183e-02 -4.690004575910139417e-02
-9.989752287052638957e-01 6.382771813052219925e-03 -4.480812318392368016e-02
-9.987133235003886611e-01 -3.573730034117364104e-03 -5.058597970303582020e-02
-9.986376074646997614e-01 -9.822875088401378241e-03 -5.124895637101408580e-02
-9.985115963401837158e-01 -1.098275699127363413e-02 -5.342271516835635226e-02
-9.982954727489044000e-01 -2.379413337700322234e-02 -5.329168574049972240e-02
-9.976734785345747758e-01 -3.484960950836307747e-02 -5.859309424118557680e-02
-9.978476007727933306e-01 -3.682490921898043390e-02 -5.425962988547682053e-02
-9.976315074056043564e-01 -4.250692704295996188e-02 -5.407913017222289176e-02
-9.973717897128320242e-01 -5.009727681137479682e-02 -5.234301905008234557e-02
-9.969532341188696023e-01 -5.683251455872987551e-02 -5.342593011887514232e-02
-9.966376332519850667e-01 -6.290170947590932593e-02 -5.250541499292096792e-02
-9.961106640178754024e-01 -7.184742240245224620e-02 -5.100498498931507058e-02
-9.958463344542823892e-01 -7.455967603431774837e-02 -5.225847745193479971e-02
-9.951088786597894753e-01 -8.311031636730180361e-02 -5.339485529753617427e-02
-9.943829496240212951e-01 -8.951301437844724762e-02 -5.647995676105500157e-02
-9.938821689947662241e-01 -9.274554043932467517e-02 -5.997094895599077574e-02
-9.934246012324016162e-01 -9.825458350622857939e-02 -5.876745961222379355e-02
-9.920852585279991143e-01 -1.125347963489707614e-01 -5.570255719681133089e-02
-9.914005776958580984e-01 -1.187142695316194957e-01 -5.506207575369445606e-02
-9.902256974988559168e-01 -1.279032833263637203e-01 -5.562224010761845222e-02
-9.889137701640452471e-01 -1.386662495318428390e-01 -5.311536289228223351e-02
-9.874607525902561189e-01 -1.483305843637609811e-01 -5.403068837097819987e-02
-9.860794991752882543e-01 -1.573932402305210365e-01 -5.361533964923340806e-02
-9.845624897056199920e-01 -1.657981618166345372e-01 -5.610426736371035977e-02
-9.833241829677782375e-01 -1.736992195665778838e-01 -5.387158465233279209e-02
-9.822301197622171909e-01 -1.796860012020820019e-01 -5.419361710940245186e-02
-9.807399105412000218e-01 -1.888144650629976773e-01 -4.998340437572022787e-02
-9.792151996089579757e-01 -1.973021021414185505e-01 -4.700519232190977087e-02
-9.778285140201236070e-01 -2.038593301918399658e-01 -4.788303945440133130e-02
-9.765761369097447631e-01 -2.097962381665184617e-01 -4.779751113279850222e-02
-9.757771227689739924e-01 -2.128206709422347243e-01 -5.065948603228651037e-02
-9.730939185227112098e-01 -2.257663431938407572e-01 -4.601954181459744220e-02
-9.702803245190363413e-01 -2.377016979604053559e-01 -4.532117349421852653e-02
-9.690200793450186589e-01 -2.433018978845524760e-01 -4.247689206092952058e-02
-9.676174803443619021e-01 -2.486296237094778039e-01 -4.358596106769951212e-02
-9.659722579132236087e-01 -2.565217144284412942e-01 -3.307900771324166073e-02
-9.645254928253297333e-01 -2.620699988273529346e-01 -3.177897336799864747e-02
-9.633461127323870166e-01 -2.662891083400745762e-01 -3.247139705438433638e-02
-9.611127987403148554e-01 -2.741691480038482842e-01 -3.306781156158351831e-02
-9.598465329011418579e-01 -2.785654706000730285e-01 -3.310476776588052589e-02
-9.583037794462518910e-01 -2.841444803642658168e-01 -3.026209307475585114e-02
-9.579508214637253438e-01 -2.859866678928802974e-01 -2.327795404281185476e-02
-9.556622452182439442e-01 -2.938340090824119732e-01 -1.926815373512469343e-02
-9.574924749061738405e-01 -2.878043549812984159e-01 -1.941204068860277396e-02
-9.557899404533711785e-01 -2.932278436146948941e-01 -2.197806125252337039e-02
-9.546827212760296000e-01 -2.968976257431041321e-01 -2.080180833650656716e-02
-9.539018183410603591e-01 -2.996414189999682676e-01 -1.692201644900165336e-02
-9.537064600929240354e-01 -3.001929074925227536e-01 -1.811684103773635729e-02
-9.538967106679472341e-01 -2.995079323254368209e-01 -1.939271800192672243e-02
-9.530190309693409301e-01 -3.022284414110559814e-01 -2.031525277781866951e-02
-9.531095397240429978e-01 -3.021630267232708889e-01 -1.672495940425358305e-02
-9.539579586281033974e-01 -2.996441416130006807e-01 -1.332724049871404463e-02
-9.551695819532286524e-01 -2.958860687171649406e-01 -1.012511061155467289e-02
-9.543699737973780906e-01 -2.985447982578230963e-01 -6.997878738886686122e-03
-9.535388255022496651e-01 -3.009926521067436411e-01 -1.292847841539659925e-02
-9.543063711333228394e-01 -2.985926945354991369e-01 -1.190658233350545131e-02
-9.544875293871508681e-01 -2.979647095659950229e-01 -1.306147055558357431e-02
-9.531502737805535030e-01 -3.023288893475627459e-01 -1.009019720969574554e-02
-9.538473613581673893e-01 -3.001341761953242870e-01 -9.731461377228552492e-03
-9.530048010662232061e-01 -3.029422716272720528e-01 -2.800533371292080430e-03
-9.527310308105590986e-01 -3.037817647606873561e-01 4.498463487883378950e-03
-9.505198021285038434e-01 -3.106524219354588889e-01 2.681853033141506568e-03
-9.508171436368293428e-01 -3.097483329018767551e-01 1.656338396818808753e-03
-9.499077344157508263e-01 -3.125040154260340097e-01 4.068199084352375552e-03
-9.499812169115707805e-01 -3.122381857658952931e-01 6.558710146141825785e-03
-9.508428437941885969e-01 -3.094145881900968176e-01 1.266936835492563779e-02
-9.511612640782630690e-01 -3.083678699676603019e-01 1.419578689374491678e-02
-9.525888882804338653e-01 -3.037094913739512569e-01 1.830214974495673538e-02
-9.550831316133530091e-01 -2.956331134436291364e-01 2.042762670636113359e-02
-9.563834994811023504e-01 -2.914639184630166135e-01 1.947819606077010393e-02
-9.573008591134192224e-01 -2.885145388604882233e-01 1.828769953675894733e-02
-9.584355586523768400e-01 -2.846994358684877824e-01 1.864202475478986265e-02
-9.609820536025410753e-01 -2.757963363350344199e-01 2.121055475825727940e-02
-9.635605820074015782e-01 -2.669067896192540701e-01 1.765741371868943116e-02
-9.665919414963636269e-01 -2.556878584621344319e-01 1.799309542215759769e-02
-9.666159051308339523e-01 -2.555995653089929154e-01 1.796017749011324591e-02
-9.669933259226467515e-01 -2.538449373591933345e-01 2.206058148504290092e-02
-9.686628349737914645e-01 -2.474988681029583470e-01 2.089584164204015201e-02
-9.695145773790123656e-01 -2.441184797768614079e-01 2.115811566322755438e-02
-9.703738355665826321e-01 -2.407622244266802991e-01 2.020357069089454699e-02
-9.706030509533902784e-01 -2.397387603307461756e-01 2.133208870825958545e-02
-9.717913230162616989e-01 -2.344953810162326846e-01 2.517051207462498927e-02
-9.725480996629404240e-01 -2.312750593597378279e-01 2.573042270564667236e-02
-9.729400284784186503e-01 -2.287373076098664360e-01 3.266433938854959584e-02
-9.739768127170906897e-01 -2.246934812625743516e-01 2.969885000310610798e-02
-9.742866650160775244e-01 -2.228917533715003285e-01 3.293591695996590796e-02
-9.759044892363781809e-01 -2.157539224689363211e-01 3.256818668621851848e-02
-9.780310463021273382e-01 -2.060895826953302867e-01 3.134278691666957106e-02
-9.785352317221522878e-01 -2.034835126696184771e-01 3.260788711312572613e-02
-9.801183823611485657e-01 -1.952752012716673646e-01 3.515062430018487533e-02
-9.815072956556775141e-01 -1.884461379067652875e-01 3.363771271111416772e-02
-9.831103749791475499e-01 -1.785156235584776097e-01 4.032588501741214693e-02
-9.841707893526657758e-01 -1.711842557561057132e-01 4.586744224091925115e-02
-9.850114605016820901e-01 -1.648145970281301165e-01 5.087814891017451019e-02
-9.857211200448093846e-01 -1.601693632698631964e-01 5.195828452852327417e-02
-9.871172231081596360e-01 -1.515670551847134728e-01 5.125456436473666694e-02
-9.886542657839977322e-01 -1.408767790252749563e-01 5.211996414607917433e-02
-9.905070514657500214e-01 -1.268048223971290911e-01 5.306913354167069885e-02
-9.909289416179012377e-01 -1.201311790114197170e-01 6.023576858037994058e-02
-9.922169628005845787e-01 -1.083330151318042250e-01 6.139602582519029100e-02
-9.932049982403740040e-01 -1.007930255174205314e-01 5.817742509085388480e-02
-9.939993276502715469e-01 -9.274542557167188284e-02 5.799687900694747850e-02
-9.944955090165590317e-01 -8.117172952270146347e-02 6.625593782226060768e-02
-9.951956267552402036e-01 -6.933408428345363972e-02 6.912644794442390772e-02
-9.954381217330539044e-01 -5.811727730416405696e-02 7.566600844685369975e-02
-9.963336617947853302e-01 -4.767428672477782431e-02 7.103811273403611015e-02
-9.964849131038234775e-01 -3.475910370451001929e-02 7.622099318872879725e-02
-9.966842866644083365e-01 -2.510097906447709623e-02 7.739761427983965492e-02
-9.968067341286890315e-01 -1.281755924703430888e-02 7.881663678742761858e-02
-9.968053507216625420e-01 -1.728794130428383882e-03 7.985061910970005228e-02
-9.966538590430051858e-01 9.130480763301463548e-03 8.122645521951077363e-02
-9.967308254289477532e-01 2.425979789441406326e-02 7.706582275455052533e-02
-9.967256598980427373e-01 3.115078836793619757e-02 7.461638182136749731e-02
-9.961168537160053349e-01 4.196894399229041117e-02 7.739404930799476112e-02
-9.958788831186283774e-01 5.058066679540063060e-02 7.527857294823216139e-02
-9.951883210096067467e-01 6.302497235594339831e-02 7.502050259464435045e-02
-9.946022504603639902e-01 7.354267134450907795e-02 7.319737664499514906e-02
-9.941075270807361308e-01 7.964525475590067405e-02 7.353145646254831413e-02
-9.931590653866430030e-01 9.118439549799838006e-02 7.294171562493710625e-02
-9.921195160151387027e-01 1.041626001121328665e-01 6.963501502873103988e-02
-9.914598829670016045e-01 1.108207533418929108e-01 6.874647405960372659e-02
-9.910952247285014227e-01 1.164087630803384149e-01 6.464728861226906598e-02
-9.901483533942726512e-01 1.254787513379933550e-01 6.213966256738702454e-02
-9.892334889416392052e-01 1.330000974449262741e-01 6.105812704795909873e-02
-9.880197516188218287e-01 1.440762765908030207e-01 5.530834528835457814e-02
-9.865463447234614769e-01 1.521646392127745662e-01 5.976829179383193191e-02
-9.854135112684890840e-01 1.605685615479255368e-01 5.637344415904708278e-02
-9.850063408084480665e-01 1.642280029019954624e-01 5.283642588088983960e-02
-9.838224105205111147e-01 1.710432454102842614e-01 5.326996380379617202e-02
-9.833475944152770820e-01 1.758276637334705017e-01 4.595821333113815632e-02
-9.818357948186936524e-01 1.842071166086478862e-01 4.545576222206298284e-02
-9.806063942721003901e-01 1.920241014769885068e-01 3.921555587109442492e-02
-9.794706238423769307e-01 1.984746339906704460e-01 3.528643468859622018e-02
-9.777640248507039056e-01 2.067086422495634790e-01 3.534210962059899236e-02
-9.765043359964462599e-01 2.126349354084304255e-01 3.500973868468128941e-02
-9.742725503897982087e-01 2.214044682344776249e-01 4.210790329075188299e-02
-9.729068323058651657e-01 2.286391262952560677e-01 3.429958694388508117e-02
-9.704762708802410209e-01 2.388485324508108354e-01 3.357383275417846064e-02
-9.708136764294819088e-01 2.377615239621752308e-01 3.146870579895608144e-02
-9.711451621802760226e-01 2.371578970480302251e-01 2.516390202808805460e-02
-9.695465276539124710e-01 2.439042198950572837e-01 2.214222654696183790e-02
-9.697208637550517318e-01 2.427385651695063151e-01 2.682259006993755607e-02
-9.686961416490823540e-01 2.473543802450958728e-01 2.106208945038942279e-02
-9.682502155275742872e-01 2.494282149618863853e-01 1.664636873919445037e-02
-9.671886093233936776e-01 2.534686240929232559e-01 1.731665407119868313e-02
-9.669159407227679859e-01 2.546641021839411989e-01 1.482479471147715028e-02
-9.670035770449718626e-01 2.542398562383096361e-01 1.631543396522420336e-02
-9.667384183858236391e-01 2.553100731545340230e-01 1.528439931572088753e-02
-9.655807625892477430e-01 2.598158323182751528e-01 1.222865498842779300e-02
-9.660723490822463733e-01 2.580795968814977859e-01 9.957602011986442514e-03
-9.659262431429026519e-01 2.586000573358845922e-01 1.060749658660233713e-02
-9.658263913206145412e-01 2.588220306932114689e-01 1.380413347500560224e-02
-9.659176094663532997e-01 2.584526194834407264e-01 1.433286604286840987e-02
-9.653729321618713666e-01 2.604539123036221371e-01 1.479450102441562213e-02
-9.660479663147494289e-01 2.580528577000031354e-01 1.265169127770789624e-02
-9.651028739419753588e-01 2.617039814417961296e-01 9.353323180362867195e-03
-9.653671642317711576e-01 2.607343319248049407e-01 9.157632230990184197e-03
-9.648551575973280947e-01 2.626099244574251479e-01 9.516737298164311756e-03
-9.641533677085492027e-01 2.653208425293899775e-01 3.626274571184868144e-03
-9.651909629800418111e-01 2.615267298451240396e-01 3.192237971176801418e-03
-9.660568930808435262e-01 2.583046469919598187e-01 -3.578360037983353923e-03
-9.659189274865284114e-01 2.587614630839034091e-01 -6.568617634188585880e-03
-9.660033423190650392e-01 2.584552133012726349e-01 -6.201720458469358807e-03
-9.662018534399308134e-01 2.577683668997357014e-01 -3.076267489968677327e-03
-9.664535461927697968e-01 2.565828562232929655e-01 -1.152376182833474323e-02
-9.675399835420817052e-01 2.524759272127069520e-01 -1.105904912565421234e-02
-9.674209850745479899e-01 2.526471137334376782e-01 -1.631225683233727963e-02
-9.678936030779955457e-01 2.504215519540623491e-01 -2.170335726246416103e-02
-9.687566890865625391e-01 2.467499124235089103e-01 -2.499948811845654692e-02
-9.692615497250115508e-01 2.447648386514838514e-01 -2.494470527207827068e-02
-9.709093810841514793e-01 2.379414406034096319e-01 -2.681158228369188989e-02
-9.723376773943698259e-01 2.318778607230541355e-01 -2.814454182708977029e-02
-9.715688275860923095e-01 2.342276704953445698e-01 -3.451706863024447264e-02
-9.727945125967786266e-01 2.288487322131480262e-01 -3.604317517578648628e-02
-9.731622152675818427e-01 2.270381598100174592e-01 -3.753655868467549450e-02
-9.739895418313312403e-01 2.232640256383201516e-01 -3.869836885861204639e-02
-9.750694929605616679e-01 2.180829006935106618e-01 -4.097985981565002711e-02
-9.772304037710460856e-01 2.085036758166104176e-01 -3.933156057497969732e-02
-9.783664484138581141e-01 2.030977233815451644e-01 -3.937542274520923480e-02
-9.795733024563400004e-01 1.976749336670771962e-01 -3.688878165453269437e-02
-9.813640590086778470e-01 1.890235174895395776e-01 -3.456457545953395272e-02
-9.827678527159871003e-01 1.813243485559284107e-01 -3.590048349502598241e-02
-9.838018546801230446e-01 1.759637209058000362e-01 -3.421543553899169393e-02
-9.852946699967118915e-01 1.670842908251318482e-01 -3.573890781820562856e-02
-9.853311430315893071e-01 1.658189174629838281e-01 -4.033164691193846796e-02
-9.860843565643641062e-01 1.601134243027612647e-01 -4.473644774808976238e-02
-9.869055705226967845e-01 1.552445194421479824e-01 -4.377842697930950377e-02
-9.880455665886266337e-01 1.485097002496710006e-01 -4.136234709714645824e-02
-9.880014899607794110e-01 1.472317733880426638e-01 -4.664629972739955943e-02
-9.893206446157039036e-01 1.392557369296399949e-01 -4.304089012943006221e-02
-9.902721501107984992e-01 1.298499997818914065e-01 -5.000063213068062229e-02
-9.915652442079885276e-01 1.167437501317767218e-01 -5.629636842385456197e-02
-9.924325242409839376e-01 1.087361901615948867e-01 -5.704510179281278154e-02
-9.930140347593368055e-01 1.058228507179578282e-01 -5.219836012261596520e-02
-9.934399398259071701e-01 1.017609796019117024e-01 -5.217093780572143458e-02
-9.940729732983667466e-01 9.315900430267395893e-02 -5.603875206550219118e-02
-9.944936562285808801e-01 8.572848392147838781e-02 -6.027448090191889207e-02
-9.951738292295274624e-01 7.796845929909529405e-02 -5.958176923354555760e-02
-9.956376849593548961e-01 7.568527871808623797e-02 -5.456516290965580246e-02
-9.962799602550891365e-01 6.551947395032231558e-02 -5.597729476769660456e-02
-9.967383661433266706e-01 5.276703320713259371e-02 -6.105971095680839261e-02
-9.969396894349246141e-01 4.551274965295651342e-02 -6.355992399752891098e-02
-9.974419139426627945e-01 3.805605717218870504e-02 -6.050936676445867884e-02
-9.973791446184077092e-01 3.436667885945524081e-02 -6.366939607691526892e-02
-9.976265155126901041e-01 2.491946448299271061e-02 -6.419014405927721267e-02
-9.976218311040322417e-01 1.692805244209531074e-02 -6.681423562026313212e-02
-9.976467171472017670e-01 5.687328455947071940e-03 -6.832789392562609032e-02
-9.978741357992827465e-01 -1.828871378370318726e-03 -6.514509393402238835e-02
-9.977923963109658345e-01 -9.921789942904249773e-03 -6.566514232159043063e-02
-9.974931853885583566e-01 -1.988791836166239196e-02 -6.791049163645042352e-02
-9.975725376974834413e-01 -2.497280146061262723e-02 -6.500315544556949099e-02
-9.976554311675520648e-01 -3.162499013532765746e-02 -6.069200465909716652e-02
-9.978274613518977043e-01 -3.693009729585693124e-02 -5.455771117725613517e-02
-9.977680234268945236e-01 -4.308301232065375741e-02 -5.101807404953160457e-02
-9.976082924152942510e-01 -4.779283016916356652e-02 -4.993554503982932519e-02
-9.969594935232588551e-01 -6.138699939959885166e-02 -4.799398868207126190e-02
-9.964693135143273262e-01 -6.783912687657363272e-02 -4.946492245950327715e-02
-9.958097705332059624e-01 -7.739418140063397678e-02 -4.871406365614321804e-02
-9.955079951189598209e-01 -8.267101082972158621e-02 -4.614492421234107217e-02
-9.947128055922604961e-01 -9.112571321439873195e-02 -4.735564632778306582e-02
-9.940364186577486105e-01 -9.799188896565574902e-02 -4.784565347913493499e-02
-9.932128332201196619e-01 -1.081559250787823695e-01 -4.278530331154236505e-02
-9.928315906352240816e-01 -1.128584596221682834e-01 -3.934995611684083405e-02
-9.921465739263816142e-01 -1.201088908603948346e-01 -3.491487096789933769e-02
-9.918149476537863052e-01 -1.243134552498428302e-01 -2.914262183090370398e-02
-9.917699188954892664e-01 -1.250007731425105406e-01 -2.769932566243218583e-02
-9.910563112129939789e-01 -1.300592346355040063e-01 -2.986639452236436801e-02
-9.907740651976825186e-01 -1.327995920710184630e-01 -2.703771540018114899e-02
-9.900484209630961985e-01 -1.370954145894300036e-01 -3.176459695982254000e-02
-9.899279219031388299e-01 -1.385930348085498698e-01 -2.889114549832367401e-02
-9.895387087675410198e-01 -1.416083040804168025e-01 -2.757263513107009040e-02
-9.890491168101803732e-01 -1.453481039974540701e-01 -2.560842301103091051e-02
-9.890107892830359848e-01 -1.455730029428153327e-01 -2.581041696694426346e-02
-9.877525290411087733e-01 -1.546408037577004790e-01 -2.076489931096304337e-02
-9.870910457480441824e-01 -1.589276947641473647e-01 -1.983111337701800453e-02
-9.869585934735234378e-01 -1.602553265031863849e-01 -1.519812166464404660e-02
-9.862874757342580123e-01 -1.642562817919155094e-01 -1.602831610580760652e-02
-9.857678785297451229e-01 -1.666724168079743162e-01 -2.195479623345631889e-02
-9.852116245582867027e-01 -1.695653079568419930e-01 -2.461054922100158054e-02
-9.843943247936587371e-01 -1.739841312542172447e-01 -2.640744889413496402e-02
-9.834466156057575237e-01 -1.791703381616733537e-01 -2.703261316730765432e-02
-9.821713907750893036e-01 -1.866754816774280346e-01 -2.217299179896592073e-02
-9.812241619610875265e-01 -1.919980461801568672e-01 -1.832790428039280523e-02
-9.813364520559785253e-01 -1.918098382944559699e-01 -1.370297972279952217e-02
-9.808671665420719554e-01 -1.943222349904500934e-01 -1.176811042860970852e-02
-9.801095940720474520e-01 -1.980067669084007165e-01 -1.336120230787472482e-02
-9.802392727961593000e-01 -1.973797822906733224e-01 -1.312278447059856377e-02
-9.799158760566122339e-01 -1.986780695074739644e-01 -1.708562194571226420e-02
-9.793494716173554160e-01 -2.013720087925773283e-01 -1.799845757373930849e-02
-9.784209014663207693e-01 -2.055375012201095808e-01 -2.113985007567112731e-02
-9.771251517369730077e-01 -2.111676079350630064e-01 -2.519320233287871552e-02
-9.768325499867677175e-01 -2.129151488512889545e-01 -2.157143724495176260e-02
-9.764158526329297372e-01 -2.150897111462654054e-01 -1.866861181801032429e-02
-9.765853103198495200e-01 -2.142265061141047089e-01 -1.970162226961010704e-02
-9.754514197245007789e-01 -2.198369777762120558e-01 -1.289375421257630064e-02
-9.731069252943496117e-01 -2.301443803647390540e-01 -9.823128442717637271e-03
-9.730169852850460988e-01 -2.306784582346131096e-01 -5.041130366767624521e-03
-9.739987677730557181e-01 -2.265527844043899175e-01 5.041678735487305565e-04
-9.743846356778494977e-01 -2.247164696792872673e-01 8.781123307772385755e-03
-9.744749479106652457e-01 -2.240462316002451437e-01 1.420845405502207948e-02
-9.749390756675392344e-01 -2.215199321264477439e-01 2.056056233117048437e-02
-9.747052682638294163e-01 -2.227688025329209731e-01 1.799219214585739621e-02
-9.750616829977696298e-01 -2.211043696990928620e-01 1.917264733449351721e-02
-9.759320940675302314e-01 -2.164819201750947664e-01 2.630864178588912528e-02
-9.776089620180227202e-01 -2.078191041603953682e-01 3.304476566780342739e-02
-9.793104095967912759e-01 -1.992583391961199879e-01 3.531650191948627199e-02
-9.796982199483702525e-01 -1.975618987686519057e-01 3.406924371367468785e-02
-9.823420639943667432e-01 -1.828111759688308136e-01 3.980154858396219714e-02
-9.828587860553071875e-01 -1.783597659352761655e-01 4.665212809932663823e-02
-9.838203750556002714e-01 -1.731274061880451187e-01 4.609111978158771106e-02
-9.850924502458799914e-01 -1.640015065692100871e-01 5.192678516048468418e-02
-9.863890809317770181e-01 -1.559115350272757827e-01 5.223212596952517273e-02
-9.865715979852093254e-01 -1.548493494968301298e-01 5.194402494088568717e-02
-9.879374345066622709e-01 -1.473751770142237849e-01 4.754159339658230177e-02
-9.886237466155475273e-01 -1.420938587546231591e-01 4.931980709387560891e-02
-9.905129622408558321e-01 -1.286268909966030438e-01 4.836543176362650270e-02
-9.918922681144041187e-01 -1.182481702187554440e-01 4.655232600041019075e-02
-9.927162088253695948e-01 -1.118450118615997996e-01 4.477993261234369804e-02
-9.934035319506014927e-01 -1.046619166140997925e-01 4.685430908136694467e-02
-9.937863262188103564e-01 -1.028126154049181507e-01 4.264181392202433252e-02
-9.949976391941706133e-01 -9.115887337788007583e-02 4.086291578211382475e-02
-9.955289217629423870e-01 -8.217106471963793457e-02 4.658435919699609185e-02
-9.962883444099379648e-01 -7.338661455464741412e-02 4.498844245542380632e-02
-9.964914868082908050e-01 -6.982285272283149380e-02 4.614657448861941846e-02
-9.968060300583988509e-01 -6.441817851796616257e-02 4.720229999893081618e-02
-9.970866759844120297e-01 -5.773798754608404360e-02 4.984481778905564681e-02
-9.979264303320328766e-01 -4.206850192741702632e-02 4.871448623629968250e-02
-9.978176992750256158e-01 -3.842760458119688638e-02 5.369523913532957271e-02
-9.983310773465079446e-01 -2.681811501870390996e-02 5.114556699021126362e-02
-9.986967890693969618e-01 -2.238494578580817532e-02 4.586564982275163210e-02
-9.986907093812669167e-01 -1.470793488804464366e-02 4.899554980223341100e-02
-9.988035656964250331e-01 -5.931066300573967220e-03 4.854152682704936800e-02
-9.988886863110597591e-01 8.323583342687880526e-05 4.713178969735927482e-02
-9.989831023696258416e-01 7.477827544803920118e-03 4.446193092045046258e-02
-9.988487667049726904e-01 1.829234646387984872e-02 4.434581524035864641e-02
-9.989410339797404337e-01 1.244689073141853897e-02 4.429340313824748493e-02
-9.988840192999248746e-01 1.493106440780227195e-02 4.480847385593882126e-02
-9.985430005266008324e-01 1.863929267916793545e-02 5.064062760412656877e-02
-9.985581832024077453e-01 2.440271888823327545e-02 4.781299217583385303e-02
-9.985426717384852102e-01 2.779271059247858527e-02 4.626141005338502837e-02
-9.981738003789093483e-01 3.770613300737168244e-02 4.719461758990459166e-02
-9.981089105635041481e-01 4.542455795887533065e-02 4.141535943986161122e-02
-9.979539632726364129e-01 5.061700991128792460e-02 3.906181311324845307e-02
-9.979100508496971944e-01 5.395089217925506941e-02 3.556474800891391841e-02
-9.977708899879258464e-01 5.570143366471641544e-02 3.675079658548285888e-02
-9.974261781834902196e-01 6.101358916423529205e-02 3.766139576222438806e-02
-9.972999033955203263e-01 6.788581041428212726e-02 2.800783310602707882e-02
-9.974842650178459280e-01 6.639822272416784354e-02 2.482813694851489575e-02
-9.966362369915702235e-01 7.789664195395666624e-02 2.546259321920293917e-02
-9.964959207300890798e-01 8.153714304874126739e-02 1.864386009912330500e-02
-9.962319634956772196e-01 8.570941433091557038e-02 1.325859286637466952e-02
-9.957049625059636311e-01 9.149137416219946251e-02 1.417657259810039747e-02
-9.957716517055531513e-01 9.098665109703608922e-02 1.265962491876802820e-02
-9.960399950817866443e-01 8.747117588829181334e-02 1.591039446193118906e-02
-9.957374063406807529e-01 9.054924212309610476e-02 1.754626711477424300e-02
-9.954326418513308461e-01 9.384252769833473229e-02 1.753438498289261807e-02
-9.957967533839412466e-01 9.069621666988972319e-02 1.276876716885517668e-02
-9.954240284989127607e-01 9.492905087085261318e-02 1.093151198942105169e-02
-9.949635155753571158e-01 9.957626415690826183e-02 1.149736825426798253e-02
-9.946992359895268088e-01 1.026226463346718715e-01 6.483944151472722552e-03
-9.941790625394469894e-01 1.077165853428030395e-01 2.268913012065517862e-03
-9.941600416269875673e-01 1.075019737198391334e-01 -9.442273947473704687e-03
-9.947144466178633460e-01 1.022488445503166449e-01 -9.400145471039079645e-03
-9.952992272431594456e-01 9.621412128027256871e-02 -1.105940425519750907e-02
-9.959229776668361289e-01 8.936750982832385171e-02 -1.228373475282048231e-02
-9.965325469768163691e-01 8.233286770418868361e-02 -1.200837607836854372e-02
-9.967991362861069460e-01 7.919855726056616863e-02 -1.091282735579231569e-02
-9.968327192217022459e-01 7.876534855416283953e-02 -1.098039753727994387e-02
-9.972450590437088591e-01 7.301929700656088762e-02 -1.305733152126678856e-02
-9.972872428193381156e-01 7.222967445628566963e-02 -1.417917047306837403e-02
-9.973403700936138705e-01 7.126088613279932260e-02 -1.530005677930786588e-02
-9.970922356515141693e-01 7.412823420787777173e-02 -1.766629337329621643e-02
-9.970855604923466453e-01 7.454776565345451467e-02 -1.621835765085023404e-02
-9.971767187649689390e-01 7.323799364230278164e-02 -1.657731204557361115e-02
-9.972022154893565027e-01 7.280883695411159706e-02 -1.693027229279841367e-02
-9.978813164380424539e-01 6.160841375109275819e-02 -2.091175464554748814e-02
-9.978873155820850993e-01 6.037140224292560781e-02 -2.400456292213794945e-02
-9.981531770577902751e-01 5.599254793551593223e-02 -2.356033841036086693e-02
-9.983796270680667106e-01 5.371249115044848116e-02 -1.879117668905041019e-02
-9.986480443663019457e-01 4.659925296536321371e-02 -2.303503938477327595e-02
-9.988158431807911963e-01 4.079775984089809016e-02 -2.650423287421510565e-02
-9.987414137082110122e-01 3.707951578236590856e-02 -3.377452432407260230e-02
-9.989762230976235724e-01 3.508747369368037106e-02 -2.855512774242440627e-02
-9.989035193410978897e-01 3.585706244629182499e-02 -3.010067382776015002e-02
-9.988338180708242753e-01 3.367281104391667973e-02 -3.460008897366626673e-02
-9.991693744950661538e-01 2.648047024160066903e-02 -3.097363543276851483e-02
-9.992692010689254722e-01 1.740516332747405609e-02 -3.403152105549916984e-02
-9.992108388355268600e-01 1.218173944840693704e-02 -3.780641915209052850e-02
-9.993909730425615257e-01 6.477652050241120701e-03 -3.428911570066207198e-02
-9.993647649378565312e-01 -8.665951638824834907e-05 -3.563817584685373407e-02
-9.993463195915094355e-01 -1.561771517685560211e-03 -3.611806860069111808e-02
-9.994970343993692108e-01 -7.965527010799312857e-03 -3.069607629913317232e-02
-9.993293946741008682e-01 -1.418139649222870460e-02 -3.375899119861818648e-02
-9.994070607511862381e-01 -2.080272182441493881e-02 -2.743709138639714024e-02
-9.992849685943255844e-01 -2.315664482544770725e-02 -2.988882187089772144e-02
-9.992117674350169398e-01 -2.736076440438272792e-02 -2.876200017490668573e-02
-9.992577151581085726e-01 -2.646948010760206277e-02 -2.798938350015068091e-02
-9.994249361915495955e-01 -2.483046760990414645e-02 -2.309253384050479960e-02
-9.992740402820643464e-01 -3.174398860695536867e-02 -2.106494470400037747e-02
-9.990881232590739236e-01 -3.603116185817199085e-02 -2.290627972997331604e-02
-9.991040066109775353e-01 -3.854760440337248739e-02 -1.747244850809349936e-02
-9.993131896061033803e-01 -3.510069211252086346e-02 -1.187901143251537950e-02
-9.994314745172284686e-01 -3.197737776322328446e-02 -1.068622897201884810e-02
-9.992432976477261253e-01 -3.760112803882943722e-02 -9.950259895630147663e-03
-9.992704351723106226e-01 -3.689441182568753419e-02 -9.870165282063763160e-03
-9.992456292652529548e-01 -3.707492078638510713e-02 -1.156040848406830572e-02
-9.991710231155114252e-01 -3.951334521993161986e-02 -9.797065264635210213e-03
-9.990762125913864589e-01 -4.190136780468221855e-02 -9.540292375510166928e-03
-9.989250361853722060e-01 -4.469313218055998016e-02 -1.230107433771255795e-02
-9.988645548987766798e-01 -4.618372182306244161e-02 -1.169124512504719077e-02
-9.989995193141599783e-01 -4.209131204206507243e-02 -1.510967285032840772e-02
-9.987107905128348451e-01 -4.538093669837955924e-02 -2.274528626056295660e-02
-9.984884361720912649e-01 -4.873605833805268878e-02 -2.540984196450285157e-02
-9.982565469790678492e-01 -5.339007351912135324e-02 -2.516718251686655972e-02
-9.980803943926510602e-01 -5.722715878018663077e-02 -2.367697617771790178e-02
-9.977926423212258866e-01 -6.177162500774724396e-02 -2.437477967030911297e-02
-9.971966342893668900e-01 -7.197364427653109298e-02 -2.046185082303851252e-02
-9.966074026735231017e-01 -7.980730669357428975e-02 -2.011215947569995957e-02
-9.961360744218121788e-01 -8.553050894798897019e-02 -1.993673731103172073e-02
-9.958156570042990818e-01 -8.916967921085032500e-02 -1.999914491453274115e-02
-9.958851409083858686e-01 -8.798180973260814886e-02 -2.172573352638696928e-02
-9.957197514602267319e-01 -9.111139352795891155e-02 -1.552129702414717372e-02
-9.959056790145643934e-01 -8.926701726603666898e-02 -1.425827096155314264e-02
-9.959030717078833916e-01 -8.953469604921647507e-02 -1.267399386867627299e-02
-9.956352328171325095e-01 -9.299631870191435445e-02 -7.885932366777918812e-03
-9.957411897414146784e-01 -9.201854670294450089e-02 -5.664820286673355292e-03
-9.957809272028053105e-01 -9.170902099611585867e-02 -3.133779033368454866e-03
-9.954818077128411158e-01 -9.485173208033695347e-02 4.374861010748742896e-03
-9.956716320248624186e-01 -9.281738400183267568e-02 4.791073686319907016e-03
-9.957867935442274998e-01 -9.153811349009703668e-02 5.427298507686985872e-03
-9.959325674285132157e-01 -8.958592234950024658e-02 9.628276586703385376e-03
-9.958854173251944220e-01 -9.030321634621465976e-02 7.588461271177320520e-03
-9.959426489925694570e-01 -8.975650860738572379e-02 6.482988918995529273e-03
-9.961826497059274033e-01 -8.719153278683809682e-02 4.217232747024231981e-03
-9.959033248939949123e-01 -9.023798837704602449e-02 5.804558477131420771e-03
-9.954962381379717229e-01 -9.477282156986216455e-02 2.317802996714714986e-03
-9.952974823544402661e-01 -9.685341490376561668e-02 1.535488080231907923e-03
-9.956154358884014011e-01 -9.333490599325058867e-02 6.206400408562253411e-03
-9.956262904911834521e-01 -9.321516835035367765e-02 6.264370219624022101e-03
-9.953972068711171017e-01 -9.580511809752031982e-02 2.408368481583141128e-03
-9.955320427735070421e-01 -9.442227945414496948e-02 -6.366088334672885540e-04
-9.959162971491727356e-01 -9.027415677083265588e-02 -1.151522071886237073e-03
-9.960002545092537796e-01 -8.934992263301273774e-02 3.235206744996881913e-04
-9.958835219349031487e-01 -9.061451273848999954e-02 2.245244920086899437e-03
-9.959929444036191848e-01 -8.929251053122716497e-02 4.992253056965934022e-03
-9.962380355776707663e-01 -8.664975492772006294e-02 -1.271519880973022432e-03
-9.959626921467975569e-01 -8.954214980162979176e-02 -6.367078085053284701e-03
-9.956701427246297254e-01 -9.284921970427226223e-02 -4.473217478046705338e-03
-9.957268877153561126e-01 -9.234142181791608894e-02 -1.023382069736844535e-03
-9.960423909502674755e-01 -8.876482714486087777e-02 4.514578361226608515e-03
-9.959701412590455938e-01 -8.949446396259354286e-02 5.851423959873832889e-03
-9.959667821279055699e-01 -8.962441163369079533e-02 4.201697602158659638e-03
-9.960627000405312126e-01 -8.809722957424206968e-02 9.899308616142552669e-03
-9.966710923814450229e-01 -8.124357502393078634e-02 6.799677840314773125e-03
-9.971972232575367912e-01 -7.439972604537972711e-02 7.899316862099704101e-03
-9.970079045511047733e-01 -7.647823610469801914e-02 1.124002595548977829e-02
-9.968496899003629341e-01 -7.868388474758547524e-02 9.978103492046339756e-03
-9.973266974038448307e-01 -7.295435917820189409e-02 4.140128501766429485e-03
-9.974579334238963257e-01 -7.099217086932781140e-02 6.148439568608610184e-03
-9.978426736247487661e-01 -6.554729803070370731e-02 3.683878499853378112e-03
-9.978194358880715376e-01 -6.600255259586229606e-02 -2.387230200096802576e-04
-9.977015287241010055e-01 -6.773451954739358183e-02 1.927433765365750909e-03
-9.979564681811976534e-01 -6.373761718774527407e-02 -4.519315509501923601e-03
-9.981643619929687627e-01 -6.056309818258279187e-02 -1.951724678895113904e-04
-9.985889116083523920e-01 -5.305299204989512990e-02 -2.363498000664812724e-03
-9.987426747464995813e-01 -5.010985947233392857e-02 -1.446413317917556989e-03
-9.987441286655462935e-01 -5.002725578246637606e-02 -2.731231249703928304e-03
-9.988761970543973412e-01 -4.701553805307254197e-02 -5.991873709757828889e-03
-9.989933342141913419e-01 -4.474894930508953317e-02 -3.141689664389163937e-03
-9.989191629408284978e-01 -4.640965531453419834e-02 -2.582689048319917503e-03
-9.986427921218572479e-01 -5.207245189487986342e-02 -1.026610759085728802e-03
-9.985283667382746087e-01 -5.420032822461653271e-02 1.856246601193769228e-03
-9.986560201124627945e-01 -5.168226427655134986e-02 3.888123788384738842e-03
-9.986668686164804631e-01 -5.147663759997058580e-02 3.829068191870178307e-03
-9.988509278712079942e-01 -4.780283359672329868e-02 3.425411364861229938e-03
-9.986086689437857489e-01 -5.273271205564933339e-02 -8.894666237043834939e-05
-9.987777596868742114e-01 -4.917031014930021982e-02 -5.028695510898474261e-03
-9.987983251433747434e-01 -4.896118446380401390e-02 -2.174520941171562659e-03
-9.988286912542779783e-01 -4.836167621319095722e-02 -1.553781997006112607e-03
-9.987180139304521198e-01 -5.061917303321328276e-02 -2.199596975052875089e-04
-9.987919136907483786e-01 -4.912573046708602897e-02 1.181600796476273705e-03
-9.986402621451322403e-01 -5.199713421647824546e-02 3.734338944633597279e-03
-9.985408503629175092e-01 -5.386329491459296293e-02 3.864718298528934705e-03
-9.987601340663373461e-01 -4.950954773741035597e-02 5.198052634740407685e-03
-9.988226913970248422e-01 -4.849219565727053149e-02 -1.326129179384401106e-03
-9.986378006983392952e-01 -5.217818995740470395e-02 2.317522693510380011e-07
-9.985939413859381553e-01 -5.282847461150171064e-02 -4.394658191177078579e-03
-9.985786743701954293e-01 -5.328110558775261268e-02 1.332453297841592471e-03
-9.986120086042054034e-01 -5.266490582244615776e-02 6.960698332552495279e-04
-9.987092992482570208e-01 -5.066249515538653880e-02 -3.614930217817919223e-03
-9.984191215426287958e-01 -5.619866254552286639e-02 -9.942016278373217407e-04
-9.987585081483506544e-01 -4.981393645432918849e-02 -1.858068486380011833e-04
-9.987277926877121681e-01 -5.036933061615331275e-02 -2.397298871752538175e-03
-9.988013742471040235e-01 -4.874460335362913038e-02 -4.449588834627888484e-03
-9.986363321183602260e-01 -5.153766051663016823e-02 -8.328634590381201949e-03
-9.986980618301869450e-01 -5.029068120683846677e-02 -8.546877231980068435e-03
-9.985344741606151375e-01 -5.359707701688895543e-02 -7.501844415811528138e-03
-9.980386344635420182e-01 -6.238937997804227392e-02 -5.144866533868702393e-03
-9.982079104125817226e-01 -5.971349460878183635e-02 -3.909786094125646677e-03
-9.981119752685398971e-01 -6.122947205837842022e-02 -4.843229518876960606e-03
-9.978982127447714179e-01 -6.467517658695642879e-02 -4.037179587657155691e-03
-9.982952180663224873e-01 -5.804622363379561417e-02 -6.108494666362001072e-03
-9.984999294745554588e-01 -5.463327380945558198e-02 -3.621672479875923112e-03
-9.986664445615748287e-01 -5.111385383059025012e-02 -7.261317123376997626e-03
-9.987810563391651408e-01 -4.858331646870170384e-02 -8.722563997317781329e-03
-9.987863448928618881e-01 -4.786379554566000394e-02 -1.161527438962693497e-02
-9.986509365761321311e-01 -5.052554034991414006e-02 -1.197902028329307471e-02
-9.985726821661737862e-01 -5.273688994305286704e-02 -8.452163479632080964e-03
-9.985348610477348119e-01 -5.347644705150752381e-02 -8.271703555645430750e-03
-9.985376053538620456e-01 -5.286075223178399174e-02 -1.133189129098462027e-02
-9.983950235703946685e-01 -5.492633156428104041e-02 -1.380200157005162000e-02
-9.982722412267890366e-01 -5.838473188760518601e-02 -6.616313959693181229e-03
-9.983930077559206584e-01 -5.661250678345900594e-02 -2.538957736080065496e-03
-9.983516836209382905e-01 -5.738249880234162076e-02 -1.088487388348161750e-03
-9.983052663379935465e-01 -5.817894907544601812e-02 -1.351018012071249219e-03
-9.980470789938274967e-01 -6.238281330161045413e-02 3.229978687250359588e-03
-9.980652704784398477e-01 -6.194027227096339516e-02 5.398017622160131319e-03
-9.983790597767393526e-01 -5.686832347041508723e-02 2.294932338495448212e-03
-9.983683642968002037e-01 -5.674655500281514803e-02 6.360629940596824843e-03
-9.984535710924941077e-01 -5.526544778323494445e-02 6.018022711730595074e-03
-9.984244471561510847e-01 -5.597149549487717007e-02 3.979318268532579771e-03
-9.985601650723440192e-01 -5.334229528988457258e-02 5.675938154929498214e-03
-9.985662844162828122e-01 -5.330763804782559512e-02 4.867377470476524914e-03
-9.984854543796537474e-01 -5.481545149077880069e-02 4.699327904117309336e-03
-9.984716843917734730e-01 -5.503508313370050059e-02 5.045305190089134466e-03
-9.984149208896301309e-01 -5.533695028758260637e-02 1.027072052216846873e-02
-9.987622949176521159e-01 -4.889067523694219652e-02 9.143309458503459664e-03
-9.989752759430891027e-01 -4.422349388701829476e-02 9.628116399012898174e-03
-9.991801085104341507e-01 -4.004102572226128642e-02 5.987231521057753345e-03
-9.991232708420005881e-01 -4.164978280235352714e-02 4.243253103273838915e-03
-9.990661610969199247e-01 -4.309051226261942369e-02 3.167562040136401649e-03
-9.986474586379034957e-01 -5.189082718098524116e-02 -3.258161008132691439e-03
-9.987637247688252451e-01 -4.964790606902954456e-02 -2.475423464642431334e-03
-9.988918758861762281e-01 -4.706406298221754020e-02 -1.204195743717130333e-04
-9.987998398622316421e-01 -4.897761382790179890e-02 -3.057352246284518113e-04
-9.988500466022398605e-01 -4.769557460000851262e-02 -4.872041346408900395e-03
-9.989017643175769345e-01 -4.675176275629742279e-02 -3.091626282439770453e-03
-9.988786776952875979e-01 -4.732298100880993896e-02 -1.393893122734821870e-03
-9.988474990134963427e-01 -4.799655164374924676e-02 -1.579779223352297934e-04
-9.989675724507249832e-01 -4.540927865710793487e-02 1.344191236019041773e-03
-9.988816397659584512e-01 -4.722030918387606219e-02 -2.394247186209500899e-03
-9.988033881949578419e-01 -4.868603061505145241e-02 4.634912012365578760e-03
-9.988962024835636999e-01 -4.677064499341097858e-02 4.347836856363375933e-03
-9.987903209002300109e-01 -4.914362269304373837e-02 -1.679143504183983754e-03
-9.985018890271261105e-01 -5.467848352257308198e-02 -2.064307265504675137e-03
-9.986014399459108848e-01 -5.286668843785030658e-02 -5.456458046214801051e-04
-9.985215104061407887e-01 -5.426438780759344771e-02 3.192147504814613068e-03
-9.985606370216927319e-01 -5.357237812941469807e-02 2.583568372748183944e-03
-9.982566143791606894e-01 -5.890373202265914571e-02 3.755324781940230436e-03
-9.981801564992184295e-01 -6.006807724456996594e-02 5.312393754516482602e-03
-9.980179438960423699e-01 -6.225968194268104161e-02 9.161650137465541036e-03
-9.983284943589317839e-01 -5.695467908267116269e-02 9.818455925949775426e-03
-9.983234879507276727e-01 -5.650481658978688537e-02 1.254748251073862716e-02
-9.984902101870690716e-01 -5.331409255286249232e-02 1.322603183087089906e-02
-9.983497706983581743e-01 -5.644630365657916926e-02 1.056269024148606336e-02
-9.986196838157199718e-01 -5.106120713784877835e-02 1.230855673999716945e-02
-9.985753694486643184e-01 -5.120020641852804366e-02 1.502633508489683786e-02
-9.984039409209630733e-01 -5.206591980377500706e-02 2.187992512692448627e-02
-9.986879068123928338e-01 -4.743399798814894319e-02 1.930028466364276316e-02
-9.987256711165812817e-01 -4.648076094555728816e-02 1.966197048589099841e-02
-9.985696807855632962e-01 -4.919773820222658745e-02 2.093312009554352052e-02
-9.987761424812202637e-01 -4.435820471895744049e-02 2.187663745309136043e-02
-9.988226185287326642e-01 -4.306282225292927535e-02 2.233809394940295887e-02
-9.988415460389434841e-01 -4.253963096997804422e-02 2.249369000602785898e-02
-9.989764380673575861e-01 -3.938802687697556121e-02 2.224140073376334320e-02
-9.990907672867866962e-01 -3.192874743521179060e-02 2.825268860093469586e-02
-9.993376979785077996e-01 -2.669888177012313263e-02 2.472560761599281592e-02
-9.994278659983132362e-01 -2.376878160825157335e-02 2.406254846526763996e-02
-9.996700290133038180e-01 -1.845417142321260223e-02 1.786888304539910322e-02
-9.996297962232136847e-01 -2.285011187622674675e-02 1.477035055728295396e-02
-9.996369356218424151e-01 -2.141171043659374426e-02 1.635713890783679555e-02
-9.996679797037782977e-01 -2.078881732505784286e-02 1.522418554388864712e-02
-9.997634062439433311e-01 -1.771907353756533784e-02 1.261690497477718428e-02
-9.998280746050124401e-01 -1.436824305949466196e-02 1.172156656272146588e-02
-9.998827281870340533e-01 -1.288380731489071652e-02 8.279954346646222971e-03
-9.999334518998451715e-01 -5.488811811839346307e-03 1.014815813667522583e-02
-9.999128066656096658e-01 -1.153596363416144188e-03 1.315556052456546068e-02
-9.999382292740738309e-01 -1.756873185777257668e-03 1.097595252697771036e-02
-9.999420619271903732e-01 1.103570846024635663e-03 1.070866074586967684e-02
-9.999419040668798830e-01 4.529374046925761094e-03 9.782318160025785941e-03
-9.999747388768063239e-01 5.220301817133326389e-03 4.826025314453965750e-03
-9.999807711977680702e-01 4.215245440293454750e-03 4.550758916362155661e-03
-9.999161667549003596e-01 5.209621539081937293e-03 1.185495178540770661e-02
-9.999067319282801680e-01 5.188334539720911368e-03 1.263444521468715283e-02
-9.999118954895150901e-01 5.642448453737855876e-03 1.201601464186815432e-02
-9.997634188041331083e-01 1.291187785173606405e-02 1.750458772682842931e-02
-9.997325680564709272e-01 1.444566726729992583e-02 1.805923114134532284e-02
-9.996188510970180907e-01 2.092685334996782776e-02 1.800666830975587371e-02
-9.996698812267890144e-01 2.304382634483364070e-02 1.136360329752004322e-02
-9.995879508275805625e-01 2.644296016296047297e-02 1.116777759455880696e-02
-9.994589102119575408e-01 2.995369816707861912e-02 1.358983686702307930e-02
-9.993745744628150796e-01 3.154672927579730418e-02 1.597763260512706507e-02
-9.992107721642587981e-01 3.659994192556220022e-02 1.543690298945521629e-02
-9.988335907969282390e-01 4.414683852424831217e-02 1.955851986377919044e-02
-9.988172959136588647e-01 4.596722888662217038e-02 1.584437882657794769e-02
-9.988653281916942683e-01 4.517833112797736000e-02 1.506637400381327825e-02
-9.988601848647754577e-01 4.630918693956716237e-02 1.156768754054842731e-02
-9.986804834462322811e-01 5.014491131523433898e-02 1.108155880197471931e-02
-9.987513537683592180e-01 4.813099620078187257e-02 1.338512641669077283e-02
-9.988998693953748953e-01 4.507997256699359384e-02 1.291774181023931829e-02
-9.989369551155579119e-01 4.432723342468832678e-02 1.265215949976809806e-02
-9.989438489603095217e-01 4.347921166268343268e-02 1.485819065342027304e-02
-9.990530734508072941e-01 4.148992255251904293e-02 1.309823789377130739e-02
-9.987587763474785607e-01 4.802305817306266877e-02 1.321792866441935145e-02
-9.985343095990889539e-01 5.224854055012733561e-02 1.411891214242131515e-02
-9.985236727916645405e-01 5.155532529577586814e-02 1.710393018731822673e-02
-9.984467027707232267e-01 5.083072618981217955e-02 2.281315682469844952e-02
-9.983904939027425929e-01 5.398900214281877885e-02 1.736751143134186715e-02
-9.984880424360428330e-01 5.190236780088246238e-02 1.810509425068728903e-02
-9.984060328433639331e-01 5.454597154235485412e-02 1.449660847243077963e-02
-9.983315835813757477e-01 5.601336542895976600e-02 1.402045658536750852e-02
-9.978305491752594847e-01 6.423103256096934777e-02 1.444266920002617444e-02
-9.977176033848278447e-01 6.549583179960952184e-02 1.642866510996403295e-02
-9.975898207975544274e-01 6.682113786535574806e-02 1.869508304621197992e-02
-9.973891919662893901e-01 7.063608035603066715e-02 1.501216004870074838e-02
-9.973119542720665365e-01 7.214140710851167648e-02 1.282592205319035145e-02
-9.967874130914388120e-01 7.979194595320662775e-02 6.936809576752397087e-03
-9.963947158603784215e-01 8.421403474499693231e-02 1.027557869843726164e-02
-9.961605860138373902e-01 8.721296080823227881e-02 7.616249664496477223e-03
-9.961365163126399969e-01 8.776405547637315674e-02 3.087448851702165840e-03
-9.960434889802333158e-01 8.886671205958096564e-02 3.105191605123173992e-04
-9.962934735583424128e-01 8.601632379615410662e-02 -7.262725768775967188e-04
-9.966146949778632580e-01 8.220033741014801110e-02 -1.508373392159059918e-03
-9.969289701292689543e-01 7.830482845429379002e-02 -1.001628815054957187e-03
-9.971078484260560426e-01 7.585101211273834187e-02 -4.752214878366517806e-03
-9.972179931850444490e-01 7.446639888796591222e-02 -3.324225409881606183e-03
-9.971281083745018314e-01 7.559626020206079711e-02 -4.556522151632268723e-03
-9.968804349608774151e-01 7.876365367890918179e-02 -5.070126801689799935e-03
-9.967025057227792972e-01 8.077213588969439639e-02 -7.745841241926339910e-03
-9.964703589177894560e-01 8.307662706151240639e-02 -1.204652433170466316e-02
-9.969796505046842894e-01 7.696439815123086448e-02 -1.039608971179333159e-02
-9.969807009272327880e-01 7.737233176508340193e-02 -6.559349132294335985e-03
-9.968428244747702394e-01 7.870464930120633917e-02 -1.048724460110102459e-02
-9.972317897040315904e-01 7.381493201226552170e-02 -8.951769521626969095e-03
-9.974554141990239486e-01 6.982314449422030722e-02 -1.440299010262356683e-02
-9.977878754676147155e-01 6.536375857795097277e-02 -1.212252009740928498e-02
-9.981743317884772537e-01 5.910952336718870714e-02 -1.241323815383530565e-02
-9.979745739483933953e-01 6.309321817651102060e-02 -8.125053337875482937e-03
-9.977080065800767450e-01 6.662292852075725469e-02 -1.183806608932544066e-02
-9.978994892935189043e-01 6.314194205035533747e-02 -1.448189409556578135e-02
-9.981914559555343791e-01 5.654835094047720723e-02 -2.039908105432428759e-02
-9.983031955093646381e-01 5.288952598255329540e-02 -2.436081278997051514e-02
-9.985075675702375086e-01 4.853690226135509711e-02 -2.503653265041053122e-02
-9.986440957058339007e-01 4.938004075690141659e-02 -1.648038609338584731e-02
-9.987165770250853170e-01 4.513935507189786173e-02 -2.297082764839226618e-02
-9.990209534035965344e-01 4.112484676040888132e-02 -1.630653548694317723e-02
-9.990975063616928109e-01 4.096722580500344879e-02 -1.121965499155138692e-02
-9.991306786501440440e-01 3.923072341151307568e-02 -1.410173100746677996e-02
-9.990609514602244445e-01 4.044855098168970847e-02 -1.552905241211874343e-02
-9.991774070878680636e-01 3.635435996212944831e-02 -1.796917380436196046e-02
-9.992333088388165585e-01 3.026488782902199415e-02 -2.483652514667892414e-02
-9.993096512998650427e-01 2.630142548636510424e-02 -2.623886022369465235e-02
-9.996185637278244274e-01 1.815818117258274911e-02 -2.080935057943167008e-02
-9.996081638764034993e-01 1.475950497727013776e-02 -2.378439362267545376e-02
-9.995362587994056636e-01 9.810636406339775378e-03 -2.882777222458192401e-02
-9.995495992441797428e-01 8.822499489365745115e-03 -2.868420900443410110e-02
-9.996273286206474040e-01 5.437170843753585947e-03 -2.675187329456989518e-02
-9.996004343587059360e-01 1.247989853371448722e-03 -2.823890702178332920e-02
-9.996026754816246251e-01 2.612243068059940266e-04 -2.818589452520608649e-02
-9.996354264059759132e-01 -1.156248378902834150e-03 -2.697589811334126161e-02
-9.995669436279859266e-01 -3.060037925469973920e-03 -2.926744083438223565e-02
-9.996698437456854602e-01 -2.023831909041030191e-03 -2.561502213137549847e-02
-9.996943066354446739e-01 -7.466678014321830210e-03 -2.357039885170477550e-02
-9.996550792802889607e-01 -1.272263683047976726e-02 -2.297561039381483539e-02
-9.995061004168127594e-01 -1.865552394270928588e-02 -2.528929431324461810e-02
-9.993616148063482196e-01 -2.332873799184218000e-02 -2.705835561174262799e-02
-9.991525918639502235e-01 -2.698792976555944995e-02 -3.107686768730685833e-02
-9.991639502701777920e-01 -3.358679312242026510e-02 -2.330985871796124875e-02
-9.988984810027544681e-01 -3.916412486460445208e-02 -2.584604009785881895e-02
-9.985336912224487271e-01 -4.765658228905564342e-02 -2.567760633398372128e-02
-9.984671884449092261e-01 -5.140208114091510821e-02 -2.052124098816511186e-02
-9.983154599859189737e-01 -5.560207185524569662e-02 -1.657327729103830194e-02
-9.980005789826049689e-01 -5.917031676459941214e-02 -2.222025303433039847e-02
-9.974644430691479435e-01 -6.845864184881456094e-02 -1.944532274544083159e-02
-9.971857920021041100e-01 -7.282359020231976565e-02 -1.781129702554064970e-02
-9.970300224867405525e-01 -7.513475507691681765e-02 -1.690929298552979257e-02
-9.972005628543391120e-01 -7.376664267154345311e-02 -1.222870734277278423e-02
-9.971497340119956920e-01 -7.498560717156305122e-02 -8.341945434335385282e-03
-9.968006920603397214e-01 -7.956248531819683223e-02 -7.629718665275138541e-03
-9.970368465898057364e-01 -7.681763012036703364e-02 -4.074268811821201222e-03
-9.970941461485255397e-01 -7.597364731843746222e-02 -5.593751601662718016e-03
-9.973869180281275115e-01 -7.213674653511403800e-02 -3.955633954983446554e-03
-9.971647884020263808e-01 -7.498782527693610700e-02 -6.263574426537630788e-03
-9.974514124900224488e-01 -7.130482301142493373e-02 2.514693282342756950e-03
-9.972778957946984990e-01 -7.347315171576665471e-02 6.206146869294434237e-03
-9.976462677238057131e-01 -6.821016518957720431e-02 7.022792649359383028e-03
-9.978368630353018354e-01 -6.555336538789340028e-02 4.936881440105781414e-03
-9.979060329673762331e-01 -6.465819538307165937e-02 1.699670315333343552e-03
-9.979483095848339369e-01 -6.402494148980115984e-02 -9.928398180727299183e-07
-9.977833895661457619e-01 -6.639419024200104991e-02 4.487843308564163844e-03
-9.976560327099068815e-01 -6.841294046426607545e-02 1.460043498738192516e-03
-9.973268648001594183e-01 -7.305152189024231857e-02 1.619149746964156393e-03
-9.970816477726898164e-01 -7.613012997954295147e-02 5.693212665504718620e-03
-9.970958825364333311e-01 -7.615023931339601204e-02 9.817276456159781603e-04
-9.969931036306984851e-01 -7.744802320639147808e-02 2.564511000954667989e-03
-9.970497901204716795e-01 -7.637960364582246919e-02 7.608805770207773163e-03
-9.973575108604794126e-01 -7.224160195904702486e-02 7.692089163605606537e-03
-9.973811252621184176e-01 -7.178689137130056519e-02 8.806529567904793077e-03
-9.975749510570399714e-01 -6.956176481762832431e-02 2.323717347142447917e-03
-9.973068011816776934e-01 -7.325596969466281749e-02 3.567764004942011388e-03
-9.969718691220496032e-01 -7.776318009330283887e-02 4.299203071017306324e-05
-9.965387850600233577e-01 -8.309636465652303627e-02 2.337914987602407804e-03
-9.970990511711069759e-01 -7.574904852526008481e-02 7.455609525998738683e-03
-9.970647672467205513e-01 -7.599520174789649307e-02 9.305994793021982875e-03
-9.972332789711860768e-01 -7.357181249161731662e-02 1.063005461898837954e-02
-9.974595185949608478e-01 -7.007424506664781949e-02 1.281137455501421551e-02
-9.974633175858347300e-01 -7.004348411851556155e-02 1.268316910423301913e-02
-9.975383818468182007e-01 -6.967159858218323343e-02 7.941503556134432706e-03
-9.976245639684584443e-01 -6.704980858887971129e-02 1.579794601745092286e-02
-9.977292893087731374e-01 -6.440087330030751234e-02 1.971840313921206789e-02
-9.980271044579499540e-01 -6.016791077835120100e-02 1.793722078083347451e-02
-9.982400755516928070e-01 -5.543299273694783647e-02 2.107030123630466295e-02
-9.981422164821177612e-01 -5.779588690902759396e-02 1.928143860904806342e-02
-9.983922549342053587e-01 -5.354951885379011928e-02 1.858432292162829486e-02
-9.986600365165124726e-01 -4.633517512176143355e-02 2.304790691807511935e-02
-9.988764447815047243e-01 -4.197411335194058124e-02 2.200101902904273016e-02
-9.991098128581226145e-01 -3.614809514778137556e-02 2.174672468428473157e-02
-9.993092116220041454e-01 -2.654195637152337306e-02 2.601244904334705163e-02
-9.994292234673645137e-01 -2.468802759321987728e-02 2.305974769773405306e-02
-9.996233528963033299e-01 -1.665247276741620153e-02 2.181446447466614882e-02
-9.996189850384370468e-01 -1.238111630640351124e-02 2.467014697098364809e-02
-9.997227856846478966e-01 -7.685586806394230364e-03 2.225549142276269515e-02
-9.997077299875585243e-01 -6.506681974233052140e-03 2.328392273180533364e-02
-9.997233664918157015e-01 -6.323880541499654617e-03 2.265441212951212896e-02
-9.997919409633612142e-01 -2.578904612883522931e-03 2.023480501121437125e-02
-9.997456754638366361e-01 2.814766057436944753e-04 2.255057651062064572e-02
-9.995191063790251906e-01 -7.053158654774383928e-04 3.100132125027725560e-02
-9.993892517271117937e-01 6.964216511204378811e-03 3.424393073880888788e-02
-9.991885874353968466e-01 1.153631355943880894e-02 3.858890924364712094e-02
-9.991711367769081642e-01 1.860772012175210613e-02 3.620518994140697194e-02
-9.990024499816406722e-01 2.477637871259528307e-02 3.715184509171182842e-02
-9.985301293583982440e-01 3.540723712830874670e-02 4.103574185411688197e-02
-9.984563501281629172e-01 4.104791361905048980e-02 3.741670056971458519e-02
-9.982659546447377741e-01 4.150489550040789566e-02 4.174267940475364508e-02
-9.978876550229063280e-01 4.934318196142119251e-02 4.225520346533869626e-02
-9.976471687073592554e-01 5.436000705668178612e-02 4.177487598274837871e-02
-9.971357134432340397e-01 6.255366690944035024e-02 4.251389899765671554e-02
-9.970401914059241477e-01 6.772881984446350867e-02 3.638251555187897029e-02
-9.967528471535990198e-01 7.209456520034099314e-02 3.586306037446825024e-02
-9.967680168207389002e-01 7.294698462171021747e-02 3.364939542384570020e-02
-9.965732557543748316e-01 7.455522650525361894e-02 3.582300747129618657e-02
-9.960301269638680566e-01 8.210052570471362832e-02 3.440223272418353739e-02
-9.953599407289205336e-01 8.960832650477902617e-02 3.505652562407670508e-02
-9.946593553852925984e-01 9.704171296560044901e-02 3.515247454775360242e-02
-9.944667551350111490e-01 9.788934515932122549e-02 3.812575021286397636e-02
-9.943293591259850794e-01 9.938224230210609966e-02 3.784599431582648388e-02
-9.938647648687705116e-01 1.038588742440646889e-01 3.802876792716494703e-02
-9.933507167521989922e-01 1.104562381627423318e-01 3.246223489923266703e-02
-9.933526489028867701e-01 1.098729392346223244e-01 3.432893607684866372e-02
-9.926894140580687642e-01 1.169294240911942367e-01 2.992090315062985798e-02
-9.924558612999866414e-01 1.165875394771199031e-01 3.793062741459596321e-02
-9.919691020337663145e-01 1.200506294983433447e-01 3.981419988087827461e-02
-9.909063272657955279e-01 1.268197745354679995e-01 4.496019708537764975e-02
-9.896412828259705252e-01 1.365224760832114692e-01 4.440460286986699923e-02
-9.888226279001128827e-01 1.430284857186291669e-01 4.210328510961197646e-02
-9.877598241820354508e-01 1.503573727228089407e-01 4.151161235800927829e-02
-9.867864342629560914e-01 1.566988194174855353e-01 4.120724322985256510e-02
-9.863305733769643924e-01 1.619039243146519202e-01 3.064544001191175579e-02
-9.855669739009620400e-01 1.656843582179674257e-01 3.473409275521601586e-02
-9.848683219679367218e-01 1.686574165641493428e-01 3.986336885952999898e-02
-9.843442536278110833e-01 1.713270336147179329e-01 4.139398377218802411e-02
-9.835060590891185894e-01 1.760224672189077688e-01 4.161666450667424882e-02
-9.830112445537008137e-01 1.795839358901809013e-01 3.792791784219116946e-02
-9.826151029133386450e-01 1.826863467485451142e-01 3.306481508673943248e-02
-9.808938510301139502e-01 1.922348440265798930e-01 2.988379731916716506e-02
-9.813400117601837058e-01 1.899500163455122292e-01 2.984620910858815437e-02
-9.803191789538205914e-01 1.957380689719767919e-01 2.570873743040629628e-02
-9.794282042117116172e-01 2.001732301878446363e-01 2.551654673092753831e-02
-9.776664212935431975e-01 2.085325283843200428e-01 2.612617001577907314e-02
-9.763831612349750388e-01 2.142042271575928525e-01 2.815128877315374242e-02
-9.752161970956293446e-01 2.197171042016226872e-01 2.603433415105650683e-02
-9.741538090854892085e-01 2.247277950009068104e-01 2.284289479697496419e-02
-9.739002969119665565e-01 2.259083828498486546e-01 2.199176382952612932e-02
-9.728453816971086576e-01 2.307824066091819504e-01 1.764560744751290933e-02
-9.722912296426874379e-01 2.333014753808988762e-01 1.483946357635819273e-02
-9.708019705019523826e-01 2.393112512247420054e-01 1.654335169897473354e-02
-9.708606929107836958e-01 2.392326934450064724e-01 1.404481163603024316e-02
-9.715325869202501297e-01 2.365090245475462150e-01 1.370902065993724606e-02
-9.701958476248545571e-01 2.416275955977147394e-01 1.833428331575776699e-02
-9.697394439236003416e-01 2.437685097095382003e-01 1.350363528160068542e-02
-9.672894572504867616e-01 2.535949698789312645e-01 6.381240565589197701e-03
-9.671269617571256472e-01 2.542204527465104502e-01 6.117543115449635555e-03
-9.667482287195708901e-01 2.556852072625515615e-01 4.791673684669525701e-03
-9.662789218147197490e-01 2.574618362631091451e-01 4.297813716776583554e-03
-9.651906728200569940e-01 2.614249070434824795e-01 8.000396043815987193e-03
-9.641607680100053868e-01 2.651985415275081026e-01 7.985628354797212267e-03
-9.633258311080939995e-01 2.682268330552427527e-01 7.598184209755209743e-03
-9.631514684131838866e-01 2.688906423381229316e-01 6.090534042567587354e-03
-9.641052284112018311e-01 2.654555234259749485e-01 5.873404883047393492e-03
-9.629989019132054739e-01 2.694659704654763233e-01 4.607484879160104324e-03
-9.630787115536827425e-01 2.691455294576142743e-01 6.332658870568094733e-03
-9.641237769193501395e-01 2.653407745385998884e-01 7.722650841955245281e-03
-9.643053155487512074e-01 2.646727204740225159e-01 7.977006384269182473e-03
-9.641860508492777759e-01 2.651714909849992030e-01 5.418754684702624044e-03
-9.631446220167291239e-01 2.689639041286641663e-01 3.298264037751391826e-03
-9.648794289405545621e-01 2.626366772035782504e-01 5.448534279193560301e-03
-9.649767867780546515e-01 2.623298570193824397e-01 1.694180379407527522e-03
-9.649074275243766374e-01 2.625843287600276854e-01 -1.774755695323542055e-03
-9.646100331079733303e-01 2.636699371058062180e-01 -2.381480483399300678e-03
-9.646450200740751546e-01 2.635476826651277360e-01 -1.620914471495852553e-03
-9.649714251303119772e-01 2.623438523373463060e-01 -2.423837081007240712e-03
-9.653849200430524302e-01 2.608176526461876699e-01 -2.476163478538745931e-03
-9.658972653936980235e-01 2.589214685460226595e-01 1.472743394332101143e-03
-9.664121595651886665e-01 2.569862680873664651e-01 -2.370457822319004849e-03
-9.659029074736448228e-01 2.589006169089791420e-01 -1.437747608293958243e-03
-9.661290983085188966e-01 2.580503891191630594e-01 -2.141331291314003960e-03
-9.661882680755833341e-01 2.577673128554792692e-01 -6.022150717579076440e-03
-9.660510379984749152e-01 2.582723844174135142e-01 -6.386757559763684908e-03
-9.662893203031033273e-01 2.572234540845200756e-01 -1.100306504299138760e-02
-9.674158178250769069e-01 2.529600596773325938e-01 -1.085665365479982630e-02
-9.684571939778292560e-01 2.487134736908341859e-01 -1.524122289776832367e-02
-9.701477731739985844e-01 2.421300586606082161e-01 -1.365123560489189293e-02
-9.705055280084020630e-01 2.406670145905209224e-01 -1.408657279923429886e-02
-9.705855057000521979e-01 2.402280892693968717e-01 -1.594567642798546542e-02
-9.709908058591514290e-01 2.382465057060839109e-01 -2.038334739328267337e-02
-9.722768312548938363e-01 2.329675306502174692e-01 -2.009767264825864860e-02
-9.729049722064581074e-01 2.300148115089856726e-01 -2.343341744362138768e-02
-9.747030637407043674e-01 2.224966059308469690e-01 -2.119484164293228626e-02
-9.757207923779490644e-01 2.181852099292544978e-01 -1.908331420274898826e-02
-9.771942264976485326e-01 2.113272094515203925e-01 -2.079129138300721616e-02
-9.780919641012982835e-01 2.068853331409249152e-01 -2.312125217180689002e-02
-9.787920848593878453e-01 2.029768350197920790e-01 -2.768542640020060092e-02
-9.790568921513105316e-01 2.019040067627483892e-01 -2.612274400933166027e-02
-9.796138478929092841e-01 1.995204212614003492e-01 -2.341653845586761512e-02
-9.799588480346707042e-01 1.974171815378492068e-01 -2.659203645073438677e-02
-9.811476408061982069e-01 1.911115060614646255e-01 -2.873539699196591898e-02
-9.821405601888730796e-01 1.853903384254643738e-01 -3.209932089509203584e-02
-9.807997645477908311e-01 1.924863532039470526e-01 -3.131851962390638788e-02
-9.822733287891215470e-01 1.849595871063210717e-01 -3.048085683480538863e-02
-9.832406631772724337e-01 1.795085996620603974e-01 -3.185098031095607435e-02
-9.848988988248927878e-01 1.699842181724960655e-01 -3.285648702472269284e-02
-9.852394244314740535e-01 1.672303846000526839e-01 -3.656910189612676970e-02
-9.864600770982047129e-01 1.593411349123092235e-01 -3.881936735458798443e-02
-9.879440569776576364e-01 1.483478528466641855e-01 -4.426600993544309304e-02
-9.889089273814464232e-01 1.391146370948343758e-01 -5.202188187904756289e-02
-9.896405030026205196e-01 1.344821591578358455e-01 -5.026180230923462527e-02
-9.906072561659970965e-01 1.264545967447797681e-01 -5.202426511117753255e-02
-9.922021086271086698e-01 1.137133647305677703e-01 -5.103206223916906953e-02
-9.930277164133048950e-01 1.088313665371260508e-01 -4.529583976287902131e-02
-9.930051102348976810e-01 1.085409219238809425e-01 -4.647304947087260718e-02
-9.934299337477147107e-01 1.028275146920859112e-01 -5.023439145613854684e-02
-9.938928798209288873e-01 9.408748259481948539e-02 -5.765860241274598647e-02
-9.942970237058503802e-01 9.215891255562937145e-02 -5.366739059466182904e-02
-9.948014285568513859e-01 8.594876458049398316e-02 -5.461641675229959164e-02
-9.957278784185313869e-01 7.655228014648218782e-02 -5.163105392917739789e-02
-9.960851675142923245e-01 7.014405998400877196e-02 -5.379753856398026418e-02
-9.966679037936539975e-01 5.878760695224308913e-02 -5.654318780574914965e-02
-9.974302663407283998e-01 5.152738719427567282e-02 -4.977768000991063951e-02
-9.981867817743218518e-01 3.525669088589319933e-02 -4.878667417101269915e-02
-9.983324809870537386e-01 3.203120866519987286e-02 -4.802378800178021961e-02
-9.983177057200841586e-01 2.879449158178757143e-02 -5.032554901954777726e-02
-9.982204453992811199e-01 2.246218550135862385e-02 -5.523964165263462595e-02
-9.983530556241780873e-01 1.308850776957830656e-02 -5.585599994215344893e-02
-9.985186347104347826e-01 1.716376453928988507e-03 -5.438396375941955546e-02
-9.984242423680261824e-01 1.087889596928359043e-04 -5.611635921216956424e-02
-9.980053753700099950e-01 -1.003030426908390824e-02 -6.232727708229813396e-02
-9.979340069555997506e-01 -2.060297846339138178e-02 -6.085442146152767601e-02
-9.972916589800456810e-01 -2.995649517161353900e-02 -6.717128287614107518e-02
-9.967409008644509960e-01 -4.459719526542677004e-02 -6.722122170702168886e-02
-9.966669527279530261e-01 -5.484042469884265608e-02 -6.039485498894799770e-02
-9.960898035714677023e-01 -6.401590156822908884e-02 -6.088590106368094168e-02
-9.951845553049589732e-01 -7.458671129491625806e-02 -6.359676859108664981e-02
-9.945945584288862218e-01 -8.562918206311989633e-02 -5.873101681782803840e-02
-9.939073371439433036e-01 -9.396283776551758726e-02 -5.761262911915854268e-02
-9.931128665936540534e-01 -1.039345744542822525e-01 -5.407830417394002276e-02
-9.922178459651879168e-01 -1.142614371308619675e-01 -4.947822136841541901e-02
-9.918309883609236488e-01 -1.194358673284191680e-01 -4.479272590416055744e-02
-9.914598087363017953e-01 -1.211573098271186422e-01 -4.825327094533100880e-02
-9.904041040458585465e-01 -1.287447345212291427e-01 -5.024468449605139914e-02
-9.894091525430277478e-01 -1.382405295335341067e-01 -4.426181805219235599e-02
-9.893057776208076248e-01 -1.407350965692374944e-01 -3.831102367832601302e-02
-9.886421792780202278e-01 -1.464267177148499965e-01 -3.385086487859449017e-02
-9.874161204911838796e-01 -1.537027593585326979e-01 -3.721411391376283628e-02
-9.872518862574454213e-01 -1.551969527336007904e-01 -3.532198242616691602e-02
-9.872464297652334686e-01 -1.556573368338518559e-01 -3.339616601286524850e-02
-9.862944974930080155e-01 -1.618040956680844578e-01 -3.228966195770156117e-02
-9.853022086774184674e-01 -1.675768625482494945e-01 -3.312968714627553130e-02
-9.834159133786936069e-01 -1.780570772182113459e-01 -3.447958971562594538e-02
-9.829024810746533891e-01 -1.813940971774488653e-01 -3.160565971309618749e-02
-9.813520587610393697e-01 -1.896078679661572508e-01 -3.157557109126703926e-02
-9.804264073729767048e-01 -1.948193246373545739e-01 -2.845195801664046273e-02
-9.796037846771270541e-01 -1.983534845494396293e-01 -3.213010615608167392e-02
-9.776487991627080820e-01 -2.075961391391210331e-01 -3.326698103919248362e-02
-9.754024125344277207e-01 -2.176847111536436563e-01 -3.469183883100989546e-02
-9.757259183694325655e-01 -2.164378483640841400e-01 -3.337084900051672659e-02
-9.745139626845357173e-01 -2.222494065564111498e-01 -3.045917371052196676e-02
-9.738268022419427350e-01 -2.249885277053121635e-01 -3.227297819336517881e-02
-9.725149341622554289e-01 -2.304301435817248667e-01 -3.341669127065979850e-02
-9.710315285407834507e-01 -2.366682104062484970e-01 -3.295378953153763057e-02
-9.710816138150951682e-01 -2.366252985073837578e-01 -3.176461710667833477e-02
-9.698759013201746493e-01 -2.412857248576351088e-01 -3.349564962393151990e-02
-9.683734114028221818e-01 -2.471960298673243905e-01 -3.386860571635492978e-02
-9.669202692433279678e-01 -2.529170909660469757e-01 -3.313852059989630394e-02
-9.666884145568256370e-01 -2.543494972734458570e-01 -2.863330060332255206e-02
-9.661838489029154209e-01 -2.563534391356408482e-01 -2.777963030077400947e-02
-9.655305460629899361e-01 -2.590039819530655651e-01 -2.584038315287917262e-02
-9.645385122571810133e-01 -2.629311899368106387e-01 -2.307967071581168081e-02
-9.635030947892065933e-01 -2.669677211516728876e-01 -1.974957247939987393e-02
-9.625946380312832007e-01 -2.699525871809342337e-01 -2.317729548977701115e-02
-9.613006020453540579e-01 -2.749917717560684260e-01 -1.675414732183761607e-02
-9.592125803427630215e-01 -2.823310864677495147e-01 -1.415650625992073523e-02
-9.586226490392236732e-01 -2.844216121040798462e-01 -1.212380428975340201e-02
-9.582982637895166578e-01 -2.854129953671237230e-01 -1.427876137782305675e-02
-9.569719142248093169e-01 -2.898924986889606648e-01 -1.292740961956866802e-02
-9.564514812461278881e-01 -2.911985688376651504e-01 -2.009927723138394545e-02
-9.560167528221121813e-01 -2.925871758582901938e-01 -2.060913065963571392e-02
-9.558059958831569558e-01 -2.934088602141070590e-01 -1.860543996339537876e-02
-9.550510453627447660e-01 -2.957827515705116483e-01 -1.975064712263955788e-02
-9.540286761739760202e-01 -2.988753432498653662e-01 -2.242404339728895288e-02
-9.537277179068611721e-01 -2.996086495363565194e-01 -2.526105157629216988e-02
-9.517535924428418559e-01 -3.060234974195817914e-01 -2.268791866271350002e-02
-9.522495105960256945e-01 -3.045365738449122284e-01 -2.187162811463718576e-02
-9.499184123288511028e-01 -3.118864545146887157e-01 -1.954156039342066012e-02
-9.492661272830422714e-01 -3.141327254501988797e-01 -1.464491684282396081e-02
-9.474380044737230611e-01 -3.196001911916466764e-01 -1.472985626534564600e-02
-9.458590771081614168e-01 -3.242454951525651219e-01 -1.467952045571714777e-02
-9.447902800702245862e-01 -3.275913137131471475e-01 -7.435126286482101297e-03
-9.433684072436411272e-01 -3.316042528466068839e-01 -9.730929250982255085e-03
-9.425434364218169270e-01 -3.339655717695451664e-01 -8.882037961402505094e-03
-9.419419091864010829e-01 -3.356891941770484555e-01 -7.630719985358990799e-03
-9.429940074433279529e-01 -3.328072528273480213e-01 -1.287574291791675554e-03
-9.428006595862008510e-01 -3.333398915663236539e-01 -3.384735943208431758e-03
-9.428043091314315394e-01 -3.333382293228693838e-01 2.383915458989326486e-03
-9.436000238245016991e-01 -3.310161662846750064e-01 6.878683290656460725e-03
-9.447471986021693802e-01 -3.277409686793845145e-01 6.213836512471893406e-03
-9.438250152748329791e-01 -3.303759309014654977e-01 6.790316304367538351e-03
-9.438158866868787689e-01 -3.303900422979060281e-01 7.349527947061673672e-03
-9.436166824403432463e-01 -3.308913279061675428e-01 9.925185418867348355e-03
-9.432972731573376901e-01 -3.315864568353461550e-01 1.551449808364349994e-02
-9.440624198977228820e-01 -3.295992427718685280e-01 1.051237622468157232e-02
-9.445473469231028263e-01 -3.281094016579137462e-01 1.321187082190735870e-02
-9.447796235954460942e-01 -3.273120367301469713e-01 1.607224383301296411e-02
-9.450878327752862962e-01 -3.262535644915395827e-01 1.917351283043793389e-02
-9.449523149623986207e-01 -3.265233857851825294e-01 2.115714021189851746e-02
-9.470345063484035819e-01 -3.203403235890466827e-01 2.253318658096368707e-02
-9.492365161574577437e-01 -3.137299004640775046e-01 2.288251697223096445e-02
-9.504995453224458490e-01 -3.095422563494992230e-01 2.709667331260290704e-02
-9.515422397138451061e-01 -3.063290684431489996e-01 2.701650777331524728e-02
-9.522867852032281810e-01 -3.036630532982816377e-01 3.063743919658375864e-02
-9.524210081020443308e-01 -3.035595499243578521e-01 2.731019728357649001e-02
-9.519153720080911762e-01 -3.051199691760651533e-01 2.754909878349445090e-02
-9.529672095236031426e-01 -3.019370127407980386e-01 2.622139940101572350e-02
-9.529823922443365625e-01 -3.017479862046889560e-01 2.779814336151290033e-02
-9.531892329621075577e-01 -3.011526179415260907e-01 2.715530796331648566e-02
-9.548456218141269103e-01 -2.956115656288273441e-01 2.972649873942660378e-02
-9.564480700886495157e-01 -2.902999296621094349e-01 3.054609710710199863e-02
-9.584348129799833416e-01 -2.832023785733948640e-01 3.462869059838261099e-02
-9.597329386313211419e-01 -2.786555908780813384e-01 3.554957616765725553e-02
-9.592038897704320277e-01 -2.800344504025404357e-01 3.884106909821199299e-02
-9.605426621433161838e-01 -2.755262714283003289e-01 3.798805256890471632e-02
-9.622778020727184023e-01 -2.680775104152624544e-01 4.643171820736070876e-02
-9.635805570208509918e-01 -2.638383530876391991e-01 4.361029637712252049e-02
-9.651545475347734770e-01 -2.578658733194387764e-01 4.451870580064442445e-02
-9.668273095098616210e-01 -2.514797737191737936e-01 4.475378665151182045e-02
-9.689497667728947938e-01 -2.431353872573749908e-01 4.496173227691422497e-02
-9.706465181673927800e-01 -2.355276108658131695e-01 4.870426917930922167e-02
-9.729552965293645217e-01 -2.249981330060177032e-01 5.228628689220240350e-02
-9.749552281580884383e-01 -2.158623722886229279e-01 5.353283195223949159e-02
-9.756621965644771688e-01 -2.122835115856276378e-01 5.494555230455532013e-02
-9.780101933686574656e-01 -2.022073523686090113e-01 5.107125291748752793e-02
-9.801648614704472351e-01 -1.903493602307075594e-01 5.517236762430444835e-02
-9.813220345686295421e-01 -1.847385771962919143e-01 5.365395866985050305e-02
-9.828864960744476686e-01 -1.764197591916779884e-01 5.301159381578071650e-02
-9.836658427849646058e-01 -1.712474796356596440e-01 5.546021284774735327e-02
-9.854389362338521474e-01 -1.583301070695985191e-01 6.198149346390123549e-02
-9.868209422983045265e-01 -1.489042123668429807e-01 6.334026178154023023e-02
-9.881031586793257437e-01 -1.383817939987355694e-01 6.710180794320580455e-02
-9.891111687392114549e-01 -1.298198141481135270e-01 6.932486996810870161e-02
-9.905184127491916124e-01 -1.193343735759444385e-01 6.806325776232580171e-02
-9.920747103399606415e-01 -1.076451179071682140e-01 6.480990075631523628e-02
-9.926803032549413874e-01 -1.033449869819547395e-01 6.249523772770821523e-02
-9.938167254423735386e-01 -9.140427291531032228e-02 6.303650333217866719e-02
-9.944333490478919346e-01 -8.602096027138667056e-02 6.085009686085121605e-02
-9.952713117506892804e-01 -7.379998472934327924e-02 6.315539727958460747e-02
-9.953124599213761803e-01 -6.928421430039473361e-02 6.747466780541880316e-02
-9.961516300648729505e-01 -5.969305064194287830e-02 6.417706399806907824e-02
-9.966620719432150999e-01 -5.115430650102124888e-02 6.362371542944059155e-02
-9.971481680442190187e-01 -4.164601782670569741e-02 6.293779483187328383e-02
-9.974775583426468417e-01 -3.539026019567063225e-02 6.153109740892028640e-02
-9.977252657310080597e-01 -2.781429985153468371e-02 6.140590120306684691e-02
-9.978480080266050045e-01 -2.246430579398911095e-02 6.160140992862472159e-02
-9.980384650700104832e-01 -1.066042335899729937e-02 6.168957351944969608e-02
-9.979711475308704616e-01 6.524423618709768863e-03 6.333282391025538138e-02
-9.976183450096262062e-01 1.798062461406648577e-02 6.659099822232898702e-02
-9.976938453678572127e-01 2.177599061175659184e-02 6.428703849504589785e-02
-9.971797558849614385e-01 3.061415399645128765e-02 6.852251108005924518e-02
-9.970308508055133467e-01 3.780311588252860400e-02 6.708526963100858165e-02
-9.969132818293041653e-01 4.433677758023899657e-02 6.479340263985934600e-02
-9.962050761148973921e-01 5.739171498238986036e-02 6.543442357909536045e-02
-9.954744586167320053e-01 6.849224869325480636e-02 6.587443010334591287e-02
-9.944564903265380451e-01 8.071099343519225200e-02 6.739474024835151456e-02
-9.934412796405904800e-01 9.019588141779891211e-02 7.027911217903942687e-02
-9.920982619830617244e-01 1.059224281082498526e-01 6.724213072848699013e-02
-9.911422043483710809e-01 1.154711621756472073e-01 6.560158293830757603e-02
-9.897452476499495333e-01 1.267207325099362070e-01 6.592592008877784515e-02
-9.887186622400843117e-01 1.337511977847912203e-01 6.742440464828391988e-02
-9.875722971214769830e-01 1.427966097708029403e-01 6.565144658619248563e-02
-9.859412878183945184e-01 1.536579611319954797e-01 6.564323422408603614e-02
-9.853732681678871730e-01 1.568150192803641485e-01 6.669781383731115953e-02
-9.835216107440321043e-01 1.684564070864029983e-01 6.563311938757415698e-02
-9.820834682088876999e-01 1.764367916371830380e-01 6.619778168129267226e-02
-9.807588799937334567e-01 1.840256017819354994e-01 6.516612192708309825e-02
-9.789833382876643730e-01 1.944939280129066583e-01 6.134950121074968926e-02
-9.759367801351824800e-01 2.100718904856208324e-01 5.845705784492971624e-02
-9.748177777348733253e-01 2.154343483371596035e-01 5.760527195933635991e-02
-9.738465675827786550e-01 2.202954157677326497e-01 5.561311116562218243e-02
-9.728102854143946265e-01 2.262273586394315805e-01 4.961205618519407695e-02
-9.711019253344858049e-01 2.342629701182168678e-01 4.562824364083364892e-02
-9.698349090659256211e-01 2.398616897183704078e-01 4.343551583769906382e-02
-9.684817379433428020e-01 2.454845606635327471e-01 4.219571991855639720e-02
-9.659480465187808562e-01 2.555191260196548186e-01 4.067397880143726330e-02
-9.656784842848877837e-01 2.567065748907569889e-01 3.958313117122772007e-02
-9.637289701034768008e-01 2.643031820906084906e-01 3.701790062076461274e-02
-9.606071862039725628e-01 2.758247424364600464e-01 3.397895892286525998e-02
-9.593864332413433171e-01 2.805249974990694506e-01 2.972241413532517029e-02
-9.579610526482038591e-01 2.853530541219212457e-01 2.973685465161710756e-02
-9.548626833260005498e-01 2.956560017469683221e-01 2.871948783891495674e-02
-9.535934513364376919e-01 3.000584688814208478e-01 2.498938017793170263e-02
-9.507671997308279055e-01 3.090253009878446977e-01 2.334779400096828259e-02
-9.494606576589571523e-01 3.131888902822749232e-01 2.090939531697090514e-02
-9.482046294706262257e-01 3.172588799130258708e-01 1.596270127046724857e-02
-9.469169628133953243e-01 3.212388949746798894e-01 1.240410940756733922e-02
-9.460380932718149838e-01 3.238768186766338153e-01 1.075901638253984327e-02
-9.460905790653483249e-01 3.238376846931111941e-01 6.464845413808082732e-03
-9.442133562875963948e-01 3.292932730763885041e-01 5.205970564775788505e-03
-9.441828070901929770e-01 3.294140441336193548e-01 2.288743067379188801e-03
-9.457364683267324157e-01 3.249341559887870545e-01 5.923399904547781928e-04
-9.456069260277577548e-01 3.253114470289276694e-01 1.673257125643838692e-04
-9.450744958022677666e-01 3.268547916272479537e-01 4.082825391490977544e-04
-9.447972982514374340e-01 3.276463927024049205e-01 -2.435299254297234890e-03
-9.456824696056530533e-01 3.250619043002175301e-01 -4.410124414228677042e-03
-9.464925906392678279e-01 3.226368792558090282e-01 -7.565989946628064525e-03
-9.467049163624776664e-01 3.220726746191013290e-01 -4.360940172145410555e-03
-9.491604020333731517e-01 3.144562469985081044e-01 -1.455419342407702349e-02
-9.501811160489136432e-01 3.112918966418514177e-01 -1.591308937535204290e-02
-9.503837426470893579e-01 3.103076432015089425e-01 -2.190737263392364756e-02
-9.519594180307944242e-01 3.051311959504111049e-01 -2.585042545890524693e-02
-9.513475617477180624e-01 3.070333840049757068e-01 -2.585232444457049097e-02
-9.530568869440633195e-01 3.013220490339163504e-01 -2.979291721145030034e-02
-9.547938691305214443e-01 2.950129826026846591e-01 -3.655177972098500039e-02
-9.556945113910716438e-01 2.911891413175621279e-01 -4.309187983569785774e-02
-9.569747927398808418e-01 2.865782426085857204e-01 -4.552122830972687995e-02
-9.582556864193627622e-01 2.814093749172708603e-01 -5.054531222721645595e-02
-9.588927596894090133e-01 2.794042261797053950e-01 -4.957801162596108674e-02
-9.598286977403523990e-01 2.767027280066142181e-01 -4.652415209012660674e-02
-9.625035574416199724e-01 2.668710368387353649e-01 -4.864953411984805631e-02
-9.634329457266873620e-01 2.626244592848113180e-01 -5.315428560198890567e-02
-9.654846422017123730e-01 2.539531255991254177e-01 -5.785535074883760981e-02
-9.669212460322835767e-01 2.481364546330043219e-01 -5.909001468882417452e-02
-9.696807371540228093e-01 2.374552749394891193e-01 -5.774327901664247364e-02
-9.722239442174339663e-01 2.263774884263488885e-01 -5.944628637670972687e-02
-9.746500942451722382e-01 2.154540477777206475e-01 -6.030566329391268132e-02
-9.765953752313671909e-01 2.065617092264385446e-01 -5.994797158082651456e-02
-9.787302939031471416e-01 1.970889201897301213e-01 -5.694730083716473268e-02
-9.813030413037948652e-01 1.837928610954899511e-01 -5.713625018899286950e-02
-9.839241014406997499e-01 1.678551031985254516e-01 -6.097583797705783543e-02
-9.854669339505699455e-01 1.580812452670786739e-01 -6.217127891171846804e-02
-9.865299703970360490e-01 1.501877627935377379e-01 -6.482499143620229498e-02
-9.872591840776382410e-01 1.448284306877428151e-01 -6.590944750569044386e-02
-9.887489417535498815e-01 1.337023083580169414e-01 -6.707644271882479137e-02
-9.908332493958865728e-01 1.208311528864644963e-01 -6.040968780666840232e-02
-9.919059563304846172e-01 1.121617240493634482e-01 -5.951762286516749240e-02
-9.927712466051366036e-01 1.050299044550401378e-01 -5.808611724149001510e-02
-9.936757639292973510e-01 9.710710246873921481e-02 -5.638007368198307001e-02
-9.949002619823000826e-01 8.826272795390230352e-02 -4.881787678321262980e-02
-9.953525570541305045e-01 8.239847633734835586e-02 -4.983777497434645209e-02
-9.957126539391468745e-01 7.988932284381818072e-02 -4.662652068246931486e-02
-9.965854868973715863e-01 6.952510143105837537e-02 -4.453821848261298177e-02
-9.969458106951541998e-01 6.135961277142294723e-02 -4.831225440009328381e-02
-9.978689020476348981e-01 5.123332959892663158e-02 -4.040823086228904210e-02
-9.979425191091080283e-01 4.941321177038641987e-02 -4.085447247838711049e-02
-9.980905582099598439e-01 4.633796590117868902e-02 -4.084183385778773073e-02
-9.982690578990434105e-01 4.054492437825030909e-02 -4.260307612698937402e-02
-9.982932832057561656e-01 3.764561365521331554e-02 -4.464698729426353624e-02
-9.982479399738162229e-01 3.450957844648027545e-02 -4.806417033064511179e-02
-9.983663978774098835e-01 2.776607644522951363e-02 -4.993601701960547617e-02
-9.986169898016037383e-01 2.407802883892923296e-02 -4.673736575806439197e-02
-9.987706041629700326e-01 2.003171602029655066e-02 -4.534353033777734771e-02
-9.986999930447169049e-01 1.548041185989420046e-02 -4.856651190099695731e-02
-9.988374146404720433e-01 1.008011894375267573e-02 -4.714059406648996725e-02
-9.992037805314645249e-01 6.695356429525735689e-03 -3.933194961865207895e-02
