1.000000000000000000e+00 0.000000000000000000e+00 0.000000000000000000e+00
9.999611848477827358e-01 1.994183260886054254e-04 -8.808468166118573611e-03
9.998647801448139472e-01 -8.722818216425592529e-04 -1.642134761851789942e-02
9.997743748011962417e-01 3.610513231884621838e-03 -2.093236554645418190e-02
9.995524971563545247e-01 6.924533212014558764e-03 -2.910080484758423638e-02
9.992922701521321782e-01 1.868329496482443869e-02 -3.264803386835483240e-02
9.990132715927045881e-01 2.649091751360906077e-02 -3.564709421257904881e-02
9.983944879883018819e-01 3.869520040785177917e-02 -4.136579416563558598e-02
9.980098626137219320e-01 4.600462564870055893e-02 -4.312643941730734398e-02
9.978176183004726640e-01 5.283622081318593150e-02 -3.960221478193765021e-02
9.972131652749276487e-01 5.940473857446247619e-02 -4.513293113691701358e-02
9.963674398386188624e-01 6.828485622564114954e-02 -5.088324994963063647e-02
9.954904243345129577e-01 7.554253766285486116e-02 -5.737719345076779803e-02
9.941810311255384613e-01 8.692446769799888617e-02 -6.362559875762663353e-02
9.923698878016078417e-01 9.946232386122738633e-02 -7.286463995247471903e-02
9.907267962298131891e-01 1.110117290691129271e-01 -7.833782960811640217e-02
9.889150630050511648e-01 1.242700704719520016e-01 -8.126470487460546455e-02
9.854178540449758383e-01 1.450195796976087859e-01 -8.899989276292130658e-02
9.819921239058275741e-01 1.609421459888308314e-01 -9.893988944968189203e-02
9.785183039041334130e-01 1.769628794489100376e-01 -1.057642500538631958e-01
9.736543426535678725e-01 1.990920111555882777e-01 -1.111737406690785912e-01
9.701411592523795369e-01 2.164017210636753619e-01 -1.095282367605692059e-01
9.650296878828690250e-01 2.370623072629554628e-01 -1.118891095668983066e-01
9.605502762574813502e-01 2.541739505143062461e-01 -1.128661984747053870e-01
9.552529546013339701e-01 2.723104290821635742e-01 -1.154938634570686073e-01
9.488915230968981707e-01 2.917475896198559182e-01 -1.203670710041278014e-01
9.417887997699609937e-01 3.120095005707553271e-01 -1.252355369764514559e-01
9.344305403414787659e-01 3.317847844859599382e-01 -1.294543708392654202e-01
9.266505378581426644e-01 3.532973696015310749e-01 -1.284513962152546152e-01
9.177624998339467544e-01 3.735111036238889515e-01 -1.349127958741453970e-01
9.088474977690462753e-01 3.949182358127684700e-01 -1.342975271650623803e-01
8.993036574792830917e-01 4.156123693294441757e-01 -1.360856477384688179e-01
8.937377330567132239e-01 4.267149843352293637e-01 -1.383734083535073656e-01
8.830863639925153885e-01 4.470369187830494084e-01 -1.425358939107090883e-01
8.696718403904527550e-01 4.715452231926487991e-01 -1.460000259534331712e-01
8.592310612115088286e-01 4.896492011021179591e-01 -1.482081606312251887e-01
8.477491208923443322e-01 5.078217915183168563e-01 -1.530962833932398570e-01
8.345152258469918927e-01 5.266619973315829206e-01 -1.618996444764130849e-01
8.204689965103600935e-01 5.483426070989515511e-01 -1.617127931664024409e-01
8.076397202996953295e-01 5.670962408171258406e-01 -1.616166831658722436e-01
7.938783667388388254e-01 5.851821230970062349e-01 -1.652847191201900490e-01
7.779241125040843308e-01 6.060192951107511439e-01 -1.660563336247743715e-01
7.627687719499073316e-01 6.255204614849603217e-01 -1.640364875364714592e-01
7.492561169170491864e-01 6.410428450523889543e-01 -1.663711473193036638e-01
7.296992233505407155e-01 6.616271097907998611e-01 -1.725938279083953364e-01
7.120776363083038962e-01 6.815630831726883221e-01 -1.685740832695103719e-01
6.961300341628264832e-01 6.979505989650510722e-01 -1.681307673958640503e-01
6.782255821831155718e-01 7.164052079222562597e-01 -1.636265715919185681e-01
6.568830260183824432e-01 7.358209479431493394e-01 -1.645364396579750699e-01
6.347572657331004287e-01 7.553597355643549838e-01 -1.628339661469499211e-01
6.162211840695646092e-01 7.717431898892379571e-01 -1.571111639774359636e-01
5.930414371911246763e-01 7.898667661729762424e-01 -1.562445581102717418e-01
5.705194290581410144e-01 8.069001467065826105e-01 -1.530351292255952567e-01
5.499888727774917552e-01 8.206119271417560146e-01 -1.552685464394802095e-01
5.302992551376282115e-01 8.334350010094822014e-01 -1.554632295423061528e-01
5.085190885418383600e-01 8.478765694301158007e-01 -1.500455808640676070e-01
4.835768207966286147e-01 8.622206690461422518e-01 -1.507613776748228107e-01
4.595243020319350058e-01 8.760934369843798031e-01 -1.459373890984610733e-01
4.369485090537132410e-01 8.866732793514434663e-01 -1.512828901705904339e-01
4.134489560110458095e-01 8.974630896118996892e-01 -1.536879316518875160e-01
3.955211439313979782e-01 9.056196730085263047e-01 -1.530230355138612608e-01
3.747553879119351339e-01 9.157368106894876458e-01 -1.448603131244215192e-01
3.489158630446589360e-01 9.260291084132830086e-01 -1.439716231028359272e-01
3.286667900255346719e-01 9.339283403614844215e-01 -1.405560868792348761e-01
3.065845227376214344e-01 9.418107524691368138e-01 -1.378348799124611279e-01
2.862952560144748082e-01 9.481944308739957972e-01 -1.377039027012637307e-01
2.668848821358589252e-01 9.533897480987553186e-01 -1.407851733055191790e-01
2.497384235156847598e-01 9.584770636087445173e-01 -1.376679177848550983e-01
2.258382803477531064e-01 9.648513234467576138e-01 -1.343838235289602778e-01
2.105231995244150889e-01 9.689359945378075434e-01 -1.297807311178859335e-01
1.912540125755501919e-01 9.732242939167546902e-01 -1.275005634861743065e-01
1.752820123008095310e-01 9.760753440387320845e-01 -1.286590698196825311e-01
1.545599529490491175e-01 9.800347381564379345e-01 -1.250725796280423852e-01
1.371662322655001764e-01 9.825833577283084042e-01 -1.253610269029549196e-01
1.162008550530837792e-01 9.856132544135348672e-01 -1.227350455387821310e-01
9.956179806043152780e-02 9.873257737611272900e-01 -1.235932128347139725e-01
8.274446277562502727e-02 9.891710842426048034e-01 -1.212185524460275832e-01
7.047599893941226823e-02 9.900070028869405458e-01 -1.221445262043442670e-01
4.996064948555500179e-02 9.911870791053307705e-01 -1.226871027510250955e-01
3.046394657870022185e-02 9.915023618986303910e-01 -1.264714661874344059e-01
9.850793812670382427e-03 9.915159543648748297e-01 -1.296113093113416548e-01
-9.122797230977034572e-03 9.918310005422360520e-01 -1.272323008979140413e-01
-2.753024404702776942e-02 9.921843799745219128e-01 -1.217056259917974337e-01
-4.120713410579961156e-02 9.915815621413502923e-01 -1.227517629589750803e-01
-5.543468814845402270e-02 9.912247419866374587e-01 -1.200021832736975214e-01
-7.469155942170856155e-02 9.898631029606536069e-01 -1.207982867825587031e-01
-9.681176724446279025e-02 9.884234925186616838e-01 -1.168182289055383488e-01
-1.116611110880533497e-01 9.863189871533797337e-01 -1.212710575115266420e-01
-1.379191858209047328e-01 9.833412386864943677e-01 -1.183990033794090208e-01
-1.532161529938200761e-01 9.809057744418068214e-01 -1.197860160121742429e-01
-1.739437750210586220e-01 9.766251524022192543e-01 -1.262810086692581490e-01
-1.910326514446201163e-01 9.739496200558285244e-01 -1.221829856711438705e-01
-2.065734169500187678e-01 9.705272119051585600e-01 -1.241143536344831572e-01
-2.239558547285911416e-01 9.669571635363478634e-01 -1.218098410559069894e-01
-2.411909981404410097e-01 9.630646223333214628e-01 -1.197224035737675385e-01
-2.603527990968434458e-01 9.580958061760920241e-01 -1.194523524938045644e-01
-2.752776336980367611e-01 9.535091974757144984e-01 -1.226476785027562355e-01
-2.921573480375487253e-01 9.476436682988449434e-01 -1.289014369704676588e-01
-3.110845914403847501e-01 9.415775888460449217e-01 -1.290660284060329843e-01
-3.329073464030376517e-01 9.332516648060870113e-01 -1.349594272878270884e-01
-3.475665968035203113e-01 9.284842490110544189e-01 -1.308223153735286748e-01
-3.623975110339491823e-01 9.228895865500917894e-01 -1.301647923158463227e-01
-3.855890915620562853e-01 9.130901260447346068e-01 -1.326178422718435335e-01
-4.005918815622595552e-01 9.064668569060175818e-01 -1.335814343498350765e-01
-4.210221095729818064e-01 8.962879883955983118e-01 -1.393134657203838611e-01
-4.382560226314823892e-01 8.874773046623973816e-01 -1.425331838832581133e-01
-4.588178548160289916e-01 8.763006782381105308e-01 -1.469126040862575588e-01
-4.737330234899985726e-01 8.678379436061264274e-01 -1.497809794636339453e-01
-4.952416813881436730e-01 8.542432804917950984e-01 -1.581268791025227383e-01
-5.198726874047102653e-01 8.393234610208755164e-01 -1.589607868856801054e-01
-5.358160599098590327e-01 8.281036023310173189e-01 -1.647591819158008564e-01
-5.532270893949169377e-01 8.161594040511868098e-01 -1.668041637772649244e-01
-5.711200749613056793e-01 8.040242580079038914e-01 -1.654293412922379913e-01
-5.925890741615449375e-01 7.865758385734074043e-01 -1.735991179546748364e-01
-6.121135412516529595e-01 7.706878217608124082e-01 -1.770799487359452917e-01
-6.289625750648490943e-01 7.564954479407201005e-01 -1.792225729873256346e-01
-6.500993570865341020e-01 7.383153787956641123e-01 -1.796141464591486936e-01
-6.686455222250735630e-01 7.200459050589593790e-01 -1.855992300916811666e-01
-6.905863819279006721e-01 6.990333839108420211e-01 -1.855876916140698218e-01
-7.095105745724371582e-01 6.785590393331203396e-01 -1.901378152729356341e-01
-7.272948696008261216e-01 6.579549502243331460e-01 -1.952881724138208763e-01
-7.442595020841047404e-01 6.367548813565208077e-01 -2.015465921563089902e-01
-7.599726670666189232e-01 6.179094759384357038e-01 -2.015674552548059328e-01
-7.762066869070347597e-01 5.975173517498588716e-01 -2.011869968091276606e-01
-7.902905848629869778e-01 5.772154071101898154e-01 -2.055801055259408039e-01
-8.071010398372867600e-01 5.554433844741122339e-01 -2.001763507635991035e-01
-8.235305813882850545e-01 5.306384128378056619e-01 -2.005499181092015859e-01
-8.404867480129615265e-01 5.031799683116540134e-01 -2.009775093784240962e-01
-8.529930910380697506e-01 4.819482554432066856e-01 -2.003214392265001975e-01
-8.658836110987311319e-01 4.611572630879747781e-01 -1.938544925296317722e-01
-8.780344448875535557e-01 4.374188775037335386e-01 -1.942170248550304790e-01
-8.898004532799280719e-01 4.132954036633242345e-01 -1.934995506622423922e-01
-9.038195187632832583e-01 3.868939110504321377e-01 -1.828206498636133215e-01
-9.144278001325970573e-01 3.638563170874735686e-01 -1.772861794511397249e-01
-9.236409787825329287e-01 3.420681717723043636e-01 -1.728488296239126254e-01
-9.310575830933569552e-01 3.218972749008494616e-01 -1.717961898343126625e-01
-9.387495907928120609e-01 3.014599700227772461e-01 -1.669464013592249219e-01
-9.453751845095789141e-01 2.836668848942313637e-01 -1.606202565727995468e-01
-9.503970504954690757e-01 2.691866963777023170e-01 -1.558331685409162226e-01
-9.559782994255631161e-01 2.497564969100195542e-01 -1.540363293880981088e-01
-9.609191279489320836e-01 2.327050003833992797e-01 -1.499427211551565275e-01
-9.657622750278227475e-01 2.173433576712117676e-01 -1.416513309654769959e-01
-9.706987076403487125e-01 1.968655440130015477e-01 -1.377968883015964763e-01
-9.750859250689724034e-01 1.786622310841768091e-01 -1.314809904335049462e-01
-9.782255810791342654e-01 1.635015226266563482e-01 -1.278357119213686943e-01
-9.811841942622285817e-01 1.494344281871822777e-01 -1.222576505032089561e-01
-9.844354457347080922e-01 1.341772293313502340e-01 -1.135047500735419379e-01
-9.871480344794387740e-01 1.163117279987523067e-01 -1.095917141436633935e-01
-9.888706285061469314e-01 1.019413728366033306e-01 -1.083643868191316167e-01
-9.906835543523522247e-01 8.922692401891642311e-02 -1.028817512341088647e-01
-9.924644174256277429e-01 7.695080436387560785e-02 -9.535699807776643055e-02
-9.938559361527472547e-01 6.222159828463767056e-02 -9.153608079672563569e-02
-9.948583723525837863e-01 4.757334822978531719e-02 -8.940692648367776219e-02
-9.956045430504508742e-01 3.327851216051982280e-02 -8.754505876484332261e-02
-9.964353498948040899e-01 2.716548644412239422e-02 -7.986634074515788773e-02
-9.968971782163987827e-01 2.091924141738532236e-02 -7.588414741008789322e-02
-9.975706927204635033e-01 1.129869099866861321e-02 -6.873903218364256495e-02
-9.979566605654801581e-01 -1.910174916886674817e-03 -6.386592802782067868e-02
-9.978452343039789785e-01 -1.323493087977025383e-02 -6.426295127033154753e-02
-9.980464388161801592e-01 -1.787523438285582023e-02 -5.986471268063822682e-02
-9.980915615902417048e-01 -2.100872834070578732e-02 -5.806780406242308817e-02
-9.982609791039411817e-01 -2.603975931609522898e-02 -5.288620185814750518e-02
-9.980709472848888764e-01 -3.611553342623685658e-02 -5.049806211322749316e-02
-9.976257406705067998e-01 -4.356846577465308540e-02 -5.333547003894732047e-02
-9.973039357674003957e-01 -4.592160671656941862e-02 -5.723694462398364741e-02
-9.965581495919996202e-01 -5.620074571956189258e-02 -6.093712294385575379e-02
-9.963270340143440817e-01 -6.549890978649447471e-02 -5.515737229236408745e-02
-9.959692000804101220e-01 -6.973736647113754072e-02 -5.640969663469951045e-02
-9.955265739462105801e-01 -7.494090809323471214e-02 -5.753870506041722926e-02
-9.951842093137459599e-01 -7.938436935540942041e-02 -5.750228823605738754e-02
-9.933708317717753200e-01 -9.813899345027146670e-02 -5.985925359327979450e-02
-9.926079468388995242e-01 -1.083438220090380405e-01 -5.469078074354127156e-02
-9.918301675039364884e-01 -1.135417731321206464e-01 -5.814796673945019784e-02
-9.915158238509429456e-01 -1.181679567525152907e-01 -5.415446869257311419e-02
-9.906535340849675908e-01 -1.241010304840714923e-01 -5.660840184008341519e-02
-9.898250293858812388e-01 -1.309690154913030202e-01 -5.561950798718685862e-02
-9.888947883721151966e-01 -1.376567211858682194e-01 -5.601540976540609479e-02
-9.880475415991724075e-01 -1.451694049168879841e-01 -5.184496725762240826e-02
-9.875057880391313603e-01 -1.496470868416395761e-01 -4.937680764700975306e-02
-9.873272148161633677e-01 -1.513482246756136518e-01 -4.773559366300814816e-02
-9.866651860717262634e-01 -1.565296884820100431e-01 -4.461242196100837637e-02
-9.858763223572918344e-01 -1.613571555379353373e-01 -4.485249552293591596e-02
-9.845224526416632704e-01 -1.704425027648479862e-01 -4.080311659834258420e-02
-9.820464910519366430e-01 -1.843377102239540100e-01 -4.005369971414424191e-02
-9.824151110825073419e-01 -1.831510708015750000e-01 -3.627996258287230491e-02
-9.809921436760211666e-01 -1.905174574824176625e-01 -3.684444809142433525e-02
-9.804795987839212135e-01 -1.930093762650321176e-01 -3.751183764886539124e-02
-9.792805884718484011e-01 -1.995353661176371973e-01 -3.457119559010632392e-02
-9.779968738848076049e-01 -2.053088365256306447e-01 -3.701887647511208079e-02
-9.782660658526097786e-01 -2.038995450281257671e-01 -3.768926685464678988e-02
-9.779859759058776580e-01 -2.055238855532036391e-01 -3.610213690761125693e-02
-9.769222435674553839e-01 -2.106617180614827611e-01 -3.527848385382859747e-02
-9.761077778933732185e-01 -2.148051165630303072e-01 -3.274703977082733114e-02
-9.754315087959423147e-01 -2.183231809453597960e-01 -2.946796521966817128e-02
-9.751814454040281799e-01 -2.199546350693224461e-01 -2.532010459777955455e-02
-9.742007171133229004e-01 -2.248992748717068002e-01 -1.879573081772639015e-02
-9.750634661829410410e-01 -2.212195516941291018e-01 -1.769597320311767571e-02
-9.744781516149646494e-01 -2.238000029478740271e-01 -1.748974864117229175e-02
-9.734067542981599264e-01 -2.283084539478145991e-01 -1.882926345418081335e-02
-9.731255088643108175e-01 -2.299031290569190367e-01 -1.308800524580811322e-02
-9.723794825644217488e-01 -2.330893663312791353e-01 -1.214453903475416763e-02
-9.704025438635973666e-01 -2.412205310215400911e-01 -1.146991217424094163e-02
-9.697431142495597234e-01 -2.435692453422718673e-01 -1.650199500016582763e-02
-9.692284842168020775e-01 -2.457779435096921206e-01 -1.376040007172127030e-02
-9.687564304101976553e-01 -2.472457114007962642e-01 -1.950737217745128482e-02
-9.675114066462550122e-01 -2.522429460975133542e-01 -1.718065721231420984e-02
-9.673126066273323165e-01 -2.531899661511134991e-01 -1.418319139306096696e-02
-9.671269351178580775e-01 -2.540994390531064462e-01 -9.948229078197548536e-03
-9.655704785014035396e-01 -2.599599227433140314e-01 -9.720618716230266382e-03
-9.643321721378793621e-01 -2.645419571015215632e-01 -9.000861389947892310e-03
-9.631689788370402239e-01 -2.687779176606430731e-01 -7.996871809158074759e-03
-9.625404453000826477e-01 -2.710576589893250454e-01 -6.605863565732154712e-03
-9.623502891947829374e-01 -2.715465001608878826e-01 -1.201748528458185597e-02
-9.632827504068436353e-01 -2.684492633258968031e-01 -4.619177239986310690e-03
-9.627885931797438568e-01 -2.701460356244364536e-01 -7.697099660632261350e-03
-9.616227844831757299e-01 -2.742537376510575942e-01 -8.155294000498377813e-03
-9.623026164947996453e-01 -2.719576337305294467e-01 -3.566632255587051659e-03
-9.622750684351332184e-01 -2.720707163641803983e-01 -2.054041872050412290e-03
-9.625564441678219341e-01 -2.710811115416061901e-01 -3.519833833425653133e-04
-9.621179401086596972e-01 -2.726151154510930152e-01 3.173208063448937355e-03
-9.624121646966472543e-01 -2.715742650221027454e-01 3.200769053708775718e-03
-9.611404812436789014e-01 -2.759850938310679513e-01 6.419053045192845211e-03
-9.614148711740920783e-01 -2.748926881042158543e-01 1.074506896496436187e-02
-9.619852998743713135e-01 -2.725520391820354660e-01 1.731097611163211897e-02
-9.625288422328160953e-01 -2.709133433156656889e-01 1.200789009538134541e-02
-9.641808440277901404e-01 -2.649210439930094196e-01 1.312027762757938566e-02
-9.647352500419399401e-01 -2.627324717433862089e-01 1.604826720465022186e-02
-9.648999849066230983e-01 -2.619092961234380512e-01 1.927539916407453729e-02
-9.647993443688586135e-01 -2.617953006707322006e-01 2.500893791436048161e-02
-9.659231551192398735e-01 -2.578315378284046777e-01 2.270149270409018913e-02
-9.670791297781208273e-01 -2.534686239114763429e-01 2.261890141827528969e-02
-9.686777920320771562e-01 -2.471942554902016309e-01 2.362914651505048508e-02
-9.694273261383283824e-01 -2.443707615905740260e-01 2.221691874615591700e-02
-9.689321548397971107e-01 -2.457602041079070820e-01 2.779213219382225403e-02
-9.697206782287809412e-01 -2.423225198232252520e-01 3.035792912193975915e-02
-9.717425946212625565e-01 -2.346687989341556813e-01 2.543394644285468936e-02
-9.740905808672414290e-01 -2.236897644850711353e-01 3.332313923303755615e-02
-9.752220001719172915e-01 -2.186638505166263735e-01 3.358828579156130506e-02
-9.754478864926764414e-01 -2.170861148539671159e-01 3.708155309901587510e-02
-9.773114976224488437e-01 -2.084630012305584701e-01 3.748887613595389134e-02
-9.781701476924249405e-01 -2.039132185774623074e-01 4.003203249078343684e-02
-9.791427318105426769e-01 -1.997082762512656096e-01 3.736465338049821394e-02
-9.806924608641962582e-01 -1.916756506752699263e-01 3.876524747154368178e-02
-9.819472832391114014e-01 -1.846482438286950745e-01 4.104340856331154669e-02
-9.833225766601292328e-01 -1.776321892178910344e-01 3.903226714802082720e-02
-9.834083421913671907e-01 -1.762192828406417278e-01 4.306737938853325010e-02
-9.842090189172576498e-01 -1.703903366756673310e-01 4.795563297957942950e-02
-9.851348149717303881e-01 -1.649493053787979280e-01 4.797004765086862466e-02
-9.868821034065182740e-01 -1.525527434479547195e-01 5.283348681665631097e-02
-9.879406015222285120e-01 -1.452216279729056370e-01 5.370334776844271768e-02
-9.884854892988580444e-01 -1.419965188386542732e-01 5.228220507043496168e-02
-9.906602654307522515e-01 -1.270198288654915131e-01 4.958028044834157655e-02
-9.918695532531479619e-01 -1.175794628301439215e-01 4.868122670055267248e-02
-9.922301488448395101e-01 -1.141293576907631696e-01 4.953608813649096332e-02
-9.928804899332832612e-01 -1.076437586997277124e-01 5.100153473720997477e-02
-9.933429683465300197e-01 -1.020293684881125873e-01 5.347670478905861002e-02
-9.937637761656111790e-01 -9.754674312796667024e-02 5.402030036731669815e-02
-9.948680036919050895e-01 -8.590221170766995651e-02 5.346464216713824741e-02
-9.957804950278603684e-01 -7.376880332584107025e-02 5.458362544397985655e-02
-9.965329367235793434e-01 -6.349291083350827591e-02 5.376577931009404038e-02
-9.971839910864758183e-01 -4.991741490359270089e-02 5.596733478145052287e-02
-9.976681398506314080e-01 -3.855425073358922927e-02 5.631922802894782226e-02
-9.976619930368872957e-01 -3.491284384799910739e-02 5.875069384606289996e-02
-9.978403185063886571e-01 -2.520738577103460998e-02 6.065714713846863393e-02
-9.979977095752260441e-01 -1.703313308693004541e-02 6.091343944332410637e-02
-9.981169259574927954e-01 -1.014732072150834399e-02 6.049493383290736881e-02
-9.983637014765522899e-01 4.440273928192938965e-03 5.701057916894311517e-02
-9.984878888159927079e-01 1.509869750803856034e-02 5.285799244954721143e-02
-9.984001765673734541e-01 2.127051387718996087e-02 5.238945306169774663e-02
-9.981799618878208769e-01 2.338011521117659003e-02 5.558899242036430960e-02
-9.980577787288328340e-01 2.895848099984147175e-02 5.515504385724316616e-02
-9.979616969672400195e-01 3.848460968260786902e-02 5.090567934857331139e-02
-9.977644446432506475e-01 4.595061110837309060e-02 4.852480003377250550e-02
-9.973469938779019328e-01 5.362803135198049298e-02 4.922407933733092406e-02
-9.970980972087645222e-01 6.072308904599681839e-02 4.591397093348987407e-02
-9.967600030287375734e-01 6.545629521270930617e-02 4.674367909205524169e-02
-9.964396242798143621e-01 7.125494462583746580e-02 4.506450661957801807e-02
-9.956660597933872925e-01 7.915148968508793625e-02 4.882766629629045618e-02
-9.947973486881339644e-01 9.165985901289032400e-02 4.446017317845921135e-02
-9.944648381320089214e-01 9.892701612774965070e-02 3.539961314741801868e-02
-9.938704779699730762e-01 1.046258372851315704e-01 3.570586238409358126e-02
-9.936438882873064316e-01 1.071504930397059741e-01 3.450502131473408285e-02
-9.931887047603358276e-01 1.091007589480964685e-01 4.090504430723540530e-02
-9.922391295758219432e-01 1.172742478034062841e-01 4.133112724180713904e-02
-9.918011392411499871e-01 1.230866187811538448e-01 3.435383557821987399e-02
-9.913321345978706178e-01 1.267168480848143985e-01 3.469064531402658857e-02
-9.909957066808660064e-01 1.293870272416340617e-01 3.444572637233962731e-02
-9.905243633903808576e-01 1.345309940538305937e-01 2.762061797097499147e-02
-9.904423768586807508e-01 1.344024489894399543e-01 3.098194958338573377e-02
-9.899554995563837334e-01 1.385183201880946513e-01 2.829814802149974856e-02
-9.893677672669419776e-01 1.424869803052937201e-01 2.913559414695714861e-02
-9.888669548290108802e-01 1.455149586078568480e-01 3.110536640292391533e-02
-9.879130613393051208e-01 1.524133090133391044e-01 2.824832238904741513e-02
-9.871550811329962150e-01 1.572020987215611287e-01 2.850170533360626632e-02
-9.866763896508556897e-01 1.603073882805349792e-01 2.777129120583217772e-02
-9.856225243610534648e-01 1.668556037629483346e-01 2.659789767575003808e-02
-9.851879747996811210e-01 1.696849186816681565e-01 2.473224280085264612e-02
-9.854321288682443836e-01 1.687031465349829729e-01 2.151206468701562236e-02
-9.854699441605251353e-01 1.689852137087924644e-01 1.711688932837689484e-02
-9.848818748994755401e-01 1.722547036114644714e-01 1.833059754774697681e-02
-9.846243910323324577e-01 1.739579078987848748e-01 1.592030383988399592e-02
-9.840442919270275812e-01 1.773221311288743773e-01 1.461829416210955711e-02
-9.842008615311578223e-01 1.764022452995197554e-01 1.519582844950711185e-02
-9.846821296852277250e-01 1.741785313345808051e-01 7.933729467238210403e-03
-9.850574992327060242e-01 1.721063294103076791e-01 6.413732941496172804e-03
-9.844717139293814867e-01 1.754240919491432682e-01 6.467907402338696383e-03
-9.850591140239350896e-01 1.721950000444870121e-01 2.724944205908070953e-03
-9.853983694727801446e-01 1.702293331117826491e-01 3.468293509440275018e-03
-9.861156161087896166e-01 1.659627372523385658e-01 5.688841218052281996e-03
-9.853761584389224559e-01 1.703473504354949264e-01 3.950687627707651951e-03
-9.853636110594985453e-01 1.704171726867929337e-01 4.067260291124093208e-03
-9.850868858319854482e-01 1.720464544544733076e-01 1.961177577203511695e-03
-9.845598167577126469e-01 1.748804008866525761e-01 7.669033375547093870e-03
-9.839741930830323557e-01 1.781000733066909203e-01 8.669066101719339126e-03
-9.839604210641497151e-01 1.782281300782570244e-01 7.524951930399360195e-03
-9.829082189157356542e-01 1.839166764423806888e-01 8.129626018441969346e-03
-9.829185999178817745e-01 1.838275651246123743e-01 8.857411656693793892e-03
-9.817325916006407471e-01 1.899684334229751748e-01 1.063552948035338327e-02
-9.805100449952175445e-01 1.961140586178249656e-01 1.180378451759065729e-02
-9.806545404964145396e-01 1.956741597379656472e-01 5.319504042932345252e-03
-9.799393839010683838e-01 1.991642520614177181e-01 7.239221386463714006e-03
-9.801274007216654871e-01 1.982535881142969969e-01 6.767193119340301870e-03
-9.809029301104232879e-01 1.943097939375060257e-01 8.552625169599502308e-03
-9.803778820693808127e-01 1.970752601726498687e-01 4.533406535710098918e-03
-9.793793930054298658e-01 2.020202457540232477e-01 -1.956087694037030554e-03
-9.798728412313270075e-01 1.995217469476727179e-01 -6.347362323707691351e-03
-9.797505651856822650e-01 1.999922008087292313e-01 -9.589115536996369732e-03
-9.796103587892251996e-01 2.005226547578776997e-01 -1.241818821736619463e-02
-9.797463810619269076e-01 1.988723673582253326e-01 -2.338401202408822016e-02
-9.796416873173147133e-01 1.979915072445300739e-01 -3.318929668865681915e-02
-9.810368609965773867e-01 1.912467646805002530e-01 -3.148577701964648534e-02
-9.821191812077818550e-01 1.851218897340379532e-01 -3.423158984105312969e-02
-9.840255484018168852e-01 1.745229245176987687e-01 -3.514926522771540801e-02
-9.843254181235873146e-01 1.736115931250652999e-01 -3.102398977603174068e-02
-9.849170032205843972e-01 1.706639473794459572e-01 -2.850115462211094339e-02
-9.850640510489925283e-01 1.698563097788874654e-01 -2.824272191445134292e-02
-9.864684962104075527e-01 1.618204245057690560e-01 -2.634498177163680996e-02
-9.875971747964090719e-01 1.550447617361091213e-01 -2.475770522162289156e-02
-9.872947461248852141e-01 1.562948707426687900e-01 -2.865308690386159790e-02
-9.878926696174887834e-01 1.520840692278001005e-01 -3.063512680548987829e-02
-9.893797063062850228e-01 1.421661691863606303e-01 -3.027505339343534649e-02
-9.903825919524734678e-01 1.349886738347418902e-01 -3.033778612689935067e-02
-9.912383667045412405e-01 1.299926605845906358e-01 -2.341815949150062234e-02
-9.917139731435422600e-01 1.256407066830002583e-01 -2.679197776716380278e-02
-9.917250436129193547e-01 1.252539900667868078e-01 -2.815808279604980341e-02
-9.925566487900843171e-01 1.185901983576317376e-01 -2.770677800870883362e-02
-9.932973478461802896e-01 1.121325271945646518e-01 -2.804776041632231834e-02
-9.933715924472518166e-01 1.113152275230434030e-01 -2.866707518570256116e-02
-9.937032528251853458e-01 1.072009824486509638e-01 -3.258521996687643862e-02
-9.938754093420519853e-01 1.039519142883621322e-01 -3.749229513100704042e-02
-9.939703483230857284e-01 1.035417622320202874e-01 -3.608395902606809785e-02
-9.945186395665136514e-01 9.894108930719884565e-02 -3.381328600479526630e-02
-9.944827555001252151e-01 9.881979500962292939e-02 -3.519515647327316199e-02
-9.950833952098835367e-01 9.091926227096315538e-02 -3.927755562893707475e-02
-9.962275026351139484e-01 7.900835788410530414e-02 -3.589490492752478445e-02
-9.965754367552541737e-01 7.388515970117300047e-02 -3.712659343113880461e-02
-9.969236788058243315e-01 6.873494639427366049e-02 -3.766547103204429675e-02
-9.974104709752835696e-01 6.225977623077822570e-02 -3.600103460561911856e-02
-9.980705304215197193e-01 5.245103047983062927e-02 -3.322811258312183269e-02
-9.982294100172053319e-01 4.982514547980817360e-02 -3.248848436176149379e-02
-9.988101389452941348e-01 4.006138261946620011e-02 -2.780995132177297227e-02
-9.988164492900732938e-01 3.609659233350826640e-02 -3.259966700475317586e-02
-9.991235755864115164e-01 2.205848998219547483e-02 -3.557394466899217039e-02
-9.993941427957215851e-01 1.524993070782503825e-02 -3.128559687579428317e-02
-9.995170893321088101e-01 1.000185531200169578e-02 -2.942027518241359732e-02
-9.995119622851978969e-01 1.184589249085108223e-03 -3.121595264343538303e-02
-9.994850979110194711e-01 -5.203231506627822162e-03 -3.166176182177175835e-02
-9.994366766910102173e-01 -1.401661118003511008e-02 -3.049369696296124269e-02
-9.995285388991547171e-01 -1.620151287262746459e-02 -2.608088360942285508e-02
-9.993408771819224379e-01 -2.138784864450267442e-02 -2.933211311314035466e-02
-9.991191672617038000e-01 -2.664159210910727743e-02 -3.242093454851478762e-02
-9.989961911553068008e-01 -3.026043261185058092e-02 -3.302904952569899605e-02
-9.985746888028688151e-01 -3.971159157035895199e-02 -3.565925538472729944e-02
-9.985895139315479341e-01 -4.136884872654277012e-02 -3.328067169915793766e-02
-9.982073322080977640e-01 -4.908261374736000437e-02 -3.424939541230395679e-02
-9.977425719234813695e-01 -5.536973638584043178e-02 -3.799940335521528878e-02
-9.974101543207765097e-01 -6.152566952941098538e-02 -3.725021080705182702e-02
-9.971981762594565035e-01 -6.500726445611033910e-02 -3.701155205778659807e-02
-9.970559305890901447e-01 -6.819348579209473515e-02 -3.505883464559655938e-02
-9.967648179291541677e-01 -7.362156016747202492e-02 -3.224539696253434645e-02
-9.965846185972601079e-01 -7.756987514009508478e-02 -2.831985829436452912e-02
-9.960868684740245005e-01 -8.412251500049593156e-02 -2.709898193555116894e-02
-9.954306700222069759e-01 -9.083717083904399581e-02 -2.943453197413570949e-02
-9.946365723485091070e-01 -9.788422531952391259e-02 -3.341810312076458345e-02
-9.942528881839690635e-01 -1.022101185475150775e-01 -3.184789168325447006e-02
-9.931047476333949575e-01 -1.127207113984900061e-01 -3.220254169711728176e-02
-9.930846058998032966e-01 -1.139005241016047554e-01 -2.845414485967710100e-02
-9.917963131933490439e-01 -1.244833236187549985e-01 -2.905129185871790920e-02
-9.918399150251611118e-01 -1.243773125653583056e-01 -2.799766714230953954e-02
-9.915151953667897811e-01 -1.276589118129075606e-01 -2.451166759930056491e-02
-9.915247548075291073e-01 -1.275973009833097638e-01 -2.444568760919177408e-02
-9.910578853907159314e-01 -1.319137703177404863e-01 -2.007553674142794828e-02
-9.907061455712348197e-01 -1.348120421323222295e-01 -1.808448407138911473e-02
-9.896154710288689316e-01 -1.429026229605537546e-01 -1.549392941347177768e-02
-9.891754937086546517e-01 -1.458436418369047083e-01 -1.617024420556244929e-02
-9.894178475165096298e-01 -1.444496813256489487e-01 -1.366069668993887334e-02
-9.884379669292481241e-01 -1.507412873311522183e-01 -1.635395715053239440e-02
-9.884040940637721651e-01 -1.507606704904872474e-01 -1.812647684633002243e-02
-9.879912424575928442e-01 -1.536179728799453581e-01 -1.657785538885694215e-02
-9.876679577899107887e-01 -1.562808525465937959e-01 -9.396928761011780207e-03
-9.874555586007822683e-01 -1.576282239748193481e-01 -9.212208287486544495e-03
-9.871788349044395838e-01 -1.594292980974965357e-01 -7.762009602466242962e-03
-9.861868226528280879e-01 -1.655444945866858530e-01 -5.529282497146499262e-03
-9.860325510666222426e-01 -1.665522368470328529e-01 4.030626289802706833e-04
-9.860478075185205027e-01 -1.659728339963826016e-01 1.275702429632652110e-02
-9.864868748272401788e-01 -1.634917633590624308e-01 1.068134359897080464e-02
-9.871505977277907906e-01 -1.588681497988231051e-01 1.716422049908279679e-02
-9.877580281741363821e-01 -1.550450062432940923e-01 1.717922865565762666e-02
-9.884852259238824379e-01 -1.501218560778157241e-01 1.898390251793395656e-02
-9.885288950854087542e-01 -1.503743288392057342e-01 1.407788808142288427e-02
-9.886601615947371302e-01 -1.493956289682456806e-01 1.523263109112473271e-02
-9.896268593080982390e-01 -1.428064482336734164e-01 1.565247043922361400e-02
-9.893050044223922201e-01 -1.451037127575698915e-01 1.485001465400051512e-02
-9.904198927721629131e-01 -1.367013861009353515e-01 1.952355925857860580e-02
-9.910775728322784861e-01 -1.308006519716607974e-01 2.562101885308099708e-02
-9.919083651775989496e-01 -1.245189118709945642e-01 2.475556846443491971e-02
-9.919792499130594132e-01 -1.236782821735424032e-01 2.609315534226016794e-02
-9.915606755938128902e-01 -1.271252687819741933e-01 2.542823539099776237e-02
-9.915422234725639328e-01 -1.276658499079972031e-01 2.335492139087310542e-02
-9.923246669875123160e-01 -1.214759308328164922e-01 2.313776198207450827e-02
-9.931211526371751530e-01 -1.148929573181876884e-01 2.258289256020552804e-02
-9.940804431645119399e-01 -1.067402063081685504e-01 2.026334844511799849e-02
-9.943385303600512648e-01 -1.041874568850752608e-01 2.087733911725211597e-02
-9.944799180186414400e-01 -1.032012084689641757e-01 1.895272122683793609e-02
-9.946661711429111152e-01 -1.019892603449829571e-01 1.540782745577727597e-02
-9.955140981105464748e-01 -9.359643402867395823e-02 1.383438792716353873e-02
-9.957590557632620687e-01 -9.070054940539475086e-02 1.540504817963475256e-02
-9.957843568723787619e-01 -9.060158149450486809e-02 1.431329264224730918e-02
-9.958966134047745333e-01 -8.988950644922912014e-02 1.047923421817118991e-02
-9.963875974177462957e-01 -8.376966443433445098e-02 1.394279609924161875e-02
-9.968838530059536129e-01 -7.814841935289304486e-02 1.074293142170791061e-02
-9.970129276859808209e-01 -7.606974613746070313e-02 1.336481160091506325e-02
-9.972165766637427486e-01 -7.444651115172791489e-02 4.101065132035461649e-03
-9.972789092857934357e-01 -7.346805416157174695e-02 6.101201335985941866e-03
-9.974484297211904105e-01 -7.116613217071554587e-02 5.658110442114915040e-03
-9.977961367761699618e-01 -6.566973652079381718e-02 9.505675989793460623e-03
-9.980860688146185877e-01 -6.145374736788753595e-02 6.902090100037835269e-03
-9.983943777469295178e-01 -5.659007624002500292e-02 2.496467594878423908e-03
-9.985848175134895977e-01 -5.316340799975585729e-02 1.420158478305929076e-03
-9.986883386477235502e-01 -5.118358454413129283e-02 1.358488196826973266e-03
-9.986424151725297182e-01 -5.207578878942711875e-02 1.200587217489585291e-03
-9.983231272585187943e-01 -5.785957792669264160e-02 -1.790390676858374681e-03
-9.982379146248926416e-01 -5.933697058566572702e-02 4.386386247426624259e-04
-9.982278879588566411e-01 -5.925600050197816354e-02 -5.460111214421775605e-03
-9.982699558696771502e-01 -5.869419877847230349e-02 -3.476917161364348474e-03
-9.982170013638026473e-01 -5.963459602275372751e-02 2.556538613328949820e-03
-9.981694125314585220e-01 -6.023862460440040228e-02 -5.397668360612186376e-03
-9.982778726695243909e-01 -5.857643604398960618e-02 -3.176939063027832237e-03
-9.983323268567406705e-01 -5.765256979352682137e-02 -2.957906954753797453e-03
-9.980381666230195847e-01 -6.239571800366509186e-02 -5.157061149512327976e-03
-9.981226486804054554e-01 -6.105465281567958730e-02 -4.848763305912171320e-03
-9.980594215588503015e-01 -6.225403180460947067e-02 -1.352595048722646416e-03
-9.979609150340562618e-01 -6.375008527642646305e-02 3.153033201271817319e-03
-9.978029126071016330e-01 -6.616662701456245410e-02 3.365707584119170901e-03
-9.978553463774532117e-01 -6.532643800789469934e-02 4.143323679117330918e-03
-9.977984258449804633e-01 -6.620813297488735427e-02 3.845443774356995664e-03
-9.978992268267341537e-01 -6.475394337928384869e-02 2.015646290807709788e-03
-9.980968482079424220e-01 -6.158975779019921354e-02 3.063703428461892354e-03
-9.978642422567827186e-01 -6.509766854809727332e-02 5.408370547483332125e-03
-9.980136058881462491e-01 -6.290051622437253798e-02 3.517155618754888580e-03
-9.981682044156471312e-01 -5.981713429146086336e-02 9.063619621395561932e-03
-9.984753263441705773e-01 -5.464122880227215845e-02 7.833379040764726353e-03
-9.985290934769541771e-01 -5.331782361621280331e-02 9.841860182111878547e-03
-9.984775801496620362e-01 -5.442225973330547251e-02 8.985690529118142700e-03
-9.988487113007592511e-01 -4.678753934734820180e-02 1.059156426527080135e-02
-9.988514311534445467e-01 -4.639068073389129854e-02 1.198859323130444833e-02
-9.987451412428683950e-01 -4.789443371738415223e-02 1.463793635206120380e-02
-9.989770536795941069e-01 -4.324897963271262524e-02 1.320511628812492608e-02
-9.990398689386968956e-01 -4.160481457487930773e-02 1.372526105748322033e-02
-9.992307869011345378e-01 -3.783668225822156561e-02 1.030645681613927105e-02
-9.991454640375944107e-01 -3.888901514056188752e-02 1.399961704125934556e-02
-9.991501248942648017e-01 -3.956302673696409505e-02 1.156710593610775842e-02
-9.991635476637872326e-01 -3.889849551222608615e-02 1.261408637584177962e-02
-9.991500785444351607e-01 -3.929881479568347880e-02 1.243892313948817031e-02
-9.990089171913612009e-01 -4.240486928592921562e-02 1.352824909581907750e-02
-9.990558477469616561e-01 -4.283962850532127553e-02 7.223742274838259800e-03
-9.991403585771572171e-01 -4.100448738369098789e-02 6.097459420103273735e-03
-9.990268149242717000e-01 -4.389760052801722906e-02 4.292657997395362551e-03
-9.987494804692875761e-01 -4.901164702738616819e-02 9.865941524523792056e-03
-9.990182099334953270e-01 -4.278326027926443453e-02 1.149835032593626502e-02
-9.989808963266100239e-01 -4.462585066886019108e-02 6.760583746511331614e-03
-9.989262757687438210e-01 -4.491648170560402081e-02 1.134938469232350290e-02
-9.989965361811835587e-01 -4.415999318557498055e-02 7.471208632059192327e-03
-9.991847273938723184e-01 -4.026662382287685138e-02 2.912518016161753584e-03
-9.993113013805905442e-01 -3.632020754386270506e-02 7.600577917071573049e-03
-9.993181147334118108e-01 -3.619598979530241206e-02 7.291036694939283941e-03
-9.992740866495305463e-01 -3.733680944743538593e-02 7.567412810141785177e-03
-9.993420820739055133e-01 -3.583661364770152069e-02 5.580629996948176935e-03
-9.994835156526097331e-01 -3.132732114575749460e-02 7.162696491956721534e-03
-9.995722783510083698e-01 -2.770748776047303463e-02 9.357290446695119140e-03
-9.996825061763958686e-01 -2.355472860709295624e-02 8.947905010309457202e-03
-9.997725447644233432e-01 -1.889054185309070946e-02 9.899979664131263596e-03
-9.998257303666052698e-01 -1.675163137911371211e-02 8.239850667152796501e-03
-9.997834238749850888e-01 -1.919676133058407369e-02 8.036983188089886695e-03
-9.998370635643512028e-01 -1.804867195721299514e-02 3.085658373791063877e-04
-9.998367834590102809e-01 -1.801696688863966417e-02 -1.341192967315123349e-03
-9.998813065343725714e-01 -1.520208590721080014e-02 -2.504568520521155243e-03
-9.998042663299695487e-01 -1.977705748332533875e-02 -5.481007999581944540e-04
-9.997849765450538273e-01 -2.073615186593551207e-02 1.267452508309582651e-04
-9.997546785129792779e-01 -2.198924691815535432e-02 2.656909694664230919e-03
-9.997471847911667542e-01 -2.247607221330992153e-02 6.293230520120758446e-04
-9.997128492559810287e-01 -2.396291744130584975e-02 -3.148865699186898306e-05
-9.997860303255701186e-01 -2.009876669982861574e-02 4.892515679826519789e-03
-9.998943942690009523e-01 -1.360259822750502397e-02 5.115974836881714664e-03
-9.999045009546941865e-01 -1.287506360114330957e-02 5.022476993610290076e-03
-9.999247190824726017e-01 -1.105547336520133761e-02 5.323180207546047461e-03
-9.999384784961321548e-01 -1.024650653678218885e-02 4.248752310948393507e-03
-9.999584486551064133e-01 -8.268368545867292238e-03 3.839089278157589366e-03
-9.999572847361551942e-01 -8.758637676812921352e-03 2.952716681593264662e-03
-9.999531924844174968e-01 -9.408585341155817697e-03 2.257195680704298518e-03
-9.999541334683057503e-01 -9.158736689213528917e-03 2.802155158773210475e-03
-9.998939758269485001e-01 -1.386877253537041263e-02 4.438221931481569835e-03
-9.998830782037285703e-01 -1.474316506732838844e-02 4.058641164997887733e-03
-9.999258498229633974e-01 -1.194780205021993454e-02 2.355508789667964779e-03
-9.999510188093305718e-01 -9.089324050086142887e-03 3.917618263724556397e-03
-9.999214389065493869e-01 -1.071404275574615837e-02 6.506063247456879070e-03
-9.999487973246172778e-01 -8.334334310835550541e-03 5.739785826146124453e-03
-9.999119589261011853e-01 -9.858843539371189152e-03 8.881503710115149636e-03
-9.999229120053940711e-01 -5.644904649835377417e-03 1.105932395593252349e-02
-9.999062818038059186e-01 2.801945485155696997e-03 1.340075990148891297e-02
-9.998891236602096555e-01 3.926676435691400097e-03 1.436402657942067139e-02
-9.998987506709290374e-01 3.921201963415512325e-04 1.422456712884103205e-02
-9.999108044341783463e-01 2.444285430091437325e-03 1.313058634772408355e-02
-9.998519387092951183e-01 1.024412339844812080e-02 1.382614400990841465e-02
-9.999021743077466384e-01 9.244728833887034744e-03 1.049668933226704723e-02
-9.999594096081084738e-01 5.164584147728564466e-03 7.383083514592798414e-03
-9.998956610893031671e-01 9.899339197036706450e-03 1.052016121314038911e-02
-9.999257202239135722e-01 9.603936109684360969e-03 7.504813959331660053e-03
-9.998817887863702403e-01 1.386579213955150235e-02 6.644700004217424932e-03
-9.997511115422408334e-01 2.093368110516237446e-02 7.713610770562434257e-03
-9.994405473523484407e-01 3.074621816961215642e-02 1.316307623499160875e-02
-9.995791638512732113e-01 2.633890952730164048e-02 1.215570938497757825e-02
-9.995571918831380742e-01 2.781360911123855265e-02 1.057485303762683432e-02
-9.995738086496701591e-01 2.770735620497377302e-02 9.192806451306417131e-03
-9.994857079471713979e-01 2.970488119505971733e-02 1.208072428598166125e-02
-9.994079212900877085e-01 3.168374851405300618e-02 1.341458979300217021e-02
-9.992713478660698589e-01 3.463150183074878430e-02 1.604483591949875179e-02
-9.992573311665453595e-01 3.408454474281752411e-02 1.797315396357635625e-02
-9.989657592129651542e-01 3.878723118122041208e-02 2.372692907322668243e-02
-9.986815288211156050e-01 4.634646152853785089e-02 2.207292346168369945e-02
-9.985638201921976931e-01 4.906019312108302749e-02 2.152670209779036434e-02
-9.984830368573356374e-01 5.160217710610656705e-02 1.920533356421672694e-02
-9.984409719816742523e-01 5.188169533080921880e-02 2.058930729426384706e-02
-9.981709370439811879e-01 5.777692404182201147e-02 1.779358770517956712e-02
-9.983120147377382292e-01 5.584794916064925868e-02 1.594152117048702050e-02
-9.980638995406437841e-01 5.963736881363510683e-02 1.765902092330509654e-02
-9.975049267592146496e-01 6.764121742066930842e-02 2.021364081110810229e-02
-9.974461857604520754e-01 6.869333818601894293e-02 1.955342096111879063e-02
-9.969843183860768177e-01 7.440652594995872393e-02 2.204409892787877884e-02
-9.967842853575993312e-01 7.660352977604859004e-02 2.351578687128854511e-02
-9.966386778312044115e-01 7.976970744505851307e-02 1.865862017798064487e-02
-9.963126311122684209e-01 8.374393963089266091e-02 1.865738843825708385e-02
-9.963395118126576744e-01 8.435036378796248457e-02 1.387796210381531115e-02
-9.960326392855888278e-01 8.755373658425751049e-02 1.591631898030251846e-02
-9.957307831264718967e-01 9.112928063059227979e-02 1.468557909090590675e-02
-9.951883750746290946e-01 9.692241576360084709e-02 1.435785238171305087e-02
-9.952330477271514875e-01 9.541611642834267604e-02 2.017299904228441257e-02
-9.950989526832756393e-01 9.691032497144627667e-02 1.965878248274077755e-02
-9.945364464163184426e-01 1.024129837265940618e-01 2.021984138294131983e-02
-9.942733859909720362e-01 1.061219461419203175e-01 1.259249369121754822e-02
-9.943514743431345337e-01 1.058170384542095055e-01 8.240407088802654406e-03
-9.944830949249823249e-01 1.046637675978263626e-01 6.991003799943502038e-03
-9.944154673997723792e-01 1.052745483682770850e-01 7.426448461666922130e-03
-9.939545600491599409e-01 1.094422485273900819e-01 8.759641052324714308e-03
-9.939570112771354271e-01 1.090743872503125433e-01 1.233865091979342507e-02
-9.942471254828160188e-01 1.065001996781485688e-01 1.141777006533700907e-02
-9.935809142523616133e-01 1.127659381287207385e-01 8.989688605884128478e-03
-9.935467871443565135e-01 1.133092666082792105e-01 5.079009184714189037e-03
-9.935924614858895332e-01 1.128786935692119159e-01 5.694338794980200770e-03
-9.941895689154772731e-01 1.076196662414416055e-01 2.261218249557779558e-03
-9.944578712089306993e-01 1.051349508602007071e-01 4.349172072376796504e-04
-9.939082219815132957e-01 1.100249886180867109e-01 6.399459741771021046e-03
-9.941772757075447720e-01 1.074719479074085354e-01 7.831334422542716653e-03
-9.941820920895869662e-01 1.075391177827817596e-01 6.108259615014738353e-03
-9.948244825546470604e-01 1.015030238638589266e-01 4.624937050831213342e-03
-9.938587168232357882e-01 1.105534016211157794e-01 4.775078867444210520e-03
-9.938272281654045859e-01 1.107554007409587843e-01 6.378617549278759249e-03
-9.938615282497076375e-01 1.104501571927716669e-01 6.326961310569111097e-03
-9.944461575981934365e-01 1.051854804898122303e-01 3.586005617545473274e-03
-9.943312204780246910e-01 1.063146150629734055e-01 1.622255863900939031e-03
-9.946348860827032290e-01 1.033882692620288202e-01 3.509169587262165463e-03
-9.939194489580708280e-01 1.101026038063106505e-01 1.245225819667176558e-03
-9.936634962074855082e-01 1.123418800200531031e-01 3.487593521826530974e-03
-9.931109432003224491e-01 1.170877081282813148e-01 4.596537781191289106e-03
-9.929030567626581094e-01 1.186987281377707704e-01 7.357778001666628355e-03
-9.929687257494169694e-01 1.181640078472152439e-01 7.098029387293936128e-03
-9.933269015369579069e-01 1.152060301531275810e-01 5.407626678490235796e-03
-9.929297200132567447e-01 1.186248115850890433e-01 4.327851082920995338e-03
-9.930083483871520178e-01 1.179035548451088655e-01 -5.759951222563656006e-03
-9.930455646973602724e-01 1.176668858687077157e-01 -3.875003813481597316e-03
-9.928039326449957791e-01 1.195580673852060377e-01 -6.798905501973645862e-03
-9.925953904303440600e-01 1.212545713083591492e-01 -7.192016212606771458e-03
-9.927662294148599242e-01 1.198403742386526666e-01 -7.314622475921320373e-03
-9.929917869362194782e-01 1.181139396874678338e-01 -4.051364514318533082e-03
-9.926536910461326579e-01 1.207474330212779945e-01 -7.662389183167845827e-03
-9.929125291522779007e-01 1.183237704820591096e-01 -1.114450478588555754e-02
-9.929366453598303943e-01 1.177142808587798989e-01 -1.483818049920605266e-02
-9.925943717985501458e-01 1.203519194623091787e-01 -1.648738150731816898e-02
-9.928419776765901039e-01 1.183345246415679619e-01 -1.617877725414804471e-02
-9.929144428217157037e-01 1.176096785591103089e-01 -1.699640960558866654e-02
-9.934382301369961699e-01 1.137765977126214550e-01 -1.163502716983372438e-02
-9.936384212573248220e-01 1.123994555544418211e-01 -7.003953495285421445e-03
-9.939128649321833375e-01 1.099527049033825615e-01 -6.901070799126277772e-03
-9.938075111910867898e-01 1.111042792777236360e-01 -1.573232506056454483e-03
-9.944408994273230551e-01 1.052802136510753439e-01 -1.838316737048291752e-03
-9.941012248733044343e-01 1.084369067860876251e-01 -2.048705540651364881e-03
-9.946453982008792716e-01 1.033246444039532808e-01 -2.134231322534721476e-03
-9.949523462294668219e-01 1.003367386202959760e-01 -1.540406876144702602e-03
-9.951693849326251895e-01 9.810787168295517779e-02 -3.570167527417213594e-03
-9.952615341251784820e-01 9.685784852520872013e-02 -8.546415184025352163e-03
-9.950945732463215565e-01 9.866525080314898777e-02 -7.208601208522319448e-03
-9.950501306056366291e-01 9.914847268811403935e-02 -6.695020380439687009e-03
-9.945776657476466109e-01 1.034900746215116074e-01 -1.025068346074517467e-02
-9.948941934974212531e-01 1.006994295636940567e-01 -6.721148434127445503e-03
-9.952307039329667537e-01 9.719036925288720985e-02 -8.359623959023284451e-03
-9.950990095324604434e-01 9.836080076597379651e-02 -1.015476917322134624e-02
-9.949562673484392272e-01 1.000944024871734672e-01 -6.568254631154958958e-03
-9.949344493310028348e-01 9.986868168644473520e-02 -1.147576998937206716e-02
-9.954674549271035344e-01 9.474485535658147550e-02 -8.244013378051629620e-03
-9.957873551356621888e-01 9.145152327858184493e-02 -6.645854719089502004e-03
-9.959294875722057849e-01 8.988635085178409145e-02 -6.701108754778271025e-03
-9.957159979885076284e-01 9.199476038643000786e-02 -9.307013871003473604e-03
-9.964812412857837476e-01 8.296416270777039192e-02 -1.192009510361932006e-02
-9.963187744477587371e-01 8.513502874445208479e-02 -1.004648014857899112e-02
-9.960451339554950989e-01 8.780780926872586156e-02 -1.356041729077943694e-02
-9.962006585254410407e-01 8.641291007623271014e-02 -1.081952195653010373e-02
-9.963019851394251392e-01 8.473674544451173518e-02 -1.421420301292013362e-02
-9.964405244139218354e-01 8.310541944960685157e-02 -1.413420501907495727e-02
-9.968305336389537974e-01 7.787581519076346159e-02 -1.625576349718483443e-02
-9.965394853162666822e-01 8.080442472348843552e-02 -1.948600574940788713e-02
-9.967101669311618783e-01 7.823994337479056593e-02 -2.115087889228238135e-02
-9.970106120928325932e-01 7.455360370873628795e-02 -2.028804594209426479e-02
-9.970560321780699287e-01 7.435033153455028465e-02 -1.874305619184450308e-02
-9.971697667766563633e-01 7.165661784687925306e-02 -2.275501442623762208e-02
-9.973344360631951622e-01 7.035831866124511724e-02 -1.933222595390834617e-02
-9.969059214509716771e-01 7.621266759461726992e-02 -1.924106028274022093e-02
-9.968648505974699869e-01 7.786739036861312080e-02 -1.404081792340901302e-02
-9.968783532545006931e-01 7.833230951631564576e-02 -9.879450194083694986e-03
-9.966124989106935894e-01 8.136178287985168511e-02 -1.199135881947173583e-02
-9.966964296366842557e-01 8.006025859729967720e-02 -1.365970501790010963e-02
-9.967408807098825374e-01 7.874484156109221034e-02 -1.751776531504540060e-02
-9.968887962028329941e-01 7.513458904706696306e-02 -2.382282758170183729e-02
-9.972325083525960254e-01 6.958875106778079911e-02 -2.616745398298854497e-02
-9.977130551395674285e-01 6.245432390943935624e-02 -2.584806878782264228e-02
-9.976505434786523407e-01 6.419075845017252480e-02 -2.393627552947230966e-02
-9.977928754440518189e-01 6.031962043087846226e-02 -2.776557014058304851e-02
-9.982469610109907521e-01 5.050533252711209009e-02 -3.085809347969210165e-02
-9.986509501570759451e-01 4.134889433051181645e-02 -3.140946423884607291e-02
-9.990011173889358220e-01 3.106195151907310825e-02 -3.212364311849167514e-02
-9.991155348712144058e-01 3.089827033544520485e-02 -2.852105722376684777e-02
-9.993517634960816798e-01 2.064931795301234996e-02 -2.949007228908151479e-02
-9.993009275429231009e-01 1.696032250475413769e-02 -3.331680719729034068e-02
-9.993397128719792022e-01 9.500214002883512754e-03 -3.506979134104951101e-02
-9.993903698729121876e-01 1.168053660750146064e-03 -3.489312692883048128e-02
-9.993177137569047019e-01 -2.598191241052804582e-03 -3.684240013816120207e-02
-9.990645336965496837e-01 -1.497326355047743675e-02 -4.056926275879006727e-02
-9.989595790390053409e-01 -2.187680204112421242e-02 -4.001463674918371433e-02
-9.987389767616878800e-01 -2.802008939636782894e-02 -4.165737735092860106e-02
-9.983366699736595518e-01 -3.809753637479395411e-02 -4.327213182699200106e-02
-9.979672491587369132e-01 -4.557542487755469190e-02 -4.454499523627369201e-02
-9.976926613390968424e-01 -5.347270969898725024e-02 -4.183334826466644785e-02
-9.969603921344426523e-01 -6.537223003974584890e-02 -4.238459965072034069e-02
-9.962608981232214944e-01 -7.264111899891885493e-02 -4.677068667104444799e-02
-9.956072563313527191e-01 -7.739171086842321079e-02 -5.269459976998650680e-02
-9.946643290800120107e-01 -8.880453235087375219e-02 -5.250365797140536805e-02
-9.937566566832382042e-01 -9.719685284706498785e-02 -5.477669034709706924e-02
-9.922190862141421208e-01 -1.123571870461249900e-01 -5.363910907854972654e-02
-9.911046170585164905e-01 -1.187838182690012095e-01 -6.001707530130730855e-02
-9.903847618596784974e-01 -1.260254087860430416e-01 -5.705809745338004391e-02
-9.898272528502413126e-01 -1.337810819554095809e-01 -4.842145805908956713e-02
-9.880637857861387374e-01 -1.452502870722119366e-01 -5.130609654090073635e-02
-9.874345903617465225e-01 -1.486061227931501361e-01 -5.375087261025504604e-02
-9.855601212948702505e-01 -1.615806416776248422e-01 -5.062558254980142891e-02
-9.847817408569252695e-01 -1.680296969948649466e-01 -4.439537697217926793e-02
-9.837977538334194971e-01 -1.744752555403864813e-01 -4.123554618519141568e-02
-9.830117243996148169e-01 -1.795519038563447300e-01 -3.806663746872122889e-02
-9.814260245651681425e-01 -1.868839985863534059e-01 -4.332822377727303664e-02
-9.796306472031149903e-01 -1.968336926164215017e-01 -3.975296311624915147e-02
-9.786669159627854331e-01 -2.015354508026041269e-01 -3.993163206522690190e-02
-9.780688730536928333e-01 -2.049818088481950851e-01 -3.692889235810379450e-02
-9.762136650037215313e-01 -2.140267637191908545e-01 -3.463278905849265926e-02
-9.768683196558444193e-01 -2.102359777995586598e-01 -3.910402799208394231e-02
-9.749128283282230134e-01 -2.185480687212797979e-01 -4.221047598205021623e-02
-9.727527335287309285e-01 -2.268711353190872582e-01 -4.776623306229688115e-02
-9.708745186956584394e-01 -2.355232965713255355e-01 -4.394827845959446699e-02
-9.691752309428679490e-01 -2.419388053165268115e-01 -4.652947188928684835e-02
-9.672234531129912938e-01 -2.490769376126346912e-01 -4.939105695298603993e-02
-9.663334146987213602e-01 -2.537458146180298080e-01 -4.257697504646053982e-02
-9.647911005853779809e-01 -2.601049543161685906e-01 -3.903268448499938592e-02
-9.637731197665887484e-01 -2.636644686988996455e-01 -4.027936294306274506e-02
-9.613827240255329309e-01 -2.728198137693239045e-01 -3.622999579737996162e-02
-9.612584136784663169e-01 -2.729258848868736376e-01 -3.864878956137553917e-02
-9.590389000439147882e-01 -2.815753892292782723e-01 -3.097891693031135790e-02
-9.581160941320187030e-01 -2.850635837195760192e-01 -2.742823849750814641e-02
-9.565760019856336394e-01 -2.903759203353979412e-01 -2.538074320922127300e-02
-9.552731302165853311e-01 -2.943559099408549762e-01 -2.842270015433209437e-02
-9.549186234919899707e-01 -2.961743984272979247e-01 -2.027690932441120891e-02
-9.554240734545264013e-01 -2.943638346362929537e-01 -2.268870970975261914e-02
-9.533382671553950471e-01 -3.009791011578852871e-01 -2.361639042241861497e-02
-9.517068107069858174e-01 -3.066206007109840148e-01 -1.542590278303272201e-02
-9.509281374579776625e-01 -3.090067083136040504e-01 -1.582834216292739599e-02
-9.503835152766869632e-01 -3.106750318379142839e-01 -1.588090963674680320e-02
-9.494517260635808586e-01 -3.137693220673840599e-01 -9.499320076642038535e-03
-9.501652712074425411e-01 -3.116872624186031171e-01 -6.083796517917742369e-03
-9.499901582455628768e-01 -3.121715039037998296e-01 -8.225335412011794758e-03
-9.505511013377606622e-01 -3.105036096088974462e-01 -6.333792951471890406e-03
-9.522299036705413888e-01 -3.053178053815061022e-01 -6.265224868564353913e-03
-9.509440250027710873e-01 -3.092488959268338555e-01 -8.401574971177716566e-03
-9.504713567284164277e-01 -3.107214157888602002e-01 -7.510432048151086462e-03
-9.500300084012082147e-01 -3.121255220616023784e-01 -4.543828186691811072e-03
-9.482780043059253483e-01 -3.173581754499893437e-01 -7.253956730643612225e-03
-9.485826114418887123e-01 -3.163512648169447550e-01 -1.062597662394615221e-02
-9.493393472414187739e-01 -3.141622242932143316e-01 -7.543574096738060210e-03
-9.499094616314937012e-01 -3.123720060981863833e-01 -9.785162755475935309e-03
-9.492270381919615252e-01 -3.145315906750568713e-01 -6.157375910086571730e-03
-9.481017888186726861e-01 -3.179622259805756634e-01 -1.739431184081498792e-03
-9.476642682152791597e-01 -3.192684165667473151e-01 -3.430005165142955160e-04
-9.472176974900348156e-01 -3.205508406054889403e-01 5.079065434561606113e-03
-9.467082079601616407e-01 -3.219503224267401542e-01 9.568888829956649633e-03
-9.456049912240384048e-01 -3.251488471703986027e-01 1.046099876671022395e-02
-9.448821470989146043e-01 -3.272838589071767612e-01 9.110903158728863444e-03
-9.451847710038836503e-01 -3.264392207960325476e-01 7.949122646760191715e-03
-9.429051267203998332e-01 -3.329531251954767068e-01 8.493715385309130728e-03
-9.421174841140202982e-01 -3.351620706571525887e-01 9.002071424502117863e-03
-9.432914672426190306e-01 -3.318253596603268907e-01 9.651077572929916276e-03
-9.449086791457156354e-01 -3.272245548161867301e-01 8.466612635605247350e-03
-9.467031386443462981e-01 -3.220051144193998849e-01 8.116543958807830375e-03
-9.473259573046243220e-01 -3.199883958535184036e-01 1.345220840333113260e-02
-9.459901568929213189e-01 -3.238911076693247182e-01 1.404201532395834076e-02
-9.476308388845586794e-01 -3.186910841352131873e-01 2.077958337292000468e-02
-9.491076957117142721e-01 -3.138397177193744669e-01 2.644274549580338460e-02
-9.514499809589158641e-01 -3.064673370035068123e-01 2.864804309485818531e-02
-9.539897060961400888e-01 -2.983465792586691423e-01 2.988251535950459462e-02
-9.553788968128494874e-01 -2.933471452195542950e-01 3.462111314747037122e-02
-9.570779671584379589e-01 -2.878749173479525081e-01 3.361253135098069694e-02
-9.584983480705409065e-01 -2.829364076400492367e-01 3.504156918704961349e-02
-9.596901139484169674e-01 -2.784612146259507481e-01 3.813453574778483818e-02
-9.619267772646465930e-01 -2.703890669360954901e-01 3.983256717714983575e-02
-9.657715138170690494e-01 -2.562932313521256722e-01 3.998960418118609889e-02
-9.671618115853682918e-01 -2.511193085898894006e-01 3.920623470948861322e-02
-9.695800462494672534e-01 -2.414908888919319319e-01 3.995860807777631279e-02
-9.704579265327020199e-01 -2.379713044440102676e-01 3.976275835014076582e-02
-9.720956009366757966e-01 -2.313292470666743206e-01 3.894775893634394581e-02
-9.737888891646427902e-01 -2.238861420113620049e-01 4.012730575751501799e-02
-9.752140001203124520e-01 -2.178479837237132788e-01 3.872874718306861669e-02
-9.768309970168304046e-01 -2.097360968179487750e-01 4.256734600017247211e-02
-9.777575123422435066e-01 -2.054273067809991582e-01 4.230691045423026070e-02
-9.797713201272323369e-01 -1.958745310026154540e-01 4.100407717776766159e-02
-9.804960806750321334e-01 -1.920584351609033458e-01 4.172528330736492708e-02
-9.810452207945894454e-01 -1.887232555652273436e-01 4.397514785245161539e-02
-9.831977025900261458e-01 -1.778677056261078748e-01 4.105316992510262691e-02
-9.843555424224657013e-01 -1.705968288075483119e-01 4.405558020411156489e-02
-9.856910109907756068e-01 -1.624575687163526960e-01 4.495303417000062057e-02
-9.862060736748399226e-01 -1.585155113320776132e-01 4.764891385038670657e-02
-9.871638669119029430e-01 -1.510031781935769202e-01 5.201486680528512319e-02
-9.889549163266028176e-01 -1.387854427590556605e-01 5.202673046192671930e-02
-9.901662254470180446e-01 -1.306146080420247657e-01 5.010665020605812453e-02
-9.914285972416215786e-01 -1.207882465919153797e-01 4.979500267788890960e-02
-9.927259294875288020e-01 -1.077964738081436530e-01 5.362047802422480192e-02
-9.943478765997688651e-01 -9.130032564157231079e-02 5.419001243529160405e-02
-9.949084496350850682e-01 -8.286317353993820356e-02 5.736617625339834881e-02
-9.957275637421365566e-01 -7.415357057586360878e-02 5.502611626562972647e-02
-9.964727040118945833e-01 -6.175644186651042117e-02 5.681812071051244029e-02
-9.966607511881742099e-01 -5.409471593917995064e-02 6.116465998981528152e-02
-9.972546145079786983e-01 -4.444268664146405062e-02 5.922911691982472165e-02
-9.974791449950647371e-01 -3.402254285737769945e-02 6.227221700233899482e-02
-9.976027527734099287e-01 -2.101397897952558824e-02 6.593305479870467667e-02
-9.982616759688870411e-01 -7.656987776963908657e-03 5.843803321187206884e-02
-9.979307280483630249e-01 6.983060615675393615e-03 6.391796586622755516e-02
-9.981298758858880849e-01 1.343713327131067919e-02 5.963389754307760887e-02
-9.981619627077182866e-01 1.753750806309914076e-02 5.800982156537579787e-02
-9.978495776054374655e-01 2.638222801535341014e-02 6.000171597696685177e-02
-9.973635975792176644e-01 3.370512377094185552e-02 6.426372427538680487e-02
-9.969833444241169573e-01 4.304859370235981919e-02 6.458356556674856030e-02
-9.967797850036569374e-01 5.182640886265675595e-02 6.118897555908683894e-02
-9.964868370971974310e-01 6.075837030482301310e-02 5.764035801595043113e-02
-9.957933293629286364e-01 6.861404749882765719e-02 6.072696852819371716e-02
-9.946338505914169570e-01 8.229088268667339445e-02 6.270343773140590882e-02
-9.936848788659031761e-01 9.522753968470765162e-02 5.934715090997624842e-02
-9.926598027489730303e-01 1.055327418168095915e-01 5.907083474116617272e-02
-9.916394669995813871e-01 1.141659902811467953e-01 6.014400508829146480e-02
-9.905032379739683313e-01 1.242945401361590652e-01 5.877252707406520338e-02
-9.891029980018322121e-01 1.327816613639487553e-01 6.359478887632427635e-02
-9.877770546999795620e-01 1.406257787882244092e-01 6.723755004904788390e-02
-9.861608672970405554e-01 1.512250894972523574e-01 6.795383556884558585e-02
-9.854293600781910412e-01 1.587603062985321611e-01 6.102580701366648597e-02
-9.838447679431115978e-01 1.670469444118130864e-01 6.438011161147048911e-02
-9.818708874288704092e-01 1.787074464595811707e-01 6.319190403848944093e-02
-9.805171897869727760e-01 1.880225081725616088e-01 5.686461481424816278e-02
-9.780815678197530838e-01 1.997661316275695098e-01 5.873624919079234452e-02
-9.758483460572169310e-01 2.114083251529025043e-01 5.501393377333013701e-02
-9.745593500010337751e-01 2.177286231288575180e-01 5.318201998143348708e-02
-9.720174392052296497e-01 2.287101353663390513e-01 5.360764073550532138e-02
-9.698688748924041425e-01 2.378809707159167952e-01 5.260243830982810898e-02
-9.680363110268703775e-01 2.458638166894814847e-01 4.956502119235293990e-02
-9.665190984421127007e-01 2.529704159799646690e-01 4.297450476042409540e-02
-9.645305182135419653e-01 2.608745413869730245e-01 4.031575478859484446e-02
-9.645800682052267927e-01 2.605207210576756527e-01 4.140353744249785500e-02
-9.625491008865827425e-01 2.685323626320653689e-01 3.727741405157903448e-02
-9.621980507631643365e-01 2.698309524085206190e-01 3.696180764390000206e-02
-9.605933248399205482e-01 2.758752984533016095e-01 3.396013591347783744e-02
-9.586609002144202973e-01 2.829614590079046477e-01 3.003494598758842810e-02
-9.558984062790224501e-01 2.919992082736987404e-01 3.153896349286706285e-02
-9.538662556819762495e-01 2.990061945497964335e-01 2.710108402276135628e-02
-9.538088925840689791e-01 2.994449768204173190e-01 2.411035358873488826e-02
-9.511573809962210468e-01 3.077974437602024049e-01 2.367228406045596492e-02
-9.506526909320740515e-01 3.093871983744475584e-01 2.321700982115666723e-02
-9.477204530352459910e-01 3.183445272088394895e-01 2.197069926807402457e-02
-9.479016075446350387e-01 3.179668175282242548e-01 1.948466338112334745e-02
-9.480041975252050390e-01 3.180143012688704807e-01 1.244798925775755620e-02
-9.475510930536159560e-01 3.195465819636689742e-01 6.075756275292416332e-03
-9.469007093679665532e-01 3.215230079858221179e-01 -1.417281009292614691e-03
-9.482303687049620233e-01 3.175808449165691827e-01 -1.257598778990144488e-03
-9.491140216645677086e-01 3.149197999970680950e-01 -2.846088763994255970e-03
-9.492876492881056061e-01 3.144081251578551561e-01 -7.046317945352256404e-04
-9.495414499563195054e-01 3.136008583709406494e-01 -5.054031595064683788e-03
-9.515821917519473594e-01 3.073307271749611824e-01 -6.258059802378096101e-03
-9.527731310046461122e-01 3.035946154354494109e-01 -7.326470296354551867e-03
-9.528410523393806564e-01 3.033953905187418143e-01 -6.721074401712235150e-03
-9.542550734236310284e-01 2.989068092975222246e-01 -7.209789960949719405e-03
-9.544420654408559690e-01 2.983446033461757407e-01 -5.554118774417689079e-03
-9.568726670913101362e-01 2.904729247912771206e-01 -4.492856266173471218e-03
-9.580056220378825316e-01 2.866450874224797940e-01 -7.734916207539620572e-03
-9.577669775777285510e-01 2.874782440110290049e-01 -6.219551414235918382e-03
-9.584629393932045938e-01 2.851925852706761466e-01 -3.740324699635093949e-03
-9.578642965310288915e-01 2.871364147090745833e-01 -6.976794216621491282e-03
-9.573445926553502128e-01 2.889134464927590185e-01 -4.512010349608462298e-03
-9.588716645400900962e-01 2.838152330289245295e-01 -3.748506416320636359e-03
-9.592813780400353263e-01 2.823953456568321640e-01 -5.666866902778193785e-03
-9.592977992861843051e-01 2.823934089988070495e-01 -1.304507767650984335e-03
-9.591472469268519374e-01 2.828876026126609933e-01 -3.342139393483222615e-03
-9.578533600995911002e-01 2.872213073809812278e-01 -4.568149266600813121e-03
-9.579745857667727460e-01 2.867608572184865978e-01 -7.273971407943153819e-03
-9.565505348754674841e-01 2.909935007753224334e-01 -1.827193325640755553e-02
-9.585688806596951439e-01 2.841519242194255890e-01 -2.008461770258542292e-02
-9.600630252518547181e-01 2.791603339219487778e-01 -1.866821780412671050e-02
-9.605149360495884858e-01 2.770443625500194074e-01 -2.564148466212874330e-02
-9.609945352902397042e-01 2.749425998675439908e-01 -2.993454448974287516e-02
-9.621130343419611597e-01 2.706139184141815868e-01 -3.326594969590783435e-02
-9.628892774065868077e-01 2.672382676508499588e-01 -3.778829159284794598e-02
-9.650129382341084971e-01 2.596217022435521882e-01 -3.669615728910610719e-02
-9.660407458372149980e-01 2.555748104394916509e-01 -3.803683583559542419e-02
-9.664367357990991669e-01 2.537942649881927415e-01 -3.985616653323446196e-02
-9.672495061665686844e-01 2.508775171178604935e-01 -3.858589725984695740e-02
-9.686436190050096151e-01 2.456270679126764667e-01 -3.737499247811031100e-02
-9.702196134151441775e-01 2.387064870772327430e-01 -4.114756370434234645e-02
-9.702911434362517795e-01 2.384898626949288614e-01 -4.071473428348684059e-02
-9.723923567402196211e-01 2.289001122270649669e-01 -4.536353758595454422e-02
-9.741173199172570296e-01 2.213062488571487518e-01 -4.603258240722622047e-02
-9.747759460765641482e-01 2.180785017723203267e-01 -4.747240700498332050e-02
-9.763150541116983883e-01 2.098880968678276393e-01 -5.249675695862141001e-02
-9.776684561863868694e-01 2.034773845398917536e-01 -5.254856176930343403e-02
-9.805535178352491332e-01 1.884027630849593737e-01 -5.494729606147617795e-02
-9.809202571836141971e-01 1.865358296414797445e-01 -5.477080541264352231e-02
-9.829861359065181770e-01 1.740914850290122828e-01 -5.856978634557315905e-02
-9.847062904763088653e-01 1.633066900169807267e-01 -6.069971166431593901e-02
-9.867700240861685401e-01 1.508954017401691883e-01 -5.929170013277441920e-02
-9.877592363143156140e-01 1.442198302183622938e-01 -5.943349272966003127e-02
-9.886932636046120715e-01 1.361785801638618065e-01 -6.277765052705819304e-02
-9.894579442473598885e-01 1.291195002520101054e-01 -6.558307662868288757e-02
-9.908009185132827801e-01 1.175933967950659742e-01 -6.697269368183204896e-02
-9.921661893693304313e-01 1.043625008324492176e-01 -6.866389138452355656e-02
-9.930560922360450737e-01 9.474810573259122293e-02 -6.973093324479485988e-02
-9.933878800131915598e-01 8.970093519277652638e-02 -7.165382781078825924e-02
-9.938447957884143369e-01 8.327361668020778762e-02 -7.306186188058734488e-02
-9.951797861454303451e-01 6.608990875181113001e-02 -7.245223349634115351e-02
-9.958129251828997663e-01 5.327307397698709257e-02 -7.428732556286943289e-02
-9.962608964412195123e-01 4.804641535786478151e-02 -7.180374097130579059e-02
-9.968041351572123343e-01 3.601745249515746206e-02 -7.130405456819828569e-02
-9.972297797419550358e-01 2.832284101069931434e-02 -6.877929847281119558e-02
-9.972578233274481674e-01 1.727356406712838438e-02 -7.196156550267254759e-02
-9.973803447727148663e-01 3.288625684362266391e-03 -7.226092960029711909e-02
-9.973090498641249413e-01 -4.927890531324270046e-03 -7.314632017339622871e-02
-9.973935247417216043e-01 -1.568085469865386494e-02 -7.042923251156243958e-02
-9.972029049145990642e-01 -2.155953663497798753e-02 -7.156508950725139206e-02
-9.965974991596102672e-01 -3.126526550769387347e-02 -7.626216072679756208e-02
-9.962397751201840235e-01 -3.602647405652684154e-02 -7.879348325889772020e-02
-9.958299965156878208e-01 -5.026468047797402749e-02 -7.613205039551589060e-02
-9.954193702828059154e-01 -6.234251294998850029e-02 -7.248239359201341658e-02
-9.949628876835541202e-01 -7.047444961119014861e-02 -7.128964216800441622e-02
-9.935743288716741839e-01 -8.285892034010608476e-02 -7.710033534258778354e-02
-9.931997177147376954e-01 -8.921769388889212726e-02 -7.479661168364949708e-02
-9.924440854773228793e-01 -9.887542351353184600e-02 -7.265257733187592548e-02
-9.902922003929784944e-01 -1.162672104982235555e-01 -7.617941517082553460e-02
-9.889766399453761014e-01 -1.305344226480292524e-01 -6.989978104325744734e-02
-9.873764000779451377e-01 -1.433478350711326343e-01 -6.737396901555027517e-02
-9.862903323862054483e-01 -1.522475974566573076e-01 -6.365577899423814634e-02
-9.844418670228418655e-01 -1.646959106785967630e-01 -6.123296573603120158e-02
-9.829699612320633717e-01 -1.750449358717360848e-01 -5.594045427124640091e-02
-9.811911455268487181e-01 -1.846268423620480714e-01 -5.636376254756575443e-02
-9.794754657239514994e-01 -1.941700042298238893e-01 -5.409094260119517300e-02
-9.782165151828738914e-01 -1.989856928186772012e-01 -5.913672530457156351e-02
-9.770585024558327003e-01 -2.049665013179654827e-01 -5.783964797668211116e-02
-9.743232113291591112e-01 -2.168232413631639710e-01 -6.067924404973849134e-02
-9.725039853900224740e-01 -2.241453697405910161e-01 -6.320490888857988043e-02
-9.699630828412880712e-01 -2.358705002104263815e-01 -5.947044631689770572e-02
-9.672952249236949074e-01 -2.473516398903404245e-01 -5.618828182842270508e-02
-9.650910179705631808e-01 -2.553529724290853342e-01 -5.825972537503117110e-02
-9.641346250139859464e-01 -2.598284633024283696e-01 -5.416275003383590192e-02
-9.622585468887094873e-01 -2.673168259759676202e-01 -5.099227733579730915e-02
-9.604041678899915002e-01 -2.749641342496161878e-01 -4.492847547376480066e-02
-9.582662211885145664e-01 -2.824725434406541447e-01 -4.399000168682366124e-02
-9.557684511025557050e-01 -2.906756934874112352e-01 -4.488115249434493359e-02
-9.552727225901460617e-01 -2.928663660909680555e-01 -4.102835405923102585e-02
-9.547219338258942090e-01 -2.952550294524920460e-01 -3.647609371584403098e-02
-9.535460843606687886e-01 -2.990634801234995921e-01 -3.620647192085593019e-02
-9.502887489413208710e-01 -3.096879464195601006e-01 -3.232148241212850354e-02
-9.476469875238786589e-01 -3.171584269261533140e-01 -3.709080806917733342e-02
-9.441162668126885649e-01 -3.277175110496081123e-01 -3.529470813196624451e-02
-9.431098537355462330e-01 -3.307471750528792054e-01 -3.391339954320701788e-02
-9.403741449234278571e-01 -3.385545142599151736e-01 -3.282250906398440776e-02
-9.388892325038851183e-01 -3.429858786145578708e-01 -2.911536915623193569e-02
-9.372319438067832076e-01 -3.479691881795626274e-01 -2.266574301118141552e-02
-9.332865625225494899e-01 -3.584906628161697584e-01 -2.146264584167819831e-02
-9.349186329724887834e-01 -3.541941779159928361e-01 -2.176332508286943010e-02
-9.346393739833361858e-01 -3.553711651726221832e-01 -1.267217018649666530e-02
-9.346641970264908394e-01 -3.553391192576814683e-01 -1.170288239913016941e-02
-9.341942207607062398e-01 -3.566953645053280719e-01 -7.041534234949275647e-03
-9.337449661242464005e-01 -3.578896142898688737e-01 -5.947317415519640105e-03
-9.340371605210282535e-01 -3.571753899099848195e-01 5.762244649785601761e-04
-9.328768676207384036e-01 -3.601813306266794523e-01 3.188625163820357506e-03
-9.328376013681751733e-01 -3.602676143175975731e-01 4.611285549273323563e-03
-9.342403893527816416e-01 -3.566176716286376669e-01 4.328924249221602176e-03
-9.332417613164911696e-01 -3.591771347707627404e-01 7.183952484113517896e-03
-9.356304996068797175e-01 -3.528010459684458588e-01 1.126937307408442876e-02
-9.363637535063290551e-01 -3.506289232663263866e-01 1.680142744890358170e-02
-9.364915614576756475e-01 -3.498373037500202010e-01 2.444227894929229192e-02
-9.375458969944149290e-01 -3.468100428698510651e-01 2.702765308150387874e-02
-9.389872111702636248e-01 -3.429826564661156429e-01 2.580549234161274436e-02
-9.390837186313703011e-01 -3.426578380912654875e-01 2.659669551241483632e-02
-9.415240814935751379e-01 -3.358564067535486641e-01 2.707188305293159458e-02
-9.410992991572796340e-01 -3.371846906491178797e-01 2.527058335755347565e-02
-9.421192797714099676e-01 -3.339728754117718412e-01 2.955317507876740329e-02
-9.414094385786713204e-01 -3.356191522955891404e-01 3.328757361877477533e-02
-9.447522574856439537e-01 -3.252205809630960287e-01 4.092377169273649085e-02
-9.480849834878537497e-01 -3.151264946712170611e-01 4.278043963100587599e-02
-9.493533755075932445e-01 -3.118343119640594741e-01 3.856863750720009726e-02
-9.515104008804866620e-01 -3.053311785835548520e-01 3.742776910843929883e-02
-9.528976688762138547e-01 -3.005893066861045071e-01 4.039939244908301308e-02
-9.543778230855218814e-01 -2.953001324972931996e-01 4.428105993278665109e-02
-9.551833705380573525e-01 -2.926421914132098512e-01 4.455655027260287115e-02
-9.564099990678719410e-01 -2.881630403974607679e-01 4.734961062246639818e-02
-9.584123985225169173e-01 -2.812123692120772622e-01 4.863422288336420596e-02
-9.606569927627407468e-01 -2.736553200931974850e-01 4.744383945226608029e-02
-9.624856320863869330e-01 -2.661432209630559265e-01 5.281291646563840425e-02
-9.637124470084333927e-01 -2.618957354922347713e-01 5.166191428890353626e-02
-9.657674059778877940e-01 -2.543616825211046928e-01 5.092604587451561582e-02
-9.670802653629750889e-01 -2.477187525350365016e-01 5.823392828059538451e-02
-9.686849244957695948e-01 -2.415893346043230250e-01 5.730724945896337186e-02
-9.704371975320943422e-01 -2.350727774489450861e-01 5.470324718487710319e-02
-9.703508840894204956e-01 -2.357400689490985191e-01 5.334596465989826369e-02
-9.728132530169583125e-01 -2.252670819132527036e-01 5.375059892804747580e-02
-9.761714936488629091e-01 -2.093555333394171991e-01 5.709190952049274237e-02
-9.783202833532292919e-01 -1.977201408328898846e-01 6.161314831663551594e-02
-9.800947239017997470e-01 -1.894463001682188952e-01 5.936701407553818949e-02
-9.815982002928527184e-01 -1.799241585529431642e-01 6.397094203850672844e-02
-9.837958738717318408e-01 -1.687802792863041801e-01 6.048889709074097010e-02
-9.842139180606553905e-01 -1.655687900274823710e-01 6.252959373217149841e-02
-9.847087615616924028e-01 -1.615902541539397386e-01 6.509420494138580537e-02
-9.858706002084507425e-01 -1.547413315129910205e-01 6.414273750052069956e-02
-9.886773864644593512e-01 -1.368175923690154172e-01 6.162777316839750108e-02
-9.897870765879936972e-01 -1.291793557228326228e-01 6.028472031831071803e-02
-9.905681717162455602e-01 -1.242484189421481228e-01 5.776710014152885292e-02
-9.914990989762011431e-01 -1.178290794434819905e-01 5.518926532810158186e-02
-9.919558342211741708e-01 -1.132916185346975607e-01 5.646806513841452768e-02
-9.933537999234233196e-01 -1.011951943424124062e-01 5.484314751771875857e-02
-9.941394719415110881e-01 -9.190561080150061457e-02 5.692169340824040913e-02
-9.948997962078521828e-01 -8.106893424373236290e-02 6.001861008070501907e-02
-9.959020697083172946e-01 -7.329012709878307552e-02 5.298711476625227873e-02
-9.964884091356022155e-01 -5.786898686762292909e-02 6.051480235408202013e-02
-9.970563479882051938e-01 -4.960972521178906580e-02 5.845959754309288520e-02
-9.973778550163221457e-01 -4.065080879257663982e-02 5.987434008627891963e-02
-9.977590728678915610e-01 -3.113863819161591384e-02 5.922185584705857986e-02
-9.978944386173324022e-01 -2.685140130715820556e-02 5.903983492854066040e-02
-9.979626271897578116e-01 -2.192535853241879551e-02 5.991563980133561562e-02
-9.982752820973337382e-01 -1.332063864094059323e-02 5.717545009214545365e-02
-9.984346045329279828e-01 -5.564034002581353354e-03 5.565422042217277321e-02
-9.983422512159130235e-01 -3.172994446624808479e-03 5.746905096126778134e-02
-9.982376811510664805e-01 8.081970360125709588e-03 5.878965935781216984e-02
-9.980896123359047634e-01 1.462658399554785278e-02 6.002665386937906106e-02
-9.977566420500756372e-01 1.711913445747553775e-02 6.471961779345092314e-02
-9.976077771933935523e-01 2.631039233347218578e-02 6.392571068751892738e-02
-9.974521280693695591e-01 3.598256780194995785e-02 6.159965271061666053e-02
-9.971777328723343548e-01 4.716284775198095747e-02 5.841442183983223263e-02
-9.970810288715338254e-01 5.284265958351799797e-02 5.510975372371056114e-02
-9.968315824524802693e-01 5.965406701630742575e-02 5.261366903100420794e-02
-9.964601691119719939e-01 6.663437172878247661e-02 5.125428229390978363e-02
-9.959677465974428046e-01 7.433791597924938044e-02 5.022082760636629312e-02
-9.958788961851962052e-01 7.425946924905353630e-02 5.206500651097386440e-02
-9.949979352436790769e-01 8.504962961042947245e-02 5.239922628737243848e-02
-9.943677972624849204e-01 9.331625653201376658e-02 5.024708375271120381e-02
-9.929750414551612447e-01 1.045865491237895489e-01 5.533742455226683260e-02
-9.922407595703184313e-01 1.131614086670886116e-01 5.150514732483684605e-02
-9.910489954780178357e-01 1.231778219584436646e-01 5.146962504989838205e-02
-9.902774227455386491e-01 1.307224119637240278e-01 4.756349770672959471e-02
-9.892650637590455487e-01 1.372313359990836590e-01 5.022154401416343422e-02
-9.890681787646012912e-01 1.394109872802146710e-01 4.804918055272376642e-02
-9.884894150717291605e-01 1.445017422141438579e-01 4.480995586591506735e-02
-9.866360724143957706e-01 1.561274292827115051e-01 4.662076617923998495e-02
-9.853910441864659475e-01 1.646317786846770159e-01 4.359904504586402385e-02
-9.843446531548116774e-01 1.702283475762761400e-01 4.569379367500977368e-02
-9.834673191035350204e-01 1.763584537016216480e-01 4.110641330446603708e-02
-9.816503952144445266e-01 1.858349194485997002e-01 4.275387192690859733e-02
-9.802533730797781120e-01 1.942897924782442942e-01 3.680774453821814701e-02
-9.785488276815041964e-01 2.034371302414391403e-01 3.248899181272438264e-02
-9.768747846085267250e-01 2.114962165092932889e-01 3.138493669046950318e-02
-9.759775262302581300e-01 2.150464490520043737e-01 3.497001241398798449e-02
-9.750489126930462769e-01 2.193198813405372594e-01 3.432806736240837792e-02
-9.752240874876968446e-01 2.186981169848824236e-01 3.330347608862762460e-02
-9.744120697415646903e-01 2.219481200150668909e-01 3.549872030093379621e-02
-9.738743229464597029e-01 2.251799864156957820e-01 2.937320907825840405e-02
-9.726267322626359624e-01 2.308550150538008494e-01 2.651811097761968758e-02
-9.725035277445585047e-01 2.317038030095225909e-01 2.345729525224669182e-02
-9.715065167406352620e-01 2.359963499955291255e-01 2.192759029839977045e-02
-9.686513680408391780e-01 2.480006886819514644e-01 1.449804299652401873e-02
-9.668330158487898895e-01 2.550006993866112404e-01 1.444196729649340795e-02
-9.655494298495354011e-01 2.599655358458950460e-01 1.149896878864736967e-02
-9.640867205118477390e-01 2.654950844732147375e-01 7.011627045658494657e-03
-9.647244216087006441e-01 2.632345700496545593e-01 3.789322714042673863e-03
-9.653503887750634060e-01 2.609521039082819960e-01 -1.622951128674862079e-03
-9.651126952938743342e-01 2.617912637416540678e-01 4.777791560811121482e-03
-9.651023143970416385e-01 2.618189138624597567e-01 5.327923686361059168e-03
-9.643185318775324699e-01 2.647430855668854721e-01 -9.355985917510450250e-04
-9.646568166333604477e-01 2.634740185774549492e-01 -4.321496213724651883e-03
-9.658734908064423585e-01 2.588800209671419661e-01 -8.339205098790058307e-03
-9.656895636383558967e-01 2.595381828358271914e-01 -9.143640981728472575e-03
-9.664606397901729373e-01 2.567203968374034417e-01 -6.962569399383156804e-03
-9.662917521423596279e-01 2.574056862496669207e-01 -4.750813262448606682e-03
-9.653403016883549403e-01 2.609762680090780829e-01 -3.081768258337797255e-03
-9.641690914065436102e-01 2.652473685634886835e-01 -4.669523519573126787e-03
-9.657064725042278086e-01 2.595184664230243965e-01 -7.821922880346830406e-03
-9.660729674552832602e-01 2.580688530451447082e-01 -1.017332708414302872e-02
-9.657486560654064967e-01 2.591735478605915466e-01 -1.259417871159202937e-02
-9.683117063700417138e-01 2.494062116153307751e-01 -1.299957251315443825e-02
-9.686169064568915799e-01 2.483916194934838173e-01 -9.104936901694577617e-03
-9.684202458185352524e-01 2.490746745800089534e-01 -1.113741229715279127e-02
-9.689202140081674131e-01 2.471816455305064497e-01 -9.739659551518203839e-03
-9.707220072984692472e-01 2.397702973998061815e-01 -1.445673962240011032e-02
-9.716851852180046212e-01 2.357025182543560360e-01 -1.649945658846849184e-02
-9.735143658442290127e-01 2.274181383321448313e-01 -2.346867189326161743e-02
-9.753309360631975400e-01 2.196655302010781241e-01 -2.183182637297520490e-02
-9.762288991717451569e-01 2.151091714332433458e-01 -2.655540556634275115e-02
-9.787264274526847885e-01 2.037488028448523614e-01 -2.410423669742707206e-02
-9.792571155420095597e-01 2.007825685377330749e-01 -2.723730167296725679e-02
-9.801642773200737180e-01 1.963711517731023259e-01 -2.676506989928886457e-02
-9.809602313168563903e-01 1.919746270746629790e-01 -2.937304879126725887e-02
-9.816469605885612681e-01 1.889696093254972786e-01 -2.568541108758277611e-02
-9.823738799831490676e-01 1.841384310788624357e-01 -3.216531041121929724e-02
-9.831728261362435717e-01 1.797918759490191309e-01 -3.234322749220367582e-02
-9.838757372691248060e-01 1.762096924731472725e-01 -3.063799848189337205e-02
-9.842333567270249439e-01 1.742403403653545180e-01 -3.041401573883036405e-02
-9.854801409253807210e-01 1.678650773019242370e-01 -2.549934416917535099e-02
-9.860495514827138930e-01 1.633635589362781304e-01 -3.191612077592477503e-02
-9.870132370513070574e-01 1.559040159733931508e-01 -3.871456177844903590e-02
-9.880593813373843570e-01 1.499296447906518226e-01 -3.549324038006486381e-02
-9.889587664920994614e-01 1.426027266640352564e-01 -4.031166512953267278e-02
-9.886359199814672705e-01 1.437287750717477774e-01 -4.405753919020830717e-02
-9.893865364410503460e-01 1.380260729826393307e-01 -4.542130067430241031e-02
-9.899834805166475293e-01 1.336992941075442753e-01 -4.535655328246084722e-02
-9.908641285232313578e-01 1.261995087715536701e-01 -4.756020129721692108e-02
-9.913326170223164535e-01 1.191181158069518908e-01 -5.541233866357851007e-02
-9.921087866062682226e-01 1.111368273153767045e-01 -5.804111990436833235e-02
-9.932645420445733730e-01 1.013527834789554882e-01 -5.615312312094935393e-02
-9.938996953988208372e-01 9.490851774740172164e-02 -5.617632228466756805e-02
-9.944481426542221003e-01 8.628055297010456259e-02 -6.023759977600817717e-02
-9.953128173968035508e-01 7.472593786211310929e-02 -6.138762528092260584e-02
-9.957304482502076226e-01 6.517601095594306726e-02 -6.536798241291148781e-02
-9.962522736507930521e-01 5.859115066526661419e-02 -6.362778663944859692e-02
-9.968482763041434103e-01 4.401908056540683456e-02 -6.599883170254547404e-02
-9.971501470503780773e-01 2.967860441738817689e-02 -6.935975817695166912e-02
-9.972160720246435739e-01 2.079428555414220697e-02 -7.160806501624050746e-02
-9.972416905006931120e-01 1.080972008429590368e-02 -7.343141302783200153e-02
-9.975186300350504798e-01 -6.186792096559106183e-03 -7.013071741532229952e-02
-9.973391396737852910e-01 -1.533485439495027233e-02 -7.127056839328907434e-02
-9.972923510584571494e-01 -3.184195702646071963e-02 -6.628775848886067634e-02
-9.969593433776072766e-01 -3.993622277222269590e-02 -6.691170625310990938e-02
-9.962320015166421516e-01 -4.838480821633404927e-02 -7.197722099850917266e-02
-9.955768735569472394e-01 -5.800603362111904360e-02 -7.390534459889148977e-02
-9.944289886135240231e-01 -7.280814509858961336e-02 -7.622317102751863249e-02
-9.940708513508795807e-01 -8.381638956266256046e-02 -6.926735467937551738e-02
-9.926389374848428870e-01 -9.840690180392019926e-02 -7.059768137319423487e-02
-9.911714417125971899e-01 -1.096366794335202899e-01 -7.455858840536261356e-02
-9.902192191467905635e-01 -1.197611568964035977e-01 -7.157635556192110116e-02
-9.897675285635458842e-01 -1.270788388169583338e-01 -6.489390828957646018e-02
-9.887631020657826619e-01 -1.351231007416845709e-01 -6.394753185475837709e-02
-9.874243533762315783e-01 -1.461059707541926267e-01 -6.038379490537006122e-02
-9.867005051101807034e-01 -1.520225989758886287e-01 -5.754349248170509412e-02
-9.854069482122700396e-01 -1.610338170625441045e-01 -5.514768336300168022e-02
-9.849589859555593074e-01 -1.646678266427755166e-01 -5.234800499735141333e-02
-9.836061166658377486e-01 -1.731221736445641424e-01 -5.047505249606522304e-02
-9.823215992897902371e-01 -1.801801461137095273e-01 -5.078780551826603956e-02
-9.806373193406392463e-01 -1.891629080780126981e-01 -5.067398543003426986e-02
-9.783718764348354746e-01 -1.992023453855086002e-01 -5.573964592573910082e-02
-9.764268898789397744e-01 -2.095888529152205859e-01 -5.160477038992711263e-02
-9.740237142724528230e-01 -2.197270080591801067e-01 -5.475268871317127972e-02
-9.723565080721489062e-01 -2.270339103616404175e-01 -5.457504656430348794e-02
-9.694851735338269050e-01 -2.388472792697767244e-01 -5.523120924727299014e-02
-9.667103278811839395e-01 -2.504745710937327785e-01 -5.228424196612437014e-02
-9.653779520273124692e-01 -2.568613316494909316e-01 -4.547171118496722009e-02
-9.646196868348393405e-01 -2.601145775842119701e-01 -4.300321788709444287e-02
-9.631416072220289060e-01 -2.655986552909133658e-01 -4.260996578879611835e-02
-9.600727502487887977e-01 -2.764698166188269690e-01 -4.271727025811612732e-02
-9.597026841482042547e-01 -2.782014495082433259e-01 -3.968276681305964171e-02
-9.587258689457123229e-01 -2.815540683398600752e-01 -3.964877383411342243e-02
-9.590348430272050972e-01 -2.814645315771007184e-01 -3.209202117992729364e-02
-9.579215441594982616e-01 -2.847234581474849535e-01 -3.631636208764244672e-02
-9.563620568968294045e-01 -2.902171461529816088e-01 -3.384722426241547344e-02
-9.537786163729951028e-01 -2.985375432125557671e-01 -3.437581466964374083e-02
-9.539726041358592701e-01 -2.983016607615824878e-01 -3.086098108732195089e-02
-9.525265749336645493e-01 -3.026647918869433962e-01 -3.297208307575050928e-02
-9.513240033639319693e-01 -3.066896914574595012e-01 -3.039875296716682343e-02
-9.509895687152689625e-01 -3.079699622236947709e-01 -2.780922391016810852e-02
-9.486907353786592223e-01 -3.149351423225471569e-01 -2.831528083958950032e-02
-9.478691137892532037e-01 -3.179082944436906755e-01 -2.187395365551133425e-02
-9.453396801581268605e-01 -3.252227667384777754e-01 -2.372870980534503779e-02
-9.451254998981951649e-01 -3.257531921460343205e-01 -2.495311221769956275e-02
-9.441873103660308741e-01 -3.288878385921871761e-01 -1.852358062324455795e-02
-9.443041488405430339e-01 -3.282580444134063913e-01 -2.315904206348593647e-02
-9.422845107119500740e-01 -3.343592789582921498e-01 -1.742939935362583515e-02
-9.433694422346960984e-01 -3.313413198531046655e-01 -1.634122853576747483e-02
-9.425801840124600206e-01 -3.338756293080603066e-01 -8.346934736685905284e-03
-9.409807309192347313e-01 -3.382874237685409291e-01 -1.081172775471832964e-02
-9.411806735283837488e-01 -3.377332956752446824e-01 -1.073178771817503638e-02
-9.403026031799823770e-01 -3.402792426903335499e-01 -6.407958110301994158e-03
-9.402649084419568704e-01 -3.403200257458339761e-01 -9.175648081190703256e-03
-9.406147887861668888e-01 -3.393827524824044595e-01 -7.948392027363743520e-03
-9.384375573334428067e-01 -3.453906295619302846e-01 -6.346213780254319342e-03
-9.372406013976851691e-01 -3.486829694027263615e-01 -5.022609542592133478e-04
-9.376633957926693297e-01 -3.474771804321461488e-01 6.853881355379737826e-03
-9.371605084550317377e-01 -3.487424311775945140e-01 1.043592500090868153e-02
-9.388347609619996925e-01 -3.440541925958589542e-01 1.469744139155972421e-02
-9.389226707267207539e-01 -3.438840267437228149e-01 1.296168066180486238e-02
-9.397601431460770316e-01 -3.415542073175377724e-01 1.384223413637476752e-02
-9.424385473267929969e-01 -3.337680513800766469e-01 2.021097076684625141e-02
-9.427068821631668927e-01 -3.322353199819945702e-01 3.038811772375751841e-02
-9.440053667368765167e-01 -3.282388963666546533e-01 3.336324057997398090e-02
-9.465985597791525263e-01 -3.197379050219626428e-01 4.145902246971380767e-02
-9.474112508875307537e-01 -3.170285970850631463e-01 4.364403982305053997e-02
-9.490905329606996732e-01 -3.115896282691247854e-01 4.625014419093958357e-02
-9.508718762929252444e-01 -3.062107231146219410e-01 4.558157466248220074e-02
-9.523842311620195344e-01 -3.014748753253483904e-01 4.557617585355273199e-02
-9.543220842000916804e-01 -2.950288605230441119e-01 4.719473638844764313e-02
-9.561583584871028441e-01 -2.883160171939132543e-01 5.133303001024452222e-02
-9.576820988486913766e-01 -2.821843050243760809e-01 5.671885020267168620e-02
-9.598948567225773498e-01 -2.746122832660038426e-01 5.647982243394301938e-02
-9.621255988984191987e-01 -2.664849121273698551e-01 5.744681010977630009e-02
-9.644682583919541585e-01 -2.569072727752750307e-01 6.164125578567783426e-02
-9.654029665750417655e-01 -2.528932435067425821e-01 6.357776513970037069e-02
-9.679953714451134950e-01 -2.422423397438577541e-01 6.560200041020804174e-02
-9.708257057079756613e-01 -2.297032856815226509e-01 6.880307328161644476e-02
-9.731244656120573433e-01 -2.195569897001485860e-01 6.945153643884187378e-02
-9.753091397117228389e-01 -2.102867407088959695e-01 6.746541183265243602e-02
-9.777835179826673828e-01 -1.983923930727355400e-01 6.767468851541855179e-02
-9.797679219174467713e-01 -1.877160356105268546e-01 6.940837421343283575e-02
-9.821814865828468744e-01 -1.754667899595390712e-01 6.731230378958603933e-02
-9.843367729849887837e-01 -1.642103204191847909e-01 6.415684754683205482e-02
-9.865420759704350839e-01 -1.482987394865089570e-01 6.886384810068482687e-02
-9.874692045011020936e-01 -1.404161794595264190e-01 7.202693994819626966e-02
-9.891809290276645239e-01 -1.258990876042325180e-01 7.530287488252085382e-02
-9.903087600524075329e-01 -1.173770871883434569e-01 7.423740746078578978e-02
-9.916667540707182482e-01 -1.056135127658404671e-01 7.377566183988529258e-02
-9.927632600247378036e-01 -8.988919734122512162e-02 7.963074611254793156e-02
-9.935756589058578614e-01 -8.119919490557521435e-02 7.882965625364524165e-02
-9.944797548535785348e-01 -7.029978257361904626e-02 7.789718595589704975e-02
-9.952489039792939973e-01 -5.811577285777238394e-02 7.811651494537809326e-02
-9.962565679614039382e-01 -4.072617749962181843e-02 7.625118262746496955e-02
-9.966643069810756650e-01 -3.004991655977383436e-02 7.587671103231580227e-02
-9.970814958235049152e-01 -2.039418453182901408e-02 7.357024674790185736e-02
-9.970437574210930798e-01 -1.287911060245706431e-02 7.574884606536708143e-02
-9.968387350849293727e-01 2.792833881529439496e-03 7.940245714229894614e-02
-9.968835604696737462e-01 1.690647093658366462e-02 7.705421294006141453e-02
-9.970208020581252661e-01 3.110774413782924769e-02 7.058216364638641993e-02
-9.964367714121495911e-01 4.280270835309965549e-02 7.267532091995103360e-02
-9.958055950733929462e-01 5.729940637742465814e-02 7.133027606096301043e-02
-9.951460319767263529e-01 6.772464154757602828e-02 7.139860927655418410e-02
-9.942734782262578896e-01 8.339607679502958337e-02 6.682333380044976068e-02
-9.939262172825963360e-01 8.979406628519166766e-02 6.362164087533363210e-02
-9.938883811995306017e-01 9.168556896227532393e-02 6.147889944865710804e-02
-9.930883155454034439e-01 1.007817565232189821e-01 6.015519879422454030e-02
-9.924227994597317748e-01 1.076032340736305520e-01 5.931731602312005636e-02
-9.913264150529541574e-01 1.179881309528929834e-01 5.788568523634932128e-02
-9.904554143844778169e-01 1.254533777938464101e-01 5.709233624612692487e-02
-9.901564949180680086e-01 1.301383582211386170e-01 5.151830739379838903e-02
-9.895744330602627148e-01 1.356921313786005057e-01 4.827110434001530281e-02
-9.887799896514825049e-01 1.418180621386062046e-01 4.692314838752777856e-02
-9.874573464285745228e-01 1.492990599260541895e-01 5.135944518920545349e-02
-9.850141569166876998e-01 1.638372497198095912e-01 5.389322329981149212e-02
-9.840977845035981941e-01 1.699374096945820700e-01 5.169952159387320584e-02
-9.826325796763185627e-01 1.768659820839413865e-01 5.613956812036972194e-02
-9.801089674009340058e-01 1.892000841728887772e-01 5.991455593623568054e-02
-9.801554122766683586e-01 1.899368806637321827e-01 5.673943059648911547e-02
-9.785686968023460386e-01 1.977299280572368256e-01 5.749952240238186130e-02
-9.768803100048825128e-01 2.075239674818818991e-01 5.136805068330758950e-02
-9.754121228143203259e-01 2.137388872032003340e-01 5.372981167879711806e-02
-9.730667307897677976e-01 2.244307795481743639e-01 5.264956331194379363e-02
-9.710956006788621364e-01 2.331089230958506842e-01 5.131840004444317843e-02
-9.697299007017449179e-01 2.396952494235221331e-01 4.658455603232996428e-02
-9.673368372244437463e-01 2.499952330013773816e-01 4.197428193249035100e-02
-9.663008215116766220e-01 2.535303923944374205e-01 4.455419239621571936e-02
-9.658766829261675735e-01 2.552254885494317227e-01 4.407036367587603004e-02
-9.633451821406057158e-01 2.655971527344913596e-01 3.773891077568346242e-02
-9.618607002076534629e-01 2.711287277532876683e-01 3.623836711113391507e-02
-9.607594775023787781e-01 2.752578327691999061e-01 3.426900569420586462e-02
-9.595886509007881537e-01 2.791784627811682573e-01 3.534147519117757097e-02
-9.574445226480048365e-01 2.872831748363047777e-01 2.771959918428517494e-02
-9.553320464232885056e-01 2.939134527618582626e-01 3.091239579864810127e-02
-9.547447687987280496e-01 2.961967669168918404e-01 2.701693081792872625e-02
-9.541468171850762126e-01 2.982389925431788158e-01 2.563917703457467209e-02
-9.525956361018643737e-01 3.036547652847708112e-01 1.885073945760393915e-02
-9.512419369785464207e-01 3.081040366131850838e-01 1.451525431441576426e-02
-9.513626654789937298e-01 3.078453727930263728e-01 1.184558344538559453e-02
-9.505227575694821240e-01 3.102503553753274135e-01 1.584982999484331120e-02
-9.493796541854994109e-01 3.135679488152351424e-01 1.879964233118413056e-02
-9.487739628817571935e-01 3.155979231036454835e-01 1.503100452924778334e-02
-9.501764000688767142e-01 3.114718801298612672e-01 1.225110148842939450e-02
-9.500544569064716116e-01 3.119113869833082253e-01 1.038404685768178418e-02
-9.489417432656001017e-01 3.151964776671637991e-01 1.267916638441100342e-02
-9.487040862224775939e-01 3.159281973142322730e-01 1.224515539865240685e-02
-9.477024832515726915e-01 3.190532451236007261e-01 8.064917341768331957e-03
-9.473610994955400377e-01 3.201372421649499311e-01 4.371065416602136836e-03
-9.482596306843458223e-01 3.174833116768674968e-01 2.834167673030826666e-03
-9.456646739803842294e-01 3.251403352847274664e-01 1.448998458209276681e-03
-9.466648331769426106e-01 3.221283096479684582e-01 -7.684967516053507232e-03
-9.461984298069557875e-01 3.234777501274253009e-01 -8.407709175597178480e-03
-9.461555058894017822e-01 3.235492509026188235e-01 -1.027880773874160526e-02
-9.484935662529415668e-01 3.164492750500896290e-01 -1.482647770836032983e-02
-9.486116459375102394e-01 3.161867458570525868e-01 -1.272400412157116689e-02
-9.502784726114801295e-01 3.110373864850020098e-01 -1.505264573991465724e-02
-9.524501617072024251e-01 3.042681817842476377e-01 -1.611137784417438976e-02
-9.534799012323337264e-01 3.011196404425788287e-01 -1.424968498340086626e-02
-9.542643173160475500e-01 2.987761756112076728e-01 -1.060296880471146320e-02
-9.552212388966675460e-01 2.957240461278475840e-01 -9.984320928879996879e-03
-9.554459612018838532e-01 2.948861083371061564e-01 -1.285347069918254051e-02
-9.561716474698802593e-01 2.925247836502989363e-01 -1.284698023790265160e-02
-9.563460482445487187e-01 2.917814004041786036e-01 -1.630532989606681832e-02
-9.578187853097801518e-01 2.869283408195110741e-01 -1.597858342094604645e-02
-9.585943097557297898e-01 2.843347167444675860e-01 -1.583450479950967993e-02
-9.587332611575016816e-01 2.836276116702015071e-01 -1.964498057483878360e-02
-9.587513993519981570e-01 2.834317142917810450e-01 -2.149955798109444427e-02
-9.606983403089924822e-01 2.765845191519195612e-01 -2.365832293517635201e-02
-9.612402544425705520e-01 2.745818681766660219e-01 -2.493961686942354830e-02
-9.630388558850792036e-01 2.673892887258407236e-01 -3.254449702979837766e-02
-9.649142526687126686e-01 2.601976578924013461e-01 -3.518064789191250458e-02
-9.659737739186559091e-01 2.571583886486829562e-01 -2.764498865473959816e-02
-9.664746769505779822e-01 2.545699353096952389e-01 -3.347926381794892603e-02
-9.689084415069456613e-01 2.445281317361635287e-01 -3.771524081654011040e-02
-9.702857677851969287e-01 2.390432476123234007e-01 -3.746824281082941632e-02
-9.724789783670090282e-01 2.301933812852325623e-01 -3.599525415091221758e-02
-9.736491853055898593e-01 2.244217388763021237e-01 -4.052359498976598057e-02
-9.751436276643818957e-01 2.177855788535981996e-01 -4.079659030610401776e-02
-9.772554878098219655e-01 2.084569340215440547e-01 -3.895424009485215500e-02
-9.780626035127617524e-01 2.047329153404147672e-01 -3.844465635150086380e-02
-9.797692109546005668e-01 1.966809228900424367e-01 -3.699895175489609223e-02
-9.800297429458109111e-01 1.955330829214781685e-01 -3.617362327410084816e-02
-9.804257926522615962e-01 1.937801848706692254e-01 -3.484995900648351491e-02
-9.813233757838267790e-01 1.899446170093428143e-01 -3.042185234286203660e-02
-9.818177861775315707e-01 1.866784449521839417e-01 -3.442393764992275618e-02
-9.825933359555510949e-01 1.823227688674060598e-01 -3.561963861756140687e-02
-9.831327868380108637e-01 1.782075271882656020e-01 -4.113411549152991287e-02
-9.835868535368463839e-01 1.756021662586104704e-01 -4.148247246166707897e-02
-9.851086397450438126e-01 1.670044753875143395e-01 -4.087160214253549029e-02
-9.859219372243154256e-01 1.625153701270715956e-01 -3.932814372486343607e-02
-9.863535411161077349e-01 1.586465343903884773e-01 -4.402253920418958133e-02
-9.867926409138175758e-01 1.558829502292110591e-01 -4.405456357438452403e-02
-9.874769154096096901e-01 1.509223409486734613e-01 -4.595436371555385036e-02
-9.886299947043764025e-01 1.441398514496252670e-01 -4.283050040515647139e-02
-9.894700450981347428e-01 1.380888446414115511e-01 -4.336491481468163212e-02
-9.906698834201396187e-01 1.276732169927319582e-01 -4.767333560656029229e-02
-9.912183400778148412e-01 1.204648711113970871e-01 -5.453835962733255549e-02
-9.921890474458503473e-01 1.122719800785166866e-01 -5.436830109739716060e-02
-9.928478732446983646e-01 1.069040507491221537e-01 -5.314734260071506816e-02
-9.936723438734669234e-01 9.874575395874192474e-02 -5.352162745054120374e-02
-9.944134469397252207e-01 9.053443698670689266e-02 -5.427179573843188276e-02
-9.954786287163456260e-01 7.588324534476803551e-02 -5.713185282741178178e-02
-9.959835324833224979e-01 6.930248040948321087e-02 -5.669201865524225309e-02
-9.966264008520328010e-01 5.962086134749752797e-02 -5.640200126865907437e-02
-9.972269998992182582e-01 4.748784360936660759e-02 -5.729948662188343034e-02
-9.976525432000895588e-01 3.700589804889518886e-02 -5.761928810203727214e-02
-9.976046964742800727e-01 2.443745274495102288e-02 -6.471241636564228905e-02
-9.979987256581546173e-01 1.559583100162717853e-02 -6.128074657119420704e-02
-9.979265951785212252e-01 5.977022087438856740e-03 -6.408433653733534852e-02
-9.978865729725981959e-01 3.742409417632783751e-03 -6.487216819772169407e-02
-9.978037685428995385e-01 -3.687632369885024235e-03 -6.613665589373356191e-02
-9.975576103717453957e-01 -1.592782680925444727e-02 -6.800834379205797364e-02
-9.970235669988805061e-01 -2.947271558379655279e-02 -7.124172027360459181e-02
-9.965782956639508416e-01 -3.714747207776228355e-02 -7.383618968059715848e-02
-9.963382572179306784e-01 -4.951775894248637566e-02 -6.969996764219188456e-02
-9.961445272371810544e-01 -5.838238916500169962e-02 -6.547972313209331208e-02
-9.956579615783234249e-01 -6.882345975401611693e-02 -6.267831486301422839e-02
-9.943911718667445276e-01 -8.503550243183699564e-02 -6.289019713601566586e-02
-9.933086250253679861e-01 -9.754828196333432955e-02 -6.182494919322290700e-02
-9.921764277127917975e-01 -1.085756312512590194e-01 -6.162211285049159354e-02
-9.912734444334325712e-01 -1.170604672652045819e-01 -6.061205780471056598e-02
-9.900438839054385154e-01 -1.241472569420344341e-01 -6.633688867792239541e-02
-9.880477537233099961e-01 -1.352576751057687210e-01 -7.393926031166062063e-02
-9.862016954109009692e-01 -1.482489546583947992e-01 -7.367821881452669974e-02
-9.846407202195484043e-01 -1.597912374750858344e-01 -7.035217634075856263e-02
-9.831109286582290219e-01 -1.706266137629771640e-01 -6.617761383739627357e-02
-9.807946783727160556e-01 -1.834094592921814149e-01 -6.635348577404129311e-02
-9.806269074218146864e-01 -1.878201103295634722e-01 -5.562814305204213938e-02
-9.784984805132111996e-01 -1.985739348445985375e-01 -5.575958880625722647e-02
-9.762617282076632153e-01 -2.097450385293943009e-01 -5.403769498659891785e-02
-9.745738288851831799e-01 -2.169836838415771796e-01 -5.589229644522708540e-02
-9.737391421834200589e-01 -2.216955965737766043e-01 -5.179923943742208853e-02
-9.730308831979305184e-01 -2.267643829328328808e-01 -4.229457060608149410e-02
-9.715387971001878675e-01 -2.330824444609977120e-01 -4.224873415579630254e-02
-9.702546746657176868e-01 -2.381371614942038306e-01 -4.354967700791870927e-02
-9.679080920671880861e-01 -2.482021345950586322e-01 -3.936548112140039746e-02
-9.660506202823790911e-01 -2.555384472377080218e-01 -3.803046645129960074e-02
-9.650055720384314029e-01 -2.592349459749846430e-01 -3.951587136547492912e-02
-9.634569144512408201e-01 -2.652678193990779532e-01 -3.719910348062023531e-02
-9.620141319347047526e-01 -2.701690676215889875e-01 -3.921097061804472428e-02
-9.598301545386240807e-01 -2.775862040076688686e-01 -4.088996448822296292e-02
-9.595583525147851622e-01 -2.791223328725080943e-01 -3.658560934401448167e-02
-9.573508879977948860e-01 -2.870139693443374274e-01 -3.320051389192062857e-02
-9.553758074492667562e-01 -2.936636911362641711e-01 -3.191736996821770145e-02
-9.530816769307312031e-01 -3.016267433040292212e-01 -2.562498423462371624e-02
-9.515081576145077991e-01 -3.064263032987309954e-01 -2.711386528064039375e-02
-9.511472096671529375e-01 -3.074789472985134942e-01 -2.785134761606514534e-02
-9.487151889115864600e-01 -3.149469964705914338e-01 -2.734766486531558377e-02
-9.462108186146402922e-01 -3.223413165376384226e-01 -2.794955112399512623e-02
-9.459671431521025076e-01 -3.235654102192504489e-01 -2.125098612304680140e-02
-9.448885619995218699e-01 -3.267188813355503818e-01 -2.098554278159056596e-02
-9.441862089030497174e-01 -3.287871617668047253e-01 -2.028349564343601488e-02
-9.429841754943408816e-01 -3.323595797864885570e-01 -1.783169967585451071e-02
-9.434312109819811276e-01 -3.311933267997642649e-01 -1.576532458127240244e-02
-9.408899560954512298e-01 -3.383183896563756177e-01 -1.633318053929495167e-02
-9.395689160484317348e-01 -3.421619456346297050e-01 -1.163915374342099074e-02
-9.381229933255242903e-01 -3.461476559447128620e-01 -1.034720356787411852e-02
-9.387442643985505208e-01 -3.445525689748091813e-01 -6.538216363451946830e-03
-9.398831397016751410e-01 -3.414324811621254896e-01 -6.599963057758745193e-03
-9.386470824039588878e-01 -3.448191036965437828e-01 -6.438588279301832827e-03
-9.414360936020410575e-01 -3.371341382390569130e-01 -6.218481105925282096e-03
-9.413167535933874008e-01 -3.374942007352229045e-01 -4.522044464528784599e-03
-9.427167370894073972e-01 -3.335657389283617769e-01 -4.366513504263135406e-03
-9.402926495356698222e-01 -3.403670725611940284e-01 -6.485667576442040450e-05
-9.408977687343963447e-01 -3.386604324307050384e-01 4.529395751084361668e-03
-9.415572122319925130e-01 -3.368322651178264349e-01 3.749185745233016287e-03
-9.432179061302130574e-01 -3.321527226560527235e-01 3.816479214848820384e-03
-9.436975419435139623e-01 -3.307926617679908254e-01 3.343556793596793014e-03
-9.442120767062175402e-01 -3.292667987142705033e-01 6.851613459475646220e-03
-9.446730944705103994e-01 -3.277194239568220202e-01 1.388304627333855103e-02
-9.460250913434936626e-01 -3.236593558916635027e-01 1.676792189876787076e-02
-9.460101020823395990e-01 -3.235614805899946211e-01 1.930985129796842018e-02
-9.478854927855853152e-01 -3.181221675522325487e-01 1.764636993591379294e-02
-9.468816000522595200e-01 -3.210042502451250779e-01 1.927490797944488715e-02
-9.458488950260480754e-01 -3.238492312636515047e-01 2.217111758626187645e-02
-9.477277490309327090e-01 -3.180186148821618763e-01 2.600557131869776772e-02
-9.488831662132068967e-01 -3.141936493728338942e-01 3.005167263558888857e-02
-9.494539612168392262e-01 -3.123557926357503622e-01 3.116167193421387829e-02
-9.510553780507734478e-01 -3.071497446841386925e-01 3.395169769351970290e-02
-9.532149614156855133e-01 -3.002699890346510747e-01 3.491685223960259293e-02
-9.550530698637198501e-01 -2.943077055114724505e-01 3.544888970869836814e-02
-9.567834372498492668e-01 -2.882739248118824094e-01 3.825721086102820689e-02
-9.581789571542298489e-01 -2.828728847148234138e-01 4.331319735546921429e-02
-9.619967418430658279e-01 -2.693883811353476876e-01 4.463389751236186698e-02
-9.639815943667195963e-01 -2.620503084425497287e-01 4.548777475396499625e-02
-9.643459007631777213e-01 -2.610852711813732574e-01 4.326061649016835903e-02
-9.674203391680479269e-01 -2.477803670204478670e-01 5.198840312879752373e-02
-9.712816715646839238e-01 -2.319074802883461794e-01 5.320575277835268291e-02
-9.741585822560620000e-01 -2.191151746160315827e-01 5.480523775659546654e-02
-9.766541081059838536e-01 -2.086182623946159498e-01 5.123661150480038340e-02
-9.777045021753005827e-01 -2.042161474618555961e-01 4.888443670680134301e-02
-9.789650869791512999e-01 -1.985050052603876125e-01 4.715016360174811849e-02
-9.804467008247748083e-01 -1.910349929271344949e-01 4.722197463174267196e-02
-9.808064277427027688e-01 -1.862921847683783882e-01 5.756726636185455215e-02
-9.815620938445762667e-01 -1.798731829525493653e-01 6.466460538444719630e-02
-9.828145990172152402e-01 -1.725784282228448319e-01 6.551463430286569301e-02
-9.851760125443850269e-01 -1.582263150872173785e-01 6.627725689781940877e-02
-9.864642636379988838e-01 -1.499184525656223899e-01 6.642839313982419613e-02
-9.874004965585514437e-01 -1.413823523764263790e-01 7.107255186405242453e-02
-9.889150918207274543e-01 -1.309195703873410888e-01 7.005016029098186381e-02
-9.895610185340986131e-01 -1.264951372770634352e-01 6.905062291412664144e-02
-9.906543641199616612e-01 -1.140956530850470718e-01 7.474042309040111742e-02
-9.916382420010383392e-01 -1.043559833069961224e-01 7.591734881153233694e-02
-9.927114606670480734e-01 -9.072242786494968958e-02 7.933104847559767359e-02
-9.933615021801508460e-01 -8.547971789271865961e-02 7.698156974558370558e-02
-9.946126765302690798e-01 -7.231034180757600627e-02 7.427554276141284939e-02
-9.953346467105939066e-01 -5.462728897417525042e-02 7.952873479967516313e-02
-9.961489670263090623e-01 -3.928704202048484417e-02 7.838228745728528790e-02
-9.968184978678450436e-01 -2.354144984884018466e-02 7.614920620244489124e-02
-9.969174198689276789e-01 -1.354925061174095009e-02 7.727933099847966725e-02
-9.973689429244579907e-01 5.157262502207150129e-04 7.249099520798951701e-02
-9.971138986230071444e-01 1.452627441221684100e-02 7.451764419567774578e-02
-9.972973243952110156e-01 2.395398900242294571e-02 6.945697677073528475e-02
-9.965611327676270337e-01 3.798710141500305504e-02 7.364039521016073342e-02
-9.960149345639843776e-01 4.700816650451652978e-02 7.579248987828533790e-02
-9.960220481505485113e-01 5.665959296772648396e-02 6.877345958219022171e-02
-9.950992368232424168e-01 6.750518893614189386e-02 7.225356114345719838e-02
-9.940143749363280490e-01 8.282561659099596518e-02 7.124154921739873914e-02
-9.934297947371152349e-01 9.177254002174968506e-02 6.837442762753427605e-02
-9.923083917827610900e-01 1.039567766089844331e-01 6.720909599296262527e-02
-9.901969946108828413e-01 1.203152505996816224e-01 7.095189396727751008e-02
-9.885945272636277315e-01 1.293750220251840832e-01 7.709074732393117468e-02
-9.876742591024858520e-01 1.384979182638142459e-01 7.292395485698312252e-02
-9.859007351839182975e-01 1.501815588270695723e-01 7.379199469865654892e-02
-9.845330010796136122e-01 1.610646088142823895e-01 6.894185992570524280e-02
-9.845221229218664716e-01 1.624975948278618298e-01 6.565622286602934565e-02
-9.829114429081945437e-01 1.716084476201570341e-01 6.660071026892175339e-02
-9.805302704524954116e-01 1.850386017685254902e-01 6.573524919144700662e-02
-9.798083624649738255e-01 1.903350040741567939e-01 6.122236051823008035e-02
-9.791154963712560555e-01 1.941391421748315804e-01 6.035608160643166770e-02
-9.774219822239509359e-01 2.037335538417222314e-01 5.602611671574143914e-02
-9.773226397903439500e-01 2.067513352812888616e-01 4.576419008193607918e-02
-9.759528190383059965e-01 2.129072411220385985e-01 4.676130532863653072e-02
-9.742961791871316279e-01 2.207220581045314656e-01 4.504160538407254305e-02
-9.723744392957645033e-01 2.286570808499322482e-01 4.694579128257381218e-02
-9.706259423462822999e-01 2.365718377941925243e-01 4.380711864762477231e-02
-9.699091805439727931e-01 2.408179014532229323e-01 3.581812055325211963e-02
-9.682259194189318796e-01 2.472170861058058944e-01 3.771338383202941374e-02
-9.667705420795028592e-01 2.527640761449789775e-01 3.827608670274124103e-02
-9.653752965626045679e-01 2.576102941532163459e-01 4.107908586298326947e-02
-9.627996721215389408e-01 2.674873281018924631e-01 3.830585687220978974e-02
-9.615667503808856820e-01 2.719825021185973135e-01 3.761543679960696607e-02
-9.597162865048058933e-01 2.787303307712337141e-01 3.541285181481945016e-02
-9.596591812515732345e-01 2.797820400868332169e-01 2.786187093336531251e-02
-9.579129879595813524e-01 2.856656814230913999e-01 2.824613149423596190e-02
-9.554345721138565173e-01 2.940548648189848513e-01 2.601024545844200786e-02
-9.554760068295807818e-01 2.938841844806175385e-01 2.641409600774257543e-02
-9.532762498786526706e-01 3.012283042415999645e-01 2.293290414887816375e-02
-9.506906035028843682e-01 3.092627908417401872e-01 2.332210466458460932e-02
-9.498393056630624054e-01 3.120484293453099633e-01 2.076268367227193656e-02
-9.491033492345083422e-01 3.143964966519672832e-01 1.891277934091190743e-02
-9.490981081347446002e-01 3.143566666266737197e-01 1.981628473884985975e-02
-9.473092301256060832e-01 3.197428354052703203e-01 1.922913309005860882e-02
-9.468007244728261496e-01 3.213235361605205620e-01 1.787711045756823838e-02
-9.461691874309520189e-01 3.233519630158238067e-01 1.440119982583182127e-02
-9.469233410808393092e-01 3.214099071597985025e-01 5.645849481290644151e-03
-9.463714359513389907e-01 3.230561481870311002e-01 3.980983400834746909e-03
-9.463557691261100802e-01 3.231098621143834171e-01 3.285291628820242917e-03
-9.462555158285695933e-01 3.234126327851123972e-01 2.187604447978312543e-03
-9.466566931357333070e-01 3.222428954351552188e-01 -7.997415599223130223e-04
-9.447128563678840463e-01 3.278797265344420842e-01 -3.538620265781317227e-03
-9.456322300491790678e-01 3.251474089037408310e-01 -7.672412858555212149e-03
-9.465648552741681154e-01 3.221894531774906478e-01 -1.445507239445985997e-02
-9.461396505353588671e-01 3.236086215991948456e-01 -9.861027291151520935e-03
-9.474737262203419830e-01 3.195953087221163336e-01 -1.234483452203006398e-02
-9.499701400662948769e-01 3.119954012564184476e-01 -1.468403192365144716e-02
-9.502631465987391168e-01 3.111043700742873175e-01 -1.463015218251216033e-02
-9.510387143194097836e-01 3.087450962109901109e-01 -1.420730933682773540e-02
-9.521750802186771390e-01 3.049874401504451549e-01 -1.858214665108737229e-02
-9.530397042692166920e-01 3.022295143413631369e-01 -1.930442860853808298e-02
-9.543743867300659156e-01 2.981006219430165083e-01 -1.748048458137268710e-02
-9.557270463445183273e-01 2.935887550407139668e-01 -1.978570376749099261e-02
-9.570227873001403429e-01 2.885263012909593527e-01 -2.932536080163592601e-02
-9.580181241062969422e-01 2.850020042118336372e-01 -3.122739604840511080e-02
-9.596416814997175138e-01 2.792001567734550549e-01 -3.369175776153553875e-02
-9.613422903548974885e-01 2.733968828108974125e-01 -3.278969642075546531e-02
-9.628706637593290596e-01 2.678279832224351176e-01 -3.388621044327125298e-02
-9.658294734447521179e-01 2.567033891332299866e-01 -3.573258143730694003e-02
-9.679603578541601250e-01 2.488358585270091239e-01 -3.366719861164563232e-02
-9.673883001316997410e-01 2.503610565679584288e-01 -3.846085277335154623e-02
-9.695879619360766588e-01 2.417849407356342795e-01 -3.793739002277663613e-02
-9.715097405447911116e-01 2.341659649948948096e-01 -3.653962013193758768e-02
-9.718721024085644755e-01 2.319462665644312638e-01 -4.081133517379491316e-02
-9.730659946047081066e-01 2.265713869731441621e-01 -4.252053517568785829e-02
-9.747210858734602912e-01 2.180738436864018137e-01 -4.860682203488295161e-02
-9.761702431297484273e-01 2.103622209535960241e-01 -5.328613739675595179e-02
-9.789029835463007867e-01 1.970138950356624674e-01 -5.417097119113611220e-02
-9.812006322027232441e-01 1.839728653715659024e-01 -5.830372783517233370e-02
-9.829287395471921762e-01 1.745868892337582301e-01 -5.805627940587404501e-02
-9.852018832218684130e-01 1.629876988497267754e-01 -5.303092946094369042e-02
-9.870036936684816187e-01 1.509871703524231223e-01 -5.501457278003796247e-02
-9.881088804328345132e-01 1.427648021139250323e-01 -5.708828270812155853e-02
-9.897028227318466209e-01 1.317552592964683078e-01 -5.593652289871825500e-02
-9.902544695480115511e-01 1.284783586642292141e-01 -5.375329856196630479e-02
-9.914432924170173411e-01 1.182777723755118471e-01 -5.523211776666168971e-02
-9.926933051038748790e-01 1.083318776876266154e-01 -5.314345166190651698e-02
-9.936019096351043078e-01 1.019937025346551590e-01 -4.850309206049836092e-02
-9.944506642542235708e-01 9.123795552966759703e-02 -5.237873826788613796e-02
-9.947865950435169635e-01 8.801283541144365452e-02 -5.151108145189893517e-02
-9.951378361070721823e-01 8.420456232583538314e-02 -5.109108738160027946e-02
-9.958352718357726951e-01 7.613220375629842218e-02 -5.015993651329001685e-02
-9.959378866636590111e-01 7.324900615262384951e-02 -5.236725481979482427e-02
-9.963934772752436331e-01 6.483632281667124631e-02 -5.473856263934312461e-02
-9.971360324739595438e-01 5.555454767929080689e-02 -5.131710627779829947e-02
-9.976270760042629249e-01 5.046546016688094327e-02 -4.683454801339154844e-02
-9.977914799934751722e-01 4.290661194832555425e-02 -5.070705584705040292e-02
-9.980083659390504014e-01 3.583436483233960052e-02 -5.191551079314026679e-02
-9.985088747468411352e-01 2.468678992132530836e-02 -4.868890788161316097e-02
-9.986793472713678677e-01 1.959308244031238849e-02 -4.749413299440711361e-02
-9.986889005851087298e-01 1.485932706774657254e-02 -4.898673806361591304e-02
-9.987127324092108793e-01 5.584056558440058521e-03 -5.041544176314817494e-02
-9.987537948540547994e-01 -4.663496728757095949e-04 -4.990651352582006067e-02
-9.988088902786382839e-01 -1.422156927405839131e-03 -4.877292771753434508e-02
-9.985852619840070998e-01 -1.044273012865800862e-02 -5.213870229584550986e-02
-9.984715680683344807e-01 -2.220773992442433287e-02 -5.060992344123870640e-02
-9.984519857754488026e-01 -2.434316222423604098e-02 -5.001062736068608711e-02
-9.982820724320442540e-01 -2.798735663225095788e-02 -5.147457663106003167e-02
-9.981278675281557433e-01 -3.298686441426752769e-02 -5.150385568290209715e-02
-9.976399044559984830e-01 -4.384609677695491120e-02 -5.284090503187209575e-02
-9.973140902466441915e-01 -5.408486754083548925e-02 -4.939081515923562926e-02
-9.968870886567596790e-01 -6.020284476357069814e-02 -5.090943061405472231e-02
-9.963092468514327393e-01 -6.485296586467702296e-02 -5.623164388642763051e-02
-9.967490441254162059e-01 -6.619850972948880530e-02 -4.592516344338338358e-02
-9.966861891418139496e-01 -6.749482055794371604e-02 -4.539944776145234812e-02
-9.966877793620255721e-01 -6.911435948365651782e-02 -4.285669188231929633e-02
-9.956665464624598894e-01 -8.136635522286075894e-02 -4.502960112956374411e-02
-9.951814723400244089e-01 -8.933624100987741512e-02 -4.040907658805720226e-02
-9.942680307847326926e-01 -9.867713754513382507e-02 -4.115733007585444664e-02
-9.940245285892763683e-01 -1.025802103433922502e-01 -3.731698424083838839e-02
-9.926460027712322720e-01 -1.163779474265867614e-01 -3.331826251169395930e-02
-9.921456728815172266e-01 -1.208321328439575237e-01 -3.235088125825268807e-02
-9.915364011735011696e-01 -1.265037513270903247e-01 -2.919565206767180815e-02
-9.906922549868295569e-01 -1.326243959157419883e-01 -3.065363927212484338e-02
-9.901653407248479644e-01 -1.366126782957325370e-01 -3.015947996730656763e-02
-9.897552589063353112e-01 -1.398168178161930952e-01 -2.891029211648976291e-02
-9.894197854203709008e-01 -1.425830279787099475e-01 -2.680649919421863522e-02
-9.885792182938765160e-01 -1.484510191548849833e-01 -2.595080143747761567e-02
-9.874691507191668549e-01 -1.552623041646415403e-01 -2.825444119519987529e-02
-9.862330528301809229e-01 -1.627793334494114785e-01 -2.910797638068680221e-02
-9.854742407051887421e-01 -1.671046706187801489e-01 -3.027490981385250191e-02
-9.848667105147218548e-01 -1.711622409718046856e-01 -2.722259860556535196e-02
-9.840385906898597712e-01 -1.756710025999752567e-01 -2.842131257426901148e-02
-9.832856557742967185e-01 -1.801301147817331583e-01 -2.650435820219473881e-02
-9.829686814886428037e-01 -1.823320802260186557e-01 -2.296962813158493974e-02
-9.823010656580888345e-01 -1.857846375583098453e-01 -2.384753549527689545e-02
-9.820713983363049682e-01 -1.871463695124079563e-01 -2.262797000629633223e-02
-9.818593825277227571e-01 -1.886973120825168881e-01 -1.858756024291494113e-02
-9.822682900885099100e-01 -1.864135809000556920e-01 -1.997506326120518372e-02
-9.819516276156621259e-01 -1.888870493384114668e-01 -9.628269677236823976e-03
-9.812440573467805516e-01 -1.927654489946557526e-01 -1.265498546527261264e-03
-9.814841486474937815e-01 -1.915035946646890808e-01 3.906294635080467641e-03
-9.816000447722730282e-01 -1.909471273719932360e-01 -7.527378903339054100e-04
-9.812343832881392780e-01 -1.928176599434210936e-01 6.745483428543068687e-04
-9.812981696906473150e-01 -1.924639485787507653e-01 3.398620496674636948e-03
-9.810092103286103260e-01 -1.936894388338492035e-01 1.026403890766210483e-02
-9.808591180292673961e-01 -1.941872445540448466e-01 1.437792038076959183e-02
-9.803318282074749979e-01 -1.965666906274853298e-01 1.763696928182575605e-02
-9.801735602853017815e-01 -1.972409534004267995e-01 1.886313773130809945e-02
-9.801919029604166944e-01 -1.967337226706102060e-01 2.279683555216997087e-02
-9.795454984914484520e-01 -1.998308746010613868e-01 2.362748159433972553e-02
-9.802558305397234273e-01 -1.962760329046125407e-01 2.396342111360287228e-02
-9.803069342300448907e-01 -1.954579768987199928e-01 2.818712384572694130e-02
-9.803751103626343610e-01 -1.955420578543486665e-01 2.505926143790290772e-02
-9.812549402493371264e-01 -1.911867933268632525e-01 2.421512482208053318e-02
-9.819175464043272683e-01 -1.877752930418907507e-01 2.404976834689111914e-02
-9.819591222337802350e-01 -1.868586510944862111e-01 2.898528577786221166e-02
-9.827350806658944338e-01 -1.819871027873787295e-01 3.335379827356300952e-02
-9.832961361441732162e-01 -1.797801041450259596e-01 2.842257900668021531e-02
-9.841711135216456574e-01 -1.750003200111548973e-01 2.796654233805288478e-02
-9.847667865834065504e-01 -1.709139862922292030e-01 3.198133193935342317e-02
-9.851082836556607214e-01 -1.692045365902678788e-01 3.052072266046291713e-02
-9.861439135710245996e-01 -1.632767909136399465e-01 2.934095207549487078e-02
-9.860354586504436192e-01 -1.643709326849911445e-01 2.676361295996314282e-02
-9.864679197731892613e-01 -1.608905598547690774e-01 3.154823817811818615e-02
-9.874413995023780810e-01 -1.544087413458219427e-01 3.342818438948229331e-02
-9.873545279669659891e-01 -1.555446330566275792e-01 3.060920811684467516e-02
-9.883275269275852981e-01 -1.499803478138578838e-01 2.673228661022938879e-02
-9.891319319219191719e-01 -1.446060780730803186e-01 2.659179936036532715e-02
-9.893859362640156085e-01 -1.426165310326588664e-01 2.785703793525934682e-02
-9.894735820783507885e-01 -1.416687451565910583e-01 2.952994065902226142e-02
-9.902640347032303225e-01 -1.344647846241829592e-01 3.600533220607757268e-02
-9.912305931357147104e-01 -1.260889089373463945e-01 3.954135981911801462e-02
-9.918911238416884268e-01 -1.221340097096629412e-01 3.514687686761302360e-02
-9.919925038303132325e-01 -1.199862897094161884e-01 3.942313431069367075e-02
-9.926077471529464180e-01 -1.156972694453814038e-01 3.666091892465559582e-02
-9.928935101057627666e-01 -1.132821664662817807e-01 3.646435505604770505e-02
-9.937412559275344837e-01 -1.065246439310233717e-01 3.362792392120807217e-02
-9.945115829543962338e-01 -9.668248090504930059e-02 3.999037784094169878e-02
-9.948934979423721403e-01 -9.231045783855551523e-02 4.081333377250382505e-02
-9.952472767263221831e-01 -8.728629305568970376e-02 4.317386305947284314e-02
-9.955026659808875467e-01 -8.469185331264564298e-02 4.244706385280799799e-02
-9.964320184174314532e-01 -7.488592128260987413e-02 3.892753042972046940e-02
-9.971307691831968745e-01 -6.443686063866484182e-02 3.972582727537225106e-02
-9.973406022070553378e-01 -5.967569695776786531e-02 4.183964243799637162e-02
-9.980246165901097699e-01 -5.072137223130925021e-02 3.707058313304679303e-02
-9.982902304362571977e-01 -4.557043392318645830e-02 3.660563352021546646e-02
-9.985415834028836812e-01 -4.133751627195310363e-02 3.472660303559288453e-02
-9.986988577014335178e-01 -3.924605807808274199e-02 3.256316220653528160e-02
-9.984574213588721658e-01 -3.834725153350701521e-02 4.015329507556357480e-02
-9.985394606033904941e-01 -3.408489336085232524e-02 4.191881170347587504e-02
-9.987972195381675800e-01 -3.083496576608008716e-02 3.812269926455087721e-02
-9.989143106945745920e-01 -2.501603553494377574e-02 3.929909656105573523e-02
-9.992700729836438978e-01 -1.865253906110773269e-02 3.333804160802779359e-02
-9.991188556386716435e-01 -1.707074876028608773e-02 3.834218167039047526e-02
-9.992372989810317518e-01 -1.184136026573062023e-02 3.721052974732972501e-02
-9.993322124826112818e-01 -7.512258120820195818e-03 3.575913953644435650e-02
-9.993976393836511152e-01 -5.347776918489376835e-03 3.428965824070500518e-02
-9.994404006232004978e-01 -1.503588203072731520e-03 3.341625036085666550e-02
-9.994571860902344840e-01 4.880635679803776127e-03 3.258118305173395013e-02
-9.994222905495168119e-01 9.240433913721318379e-03 3.270658124905618386e-02
-9.994224158058641061e-01 1.394394956894682951e-02 3.099067506763709956e-02
-9.993148320827204278e-01 1.657846266747816516e-02 3.309141694340335393e-02
-9.992330106738883666e-01 2.202301332786403554e-02 3.237897719086867826e-02
-9.991135588456712124e-01 2.642954796299971237e-02 3.276578142683712197e-02
-9.988915491999651453e-01 3.108469998226973466e-02 3.534735296146261641e-02
-9.986757803194282745e-01 4.101655720948776951e-02 3.105396108057717486e-02
-9.987646570634423071e-01 3.792972228838530080e-02 3.210166061442038671e-02
-9.985075679386207215e-01 4.512471781834295065e-02 3.076389451265581707e-02
-9.981552834527273044e-01 5.374227022256555797e-02 2.824568917482934635e-02
-9.981701862427899696e-01 5.180018725200400548e-02 3.119359484988149661e-02
-9.977671395188091319e-01 5.861014045629703295e-02 3.202510277306273856e-02
-9.974946428002781085e-01 6.320583933232756801e-02 3.177231387498970910e-02
-9.973528264920419328e-01 6.665823835003559239e-02 2.905235258948004468e-02
-9.970838492756448623e-01 7.085701368705504821e-02 2.833904626809064659e-02
-9.968982210775177988e-01 7.458680301152924297e-02 2.511505333356354314e-02
-9.965350516942241832e-01 7.837397131340109735e-02 2.784657449792565451e-02
-9.960806870943199609e-01 8.235590638193236723e-02 3.226127622011723539e-02
-9.953384069483387497e-01 9.090265116687699931e-02 3.222086473369336485e-02
-9.948595434426229511e-01 9.673608790707675931e-02 2.994392277109664269e-02
-9.943744426137174353e-01 1.009351198385671916e-01 3.211837310305832444e-02
-9.940543388103030287e-01 1.050735930999293910e-01 2.855751931284392434e-02
-9.936407667707120028e-01 1.095922650887363320e-01 2.583761491164177429e-02
-9.933402210456268033e-01 1.120961571972016180e-01 2.663976554703883712e-02
-9.931077829297396686e-01 1.148412443146180767e-01 2.341880243258460600e-02
-9.932012056814729650e-01 1.150919671727250737e-01 1.747067136447626179e-02
-9.927293940865039579e-01 1.189378865817163067e-01 1.849728384814918955e-02
-9.929594082484992645e-01 1.174299554698524928e-01 1.555118721687843292e-02
-9.928950903417350649e-01 1.184591737206060064e-01 1.125984173015126717e-02
-9.931385859783194991e-01 1.161733319633139749e-01 1.339874208956522671e-02
-9.929462772582164920e-01 1.180045659327864788e-01 1.151664850814862993e-02
-9.928765297695583136e-01 1.187771808761966807e-01 9.391390920625845851e-03
-9.929855963897704640e-01 1.180069825724758409e-01 7.346953252467057494e-03
-9.928716656798290963e-01 1.191590197806787765e-01 -2.646473612734638950e-03
-9.928205026861799398e-01 1.195370533958922954e-01 4.285172208349144647e-03
-9.928781931271899452e-01 1.190243033050077948e-01 5.111675001738589727e-03
-9.929556903198535345e-01 1.179749891559459946e-01 1.099633323836002145e-02
-9.928177889851185212e-01 1.190092567461784046e-01 1.223335769472022085e-02
-9.924010141466275137e-01 1.229531634302630100e-01 4.771473980510703046e-03
-9.918781565077943174e-01 1.271915271443362916e-01 2.412236880905338152e-04
-9.917035166967317350e-01 1.283621952800836630e-01 -6.877636241119818895e-03
-9.919860956252536388e-01 1.257758497909303164e-01 -1.200174453339293915e-02
-9.921911739826642096e-01 1.234806258913782040e-01 -1.758492680301400324e-02
-9.921544286338987995e-01 1.235320643482183817e-01 -1.922080050765665599e-02
-9.922337785663039034e-01 1.229363028457603896e-01 -1.894239865377438103e-02
-9.925580242960173605e-01 1.200378524953909509e-01 -2.048176643529758464e-02
-9.931467033369991704e-01 1.148714511337414201e-01 -2.154520317065390655e-02
-9.938479006478455613e-01 1.089659064817324191e-01 -1.981923250122854391e-02
-9.943071501075069207e-01 1.051797652139484923e-01 -1.704489704751874918e-02
-9.940678267546864122e-01 1.079803079415355693e-01 -1.301650060034109657e-02
-9.942103214397901567e-01 1.070390638629921676e-01 -9.407226771178660296e-03
-9.944682563872715431e-01 1.043887428934517775e-01 -1.165752163513637286e-02
-9.942766895848476061e-01 1.062277245944017040e-01 -1.138224473274101339e-02
-9.946242259295715593e-01 1.031434395792492770e-01 -9.170629957085002851e-03
-9.944288166537832430e-01 1.049550887901669199e-01 -9.786640345307729555e-03
-9.949457204524606579e-01 9.987816218906907240e-02 -1.036274360223223001e-02
-9.949212732496871547e-01 9.914405463654180073e-02 -1.738208583049782527e-02
-9.946671091565744138e-01 1.010635081927205581e-01 -2.057983725188137353e-02
-9.949517082950816160e-01 9.756000913072224168e-02 -2.351942291572915039e-02
-9.951140132869341626e-01 9.649511424611210975e-02 -2.090009431994487715e-02
-9.955939624535624644e-01 9.050442502947070311e-02 -2.452818027792344133e-02
-9.961178911974852834e-01 8.580792318153665499e-02 -1.965115289337950044e-02
-9.967188983005264014e-01 7.871478855182292844e-02 -1.885312930081486579e-02
-9.966688609935304699e-01 7.983295167234526202e-02 -1.667039340306343889e-02
-9.971454797857101093e-01 7.335964487975644988e-02 -1.786827821438379676e-02
-9.976875007670197304e-01 6.527144968178211215e-02 -1.895545922112576442e-02
-9.975849089459216668e-01 6.705079887810594386e-02 -1.812624015780507983e-02
-9.980015407813003225e-01 6.016094293581000785e-02 -1.932889973303740169e-02
-9.981471250215194768e-01 5.703576869682388389e-02 -2.119572492418508869e-02
-9.983198922824415567e-01 5.416630951881835215e-02 -2.057727943873165904e-02
-9.984470850247160190e-01 5.202321561480838935e-02 -1.992546801803599457e-02
-9.982884305866156494e-01 5.428830087266284243e-02 -2.174880539539293320e-02
-9.981937711938683178e-01 5.721914044556222767e-02 -1.830808655647714681e-02
-9.984966349876198688e-01 5.070515439283311554e-02 -2.082014012196387043e-02
-9.987183945671729290e-01 4.388838758278307967e-02 -2.520712361806061105e-02
-9.989196381602771790e-01 3.920650916553396897e-02 -2.494849549472394346e-02
-9.991046513240779969e-01 3.340752469595665436e-02 -2.595870401855772391e-02
-9.992909254395271335e-01 2.439337194167645606e-02 -2.868155069612391556e-02
-9.993129341879660732e-01 2.158722811092881125e-02 -3.012760844517415118e-02
-9.995806616301786685e-01 1.155121134277448634e-02 -2.655356485239623518e-02
-9.994771226679836085e-01 1.043279627608393635e-02 -3.060489279129509355e-02
-9.995182873677858071e-01 9.630179621519860747e-03 -2.950380129976100385e-02
-9.995538380946458190e-01 5.027681066837493863e-03 -2.944263243724964951e-02
-9.994667827855059361e-01 -1.235859787700110610e-04 -3.265205000108932498e-02
-9.995379837571198856e-01 -1.100408779107656197e-03 -3.037481954333563425e-02
-9.995467311569725677e-01 -4.583317100195617375e-03 -2.975478045231857993e-02
-9.994613632087553379e-01 -1.393599567631840890e-02 -2.971183261580994175e-02
-9.992058270166211953e-01 -1.890688026276769740e-02 -3.507515986103872108e-02
-9.988475827653600092e-01 -2.574831540543211228e-02 -4.050373791264453432e-02
-9.984725040964310683e-01 -3.138255844459194449e-02 -4.547324504058695288e-02
-9.982221435869426118e-01 -3.835594651391845133e-02 -4.562231758068502341e-02
-9.981668986780949382e-01 -4.331563171766562859e-02 -4.226843758071094359e-02
-9.975775044373379474e-01 -5.572025450268205948e-02 -4.164610694379296263e-02
-9.969304529186042707e-01 -6.664559045873075238e-02 -4.108600309305699555e-02
-9.963676501939647823e-01 -7.478419038266886920e-02 -4.072901708801505982e-02
-9.954880597853847934e-01 -8.534684633968578349e-02 -4.146638331625712715e-02
-9.946081287720315300e-01 -9.556912948786140671e-02 -4.026454894367492710e-02
-9.937510115632076646e-01 -1.038013805135830359e-01 -4.103928231805920035e-02
-9.925511961313715492e-01 -1.137647243310518225e-01 -4.358592675107506725e-02
-9.912563837139908296e-01 -1.241609344271213805e-01 -4.466392996664778070e-02
-9.906366436188478453e-01 -1.294233544147089521e-01 -4.345869489851397066e-02
-9.902763922727250145e-01 -1.324096717877205065e-01 -4.266577345273168953e-02
-9.891578598603222305e-01 -1.409891073322201427e-01 -4.109528339852383527e-02
-9.884896400789441318e-01 -1.447179702203653107e-01 -4.410173505985819087e-02
-9.873144751004074848e-01 -1.533324674272169563e-01 -4.122261587258136545e-02
-9.866089489157917614e-01 -1.581505271798349654e-01 -3.989003683589716076e-02
-9.858522095091869497e-01 -1.630564462229565637e-01 -3.883347355942295270e-02
-9.847999314990949493e-01 -1.694905551714569469e-01 -3.797458251125687689e-02
-9.835337936531234337e-01 -1.769537061548371037e-01 -3.672444459350119456e-02
-9.827519717714453540e-01 -1.806969327458171626e-01 -3.933449873526133345e-02
-9.811617502168240579e-01 -1.892434883347875740e-01 -3.883998359774629150e-02
-9.799880329347709917e-01 -1.954511314266080546e-01 -3.771382774244270292e-02
-9.792060079361306624e-01 -1.996907460206239771e-01 -3.576621656851613346e-02
-9.783682694901452148e-01 -2.037465783628755467e-01 -3.581736078344962410e-02
-9.769626070398282902e-01 -2.108143158399800321e-01 -3.318751063114032396e-02
-9.752139018927793446e-01 -2.199620644832242788e-01 -2.396993373057304880e-02
-9.737587746730559379e-01 -2.268487583397265084e-01 -1.826228837165684571e-02
-9.721386974030508110e-01 -2.335437080124965203e-01 -2.009256521124047970e-02
-9.709446377984327636e-01 -2.385627954888330238e-01 -1.882351280593478129e-02
-9.695136624195557218e-01 -2.442094257259534162e-01 -2.012551856218266003e-02
-9.698805260071685641e-01 -2.429590963155871808e-01 -1.739725679467825012e-02
-9.698151478025889283e-01 -2.432627064579300225e-01 -1.678858221148660929e-02
-9.685774591132779721e-01 -2.478536088281245164e-01 -2.064742543495031932e-02
-9.674972952636429202e-01 -2.523348764285002765e-01 -1.661672941847767981e-02
-9.676311287699582708e-01 -2.517358426156979245e-01 -1.786298063048794016e-02
-9.654616469036898518e-01 -2.597921432936232122e-01 -1.979577337930244624e-02
-9.647247030070010831e-01 -2.627112737012621824e-01 -1.700164761012215239e-02
-9.644924007192170468e-01 -2.639334118429094156e-01 -9.673933462717368773e-03
-9.651280213235761130e-01 -2.617216019314234643e-01 -5.452298756646185331e-03
-9.662329669678306754e-01 -2.576563984601837332e-01 -2.656313031555411486e-03
-9.662714180858908986e-01 -2.574649928549108124e-01 5.598769992308632801e-03
-9.679107458138832554e-01 -2.512059282502374646e-01 6.662728176395481261e-03
-9.667661402988266817e-01 -2.555339387046801636e-01 8.102982110391029544e-03
-9.665066146977262518e-01 -2.564661767268401893e-01 9.491370694142188882e-03
-9.676987519363929868e-01 -2.518075597854660397e-01 1.233290973569810441e-02
-9.684044790725618856e-01 -2.485991642618824438e-01 1.977986137057992019e-02
-9.704130852857472123e-01 -2.406131299365726339e-01 2.009447961467736993e-02
-9.703287534612226040e-01 -2.409038322094737561e-01 2.067550085253334544e-02
-9.710242505723767348e-01 -2.385320686465338125e-01 1.464170530985590621e-02
-9.711806758842173037e-01 -2.377647239514727728e-01 1.661485330043446437e-02
-9.709572092896157081e-01 -2.382456773337092992e-01 2.193439049393986623e-02
-9.708980247627206905e-01 -2.380538200331090704e-01 2.621882585723944031e-02
-9.721271110080600408e-01 -2.333967035346957153e-01 2.224592754584741455e-02
-9.723700300734898772e-01 -2.324427644295539164e-01 2.160806205007266209e-02
-9.728112157466446419e-01 -2.309172707224099452e-01 1.776443219002220644e-02
-9.732705996466348708e-01 -2.291534752913139683e-01 1.526587887220939160e-02
-9.733391192703225725e-01 -2.286083801059122511e-01 1.868662353592404068e-02
-9.738035495117612905e-01 -2.266323408197952471e-01 1.855940481850700680e-02
-9.742174038824428228e-01 -2.249027089432858173e-01 1.786739850872261573e-02
-9.740833239753502459e-01 -2.252421009523941364e-01 2.068082114646922071e-02
-9.743299545148462748e-01 -2.238869954810404905e-01 2.357489037284826033e-02
-9.746490363913866695e-01 -2.223237823310666716e-01 2.512795572503542102e-02
-9.765178296734199348e-01 -2.137254577680171019e-01 2.709943950889505404e-02
-9.772256988190248794e-01 -2.098631209819959986e-01 3.142334791624689511e-02
-9.783222679766533370e-01 -2.034554464243117922e-01 3.861922201066687182e-02
-9.796848047041192276e-01 -1.969144118889592510e-01 3.797921560289334308e-02
-9.804875146226970095e-01 -1.920856104723515367e-01 4.180161529385565539e-02
-9.818934193592120385e-01 -1.844102871923047615e-01 4.333799940207058721e-02
-9.828224241021640273e-01 -1.788819323824032970e-01 4.540220516724745997e-02
-9.832333002198919703e-01 -1.766694002611331749e-01 4.516883475595540737e-02
-9.845229227585119425e-01 -1.696252559438258534e-01 4.406711191242650150e-02
-9.857836393263869068e-01 -1.630202683503649830e-01 4.068208017489183259e-02
-9.867609577563662970e-01 -1.583739963342234436e-01 3.493583336792923516e-02
-9.879473816143058418e-01 -1.509076186648800333e-01 3.445119299886451741e-02
-9.888125895880165439e-01 -1.457432958226826947e-01 3.175810393119200825e-02
-9.900531633596291181e-01 -1.375893113072648999e-01 2.939281957711276788e-02
-9.904193038009142525e-01 -1.338276272413526924e-01 3.405571421406339977e-02
-9.914424168846401875e-01 -1.262788148243204345e-01 3.310011601948620319e-02
-9.926133868555644391e-01 -1.172591796359091776e-01 3.112830960254445167e-02
-9.929732839506943964e-01 -1.141724288577586205e-01 3.112453182544058089e-02
-9.937185687209671991e-01 -1.076881200877407851e-01 3.044170823160122566e-02
-9.943040115125723055e-01 -1.034474294847031184e-01 2.565510962812584186e-02
-9.942888913816922969e-01 -1.015501529800063446e-01 3.282056880899733575e-02
-9.942727913522466654e-01 -1.014867205358255531e-01 3.349753370726973184e-02
-9.951024669660161193e-01 -9.338420728020302430e-02 3.241130704461200884e-02
-9.955398953697727205e-01 -8.697422479486460745e-02 3.654892463881871667e-02
-9.965378295222920846e-01 -7.530122205902232968e-02 3.524348356867979676e-02
-9.965714072368271337e-01 -7.371131133496511278e-02 3.757786210794266529e-02
-9.968846083262062896e-01 -7.007930719204046033e-02 3.619380097991771461e-02
-9.972991034335446647e-01 -6.118285870534163201e-02 4.063470602109000435e-02
-9.977522239895758593e-01 -5.095556140750328450e-02 4.352072704641590101e-02
-9.982660484571516113e-01 -4.294294527683112372e-02 4.025944698162213509e-02
-9.983298476077985262e-01 -4.045084712101484903e-02 4.124642385928620203e-02
-9.987298980308771945e-01 -2.987998182246757312e-02 4.056846801793720370e-02
-9.990303713519466111e-01 -2.280051622077761478e-02 3.766266693580510444e-02
-9.990727519653249677e-01 -1.792916004050779458e-02 3.914338300034651136e-02
-9.990240253537228110e-01 -7.364107814772730132e-03 4.355215075831975896e-02
-9.991256722064566498e-01 3.003551619599280006e-03 4.170003383683305864e-02
-9.989899865554227043e-01 9.698721627320883165e-03 4.387441894477202287e-02
-9.988607403630364034e-01 2.109003944856820134e-02 4.280717967806709628e-02
-9.987148812841206702e-01 2.774576685446660668e-02 4.241204252755057663e-02
-9.985169467033049306e-01 3.259937658403991995e-02 4.360287653711558686e-02
-9.984215372131594046e-01 3.662091277235739878e-02 4.258363311827041003e-02
-9.978649137939152869e-01 4.960804497213955333e-02 4.248151034040598129e-02
-9.976330113578169012e-01 5.373869920030140829e-02 4.290163044777673546e-02
-9.974345440175326205e-01 5.873446348029066205e-02 4.092207442579989807e-02
-9.969020247619494457e-01 6.877967181909795669e-02 3.815406262637760504e-02
-9.964272409371270900e-01 7.602201902507782494e-02 3.678897684962573883e-02
-9.955951827649951458e-01 8.355925103415969002e-02 4.252183962219605040e-02
-9.952582444133148964e-01 8.998325958027332538e-02 3.693322299817176912e-02
-9.945931116252952897e-01 9.634722078516182175e-02 3.875278625138781075e-02
-9.934081345789852469e-01 1.067323891814110637e-01 4.181505186718660616e-02
-9.929388444224734878e-01 1.112127515688403762e-01 4.128193812570105092e-02
-9.914048890368256650e-01 1.238338916517597171e-01 4.220825295867500909e-02
-9.909682481566659540e-01 1.275020825974191307e-01 4.153520690781128955e-02
-9.899076921287999209e-01 1.341550786968575548e-01 4.566398448132721888e-02
-9.881768787885510941e-01 1.475407298730284089e-01 4.169187005915634542e-02
-9.871054943944054250e-01 1.557191597617732237e-01 3.707167334303210215e-02
-9.860695934035659249e-01 1.617755546149370893e-01 3.867104494480977372e-02
-9.854884867522655245e-01 1.658241151167119953e-01 3.626055840921753315e-02
-9.849021015860561779e-01 1.686708740120937688e-01 3.896163983047209317e-02
-9.841966839454983074e-01 1.739657619809704681e-01 3.305788590381812664e-02
-9.843153555391301879e-01 1.736239423854799568e-01 3.127347662779775272e-02
-9.832239777441852402e-01 1.796343956250190110e-01 3.165622158339787690e-02
-9.823025347334780610e-01 1.841559866116198318e-01 3.418078134820285580e-02
-9.823642943609688372e-01 1.843242458028281627e-01 3.138452707459819802e-02
-9.818662283804865387e-01 1.868850662417773090e-01 3.182301924241404123e-02
-9.809083534184357411e-01 1.924039339892417433e-01 2.827633473634487415e-02
-9.809743255934517681e-01 1.929631994619006585e-01 2.132132567210835369e-02
-9.806836278580381983e-01 1.940452407049931549e-01 2.461888311707289417e-02
-9.802936653152306556e-01 1.961400495159064117e-01 2.352516750346695523e-02
-9.802150559096947102e-01 1.961809573157042019e-01 2.629636761533582154e-02
-9.796163831876741890e-01 1.989027248147975380e-01 2.809752089011547868e-02
-9.788890003166528242e-01 2.031319215923633181e-01 2.266650006443882148e-02
-9.786965971515425577e-01 2.045271199424945063e-01 1.793462257551656572e-02
-9.785912985973973521e-01 2.048733356738016431e-01 1.964712196291332549e-02
-9.779306205678000019e-01 2.084911365248296455e-01 1.353402888692210176e-02
-9.764920023162503293e-01 2.150446259402770677e-01 1.480543480975995974e-02
-9.754360804852358902e-01 2.198681157621649174e-01 1.350878135328016996e-02
-9.745567834340429503e-01 2.239989996367673097e-01 7.971611204479218254e-03
-9.742987029159412282e-01 2.251125356847013814e-01 8.149008301819495731e-03
-9.744553678710266009e-01 2.245078478524823729e-01 5.743244684492745250e-03
-9.744924152526818206e-01 2.243590759704187920e-01 5.249783297356824113e-03
-9.748579526382858962e-01 2.227924112915729560e-01 3.941602431301625270e-03
-9.750765259587114153e-01 2.218517579912701598e-01 2.754738438815178270e-03
-9.739744087391117855e-01 2.266471638047181658e-01 2.221898903443029951e-03
-9.735539787182793114e-01 2.284514630606779839e-01 -1.613097736538315983e-03
-9.733371558198601337e-01 2.293701587715361312e-01 -2.033199866314245024e-03
-9.725258106037192318e-01 2.327787755685409576e-01 2.758986015613420443e-03
-9.717865590310043045e-01 2.358089108087959573e-01 5.006390847099330237e-03
-9.715234392789924289e-01 2.369317978325907459e-01 2.356433967819379985e-03
-9.719601565706386115e-01 2.351166358317064997e-01 -3.693823210473590538e-03
-9.726664263971700475e-01 2.321402218910360860e-01 -5.564452115721537501e-03
-9.737934487914994275e-01 2.273275213197927247e-01 -6.967062507175992604e-03
-9.739562963122960770e-01 2.266909341358731289e-01 -4.513986131971125214e-03
-9.730138044498098937e-01 2.307021120439561590e-01 -4.549138938014442475e-03
-9.740759737686974784e-01 2.261044996170344379e-01 -7.264675930806809186e-03
-9.737189879845261631e-01 2.276816229819020043e-01 -5.695079837492162018e-03
-9.725084439859111862e-01 2.326855536134561642e-01 -9.207732314023428510e-03
-9.738104995540737274e-01 2.271536126719394810e-01 -9.714425212053670253e-03
-9.732720158715163494e-01 2.292474299167052143e-01 -1.368290288390235435e-02
-9.731341500864743033e-01 2.295146114338617316e-01 -1.824806622301895082e-02
-9.739796352041969474e-01 2.257900135266635577e-01 -1.955921424931094527e-02
-9.746517219460688608e-01 2.228449395246720754e-01 -1.985388383154696249e-02
-9.749887455938244241e-01 2.203621209960259786e-01 -2.893967451008894881e-02
-9.761203622774219379e-01 2.153051193577940614e-01 -2.885770416853296674e-02
-9.768357613674495399e-01 2.123283259573756632e-01 -2.661955016784156580e-02
-9.777445463051457342e-01 2.072998642899413768e-01 -3.228609392417131768e-02
-9.786566929488111910e-01 2.030835353181948966e-01 -3.143530567764271644e-02
-9.791596858997848596e-01 1.993460025069540842e-01 -3.882659575185865714e-02
-9.804720297131099827e-01 1.929688522968119047e-01 -3.791628577765639163e-02
-9.812073157070969609e-01 1.879367981538540844e-01 -4.372627859236540016e-02
-9.824733710372411943e-01 1.815204879273144833e-01 -4.238409574777481093e-02
-9.833988106756275105e-01 1.757083872585457340e-01 -4.531407935101110229e-02
-9.850547047028389569e-01 1.660048941339841710e-01 -4.593068546172997951e-02
-9.878298823632856163e-01 1.475163938232890992e-01 -4.930579510058628878e-02
-9.887758676948333880e-01 1.407093335579508719e-01 -5.023137777702356421e-02
-9.899605024163002920e-01 1.295024243943371511e-01 -5.663347559795404995e-02
-9.912617122452329621e-01 1.206415261595220334e-01 -5.334664542218935795e-02
-9.922036574664977460e-01 1.124698330766330245e-01 -5.368857760303225729e-02
-9.928492287384765858e-01 1.062159258426419173e-01 -5.448495886069938676e-02
-9.941023872915314419e-01 9.428152298933913100e-02 -5.358603010613979811e-02
-9.947836395057456649e-01 8.464380487665980335e-02 -5.692944575162708215e-02
-9.952381962265157700e-01 7.633239042286812936e-02 -6.061620276836676702e-02
-9.959622271797831106e-01 6.666476787233156787e-02 -6.012550067845486013e-02
-9.970786501796327084e-01 5.579979021952757856e-02 -5.215911670043955894e-02
-9.972538306479741266e-01 4.746615162387698289e-02 -5.684880467449793251e-02
-9.977732479966870960e-01 3.859427351909293369e-02 -5.439717189391565788e-02
-9.980661622427292601e-01 3.089030404464770257e-02 -5.394209449687305258e-02
-9.982744241827586906e-01 2.619870694428799718e-02 -5.255308165938708115e-02
-9.981393884297061758e-01 1.452884075167474795e-02 -5.921739147486678595e-02
-9.982897460507835774e-01 1.188061442953306651e-03 -5.844824024798467299e-02
-9.981583314902655601e-01 -8.002621528587574445e-03 -6.013259251818755396e-02
-9.979049656773215649e-01 -1.341402064091293603e-02 -6.329114483879957898e-02
-9.973053706290392340e-01 -2.542168752384539945e-02 -6.881686697887001714e-02
-9.970445115502637456e-01 -3.543254734920556898e-02 -6.816745693533085571e-02
-9.962150315980338178e-01 -4.407384078712312664e-02 -7.492084807094429033e-02
-9.953491692991963680e-01 -5.941256302289268931e-02 -7.583010432057553374e-02
-9.944287840406017542e-01 -7.429856320089629762e-02 -7.477394627160155460e-02
-9.934492306211416546e-01 -8.565027204958607088e-02 -7.564841818065687340e-02
-9.919203659346464974e-01 -9.888184095780926108e-02 -7.947575548810055512e-02
-9.911067037728070739e-01 -1.070935442728222914e-01 -7.898418207094644317e-02
-9.896360548962646053e-01 -1.193519331549750817e-01 -7.984748893662584057e-02
-9.882577827055040176e-01 -1.315244026321896464e-01 -7.776832827579457930e-02
-9.870056346831020955e-01 -1.426724437336479301e-01 -7.392210178639810336e-02
-9.863340459016202155e-01 -1.491373440350042268e-01 -7.002305762460785121e-02
-9.849477719326119596e-01 -1.585719075368342557e-01 -6.879580482022559784e-02
-9.838468132628580554e-01 -1.656976248530553641e-01 -6.774784985386396452e-02
-9.818106658067710102e-01 -1.777834487535885077e-01 -6.663998587664742013e-02
-9.799979333616263277e-01 -1.878424783911330220e-01 -6.572122752396106216e-02
-9.783452975069958368e-01 -1.961123256212603805e-01 -6.618504696161946199e-02
-9.760097804512951614e-01 -2.056967870635362794e-01 -7.137062713846356599e-02
-9.729501499733352876e-01 -2.199300784303056533e-01 -7.070213818744715273e-02
-9.714461798082442145e-01 -2.263867412738618246e-01 -7.100274082740858084e-02
-9.688009418323034749e-01 -2.382781421703252522e-01 -6.817835532640223462e-02
-9.659912028133319506e-01 -2.498710364642885429e-01 -6.652433504902209582e-02
-9.629527554418347846e-01 -2.611138005349218361e-01 -6.739139352500164715e-02
-9.623433520677825426e-01 -2.626270739880115501e-01 -7.015923836597341701e-02
-9.601266054751979029e-01 -2.714359449323269224e-01 -6.692873255637023233e-02
-9.573530310019843226e-01 -2.808146284908092372e-01 -6.795840307104507316e-02
-9.557593216622108923e-01 -2.868762793090522401e-01 -6.500881077908218786e-02
-9.531397884156718181e-01 -2.957709550850779467e-01 -6.359333178709176970e-02
-9.496361966015458567e-01 -3.072872740336373698e-01 -6.136490233422101787e-02
-9.479458770352902075e-01 -3.129791632250698563e-01 -5.867438408502350516e-02
-9.463130227754898982e-01 -3.193375270005304190e-01 -5.015209108213225520e-02
-9.434875827531388204e-01 -3.272638275850057732e-01 -5.224551497613476314e-02
-9.419036341196173057e-01 -3.317573272487195357e-01 -5.248471536874698556e-02
-9.403436445025675772e-01 -3.359469242699525959e-01 -5.379144769416166483e-02
-9.391064590933173584e-01 -3.403047180355551204e-01 -4.766322313384740994e-02
-9.366455576053678289e-01 -3.474203616320572507e-01 -4.465665712727576869e-02
-9.341080731356653510e-01 -3.547070521407047483e-01 -4.031178513785556999e-02
-9.334265802511705346e-01 -3.566853868417112494e-01 -3.860543028934547427e-02
-9.330416112199484413e-01 -3.577733271176928298e-01 -3.783679800476802413e-02
-9.309222209924795655e-01 -3.628383342134713363e-01 -4.161954945369878561e-02
-9.268461273152043267e-01 -3.732025457230154775e-01 -4.094070491668529155e-02
-9.243942923236396769e-01 -3.790860301421609124e-01 -4.229656336692947521e-02
-9.226470103324704297e-01 -3.831771083282421442e-01 -4.356401276463368194e-02
-9.218148109106748533e-01 -3.859576248756159678e-01 -3.597487139995834277e-02
-9.208092035154157307e-01 -3.883254503775250277e-01 -3.624611016299551097e-02
-9.186587175054660159e-01 -3.935813856762759855e-01 -3.405699248433378956e-02
-9.158381269358393251e-01 -4.003972755108614612e-01 -3.037387105882654800e-02
-9.145222015033988017e-01 -4.038258218013089373e-01 -2.395565925609787275e-02
-9.138937608805285384e-01 -4.054997946814257181e-01 -1.918685279304387092e-02
-9.139104151296381096e-01 -4.056270827139950019e-01 -1.531169121798529355e-02
-9.109140765319549971e-01 -4.124209120076486323e-01 -1.202337111591529097e-02
-9.096644919401768448e-01 -4.151498569505717162e-01 -1.269383003800307261e-02
-9.089921725565706101e-01 -4.167045007931121647e-01 -9.519149027416557926e-03
-9.055910497634651612e-01 -4.240186167459372157e-01 -1.063429782604315317e-02
-9.057506642729451496e-01 -4.237433916686474955e-01 -7.569494612292613708e-03
-9.087902561488155895e-01 -4.172531791803624768e-01 2.833936713140822877e-04
-9.075383873183657801e-01 -4.199349080603286821e-01 5.364143342552401411e-03
-9.082707242631891109e-01 -4.183190076817758229e-01 7.316061785444466850e-03
-9.086288037934305839e-01 -4.175745300217064138e-01 5.023374217591470604e-03
-9.083402871024816028e-01 -4.181838175407004976e-01 6.343742429893811825e-03
-9.082324480530746813e-01 -4.183685014336866459e-01 9.035641240582958575e-03
-9.115050255784289401e-01 -4.111045607878963670e-01 1.231479231230142406e-02
-9.136745713820493275e-01 -4.062892392376236117e-01 1.130740060391295133e-02
-9.154255617270996570e-01 -4.023732374585488603e-01 9.583543496588063995e-03
-9.159301296055319952e-01 -4.012674792772106813e-01 7.512211870655421432e-03
-9.159276014684202272e-01 -4.013235751997711875e-01 4.005301609465489535e-03
-9.167063385003639819e-01 -3.995585489848303418e-01 1.574950519123520520e-03
-9.180111593515920543e-01 -3.965521809088843885e-01 1.380110512438253870e-03
-9.182482875813473555e-01 -3.959875157558602199e-01 3.741030577599644552e-03
-9.198212618118435380e-01 -3.922652897099402347e-01 7.537538536320222485e-03
-9.197218801999090809e-01 -3.924638964332549662e-01 9.153073556986504947e-03
-9.222993287981130495e-01 -3.863240713111351088e-01 1.084830548518123626e-02
-9.234123905546683941e-01 -3.836941092846711254e-01 9.402826452048033967e-03
-9.231848257451139572e-01 -3.842984135686598468e-01 6.673269954674959648e-03
-9.243762676096600739e-01 -3.814480742447572403e-01 5.090009414923482231e-03
-9.252464958594204258e-01 -3.792399558654742098e-01 9.798139220114564577e-03
-9.234949242159061766e-01 -3.834631437234520823e-01 1.063804969976230377e-02
-9.242551709782489411e-01 -3.814035411346322069e-01 1.684468903573086221e-02
-9.263012601837337101e-01 -3.760058807531310165e-01 2.419874328253943802e-02
-9.273667980457270810e-01 -3.731448329954134002e-01 2.745508548840851215e-02
-9.292686065843499543e-01 -3.681346636454718713e-01 3.060641350591595047e-02
-9.312408487025981563e-01 -3.627048765670319863e-01 3.515225351903338014e-02
-9.337394793385619396e-01 -3.557920115411705164e-01 3.927666013529387823e-02
-9.356756075945978912e-01 -3.500127173573281958e-01 4.474686580897540428e-02
-9.379309994191210587e-01 -3.443431120253229172e-01 4.139188846307256114e-02
-9.408601639963569685e-01 -3.357861690383594500e-01 4.505360865150240951e-02
-9.444497964077108731e-01 -3.249150640777810906e-01 4.944502443272289632e-02
-9.466858807648302898e-01 -3.185037138730945072e-01 4.838651276249472666e-02
-9.478985980321541494e-01 -3.148760658773747667e-01 4.838737639227903842e-02
-9.506418649733180404e-01 -3.059470295769421977e-01 5.173477516014135524e-02
-9.541772690769144694e-01 -2.944534739908835075e-01 5.331902317171541283e-02
-9.561202126185328609e-01 -2.884591541522576463e-01 5.123946444138543360e-02
-9.573656291931684770e-01 -2.828585159703540519e-01 5.866974990833982717e-02
-9.591364155783200784e-01 -2.754170118246057064e-01 6.482926700648515561e-02
-9.603874763048690921e-01 -2.691122294139781101e-01 7.235006251540168631e-02
-9.627470667988087261e-01 -2.603153640540179503e-01 7.317120251975561818e-02
-9.650339036470998444e-01 -2.502303424851134439e-01 7.806644114373219312e-02
-9.668478591662569288e-01 -2.420922974896517754e-01 8.121924414702509643e-02
-9.704325815627642404e-01 -2.279057894005852014e-01 7.949581525471317855e-02
-9.720696616426530712e-01 -2.198063424177604808e-01 8.225432342863367441e-02
-9.746745626420675324e-01 -2.077435630557099844e-01 8.277764160031705898e-02
-9.772916072537114474e-01 -1.967955926318219473e-01 7.856613689133384870e-02
-9.781973491720132863e-01 -1.889579930775595884e-01 8.616757975544808712e-02
-9.806539024346537792e-01 -1.774386468312173504e-01 8.266485993738920124e-02
-9.813336228404513362e-01 -1.724557674950894792e-01 8.510791879646477376e-02
-9.830255137801550136e-01 -1.620419736072931105e-01 8.604224012122146936e-02
-9.847982603335900809e-01 -1.497518420913151460e-01 8.801591595248084432e-02
-9.871721366944202769e-01 -1.359777476314932843e-01 8.367349507625221339e-02
-9.890280322524533929e-01 -1.217041227878290222e-01 8.373581680431131657e-02
-9.912409532090146191e-01 -1.046032576595037761e-01 8.061984742372778345e-02
-9.927951798547154372e-01 -9.063431578831124269e-02 7.837844165205938574e-02
-9.933439482739867543e-01 -7.845649691339592890e-02 8.433508953000694308e-02
-9.937383615832506845e-01 -7.206969209385523378e-02 8.538183082538378099e-02
-9.944319570095234706e-01 -6.177549387816552717e-02 8.537505531997124919e-02
-9.956213082627520805e-01 -4.461981642139004750e-02 8.214201788904607060e-02
-9.958246591326405106e-01 -2.930198601654272067e-02 8.645618063321588997e-02
-9.965459443645672266e-01 -1.961076634546302794e-02 8.069465745379662824e-02
-9.966903360543254431e-01 -8.445165549276965195e-03 8.085222529962370064e-02
-9.966507749618557233e-01 2.809766614010049401e-03 8.172739543339907486e-02
-9.962115892793890204e-01 1.672138770225135851e-02 8.533987373483674366e-02
-9.961803336866832392e-01 2.731988425459485822e-02 8.293609621469906490e-02
-9.960355430322463954e-01 3.765181649657519530e-02 8.059508012530396115e-02
-9.957535574330811379e-01 4.565867986109000548e-02 7.993852003646757798e-02
-9.950138204563218070e-01 5.806047573747128571e-02 8.109566842403646836e-02
-9.941581787325033392e-01 6.977113636649262540e-02 8.235006651484456930e-02
-9.935077112032889568e-01 7.997132777822504868e-02 8.091380425422345368e-02
-9.926363452495042816e-01 8.881086195035597930e-02 8.237564089414335655e-02
-9.905834980927064048e-01 1.035081333044555046e-01 8.961266329039399570e-02
-9.892264325153377058e-01 1.163440234705840209e-01 8.885473047824032911e-02
-9.872517207129722916e-01 1.323082408038253333e-01 8.847937068798110427e-02
-9.856448187468459521e-01 1.477712417213605800e-01 8.165770285302229037e-02
-9.833774359133153897e-01 1.611319722368226293e-01 8.369788102539264807e-02
-9.814614012788500652e-01 1.717533163356803894e-01 8.505495535641388605e-02
-9.793877783181803576e-01 1.839109510957437355e-01 8.352467236460030253e-02
