1.000000000000000000e+00 0.000000000000000000e+00 0.000000000000000000e+00
9.999615387242547504e-01 3.509765547838968394e-03 -8.037587815721404169e-03
9.998617637301433492e-01 1.281228542902151414e-02 -1.059712438248974591e-02
9.997739395089236814e-01 1.498964017835915409e-02 -1.507915492507913222e-02
9.994851410070141329e-01 1.885432673408604654e-02 -2.596089417992376858e-02
9.992924288726133808e-01 2.248106596920203260e-02 -3.015367422139960188e-02
9.989828135142924115e-01 2.654737191858023981e-02 -3.644964190082777139e-02
9.986714864094423660e-01 3.117071825481884662e-02 -4.103230087842948959e-02
9.985023103860620752e-01 3.869541867746516262e-02 -3.867559663910636464e-02
9.980846240582444961e-01 4.690211768988451074e-02 -4.033950602849730588e-02
9.971341595324857421e-01 5.646196119729286061e-02 -5.035391655581631515e-02
9.960989872012799839e-01 6.680744419157763625e-02 -5.765046021791703917e-02
9.947635217142032360e-01 7.807268858119274790e-02 -6.595600014136868139e-02
9.941633831534010257e-01 8.493810465018918066e-02 -6.651833434889423136e-02
9.924013226919835562e-01 9.805031424386899397e-02 -7.433541248920702560e-02
9.904242731206156503e-01 1.144901117253710882e-01 -7.714775893858021039e-02
9.888093321657913659e-01 1.248562250021040820e-01 -8.165189031192301994e-02
9.853933191758007526e-01 1.454754456446322730e-01 -8.852630121930897544e-02
9.830050299498297450e-01 1.603484991449307673e-01 -8.938386217659652355e-02
9.800276727528308696e-01 1.767410418130317684e-01 -9.115025923589079038e-02
9.764924608265054262e-01 1.941744673981656011e-01 -9.358822270812752753e-02
9.737442925294219620e-01 2.054782914561529006e-01 -9.798331618476796567e-02
9.704450384823186671e-01 2.207723600118194351e-01 -9.744741141557256014e-02
9.674303126584488099e-01 2.295473612655624107e-01 -1.067080385401058540e-01
9.617124396737274372e-01 2.483950987570003321e-01 -1.157975238365381299e-01
9.559502112491068404e-01 2.684607816874725605e-01 -1.186929276477653589e-01
9.505043720385025763e-01 2.869631880785323830e-01 -1.191367963861822560e-01
9.448518241107809468e-01 3.021873481559850805e-01 -1.262451847176573883e-01
9.378444861493031581e-01 3.202013801549783434e-01 -1.338611453221597858e-01
9.312036274255045543e-01 3.374917837709823232e-01 -1.376920862211754859e-01
9.216845767934871425e-01 3.596877610682614468e-01 -1.453350173062625261e-01
9.131325265309905292e-01 3.798943411879784349e-01 -1.478826923188737152e-01
9.031683507153930313e-01 4.028643098380210730e-01 -1.482811194211741956e-01
8.940350298041807031e-01 4.217731127319779838e-01 -1.510258900817352257e-01
8.832354318957654771e-01 4.424061281814695712e-01 -1.554734790509608999e-01
8.727780995565760369e-01 4.615325336520968436e-01 -1.588902847685839947e-01
8.590116530085921687e-01 4.858768214835119115e-01 -1.613155545016254355e-01
8.433138693081733139e-01 5.115452215033512440e-01 -1.647519916658166939e-01
8.320607463726227282e-01 5.287828289060324538e-01 -1.675220852679457639e-01
8.146999311250285869e-01 5.546977087983049337e-01 -1.690399041850051132e-01
7.969833900261412696e-01 5.783550339575280752e-01 -1.741348527765659016e-01
7.834937701898081475e-01 5.963682656014241967e-01 -1.745921535699199723e-01
7.660469827501080742e-01 6.178851412293683287e-01 -1.771722014642966025e-01
7.484129599868297733e-01 6.394534943466734234e-01 -1.760036541752497408e-01
7.293522790145552381e-01 6.616618955553814629e-01 -1.739218360622462045e-01
7.078380012722502723e-01 6.837646852052352564e-01 -1.772885659950331205e-01
6.849124683404281821e-01 7.052330712743520857e-01 -1.831426838679714730e-01
6.604515529052890077e-01 7.279990815767773960e-01 -1.839051394415049112e-01
6.379366114745389504e-01 7.469023858029816276e-01 -1.875465885636439234e-01
6.149825382802024398e-01 7.667862578780673122e-01 -1.839438233434953773e-01
5.887057512187504615e-01 7.871056185518265913e-01 -1.840931869569613355e-01
5.625982757296379422e-01 8.050832644335017552e-01 -1.879471609882496508e-01
5.373389569353451689e-01 8.242273037218430520e-01 -1.786510956554760998e-01
5.078378220750167094e-01 8.431416925664010353e-01 -1.766715866263476320e-01
4.889508940277465521e-01 8.541375682333033348e-01 -1.771328726687332045e-01
4.665918907529469362e-01 8.668112025476580884e-01 -1.758703025184796265e-01
4.447551112914684968e-01 8.776759853986475512e-01 -1.785434749639308594e-01
4.180309230537735954e-01 8.912498522367754417e-01 -1.758518262658616271e-01
4.003303963281195643e-01 9.002667843455982588e-01 -1.710418302086928188e-01
3.700116804457128650e-01 9.130436373954032847e-01 -1.715887216995239384e-01
3.505568898316650528e-01 9.210072475909848455e-01 -1.698691665662147854e-01
3.280995073168927467e-01 9.294033618460770807e-01 -1.689974001003907433e-01
3.018449555599232448e-01 9.374082665414036342e-01 -1.736530506653277128e-01
2.704977136258590598e-01 9.469756547042801342e-01 -1.734015963547798356e-01
2.523169937997160606e-01 9.526545028377478852e-01 -1.696630482532798245e-01
2.273144737431839757e-01 9.586225346230271560e-01 -1.713796460779624387e-01
2.058288227190242514e-01 9.639496693442394237e-01 -1.686284309798210534e-01
1.811879079408106052e-01 9.694347822323683417e-01 -1.654302333955936233e-01
1.574852250888627569e-01 9.733210026666808679e-01 -1.668671530681031800e-01
1.284590994341852366e-01 9.775429396516726044e-01 -1.670571099883558508e-01
1.033803609511249055e-01 9.802671680201670013e-01 -1.684897545228015159e-01
7.642957410055885303e-02 9.837089488430023065e-01 -1.627121433328610478e-01
5.100079438682000171e-02 9.852313707253083086e-01 -1.634566686993684792e-01
2.204140539979390634e-02 9.859587572656551835e-01 -1.655280125682505876e-01
-5.556306338845684589e-03 9.862353984613217994e-01 -1.652539978062560755e-01
-3.031186490473690778e-02 9.857710987313542672e-01 -1.653376824680536372e-01
-5.038582973227838380e-02 9.855412409872669199e-01 -1.617706656665320875e-01
-6.870043957207766505e-02 9.848903544285811940e-01 -1.589693595039280705e-01
-9.290022778278743398e-02 9.829556575277275110e-01 -1.586434395579121304e-01
-1.153706222398068609e-01 9.814186962383356638e-01 -1.533198645637516289e-01
-1.425719592868243124e-01 9.778106523083983648e-01 -1.534913134983047489e-01
-1.665106510649725646e-01 9.741194373170792842e-01 -1.528579197061527284e-01
-1.855201316638713516e-01 9.701712542244341764e-01 -1.560449829749814277e-01
-2.106022807118825557e-01 9.650337179774516327e-01 -1.560660789816133709e-01
-2.359630902721796819e-01 9.597420252192719881e-01 -1.523702189477621205e-01
-2.571888591789727729e-01 9.545659143849577477e-01 -1.505251621786161675e-01
-2.782042998476173534e-01 9.497295246987249584e-01 -1.435834839307726096e-01
-2.961829620436752242e-01 9.441336447307057123e-01 -1.445245073732485674e-01
-3.135142492271083547e-01 9.379999317472275111e-01 -1.478680603398618010e-01
-3.360814774464736532e-01 9.298103091583640456e-01 -1.500068312396342918e-01
-3.578585232368688418e-01 9.226642082680228674e-01 -1.436247052212638597e-01
-3.761056198895715297e-01 9.151607421001118903e-01 -1.450013747646242968e-01
-3.920049074358091246e-01 9.082759889210485493e-01 -1.461742126227952021e-01
-4.067962050198378754e-01 9.017454331168622828e-01 -1.461917965542671449e-01
-4.221173938816302207e-01 8.951062071829566369e-01 -1.435332843503707156e-01
-4.412704435842059181e-01 8.849266707101840490e-01 -1.489469824560037681e-01
-4.609691311990409268e-01 8.749204305081617061e-01 -1.483971723436579571e-01
-4.804666817928680000e-01 8.636148924197251109e-01 -1.527124934342964369e-01
-5.024771479903431537e-01 8.508717946418394851e-01 -1.534077092516857865e-01
-5.207410664651476173e-01 8.391646008162588766e-01 -1.569443703215765429e-01
-5.364445153795518451e-01 8.297320366292327831e-01 -1.541818735069276358e-01
-5.519794321311288776e-01 8.195536691112454974e-01 -1.537872254349369194e-01
-5.669574884148087524e-01 8.082039189765589660e-01 -1.592659793739965579e-01
-5.839669736939113731e-01 7.952460477298957109e-01 -1.629917716829769603e-01
-6.012435693121490621e-01 7.808025319916072071e-01 -1.698634658392823849e-01
-6.170796545524631638e-01 7.674630284644549105e-01 -1.738195035200470195e-01
-6.324868836835095820e-01 7.544499253863109489e-01 -1.754014590223477721e-01
-6.489308061250745885e-01 7.393416738858972215e-01 -1.796182557877438191e-01
-6.719119559917429152e-01 7.182340786932672749e-01 -1.807599272752460628e-01
-6.924598358171684120e-01 6.968491404380102727e-01 -1.868172111701562610e-01
-7.084256158296869943e-01 6.796137241033248788e-01 -1.904162594408401465e-01
-7.319809280559412823e-01 6.543161854355632467e-01 -1.899322759039850372e-01
-7.440564575495088873e-01 6.391974011856791371e-01 -1.944394227315413004e-01
-7.640648542627560547e-01 6.151517719208307033e-01 -1.944047705226460976e-01
-7.851134855123838019e-01 5.871808756671108576e-01 -1.970163782371298911e-01
-8.021787585952154798e-01 5.627953088084484135e-01 -1.994259236623112663e-01
-8.201785933400872475e-01 5.345081365812230922e-01 -2.039807497508742684e-01
-8.355521640489393942e-01 5.084035091481678981e-01 -2.082749921771168411e-01
-8.501437841660741679e-01 4.828942945830214106e-01 -2.099253820550589233e-01
-8.646351309229959314e-01 4.564846900673056318e-01 -2.098281144971739787e-01
-8.783163734674525047e-01 4.278909737887421905e-01 -2.132362132634688934e-01
-8.904915781227258353e-01 3.985741611743051083e-01 -2.194616318958239332e-01
-9.017253447765426477e-01 3.720716700371487495e-01 -2.201229099971537539e-01
-9.135375482908881795e-01 3.445527085265959744e-01 -2.161772398923445804e-01
-9.251382124876488255e-01 3.151419900724466983e-01 -2.116715231257495222e-01
-9.342881501126913957e-01 2.898642507243995858e-01 -2.075677910316681696e-01
-9.429633550013915011e-01 2.629975297957863334e-01 -2.040892680341223897e-01
-9.512849564257991331e-01 2.362663318473666729e-01 -1.980786962543669982e-01
-9.581592245815735431e-01 2.083606040609418952e-01 -1.962569145414299332e-01
-9.643623567867489754e-01 1.828264287800294985e-01 -1.912583566089194331e-01
-9.704248376081759941e-01 1.551117776618655131e-01 -1.849756389233344900e-01
-9.749079714862952661e-01 1.332157259037942687e-01 -1.783480673973198705e-01
-9.789620218843509969e-01 1.119670534677992685e-01 -1.705777059905896342e-01
-9.810442144626371208e-01 9.651712375108766062e-02 -1.680378198666162282e-01
-9.840219926101796410e-01 7.421423775262525613e-02 -1.618424537339969715e-01
-9.867414351969783226e-01 5.627860659563593826e-02 -1.522303252859991962e-01
-9.881112654961805575e-01 3.674579917570078291e-02 -1.492845823909055847e-01
-9.892540512900261929e-01 1.936508428003278978e-02 -1.449186964956917512e-01
-9.903319878720110436e-01 5.687299159815167870e-04 -1.387164110366150560e-01
-9.910009355219399074e-01 -1.455217223600055107e-02 -1.330616087973019723e-01
-9.907989811546701331e-01 -3.343747304353786309e-02 -1.311461998873117707e-01
-9.906056335530238899e-01 -5.315847450349675540e-02 -1.259947048520641544e-01
-9.911308382575072518e-01 -7.057210444076474076e-02 -1.126021624020453749e-01
-9.900792213491373950e-01 -9.263679240179584218e-02 -1.056483168434414199e-01
-9.890106864964820499e-01 -1.104909082116912467e-01 -9.823251917091817276e-02
-9.879457363307799778e-01 -1.226267020198214264e-01 -9.447708999111345540e-02
-9.870036482484922935e-01 -1.351604294122597527e-01 -8.692216616912881721e-02
-9.863204801875015137e-01 -1.435672531353610892e-01 -8.099605125012876439e-02
-9.847482156327309610e-01 -1.534219486958840750e-01 -8.205281012874492130e-02
-9.838504505503640196e-01 -1.642119957330133995e-01 -7.122300719852489581e-02
-9.837299225482378784e-01 -1.680646656620697899e-01 -6.348001815913904833e-02
-9.826695133514717906e-01 -1.757164525224501062e-01 -5.902847489291979804e-02
-9.822821771182463912e-01 -1.801794651416405435e-01 -5.154696484004045454e-02
-9.812301135763559223e-01 -1.876337480194260332e-01 -4.450893553596881047e-02
-9.810097684189451606e-01 -1.901368357263093500e-01 -3.831217104181808275e-02
-9.814103725669623968e-01 -1.893793232084491629e-01 -3.113128784176774980e-02
-9.801581230823361857e-01 -1.968776319304325617e-01 -2.300556552314753089e-02
-9.795417690786654141e-01 -2.004226529753947716e-01 -1.812972534189616000e-02
-9.804945670283479187e-01 -1.961498240765417733e-01 -1.247616772563793844e-02
-9.817237905598830139e-01 -1.902872451441361135e-01 -3.027890046865896675e-03
-9.821814473643613042e-01 -1.878313150585447511e-01 6.245511986328089113e-03
-9.845152114492975448e-01 -1.746582630846875983e-01 1.497647938191933037e-02
-9.855809101756223267e-01 -1.685273527749553135e-01 1.512634261113312596e-02
-9.860864736073943204e-01 -1.652468977983689025e-01 1.808133733931053741e-02
-9.869936033135111586e-01 -1.596455986737660704e-01 1.889220207522521178e-02
-9.871871308641489984e-01 -1.582243918796418791e-01 2.065468324572551639e-02
-9.876438497132080663e-01 -1.553384798233562181e-01 2.072651152491034737e-02
-9.883850868659486144e-01 -1.505262099466984083e-01 2.089941756125166666e-02
-9.883410690851253122e-01 -1.509451161240741579e-01 1.993761660299875338e-02
-9.885056146138547772e-01 -1.490840052982362607e-01 2.511204465780013037e-02
-9.895371414349884986e-01 -1.409741902967901750e-01 3.070064016575583740e-02
-9.895121079570881051e-01 -1.408708998010787805e-01 3.195596522795022404e-02
-9.890524558360245244e-01 -1.425697723931294847e-01 3.806711836099978263e-02
-9.895235071481022215e-01 -1.391280732577505896e-01 3.855663291125002723e-02
-9.903935152477609805e-01 -1.322632968532614361e-01 4.033746747661192539e-02
-9.914017105198442703e-01 -1.230898315060229564e-01 4.440211713139893129e-02
-9.922245570211353227e-01 -1.149476307306506739e-01 4.772292085122922106e-02
-9.929231336325583523e-01 -1.089654029181559569e-01 4.722497438358549265e-02
-9.941002651733850115e-01 -9.643093893821864937e-02 4.965625323574046623e-02
-9.944971707250722659e-01 -9.018607270469498893e-02 5.330906542299623102e-02
-9.949699214215518284e-01 -8.214323508861608170e-02 5.733542853959052582e-02
-9.958363012229911604e-01 -7.109935813121044668e-02 5.705216382742503423e-02
-9.962605037703462507e-01 -6.489645773880867163e-02 5.703915635384838867e-02
-9.968492063404528203e-01 -5.499049580654725294e-02 5.716390603718278507e-02
-9.970446055308653799e-01 -4.525959942087534604e-02 6.207761750342425527e-02
-9.972842678367597191e-01 -3.930623076843915015e-02 6.228255549414166842e-02
-9.975571170210573158e-01 -2.747986565563475397e-02 6.422353736072913821e-02
-9.974882162757983117e-01 -2.357090545439459450e-02 6.679579592527934429e-02
-9.977439670330885413e-01 -1.689588329300448222e-02 6.497317081242438841e-02
-9.979710274691192540e-01 -1.108156003508493914e-02 6.269796518442044553e-02
-9.980856448652934976e-01 -3.800632045337745679e-03 6.173012360269919396e-02
-9.983552989545104728e-01 4.364967442033280617e-03 5.716337378021807414e-02
-9.983823550521836454e-01 1.150078195764852457e-02 5.568134564153182087e-02
-9.982219135239710495e-01 2.181153602746332271e-02 5.547319496686350243e-02
-9.982211478955290707e-01 2.331063368949002484e-02 5.487404989101447861e-02
-9.979726008311073926e-01 3.133501324815399919e-02 5.539685952770825178e-02
-9.980233361767592015e-01 3.451341596107099230e-02 5.251905958356434256e-02
-9.975928054939010581e-01 4.243297162464232386e-02 5.484564250171425348e-02
-9.971876263002563689e-01 5.220162469561721863e-02 5.377578818530340948e-02
-9.965795812299957923e-01 6.161857390714568783e-02 5.506629387855568880e-02
-9.959632661408880372e-01 7.271169846102727707e-02 5.263257896827735344e-02
-9.957434072730265706e-01 7.345589284917793116e-02 5.567140796367131550e-02
-9.947902779415417340e-01 8.440377577158540701e-02 5.716915820715973845e-02
-9.946030383564954391e-01 8.661013575730329428e-02 5.712694265126783827e-02
-9.939593501352403937e-01 9.190592618384005319e-02 5.998431676761818016e-02
-9.941006960657619018e-01 9.374460939603344867e-02 5.455054121091416908e-02
-9.931280603709093935e-01 9.959408308124895193e-02 6.146284932642365889e-02
-9.923099435690795334e-01 1.045302148436414447e-01 6.629040496704760588e-02
-9.913575994088488219e-01 1.143461173051968788e-01 6.430461272068252465e-02
-9.897497290535254288e-01 1.276591609513445802e-01 6.402046629232137354e-02
-9.885039316669307352e-01 1.376599038778491546e-01 6.252787847193894133e-02
-9.862149662982669929e-01 1.517327108621215337e-01 6.600933562418681566e-02
-9.856862242288790821e-01 1.571155512379129593e-01 6.113410408076811603e-02
-9.841884455827113465e-01 1.661498418416114120e-01 6.137867218589381640e-02
-9.831932035668452530e-01 1.720163365181792969e-01 6.116790156819985197e-02
-9.817402888037075614e-01 1.810896945581812467e-01 5.824547585183078441e-02
-9.799093677044582451e-01 1.915211796476504746e-01 5.565317783128585077e-02
-9.792815133330001753e-01 1.961698901674248929e-01 5.025036465473545905e-02
-9.775945211613642494e-01 2.046074638930198419e-01 4.944436441440868552e-02
-9.752290071148118633e-01 2.155579938459987188e-01 4.963005383851831070e-02
-9.738895124040971574e-01 2.215069097096818707e-01 4.973845451152495573e-02
-9.724922897973417024e-01 2.281261132167703709e-01 4.708747094001761863e-02
-9.701452867854639672e-01 2.384731716389880962e-01 4.414381173687298432e-02
-9.681817071895386650e-01 2.469263703807904053e-01 4.063934900700485325e-02
-9.676396108802536311e-01 2.494656847355557483e-01 3.795342940440969703e-02
-9.674418562693073431e-01 2.503558492459428964e-01 3.712426019183684422e-02
-9.653212287249250956e-01 2.581389256486395500e-01 3.897727217781111336e-02
-9.644383168800156891e-01 2.621182128104032616e-01 3.395265342476833093e-02
-9.622663206364950872e-01 2.695017131755551021e-01 3.758140731582323285e-02
-9.596728973451746914e-01 2.785151343729063145e-01 3.817404182195515555e-02
-9.586250340478735810e-01 2.825823425568642633e-01 3.442776642722372715e-02
-9.587318085439386905e-01 2.828385989416538071e-01 2.890767341938628443e-02
-9.585772260387254162e-01 2.833632340654343995e-01 2.889613551256272478e-02
-9.568287719438056671e-01 2.898949359618874788e-01 2.096746078577853278e-02
-9.562007300706556467e-01 2.920754566984044009e-01 1.928985482580461083e-02
-9.557081432133651688e-01 2.938590731858584659e-01 1.639503468821358265e-02
-9.540188549888063418e-01 2.993081151048453403e-01 1.620751718532843083e-02
-9.520082853554378000e-01 3.053483371961490112e-01 2.103865168860904675e-02
-9.515192085591223092e-01 3.070859284244012999e-01 1.759077955263913667e-02
-9.492845597436644356e-01 3.140144932711062542e-01 1.592889923635864430e-02
-9.503450200123751967e-01 3.107539108489464907e-01 1.662398919355611432e-02
-9.488174317597454221e-01 3.154973246719934843e-01 1.438494004327246084e-02
-9.494623866061979722e-01 3.138319705156037420e-01 5.538774291785569445e-03
-9.482808043368694539e-01 3.174303920912232013e-01 1.212264176353421673e-03
-9.481004148452983893e-01 3.179632768325538206e-01 -2.228279577939712257e-03
-9.472315163884381661e-01 3.203226264267426404e-01 -1.207793899499009019e-02
-9.500199497010696215e-01 3.118174665429230830e-01 -1.523056293100759871e-02
-9.515371219691505233e-01 3.070854459456876517e-01 -1.660246289130089259e-02
-9.522477842487628852e-01 3.047959367139372877e-01 -1.798893415957557654e-02
-9.518966949901555008e-01 3.056834202242854071e-01 -2.122112340154018451e-02
-9.551453627720815076e-01 2.950974131027983005e-01 -2.479637855457794693e-02
-9.553095853347882693e-01 2.943395266424891910e-01 -2.734678917390533787e-02
-9.561801652594129619e-01 2.913118169456734297e-01 -2.927327408193915528e-02
-9.573472750865721359e-01 2.881835881461499715e-01 -2.089071354078730208e-02
-9.582935480717740262e-01 2.853337669300696766e-01 -1.606625781225741803e-02
-9.589272047366163010e-01 2.826112986683478323e-01 -2.427915748670315260e-02
-9.595557685481129750e-01 2.803749474229512706e-01 -2.535001994017910959e-02
-9.613112445504955472e-01 2.738795883299057765e-01 -2.950711639002271541e-02
-9.626302701690857555e-01 2.696297379108675840e-01 -2.535300929098431230e-02
-9.628284638443401766e-01 2.684691690135273534e-01 -2.976007823931364760e-02
-9.627301369581666712e-01 2.688099676562206719e-01 -2.986456825838019330e-02
-9.650659158305966434e-01 2.596462634846316009e-01 -3.509421926940237135e-02
-9.677115156974172017e-01 2.488332961248831687e-01 -4.020474615262795148e-02
-9.690567960834217676e-01 2.428093624691896601e-01 -4.441337749575980515e-02
-9.691579611795987370e-01 2.418958004680495377e-01 -4.710919926896948301e-02
-9.706915286958643918e-01 2.358932342116849545e-01 -4.596027394468193972e-02
-9.717879717212681845e-01 2.299971500217895259e-01 -5.224421365712025866e-02
-9.733746229756479185e-01 2.228744897020777105e-01 -5.356131177321372255e-02
-9.764160922393964048e-01 2.099854114887749756e-01 -5.017719089502947760e-02
-9.776402041814407085e-01 2.039772680844011421e-01 -5.111667069074526254e-02
-9.796730460619202940e-01 1.947158497414405998e-01 -4.823348673742716003e-02
-9.814234960158122467e-01 1.848211027928974570e-01 -5.146931381460641275e-02
-9.822248197908272083e-01 1.802964210669733280e-01 -5.222655262088470723e-02
-9.827717747679097782e-01 1.773040425385423446e-01 -5.218164504262338965e-02
-9.843327984987740864e-01 1.676442259449948124e-01 -5.462933550167417551e-02
-9.854044013078656628e-01 1.603012725961993623e-01 -5.728592247985964114e-02
-9.872107113382363464e-01 1.498315400875738779e-01 -5.445667800292174759e-02
-9.883249620573179017e-01 1.418723431237529364e-01 -5.555192564938893351e-02
-9.896638482041539842e-01 1.307768789497406881e-01 -5.884627792436583626e-02
-9.915488286063739443e-01 1.163669459198910516e-01 -5.735558567395997870e-02
-9.917041651864172414e-01 1.130314963756653968e-01 -6.121060801383229610e-02
-9.920516345748455755e-01 1.113570871769063581e-01 -5.859319431768231917e-02
-9.928437108139114287e-01 1.009849900355924979e-01 -6.374485754180488073e-02
-9.942175219187597834e-01 8.317073739148700406e-02 -6.792758666698241188e-02
-9.953881627163659873e-01 7.148989256242620216e-02 -6.396569512782755706e-02
-9.962708052643978185e-01 6.344622826922748093e-02 -5.847279542251569706e-02
-9.968589700402135101e-01 5.263403990953246375e-02 -5.917652247832713014e-02
-9.974610769165930257e-01 3.714133086934302136e-02 -6.076126291642288541e-02
-9.978739039686435053e-01 2.824264298765274961e-02 -5.873699220058074821e-02
-9.981827078782593565e-01 1.854666945368820680e-02 -5.733508512067624768e-02
-9.983284219399478632e-01 1.459812012039395437e-02 -5.592196368488348140e-02
-9.982140806342821859e-01 1.025497126306083341e-02 -5.885145730966771793e-02
-9.980447928683419123e-01 6.054720479142091868e-03 -6.220885036820141684e-02
-9.978156849761430358e-01 -2.768962523617085267e-03 -6.600152285518763595e-02
-9.979212612135545113e-01 -1.273535713645942632e-02 -6.317417387104766469e-02
-9.977243445808906541e-01 -2.388061245242073527e-02 -6.305440288335240062e-02
-9.974615191200607578e-01 -3.300981751504575984e-02 -6.309420709322180465e-02
-9.974707856119197080e-01 -4.047458457490914902e-02 -5.842815197153435058e-02
-9.974666892834057608e-01 -4.220327954188345110e-02 -5.726339176185159946e-02
-9.970083559594120626e-01 -5.050729733574691599e-02 -5.850948764371878552e-02
-9.963388723063312247e-01 -6.355774696344095032e-02 -5.717755891701352400e-02
-9.957130177641071445e-01 -7.062859110108883620e-02 -5.972601824842708323e-02
-9.945504486548194523e-01 -8.038382318365905332e-02 -6.639168291126834598e-02
-9.942770923701811370e-01 -8.564584520878777696e-02 -6.385814091241837076e-02
-9.931890203583820798e-01 -9.843665508391800933e-02 -6.233621853048577910e-02
-9.920727401771799459e-01 -1.111904159522237728e-01 -5.855235948566452076e-02
-9.913141906638137657e-01 -1.194162338221077396e-01 -5.509943433453742823e-02
-9.903209650145506915e-01 -1.279086007510084333e-01 -5.388678190808671165e-02
-9.894326923964695819e-01 -1.358920443462608707e-01 -5.055995099891786443e-02
-9.886357030195630502e-01 -1.428758477277067007e-01 -4.675412182961880686e-02
-9.883149019046343353e-01 -1.460917114965440133e-01 -4.348419876432888659e-02
-9.874380907162202403e-01 -1.516888990879946830e-01 -4.423238595351906832e-02
-9.866856687943167392e-01 -1.571714068408956999e-01 -4.181565367931094207e-02
-9.867649419927343457e-01 -1.568870155417962653e-01 -4.100515376759367170e-02
-9.860068306000921989e-01 -1.612987273545276323e-01 -4.211008929239576370e-02
-9.859256866549629406e-01 -1.616922715012499567e-01 -4.249892690862068501e-02
-9.852684745451522064e-01 -1.665698292673763459e-01 -3.873672631996794707e-02
-9.839049178790821859e-01 -1.754266518442971767e-01 -3.400898573219068854e-02
-9.829798757388779062e-01 -1.806387872766207214e-01 -3.346940564686493036e-02
-9.819887766110101390e-01 -1.866334017876640494e-01 -2.942829444235595115e-02
-9.813537026908660810e-01 -1.905185383677351907e-01 -2.544808883229360968e-02
-9.810280507339631528e-01 -1.924312723916797030e-01 -2.354097549520603808e-02
-9.797872671271685707e-01 -1.987930715092032230e-01 -2.232116298878187091e-02
-9.789880412927494113e-01 -2.024665483562521906e-01 -2.428415676275806970e-02
-9.795918396753634516e-01 -1.999425164701044422e-01 -2.056274023273854668e-02
-9.787061965844798817e-01 -2.038326110216243381e-01 -2.421685552177524001e-02
-9.780963501964738960e-01 -2.073085749742090422e-01 -1.872679997462465759e-02
-9.779338999461224535e-01 -2.082618829828974671e-01 -1.650102983605857346e-02
-9.770043411067949046e-01 -2.127131850965419124e-01 -1.468423761841451680e-02
-9.767441632332304335e-01 -2.142043562334287610e-01 -9.345685084061567879e-03
-9.771606280883270435e-01 -2.121722202822940162e-01 -1.183487676706614436e-02
-9.774071231752390343e-01 -2.109510832514427114e-01 -1.322741428484790899e-02
-9.780798008123556819e-01 -2.078115028914325202e-01 -1.320193002029111141e-02
-9.767256068682005354e-01 -2.144511331873315274e-01 -4.220018065198238161e-03
-9.766541181142029959e-01 -2.148179219251681316e-01 4.676909195835531746e-05
-9.766445529050589158e-01 -2.146598830382669965e-01 9.303771442387684387e-03
-9.765261987102349384e-01 -2.149829517264171819e-01 1.337617219699412802e-02
-9.768629100829944178e-01 -2.135661337891074374e-01 1.133003389998062452e-02
-9.762730665523757789e-01 -2.163428669683385153e-01 9.309767257756420417e-03
-9.764501209174497598e-01 -2.156391084293099170e-01 6.704073296966255036e-03
-9.769181423608453985e-01 -2.135142383921466158e-01 6.528510549042919157e-03
-9.777786137203072769e-01 -2.094265938264029125e-01 9.460062575992468983e-03
-9.788106236292201112e-01 -2.045963928737299098e-01 8.371827638543999014e-03
-9.790042982087223677e-01 -2.035743821331364167e-01 1.039535740292892550e-02
-9.806821391896577422e-01 -1.952782055496165292e-01 1.135661880554392905e-02
-9.815010423517237514e-01 -1.911658801222024251e-01 1.055076306373554582e-02
-9.821346946480389306e-01 -1.875775062333211729e-01 1.503759486784993563e-02
-9.826339906854375528e-01 -1.850398433630514317e-01 1.380960678631868409e-02
-9.821621108514024812e-01 -1.873252005923791152e-01 1.633602550522092120e-02
-9.829628935019575353e-01 -1.830629281681115939e-01 1.649008282712339374e-02
-9.830880655465580320e-01 -1.826507131181490662e-01 1.328837405461961649e-02
-9.838212647993386240e-01 -1.786073806668645181e-01 1.396893060838883850e-02
-9.840404988180384560e-01 -1.774013881673938420e-01 1.389433998655262986e-02
-9.846390912802184259e-01 -1.739591123263461991e-01 1.496982611788659490e-02
-9.846311372236180581e-01 -1.742865513806445832e-01 1.121294661247674955e-02
-9.847565925504609963e-01 -1.731404751662995178e-01 1.663844703869810440e-02
-9.837918804616673230e-01 -1.784378822467757031e-01 1.770499168178669286e-02
-9.845517459411855521e-01 -1.740284598691188844e-01 1.928635189349789392e-02
-9.849494412944196364e-01 -1.716180918366635166e-01 2.053867898804957043e-02
-9.854640702969337251e-01 -1.684820440409071918e-01 2.178016760376986355e-02
-9.868701989686610165e-01 -1.602847366013903929e-01 1.990030616866792640e-02
-9.877428685766810323e-01 -1.540997565239062839e-01 2.484551058195428458e-02
-9.872111857399960000e-01 -1.577090266923070194e-01 2.327974395381772824e-02
-9.877568211488928496e-01 -1.539578592434220905e-01 2.516840694764306899e-02
-9.883514475869574767e-01 -1.502505477401133716e-01 2.421152182093741501e-02
-9.887095253702563591e-01 -1.476758673067382621e-01 2.540317947320036920e-02
-9.887466075654708364e-01 -1.463817335289425148e-01 3.086329606878837617e-02
-9.892554706942094933e-01 -1.422771710431355308e-01 3.362780529256148565e-02
-9.901286537195470583e-01 -1.370580441330387644e-01 2.933172883914899123e-02
-9.906687318676584697e-01 -1.333382125611106694e-01 2.822044382013051689e-02
-9.909704751018486579e-01 -1.294426112295411213e-01 3.495907430540989846e-02
-9.920285211404167303e-01 -1.199644524166956217e-01 3.857398967278553165e-02
-9.926385804901041165e-01 -1.149810548840928259e-01 3.805278985087223037e-02
-9.928909915831337640e-01 -1.128176026107657742e-01 3.794307113147219607e-02
-9.935901568397661476e-01 -1.055179343456204982e-01 4.055336063499952182e-02
-9.944084600671888596e-01 -9.857768734034941249e-02 3.787166908581685726e-02
-9.948084149705304080e-01 -9.641791550674373712e-02 3.255475773220660451e-02
-9.952697670894481430e-01 -9.161976749488247307e-02 3.230972136197114708e-02
-9.952238651199827313e-01 -8.963849493846987038e-02 3.865757139338809462e-02
-9.957373989541621340e-01 -8.400991875615404503e-02 3.807066025726946884e-02
-9.962362729612115331e-01 -8.186277191415031185e-02 2.849182726298943313e-02
-9.968645692244648693e-01 -7.400948312295801967e-02 2.799350304864169081e-02
-9.971212841769154789e-01 -7.173388310206924023e-02 2.456427961965571352e-02
-9.971496839282967262e-01 -7.137966789478904228e-02 2.444299550685319344e-02
-9.972434056827454985e-01 -6.909344827591172578e-02 2.704985089535942924e-02
-9.974346541303450442e-01 -6.487937885330780086e-02 3.024543283660029516e-02
-9.977066506333210905e-01 -6.059562281497034991e-02 3.015989129094189328e-02
-9.978115827243673186e-01 -5.772556939619049449e-02 3.224613666425834441e-02
-9.978470479604999444e-01 -5.560601613330232867e-02 3.477426096633473573e-02
-9.979499615207063634e-01 -5.251722620892125548e-02 3.657628557797823476e-02
-9.978595215214222103e-01 -5.045989234274252805e-02 4.159548171504584557e-02
-9.981611539690306012e-01 -4.084324211170818619e-02 4.479006687474244158e-02
-9.980969816110839554e-01 -4.110985630246953570e-02 4.596090538709926565e-02
-9.983589311831935209e-01 -3.776638904683495696e-02 4.304827749693067307e-02
-9.983684148918399170e-01 -3.830586770264328422e-02 4.234593795657157211e-02
-9.983533875881058783e-01 -3.581589713774550876e-02 4.480786610288368249e-02
-9.987601072955020198e-01 -2.785823504200322931e-02 4.125744177316780642e-02
-9.990105369933257595e-01 -1.756410518709149854e-02 4.085901176605928609e-02
-9.987994509132628318e-01 -1.322697210850064947e-02 4.716687347477484943e-02
-9.988437853849234660e-01 -5.287006090924360399e-03 4.778231747012156444e-02
-9.989437957284453828e-01 3.276534385758284040e-03 4.583194453226151210e-02
-9.987077950763475487e-01 9.975960806660428420e-03 4.983202106367422279e-02
-9.985307978411271934e-01 1.868467233057694715e-02 5.086392512301794733e-02
-9.985238749604641306e-01 2.550588835276985933e-02 4.795342319042768947e-02
-9.979478414857364532e-01 3.810026229007310028e-02 5.146344237069647859e-02
-9.974358415769881692e-01 4.884968867515122187e-02 5.230162606561957611e-02
-9.967654268492288638e-01 5.600243181341946902e-02 5.764045437660706567e-02
-9.961688698353287075e-01 6.674898757526873116e-02 5.649925496538728970e-02
-9.952253156391678290e-01 7.899494062846817988e-02 5.732696509703242432e-02
-9.945251224894621211e-01 8.841828405284020420e-02 5.569558459386295818e-02
-9.942064794678647788e-01 9.393689692319392992e-02 5.224314160088575770e-02
-9.931107114132855518e-01 1.045003200508621277e-01 5.301705694379818534e-02
-9.919270896593967990e-01 1.138311324613191372e-01 5.588499457959104216e-02
-9.912449236637153049e-01 1.190371262415565873e-01 5.712857827921481724e-02
-9.899039492112415850e-01 1.289631554279207504e-01 5.881059870067947143e-02
-9.890085352240628458e-01 1.363299166447163036e-01 5.723881273649243651e-02
-9.881815345898885550e-01 1.438893295288239393e-01 5.285003302201660147e-02
-9.866898071668980252e-01 1.530440215084676869e-01 5.496146377730985744e-02
-9.852059956518200989e-01 1.633564049727159739e-01 5.180580602849593763e-02
-9.832876744521750201e-01 1.741683876915739448e-01 5.301634191642801142e-02
-9.818485428379455371e-01 1.826209286933824505e-01 5.121567954113908500e-02
-9.794868774661460442e-01 1.953177777770347123e-01 4.956241474583102796e-02
-9.787041544588659381e-01 2.001898452543234008e-01 4.541160846098302173e-02
-9.773911211109201913e-01 2.072373386424339325e-01 4.194391620532599008e-02
-9.764262218951311745e-01 2.119605482558502285e-01 4.079913488159439550e-02
-9.760493670358479923e-01 2.143224069345424088e-01 3.733027090288851269e-02
-9.738235232455192403e-01 2.234446430070237966e-01 4.171627294514178297e-02
-9.721313057914773292e-01 2.307572631740116564e-01 4.137414785403997070e-02
-9.718318067116308301e-01 2.328521210764715466e-01 3.637085958333134694e-02
-9.710675838324398512e-01 2.359236796739037079e-01 3.698344592019180838e-02
-9.699900473398542777e-01 2.407519947005777594e-01 3.402639095207464492e-02
-9.683332607216825760e-01 2.478334745782870274e-01 3.015418755859232414e-02
-9.666397726084775543e-01 2.546568847917458633e-01 2.752146341975620150e-02
-9.651010504346455576e-01 2.603948916147083015e-01 2.782935124686793452e-02
-9.651137158377904868e-01 2.605723094779519022e-01 2.564365335740516338e-02
-9.634883739093843547e-01 2.668701289247590869e-01 2.169095479756676104e-02
-9.637170928020699634e-01 2.662872932665357184e-01 1.845135220343019009e-02
-9.626899858795384679e-01 2.702426475021436070e-01 1.403254936868003448e-02
-9.609478463505481960e-01 2.762284711010088989e-01 1.664567008392374772e-02
-9.595600724044310859e-01 2.811459662724826725e-01 1.419235936696077935e-02
-9.587671245532048969e-01 2.838405241050246386e-01 1.414806417618127109e-02
-9.585463097390425347e-01 2.845411726541833830e-01 1.501010078338615474e-02
-9.573740473889486013e-01 2.884605396827742974e-01 1.501533906859485977e-02
-9.559929477838581269e-01 2.932060775969331790e-01 1.037736382517413965e-02
-9.554587132854309717e-01 2.950325192021803766e-01 7.380354364500292356e-03
-9.570804195815026949e-01 2.898058967091182159e-01 3.102023673671324214e-03
-9.573976463362019462e-01 2.887726967184944260e-01 -2.937595374082144911e-04
-9.563216544473621683e-01 2.922798153752638739e-01 -4.627374667728162763e-03
-9.551850805476633788e-01 2.959443160217332669e-01 -6.199476610528147774e-03
-9.557238515381530908e-01 2.940239640640616159e-01 -1.190957685558647824e-02
-9.556190862861213553e-01 2.943843798412717483e-01 -1.140213560485398188e-02
-9.565863528132331206e-01 2.912645892826662974e-01 -1.036814820863004444e-02
-9.573988987370291026e-01 2.885485004153950372e-01 -1.127481550368244351e-02
-9.579018556135582285e-01 2.868045451170916915e-01 -1.293049825856347305e-02
-9.589009564875142777e-01 2.833732253198805173e-01 -1.444232438139291669e-02
-9.599032391890308658e-01 2.799282699323933365e-01 -1.503146741374225374e-02
-9.601571064128590072e-01 2.789862106487232540e-01 -1.627990193037595276e-02
-9.596718489634203930e-01 2.804417428680767710e-01 -1.955456755012423622e-02
-9.608489420059589392e-01 2.759981674537276275e-01 -2.437893284000536287e-02
-9.613115941851050339e-01 2.739996101157436970e-01 -2.835917389788661369e-02
-9.626520066132021602e-01 2.697671293613122523e-01 -2.295256532693949053e-02
-9.631226870013152030e-01 2.680906746933234830e-01 -2.284929101732139853e-02
-9.632931230154776481e-01 2.674671736880326334e-01 -2.297129349843840193e-02
-9.633818511804503881e-01 2.668004992682088683e-01 -2.670042332179550781e-02
-9.644423532678894073e-01 2.626912969651032936e-01 -2.905580808594040998e-02
-9.652137171857485543e-01 2.591806474276059924e-01 -3.446567219726711512e-02
-9.655160838780040278e-01 2.578740977674730539e-01 -3.577222227725906922e-02
-9.665935194701765765e-01 2.533240671834166569e-01 -3.903710569631078237e-02
-9.689185585059814088e-01 2.439648458829474786e-01 -4.096329571242530998e-02
-9.703556417990540917e-01 2.377341168176278496e-01 -4.350205725503978466e-02
-9.715603768503122684e-01 2.329027259138749251e-01 -4.274067434242453251e-02
-9.733252084247130398e-01 2.251789434014950242e-01 -4.396012950625991650e-02
-9.749804217873765388e-01 2.178285659484012482e-01 -4.431595540449045217e-02
-9.762497690344522638e-01 2.119270306375338753e-01 -4.498147487175151865e-02
-9.785714492001896803e-01 2.011684906876240186e-01 -4.392229473084723057e-02
-9.814958168984915243e-01 1.860584442900716506e-01 -4.525734850054686370e-02
-9.826454480258316471e-01 1.806811437651828500e-01 -4.197926318797651213e-02
-9.831422188739284973e-01 1.769936295748179289e-01 -4.587639287690813139e-02
-9.842762775125853958e-01 1.721177505756192050e-01 -3.969509086862092057e-02
-9.862747881614184475e-01 1.608113460276730522e-01 -3.744013596576745151e-02
-9.868620220961079603e-01 1.569676792463061687e-01 -3.826888537708398458e-02
-9.874739613019112294e-01 1.541936524213818327e-01 -3.345898641994091149e-02
-9.873587711314196769e-01 1.547191651337847251e-01 -3.441870829190448594e-02
-9.884369369789925974e-01 1.479106926647727471e-01 -3.338950501315006425e-02
-9.886993333786088245e-01 1.461955674955989215e-01 -3.317370426782909748e-02
-9.896232359054273342e-01 1.402143102902613236e-01 -3.139758732445211559e-02
-9.898093072020667238e-01 1.387338396900502091e-01 -3.210089489031671406e-02
-9.904871689915764055e-01 1.338470191632030459e-01 -3.193984770923345706e-02
-9.907620434584386571e-01 1.328786558056582190e-01 -2.708960009298345961e-02
-9.920753108641042761e-01 1.225414036823983116e-01 -2.775233945573932215e-02
-9.928670014730920368e-01 1.143839571174640468e-01 -3.363686425381876705e-02
-9.934557159907931867e-01 1.072379540309765372e-01 -3.931631513476360751e-02
-9.938573333067964866e-01 1.017433192896780719e-01 -4.354204057762398050e-02
-9.944544175051361901e-01 9.450660346127548461e-02 -4.614027401166002212e-02
-9.949222549812086758e-01 9.001725140592704844e-02 -4.501791250840653930e-02
-9.961953207415462641e-01 7.795408466534359260e-02 -3.896222352062509581e-02
-9.969061852240348465e-01 7.127585320010720871e-02 -3.313338965102781419e-02
-9.975641624337460156e-01 6.426158577621027268e-02 -2.713302276742340230e-02
-9.979429949235666397e-01 5.525580743621543583e-02 -3.250516713629655885e-02
-9.984262139767661193e-01 4.256943705695192398e-02 -3.650958647396720241e-02
-9.988798494300613617e-01 3.294064545645540576e-02 -3.397016012867364737e-02
-9.992571429080787659e-01 2.591711298869032315e-02 -2.852151738075233561e-02
-9.995423583661912081e-01 1.953645612605783149e-02 -2.309570986221025357e-02
-9.995379760787888035e-01 1.717879532636043538e-02 -2.507457858192883859e-02
-9.995379069777545755e-01 1.517613864710839859e-02 -2.633758637165386010e-02
-9.996836707715153203e-01 1.497071814527203316e-02 -2.021007519864842158e-02
-9.996157160252470142e-01 1.290281265805715005e-02 -2.453464775606964410e-02
-9.995502986581642491e-01 1.375863593710873085e-02 -2.664416668967990731e-02
-9.995868204463825846e-01 1.032737351450210318e-02 -2.682433556283485288e-02
-9.996512046095453741e-01 1.008925338256811029e-02 -2.440670642341751656e-02
-9.997544667574502775e-01 2.072370682633746866e-03 -2.206179166038121572e-02
-9.996992814435045061e-01 -1.395414389585669483e-04 -2.452220286950076295e-02
-9.997055877842149219e-01 -5.148169039970439467e-03 -2.371171234066414904e-02
-9.997048993164115993e-01 -1.222219517995199248e-02 -2.099388570735304105e-02
-9.994868094395772395e-01 -1.896913971337403984e-02 -2.581280249140197047e-02
-9.995282195440228223e-01 -1.645126217263639251e-02 -2.593656846988230333e-02
-9.993008863896400973e-01 -1.766613429081633976e-02 -3.294931816553616638e-02
-9.989954751452762016e-01 -2.864532726650551031e-02 -3.446008406333325724e-02
-9.987463861037946256e-01 -3.044808536330429610e-02 -3.973137256501465403e-02
-9.982573241224841354e-01 -3.963057216417958939e-02 -4.372349920934509582e-02
-9.978251499384536150e-01 -5.055531289114481575e-02 -4.229825330757349539e-02
-9.975608180259684099e-01 -5.691154561412940099e-02 -4.041660504222746586e-02
-9.972173711487926084e-01 -6.437937093133122568e-02 -3.758753542628038430e-02
-9.968314798553942202e-01 -7.277758888838586904e-02 -3.210037902658117309e-02
-9.965365770516995125e-01 -7.748056262048899634e-02 -3.019311150278653280e-02
-9.959758130174802826e-01 -8.305337170241564038e-02 -3.367979356468042001e-02
-9.951147678198629665e-01 -9.150818397162055473e-02 -3.705215780326690661e-02
-9.946447919182441755e-01 -9.698160486999746199e-02 -3.572558526218561070e-02
-9.941301723000441903e-01 -1.035373989852503285e-01 -3.138819249500855030e-02
-9.930791161294302283e-01 -1.117941788834202060e-01 -3.599919252173729156e-02
-9.921305643368945049e-01 -1.196209274312796805e-01 -3.698362159444675001e-02
-9.916287722758945211e-01 -1.239933979889835808e-01 -3.602813453347072231e-02
-9.915016065106184717e-01 -1.258142824394831716e-01 -3.309594874622701077e-02
-9.906002126961389598e-01 -1.338824496983744283e-01 -2.804851652732785749e-02
-9.897459955742214932e-01 -1.395937319891585315e-01 -3.027317715941251278e-02
-9.888439994782369791e-01 -1.464412535372338897e-01 -2.724912669028864073e-02
-9.881477639005934455e-01 -1.510805149733457642e-01 -2.717877182577249293e-02
-9.873315737891371624e-01 -1.561276232264782460e-01 -2.829380903446845549e-02
-9.864592717279586642e-01 -1.613440215704741720e-01 -2.943166529520411731e-02
-9.858374556829104796e-01 -1.648786866099609116e-01 -3.065192825686403888e-02
-9.856384012842780429e-01 -1.664470937298389297e-01 -2.850119151539686271e-02
-9.852236406592761453e-01 -1.693731878410784653e-01 -2.543839853778801299e-02
-9.842879085498351666e-01 -1.742935321088609768e-01 -2.826816022982286958e-02
-9.826478459264850196e-01 -1.833237766256720636e-01 -2.820664731085575569e-02
-9.817869562171187559e-01 -1.880287578775749757e-01 -2.719503524533769048e-02
-9.797577200272140630e-01 -1.978549179834212524e-01 -3.046724257613688328e-02
-9.790192881943463599e-01 -2.013364310412014413e-01 -3.138289802446145305e-02
-9.795521901183570357e-01 -1.988412398353182065e-01 -3.065419376018824887e-02
-9.792077468096467285e-01 -2.008004574133130660e-01 -2.883359676543062813e-02
-9.782656244840834958e-01 -2.049290316326336236e-01 -3.163022914196893937e-02
-9.774806281185224321e-01 -2.090100839191307847e-01 -2.909326186142881937e-02
-9.771596437330680729e-01 -2.108261632678470610e-01 -2.667153770908066782e-02
-9.765209210000100892e-01 -2.139599576099264489e-01 -2.506070129563820609e-02
-9.767391134362914951e-01 -2.132763891390083710e-01 -2.222380494828835387e-02
-9.756728759378394678e-01 -2.181861476204050021e-01 -2.138353359128629047e-02
-9.743238806214092884e-01 -2.236595194392921593e-01 -2.587289157643005155e-02
-9.737291667929590666e-01 -2.260867945069950091e-01 -2.713452770999831565e-02
-9.725312742937489707e-01 -2.308854877488481505e-01 -2.957741726903183321e-02
-9.701883959252638467e-01 -2.403770976549483851e-01 -3.087618780542423016e-02
-9.688530782299975552e-01 -2.462625502432595481e-01 -2.604765916605591286e-02
-9.675335030257118385e-01 -2.509500433841761469e-01 -3.005008800808476113e-02
-9.651292066933043756e-01 -2.594849450336829122e-01 -3.454257385081359322e-02
-9.628700519446945494e-01 -2.678115691622387495e-01 -3.403289845912411266e-02
-9.619084816512242231e-01 -2.711584156105664722e-01 -3.471596569452984477e-02
-9.614917149926094364e-01 -2.727183270312573682e-01 -3.403539040294358692e-02
-9.597054457523191973e-01 -2.794726833275484879e-01 -2.933408223302008330e-02
-9.585287494357670468e-01 -2.830042251487691063e-01 -3.363416107449674480e-02
-9.569775625552582321e-01 -2.882066685145137641e-01 -3.362845116343621266e-02
-9.567449479490859332e-01 -2.889541311735951412e-01 -3.383232758829679554e-02
-9.567078716292573004e-01 -2.898081002569085629e-01 -2.685749626539659513e-02
-9.574750654279011730e-01 -2.868939749820867413e-01 -3.055090804097292459e-02
-9.568140882191749075e-01 -2.892541038942517684e-01 -2.896335146154417617e-02
-9.552190037538893508e-01 -2.950578937131055346e-01 -2.230484129975324192e-02
-9.547100456636733457e-01 -2.966508228038176043e-01 -2.295712897219204934e-02
-9.545923703397709570e-01 -2.968506028688390752e-01 -2.516222973731465848e-02
-9.537066650291571301e-01 -2.999683210626036822e-01 -2.150848721146044265e-02
-9.527187983718804487e-01 -3.025574880598387861e-01 -2.803336157972427176e-02
-9.509689866856377849e-01 -3.083034359018819170e-01 -2.463715430368484602e-02
-9.491066347753287502e-01 -3.143226902926885002e-01 -1.994627113945508790e-02
-9.465492191523566801e-01 -3.220429806867927680e-01 -1.824570384941973794e-02
-9.459181334110754458e-01 -3.237778412597706046e-01 -2.016942714548264348e-02
-9.464384987645526603e-01 -3.219382745570029680e-01 -2.469669567483723932e-02
-9.450590783920692628e-01 -3.258795540850246697e-01 -2.580437808470912447e-02
-9.430748722297668252e-01 -3.317062940574874164e-01 -2.409836461966655130e-02
-9.417263397218104126e-01 -3.354933972491297434e-01 -2.440681890642436985e-02
-9.383933951861266332e-01 -3.450183393697729417e-01 -1.949852540207247520e-02
-9.393479645522738730e-01 -3.422326469143213701e-01 -2.241044370112089956e-02
-9.405964839314155945e-01 -3.392338709326824797e-01 -1.409419698980277427e-02
-9.406500283021885789e-01 -3.391932902153936835e-01 -1.120032581744580778e-02
-9.403780416047752277e-01 -3.400696890809881689e-01 -6.461936003293303719e-03
-9.398843886345128462e-01 -3.414926779205146312e-01 3.132077147148023405e-04
-9.402397631374370679e-01 -3.404917275413884559e-01 3.818704327776200301e-03
-9.410953209718866397e-01 -3.381046907441728755e-01 4.982587140801583193e-03
-9.400218289633351931e-01 -3.410247588784006689e-01 7.815758707272614514e-03
-9.404501768179527321e-01 -3.396995891718692651e-01 1.255648397013420237e-02
-9.417116528776584561e-01 -3.360353205966361556e-01 1.610706572117994242e-02
-9.428358346072239771e-01 -3.329418706126233141e-01 1.450211021508041910e-02
-9.426325904216230622e-01 -3.334943447395617433e-01 1.501109349667407999e-02
-9.426391492569570207e-01 -3.331443263693870116e-01 2.112589818640667194e-02
-9.415327252070031516e-01 -3.358257815580648620e-01 2.715111954272569211e-02
-9.409370523504905215e-01 -3.374031780711221340e-01 2.822357926751820414e-02
-9.419703759975760482e-01 -3.338525692106212306e-01 3.513238639261585805e-02
-9.440415312214763821e-01 -3.274809535863057453e-01 3.926606995183691551e-02
-9.465604413276066387e-01 -3.194352497566322890e-01 4.454732286879980324e-02
-9.507413424959941795e-01 -3.065741907619548567e-01 4.586040998975092486e-02
-9.544943700269781228e-01 -2.941202607309231221e-01 4.933337787336203317e-02
-9.557746520651386746e-01 -2.883202038763832409e-01 5.801971449634917705e-02
-9.576349469926236369e-01 -2.820978785389670063e-01 5.793192547207604709e-02
-9.588059942390769752e-01 -2.785123960463821713e-01 5.587417491007815040e-02
-9.602526011149329355e-01 -2.726246784885449914e-01 5.992278155302161596e-02
-9.619899751928768783e-01 -2.666018552373191075e-01 5.915024434354559241e-02
-9.648430785276037591e-01 -2.564446549748942705e-01 5.756722757163206666e-02
-9.681300360805468186e-01 -2.439057278329675171e-01 5.687039689171480977e-02
-9.688836777169175241e-01 -2.399723866871699418e-01 6.064392555341471813e-02
-9.708270145665752748e-01 -2.312041663529649238e-01 6.355748894953418271e-02
-9.733870770311811027e-01 -2.202283129720868926e-01 6.338060883436935633e-02
-9.755539428169150984e-01 -2.089836550858382713e-01 6.797315503221132427e-02
-9.767552148207560014e-01 -2.013456979668397095e-01 7.354708460897330102e-02
-9.798241659448011509e-01 -1.853053086533404392e-01 7.487696504679819398e-02
-9.814994387836339929e-01 -1.770544000822769082e-01 7.287389422730905508e-02
-9.822694382030702220e-01 -1.703099878741739237e-01 7.836627110630987880e-02
-9.844327233685710166e-01 -1.601612534859096770e-01 7.239198476107729097e-02
-9.859127522135191501e-01 -1.493943310629987364e-01 7.521563999767137687e-02
-9.872195862705026581e-01 -1.400741860439927988e-01 7.600476663660737930e-02
-9.882564867106675699e-01 -1.314157357927656644e-01 7.796816475519351142e-02
-9.903672293497353118e-01 -1.171411260916831731e-01 7.382900092036623341e-02
-9.911463693277302589e-01 -1.062323181544896217e-01 7.964661492698107970e-02
-9.926491315067951238e-01 -9.061045986891862192e-02 8.023378612374500174e-02
-9.935338228341695777e-01 -8.250414639012099149e-02 7.799758167174822288e-02
-9.944976547184899429e-01 -7.283588084025505172e-02 7.529517343310188071e-02
-9.949889282293206128e-01 -6.493187870497256486e-02 7.603221549813408975e-02
-9.957711900772985292e-01 -5.220734198448251373e-02 7.559195987406935879e-02
-9.961312683631408094e-01 -4.224431804922253175e-02 7.705795106809736061e-02
-9.964637712300652428e-01 -3.493253355925941828e-02 7.641782996479506984e-02
-9.968493415666802582e-01 -2.902958994777105756e-02 7.381522267727903819e-02
-9.973517679296322047e-01 -9.851720478271954601e-03 7.205836787334612970e-02
-9.972513556578552762e-01 2.485480986329700187e-03 7.405113065231629099e-02
-9.971268521245604255e-01 1.646670997791104679e-02 7.393850248931277402e-02
-9.971875935521185008e-01 2.688552014455731359e-02 6.995774176102954878e-02
-9.970751645310345079e-01 3.887633014975713786e-02 6.580091670655616176e-02
-9.969250733832849543e-01 4.998946753202004184e-02 6.034454694741469422e-02
-9.964090643391179114e-01 5.969788067575380885e-02 6.004292367815780573e-02
-9.958635790280035982e-01 6.988018031855522394e-02 5.807327666813334038e-02
-9.955884186450164597e-01 7.632373866960630304e-02 5.457472478775299285e-02
-9.950611516133227585e-01 8.402424705754446554e-02 5.285114342063618187e-02
-9.948379470386295997e-01 8.780651848911999457e-02 5.086734981173686443e-02
-9.939297249253221667e-01 9.603816022568278932e-02 5.366923365400949608e-02
-9.928292801284156477e-01 1.044063766139559507e-01 5.821805718855574407e-02
-9.917861989612916096e-01 1.122369559723771365e-01 6.134341433265699112e-02
-9.905442696591248986e-01 1.240304737312840772e-01 5.863876216936032837e-02
-9.886532785235035981e-01 1.387845015583620001e-01 5.747669024468887722e-02
-9.867553697392361656e-01 1.486891131694481893e-01 6.484906617259995898e-02
-9.853071730057454403e-01 1.584830089543843856e-01 6.366258008414749092e-02
-9.839588954683740063e-01 1.666685521960570848e-01 6.361209901528344646e-02
-9.825141202704851251e-01 1.752709945867203800e-01 6.281795365124349939e-02
-9.808525192616081023e-01 1.858458221043416403e-01 5.822095023214341608e-02
-9.794952775618263052e-01 1.932191804199618890e-01 5.705578586508483485e-02
-9.771561013130092288e-01 2.046670805173762819e-01 5.724817007826141918e-02
-9.750831994427020533e-01 2.153665145010590642e-01 5.319804272675202061e-02
-9.735222556261073912e-01 2.215167052143297566e-01 5.643385923437572310e-02
-9.714099213024781632e-01 2.318168072912084321e-01 5.122251273024436280e-02
-9.707734338610342073e-01 2.361492523175211522e-01 4.280751742560680306e-02
-9.693630108359408970e-01 2.411877001506422813e-01 4.651730319233704503e-02
-9.685614808349156668e-01 2.447722360348190962e-01 4.444348386257377520e-02
-9.662401343685240729e-01 2.537643242074611449e-01 4.453856135422292611e-02
-9.642340514684878405e-01 2.621513481365503329e-01 3.910725602670572787e-02
-9.622652813047334330e-01 2.705814356347420735e-01 2.883101318265824525e-02
-9.592861185074474939e-01 2.809704534569330558e-01 2.873602889045360348e-02
-9.572779136110866061e-01 2.879016609009287242e-01 2.704888017111213919e-02
-9.570196038211539191e-01 2.894553458491323505e-01 1.814091491217043051e-02
-9.560692807922904768e-01 2.927804827186180625e-01 1.453035944980302432e-02
-9.571813657217381754e-01 2.889265399058238426e-01 1.803606736695538212e-02
-9.561368722222410854e-01 2.923943107648697692e-01 1.754595878481501198e-02
-9.549799409270299799e-01 2.957416814600721811e-01 2.345596854739270820e-02
-9.554617821910166287e-01 2.942463102285505783e-01 2.262529298510292455e-02
-9.541742573343015010e-01 2.986040058892207583e-01 1.967603779308978174e-02
-9.531261184642729756e-01 3.020915239061843227e-01 1.706826406896655435e-02
-9.524081883557999895e-01 3.046663603795234376e-01 9.852095373948512730e-03
-9.523367885508173813e-01 3.048404048888334050e-01 1.126858019360947247e-02
-9.511330211449752214e-01 3.087582712329384194e-01 3.783940119188436424e-03
-9.518027315072999928e-01 3.066990491700283816e-01 -2.695515601532996915e-03
-9.522459375154187500e-01 3.053319455101582980e-01 2.996829177401619769e-04
-9.535812313642803018e-01 3.011345871748120628e-01 8.988086328337019631e-04
-9.522168463340840994e-01 3.054090389564722563e-01 2.899792218745670010e-03
-9.521162196063623906e-01 3.057346964795070177e-01 -1.006012679695809757e-03
-9.529826370691324433e-01 3.029723331455740909e-01 5.645443300965851188e-03
-9.524872822141423612e-01 3.045765464980531578e-01 -1.056785199925604039e-03
-9.543586842383935398e-01 2.986628707582478781e-01 6.041552867116096320e-05
-9.535920066814131957e-01 3.010814955264050630e-01 -3.497136658521165196e-03
-9.553674279169912520e-01 2.953689967020968199e-01 -5.499608374023031744e-03
-9.553231643284513241e-01 2.954411800696971624e-01 -8.495472739832591463e-03
-9.547744545105188996e-01 2.972430395641716960e-01 -7.233857340975067413e-03
-9.572098673812862168e-01 2.888636106010411542e-01 -1.752419268887155795e-02
-9.585390583891701954e-01 2.841417188350798817e-01 -2.159560958803022346e-02
-9.602780822840062402e-01 2.783960243877521279e-01 -1.901766167835107837e-02
-9.605420048425796775e-01 2.774387089665563688e-01 -1.966806723861099296e-02
-9.610107670712454420e-01 2.753976492039369450e-01 -2.478817562611378145e-02
-9.629054391215065012e-01 2.684957898163692347e-01 -2.689125255867592934e-02
-9.642579543026276179e-01 2.633945684905398821e-01 -2.880819702640141644e-02
-9.655795904502092464e-01 2.576488276324332416e-01 -3.568122240136892970e-02
-9.671977007999207343e-01 2.517608303207058973e-01 -3.383940552597634877e-02
-9.675411234861505116e-01 2.500760787718968037e-01 -3.641624214513484309e-02
-9.688763381539253761e-01 2.448801610202865908e-01 -3.622653168590436040e-02
-9.686691076762886654e-01 2.447887053630516119e-01 -4.193641729501896426e-02
-9.717034347844856201e-01 2.321327897698144682e-01 -4.366710847553464253e-02
-9.730178337940054156e-01 2.262172819245666655e-01 -4.540980196111078088e-02
-9.744333615696657569e-01 2.193777641744452112e-01 -4.850808395553587310e-02
-9.759953471161161298e-01 2.133881023014897460e-01 -4.357308565280350321e-02
-9.761200651410011364e-01 2.125320642777179803e-01 -4.494166979786368143e-02
-9.783324512838869058e-01 1.994557660433708968e-01 -5.552501100470025319e-02
-9.792763174028341622e-01 1.930983576170617888e-01 -6.108136602200772702e-02
-9.815930577551634784e-01 1.795782537393948164e-01 -6.501334262319378998e-02
-9.825011490043411566e-01 1.705058254062917777e-01 -7.496179820457488097e-02
-9.848870689864410721e-01 1.572614446650895392e-01 -7.256937876185873271e-02
-9.865026782614729761e-01 1.448407525306752430e-01 -7.637825504571792157e-02
-9.881466058820798093e-01 1.339918054669339553e-01 -7.491659942282474782e-02
-9.898119750124145799e-01 1.199121894519861869e-01 -7.676807036488890457e-02
-9.908288217882916804e-01 1.107190092621043870e-01 -7.745684345113937330e-02
-9.924351463610301405e-01 9.388488430923591643e-02 -7.910831023068048973e-02
-9.938318647262790462e-01 8.327697670956717146e-02 -7.323377319680521302e-02
-9.947161990756915317e-01 7.125692997162137721e-02 -7.390635283799207311e-02
-9.952697177632465753e-01 6.214569731009877973e-02 -7.467340237696397376e-02
-9.963078344358278216e-01 4.807378152548241051e-02 -7.113104699775388284e-02
-9.970593599266398543e-01 3.314842712570148509e-02 -6.909290618567726083e-02
-9.977029272229943624e-01 1.786658006164916490e-02 -6.534270490137546183e-02
-9.980657940618473667e-01 1.227711998341458714e-02 -6.094224884664162234e-02
-9.979653294305720346e-01 3.376223727259510671e-03 -6.366959319718343280e-02
-9.982015124345248180e-01 -6.853713930763644102e-03 -5.955486159996663253e-02
-9.984496033639738144e-01 -1.207869707703283085e-02 -5.433699252931738222e-02
-9.984507024951686516e-01 -1.929554779571053535e-02 -5.219090491038329283e-02
-9.985456713715982202e-01 -2.655272546591894503e-02 -4.692024028502951583e-02
-9.984496261357593827e-01 -3.257018176404608695e-02 -4.513913241430890511e-02
-9.981414649565626407e-01 -3.724257956863973734e-02 -4.823505215633573651e-02
-9.979786628747092658e-01 -4.410928718132051118e-02 -4.574902404090705477e-02
-9.976722238741209114e-01 -4.964997142023493820e-02 -4.674428362050181418e-02
-9.974976090969258635e-01 -5.505275726823628119e-02 -4.435907723280528570e-02
-9.972402971728540066e-01 -6.237526288068082070e-02 -4.026325722002743746e-02
-9.967142111156561679e-01 -7.113275119097892119e-02 -3.874179417585320306e-02
-9.963802977571183384e-01 -7.717720008097007922e-02 -3.563699429139620400e-02
-9.957201870627573337e-01 -8.468915260524484401e-02 -3.700094516691573854e-02
-9.953310121063444482e-01 -8.972832012576226202e-02 -3.556709598800298494e-02
-9.953787609911695089e-01 -8.891103363162237982e-02 -3.627621357488471782e-02
-9.948323546070038104e-01 -9.488064710685181757e-02 -3.614225276240434770e-02
-9.942508259176615626e-01 -1.001660941478282330e-01 -3.784259798541515091e-02
-9.934907693481798141e-01 -1.068032687074693399e-01 -3.961270754925788617e-02
-9.932974006527904853e-01 -1.091314633631545600e-01 -3.808688922095442714e-02
-9.929621258465791689e-01 -1.137182207374196202e-01 -3.308166336327241636e-02
-9.924945431440809207e-01 -1.186275623204377377e-01 -2.970011336268493091e-02
-9.917674175798918412e-01 -1.253939683923739334e-01 -2.595679778613198610e-02
-9.906029997194374381e-01 -1.339504341006526322e-01 -2.762229965469608500e-02
-9.909227933122279897e-01 -1.315002238876219198e-01 -2.792350430059163668e-02
-9.904110997650853454e-01 -1.345499460597528174e-01 -3.133973249150400625e-02
-9.901575573568369704e-01 -1.363815643026677904e-01 -3.143396066554494939e-02
-9.890322322709184100e-01 -1.441756026416592951e-01 -3.207261310201945520e-02
-9.885061974582123323e-01 -1.477470388504268095e-01 -3.203628373847346861e-02
-9.875857509223656683e-01 -1.539986446556766142e-01 -3.096474349302543935e-02
-9.872851974428259458e-01 -1.557820101770657772e-01 -3.162147285556877324e-02
-9.869822932668590454e-01 -1.580911466803058829e-01 -2.954920333350686407e-02
-9.864235304022994644e-01 -1.612243849466633017e-01 -3.123026907256681861e-02
-9.857915660605649499e-01 -1.655107541472878308e-01 -2.865644510788887059e-02
-9.848341603607605466e-01 -1.715110781444212640e-01 -2.618472634572598101e-02
-9.852230194122342244e-01 -1.690721065812552104e-01 -2.739047321971277774e-02
-9.842692506339508762e-01 -1.743765032792125580e-01 -2.840582001916422059e-02
-9.836888473477818362e-01 -1.778984844085613193e-01 -2.661567297172023894e-02
-9.837386568478424520e-01 -1.778569657190917919e-01 -2.500335918268023136e-02
-9.838001612338548307e-01 -1.770796324355106421e-01 -2.792954958922821279e-02
-9.838290245573702020e-01 -1.771604949425310827e-01 -2.635569540831946347e-02
-9.825008225339187939e-01 -1.846037616016921734e-01 -2.477091138717242916e-02
-9.820705608022574085e-01 -1.869854875990669130e-01 -2.395525315492958926e-02
-9.792743629066787969e-01 -2.002854339346337165e-01 -3.012441705345832860e-02
-9.777693332902316348e-01 -2.081791826330380846e-01 -2.507133777320240745e-02
-9.752010632244375588e-01 -2.203661079496799791e-01 -2.053478933035139328e-02
-9.755397344647435132e-01 -2.192694980259960458e-01 -1.559251692264713302e-02
-9.757618216099798181e-01 -2.184333779718365676e-01 -1.325668716947892185e-02
-9.766065070620911781e-01 -2.149231281204291022e-01 -6.913205698650138134e-03
-9.761675660877034977e-01 -2.167824705009534225e-01 -1.011219680938076765e-02
-9.753456370429879341e-01 -2.205196384858056913e-01 -8.484718830992372604e-03
-9.749523521680506510e-01 -2.221694806616030526e-01 -1.042333890729700216e-02
-9.761152438010317622e-01 -2.172012937021396140e-01 -4.758365864905762105e-03
-9.762123811768810278e-01 -2.167994521253546192e-01 -2.719855977171916055e-03
-9.763403298424714327e-01 -2.160988012748343567e-01 -7.802668039083011584e-03
-9.760906697138019839e-01 -2.173045730312577473e-01 -5.073485071254680949e-03
-9.758993794393336918e-01 -2.181570329793500740e-01 -5.284258283614618780e-03
-9.765868725372220949e-01 -2.149783800418265667e-01 -7.898713493242866604e-03
-9.765228116781622392e-01 -2.153328937392038622e-01 -5.912386890892332506e-03
-9.767561679604681579e-01 -2.143533399018568708e-01 -2.174066609779241530e-04
-9.771565676154112534e-01 -2.125180945915050856e-01 -1.055965053621769640e-03
-9.759967439709101855e-01 -2.177844314710074280e-01 5.570907428931006541e-04
-9.766545340039830547e-01 -2.147679721060687663e-01 4.544514126685203492e-03
-9.764001286660466405e-01 -2.159007040994057602e-01 5.448664524276873415e-03
-9.760340045591897606e-01 -2.175376298431074273e-01 5.917328559518630557e-03
-9.762026777227682528e-01 -2.168585954211764422e-01 8.335698828010216707e-04
-9.773615569224559652e-01 -2.114630935565921244e-01 6.910889100276682712e-03
-9.776616996271282334e-01 -2.100682215086998594e-01 6.996904296684890168e-03
-9.787563724520200736e-01 -2.047721789509494850e-01 1.021428114727867577e-02
-9.794013816188450461e-01 -2.016877950914617579e-01 9.745789530249840057e-03
-9.803692500194672865e-01 -1.963412622743292979e-01 1.806255878853508037e-02
-9.805622822294784990e-01 -1.947332838801103527e-01 2.401192695977074146e-02
-9.812452042202083335e-01 -1.910232111463087967e-01 2.584561535598445606e-02
-9.825086637151818625e-01 -1.846312756837460434e-01 2.424936192245389505e-02
-9.828631968428914734e-01 -1.816029874137778666e-01 3.162760220236096598e-02
-9.834738517698327076e-01 -1.776035879251397220e-01 3.515910341404734213e-02
-9.845180517441944890e-01 -1.704157777406888619e-01 4.102051681109300518e-02
-9.865099662940919334e-01 -1.581793300954722481e-01 4.215922629638371721e-02
-9.882525604104499539e-01 -1.481845052520188721e-01 3.739309301817207720e-02
-9.897641843336089096e-01 -1.381851431379252648e-01 3.566145983479841047e-02
-9.901450015982067310e-01 -1.349295829002210567e-01 3.750863365593426479e-02
-9.902509017303208205e-01 -1.348000830628894864e-01 3.510132988120162612e-02
-9.908819112315012667e-01 -1.303182002741218870e-01 3.420846055012768949e-02
-9.915431944354211602e-01 -1.244130430114375740e-01 3.692563449242250440e-02
-9.915224192138748505e-01 -1.232187790090460422e-01 4.123637884044829838e-02
-9.927049862623871235e-01 -1.129083383992533357e-01 4.229103564030839424e-02
-9.935272589353487671e-01 -1.044940666908093230e-01 4.454874024898618223e-02
-9.944508842650020553e-01 -9.286992735306096036e-02 4.942297427661701548e-02
-9.953014843927409094e-01 -8.330438953237319366e-02 4.934925385037451651e-02
-9.962188438389667500e-01 -7.208650544632658197e-02 4.849294709664705300e-02
-9.971947008958260694e-01 -5.838134138375012522e-02 4.684402194387283364e-02
-9.974137755535241734e-01 -5.355103973791072031e-02 4.793809993679206544e-02
-9.977149222127218442e-01 -4.970798514335100782e-02 4.576095634784735355e-02
-9.982726603849065850e-01 -4.048345626423823646e-02 4.257698996625269156e-02
-9.982910073845462362e-01 -3.746245235264625273e-02 4.485135517917158976e-02
-9.988553174517159627e-01 -2.892092084192536550e-02 3.810052033001838645e-02
-9.990577244084241082e-01 -2.391069518436983107e-02 3.622093850667507109e-02
-9.989040302301854801e-01 -1.906860160581140898e-02 4.274507537365707793e-02
-9.990638823218053188e-01 -1.445334684656148297e-02 4.077345212208508679e-02
-9.993190232862839695e-01 -7.372151322383585503e-03 3.615461056266006112e-02
-9.991615589460741687e-01 -2.932647689246617277e-03 4.083617910806664614e-02
-9.992677521692903131e-01 1.850066819398035571e-03 3.821716287582115068e-02
-9.993294612625716056e-01 1.402897872418159371e-03 3.658790166909991343e-02
-9.991977039886094092e-01 5.263233632814486550e-03 3.970216181613131501e-02
-9.990907283725047883e-01 5.020829841758316786e-03 4.233819420047931631e-02
-9.988563010544884158e-01 1.639028350724940075e-02 4.491618482402779527e-02
-9.984688923835374208e-01 2.477619661341199861e-02 4.945732140394196175e-02
-9.981550186503541644e-01 3.091461492980759548e-02 5.225764035409483782e-02
-9.981289054160706886e-01 3.310843868697573716e-02 5.140559409558984050e-02
-9.978719172738274024e-01 4.182546994838483301e-02 5.002281819440689697e-02
-9.975192250741446998e-01 4.704591506652204547e-02 5.236499899797481677e-02
-9.972950614186271157e-01 5.474916788922409849e-02 4.904186386027332284e-02
-9.971337729831895036e-01 5.619774718529164242e-02 5.065636509622756939e-02
-9.961888868264558994e-01 7.007275570255136476e-02 5.193771396047426603e-02
-9.961487283370337176e-01 7.259549780047577783e-02 4.916930078117808661e-02
-9.956156782253776649e-01 8.087618469995266901e-02 4.699446030960474641e-02
-9.950133131531886388e-01 8.799425219314614688e-02 4.696310794370528452e-02
-9.947110457322005939e-01 9.244137702730413630e-02 4.477211789134064035e-02
-9.942935394360441492e-01 9.795363604620926923e-02 4.225467718737206668e-02
-9.940460556852941387e-01 1.021348583010509431e-01 3.795951677387970902e-02
-9.937180863227580430e-01 1.064813945215482976e-01 3.443969282630057749e-02
-9.934082525414050791e-01 1.094869199378633584e-01 3.395103888043109891e-02
-9.930259322633352426e-01 1.133790900359697845e-01 3.232173662207715736e-02
-9.932279077268421075e-01 1.122866774792256467e-01 2.983354252683262375e-02
-9.924813674926422635e-01 1.193564960046588352e-01 2.710676666672708068e-02
-9.921629576784259941e-01 1.215570716519115135e-01 2.892332143390919166e-02
-9.919580951521859147e-01 1.234225894878037688e-01 2.803598818317893163e-02
-9.911449554384513805e-01 1.290507074398085929e-01 3.126670884877566503e-02
-9.905050626575614414e-01 1.334154300445768992e-01 3.316713395517371238e-02
-9.901965477409612193e-01 1.365696783771850886e-01 2.931782149373341959e-02
-9.901153683438354003e-01 1.373511144636199444e-01 2.839442884549402829e-02
-9.894906858313921028e-01 1.408760037874604298e-01 3.259063095990626102e-02
-9.891686869161562257e-01 1.435880193646522640e-01 3.045988339491292884e-02
-9.880694524070436913e-01 1.515820697127339411e-01 2.723321627830966457e-02
-9.874175728933665130e-01 1.563197708359957694e-01 2.388892219605570286e-02
-9.880854844829616290e-01 1.532028905699888421e-01 1.469572975859482176e-02
-9.877584167655750758e-01 1.558191324021435120e-01 7.329583492180938124e-03
-9.877199576570214745e-01 1.559064859225481881e-01 1.012262862803159011e-02
-9.880388030815752121e-01 1.541071365825253670e-01 5.507163574563613516e-03
-9.879800066246766654e-01 1.545578439272645155e-01 2.719223321931125200e-03
-9.883852614159386318e-01 1.519624684816920646e-01 1.413499667326690570e-03
-9.874983130551331367e-01 1.576088399880871405e-01 -2.559280576891203793e-03
-9.877713821066234079e-01 1.555359660489324392e-01 -1.078307840850431347e-02
-9.879408327797164491e-01 1.543393505463218074e-01 -1.234060918830843893e-02
-9.880562969409648622e-01 1.532828295910519112e-01 -1.578426759191105949e-02
-9.884777585682485990e-01 1.506070276117610907e-01 -1.514129858008187585e-02
-9.891357496902700719e-01 1.461617544808884450e-01 -1.572339364860485603e-02
-9.902561387377920576e-01 1.381750281257920765e-01 -1.733367176987790637e-02
-9.904636809153954946e-01 1.369915240766415576e-01 -1.466403654046742090e-02
-9.907716885211486080e-01 1.344816309292908019e-01 -1.691647266382640888e-02
-9.910979647410794735e-01 1.312173489118912684e-01 -2.251325327032725060e-02
-9.912059164293054447e-01 1.309409359247880600e-01 -1.911328011362346119e-02
-9.919763175931874954e-01 1.243365016767386810e-01 -2.287869884078653354e-02
-9.925192599727137299e-01 1.204408455117893934e-01 -1.998840705738961360e-02
-9.932455236035176993e-01 1.140698676089626912e-01 -2.124641757953718915e-02
-9.934150480652257365e-01 1.133373372317820205e-01 -1.676917974201698816e-02
-9.933671644880386342e-01 1.123398284556112597e-01 -2.452457302663052507e-02
-9.940488916408717346e-01 1.064038623695465619e-01 -2.334596998781320390e-02
-9.946600354309026448e-01 1.009283964357041152e-01 -2.156125926553936409e-02
-9.945092346834644159e-01 1.017963099706584024e-01 -2.426743889503706758e-02
-9.942920046667034217e-01 1.027190594929043160e-01 -2.884821371095809550e-02
-9.949169989755126675e-01 9.594455097111563580e-02 -3.057488438135374728e-02
-9.950068699953225071e-01 9.551524545855280546e-02 -2.895136980570690161e-02
-9.954943339780617517e-01 9.233830610584950471e-02 -2.155651465482170612e-02
-9.954348998000193127e-01 9.305440965449846002e-02 -2.121914674014326041e-02
-9.958170099196003155e-01 8.975280184323659871e-02 -1.711526641392832615e-02
-9.959455993809066543e-01 8.807902288846501671e-02 -1.828835242749219173e-02
-9.958109615230342770e-01 8.942783701788536987e-02 -1.905796184673805294e-02
-9.961633613772465923e-01 8.521585282244117932e-02 -1.992061610773315436e-02
-9.962265500332901924e-01 8.356964295092325634e-02 -2.342628595705168598e-02
-9.963807314277667304e-01 8.189430904672306832e-02 -2.277663864533793422e-02
-9.968131978020913220e-01 7.571373741610692987e-02 -2.511760102601438491e-02
-9.971209320506486673e-01 7.289314566895468972e-02 -2.089141934052690663e-02
-9.972249292053392278e-01 7.176972435155179464e-02 -1.978793702694750870e-02
-9.976498713033251642e-01 6.581135393024421798e-02 -1.906869562429298545e-02
-9.979303434807064166e-01 6.207385617483422713e-02 -1.678931498215749385e-02
-9.981725883340391015e-01 5.604463719556830592e-02 -2.259420233519470259e-02
-9.985548058519689851e-01 5.031901910265909605e-02 -1.887621252996549148e-02
-9.987109853848429308e-01 4.637487518962390282e-02 -2.063380759822502214e-02
-9.988923488485128566e-01 4.347497997177422052e-02 -1.800046931973298819e-02
-9.992481793071952278e-01 3.561466395176006439e-02 -1.531950187277754567e-02
-9.993734751408546169e-01 2.934765093360585178e-02 -1.978352919226616241e-02
-9.994849585813999626e-01 2.786277850759647998e-02 -1.592163801218737101e-02
-9.996555076245448035e-01 2.378122407843953623e-02 -1.110561930182416002e-02
-9.996755563036704428e-01 2.230968004017012257e-02 -1.229128303354868473e-02
-9.997537872035741069e-01 1.740031451119028114e-02 -1.376987328885828296e-02
-9.999150788361496067e-01 6.681619893001694913e-03 -1.118956715313097761e-02
-9.999085904183563356e-01 4.599518156466846780e-03 -1.271497513569917227e-02
-9.999290744087607763e-01 8.764372197415697813e-03 -8.065197780089020801e-03
-9.999231440143320215e-01 8.521843773994508542e-04 -1.236913518550957630e-02
-9.998909627036149939e-01 -4.039346773016745315e-03 -1.420430078863730954e-02
-9.998659998751365796e-01 -3.726884797659138580e-03 -1.594077800199428241e-02
-9.997892217690560468e-01 -2.019681977297634046e-04 -2.053014477331253571e-02
-9.998608807357466377e-01 -1.233726487484281768e-03 -1.663468321263263106e-02
-9.998598285811767239e-01 -8.749925074885330986e-03 -1.427506448069438064e-02
-9.998140568521848293e-01 -1.052162528605446630e-02 -1.616052640310052316e-02
-9.997331593647105219e-01 -1.538985950062920355e-02 -1.722724098963959380e-02
-9.996650067494132763e-01 -2.066967984924203416e-02 -1.557735844012777225e-02
-9.996618564611122748e-01 -2.446416977827629846e-02 -8.814332563777456386e-03
-9.995807983237415817e-01 -2.721218734546434342e-02 -9.886345181798412637e-03
-9.995905384209293754e-01 -2.773853890801734196e-02 -7.024549067436362641e-03
-9.994459859160238491e-01 -3.259554001484683827e-02 -6.728100022746087878e-03
-9.992622841570446557e-01 -3.825033054399308574e-02 -3.437273708226289051e-03
-9.990700539339889552e-01 -4.299419862667173270e-02 -3.246750918320575902e-03
-9.989263571384363605e-01 -4.631210281986427452e-02 1.156374785084474371e-03
-9.989687433597536081e-01 -4.533638251700133209e-02 2.465213063949736085e-03
-9.989413894142384898e-01 -4.578441371660397358e-02 4.461281987866324433e-03
-9.989126665021331730e-01 -4.601047208198012772e-02 7.519057879732927129e-03
-9.990773233365238815e-01 -4.146359929505256253e-02 1.119317097125380016e-02
-9.992982660148789220e-01 -3.547839944028934739e-02 1.201140596014028429e-02
-9.992069697915766380e-01 -3.733288999343822856e-02 1.384564917510336390e-02
-9.994121053858004977e-01 -3.270423082979417861e-02 1.029038731609666427e-02
-9.995105405070192628e-01 -2.857997598016662893e-02 1.272319262824600332e-02
-9.996271988434629607e-01 -2.319321577842654511e-02 1.440671228978398360e-02
-9.996185533486451336e-01 -1.640334556939425370e-02 2.221921548740838151e-02
-9.996359701370099993e-01 -1.326151813109028611e-02 2.349627303909604739e-02
-9.996535170000148129e-01 -1.806630204043192800e-02 1.914341615221550053e-02
-9.996420430695214243e-01 -2.240919607015855880e-02 1.461606991596139417e-02
-9.996399245010819667e-01 -2.006433492361635665e-02 1.781739851418332951e-02
-9.995876858153104338e-01 -2.397305287593119380e-02 1.580401925317321751e-02
-9.997468419051311894e-01 -1.841878210683145500e-02 1.292348062425061929e-02
-9.998186730635366670e-01 -1.235308437046988075e-02 1.449269306525078141e-02
-9.998921433250159696e-01 -8.552858326039259815e-03 1.194010656945993128e-02
-9.999349488889540671e-01 -4.059205550244140807e-03 1.066004838597411908e-02
-9.999432625095593385e-01 5.968507870533655210e-04 1.063632084210722716e-02
-9.999784754322800229e-01 -4.594615962361418230e-04 6.546250649262183065e-03
-9.999910349581294655e-01 -1.107395492141287525e-03 4.088951610424755405e-03
-9.999998020741993621e-01 4.003190001049396034e-04 5.014121902287842387e-04
-9.999959746397161231e-01 1.332829177590217924e-03 2.508008937367239757e-03
-9.999968234540100864e-01 9.599468411626210437e-04 2.333971440126262047e-03
-9.999888274930938126e-01 3.364244635410168667e-04 4.716729514853284372e-03
-9.999809416773668413e-01 -7.516702226645849763e-04 6.129201005931806182e-03
-9.999675284986654367e-01 -1.882767697184086104e-03 7.836641479693359780e-03
-9.999577521403520963e-01 3.355189862871733007e-03 8.558766724698636807e-03
-9.999317223349600825e-01 4.009116410509793761e-03 1.097695391152902003e-02
-9.998338899577189354e-01 8.851254966641023542e-03 1.593310676564476183e-02
-9.998000124804115041e-01 8.436833798392927644e-03 1.813204306407764990e-02
-9.998274889492306805e-01 6.700745279897473393e-03 1.732363897698543931e-02
-9.998396424592403964e-01 7.762657865758928154e-03 1.613835856762288815e-02
-9.996817405377401711e-01 1.497215089613490244e-02 2.030439796563974358e-02
-9.996701915533258154e-01 2.001335056236993454e-02 1.609316755556190401e-02
-9.996232601596717338e-01 2.173662003353750080e-02 1.675927294465880124e-02
-9.995535344509138831e-01 2.643229807110296023e-02 1.393131199428272390e-02
-9.995714310087704391e-01 2.840409039934022398e-02 7.083643422925624787e-03
-9.994244579016111629e-01 3.336732568547813582e-02 6.114780245918979840e-03
-9.993092584276641599e-01 3.715390994368782118e-02 7.803349607387946585e-04
-9.992800337405839395e-01 3.779305545723934262e-02 -3.333925014866468035e-03
-9.993049584806701358e-01 3.727144575068414012e-02 6.746833975826756896e-04
-9.991927928598034470e-01 3.991068300559720561e-02 4.573404957322222894e-03
-9.991453039626106980e-01 4.124220273971938855e-02 2.785358670294248423e-03
-9.990229155257873694e-01 4.348898546357887057e-02 7.870093398378102956e-03
-9.991905439813915102e-01 4.010538019717125452e-02 3.135495746518515703e-03
-9.992775151730765026e-01 3.800482286173661323e-02 3.117562362705147104e-04
-9.993588775182564721e-01 3.579952285364157438e-02 4.941338826029715095e-04
-9.994883824298368413e-01 3.197995722035652799e-02 -5.213682372507463109e-04
-9.992586599694026628e-01 3.849845546139350760e-02 1.245485319384000535e-04
-9.992217733197199525e-01 3.923986560386381189e-02 -4.012079637046712249e-03
-9.992967294979047121e-01 3.742026863323864166e-02 -2.405412077203453267e-03
-9.993020671393028076e-01 3.719383670652852414e-02 -3.466009474601228473e-03
-9.993336522146886169e-01 3.648753880306015301e-02 -9.628903992789433416e-04
-9.994236719311482275e-01 3.314295694060196557e-02 7.340611138302764564e-03
-9.995237022610813371e-01 3.045371251717436667e-02 4.995620995127361685e-03
-9.993640758886167541e-01 3.487234528739547451e-02 7.441746944878188663e-03
-9.994227888860216513e-01 3.320959345291754627e-02 7.157387860669456141e-03
-9.993006957911182431e-01 3.669561479692781680e-02 7.181050723152138451e-03
-9.992723963314078528e-01 3.695610367894134468e-02 9.430831474106296519e-03
-9.992596863043371469e-01 3.777888345978659690e-02 7.269905246931445894e-03
-9.991980280608865339e-01 3.982204482670203410e-02 4.185887651335823065e-03
-9.989417547877581516e-01 4.588110820550495711e-02 3.211015406694639127e-03
-9.988927068584355640e-01 4.664855071736895287e-02 6.106478516251921673e-03
-9.987653650444218156e-01 4.959958270793508872e-02 2.764622834758051744e-03
-9.987726445900061423e-01 4.934182411986556827e-02 -4.313354538577748518e-03
-9.990110933225606615e-01 4.442506865990824422e-02 -1.806872190772735882e-03
-9.988160775348257081e-01 4.863714075140399690e-02 9.423238614266801066e-04
-9.987938309512498503e-01 4.878523018982811738e-02 5.558845897771798501e-03
-9.989590641997638798e-01 4.545224805924743400e-02 3.859719729444563950e-03
-9.989089863635842725e-01 4.661796337074079061e-02 2.760197379322599197e-03
-9.988294230082969127e-01 4.819393355520788791e-02 4.140621595315769482e-03
-9.986185728825320851e-01 5.245617564315174092e-02 3.051513800811687417e-03
-9.984879003436435418e-01 5.497192485210269930e-02 1.286794293587690576e-04
-9.984146359734630272e-01 5.628684093020849821e-02 -1.497440537099459365e-04
-9.982883017658715774e-01 5.807782981829410357e-02 6.888293650343846677e-03
-9.982155529799032756e-01 5.944287314140565825e-02 5.680754017154190927e-03
-9.984352037129528012e-01 5.580131113811807181e-02 -3.657083648757457686e-03
-9.983366689529359350e-01 5.764249823960711921e-02 -1.120022620395139373e-03
-9.984785486837723933e-01 5.504938833536047321e-02 -3.188937473080042349e-03
-9.988141827597211142e-01 4.863191610606744375e-02 -2.276325824945123980e-03
-9.989185310789066019e-01 4.598154073740139819e-02 -6.890784079233868223e-03
-9.990126561732732835e-01 4.387239339493702317e-02 -6.995901006367908487e-03
-9.990807870147814240e-01 4.199661197269806412e-02 -8.595484216354655135e-03
-9.993072330555564653e-01 3.701692243509933922e-02 -3.849421589742975380e-03
-9.995190973672919421e-01 3.074960396903621621e-02 -4.006554861897129033e-03
-9.995582424707210034e-01 2.972092976922272381e-02 -5.351198666542732185e-05
-9.996796681653253858e-01 2.529076910010260443e-02 -9.770793228441520747e-04
-9.997064711259987524e-01 2.419407225392700492e-02 1.278702313045795499e-03
-9.998212251826167352e-01 1.837029370458780758e-02 4.479566496757537812e-03
-9.998159087607099149e-01 1.914065029582746186e-02 1.341872528767454331e-03
-9.996943684609086445e-01 2.469822616133775239e-02 -1.088039503676370423e-03
-9.996213595713290267e-01 2.745294496392093261e-02 -1.868106101139936723e-03
-9.995865630486666653e-01 2.873751136944235202e-02 9.353880584729501110e-04
-9.995790047153452207e-01 2.898719040151664580e-02 1.254058793867598998e-03
-9.995402787980545156e-01 3.031422458641661044e-02 -5.434976516679364007e-04
-9.996471656599251743e-01 2.503965181270144391e-02 -8.864364673572823830e-03
-9.995545612730211138e-01 2.879883217767619311e-02 -7.830917422231294805e-03
-9.997289445514248030e-01 2.221257116022015352e-02 -6.975389566351322852e-03
-9.995883046455026344e-01 2.662053357098950052e-02 -1.070445005769653755e-02
-9.997386163656833968e-01 2.079497356709257561e-02 -9.501833896522106013e-03
-9.997793440373210494e-01 1.868999131289536195e-02 -9.589801271822896017e-03
-9.998198285000642338e-01 1.757789956907454890e-02 -7.165528784586686420e-03
-9.999065084612548393e-01 1.298925406742430788e-02 -4.274384725106099292e-03
-9.998321177449436270e-01 1.796124395203746102e-02 -3.625850732788550232e-03
-9.997541343035541983e-01 2.142566057847721667e-02 -5.712154213092205009e-03
-9.997916833111415436e-01 1.979215965539665376e-02 -4.987693325424707655e-03
-9.998292825410638462e-01 1.709535290986268288e-02 -7.012232122807895984e-03
-9.998795306236207825e-01 1.446140964115086823e-02 -5.639909434424457586e-03
-9.999030457625481816e-01 1.390766753611281069e-02 -7.018396536433834515e-04
-9.999706357923852096e-01 7.663989677527524060e-03 -8.662297302194606804e-05
-9.999858253899771565e-01 5.025492175562215266e-03 1.763549698534046251e-03
-9.999921414461494518e-01 3.889490611088860725e-03 7.781851183573402359e-04
-9.999924339593670997e-01 3.157709534737802078e-03 -2.275429570057745619e-03
-9.999900233157846818e-01 4.249150631678675662e-03 1.383722608296671271e-03
-9.999829728724644040e-01 5.812697574242272139e-03 -5.321573439139321710e-04
-9.999739244765760704e-01 7.220945002893323916e-03 1.581443467815396098e-04
-9.999219456896747404e-01 1.032520952801560012e-02 -7.036265472197931678e-03
-9.999569317264630497e-01 7.993315372224817777e-03 -4.717840159323806806e-03
-9.999612978243614947e-01 8.097617951664054514e-03 -3.442071108061462228e-03
-9.999919540073638480e-01 3.199048478822615581e-03 -2.423716579543961670e-03
-9.999962886653780414e-01 1.632729540260168498e-03 2.184765937268994158e-03
-9.999935160169103332e-01 2.373067434866067173e-03 -2.711607327917406329e-03
-9.999883239639636434e-01 2.555056466638068891e-03 -4.103652399225577244e-03
-9.999781209510151259e-01 -1.089603811265516323e-03 -6.525853488162458235e-03
-9.999557988235868722e-01 -1.381279760448911320e-03 -9.301013781943371500e-03
-9.999455404551569337e-01 -1.532796551009699354e-03 -1.032390684071268425e-02
-9.999240748537929768e-01 -1.504593523381613906e-03 -1.223099023509737447e-02
-9.998027992803597552e-01 -6.711623167149885841e-03 -1.869046157098681188e-02
-9.997079655366876150e-01 -1.062263860515968300e-02 -2.170621957069245045e-02
-9.996418723367801462e-01 -1.382415337445682887e-02 -2.291367854980714061e-02
-9.995045357638494554e-01 -1.762914974816296929e-02 -2.607514100748472424e-02
-9.994191653469330916e-01 -2.536438435752635945e-02 -2.275954011954791148e-02
-9.993839106464447175e-01 -2.602298774095191183e-02 -2.355037104998208841e-02
-9.993292032251044343e-01 -2.850351514439755651e-02 -2.299369315456100543e-02
-9.990646083299458136e-01 -3.450247840183917614e-02 -2.606730143445138911e-02
-9.991003465730303734e-01 -3.395809004582498597e-02 -2.540398470380479320e-02
-9.989823776812903899e-01 -3.561095435888773225e-02 -2.767825658481764747e-02
-9.987646604907994830e-01 -4.218872651865526041e-02 -2.625416406640538811e-02
-9.984825397613452669e-01 -4.579739901668474639e-02 -3.058157929840940939e-02
-9.979888712713503862e-01 -5.479631120360115015e-02 -3.186838730519751112e-02
-9.976762345651442043e-01 -6.123505798002986528e-02 -2.987332665501698029e-02
-9.970843975599714692e-01 -6.799249913673513501e-02 -3.463728508330005812e-02
-9.964788723183111152e-01 -7.504977597593741334e-02 -3.738188743431040961e-02
-9.960164114276902625e-01 -8.286869835533680617e-02 -3.292573650776867838e-02
-9.957598403690265387e-01 -8.611818230836651433e-02 -3.234217228537518418e-02
-9.951525890625446680e-01 -9.332488771095158453e-02 -3.101301129123828701e-02
-9.949869736490611905e-01 -9.534790992467678805e-02 -3.016148846621755086e-02
-9.948403496505655585e-01 -9.640554350839135311e-02 -3.160169207655558893e-02
-9.947648430617661575e-01 -9.819043606884850228e-02 -2.831187572915547235e-02
-9.944821458237069756e-01 -1.020184825067652207e-01 -2.444397314675002611e-02
-9.946660378383178625e-01 -1.013190589222309757e-01 -1.933748877534620381e-02
-9.940200438598657540e-01 -1.079594211797318681e-01 -1.639916767668610914e-02
-9.930866629370342924e-01 -1.158840032496025879e-01 -1.870280134490483887e-02
-9.929186547849319089e-01 -1.175688853610341172e-01 -1.703288726012077911e-02
-9.919986314543209893e-01 -1.257971556349594400e-01 -1.066806874120690765e-02
-9.920152771601804531e-01 -1.255307804504914304e-01 -1.215441908616161568e-02
-9.916610698872774243e-01 -1.283881087978545055e-01 -1.117286155218714244e-02
-9.909893187630854916e-01 -1.331778190724864919e-01 -1.427779941086564086e-02
-9.914159062675543810e-01 -1.303268256139755721e-01 -1.046118325148784854e-02
-9.904930922203665222e-01 -1.373081799964829264e-01 -8.361513672423166732e-03
-9.908457940493917704e-01 -1.348755409114131831e-01 -5.763492797716344637e-03
-9.907110753548767912e-01 -1.353607897421268969e-01 -1.300149275584871339e-02
-9.895748713837677624e-01 -1.436233920803059727e-01 -1.067295875315016004e-02
-9.890058115768557423e-01 -1.476687398944933616e-01 -7.839945684927102088e-03
-9.890963219934217898e-01 -1.470971944847236645e-01 -7.134284856463796003e-03
-9.898876653362788103e-01 -1.418226542934767909e-01 -2.960016783798732724e-03
-9.901952057119772777e-01 -1.396894882568889273e-01 5.643258199250086003e-04
-9.901262574986404719e-01 -1.401770753030501526e-01 -6.314931089763222219e-04
-9.903461486228627431e-01 -1.385974889025606560e-01 2.293258971569731627e-03
-9.894557586458124776e-01 -1.448178339498145673e-01 2.261352457803536293e-03
-9.892101137974642633e-01 -1.463903458451287221e-01 5.764931635089468043e-03
-9.885855429626883017e-01 -1.506281695604069770e-01 3.129831103262819322e-03
-9.886153624992881639e-01 -1.504646066708078544e-01 2.902391843235970458e-04
-9.884220949359751041e-01 -1.516892700339506350e-01 3.484918518130130857e-03
-9.875461779613856628e-01 -1.572103266849176340e-01 6.121803697715894922e-03
-9.873785257119330749e-01 -1.576955073612106850e-01 1.468982302873347162e-02
-9.869134269035619855e-01 -1.604079943766502370e-01 1.646754621219611789e-02
-9.870406430768624562e-01 -1.587812641025088123e-01 2.322275041039534998e-02
-9.882128436543262673e-01 -1.520823578723854153e-01 1.750282117630151679e-02
-9.893358078343532647e-01 -1.440516024968576947e-01 2.153629836288172006e-02
-9.898658307163146208e-01 -1.404233336577131175e-01 2.114099159989083973e-02
-9.902598725101384725e-01 -1.377280572328188346e-01 2.040549199410383874e-02
-9.904864227897020035e-01 -1.356894506362846808e-01 2.291366948478616022e-02
-9.910919341012056627e-01 -1.310689411330228094e-01 2.361626192890778006e-02
-9.914258226807800556e-01 -1.289624042643424673e-01 2.106070694613751404e-02
-9.923600421625654588e-01 -1.216273049073584855e-01 2.069691725575817723e-02
-9.924818584369763386e-01 -1.196084349578703382e-01 2.595380608104048969e-02
-9.933560575679929450e-01 -1.132776048352452936e-01 2.029640681590034676e-02
-9.939957818100496612e-01 -1.076059325938689276e-01 1.983345634006500671e-02
-9.944217925570115746e-01 -1.040313214434999828e-01 1.740113648027004703e-02
-9.946608246989220303e-01 -1.022573490137594215e-01 1.390306793688084533e-02
-9.946827782672738039e-01 -1.020575192784755197e-01 1.380037293848433363e-02
-9.949302384838693003e-01 -1.001908938779983854e-01 8.696099051515677678e-03
-9.948200764186817535e-01 -1.012131650887435480e-01 9.430141298842771233e-03
-9.947187895774631805e-01 -1.023648152048269588e-01 7.482719284103876364e-03
-9.950006031417534258e-01 -9.979055802898163796e-02 3.957403004189117765e-03
-9.949249392787060664e-01 -1.003875251080499353e-01 6.835697381709837303e-03
-9.950711741716208314e-01 -9.883125421606299421e-02 8.109148532677698876e-03
-9.957740204433760400e-01 -9.130650789018217306e-02 9.860966184834531884e-03
-9.961002658364487283e-01 -8.762106519541587590e-02 1.033567463540857947e-02
-9.962613462377247764e-01 -8.588736726583511005e-02 9.311656411604720546e-03
-9.961243024540722413e-01 -8.784715121090466705e-02 4.389645131266030342e-03
-9.962902903248546105e-01 -8.605301495711736859e-02 7.435532515808816571e-04
-9.965676758364113708e-01 -8.276116604180915048e-02 1.863801314881484601e-03
-9.965630565958922826e-01 -8.282275204277164682e-02 1.575707591202652564e-03
-9.967127729271796355e-01 -8.101644254334491868e-02 -3.438305565324440913e-05
-9.967611514194847366e-01 -8.039468976581382043e-02 -1.979327066603663900e-03
-9.968661755117242951e-01 -7.902151901814155610e-02 -3.666675300461212650e-03
-9.965749194462257821e-01 -8.266315933594445275e-02 -2.291034350739756635e-03
-9.968290601904313819e-01 -7.951981176034290943e-02 2.905373798118257404e-03
-9.965779871525131117e-01 -8.261573644100558833e-02 -2.640563846486919039e-03
-9.965474427725831141e-01 -8.291722058354927816e-02 4.236248722600846096e-03
-9.969040987982492608e-01 -7.862070851360819512e-02 1.009386827661423909e-03
-9.968665350013092841e-01 -7.909633040769357970e-02 -9.480440494796966988e-04
-9.968450731871764114e-01 -7.935358406995944580e-02 1.710449756059251401e-03
-9.968784935897675448e-01 -7.891693981584517459e-02 2.324330129273561793e-03
-9.967925625354784325e-01 -8.001377011340586598e-02 1.549436448873741951e-03
-9.965589222154179749e-01 -8.272148023736243527e-02 5.242908924819248209e-03
-9.964169271470527667e-01 -8.364649229976768574e-02 1.251353222779516550e-02
-9.965280939498096791e-01 -8.124945849986414670e-02 1.817416791083784414e-02
-9.972074720820494065e-01 -7.205735529390525085e-02 1.962172746666134004e-02
-9.973634992849619296e-01 -7.084408499185795849e-02 1.572205175282087933e-02
-9.974882688867996450e-01 -6.949511496285487588e-02 1.369669332196789963e-02
-9.975412819481360716e-01 -6.871188666489572161e-02 1.378711061115537803e-02
-9.977732826364763552e-01 -6.531576061396035526e-02 1.350351226149243931e-02
-9.978108049844403027e-01 -6.386295821747092760e-02 1.717955415518134660e-02
-9.974171426682790775e-01 -6.952656846645458022e-02 1.803099624006563456e-02
-9.977537635136083383e-01 -6.489560407804748077e-02 1.661339581494962470e-02
-9.978735859917421402e-01 -6.310030454215237450e-02 1.633018369595634969e-02
-9.979198020161477167e-01 -6.244321336220022556e-02 1.602906111031296085e-02
-9.980523975486920163e-01 -6.040745081110691916e-02 1.556819119611984117e-02
-9.980625813048660255e-01 -5.913850237021930217e-02 1.933231368554366031e-02
-9.983042485477963135e-01 -5.412932426431021904e-02 2.141636434915237391e-02
-9.986396783055525583e-01 -4.815403888757647383e-02 1.999996256473286771e-02
-9.985328196843523685e-01 -4.916855878190271034e-02 2.268651329517686749e-02
-9.983374698984165407e-01 -5.165617683461069809e-02 2.557249686460380533e-02
-9.984581096641637066e-01 -4.925379836840419745e-02 2.560241388755051667e-02
-9.984378071223779516e-01 -5.028643624543681356e-02 2.435644994560060700e-02
-9.985944463140213889e-01 -4.757832283826188974e-02 2.335491334269676131e-02
-9.988457449825787204e-01 -4.372069058355775723e-02 1.989210691079465118e-02
-9.990215184253522507e-01 -3.919069815824709202e-02 2.049663135193171074e-02
-9.992240468656609087e-01 -3.400880286552222798e-02 1.986762344255965998e-02
-9.994693379518921894e-01 -2.997311842818120575e-02 1.275426666159903272e-02
-9.996045900027630271e-01 -2.584229434607788686e-02 1.108404672528411419e-02
-9.996584713337854922e-01 -2.519792422845298224e-02 6.929783845664988680e-03
-9.996138570587513872e-01 -2.712620764735270557e-02 6.026793672223039293e-03
-9.997273247393320128e-01 -2.215176145968461574e-02 7.388660286089815919e-03
-9.998102275430300612e-01 -1.407855130251989099e-02 1.346552617691794754e-02
-9.997835726119262967e-01 -1.896239268424262242e-02 8.558786922010040016e-03
-9.997958049687736271e-01 -1.788174563974326281e-02 9.413223545048397117e-03
-9.997918524941864504e-01 -1.881505726644556661e-02 7.890662375909060500e-03
-9.997728845910843765e-01 -2.042008558172999852e-02 6.100541406566638118e-03
-9.997585228982782679e-01 -2.044941569503522932e-02 8.045778794871592116e-03
-9.997556265707647771e-01 -1.784182607194073275e-02 1.305272789562486081e-02
-9.997720388285150639e-01 -1.679295415898651375e-02 1.318652309569088611e-02
-9.998502874834925835e-01 -1.414497433869470362e-02 9.966926562358990188e-03
-9.998680766940063469e-01 -1.383291855388341790e-02 8.514509872761123754e-03
-9.998767914862768391e-01 -1.092480426854480768e-02 1.127243856603025313e-02
-9.999924775468057581e-01 -3.398685699301983755e-03 1.873727891339344725e-03
-9.999341661525757985e-01 -8.612035094043676148e-03 7.583742748401058227e-03
-9.999258399150786625e-01 -1.077129800422882769e-02 5.684258521265042607e-03
-9.999489019209367724e-01 -9.933718265635473055e-03 1.879302903115981534e-03
-9.999779962204512485e-01 -5.358052968715392925e-03 -3.913449168211368713e-03
-9.999624466601695350e-01 -7.507105249995428900e-03 -4.331903901447794678e-03
-9.999235451733691216e-01 -1.209883701087314904e-02 -2.557082792294101872e-03
-9.999157154687769999e-01 -1.289963703764122373e-02 -1.475819729553528008e-03
-9.998744037059796863e-01 -1.508443289387219680e-02 -4.863482474905974490e-03
-9.998836810513612727e-01 -1.509997842356023030e-02 -2.152159691148312470e-03
-9.999217661893535780e-01 -1.249018837835016299e-02 -6.881159919758688456e-04
-9.999001907092819330e-01 -1.368516611895412641e-02 3.513068906788819647e-03
-9.998711176944972134e-01 -1.456871280797888274e-02 6.746658717959164338e-03
-9.998528566398585671e-01 -1.556978501244966721e-02 7.201642644960456856e-03
-9.998369423907177422e-01 -1.641422650676212583e-02 7.528518517785335110e-03
-9.998201548246276049e-01 -1.623698820219277722e-02 9.799745894928641940e-03
-9.998652343420768585e-01 -9.704869080079069760e-03 1.324181138837528249e-02
-9.998566880787076450e-01 -1.541791773764888962e-02 6.993446066842550976e-03
-9.998114117365862752e-01 -1.671159987689860987e-02 9.893460235357738261e-03
-9.998209224021727959e-01 -1.726767734350145161e-02 7.743876681832815266e-03
-9.998397082381585976e-01 -1.358562149810491233e-02 1.166216123086010956e-02
-9.998133659042738319e-01 -1.051620479973867234e-02 1.620679606136032902e-02
-9.998756974423377297e-01 -3.781659041975296218e-03 1.530706143346796493e-02
-9.998258754230999745e-01 -4.097138145180516215e-03 1.820576030460942241e-02
-9.998165507562510879e-01 -1.101123880704361728e-03 1.912249451526296454e-02
-9.998104540446648425e-01 5.113914636242760520e-03 1.878619944866892141e-02
-9.997739524341303641e-01 4.979883553825944359e-03 2.067032236837987313e-02
-9.998172386850396887e-01 8.954499997182265025e-03 1.689152055590643214e-02
-9.998710637055089334e-01 7.325073893915668571e-03 1.429043708096823691e-02
-9.998758133736649345e-01 9.241486335734362331e-03 1.276597298814929025e-02
-9.999231903333614113e-01 1.136696662529785955e-02 4.941938511128033881e-03
-9.999857585683511463e-01 5.333815792712378809e-03 2.246491212497519346e-04
-9.999752714885733473e-01 4.981727198260730780e-03 4.965502775197746382e-03
-9.999904605587520701e-01 2.902939072790284430e-03 3.266370060627349706e-03
-9.999970117726136865e-01 1.716981440774830716e-03 1.745244287879415580e-03
-9.999937628332914441e-01 9.379201422340319172e-04 -3.407653950477609883e-03
-9.999876321604341811e-01 -3.996677936890667606e-04 -4.959165480167644982e-03
-9.999813584778597386e-01 4.017434938159541438e-04 -6.094162992835071291e-03
-9.999696065683265633e-01 -1.813684537942728860e-03 -7.583800734362852562e-03
-9.999877646213474192e-01 -1.410095783004967820e-03 -4.743395410946026416e-03
-9.999862074365697406e-01 -2.361827888598674180e-03 -4.693002010789249639e-03
-9.999694116064615779e-01 1.965108972367683900e-03 -7.571765716695412485e-03
-9.999651314822823878e-01 -6.908878544618014990e-04 -8.323216837680532179e-03
-9.999545795026396622e-01 -3.856301529751517739e-03 -8.716956088499381097e-03
-9.999373776411425441e-01 -5.674192282264858833e-03 -9.646854703148704038e-03
-9.998879589063838225e-01 -8.026442199543485853e-03 -1.263579824282285574e-02
-9.999133536922516496e-01 -6.312244164691502464e-03 -1.155241235335761896e-02
-9.998764121294771989e-01 -6.362524807267073111e-03 -1.437693651196288863e-02
-9.998959796259546673e-01 -7.391844835606431116e-03 -1.238580282252296078e-02
-9.998669717218195974e-01 -7.939433320204872246e-03 -1.424857261691877229e-02
-9.998125393096738422e-01 -8.585853927185730164e-03 -1.735473810492035515e-02
-9.997833806250496780e-01 -1.058126573413943616e-02 -1.792334343273528641e-02
-9.997114910744043792e-01 -1.276856205464615111e-02 -2.034492786948761955e-02
-9.997586638295884454e-01 -1.157467650326643276e-02 -1.867240274958097135e-02
-9.997447151481579919e-01 -1.721792171199895694e-02 -1.463096468217030266e-02
-9.996965251641162231e-01 -1.763699121290003904e-02 -1.719917301560581688e-02
-9.994307722343381828e-01 -2.816539987982088350e-02 -1.857038694438528301e-02
-9.993894328975827523e-01 -2.950971984169436721e-02 -1.870709380053407755e-02
-9.993128313993656642e-01 -2.908192509348930463e-02 -2.298095178753677137e-02
-9.992495778183694277e-01 -3.260318106191530813e-02 -2.091246755228644630e-02
-9.989425345630265074e-01 -3.918220855501756278e-02 -2.405378794609409204e-02
-9.986889006216808085e-01 -4.493107811838884663e-02 -2.452948331911253277e-02
-9.986458012139385332e-01 -4.505965270152639812e-02 -2.600401848614247377e-02
-9.982589732762527923e-01 -5.372829474732893074e-02 -2.433741962088474195e-02
-9.983006359766348758e-01 -5.391964688332633732e-02 -2.210269823346517129e-02
-9.978234113505106695e-01 -6.157884487189334982e-02 -2.359031737304819951e-02
-9.974289124952241403e-01 -6.767482627051925326e-02 -2.357328691882087587e-02
-9.971097930626693362e-01 -7.263052782085625825e-02 -2.229090382289935710e-02
-9.970814906118656840e-01 -7.439384174422629392e-02 -1.714860754413517416e-02
-9.967905493116903104e-01 -7.918660788009782014e-02 -1.175156172782784725e-02
-9.965941298977972762e-01 -8.167298223028120197e-02 -1.138777800090975609e-02
-9.968166637950602871e-01 -7.923941788903383909e-02 -8.813099004304599665e-03
-9.969165885255951709e-01 -7.816810935735038490e-02 -6.861451287476741379e-03
-9.970548092946658336e-01 -7.661496514598284402e-02 -3.445533707122833567e-03
-9.968707087922167309e-01 -7.902964747574635351e-02 -1.766930336865683458e-03
-9.969681523928911604e-01 -7.769925342378040944e-02 4.164914334622927053e-03
-9.970393882298174137e-01 -7.656663094463470043e-02 7.072959379872943188e-03
-9.972901565410610125e-01 -7.343567048044861989e-02 4.423044918059072447e-03
-9.974173963208677884e-01 -7.162181227770635095e-02 5.373163933725430552e-03
-9.973335921360860779e-01 -7.274873561224534657e-02 5.774498190103175693e-03
-9.976438607572646333e-01 -6.776038667890547929e-02 1.073659916007150758e-02
-9.975061234312538883e-01 -6.946792470295061472e-02 1.248032871757051403e-02
-9.975688693145673414e-01 -6.670880299929084212e-02 2.015698931333826521e-02
-9.976929427122431804e-01 -6.681342915561018503e-02 1.203226688200934730e-02
-9.978826378213655479e-01 -6.409831828642605089e-02 1.103015945882269457e-02
-9.975899383540206555e-01 -6.842165061172303386e-02 1.152433488636511912e-02
-9.976008049173100689e-01 -6.825268345615255472e-02 1.158546078680026438e-02
-9.975808038103097797e-01 -6.826026804324777930e-02 1.315649461916453683e-02
-9.975656904232673705e-01 -6.796340160720697188e-02 1.561047776151759138e-02
-9.975814563814892066e-01 -6.722773933520410916e-02 1.765464935727224099e-02
-9.978822291137571243e-01 -6.316088487624633985e-02 1.554918306005293946e-02
-9.977867221923263363e-01 -6.342583493885997625e-02 1.997093257580306175e-02
-9.980392017253866266e-01 -6.051387437390105817e-02 1.599501378179206054e-02
-9.982658283841638891e-01 -5.794434235056412225e-02 1.038299527806665207e-02
-9.984223252839348195e-01 -5.597440829406470642e-02 4.443358956793767162e-03
-9.985905937346570838e-01 -5.285595225808838171e-02 4.805399841945516039e-03
-9.985623004270818281e-01 -5.300509030079121608e-02 7.988117791293436465e-03
-9.987450882245638706e-01 -4.980011728561516138e-02 5.311730314898640767e-03
-9.987675442014090077e-01 -4.935857043303119168e-02 5.209758897516309634e-03
-9.990423285920382312e-01 -4.375209471064590849e-02 4.441267842866117657e-04
-9.991603640051932578e-01 -4.094401457776208897e-02 -1.473772650053981493e-03
-9.991304292126699238e-01 -4.153687527443247762e-02 3.618113394310897794e-03
-9.993139442474661127e-01 -3.696560664182269723e-02 2.280801996807882599e-03
-9.993788804177354823e-01 -3.523764700841856834e-02 -4.229427610454991257e-04
-9.994314700460250611e-01 -3.367769423176869559e-02 1.602151109177486939e-03
-9.994253166016484613e-01 -3.379877515761223195e-02 2.587784436601338507e-03
-9.994195936513026179e-01 -3.399915750714907481e-02 2.133169171855897866e-03
-9.995344621887670700e-01 -3.050364909180957110e-02 6.352442558894238860e-04
-9.995587000239187780e-01 -2.969123626182080394e-02 -9.235443616578398445e-04
-9.995751717958889504e-01 -2.910838827650838109e-02 1.481524477027316425e-03
-9.994535312514870595e-01 -3.305122285875874977e-02 5.223096258266305249e-04
-9.993823861503099426e-01 -3.483072652317572432e-02 4.656603750175796960e-03
-9.994911223197522343e-01 -2.937918202840004642e-02 1.242487428943316041e-02
-9.992719589451241058e-01 -3.450663224280419578e-02 1.627457251228567325e-02
-9.994455959080197349e-01 -2.948557181798401594e-02 1.546347883745200456e-02
-9.996008929709709889e-01 -2.436234827485602578e-02 1.430202804817786756e-02
-9.995917810820419414e-01 -2.629408588818704304e-02 1.117629268967760756e-02
-9.996137442454736677e-01 -2.663646169132262778e-02 7.929597587257398994e-03
-9.996858092029891063e-01 -2.452123655711564709e-02 5.197030394110420566e-03
-9.997781401917171795e-01 -1.772101455336137082e-02 1.138656979605753156e-02
-9.997239424005719410e-01 -2.037261927410618373e-02 1.170526804631487339e-02
-9.997719319449978048e-01 -1.793808392553027792e-02 1.158995955222069142e-02
-9.997162483092476570e-01 -2.045928839721269932e-02 1.220075005219620722e-02
-9.998124903958299781e-01 -1.820233343529865239e-02 6.608856694771841379e-03
-9.998221646200202706e-01 -1.821500559280984227e-02 4.885753739139796735e-03
-9.998915647790633798e-01 -1.443621752925414864e-02 2.910697671792329515e-03
-9.999055448377323074e-01 -1.361113214147445689e-02 1.912153844802267624e-03
-9.998990726158010212e-01 -1.376406251515868533e-02 3.523210225032898275e-03
-9.999132523630941405e-01 -1.283256995960096840e-02 2.971656252872979104e-03
-9.998469309997123355e-01 -1.530357644305769399e-02 8.481325981436659001e-03
-9.998396394428252787e-01 -1.550436971882320977e-02 8.962571618749850741e-03
-9.998903107783504440e-01 -1.383711033174527157e-02 5.283797963906926298e-03
-9.999304169727878389e-01 -1.040126977659888707e-02 5.567093853338067264e-03
-9.998935105005075652e-01 -9.365312363437627852e-03 1.119269373666635127e-02
-9.998979897189158583e-01 -5.304145924133803897e-03 1.326250603357151392e-02
-9.999377694027599128e-01 -1.338924935239708611e-04 1.115603882349721840e-02
-9.999709726945172905e-01 3.572968950699216117e-04 7.612089605414595894e-03
-9.999809911598472878e-01 6.162747441932450373e-03 -2.361444629610364582e-04
-9.999774637462639504e-01 6.520779554547665585e-03 1.602917483169172350e-03
-9.999988017616128211e-01 8.593185764767625676e-04 1.294594523524201027e-03
-9.999880089925008431e-01 -1.992398980642216995e-03 -4.475519873424733432e-03
-9.999844803892253831e-01 -2.520632852079270070e-03 -4.970256833557677896e-03
-9.999599473946385597e-01 -6.735764756038052463e-03 -5.895012470696308141e-03
-9.999348558063958503e-01 -1.018783189457011379e-02 -5.148816731592729609e-03
-9.999018917458618594e-01 -1.199531004644798123e-02 -7.234467543900566580e-03
-9.998993784149761144e-01 -1.189104692961696907e-02 -7.736546324264246058e-03
-9.998492988294138684e-01 -1.698558862209500336e-02 -3.589902283536292385e-03
-9.997482238733252924e-01 -2.199285012452352472e-02 -4.452126541804069318e-03
-9.998943473462975629e-01 -1.377318222831099871e-02 -4.648829313982784373e-03
-9.998977689821618720e-01 -1.245213819747513669e-02 -7.029498962432188976e-03
-9.998582772282853526e-01 -1.440879002844670624e-02 -8.708057206690662799e-03
-9.998264186600318570e-01 -1.386340311921442289e-02 -1.244815799169982432e-02
-9.998330043598445682e-01 -1.315819689297220360e-02 -1.268240040444064236e-02
-9.997931101537019805e-01 -1.383281603899605069e-02 -1.491335413459051254e-02
-9.997997933089338707e-01 -1.558775865776396846e-02 -1.254643667512717574e-02
-9.997240968802878491e-01 -1.655774070778211204e-02 -1.666101397758502217e-02
-9.994015939158666928e-01 -2.146809511660590503e-02 -2.712182525338004482e-02
-9.993400849117439755e-01 -2.757297662289227153e-02 -2.364622486858642195e-02
-9.992304648945911083e-01 -3.447619997336291708e-02 -1.870528808103841603e-02
-9.990442161884203198e-01 -3.726694968684692716e-02 -2.284396618739464521e-02
-9.989276177977589599e-01 -4.011989988997945178e-02 -2.310900843688246109e-02
-9.990476361174689401e-01 -3.953840063495748375e-02 -1.845410302153647347e-02
-9.991358583437418561e-01 -3.901807549943782372e-02 -1.432287185599424514e-02
-9.991054331888091777e-01 -4.030450269162089150e-02 -1.280229390648018883e-02
-9.991931168280373532e-01 -3.939517636363559089e-02 -7.820083413806950753e-03
-9.990836694137142926e-01 -4.136692635684356689e-02 -1.098259096297154319e-02
-9.990675812112013165e-01 -4.156083154881004549e-02 -1.169118662483368577e-02
-9.988839254128218936e-01 -4.546848997851402063e-02 -1.278821282421868828e-02
-9.988417285849313654e-01 -4.571956668952628644e-02 -1.499802933087310969e-02
-9.986155385462727185e-01 -4.958000139752734292e-02 -1.757407588008312593e-02
-9.984951023840266116e-01 -5.191983952220992349e-02 -1.766010442101866376e-02
-9.981063860894181516e-01 -5.830261086652305941e-02 -1.960781060755911048e-02
-9.977724330397712560e-01 -6.217656764274865494e-02 -2.417157613485008960e-02
-9.974767645465827393e-01 -6.459225473071640578e-02 -2.946122395859458037e-02
-9.972829576758863723e-01 -6.822473695410649630e-02 -2.778680428081296144e-02
-9.965972347752416471e-01 -7.730027709941268699e-02 -2.861184554028346760e-02
-9.964979196378064286e-01 -7.895986204023135169e-02 -2.751827110765696707e-02
-9.963605257648893154e-01 -8.096827469453533876e-02 -2.664319946966749869e-02
-9.961816296032058871e-01 -8.386929625423175660e-02 -2.425120208159821031e-02
-9.964433288869360972e-01 -8.242038678035548682e-02 -1.753827430218311140e-02
-9.961302463702871313e-01 -8.635866680350640090e-02 -1.633192610938239211e-02
-9.960606115905952240e-01 -8.765714671686837545e-02 -1.339781812033669257e-02
-9.956464641383272474e-01 -9.261193809101905816e-02 -1.054353769461372457e-02
-9.959271537546621200e-01 -9.011764495667233532e-02 -2.816651333539768598e-03
-9.958558880274701597e-01 -9.089345419976821439e-02 -3.073972807864042926e-03
-9.957892839449901112e-01 -9.164850778757166472e-02 -2.066892168508370313e-03
-9.957998511504276840e-01 -9.127634153980306031e-02 -7.162748952733232616e-03
-9.956004928276287469e-01 -9.321070906272729828e-02 -9.562503857666073553e-03
-9.952760284192140317e-01 -9.626635719017147264e-02 -1.258709116771065256e-02
-9.955339349735129462e-01 -9.316986257871175126e-02 -1.521775633971917535e-02
-9.944886176367544461e-01 -1.039789947277962590e-01 -1.344533107477182202e-02
-9.943128576323790879e-01 -1.055518256440587527e-01 -1.416940846178131597e-02
-9.940359365684268145e-01 -1.089740425134527457e-01 -4.151322815320990234e-03
-9.941546443477098371e-01 -1.079572022245282314e-01 -1.343217767251614087e-03
-9.941157683978908421e-01 -1.082962947719617597e-01 -2.402121781978609587e-03
-9.930525347998367947e-01 -1.176275123705879250e-01 -3.232670893780677061e-03
-9.929382477099000237e-01 -1.186293385355531860e-01 -8.573015866920196022e-04
-9.933923207026529312e-01 -1.147650940113341678e-01 -8.300959567367826664e-04
-9.929924072006233171e-01 -1.181724060675751059e-01 -1.174899766064196535e-03
-9.928160923637289192e-01 -1.196188003929201105e-01 2.751000565428962305e-03
-9.923599789205176380e-01 -1.233195657694931002e-01 3.738393030932933743e-03
-9.923980915497784272e-01 -1.230071477613013664e-01 3.910004532805925158e-03
-9.921687772183193088e-01 -1.246795140501397031e-01 7.493657673048294970e-03
-9.926525118924219848e-01 -1.204369135315238315e-01 1.166015426975070338e-02
-9.926624834215511672e-01 -1.206337968182836368e-01 8.288533771455698640e-03
-9.925874381176854611e-01 -1.213921823647347298e-01 5.842472148890957319e-03
-9.923934239095210108e-01 -1.230437922808813173e-01 3.941587459541031832e-03
-9.925009889904196081e-01 -1.221705903973902968e-01 4.019010434396244613e-03
-9.927071997746698129e-01 -1.203043429438216683e-01 7.700610759302835978e-03
-9.928858447532462606e-01 -1.185726332471098710e-01 1.087422601033445277e-02
-9.928435596752123171e-01 -1.193969936219416439e-01 2.458227373002849422e-03
-9.934114243190461657e-01 -1.146009545550953773e-01 6.181891651874020597e-04
-9.938234191163813902e-01 -1.109723659040510318e-01 -4.056019220127803689e-04
-9.931840599740372477e-01 -1.165479297302874501e-01 -1.421978718375432448e-03
-9.936415219045423575e-01 -1.125900167408351582e-01 -1.817295806587901959e-04
-9.938778749932059009e-01 -1.104833863769233149e-01 -4.581227752213506976e-04
-9.939523767103739527e-01 -1.098113079919976198e-01 4.103865573242685468e-04
-9.940388559533370749e-01 -1.089617304046114482e-01 3.756745403969578845e-03
-9.939908857428201294e-01 -1.092011415699667976e-01 7.566288359215311149e-03
-9.935466412632656397e-01 -1.132597792398225695e-01 6.108441035830752472e-03
-9.935123468712685479e-01 -1.137241358407382469e-01 -2.379234670826695444e-04
-9.933375566907519660e-01 -1.151784255839169713e-01 3.801029517611955941e-03
-9.934300320358363523e-01 -1.143867135111867328e-01 3.531330872155655914e-03
-9.931965945683771668e-01 -1.163667190429898413e-01 4.396624754513372806e-03
-9.937363495169204697e-01 -1.117296044253639903e-01 2.140590554296615492e-03
-9.937429436398462768e-01 -1.115089109755439817e-01 6.383082834691885046e-03
-9.935706540596740410e-01 -1.126360567251692701e-01 1.142335907462574580e-02
-9.939439038503333768e-01 -1.082773397038572366e-01 1.874974504787503896e-02
-9.942668485342176510e-01 -1.054715812667126607e-01 1.758404608553294432e-02
-9.943457935101136513e-01 -1.049275162599587335e-01 1.633029358092270150e-02
-9.952080877803736181e-01 -9.627742601401495515e-02 1.707449939221224178e-02
-9.957742551022220612e-01 -9.049489193957233057e-02 1.563095111754947072e-02
-9.962126674820542815e-01 -8.547898710630302821e-02 1.592743356519028125e-02
-9.963281055549437770e-01 -8.414966596536505028e-02 1.578477198913411789e-02
-9.971506742120578304e-01 -7.460021264298212496e-02 1.119644137742446116e-02
-9.972362313860320127e-01 -7.135621552492338315e-02 2.069320487675029019e-02
-9.976227867634879232e-01 -6.499602701953506589e-02 2.289784434542398855e-02
-9.977685062028369689e-01 -6.159915038494983425e-02 2.575989646103730296e-02
-9.977678284447023538e-01 -6.133683654664900953e-02 2.640402561180249172e-02
-9.980949037416261271e-01 -5.782674515382527775e-02 2.150930433996598584e-02
-9.983613164582612054e-01 -5.418760462266734163e-02 1.839577959528464549e-02
-9.983942887648115105e-01 -5.174460955210069546e-02 2.305122682252366828e-02
-9.988148839078488939e-01 -4.328304688629776298e-02 2.225814551139650155e-02
-9.987692720978622596e-01 -4.625677106180423048e-02 1.789613962226558469e-02
-9.989680442681524442e-01 -4.166628570478636551e-02 1.807724376979194872e-02
-9.989623093748274396e-01 -4.318456568541000073e-02 1.447125929547277839e-02
-9.993423790520725714e-01 -3.365373900616469571e-02 1.350018142252371565e-02
-9.994602764268141204e-01 -3.086342934467294769e-02 1.125273967390094318e-02
-9.995008846124707746e-01 -3.015759409254280612e-02 9.408546740838796829e-03
-9.995808363748706071e-01 -2.580683681510116331e-02 1.312167682004978901e-02
-9.996331330052398156e-01 -2.177880144287214909e-02 1.610288729978151881e-02
-9.997406469850330657e-01 -1.157887713557117712e-02 1.961092405953684253e-02
-9.997800193537104141e-01 -6.690166781500223037e-03 1.987899759626423832e-02
-9.997740639124462758e-01 -5.346828252833573172e-03 2.057310223346419872e-02
-9.998078125899548807e-01 -2.537599637211888914e-04 1.960340373005849818e-02
-9.998348305388505830e-01 -1.346166507774829548e-03 1.812510520956275503e-02
-9.997875475170653337e-01 1.299832974687977578e-03 2.057158861334721506e-02
-9.998895640337785995e-01 1.582335409851835448e-04 1.486118266460529497e-02
-9.998735970181484856e-01 3.266107991790037982e-03 1.556093146623001820e-02
-9.999322924273030821e-01 4.973236460637025722e-03 1.052128941522669989e-02
-9.998560010633977813e-01 2.249274209787118992e-03 1.682075603548937107e-02
-9.998118962871893611e-01 4.744137808055144331e-03 1.880651920729658685e-02
-9.999108377075052179e-01 4.394680143658596071e-03 1.261044936530726114e-02
-9.999121312136645123e-01 6.590027803274873738e-03 1.150310338282854034e-02
-9.998330420279765152e-01 1.217762215180743374e-02 1.362401324990948799e-02
-9.998177059898019081e-01 1.256597584498306969e-02 1.437606314866743569e-02
-9.998230170450096432e-01 1.351937489935753703e-02 1.308362465360547039e-02
-9.997677887724597534e-01 1.685644864635215540e-02 1.342567800570151383e-02
-9.996666233466564577e-01 2.075154917636113164e-02 1.536344829260052544e-02
-9.996692077602182813e-01 1.950571723416036699e-02 1.676371701168397066e-02
-9.996460249571763601e-01 2.035824487048924075e-02 1.712853795280546224e-02
-9.994062429395825786e-01 2.696674847107812661e-02 2.144705984048643141e-02
-9.993024629356405120e-01 3.113432650104730817e-02 2.062187201711454879e-02
-9.991958458809574450e-01 3.412320500351223584e-02 2.105442432319609009e-02
-9.990313011120923736e-01 3.926662400863624447e-02 1.986484170721668913e-02
-9.987072743616127735e-01 4.433766827655306886e-02 2.485904206377248862e-02
-9.987303503437787722e-01 4.336262752550594513e-02 2.563962743703815383e-02
-9.985172043468143466e-01 5.063995092402057835e-02 1.997519381159749974e-02
-9.982432963621989952e-01 5.575279141009829853e-02 2.004913696553853666e-02
-9.982979168004406656e-01 5.526216697467428718e-02 1.863820253601178312e-02
-9.981714289169166809e-01 5.525595999339835002e-02 2.450709694437014363e-02
-9.981245350011868078e-01 5.560156383344245362e-02 2.561052817690730524e-02
-9.979012563314435535e-01 5.898636068489973572e-02 2.671539463495276739e-02
-9.978650003633977583e-01 6.047660440449596081e-02 2.465850334725016441e-02
-9.978955973185628103e-01 6.116407851883808727e-02 2.152563075793187397e-02
-9.976374061870354470e-01 6.580708793072198581e-02 1.972443467722358873e-02
-9.971972013378033184e-01 7.005160038818107615e-02 2.627804200147034266e-02
-9.968882138549006733e-01 7.428695236141258373e-02 2.636964830410321384e-02
-9.965803769376598842e-01 7.863080567281433009e-02 2.539230649876535878e-02
-9.968249176200135730e-01 7.475515080656483513e-02 2.741845256268430828e-02
-9.964610238704136869e-01 8.067709200986797335e-02 2.359354003404090516e-02
-9.960001258238219135e-01 8.590571678009126244e-02 2.457595582954573074e-02
-9.957833268984992436e-01 8.758401965703843661e-02 2.728783305128055364e-02
-9.954261769774932489e-01 9.221957698325174146e-02 2.494586594104498956e-02
-9.949171421636403556e-01 9.809747512403528547e-02 2.273292704114664858e-02
-9.944622205501194578e-01 1.036757550239337661e-01 1.721191143530737683e-02
-9.941131704698028537e-01 1.070015592925525894e-01 1.702030495778107319e-02
-9.934618524583246346e-01 1.127183887959231356e-01 1.811443560325533969e-02
-9.929396021485035195e-01 1.172452460438167532e-01 1.801441100735143991e-02
-9.924588637733253726e-01 1.215931179871165002e-01 1.550927390051112797e-02
-9.922851588114260935e-01 1.234364938897253294e-01 1.155922752754421842e-02
-9.915229793400381908e-01 1.295261275568218851e-01 1.025591724299826195e-02
-9.912829669398716126e-01 1.313769949649223612e-01 9.908822720301694448e-03
-9.915614505587111438e-01 1.292026842337600234e-01 1.061019635405825723e-02
-9.917000024700864946e-01 1.276913970753375815e-01 1.503437114561469168e-02
-9.913206860979871804e-01 1.307835763445666377e-01 1.337809981733030160e-02
-9.907479039551039257e-01 1.351905008445989376e-01 1.192222057563725734e-02
-9.902923103210827804e-01 1.378741622233896347e-01 1.766000102195617108e-02
-9.903056958145805000e-01 1.374840599038338051e-01 1.981873446017496515e-02
-9.892575395415051931e-01 1.450959865941316707e-01 1.779593328120343543e-02
-9.894939862816818366e-01 1.438460566478338976e-01 1.449079903105324890e-02
-9.890551917984378161e-01 1.468832050091542496e-01 1.397039061433242961e-02
-9.901013452328707443e-01 1.395924337458046838e-01 1.460475054464102987e-02
-9.897100468855777322e-01 1.424403315552767446e-01 1.359393801518595998e-02
-9.900003876638483469e-01 1.401742199011583034e-01 1.582531491949422039e-02
-9.895273613404333979e-01 1.436988475112964125e-01 1.364779958514421472e-02
-9.880860576942553930e-01 1.533155729507088283e-01 1.342749893261672989e-02
-9.874712590581707916e-01 1.575782402432653606e-01 8.344494758656060759e-03
-9.877628476224927789e-01 1.556202646887057395e-01 1.033972581480029074e-02
-9.873633563185774120e-01 1.584383294609265358e-01 3.304284081185227158e-03
-9.870821705079296793e-01 1.602140347203497572e-01 5.212435529232308656e-04
-9.876909491377575678e-01 1.564030534343065215e-01 2.166507440549757940e-03
-9.875641887671509078e-01 1.571652055334633036e-01 4.011374570240784990e-03
-9.871527426933180971e-01 1.596843838993130260e-01 5.511809651317768274e-03
-9.878437133761649447e-01 1.554017047251366190e-01 3.889479723304121832e-03
-9.876189441474196862e-01 1.568720303974955876e-01 -8.461000282033569880e-05
-9.875923611481444153e-01 1.570159688314513857e-01 2.708073586755654124e-03
-9.876800898299737952e-01 1.564497122174570432e-01 3.398180318428478675e-03
-9.874284625057616616e-01 1.580367317657212223e-01 3.072909373706305455e-03
-9.868325495305032558e-01 1.617221340683991648e-01 -2.736839853760706254e-03
-9.867259048029282109e-01 1.623557518714875136e-01 -3.552234971641071021e-03
-9.860733189631112339e-01 1.662979310368897512e-01 -2.104180923875295043e-03
-9.861961556857535838e-01 1.655804732600993645e-01 5.188271979676977071e-04
-9.861841618626417949e-01 1.656525386504137665e-01 -2.347897129381506858e-04
-9.861918655477971418e-01 1.655922176397117418e-01 -2.200360254620145877e-03
-9.865366420461696428e-01 1.634008063037657998e-01 -6.756498937485679035e-03
-9.863637817427779453e-01 1.642827998576298076e-01 -9.882893973872455134e-03
-9.871424313755087221e-01 1.595477170574175485e-01 -9.714216903463277625e-03
-9.874428058936527419e-01 1.576016799723138628e-01 -1.088280372447195631e-02
-9.878525936834067211e-01 1.551893411961663694e-01 -7.971282222907979942e-03
-9.885477927852297508e-01 1.505542240420358613e-01 -1.032989897836825675e-02
-9.892168621695359709e-01 1.462879349748801294e-01 -7.061120454249244713e-03
-9.897687889563303587e-01 1.423778673395422190e-01 -9.290162877626932311e-03
-9.899769537327022251e-01 1.409916172565806036e-01 -8.186254072768520823e-03
-9.905757888424014945e-01 1.364675584033809286e-01 -1.167184308925698841e-02
-9.913401636815190043e-01 1.309671526380758455e-01 -9.607532592482790484e-03
-9.920108661208366652e-01 1.251304164343336744e-01 -1.602624142160396364e-02
-9.922232966220961847e-01 1.229064576743001125e-01 -1.967110542552206326e-02
-9.928940169974485030e-01 1.170672905125058338e-01 -2.137149279119221826e-02
-9.925862231769894128e-01 1.194772714016834603e-01 -2.231123829486285001e-02
-9.935612778788706079e-01 1.105275368286732646e-01 -2.489319496175913110e-02
-9.938026634359150568e-01 1.085442808618324040e-01 -2.396717941254433021e-02
-9.941761507872417525e-01 1.057314923264354029e-01 -2.084833793688596962e-02
-9.948976778706984936e-01 9.797293261606247750e-02 -2.408185445266294508e-02
-9.956547836402649398e-01 8.929059054793002381e-02 -2.643412666247816831e-02
-9.960062463067000937e-01 8.462710722403664343e-02 -2.845752706445873331e-02
-9.967046790052118688e-01 7.733725399456770067e-02 -2.446942501244400020e-02
-9.969221313828001696e-01 7.338065597758648695e-02 -2.759645157051104220e-02
-9.975694055988046927e-01 6.499509868235515964e-02 -2.511849565421027039e-02
-9.978111257508218701e-01 6.084282834596180245e-02 -2.590614305978856599e-02
-9.978498435544306266e-01 6.036888659518124117e-02 -2.552073529325521450e-02
-9.981898761405265663e-01 5.366133277967145843e-02 -2.715609167293520781e-02
-9.984326748837296650e-01 4.984858417106620421e-02 -2.544274250820344543e-02
-9.985470459602018289e-01 4.854535338372692466e-02 -2.339158851293672917e-02
-9.988433585458844632e-01 4.149660762749510234e-02 -2.428986256796522927e-02
-9.991505509317812894e-01 3.422671261789345803e-02 -2.295058691839865772e-02
-9.993019646482707019e-01 3.100432348117608886e-02 -2.084073075843512202e-02
-9.993360310761993937e-01 2.730369126030788435e-02 -2.412521866199226345e-02
-9.994956434561814707e-01 2.219030320276203783e-02 -2.271717135975237847e-02
-9.995140282400917231e-01 1.804626285803923036e-02 -2.541772181433940916e-02
-9.995664954285782278e-01 1.525251330284903284e-02 -2.518338512857701272e-02
-9.994354298775975920e-01 1.039091499369890204e-02 -3.195107820674002175e-02
-9.995929647451137212e-01 6.396585239877065031e-03 -2.780304842874950846e-02
-9.996037075580818110e-01 3.266254050775605627e-03 -2.796033607660089806e-02
-9.995780167353461865e-01 -3.669059836171858005e-03 -2.881574981567862348e-02
-9.995127337967252279e-01 -1.085558182901310426e-02 -2.926554824814042374e-02
-9.992585466961975138e-01 -1.879751966260640589e-02 -3.360106237105172505e-02
-9.993342716867850140e-01 -2.328059745552787940e-02 -2.809000296580002609e-02
-9.991134083855361947e-01 -2.920815021422652064e-02 -3.031999766689922465e-02
-9.989599078874421556e-01 -3.534811253075985371e-02 -2.880337504601784490e-02
-9.985867410026949553e-01 -4.242073467981567064e-02 -3.201598165795149081e-02
-9.981932508769516543e-01 -4.854758306125592227e-02 -3.540320986981200513e-02
-9.977878021899078131e-01 -5.498425944253044345e-02 -3.736648606629529995e-02
-9.976035446860871403e-01 -5.742579680366417111e-02 -3.859361067469534168e-02
-9.971352851350079316e-01 -6.347641073283699642e-02 -4.113380390910006956e-02
-9.969385516018973714e-01 -6.784532765762235629e-02 -3.886588648929001355e-02
-9.969757873618591004e-01 -6.916928826068870217e-02 -3.542471222096787997e-02
-9.969901448832787505e-01 -7.038592730772680328e-02 -3.250374548872685815e-02
-9.962741394245339110e-01 -7.986456542362971311e-02 -3.255013883598742441e-02
-9.958305580063199214e-01 -8.664159557164431702e-02 -2.854391187660775334e-02
-9.952651366277642797e-01 -9.282443343000579272e-02 -2.882626634869707785e-02
-9.943064628809659133e-01 -1.004848713749516842e-01 -3.546082282300886540e-02
-9.932826524129790835e-01 -1.080542322732531840e-01 -4.139899727774812993e-02
-9.922045726400970933e-01 -1.187044171714559532e-01 -3.793901516398485996e-02
-9.912461753549088872e-01 -1.277335004826346543e-01 -3.339451635420599696e-02
-9.902441189828530277e-01 -1.361194368829474477e-01 -2.980108457851621262e-02
-9.890076914183127954e-01 -1.436950570930726756e-01 -3.486457012788524851e-02
-9.873107334503952170e-01 -1.543684844513119603e-01 -3.725463883519107566e-02
-9.857679373260537226e-01 -1.629148400700959620e-01 -4.147710482817008881e-02
-9.854912328778365760e-01 -1.649020718947253050e-01 -4.017907654465952688e-02
-9.839861119563013681e-01 -1.742110339093890514e-01 -3.770767227651199843e-02
-9.828530537701942738e-01 -1.799727975069149444e-01 -4.012092118052236478e-02
-9.810399311618734908e-01 -1.903979381744539678e-01 -3.618425170506206490e-02
-9.806801204093475999e-01 -1.920874014888644399e-01 -3.699936617613452244e-02
-9.789702174011832847e-01 -2.002668272431603058e-01 -3.886557483778693700e-02
-9.773409616274111311e-01 -2.081561544724744584e-01 -3.841460165526375259e-02
-9.755426779905441714e-01 -2.161440902714988621e-01 -3.997795972088608041e-02
-9.760273621302746339e-01 -2.148511588886114210e-01 -3.477915412566356945e-02
-9.745825188090961877e-01 -2.214751039556812073e-01 -3.373001644581696823e-02
-9.737131727213393928e-01 -2.256402862509230001e-01 -3.113101481506914611e-02
-9.727758152358698673e-01 -2.298088898694851390e-01 -2.991837180939008536e-02
-9.717565671324319698e-01 -2.341800230789475301e-01 -2.913610399785196425e-02
-9.691663058067933045e-01 -2.446149591748601748e-01 -2.966841811724033398e-02
-9.687293976654248739e-01 -2.457187549720930286e-01 -3.443354751911218564e-02
-9.681051064678760643e-01 -2.487402049241166924e-01 -3.001391206774375181e-02
-9.671812099591633460e-01 -2.525288758030142522e-01 -2.810152274580578896e-02
-9.645992737889145241e-01 -2.620418215837331255e-01 -2.970431574849934434e-02
-9.639843931337119809e-01 -2.646836280519688778e-01 -2.601323524458686032e-02
-9.628141339916749253e-01 -2.690522064252124368e-01 -2.449234884066592982e-02
-9.617165499715355503e-01 -2.731922524692918519e-01 -2.161694226643552305e-02
-9.605505971217157546e-01 -2.775104429474185008e-01 -1.818037066607124108e-02
-9.605106681193473772e-01 -2.776703921734858249e-01 -1.784464042875006859e-02
-9.584103832381055676e-01 -2.849965466417508364e-01 -1.505081359069347993e-02
-9.579543353301805952e-01 -2.866598179424761916e-01 -1.223362056423895651e-02
-9.569444438336307535e-01 -2.901345010326795149e-01 -8.906397233059290541e-03
-9.559054142419938227e-01 -2.935814075421180891e-01 -7.403873105752201318e-03
-9.558482772823728713e-01 -2.937450174691891847e-01 -8.243585264931923076e-03
-9.546247697236852625e-01 -2.977586998985317646e-01 -5.597035873834366182e-03
-9.533407942391466383e-01 -3.018951504241891293e-01 -8.180603790416979965e-04
-9.550571672636168907e-01 -2.963800010057405787e-01 4.972286175072690960e-03
-9.563718762558462982e-01 -2.920750113911329549e-01 6.711439905659690938e-03
-9.567055991258294201e-01 -2.909535151627377636e-01 7.776247410282804279e-03
-9.576718074396455282e-01 -2.877544244528867368e-01 7.881741906154017541e-03
-9.568263855982011012e-01 -2.903610117256337775e-01 1.318226221328179862e-02
-9.562788302382154715e-01 -2.921584297336455860e-01 1.320121653479318542e-02
-9.575504105588392711e-01 -2.879937040474401799e-01 1.252433700570217308e-02
-9.581146225438305075e-01 -2.859190901500567317e-01 1.632989248261584869e-02
-9.573981150538002360e-01 -2.884013466178841911e-01 1.461280313229761443e-02
-9.580921365640843179e-01 -2.861112255629622014e-01 1.413668653568691223e-02
-9.574613945625461975e-01 -2.880488366969399250e-01 1.719206370090450159e-02
-9.568964662046196556e-01 -2.897414413720293402e-01 1.997677499620908320e-02
-9.572230809816708597e-01 -2.883880355991192967e-01 2.358676832030731987e-02
-9.586465199273971338e-01 -2.834778767658092669e-01 2.524212197499676319e-02
-9.598730881570688434e-01 -2.792351922817306598e-01 2.591106995577238670e-02
-9.618347178642357997e-01 -2.723937207888091905e-01 2.599342053874041658e-02
-9.637712289999865733e-01 -2.648029436338073528e-01 3.200689104939574703e-02
-9.657102667803907359e-01 -2.570255998370651329e-01 3.662709263875536109e-02
-9.667941642655533130e-01 -2.517486887041599508e-01 4.395070471071910873e-02
-9.689733599001996156e-01 -2.418559145519001974e-01 5.095456175032869045e-02
-9.718616652629342711e-01 -2.291920476198216206e-01 5.436848620886451655e-02
-9.743849688615288107e-01 -2.183108843110337649e-01 5.398438296794848268e-02
-9.745106773417329116e-01 -2.168383526993150068e-01 5.753339843916031870e-02
-9.764201319064207407e-01 -2.073243768833460954e-01 6.016936394071265709e-02
-9.785945792203736282e-01 -1.950143373343585507e-01 6.574254192751256831e-02
-9.797092907862871014e-01 -1.871063209668671623e-01 7.183978270610960615e-02
-9.814676859558080224e-01 -1.765777084297197042e-01 7.444137798705589837e-02
-9.827639736892135325e-01 -1.691955665651705409e-01 7.448393599470287674e-02
-9.841991166324989271e-01 -1.592240137776002040e-01 7.745861423985232752e-02
-9.858292900054754782e-01 -1.469521269871817137e-01 8.090555181647703098e-02
-9.876065684166683845e-01 -1.345653403547723281e-01 8.078032039837691747e-02
-9.887801571720343796e-01 -1.234855353977925008e-01 8.405443853657595943e-02
-9.904788129231812954e-01 -1.114677846665927952e-01 8.078786525392080142e-02
-9.912669072368244239e-01 -9.871206480382169191e-02 8.744067994505258512e-02
-9.926104352032609768e-01 -8.611205526223467133e-02 8.549422953329835484e-02
-9.941028802761909811e-01 -7.127914046154189276e-02 8.172376018850571744e-02
-9.950441754518490889e-01 -5.757375903380248378e-02 8.107019512292933106e-02
-9.955237343526465166e-01 -4.737449558288374385e-02 8.178127476131488716e-02
-9.963223014920994380e-01 -3.361062663005133511e-02 7.881765297604050036e-02
-9.962879487234015397e-01 -2.864353026612247513e-02 8.117817798234150395e-02
-9.963835692920927078e-01 -1.546639361394616489e-02 8.354997917292046605e-02
-9.967392323317204594e-01 -4.408647075122068201e-03 8.056979526049649898e-02
-9.969970952271521858e-01 4.494426257198426769e-03 7.730858506254971452e-02
-9.964753418645868610e-01 1.269376459457536958e-02 8.292036471334161829e-02
-9.960152109237773166e-01 2.462298090567983239e-02 8.571717540479942277e-02
-9.953816759693573379e-01 3.814034383352088442e-02 8.809460429985312147e-02
-9.947920327804162799e-01 5.582480871998582450e-02 8.527853288663300724e-02
-9.940454175677655435e-01 6.923429448806754649e-02 8.414479298550077424e-02
-9.921812940507976908e-01 8.720120770267891785e-02 8.928749007644189162e-02
-9.908155505807088037e-01 9.921441224162665107e-02 9.187530770508228750e-02
-9.893371334585803201e-01 1.132278683411050840e-01 9.160520292577147006e-02
-9.882478291431402440e-01 1.232959586972643962e-01 9.035685775404182773e-02
-9.869557273336108105e-01 1.356873936949529735e-01 8.664496574132608819e-02
-9.843878011218171187e-01 1.543798937234698854e-01 8.454307474491629115e-02
-9.819227427934063002e-01 1.704594343809430201e-01 8.228811756374261599e-02
-9.790397436576899759e-01 1.874878714434821403e-01 7.955817854010829859e-02
-9.767882228470223804e-01 1.979868115298243914e-01 8.176805993885175039e-02
-9.747427053696579025e-01 2.104240269137823693e-01 7.482253810940750482e-02
-9.732917181559885833e-01 2.176465418947145514e-01 7.302902930678481508e-02
-9.725146837770060060e-01 2.225212357808860619e-01 6.855300411368267510e-02
-9.704279991131562477e-01 2.306533418491780174e-01 7.119381663962678908e-02
-9.679549430174970714e-01 2.423416611337621540e-01 6.583139020183613466e-02
-9.652314150473637611e-01 2.544516582649675729e-01 5.985559573864164540e-02
-9.618970953969376847e-01 2.671449504427840238e-01 5.820289176247204349e-02
-9.592438951636612643e-01 2.783654779761529641e-01 4.861927192808022935e-02
-9.561062703548471875e-01 2.885647209955125025e-01 5.090407783882303083e-02
-9.528827317042675160e-01 2.993816579026335467e-01 4.883795673053550890e-02
-9.525260162343857084e-01 3.008574360490260391e-01 4.667992132586494536e-02
-9.512582095564519058e-01 3.050274888850967869e-01 4.545407811755335092e-02
-9.481450281997289009e-01 3.136803107685247061e-01 5.124150672766854958e-02
-9.449385040186080165e-01 3.232860831512178179e-01 5.076766618052853952e-02
-9.441163929638843877e-01 3.264312824461467200e-01 4.568236046547736323e-02
-9.432976261702287202e-01 3.287050984487525085e-01 4.628790779371354941e-02
-9.419961752473148264e-01 3.329963639010572463e-01 4.191242139772199948e-02
-9.389016846761147894e-01 3.419361792045347292e-01 3.928484822075994226e-02
-9.369613567391108511e-01 3.479242202909124115e-01 3.243726468140108871e-02
-9.347217635118658663e-01 3.542984308303166463e-01 2.771046556866997579e-02
-9.344835788387595432e-01 3.548021713934032539e-01 2.925548213601483066e-02
-9.329698041905479799e-01 3.590557940383825586e-01 2.542251663175298590e-02
-9.308221009414221481e-01 3.646435965227052267e-01 2.460258125497796766e-02
-9.296149577045828005e-01 3.680163523530790570e-01 1.949404653318401182e-02
-9.282522287358987434e-01 3.714663124560690921e-01 1.898951258837208028e-02
-9.266506262629062851e-01 3.757275261126331589e-01 1.214354969899262421e-02
-9.252983475521602275e-01 3.790388762759813734e-01 1.234994409410356507e-02
-9.250372340242229985e-01 3.798382263250021373e-01 5.390761980381673403e-03
-9.233852918550445876e-01 3.838492882457656963e-01 4.398808230388010464e-03
-9.218961528076567991e-01 3.873581203023648278e-01 7.822593024071495746e-03
-9.207397573455361472e-01 3.901692361088351380e-01 2.507854918730750664e-03
-9.231060488880428183e-01 3.845281657121542018e-01 -3.651766476776364782e-03
-9.248747529819453250e-01 3.802386591613534095e-01 -5.027578259860197157e-03
-9.270918923457285299e-01 3.747013256990856522e-01 -9.978123822285130812e-03
-9.285325303509884831e-01 3.710852572304527697e-01 -1.109482996132027215e-02
-9.293115134582461412e-01 3.689949306481307700e-01 -1.492901482820010138e-02
-9.291767692571227810e-01 3.693939508842697395e-01 -1.336652170535048909e-02
-9.280000516842601410e-01 3.722857987475957642e-01 -1.480579220672259382e-02
-9.291754173995230293e-01 3.693459431713841390e-01 -1.471874042521997827e-02
-9.286021014997352108e-01 3.706132551851245571e-01 -1.854657657564967241e-02
-9.298236832490931469e-01 3.676387162339065928e-01 -1.642302364548839377e-02
-9.293400368172585191e-01 3.685955258083191133e-01 -2.155127964847294506e-02
-9.298381453754326342e-01 3.673284740868340004e-01 -2.169882169628287519e-02
-9.304491018021265880e-01 3.651892741920949037e-01 -3.002143335685325543e-02
-9.318923540600723143e-01 3.603059904391524570e-01 -4.190772841558457890e-02
-9.330404951761129828e-01 3.566092631236580934e-01 -4.759508325496423359e-02
-9.337930443410482617e-01 3.541221871349115036e-01 -5.126452081127252230e-02
-9.372628068527774081e-01 3.450329516895611626e-01 -4.990708648286425880e-02
-9.404422808652733723e-01 3.370414712924539868e-01 -4.440030270504632948e-02
-9.438662373725651422e-01 3.271294977428952921e-01 -4.585675117236209103e-02
-9.444916588906652199e-01 3.244097614229151105e-01 -5.190218758029392643e-02
-9.460768574850938473e-01 3.189849431373490973e-01 -5.645538079040119533e-02
-9.496164619407437835e-01 3.077075016614477243e-01 -5.953732587981314800e-02
-9.538963710929946327e-01 2.945427975738739712e-01 -5.767389337113278114e-02
-9.567455302306335785e-01 2.848731940702545762e-01 -5.903624407801418006e-02
-9.600540783073672202e-01 2.722234160926420565e-01 -6.473486834968343595e-02
-9.613373797767049700e-01 2.673597154253499752e-01 -6.594884042303300609e-02
-9.635508417374450962e-01 2.579495700798589697e-01 -7.093531984511738941e-02
-9.657538788836607102e-01 2.489275844505874635e-01 -7.317464211452752443e-02
-9.700052294923581231e-01 2.312144252866076277e-01 -7.503179094360069856e-02
-9.718459683056424048e-01 2.234230821882093321e-01 -7.481688027569609323e-02
-9.746009300394007369e-01 2.111697128547989355e-01 -7.456812235802155742e-02
-9.765410452645463257e-01 1.999363861637759032e-01 -7.995657633790220764e-02
-9.794745781095388626e-01 1.884309523679136567e-01 -7.157759578126203504e-02
-9.822682634150099457e-01 1.727191048463036227e-01 -7.291909754192718585e-02
-9.841433583280930764e-01 1.589790509785319050e-01 -7.866090053525132131e-02
-9.863653119686326409e-01 1.460413239984307554e-01 -7.586454081898316715e-02
-9.883912330904803811e-01 1.337298600700723983e-01 -7.210492362054889137e-02
-9.901379125240579171e-01 1.205735431312279227e-01 -7.133694674540085046e-02
-9.917537799140622168e-01 1.059325791448178927e-01 -7.213011724784287870e-02
-9.924653437525406963e-01 9.729796905762279347e-02 -7.446926808873780002e-02
-9.936518240145428837e-01 8.620756241367101558e-02 -7.227955373070595047e-02
-9.945094218117492835e-01 7.780593765078135104e-02 -6.998050392524597652e-02
-9.951021281814982355e-01 7.280689921436003798e-02 -6.686504846074257935e-02
-9.959827498180502392e-01 6.638045871490504124e-02 -6.010009471442308293e-02
-9.967279976931292529e-01 5.259709503813030790e-02 -6.137482360336191795e-02
-9.970990372090547949e-01 3.936640220819294378e-02 -6.514462003549278957e-02
-9.975187399891828344e-01 2.969144297946030298e-02 -6.383421189753767100e-02
-9.977427997096919299e-01 1.851065427212290893e-02 -6.454987532447951926e-02
-9.977950908302429811e-01 8.380358347995695706e-03 -6.583882951577538223e-02
-9.981486221556922223e-01 1.767843586671158547e-03 -6.079661219482240808e-02
-9.978928950437625511e-01 -5.793230963636218471e-03 -6.462378729290198243e-02
-9.975976949145431982e-01 -1.793993379924870360e-02 -6.691056329945152537e-02
-9.972484468197868601e-01 -2.900538935859755391e-02 -6.822205240628335943e-02
-9.971812834662163727e-01 -3.737928837386838427e-02 -6.505614660253278281e-02
-9.968581010562930222e-01 -4.631458201962334459e-02 -6.425660546847430932e-02
-9.968176166023734464e-01 -5.121965735704130107e-02 -6.108364241079456552e-02
-9.961634586047010131e-01 -6.418504624738578801e-02 -5.948671218548128026e-02
-9.955433476367743229e-01 -7.274030896667606216e-02 -6.001929511910850806e-02
-9.948173548579382075e-01 -8.426191624463422181e-02 -5.690681107128293947e-02
-9.936590848746869042e-01 -9.564676676416104806e-02 -5.910452171960550033e-02
-9.932693604390629982e-01 -1.011114442757252985e-01 -5.650202481631279305e-02
-9.927637175274890424e-01 -1.071493662032280691e-01 -5.421475624479657474e-02
-9.918343807975749105e-01 -1.151555360270016121e-01 -5.480683303433310505e-02
-9.902262629728644239e-01 -1.281444796279530285e-01 -5.505420808275431066e-02
-9.892296627031481604e-01 -1.353069912334687042e-01 -5.582757349158340432e-02
-9.868683767163656251e-01 -1.480296222054965916e-01 -6.463794547092553688e-02
-9.859199803957990893e-01 -1.528649086679368108e-01 -6.778007114169401492e-02
-9.843453514260827042e-01 -1.643736050764417478e-01 -6.360481690872411831e-02
-9.821005243206032409e-01 -1.757095909642216736e-01 -6.785813005191050629e-02
-9.797233495617703181e-01 -1.891304182620639207e-01 -6.612011085640183417e-02
-9.779429228497871218e-01 -1.976510315737492751e-01 -6.754061958427087786e-02
-9.752772927388413393e-01 -2.102762937713687497e-01 -6.795666614828416163e-02
-9.728228371456506540e-01 -2.219379622478266645e-01 -6.602495179671388770e-02
-9.718580735572045493e-01 -2.268270458923240807e-01 -6.357202134442993535e-02
-9.689519596090538922e-01 -2.393432432438950264e-01 -6.202368466578272316e-02
-9.664638380659658079e-01 -2.494979804283776470e-01 -6.081474276178026883e-02
-9.644721535283864444e-01 -2.583341392797349201e-01 -5.528980360403098343e-02
-9.621694333469008598e-01 -2.666640418934545509e-01 -5.585960225756662900e-02
-9.601763113422692175e-01 -2.735165167326914504e-01 -5.701044764203708204e-02
-9.583381351680327898e-01 -2.799229651594993817e-01 -5.684344449321426102e-02
-9.565512707136725190e-01 -2.868270337432722306e-01 -5.234447479747087600e-02
-9.551730292970249669e-01 -2.916189944883627594e-01 -5.101833927246741257e-02
-9.535359995393917210e-01 -2.973718920723887882e-01 -4.836403732073275841e-02
-9.505468315705989379e-01 -3.067232115019374317e-01 -4.880181627623339513e-02
-9.491715174953476719e-01 -3.113505862003782543e-01 -4.619813362024150633e-02
-9.461561624137857507e-01 -3.199247439346407651e-01 -4.936293523538414635e-02
-9.434252597052703582e-01 -3.278455965305103748e-01 -4.965953108099219887e-02
-9.397816746140972288e-01 -3.384336859159150501e-01 -4.767671448459082084e-02
-9.395338058392992409e-01 -3.393262551917380909e-01 -4.619464282222677382e-02
-9.383987911599520615e-01 -3.426908795887558812e-01 -4.439250641485480153e-02
-9.374766508752878647e-01 -3.453860502109502573e-01 -4.296545349014246201e-02
-9.353005690798873450e-01 -3.516057717206183542e-01 -3.982777314921995965e-02
-9.325115390986927766e-01 -3.595065810530727601e-01 -3.431140118275857048e-02
-9.292713015212723526e-01 -3.677108228954460989e-01 -3.526504719416419936e-02
-9.264095118275300633e-01 -3.750639675943506224e-01 -3.305240066192045856e-02
-9.243331355930555215e-01 -3.800408149542083280e-01 -3.431119433785592698e-02
-9.220166568911875027e-01 -3.854561396771087889e-01 -3.617835651760181737e-02
-9.210156027439539983e-01 -3.875994888360108082e-01 -3.869005617977955974e-02
-9.175039215539424475e-01 -3.960450139053665053e-01 -3.653663178095285791e-02
-9.145124563406663576e-01 -4.029115108397029466e-01 -3.645965160444519099e-02
-9.129914533578173952e-01 -4.067776663930974257e-01 -3.128195397788042370e-02
-9.097561389143169475e-01 -4.141052759182874965e-01 -2.933619868814265480e-02
-9.080628813808083732e-01 -4.180827639000642693e-01 -2.507250039852948822e-02
-9.082305736430240639e-01 -4.179214232172323573e-01 -2.142273139910598825e-02
-9.061881678109106053e-01 -4.224216572691635307e-01 -1.956967777175452547e-02
-9.059236056684851768e-01 -4.229644043041823620e-01 -2.008874519052687019e-02
-9.032186746453512161e-01 -4.288456097632754593e-01 -1.695561459495480150e-02
-8.997736536770847282e-01 -4.358387952946760624e-01 -2.125890625175867743e-02
-8.976883385923504211e-01 -4.402642009478498486e-01 -1.797510640633797480e-02
-8.977452161340652159e-01 -4.401424861648809417e-01 -1.811472087060823563e-02
-8.972847202838653002e-01 -4.413157943358797519e-01 -1.097837991811997232e-02
-8.981766444711662967e-01 -4.395188826381247749e-01 -1.009413395475985790e-02
-8.970388128063485622e-01 -4.418832213624580008e-01 -7.785330078586828045e-03
-8.948698724933786819e-01 -4.463232851847217519e-01 -1.860284570084645532e-03
-8.944818871267216087e-01 -4.471001738569362338e-01 1.900629757840905081e-03
-8.939612808372355834e-01 -4.480111076826416849e-01 1.092245452170520492e-02
-8.980557388646356332e-01 -4.396023176032868851e-01 1.567535184254563105e-02
-8.962470652120976267e-01 -4.431028592802004895e-01 2.002694419927867134e-02
-8.977833637799130795e-01 -4.400136280874494821e-01 1.931484120758815079e-02
-8.997541551942024318e-01 -4.355131413705345955e-01 2.776307891547682288e-02
-8.998602461919581463e-01 -4.351517513340479870e-01 2.990844847013137200e-02
-9.031217394147441624e-01 -4.282703779231321617e-01 3.091329660763048742e-02
-9.048825712713072233e-01 -4.242090823424643498e-01 3.513134559177035626e-02
-9.080899640860931044e-01 -4.170442547394545563e-01 3.803592499344064792e-02
-9.076195111494563816e-01 -4.175647013157028908e-01 4.320379733330684258e-02
-9.127714946802198970e-01 -4.063205751144186584e-01 4.185467220517453957e-02
-9.144332925107098164e-01 -4.026755771534847872e-01 4.079409223662511241e-02
-9.183760970751932984e-01 -3.933122264670197987e-01 4.348404162016979158e-02
-9.208840062090587475e-01 -3.873862203893725931e-01 4.364159036241960915e-02
-9.236901733128495273e-01 -3.803977383537703316e-01 4.576078520140791639e-02
-9.263807342117549304e-01 -3.739168376389214177e-01 4.477676685004358670e-02
-9.297104296233467124e-01 -3.650409261593953736e-01 4.882278656580082282e-02
-9.318430437422344781e-01 -3.592076243592038920e-01 5.136584121441514078e-02
-9.353493540286844654e-01 -3.504983334856203725e-01 4.767105359520978913e-02
-9.384225331308392315e-01 -3.421591648191227297e-01 4.785687476642767890e-02
-9.405118777640808503e-01 -3.362924978097368567e-01 4.842302047843132645e-02
-9.423480008020953536e-01 -3.306343592851601065e-01 5.158673391892840826e-02
-9.458964834349133932e-01 -3.198160658330149730e-01 5.474990498759177426e-02
-9.492897379647746714e-01 -3.094926951801860726e-01 5.534700069022103347e-02
-9.527368096522419449e-01 -2.984747213792285914e-01 5.661658626348906737e-02
-9.551892664227717988e-01 -2.903615915505173284e-01 5.747727461521356246e-02
-9.571358450880625979e-01 -2.832203527544941424e-01 6.064018250257465631e-02
-9.590548162401231203e-01 -2.759104173454858255e-01 6.393220646852998401e-02
-9.603658868613245136e-01 -2.703487710885515427e-01 6.788911114604842534e-02
-9.621980191299581708e-01 -2.637747756735696059e-01 6.780756437111165602e-02
-9.651279938994313801e-01 -2.515994940527200296e-01 7.228884028701379472e-02
-9.678852469741014986e-01 -2.399717254444254932e-01 7.491159069842684426e-02
-9.715442699099793300e-01 -2.231604953408210801e-01 7.937979845383411059e-02
-9.741228828328988287e-01 -2.125194550714403496e-01 7.694230181015340730e-02
-9.762499099051314966e-01 -2.016998924825385009e-01 7.907777437366081408e-02
-9.783163941497912131e-01 -1.895145628082523792e-01 8.355412333952202952e-02
-9.809424950177756397e-01 -1.756379056278427608e-01 8.308535166861531762e-02
-9.822318736605980538e-01 -1.669416155313626637e-01 8.573839088454270063e-02
-9.848037298878402623e-01 -1.499625966153338152e-01 8.759487249614118787e-02
-9.864686189459513921e-01 -1.409771527858309781e-01 8.369668127378068756e-02
-9.871555551603988787e-01 -1.349863508308307425e-01 8.545538783659728521e-02
-9.883236066013938448e-01 -1.246647487164000839e-01 8.760809101980596147e-02
-9.898881958659031532e-01 -1.123805602450927421e-01 8.655632772338689440e-02
-9.903350177919473252e-01 -1.060815210201950937e-01 8.934926992479423624e-02
-9.919143375806910301e-01 -9.043285866737373058e-02 8.903860707437726008e-02
-9.932635044785548262e-01 -7.373715086544946340e-02 8.938943934540673208e-02
-9.939289167294316218e-01 -6.375363533388433979e-02 8.967056989246982579e-02
-9.950506582786962095e-01 -5.216309266853494386e-02 8.457675524026488090e-02
-9.954828531040543771e-01 -3.866570945674345505e-02 8.671147825106134688e-02
-9.957420515462056532e-01 -2.316525228518562587e-02 8.922536848269316256e-02
-9.960982475309400064e-01 -9.262896796673044872e-03 8.776393615964032946e-02
-9.958187133870097796e-01 5.290196923085320468e-03 9.119831349359451556e-02
-9.961570269964232782e-01 2.184735308677469498e-02 8.481685287760322434e-02
-9.946735866860090258e-01 4.198851423354388324e-02 9.413527129083158751e-02
-9.944915021748085282e-01 5.130888071688333857e-02 9.140065267850699948e-02
-9.938010316056756777e-01 6.552098032751790813e-02 8.981391337821310883e-02
-9.932780266667506908e-01 7.614704882602464642e-02 8.718036915408690357e-02
-9.929968295645335008e-01 8.676390347929509306e-02 8.018322234889001254e-02
-9.921920559244793436e-01 9.964476875314377813e-02 7.500581001444561746e-02
-9.911654809034394775e-01 1.112507057220350065e-01 7.221009114619648950e-02
-9.898573228132275803e-01 1.225119650047891834e-01 7.192583825363650651e-02
-9.881807806588837062e-01 1.366433211308860918e-01 6.947931075464308659e-02
-9.870370035595119607e-01 1.433469483904361574e-01 7.217778804418265026e-02
-9.858614059734387425e-01 1.517083448489527087e-01 7.114698450890380443e-02
-9.840016035799384886e-01 1.630586526160334448e-01 7.178263773860439623e-02
-9.811113399374016275e-01 1.775722215176564200e-01 7.673768444824349833e-02
-9.783623222590038804e-01 1.912010924722731542e-01 7.905274349114466137e-02
-9.759468792127420356e-01 2.020352549664320152e-01 8.191136970060872158e-02
-9.731077441197906186e-01 2.165080416770160665e-01 7.864867274689714416e-02
-9.696298195758635829e-01 2.304321367766156980e-01 8.196994152271878942e-02
-9.678866452819071542e-01 2.375494925172737526e-01 8.225392688995476764e-02
-9.643424058884689787e-01 2.518167625182994862e-01 8.143752340581870974e-02
-9.595427954597532949e-01 2.683121727530150546e-01 8.535941888526107912e-02
-9.575872855920208870e-01 2.762480308365510284e-01 8.193683264276066525e-02
-9.561981922652356136e-01 2.804597342572951457e-01 8.382948899737756310e-02
-9.525055791585300691e-01 2.927506050927125569e-01 8.384648798832826377e-02
-9.493302505107037437e-01 3.038700159056749173e-01 8.021918245857712071e-02
-9.457437367129073458e-01 3.148015443095478760e-01 8.042885374464465997e-02
-9.422445193727171375e-01 3.259979232615176081e-01 7.681567394338541244e-02
-9.390140520119241163e-01 3.355245123295151344e-01 7.533883240613746535e-02
-9.352721803309536064e-01 3.462283073188108240e-01 7.342980147721370199e-02
-9.321303681851674794e-01 3.547119900872099940e-01 7.288627163858214797e-02
-9.266448656772012793e-01 3.691694496398024716e-01 7.101575817175979910e-02
-9.223361703235390952e-01 3.807244872750466524e-01 6.591571050606714888e-02
-9.179515392939477936e-01 3.921758705571734560e-01 5.969158300143527496e-02
-9.147914427956317374e-01 3.994931870454810907e-01 5.968112526208944196e-02
-9.116527659334167089e-01 4.055379904240082323e-01 6.654472170555618404e-02
-9.081800115639918625e-01 4.139193723882617082e-01 6.228841655026076674e-02
-9.052703944140961800e-01 4.213369365154825408e-01 5.441255263338223847e-02
-9.028786923297855704e-01 4.266472266082801390e-01 5.274692308986276418e-02
-9.010676731540139262e-01 4.310688519445117217e-01 4.750494845681778322e-02
-8.974482182078837855e-01 4.385820427883802552e-01 4.724948902888637808e-02
-8.933728085293357601e-01 4.471138847617217582e-01 4.443226143356469870e-02
-8.874869143616527234e-01 4.588562026279547346e-01 4.263788117295445185e-02
-8.853217046170523963e-01 4.637176902505260601e-01 3.422586430724158801e-02
-8.853841626611017590e-01 4.638586227836058451e-01 3.049736524292395376e-02
-8.826822377618517290e-01 4.693719576341951472e-01 2.370778657334498760e-02
-8.806759174016562941e-01 4.733912180534828318e-01 1.762696352484956902e-02
-8.809487505598200263e-01 4.731116933981310280e-01 9.728884528996530751e-03
-8.802566782372996945e-01 4.744041115359801108e-01 9.431124627097593402e-03
-8.790507265530841385e-01 4.766579458088147092e-01 8.188379769011225329e-03
-8.799582525231457453e-01 4.749269214551727902e-01 1.085908950333147951e-02
-8.781258399982299068e-01 4.784136007653644329e-01 3.932234406257907253e-03
-8.778299157033881972e-01 4.788985311157722968e-01 8.418002327058363848e-03
-8.772870218842203638e-01 4.799126687900528987e-01 7.165077867709509878e-03
-8.758451800141859866e-01 4.825164711111682991e-01 8.550002649369963306e-03
-8.755318956102992045e-01 4.831206294285527170e-01 6.195480386846389728e-03
-8.754576786116987641e-01 4.832471060216556591e-01 6.790748825827762174e-03
-8.755958257730459549e-01 4.830104059389377924e-01 5.737981574658620673e-03
-8.748100994558695165e-01 4.844576155567928422e-01 2.852261746840000466e-03
-8.723070461834501188e-01 4.889580827576834321e-01 -6.611817220326210269e-04
-8.706792126117346431e-01 4.918510897109196200e-01 4.908903427961466229e-04
-8.673436999488484123e-01 4.976935064060806768e-01 -4.013288383004610937e-03
-8.685641340887521045e-01 4.955088755695511993e-01 -8.205235484238274438e-03
-8.709419472729291734e-01 4.913407535489345834e-01 -6.664460154818918625e-03
-8.715550610577126323e-01 4.900599288129550701e-01 -1.526658206534605225e-02
-8.736187741570780041e-01 4.861805425702699912e-01 -2.046324313262088551e-02
-8.750860003566808265e-01 4.834628201358543986e-01 -2.209571043758064290e-02
-8.780766666366217610e-01 4.778130558093818259e-01 -2.600150320471011911e-02
-8.797471527413233128e-01 4.746495857094983895e-01 -2.743619834003414512e-02
-8.825827236343629645e-01 4.692578494710064607e-01 -2.906602199172599044e-02
-8.873708450168552586e-01 4.602328634809597085e-01 -2.754490331010115214e-02
-8.907270501472492885e-01 4.537621372161411704e-01 -2.655695435858815637e-02
-8.915503254102309372e-01 4.519990225051317423e-01 -2.889511678452734433e-02
-8.932046847985462001e-01 4.486794226068925306e-01 -2.953292469634568110e-02
-8.955073262131437728e-01 4.441612804176864326e-01 -2.806087121669196410e-02
-8.972781132774571011e-01 4.405318185515820772e-01 -2.870071617730072383e-02
-8.970289075936288548e-01 4.408971901260769766e-01 -3.080314130812133316e-02
-8.972008519976980567e-01 4.403613906005286460e-01 -3.335421544407975170e-02
-8.988369039560816232e-01 4.367774267943651534e-01 -3.630050129950237320e-02
-9.030534416398176001e-01 4.276254844951065115e-01 -4.038506738662896861e-02
-9.063219668861448586e-01 4.207033864385473221e-01 -3.986452154510732732e-02
-9.099284488589464148e-01 4.123810246923859113e-01 -4.440873532673235424e-02
-9.128931797985904151e-01 4.049871945179259747e-01 -5.110227077044517119e-02
-9.153037721234654756e-01 3.988989714971565848e-01 -5.566545595669676605e-02
-9.215164819032884980e-01 3.840459960424655317e-01 -5.758536570739601623e-02
-9.248721611320739333e-01 3.756439999314126199e-01 -5.918698133786558929e-02
-9.282124129850355398e-01 3.677988074627012716e-01 -5.608726600895480585e-02
-9.326206928973972410e-01 3.561227857250572892e-01 -5.826862360492243709e-02
-9.348427349559287336e-01 3.501908961769030770e-01 -5.861249850180495768e-02
-9.369656778416373122e-01 3.440920955790774394e-01 -6.079454046364340947e-02
-9.393392304193280973e-01 3.370875679344642606e-01 -6.335463363024851358e-02
-9.411871333725464472e-01 3.309613150621513178e-01 -6.805450631038283127e-02
-9.442442827788206650e-01 3.212020677216182452e-01 -7.233252612481863575e-02
-9.488394729936641125e-01 3.069681635253692087e-01 -7.398803592813139873e-02
-9.518345400210662666e-01 2.976469378912586783e-01 -7.360256208779765441e-02
-9.557155769337248863e-01 2.849722500156706140e-01 -7.347503712309998158e-02
-9.587988831583174054e-01 2.754656929880325289e-01 -6.945056981514849404e-02
-9.607717235346823204e-01 2.677127496790308037e-01 -7.244036885599600128e-02
-9.640341804853348462e-01 2.562922622796098282e-01 -7.037331304876376370e-02
-9.670114784304429945e-01 2.445379608953983097e-01 -7.134433635258709272e-02
-9.692566690255941531e-01 2.356358799925521719e-01 -7.083268773454728939e-02
-9.725447050654651981e-01 2.216806000568387058e-01 -7.081339032407810152e-02
-9.745684523790827392e-01 2.112736184397523143e-01 -7.469817987977478424e-02
-9.775561367357575859e-01 1.960279493996873734e-01 -7.718206365751165143e-02
-9.807572934883610483e-01 1.788554370916672354e-01 -7.826808027488467434e-02
-9.837417572952590339e-01 1.636642692425099299e-01 -7.393368663323218737e-02
-9.858531968106120091e-01 1.530922292799303808e-01 -6.823687645305324956e-02
-9.872253524194664065e-01 1.459529714320335347e-01 -6.390509482142195385e-02
-9.887768513042266560e-01 1.339623233748502840e-01 -6.613971460367462640e-02
-9.902080849002404817e-01 1.237062859066463960e-01 -6.468949620260848465e-02
-9.915163976676831803e-01 1.143931412251656399e-01 -6.172090200719893699e-02
-9.925347201862391167e-01 1.028399978525408320e-01 -6.556516947648032001e-02
-9.940245410482678734e-01 9.135484898242623997e-02 -5.974554603726969088e-02
-9.950533784822342964e-01 8.053154613655269523e-02 -5.816761027715345450e-02
-9.959036347289526026e-01 6.718702370701409854e-02 -6.051347945332819639e-02
-9.965933100933183075e-01 5.307457295202247516e-02 -6.312599437661568780e-02
-9.968234254300438746e-01 4.545444384918120861e-02 -6.539861898073882907e-02
-9.971660447289838469e-01 3.644019097652398398e-02 -6.581807549591878193e-02
-9.970900869020312696e-01 3.168952137300786592e-02 -6.933368793761331139e-02
-9.977009622331713956e-01 1.887940856657897848e-02 -6.508751627986117394e-02
-9.976668425800242490e-01 1.061249489630741553e-02 -6.744088675708462266e-02
-9.978588889349639945e-01 1.754765505170971171e-03 -6.538031410985827019e-02
-9.981554357145505652e-01 -7.242593400551278204e-03 -6.027684266367153154e-02
-9.981319858862408578e-01 -1.394814251964424448e-02 -5.948121401691394000e-02
-9.979569320307346558e-01 -2.451362888608800070e-02 -5.900059749985948204e-02
