1.000000000000000000e+00 0.000000000000000000e+00 0.000000000000000000e+00
9.999821935393333749e-01 5.911220898939795881e-03 -8.186120693205308982e-04
9.999913441382918267e-01 3.194211680072692357e-03 -2.666213486817621981e-03
9.999866528307783664e-01 9.611725263551458218e-04 -5.076446551603570195e-03
9.998900740968401646e-01 1.007665425878374182e-02 -1.087662778556748588e-02
9.997838916101846607e-01 1.523491718074157335e-02 -1.414452908698688588e-02
9.995806687172099636e-01 1.927525026848845441e-02 -2.160907260935871627e-02
9.992660972290093868e-01 2.597556723245375565e-02 -2.815204718332601358e-02
9.987251767886430320e-01 3.270375972811342957e-02 -3.845109735002533169e-02
9.976416462426170861e-01 4.564068882664831101e-02 -5.126476517211354944e-02
9.970105305382351846e-01 5.165934933164992304e-02 -5.745708769588173809e-02
9.962517129849943753e-01 5.942393479010921881e-02 -6.285955893448240406e-02
9.951690656483754838e-01 6.735600482322091909e-02 -7.142621081385300275e-02
9.940653485341641726e-01 8.116521734787988940e-02 -7.243130986868862031e-02
9.929550363397721124e-01 8.890166416250470938e-02 -7.833769532111098388e-02
9.915143025666912635e-01 9.972119284296586395e-02 -8.339710088974372493e-02
9.904304590268477870e-01 1.064782864797905321e-01 -8.780595369762321523e-02
9.876900672947430682e-01 1.269814367037318259e-01 -9.134577805273452755e-02
9.838750846625925472e-01 1.459244813030113608e-01 -1.034208467298790568e-01
9.806379646034166786e-01 1.614001786674995331e-01 -1.109016407553784778e-01
9.775487960494084749e-01 1.762605886800145683e-01 -1.154580689668252558e-01
9.731680263103051898e-01 1.961472151928061458e-01 -1.202924445201927067e-01
9.685455903223063601e-01 2.171124937051886195e-01 -1.215796625108475915e-01
9.632163420292196854e-01 2.397041772587623076e-01 -1.214750823265768193e-01
9.572645921905496014e-01 2.602842907561325747e-01 -1.260817148437150537e-01
9.510709561544177237e-01 2.803635871003987146e-01 -1.298472413036011464e-01
9.470385056775234567e-01 2.929548274392186347e-01 -1.315125417365565208e-01
9.402306297211585617e-01 3.117964769981443895e-01 -1.369281992313976237e-01
9.314341879393766011e-01 3.355049957993254117e-01 -1.409495077403481456e-01
9.225993430516817861e-01 3.574461628154688708e-01 -1.450610410056653032e-01
9.126605738439976800e-01 3.808797111674114277e-01 -1.482610403233551866e-01
9.013342657496064003e-01 4.060185261504717369e-01 -1.508161511256769227e-01
8.878024055512361290e-01 4.335909825194307343e-01 -1.542911624257754244e-01
8.779058689974998941e-01 4.526581724052162192e-01 -1.561469773018624441e-01
8.664060734035110567e-01 4.726899334601517566e-01 -1.609495508016003384e-01
8.545766635394778099e-01 4.930447635041758092e-01 -1.631122399111253618e-01
8.425455205302685435e-01 5.124901058024903255e-01 -1.657436364953510932e-01
8.276984640307510910e-01 5.374343806001717905e-01 -1.614916542328120597e-01
8.157069112558797963e-01 5.553739332767496650e-01 -1.618086659361386292e-01
8.000409535400894168e-01 5.772856998478610446e-01 -1.633269991008312605e-01
7.844984200935110064e-01 5.977304128881149037e-01 -1.651683927192784673e-01
7.680435021612431745e-01 6.184450488130586177e-01 -1.662375293694463574e-01
7.525151036916137848e-01 6.374387432488378691e-01 -1.655079544753605691e-01
7.349017651430099773e-01 6.576946705118165148e-01 -1.653999141449565558e-01
7.154498493805196979e-01 6.789844108997329375e-01 -1.646563035844749445e-01
6.974009726747467663e-01 6.965546309052799145e-01 -1.686521422377779134e-01
6.835626647210925055e-01 7.098890040247345379e-01 -1.697047465858302351e-01
6.656163451212782078e-01 7.274746799605547043e-01 -1.665397441130541667e-01
6.487969760503315975e-01 7.413723696636073113e-01 -1.715503107253428805e-01
6.286702438811920812e-01 7.577974151513516832e-01 -1.746906357178150127e-01
6.067691559041642479e-01 7.749854888984021306e-01 -1.767164381557315145e-01
5.831708920690293896e-01 7.929309659962756607e-01 -1.765565343279551502e-01
5.601046031879874931e-01 8.094357479556171242e-01 -1.763423359048827965e-01
5.324821612841381668e-01 8.277498884702996218e-01 -1.768979537235505217e-01
5.091314701309974655e-01 8.423639024937065178e-01 -1.766584778108211962e-01
4.878751641397448546e-01 8.555207935315320977e-01 -1.733840019198876758e-01
4.634614752879260835e-01 8.677295697316215195e-01 -1.795797061219407686e-01
4.422738803287536991e-01 8.795795344616712530e-01 -1.753102210089238500e-01
4.124564403370244992e-01 8.928685160875944327e-01 -1.807360350437795804e-01
3.877615705038660043e-01 9.041141561609267185e-01 -1.794953300266249330e-01
3.646169745430577480e-01 9.142218627018605659e-01 -1.767847962753156532e-01
3.366831615591289184e-01 9.248707845830336227e-01 -1.768007270509453777e-01
3.107758907132873727e-01 9.337980738361685296e-01 -1.773119273156187059e-01
2.909505754343026940e-01 9.400984802488383529e-01 -1.776587363448699497e-01
2.615035412837244944e-01 9.479620038894859269e-01 -1.816148484305717681e-01
2.294436564450561267e-01 9.566533442286673239e-01 -1.793599829361147702e-01
2.002558588897742908e-01 9.629865585549750584e-01 -1.804286424680994760e-01
1.745155497829029567e-01 9.683266919975881404e-01 -1.785714326403780861e-01
1.432138032949608897e-01 9.730907353487997513e-01 -1.805110617366029735e-01
1.142614404817742235e-01 9.766552505639518600e-01 -1.819034385327445991e-01
8.533359657348940641e-02 9.796223843460214464e-01 -1.818190790731327167e-01
5.975921753363833827e-02 9.811855930781977486e-01 -1.835856312720496597e-01
3.359360501871881677e-02 9.824242080229270702e-01 -1.836141643559299486e-01
1.049259374032671804e-02 9.837419962708533472e-01 -1.792808026327141757e-01
-1.025480679062898415e-02 9.842876396298936292e-01 -1.762744940759309042e-01
-3.724126718443778600e-02 9.835725691549163097e-01 -1.766298532966780743e-01
-6.095034795702617553e-02 9.819055802134462052e-01 -1.792944572090074962e-01
-9.528489823358615718e-02 9.787616935576189947e-01 -1.815112981957878457e-01
-1.225538918155514995e-01 9.747144155330904614e-01 -1.868485171428993785e-01
-1.455278953754818583e-01 9.708687357147363084e-01 -1.903563658663232627e-01
-1.735195318714161383e-01 9.672941551383498204e-01 -1.850216366443100668e-01
-1.987338497508063240e-01 9.619880212917095719e-01 -1.873070211986470057e-01
-2.258775695582012355e-01 9.564737441348292180e-01 -1.847628673770849717e-01
-2.456063250280116628e-01 9.509452756745028212e-01 -1.880974022375808685e-01
-2.713445639692340650e-01 9.433190864527235542e-01 -1.911053262812326126e-01
-2.982453658079731729e-01 9.348456784460695834e-01 -1.926480631880531091e-01
-3.207251543170936969e-01 9.288179507429034087e-01 -1.855602508059260025e-01
-3.453282103288338178e-01 9.198650063043281033e-01 -1.860021888269462742e-01
-3.666941904657348705e-01 9.113789487654817556e-01 -1.868791033714711225e-01
-3.876169192737549118e-01 9.015174194398994922e-01 -1.924044794901244304e-01
-4.096650851751587608e-01 8.921503895464378830e-01 -1.903738900899102915e-01
-4.340345007418073275e-01 8.798935504793423679e-01 -1.933944397287810091e-01
-4.591550967298604902e-01 8.663952175598543803e-01 -1.963057343451970749e-01
-4.864013253224242495e-01 8.519609015079315784e-01 -1.938463047353221891e-01
-5.103090555559736119e-01 8.376671613971220509e-01 -1.946751432284642425e-01
-5.316858271382640666e-01 8.243676870701075465e-01 -1.942372635780660606e-01
-5.546115523571828465e-01 8.089398844108167674e-01 -1.949930927724536633e-01
-5.782565278869553627e-01 7.922598228353892047e-01 -1.947916268664660611e-01
-6.019887803078491917e-01 7.740706153476106799e-01 -1.960209368810963138e-01
-6.225092464481439825e-01 7.574467101847980333e-01 -1.968673060593018609e-01
-6.412146210315968764e-01 7.432530829961073726e-01 -1.908367920433688136e-01
-6.598321974071215124e-01 7.265557067891381671e-01 -1.916723584774181754e-01
-6.795207026372410697e-01 7.062474962783394927e-01 -1.986607800858024853e-01
-6.998207292146000347e-01 6.860602688720680575e-01 -1.989278042522917567e-01
-7.184204624190762001e-01 6.649275972337567175e-01 -2.043118849636314516e-01
-7.401047165931587957e-01 6.402389494872235964e-01 -2.057647027505907500e-01
-7.591441784334808096e-01 6.167204350474442265e-01 -2.082211286707214559e-01
-7.780486855827370984e-01 5.897635705856673072e-01 -2.163774248533888722e-01
-7.964288467955504824e-01 5.616540646900336498e-01 -2.241557949513489356e-01
-8.162228829659737839e-01 5.325552109683774349e-01 -2.239758232301610197e-01
-8.320881699806693677e-01 5.063661047261905912e-01 -2.263242411961130796e-01
-8.503435309720139834e-01 4.753381380091923347e-01 -2.257643698955461575e-01
-8.650503788007688488e-01 4.480862994363135066e-01 -2.256247486735703245e-01
-8.788613945829826246e-01 4.211335942214895489e-01 -2.241632475957645587e-01
-8.934990018167295878e-01 3.880505586261567830e-01 -2.260006961804092718e-01
-9.064988967301772504e-01 3.561603129957722214e-01 -2.267368492945572855e-01
-9.167218092676323593e-01 3.250590643178631334e-01 -2.322880688786560510e-01
-9.272923135665385175e-01 2.957846256089546877e-01 -2.294350408058938307e-01
-9.377834900878253555e-01 2.607253248503657028e-01 -2.293129916886089692e-01
-9.461990681864318464e-01 2.267881333471601646e-01 -2.308126592776979236e-01
-9.529967452484368051e-01 1.948651598947442054e-01 -2.320017046599823773e-01
-9.600558719100537042e-01 1.601159569260083015e-01 -2.294681255080900650e-01
-9.670549257134923860e-01 1.269990903723905440e-01 -2.206264212121518409e-01
-9.722978312034680215e-01 9.674040451090915038e-02 -2.127868343003856411e-01
-9.768070121940147787e-01 6.568012163345192389e-02 -2.037994025511691565e-01
-9.799892772080885939e-01 3.877948996176532742e-02 -1.952362117822933341e-01
-9.810286037316430230e-01 1.011879960224273955e-02 -1.935988093720613923e-01
-9.829224930234417013e-01 -9.546788851991422353e-03 -1.837722560261229321e-01
-9.839349034310093112e-01 -4.060196431675942852e-02 -1.738493448367485483e-01
-9.844196433903883436e-01 -5.831756380904908055e-02 -1.658825938914884612e-01
-9.844278927785736766e-01 -7.849373046820115607e-02 -1.572910209383789337e-01
-9.827515852419395070e-01 -1.044737909046083435e-01 -1.525927755352098625e-01
-9.819537858880292847e-01 -1.218850731585933711e-01 -1.446056640883366107e-01
-9.812934157050114958e-01 -1.390079098025594206e-01 -1.331917382133873673e-01
-9.799852907780096656e-01 -1.567195675847396774e-01 -1.227510141005371397e-01
-9.786495389407144918e-01 -1.726266673533508600e-01 -1.115576880979205349e-01
-9.776537989926797900e-01 -1.825736917191906894e-01 -1.042108450210568610e-01
-9.752211070973293427e-01 -1.985243898065978674e-01 -9.763125800262897891e-02
-9.733124727315799474e-01 -2.100921405382590590e-01 -9.232619772544509162e-02
-9.724390523559975907e-01 -2.189232479389712216e-01 -8.021785466781937435e-02
-9.698388368062097475e-01 -2.312742264631690026e-01 -7.697315148798072881e-02
-9.677084050283130123e-01 -2.412376353021991326e-01 -7.310847468985577635e-02
-9.665142936079529346e-01 -2.479035982816241990e-01 -6.628671516918971385e-02
-9.665578961777580025e-01 -2.513722288595128251e-01 -5.077241639886397040e-02
-9.635114446733343829e-01 -2.640475651170454685e-01 -4.387005281067474921e-02
-9.638145925478015519e-01 -2.643852997081614919e-01 -3.408587222648654796e-02
-9.632341573296104853e-01 -2.669207441706142880e-01 -3.054957643114453864e-02
-9.641692628377367402e-01 -2.643599497864538850e-01 -2.216871101083350837e-02
-9.645976431944952578e-01 -2.633857350436986100e-01 -1.339192093230614881e-02
-9.663303428254412797e-01 -2.572453945613880633e-01 -5.520683130112362044e-03
-9.682993784857579778e-01 -2.497902689774929019e-01 1.066614108944329703e-03
-9.684526326719702372e-01 -2.489195062141444925e-01 1.177201357630911806e-02
-9.682888748392893818e-01 -2.489396620296684404e-01 2.111165936748964078e-02
-9.686573021388400484e-01 -2.471342160049133929e-01 2.505419990581416942e-02
-9.694219707659521568e-01 -2.428459020867519691e-01 3.531166075394906456e-02
-9.717804612786977714e-01 -2.317387443611359787e-01 4.404421232345591408e-02
-9.739464957078739493e-01 -2.195650714409678461e-01 5.673981842755298349e-02
-9.754947248422521922e-01 -2.118135037592520920e-01 5.954062227049055495e-02
-9.776354140710626917e-01 -2.010023605249335599e-01 6.186317514025519576e-02
-9.791225041871526313e-01 -1.910632081544345329e-01 6.938282660647397682e-02
-9.814576041121940708e-01 -1.749770479732566109e-01 7.825605119118173025e-02
-9.826785067831997900e-01 -1.648316445113492956e-01 8.469644086497540858e-02
-9.841438555825714474e-01 -1.519605665260532756e-01 9.148149379248589341e-02
-9.859795773917162665e-01 -1.376280847509648297e-01 9.435459393343387235e-02
-9.875008302865191379e-01 -1.234409976907335227e-01 9.800222792189908216e-02
-9.886603807925613552e-01 -1.117876778988026454e-01 1.002704995464920867e-01
-9.908483354983858016e-01 -9.522382112405322618e-02 9.566611635863153662e-02
-9.922970392801289119e-01 -8.348242346882747689e-02 9.152746311376572241e-02
-9.925863859266058631e-01 -7.750301591129635237e-02 9.362454157295484192e-02
-9.934121626700473939e-01 -6.783016129413667328e-02 9.236530735984065099e-02
-9.943054919736805664e-01 -5.584438292651878327e-02 9.076342385527208512e-02
-9.949402640476130433e-01 -4.632762884682442572e-02 8.914946609920673670e-02
-9.957819342629627979e-01 -3.624282740542343617e-02 8.428998854609455471e-02
-9.958177884902985610e-01 -2.048673294913622503e-02 8.903500320190543826e-02
-9.960446551564976492e-01 -5.854777807449107821e-03 8.866099695049740881e-02
-9.965587863386748957e-01 9.939986325267448006e-03 8.229087176728870634e-02
-9.963579163943666606e-01 2.007180356643568225e-02 8.287358276541967328e-02
-9.959667018848579190e-01 3.009996259521978759e-02 8.452411854893027154e-02
-9.954029762483389554e-01 4.405697785011936096e-02 8.504059770821552344e-02
-9.946041883545264639e-01 5.784011090155745383e-02 8.612221443120356146e-02
-9.936985383380882997e-01 7.092950906220292506e-02 8.678839472082583439e-02
-9.930576288561903109e-01 8.203749241867819286e-02 8.429947401399792706e-02
-9.921492217236861366e-01 8.932185980355483723e-02 8.753018406856963307e-02
-9.907387910444187540e-01 1.004216262255770431e-01 9.139010368823700936e-02
-9.901060705926565397e-01 1.142318125456301542e-01 8.149274266207319484e-02
-9.878290861553106206e-01 1.336662397037687022e-01 7.954267848505652827e-02
-9.855742761683780051e-01 1.523850027606377666e-01 7.363532627371015271e-02
-9.833775148073207184e-01 1.643249942043020495e-01 7.723965391745821196e-02
-9.799792955400493666e-01 1.839933478904817732e-01 7.607254836138355181e-02
-9.779771085730437630e-01 1.933708510457272933e-01 7.853975799052155538e-02
-9.749432710258298940e-01 2.088519272923372583e-01 7.659304870043898150e-02
-9.711932338654779562e-01 2.248858823062958590e-01 7.880385136479058084e-02
-9.682666112204123543e-01 2.380320054621574977e-01 7.616126581335616597e-02
-9.652853012290009138e-01 2.489375506510534131e-01 7.908468695211773314e-02
-9.631807894798668501e-01 2.575891513914118636e-01 7.701039066855047688e-02
-9.620089143549821475e-01 2.617228273765467295e-01 7.771753192964941936e-02
-9.564790943331633599e-01 2.814080959503925672e-01 7.718309400432649126e-02
-9.549345218464972973e-01 2.875087965904861709e-01 7.374791648847572878e-02
-9.510045791387488068e-01 2.996632812986615435e-01 7.610658825440741460e-02
-9.491680602071554951e-01 3.067032467769884585e-01 7.080336313706601936e-02
-9.466420306110784333e-01 3.152654293900539750e-01 6.690724188624953828e-02
-9.424370271737585458e-01 3.276161785592588971e-01 6.693350032804015748e-02
-9.378102076754534222e-01 3.411426758002461535e-01 6.429380233694352575e-02
-9.336478149956867201e-01 3.531411348058938193e-01 5.994247539039783412e-02
-9.287314062866812714e-01 3.657448489710229400e-01 6.073453984315416165e-02
-9.265261676207731112e-01 3.720229857559332332e-01 5.610848885075784415e-02
-9.238846752270762908e-01 3.792486718505751475e-01 5.106422851877662900e-02
-9.205464847596906974e-01 3.875694135761861836e-01 4.882747841369267788e-02
-9.184022586608523442e-01 3.932753573169505135e-01 4.326416658418860001e-02
-9.167850164683885028e-01 3.972042505641149579e-01 4.164157065343521841e-02
-9.166499859151542307e-01 3.978536281365011029e-01 3.827920335984478367e-02
-9.152034055579663097e-01 4.016935366496338644e-01 3.232696055541030289e-02
-9.146991396904461391e-01 4.030298266419872766e-01 2.987383436553630450e-02
-9.104721219382059250e-01 4.119887934475883751e-01 3.613520537041845643e-02
-9.093716093264621048e-01 4.145874252034431051e-01 3.406679866550575003e-02
-9.076263372015969111e-01 4.185948764934234734e-01 3.150817582373545422e-02
-9.046514825929055093e-01 4.251817797613918759e-01 2.874287687516584658e-02
-9.028252191538143068e-01 4.292963986113500496e-01 2.472305687128591514e-02
-9.050253266031919042e-01 4.250839663717418948e-01 1.525725876902539989e-02
-9.040454886392759182e-01 4.271496455832320405e-01 1.565052573941152700e-02
-9.023486294409237551e-01 4.308182088515790653e-01 1.275249050460745479e-02
-8.993807453115169048e-01 4.371180065488856625e-01 6.490559049314795215e-03
-8.987196770795446987e-01 4.385077103980529745e-01 3.732827701422640650e-03
-8.984375853989389205e-01 4.390610914218161520e-01 -5.938623367650215472e-03
-8.988531292674355466e-01 4.382053319562644877e-01 -6.256449242885557885e-03
-8.970793560022142232e-01 4.416545155882992679e-01 -1.378121632096824048e-02
-8.976086268471672458e-01 4.404230987503212069e-01 -1.806242431253254899e-02
-8.986278982301715290e-01 4.381947365000782302e-01 -2.129031571834466216e-02
-8.995040532525935273e-01 4.363785375525798260e-01 -2.159245846049919967e-02
-9.007657490356586472e-01 4.337952775338574374e-01 -2.104107084897114538e-02
-9.034560662157365973e-01 4.281361685524840421e-01 -2.160004019132322900e-02
-9.042555698079014492e-01 4.262743788785898214e-01 -2.473908978399443417e-02
-9.060115124585058632e-01 4.223107920430164697e-01 -2.822655617597658040e-02
-9.084542333208037723e-01 4.173063376755151155e-01 -2.379770473961534752e-02
-9.112915770618192912e-01 4.111297756785419200e-01 -2.280292421264566369e-02
-9.130989905797620709e-01 4.068578710732682069e-01 -2.677518345297880478e-02
-9.150931611264930821e-01 4.021403877255864678e-01 -2.979294282860747017e-02
-9.159098705267011420e-01 3.998568545811700958e-01 -3.498012965663602203e-02
-9.180513637409543071e-01 3.949253501102505948e-01 -3.486640108053083720e-02
-9.196385503242197057e-01 3.913942083115819481e-01 -3.279504460855047626e-02
-9.205321887501727307e-01 3.891720743500948210e-01 -3.414074578159281836e-02
-9.225563568709471696e-01 3.835599952263719636e-01 -4.208922899408124724e-02
-9.232721866113208220e-01 3.813038091326148571e-01 -4.664632216730695002e-02
-9.267544312476490020e-01 3.719052509083261016e-01 -5.303502310627795230e-02
-9.298137281011987776e-01 3.632995631000014436e-01 -5.882060883126412343e-02
-9.313488365733314511e-01 3.588509582603037762e-01 -6.176843846144723649e-02
-9.333449262503061838e-01 3.539229577047167674e-01 -6.004826558229185707e-02
-9.360681804973626230e-01 3.463190770275534902e-01 -6.196340837533968748e-02
-9.390302112325917827e-01 3.378577603124092721e-01 -6.383104208074170949e-02
-9.424023186091670112e-01 3.284661122773463449e-01 -6.314973226745412838e-02
-9.444752893396513027e-01 3.222263801548979067e-01 -6.431635502693497375e-02
-9.467982395880065738e-01 3.151096740085777004e-01 -6.541400971932141706e-02
-9.503462236525687112e-01 3.041478135828984963e-01 -6.584959001124633671e-02
-9.521134594105581384e-01 2.980909214384696582e-01 -6.798359246539981138e-02
-9.563240922487844520e-01 2.842298179680805559e-01 -6.824695635921432246e-02
-9.597918227351959208e-01 2.719482474929457716e-01 -6.959751227246610550e-02
-9.607753160174965501e-01 2.675686148351116844e-01 -7.292348485585425921e-02
-9.630375655115995803e-01 2.575286215910776999e-01 -7.897887685533669377e-02
-9.669327332272860120e-01 2.420749397377933432e-01 -8.025471727663588406e-02
-9.707544142619886074e-01 2.262253337097353545e-01 -8.036150986647488947e-02
-9.730746684324951268e-01 2.152889104513855678e-01 -8.231877955246609535e-02
-9.756851279046865333e-01 2.038363477255309975e-01 -8.055607481290656680e-02
-9.782558669310565946e-01 1.920859778729041012e-01 -7.822047333919218692e-02
-9.797766021063843978e-01 1.824252926540577691e-01 -8.221210032888946750e-02
-9.812120187087849388e-01 1.719059336293071172e-01 -8.758613810906178132e-02
-9.835276732046673853e-01 1.602977887503187204e-01 -8.353407618715887051e-02
-9.855099808549793172e-01 1.462052872242679824e-01 -8.598894569279987021e-02
-9.867765146901616991e-01 1.352333259474488569e-01 -8.935359476435077164e-02
-9.881605980891118302e-01 1.265284632920022911e-01 -8.677089017973901863e-02
-9.898505674492729112e-01 1.063146233274350066e-01 -9.430303991681535103e-02
-9.913225219336411209e-01 8.880176382434577798e-02 -9.692220041741331227e-02
-9.926639644658408201e-01 7.600700730746705325e-02 -9.402763901353258791e-02
-9.943934994067926691e-01 5.905516154830162123e-02 -8.771581770855396698e-02
-9.951819713343654783e-01 4.610591412087583496e-02 -8.652801269120947991e-02
-9.961545757314269611e-01 3.033338942908329547e-02 -8.219461340947131767e-02
-9.963841282192589244e-01 1.894333681988131374e-02 -8.282407140117650779e-02
-9.964222283955290749e-01 5.141612202582615879e-03 -8.435825087309767323e-02
-9.962920279897206077e-01 -6.396814054699603153e-03 -8.579792435013225416e-02
-9.960459560639007837e-01 -1.721284942108518290e-02 -8.715606347912861762e-02
-9.955573777484446607e-01 -3.478307548826269080e-02 -8.749659147540153614e-02
-9.945395089456261495e-01 -4.766755971743491527e-02 -9.283844760567494525e-02
-9.942494362950936582e-01 -5.909464011080836632e-02 -8.930783886408380501e-02
-9.935510424723005274e-01 -7.116650401581929575e-02 -8.827039586356072443e-02
-9.923584980045558890e-01 -8.824539607016249065e-02 -8.624018445161239776e-02
-9.910847440600026870e-01 -9.664271872998951574e-02 -9.171272039703756707e-02
-9.903968615965824673e-01 -1.041098199186092227e-01 -9.096818095573051821e-02
-9.885438313267603805e-01 -1.159503477541102001e-01 -9.662618125393455937e-02
-9.865387126924193284e-01 -1.327223259208037687e-01 -9.553094263615860560e-02
-9.845993285684865315e-01 -1.454693779376712015e-01 -9.696819446174360924e-02
-9.829546665205979306e-01 -1.551325114535617999e-01 -9.866121804639842174e-02
-9.807548048689691544e-01 -1.697867346283128132e-01 -9.639754059018501575e-02
-9.792487371932495632e-01 -1.822648485388559947e-01 -8.860837154923908998e-02
-9.768931097165781674e-01 -1.963970486716831720e-01 -8.430930534856094505e-02
-9.742158953432153989e-01 -2.090556897757590293e-01 -8.484760083365473771e-02
-9.718150351816359223e-01 -2.211979802264304740e-01 -8.152912619927919768e-02
-9.688478272047674755e-01 -2.350908377870771782e-01 -7.788576721732196062e-02
-9.665940548857893111e-01 -2.455591303109715684e-01 -7.346191876227887996e-02
-9.645799062365362220e-01 -2.535289691789963662e-01 -7.286064213111076437e-02
-9.633507899396775986e-01 -2.593024071275685238e-01 -6.868423367170553573e-02
-9.602712250817443396e-01 -2.707919666539729264e-01 -6.746029776665739275e-02
-9.570444973051035475e-01 -2.816827651401384580e-01 -6.870703564537562757e-02
-9.553064532847869161e-01 -2.889202547582151448e-01 -6.256735173987740262e-02
-9.536653716131049396e-01 -2.949835992191782719e-01 -5.922028324896191215e-02
-9.501963942659660267e-01 -3.063269831141271493e-01 -5.736373641794888928e-02
-9.489925982891552758e-01 -3.102793677340248135e-01 -5.603364032784168697e-02
-9.471435970089149281e-01 -3.160931033373790555e-01 -5.481024659006872302e-02
-9.431211551960166917e-01 -3.275298865240554580e-01 -5.697952762469132154e-02
-9.398136041107857386e-01 -3.372934973259219538e-01 -5.462135720225420876e-02
-9.367301788025478304e-01 -3.466121703478191041e-01 -4.895489306515328487e-02
-9.337068590599100215e-01 -3.547535743818565068e-01 -4.838810662551464026e-02
-9.309630751539038629e-01 -3.622156118129673530e-01 -4.590870473303027000e-02
-9.285305213579774231e-01 -3.685460928743117259e-01 -4.477559865951688534e-02
-9.272702024981021030e-01 -3.723233415196154916e-01 -3.931038919088120781e-02
-9.254366801612669002e-01 -3.768271062156854923e-01 -3.960162647030426863e-02
-9.229767994420288169e-01 -3.832741866845300049e-01 -3.485299450658597975e-02
-9.206427105497301255e-01 -3.892669041885061243e-01 -2.980406493578938165e-02
-9.182345309826451807e-01 -3.949388660080853652e-01 -2.947276182163850039e-02
-9.162018777969704875e-01 -3.993826463833109464e-01 -3.267455221200865623e-02
-9.175914401940277187e-01 -3.958250981056307682e-01 -3.672119350493301820e-02
-9.145812397035156804e-01 -4.031231016708259896e-01 -3.213916921611673777e-02
-9.116558395384615210e-01 -4.098477796817549534e-01 -3.014022304310522149e-02
-9.109675191312015530e-01 -4.112947369968059097e-01 -3.122216728733062316e-02
-9.086626983647257960e-01 -4.163213283632019035e-01 -3.175936834194254682e-02
-9.103723145051727528e-01 -4.127636022248452607e-01 -2.912838822040693040e-02
-9.104980633696109216e-01 -4.126858045419026788e-01 -2.614782361585838225e-02
-9.092382185170672093e-01 -4.155708539681582381e-01 -2.422256499432798305e-02
-9.053445931105926769e-01 -4.239290332470886380e-01 -2.520610844742937617e-02
-9.023566889079442932e-01 -4.303149796818056538e-01 -2.411285284451353261e-02
-8.989354603735950633e-01 -4.375558574148670221e-01 -2.144563115435323478e-02
-8.966400444849007556e-01 -4.425144915045874372e-01 -1.474994337905634334e-02
-8.947549460977268776e-01 -4.463721017708736638e-01 -1.286617761624826370e-02
-8.926586877694568933e-01 -4.505457412593629751e-01 -1.300028916172183031e-02
-8.921521746031375599e-01 -4.515698869248673253e-01 -1.221228502055076402e-02
-8.914842854706406250e-01 -4.529737368296880007e-01 -8.400464631803298762e-03
-8.898540954490468113e-01 -4.561769855202457702e-01 -7.889993585747854393e-03
-8.897267964961819153e-01 -4.564359986232802147e-01 -7.239617430632450980e-03
-8.891019928120914573e-01 -4.576806875823830612e-01 -5.102928584501991577e-03
-8.889639116455657630e-01 -4.579728332501069032e-01 -2.013227321446999906e-03
-8.904041785629536188e-01 -4.550750402730161515e-01 -9.333357908182911278e-03
-8.877430129021192107e-01 -4.603000746911704577e-01 -6.015749739370726892e-03
-8.859787071230476041e-01 -4.636782967804635724e-01 -6.646246337132085888e-03
-8.866911264846445428e-01 -4.623587023655781891e-01 -1.811513421020495215e-03
-8.861284895234506909e-01 -4.634230033992350895e-01 3.927470325339928355e-03
-8.880447474415934517e-01 -4.597123064224898359e-01 6.413029180278116866e-03
-8.882401930068011264e-01 -4.592415095163422389e-01 1.125169203866705978e-02
-8.868212594528152026e-01 -4.618282215822734904e-01 1.620964711274164999e-02
-8.883193897505434755e-01 -4.587635533769539031e-01 2.060750020960538942e-02
-8.916733019380019831e-01 -4.520335632243360768e-01 2.417406762562639144e-02
-8.939739780434443617e-01 -4.468742050104411723e-01 3.337629291015114380e-02
-8.959835264493255513e-01 -4.423416481688974833e-01 3.933690766195811067e-02
-8.982905151152652534e-01 -4.377958373277632265e-01 3.753612841069794981e-02
-9.001585554924961263e-01 -4.335006081524511723e-01 4.232970047932253094e-02
-9.042307762783131642e-01 -4.249819617631606650e-01 4.191707572242257818e-02
-9.031545949255310735e-01 -4.268950243976065151e-01 4.552385748151070027e-02
-9.067233566053879423e-01 -4.187370503870569971e-01 5.012028640792944023e-02
-9.077126548894731695e-01 -4.159950680329871364e-01 5.482559178063423078e-02
-9.084754224095445974e-01 -4.139688258464722659e-01 5.746498161789451858e-02
-9.127799070084871014e-01 -4.045528414764840153e-01 5.630138374794277367e-02
-9.178470539624719038e-01 -3.922795571456332286e-01 6.060974034886688205e-02
-9.206496858031861796e-01 -3.852281524902042564e-01 6.327268458694740305e-02
-9.238563108542724445e-01 -3.766027509160694287e-01 6.826339484226219556e-02
-9.265842608512951939e-01 -3.700137141470093427e-01 6.731615743367377891e-02
-9.313042765749732776e-01 -3.577249674072082164e-01 6.859444873070480453e-02
-9.340685447214535087e-01 -3.498374206122278895e-01 7.162219856391850714e-02
-9.379795252526236249e-01 -3.387435558361800436e-01 7.380528493233448617e-02
-9.416164105874763601e-01 -3.280495633085124263e-01 7.577615623806048528e-02
-9.462106146389408501e-01 -3.139249186344033049e-01 7.833661202500255549e-02
-9.502562359346649057e-01 -3.004424420338297486e-01 8.214275358335626498e-02
-9.538221379999304306e-01 -2.866471183716303162e-01 8.975949058220031307e-02
-9.587795137653013500e-01 -2.698647558248348233e-01 8.896552669296542426e-02
-9.627286077062884306e-01 -2.552818175860873673e-01 8.935787016884745582e-02
-9.652029618666558841e-01 -2.432786101074988216e-01 9.591020710545093697e-02
-9.672572181344762932e-01 -2.337501442033985410e-01 9.886532138620814092e-02
-9.700886309210371428e-01 -2.214550663030089572e-01 9.942690571738489747e-02
-9.747600570600681857e-01 -2.005373613576797720e-01 9.812036161671859602e-02
-9.775887767447556387e-01 -1.844011765134303815e-01 1.015696681669586710e-01
-9.812482614461662811e-01 -1.668285185732379661e-01 9.654067754668214929e-02
-9.842894077704943401e-01 -1.492063813340561984e-01 9.440246283400516303e-02
-9.866820347773911370e-01 -1.344564170874044950e-01 9.154256587933250200e-02
-9.883549099058206444e-01 -1.220339249388011221e-01 9.089719679333854718e-02
-9.894377350430736406e-01 -1.115798631385130357e-01 9.253599244601094786e-02
-9.907780004822256403e-01 -9.559455230411592619e-02 9.602417838496006552e-02
-9.916431711577290420e-01 -8.298884400570247233e-02 9.877591115276396216e-02
-9.924850680751214904e-01 -6.360010224851579685e-02 1.045391072289718615e-01
-9.936354522090309338e-01 -4.180452771132024681e-02 1.045991294226665952e-01
-9.944100266725003356e-01 -2.720873960774255335e-02 1.020215249667971863e-01
-9.944076598638803555e-01 -1.094270515595266099e-02 1.050412856026294445e-01
-9.948298173138123701e-01 8.683910759020075504e-03 1.011841499667702621e-01
-9.940261454277240505e-01 2.873304435943871069e-02 1.052921766101870826e-01
-9.928691080333962304e-01 4.735320859299371743e-02 1.094011726748075619e-01
-9.921732844019293118e-01 5.834733887679868780e-02 1.103982357986460078e-01
-9.904857479286688360e-01 7.454533200697906203e-02 1.156762126246822231e-01
-9.890193215274480920e-01 9.123157591835634461e-02 1.162651744902186701e-01
-9.878288927382790074e-01 1.094407243438443172e-01 1.105297061084503513e-01
-9.859541767114983202e-01 1.266505486288859728e-01 1.088761190111248028e-01
-9.843054974006879565e-01 1.407043805760303523e-01 1.065127886643090493e-01
-9.819475425672352653e-01 1.547474456404666632e-01 1.087761968002372570e-01
-9.789917005154625818e-01 1.706691628399826244e-01 1.115674541693144339e-01
-9.767460835754948612e-01 1.851897770124014686e-01 1.080363079782912933e-01
-9.738021450540922386e-01 1.989589723958912759e-01 1.101123009635405769e-01
-9.694466424099150714e-01 2.187716362651893343e-01 1.109602993259499043e-01
-9.666106945699631803e-01 2.334471442691362641e-01 1.056702633960341225e-01
-9.639890852755262918e-01 2.452606788074503941e-01 1.028214545287924886e-01
-9.608595047009778067e-01 2.571561372908601206e-01 1.030521320478012259e-01
-9.569343683250334243e-01 2.709902072820201679e-01 1.041197912996100344e-01
-9.513292203005319081e-01 2.906385027419340350e-01 1.024791871083867018e-01
-9.482895188619293592e-01 3.008990690952821345e-01 1.010284465987343200e-01
-9.426838144057837487e-01 3.179882497770758487e-01 1.011469596990209607e-01
-9.357561426792474490e-01 3.368232440450356080e-01 1.044535906433039230e-01
-9.298230429160325716e-01 3.534902053313486170e-01 1.023415477133445828e-01
-9.254475013525134131e-01 3.667946742043765584e-01 9.491363338218393453e-02
-9.201285462696785489e-01 3.803381017604716696e-01 9.330806639369022826e-02
-9.142444402980669516e-01 3.950901845707924798e-01 8.978227920324277633e-02
-9.089494724920745838e-01 4.084711163175516746e-01 8.343986880553373731e-02
-9.043900767906691840e-01 4.179477590911591656e-01 8.601318481553420214e-02
-9.011952568136333275e-01 4.251348782619582822e-01 8.430570885057478425e-02
-8.958257882743988487e-01 4.374405949470930310e-01 7.837021718647319002e-02
-8.898639745469565376e-01 4.508716273747931380e-01 6.969139430908355415e-02
-8.826724950915841861e-01 4.642718547136992502e-01 7.308159382285341066e-02
-8.775234479878397664e-01 4.739717999480007604e-01 7.282402832439147100e-02
-8.738950581668958328e-01 4.812106469800407904e-01 6.887487536167928581e-02
-8.677197691215934316e-01 4.925266518235774660e-01 6.693210993794021513e-02
-8.602558230408866580e-01 5.052735993123330660e-01 6.825332729489594352e-02
-8.505937960049350099e-01 5.216114168048646693e-01 6.642086800948834857e-02
-8.475658124447786879e-01 5.274337310054849626e-01 5.870145402749288310e-02
-8.446722443677464609e-01 5.325246288508985737e-01 5.428007901756634612e-02
-8.412538644836961010e-01 5.381679167750639259e-01 5.164529498547594522e-02
-8.368556843244658872e-01 5.450898918445350461e-01 5.049337650872626898e-02
-8.323764659229925256e-01 5.519401919337848517e-01 5.011438069301938497e-02
-8.263217697312016385e-01 5.614419282940844580e-01 4.444436284371856144e-02
-8.240499619513359519e-01 5.651720730448641650e-01 3.901532270092666205e-02
-8.185702433581377724e-01 5.734518497156533279e-01 3.310196050282027125e-02
-8.168559211948152043e-01 5.760779221789815718e-01 2.967555665990735669e-02
-8.127684812657711699e-01 5.820684010619204818e-01 2.457192479659259937e-02
-8.097769967033490168e-01 5.864703678486531402e-01 1.771243336222658171e-02
-8.087405369610521921e-01 5.879048501184165332e-01 1.751108594133436377e-02
-8.062185110974396940e-01 5.914170467377541929e-01 1.541415685881637743e-02
-8.030519144061301073e-01 5.958226169698224162e-01 1.015080598665120057e-02
-8.030917819316349959e-01 5.958351813914236628e-01 4.902390312737497750e-03
-8.035406902786489391e-01 5.952496711025936360e-01 -4.417961215705396016e-04
-8.025350465660781030e-01 5.965929015971187521e-01 -3.796821513319986480e-03
-8.000874304818661464e-01 5.998812802123935084e-01 -1.600094486012114490e-03
-8.007396214786368649e-01 5.990061070569496771e-01 -2.783770552310262276e-03
-7.999322229014727004e-01 6.000734595546737271e-01 -4.504326811806378533e-03
-8.033863414935764613e-01 5.954172225292565512e-01 -6.980290280150907786e-03
-8.039116324524456791e-01 5.946887595225941459e-01 -8.448285964862675690e-03
-8.065494255497018816e-01 5.910576440921347929e-01 -1.135308584691761130e-02
-8.061907857874104355e-01 5.915372667062583911e-01 -1.183579579197277347e-02
-8.095326427888366316e-01 5.868372805279387094e-01 -1.670070480847690372e-02
-8.144056430312907047e-01 5.799733953716574852e-01 -1.934725813818289133e-02
-8.171504467630837931e-01 5.761348769613490184e-01 -1.826904559349990312e-02
-8.202520902324345053e-01 5.715419326428876623e-01 -2.294199049419587411e-02
-8.220210917246608684e-01 5.691598385165856921e-01 -1.839593006468131023e-02
-8.233353330273605053e-01 5.672424479403200825e-01 -1.883990200334449000e-02
-8.238656149258051231e-01 5.661173702151771625e-01 -2.750598233543641996e-02
-8.235689634627687550e-01 5.662639937502250698e-01 -3.285208082776183008e-02
-8.256747402050345075e-01 5.631054092455739513e-01 -3.425680783661708140e-02
-8.286022755830713127e-01 5.587193192246155959e-01 -3.536945937501244364e-02
-8.302300934678681354e-01 5.559598181151206298e-01 -4.033212202419785009e-02
-8.356723189350081515e-01 5.476718393152033570e-01 -4.131996256587473076e-02
-8.372251774370986777e-01 5.449445251234701360e-01 -4.571076847517172026e-02
-8.412810075130967569e-01 5.385889240029917424e-01 -4.656441711529198807e-02
-8.480038446129363194e-01 5.277199142689044109e-01 -4.900182981549020683e-02
-8.519226076112469404e-01 5.210022007522625564e-01 -5.276916831463878549e-02
-8.563326394941749298e-01 5.132037200161685409e-01 -5.758784647504421039e-02
-8.634849155981241253e-01 5.008025229334279738e-01 -5.992196171582088449e-02
-8.720449624602342187e-01 4.861184530981566554e-01 -5.680176948987776531e-02
-8.746458637030033456e-01 4.814715137353634544e-01 -5.638973821296574401e-02
-8.797461767109512332e-01 4.719451681648962893e-01 -5.757109347657671239e-02
-8.813354048587670464e-01 4.686069641387421991e-01 -6.046011376527536674e-02
-8.868115529192291957e-01 4.576480693191523064e-01 -6.421465824664787658e-02
-8.926987519906647295e-01 4.466486827794700631e-01 -5.994914797327563494e-02
-8.971848602749640245e-01 4.372976223018459896e-01 -6.188799612868634004e-02
-8.977737100564414652e-01 4.351315051942720169e-01 -6.828577318931917939e-02
-9.003583675368417305e-01 4.287661625490453154e-01 -7.425898059258796702e-02
-9.046394056967977937e-01 4.197876956961878459e-01 -7.352444832038020073e-02
-9.087858066372169752e-01 4.113503660836185793e-01 -6.999458627905549846e-02
-9.138388625306914648e-01 3.993831113272862665e-01 -7.342800760568102270e-02
-9.179015717382530415e-01 3.902591135164575342e-01 -7.179510759521436081e-02
-9.208141722731920664e-01 3.826444759818098396e-01 -7.539544961240116083e-02
-9.259690241871479932e-01 3.707250263804343637e-01 -7.172398124885781545e-02
-9.318712807028771694e-01 3.550411389124163430e-01 -7.457690457293286723e-02
-9.352068446907019217e-01 3.458278481713868424e-01 -7.610036821442518751e-02
-9.396138002488457763e-01 3.338275686569635026e-01 -7.539940125718619379e-02
-9.433935337679054678e-01 3.214144847085356194e-01 -8.186195002904329832e-02
-9.470010191630637841e-01 3.091999378027526224e-01 -8.708890973093295906e-02
-9.500847924510388287e-01 2.986775875844382422e-01 -9.016981760482006836e-02
-9.537604897824585315e-01 2.870787758859521532e-01 -8.903209883449964002e-02
-9.572123784145135650e-01 2.732982413329492211e-01 -9.514485900591070078e-02
-9.627404485517271349e-01 2.535341880127389702e-01 -9.408110579842411669e-02
-9.665280156082458607e-01 2.392285219837279875e-01 -9.270015912914730816e-02
-9.693552579941105973e-01 2.271102544592580874e-01 -9.365535963111092099e-02
-9.719907844013809806e-01 2.162317079917295271e-01 -9.207482669227672056e-02
-9.747759290756402573e-01 2.025004376225762182e-01 -9.383747261088173919e-02
-9.783997283605218032e-01 1.845791596474511131e-01 -9.308338053851816785e-02
-9.793799444472575111e-01 1.796421807667559489e-01 -9.243171345732491273e-02
-9.790791280462759483e-01 1.787145045038230073e-01 -9.728924561027721407e-02
-9.813758512992594163e-01 1.639150361267531775e-01 -1.001664116525046305e-01
-9.838151162045186693e-01 1.471665835144334300e-01 -1.022243833873351243e-01
-9.868414997670432731e-01 1.289577614129595873e-01 -9.753850906645601671e-02
-9.886884480304574119e-01 1.144647855237041351e-01 -9.691736793294385144e-02
-9.902336791008919947e-01 1.016525078956741907e-01 -9.541508772093211521e-02
-9.916477962817996650e-01 9.035155250919774117e-02 -9.203942252853013206e-02
-9.928792406910135204e-01 7.857011540212954781e-02 -8.954083059717901638e-02
-9.941643461033419227e-01 6.104043011003411345e-02 -8.894565031575066283e-02
-9.951088931779539237e-01 4.808713957134595762e-02 -8.628978722176418314e-02
-9.962112794734724330e-01 3.626686373740242719e-02 -7.904309276379468951e-02
-9.966253058709205748e-01 2.811088571481410239e-02 -7.712189736548856478e-02
-9.963207050047654390e-01 2.515740475776040430e-02 -8.192781635761699210e-02
-9.964278533799367787e-01 1.599451822146429059e-02 -8.291994785959849734e-02
-9.967828633074237166e-01 5.898457413985650627e-03 -7.993210142529964812e-02
-9.969392399026627549e-01 -9.090349257642167322e-03 -7.765002416641267335e-02
-9.966490276991221142e-01 -1.904171083739786274e-02 -7.954959240429110290e-02
-9.960984885773073172e-01 -3.405901136498604154e-02 -8.141126367690185162e-02
-9.952911668134742929e-01 -5.030877820593655791e-02 -8.285245500896776250e-02
-9.943806680403404208e-01 -6.530566387182390464e-02 -8.332026493320351945e-02
-9.935445900072257253e-01 -7.735116180439668976e-02 -8.298165250460096121e-02
-9.923916925020522806e-01 -9.357346470102546887e-02 -8.001715055282097866e-02
-9.914628980401042346e-01 -1.032919779604284383e-01 -7.957448136915294679e-02
-9.901875495110088465e-01 -1.154565078952366486e-01 -7.873004829320115472e-02
-9.886660976071179885e-01 -1.279062687047874958e-01 -7.860879589610951512e-02
-9.863619576930495736e-01 -1.457458337960051975e-01 -7.647384449857966282e-02
-9.844373242021703385e-01 -1.571365881985718194e-01 -7.868453571899956811e-02
-9.824579626260514509e-01 -1.701271635738202115e-01 -7.637478879013996635e-02
-9.797852463559402203e-01 -1.845886515078318246e-01 -7.712268955515597102e-02
-9.767217881135856761e-01 -1.994602355798182625e-01 -7.893143692660795074e-02
-9.746065456851479292e-01 -2.099424004653716869e-01 -7.788631602188496317e-02
-9.710164860945149634e-01 -2.259752937273643569e-01 -7.785986761476222651e-02
-9.684972555843418540e-01 -2.366692111544873578e-01 -7.746456598886440614e-02
-9.660201934729951700e-01 -2.455912820148001274e-01 -8.056001905115466044e-02
-9.631508258842641501e-01 -2.572597360846238801e-01 -7.847243727892663778e-02
-9.589971051410458580e-01 -2.739564755474456215e-01 -7.261136192810606349e-02
-9.550368635299073539e-01 -2.869748177886995433e-01 -7.449866700168931988e-02
-9.520242695365243035e-01 -2.977454229508068595e-01 -7.069272526623918140e-02
-9.518081635455672984e-01 -3.009479391154737393e-01 -5.908947090191709467e-02
-9.489630408076351609e-01 -3.091005096179156308e-01 -6.265804154602119813e-02
-9.447013161331406783e-01 -3.222079401686386291e-01 -6.100388968669859940e-02
-9.419062040138100889e-01 -3.301151324258495556e-01 -6.194118319316831850e-02
-9.395343940168822128e-01 -3.369358919546983078e-01 -6.123181488042758747e-02
-9.355104641606530880e-01 -3.484367040918828207e-01 -5.841268983985207358e-02
-9.322207467944645387e-01 -3.572288461524572023e-01 -5.789679052026747152e-02
-9.298772472947184342e-01 -3.630414444919794481e-01 -5.940725715112961380e-02
-9.268964553421371599e-01 -3.712145812110482224e-01 -5.534169598895526815e-02
-9.240609340123884241e-01 -3.782494198326175616e-01 -5.512507742772601582e-02
-9.217937429625507884e-01 -3.841707372954248911e-01 -5.204947070908583218e-02
-9.200182370924706587e-01 -3.888653717946670141e-01 -4.847858662709507438e-02
-9.167379796625942934e-01 -3.961817037420014564e-01 -5.129855532997035922e-02
-9.137125763932852918e-01 -4.035585619670434276e-01 -4.764264952742764542e-02
-9.112733888508122160e-01 -4.096847555086432502e-01 -4.170394514788141466e-02
-9.102510931037739450e-01 -4.123566474867546572e-01 -3.748266127567724537e-02
-9.091045405273476820e-01 -4.148696206867933389e-01 -3.757844254943455697e-02
-9.076938081112840839e-01 -4.185087022532673617e-01 -3.069892438549269228e-02
-9.067339056010722542e-01 -4.207960739688262342e-01 -2.764589806339283820e-02
-9.056526529335370279e-01 -4.231648281460259065e-01 -2.692225016068535218e-02
-9.055055674618073258e-01 -4.238415276566179779e-01 -2.044587627695407250e-02
-9.033526803863474175e-01 -4.285322653408081828e-01 -1.772116083637789025e-02
-9.021910678690345797e-01 -4.310586913097390060e-01 -1.548188724671170809e-02
-9.002033036955057188e-01 -4.352460713508115031e-01 -1.395981767177493019e-02
-8.997971151560631986e-01 -4.361878199757507346e-01 -1.026374077288942470e-02
-9.006801258056236215e-01 -4.343482393594936819e-01 -1.081318886232082548e-02
-9.009032003817637468e-01 -4.339062627478638690e-01 -9.939104672002615701e-03
-8.994938969577772614e-01 -4.368187219833516988e-01 -1.000702624153930638e-02
-8.985444189380463742e-01 -4.388349736461553685e-01 -6.465307805598485488e-03
-8.987290574600890203e-01 -4.384747993609781624e-01 -5.093005997405488337e-03
-8.989781452283767127e-01 -4.379855549059493147e-01 -2.637274198061350956e-03
-8.988737521605884018e-01 -4.381692805404100444e-01 5.802280457673839736e-03
-8.985949206744457962e-01 -4.387401310628817330e-01 5.854325227964782968e-03
-9.003060153074872174e-01 -4.351337581761842710e-01 1.037779483935620702e-02
-9.032534617482539385e-01 -4.287234341650258407e-01 1.814960932814711422e-02
-9.058372374881967781e-01 -4.228900263442527674e-01 2.495861188437607445e-02
-9.070920025703882450e-01 -4.202844002083441777e-01 2.334800474857769495e-02
-9.070532535051561984e-01 -4.201104545297466575e-01 2.759726135732459146e-02
-9.093408073697936134e-01 -4.152763267254387380e-01 2.539440938417969126e-02
-9.099390179078367114e-01 -4.137076188388188469e-01 2.927451797898288771e-02
-9.128642996445917035e-01 -4.073760301829595365e-01 2.689884659886320264e-02
-9.142036969274479619e-01 -4.041139908718782703e-01 3.038898622078611833e-02
-9.158811150590651096e-01 -3.999511869473216796e-01 3.465312191871895708e-02
-9.159610409523373242e-01 -3.998862862644097516e-01 3.326164816341899838e-02
-9.190831066263228655e-01 -3.926634897190665052e-01 3.319088242130092264e-02
-9.225723398728044033e-01 -3.843253298867920220e-01 3.397537741215725382e-02
-9.218060783159155447e-01 -3.859958537307442983e-01 3.578774407231582327e-02
-9.230866419632218767e-01 -3.831494471666541668e-01 3.328002887855605746e-02
-9.262606842257673501e-01 -3.752288932737392058e-01 3.527648387746401548e-02
-9.269157487692072372e-01 -3.733579384757235164e-01 3.782925167231104835e-02
-9.278354386255605046e-01 -3.706712352536943866e-01 4.152399382418311274e-02
-9.310565591010665498e-01 -3.623747041316631723e-01 4.264112511964879282e-02
-9.358890522007604629e-01 -3.493481203537324720e-01 4.547066094046526424e-02
-9.375238944139560049e-01 -3.450802150064997131e-01 4.436891731653322402e-02
-9.421018032183338109e-01 -3.320656083911174283e-01 4.665439527423054927e-02
-9.438030561384753714e-01 -3.275031501336861939e-01 4.446893749406519852e-02
-9.449674523596583997e-01 -3.232864248115472905e-01 5.022360219840613094e-02
-9.468912470730013187e-01 -3.166281081449495161e-01 5.606796150615570712e-02
-9.497745364460351558e-01 -3.078073475778054235e-01 5.641786653132385004e-02
-9.528926155346016946e-01 -2.971266917961752352e-01 6.092127501421866487e-02
-9.532399469419277072e-01 -2.960404465209277025e-01 6.077554643196833584e-02
-9.555868944633969519e-01 -2.882129092804206483e-01 6.153873213764245176e-02
-9.579742000838421534e-01 -2.794278775941670956e-01 6.484984851157989116e-02
-9.608658421224770541e-01 -2.681204206078901531e-01 6.962961785421806216e-02
-9.632179595464197552e-01 -2.603569641181006089e-01 6.652385824290624194e-02
-9.672383069671554034e-01 -2.457963044286252119e-01 6.351569970561653233e-02
-9.705254821613846783e-01 -2.325526003668301478e-01 6.324228302830736670e-02
-9.721908767701966658e-01 -2.248635974119353731e-01 6.543142681847566311e-02
-9.734767825049557288e-01 -2.193758639961018442e-01 6.493992721733435336e-02
-9.758444648489634776e-01 -2.077485457129600865e-01 6.758795999963455869e-02
-9.781266986938801367e-01 -1.959160004122277032e-01 6.989343569285610958e-02
-9.797977753034619042e-01 -1.879100450447954429e-01 6.845542130529500002e-02
-9.806724986693381441e-01 -1.822424148279874756e-01 7.119805425514291741e-02
-9.822266067356255625e-01 -1.734870311754850847e-01 7.164602849302370569e-02
-9.845690810873215515e-01 -1.594160232894935303e-01 7.218217589516344457e-02
-9.862730041221593469e-01 -1.471944690451093551e-01 7.482887300241294892e-02
-9.876946652095390800e-01 -1.369283525205082230e-01 7.556378276534592153e-02
-9.892863872411024051e-01 -1.244529982604675594e-01 7.631451992426117881e-02
-9.908231947709518206e-01 -1.118882051589573795e-01 7.583163521268176943e-02
-9.924469753978711895e-01 -9.856703788996941384e-02 7.303116170581677724e-02
-9.930940058093020717e-01 -8.986164735124553549e-02 7.542672306955774952e-02
-9.941086463854209576e-01 -7.850528651126982560e-02 7.473238760036414463e-02
-9.946113536741826300e-01 -7.452574822741919736e-02 7.207064947800462251e-02
-9.952049319466027555e-01 -6.240143332721174996e-02 7.532074979661143588e-02
-9.957754720840121809e-01 -5.452299348844253518e-02 7.388141226125752303e-02
-9.958760079772486229e-01 -4.679175740546641371e-02 7.772720916810449410e-02
-9.963489884124504536e-01 -3.267485094089842002e-02 7.887368630570888717e-02
-9.969522570720370513e-01 -2.005586532637407965e-02 7.539211021930095069e-02
-9.968093678472357277e-01 -1.424158509899833835e-02 7.853835014201662745e-02
-9.971785935126817879e-01 -1.477923236433748358e-03 7.505117813439075858e-02
-9.974444726690212537e-01 1.147964799127422671e-02 7.051774176172626030e-02
-9.975680970459526176e-01 1.758514621172199352e-02 6.744378824658613103e-02
-9.972048864730296280e-01 3.272993365777859126e-02 6.716528866575958989e-02
-9.970721050008347630e-01 4.003116979988911167e-02 6.515161522644817571e-02
-9.967814519413956686e-01 4.982599485689634400e-02 6.280220712354855905e-02
-9.961275289652511411e-01 5.891702555734505686e-02 6.525902309392438150e-02
-9.957753099697195243e-01 6.705477855432226408e-02 6.273116079209986595e-02
-9.952210248839342688e-01 7.566229838658443396e-02 6.172793554303627334e-02
-9.944756114716375439e-01 8.497337879203004096e-02 6.162623527206632923e-02
-9.933830387275742746e-01 9.707128940838552489e-02 6.137844020322293787e-02
-9.929162271752622893e-01 1.030882829406209039e-01 5.907775824734028819e-02
-9.924168268877251453e-01 1.098576685895028826e-01 5.513749953235271700e-02
-9.912061897235189267e-01 1.187115209233022273e-01 5.846258629808092494e-02
-9.899980605258703603e-01 1.285017964640669808e-01 5.823347995826751167e-02
-9.895427566304959566e-01 1.322168017705042942e-01 5.765292569150454183e-02
-9.891293761456935174e-01 1.358729046037545074e-01 5.622846897417103224e-02
-9.886448506624410104e-01 1.400837081700560816e-01 5.438679635298445531e-02
-9.881057871770957401e-01 1.463930615213014375e-01 4.707477146836241966e-02
-9.870986274659656612e-01 1.540881455352104135e-01 4.351036884774015651e-02
-9.863611911286759293e-01 1.595804543062649128e-01 4.031982498576375251e-02
-9.855123246275478976e-01 1.647099685712866690e-01 4.044865033087195749e-02
-9.851522877123773947e-01 1.673303774534279642e-01 3.841254763215248835e-02
-9.848957212472673195e-01 1.701803905926768667e-01 3.192274909463486271e-02
-9.850209981572226603e-01 1.707168744298896979e-01 2.427737684064286416e-02
-9.848130644585615379e-01 1.721776907367396914e-01 2.231770414524045926e-02
-9.830898976036975823e-01 1.813320591437368179e-01 2.555282273959521427e-02
-9.823598978362539924e-01 1.856915601419702744e-01 2.208358584039236266e-02
-9.814061944979896035e-01 1.897579986554108200e-01 2.887546723274314608e-02
-9.810658463745934865e-01 1.922792892427733769e-01 2.320536915795869820e-02
-9.808870337299087083e-01 1.934627141024427843e-01 2.080419314859740382e-02
-9.803793133728837539e-01 1.962341729133247614e-01 1.866977170970585131e-02
-9.792774613320962551e-01 2.013587443914724995e-01 2.168683700750720367e-02
-9.791476378894540256e-01 2.023396387127999185e-01 1.812685719607746646e-02
-9.787107938349001168e-01 2.044092790856252284e-01 1.849426372646087793e-02
-9.779590755777729516e-01 2.083148527149232265e-01 1.417666448828314857e-02
-9.788906284445707540e-01 2.037537092244084969e-01 1.604906923042695444e-02
-9.790696211501067614e-01 2.031582093050549598e-01 1.222407732450592199e-02
-9.782600617917138752e-01 2.070254412584722759e-01 1.215431225371525759e-02
-9.781805827335685599e-01 2.075463692694379247e-01 9.341375536375061406e-03
-9.774722917654649068e-01 2.106586753235290821e-01 1.307098063725293559e-02
-9.779628294377235020e-01 2.086218525362752707e-01 8.101615183977964318e-03
-9.781813729487300879e-01 2.077326935441801969e-01 2.887728892694891095e-03
-9.781469020944625337e-01 2.079124266987041891e-01 1.034445227665212142e-03
-9.789081606576759409e-01 2.042740946780840228e-01 3.304011380613945670e-03
-9.781541928698310739e-01 2.078797462880925262e-01 -6.286517861095256010e-04
-9.790058464669862959e-01 2.038299119453427788e-01 9.636743456976847554e-04
-9.790168107196830505e-01 2.037068814343170886e-01 5.440578616650633068e-03
-9.794563993663996104e-01 2.014604941099649438e-01 8.879196719561961021e-03
-9.800699853233940662e-01 1.985815397622308354e-01 5.310846286891027571e-03
-9.806871988257089834e-01 1.955730664950689757e-01 -1.950133706467252481e-03
-9.811461648968065052e-01 1.931847978007417976e-01 5.643252136444805618e-03
-9.813525898283474991e-01 1.920403724838274928e-01 8.221863770209870970e-03
-9.819079656875318030e-01 1.892724717370708187e-01 5.717311549594554856e-03
-9.808032850946556414e-01 1.949204191487722282e-01 5.563760505240620234e-03
-9.812219747883645926e-01 1.926386422514088925e-01 9.684987304708878725e-03
-9.820645963650588284e-01 1.884057318431979766e-01 7.240037072631405612e-03
-9.814337227535189223e-01 1.915525567660930906e-01 9.771144178572787470e-03
-9.816647046748193661e-01 1.901275690159444920e-01 1.363541199353685701e-02
-9.810857495748722679e-01 1.931218312693680494e-01 1.321815527062838135e-02
-9.798787659756315049e-01 1.988783834209969514e-01 1.688200326392900325e-02
-9.800929584893230961e-01 1.976588376046586049e-01 1.867581497456834161e-02
-9.803414559126811811e-01 1.964968098602821178e-01 1.787856165828161786e-02
-9.794308302144143497e-01 2.011800605702415701e-01 1.555125064987701589e-02
-9.792484872730334855e-01 2.023164208798831076e-01 1.185222967885437607e-02
-9.787674425728660754e-01 2.045300570525508399e-01 1.348178307220542979e-02
-9.783776242970644299e-01 2.065882109646305642e-01 9.926966726697503129e-03
-9.781939064154474561e-01 2.073540919455016673e-01 1.187313450312737703e-02
-9.777561274879005282e-01 2.093969358913738144e-01 1.207839896544713430e-02
-9.780311486848405345e-01 2.082104338349509698e-01 1.017333656792482159e-02
-9.776937045162799045e-01 2.100006392469688510e-01 3.841996341652781886e-03
-9.773109490758867812e-01 2.117858145301096950e-01 3.175978529175216974e-03
-9.766017386863969918e-01 2.150063595636570735e-01 4.617210156742398638e-03
-9.756637411051555242e-01 2.191983490076882257e-01 5.688357735149472336e-03
-9.760496728541779854e-01 2.175233030832917080e-01 3.264677219405264907e-03
-9.751841070026349145e-01 2.213623012150672531e-01 3.833854228296046385e-03
-9.752176934847364143e-01 2.212270542581828703e-01 -3.008357330628162567e-03
-9.750441173728110478e-01 2.219563538621159571e-01 -4.935138740844769584e-03
-9.734790353260778240e-01 2.286755828218911546e-01 -6.786382923072537335e-03
-9.706811785818929561e-01 2.401235599670264176e-01 -1.089654804420998532e-02
-9.716599934911251957e-01 2.359532358177645339e-01 -1.424559259926441550e-02
-9.728223107284963422e-01 2.311217318137475663e-01 -1.412466574413352542e-02
-9.725655155094639071e-01 2.321467951089481174e-01 -1.497307272465073398e-02
-9.724901423957607038e-01 2.323538560265928365e-01 -1.657159852029995925e-02
-9.724968830871274506e-01 2.316610179908606404e-01 -2.414528024642410842e-02
-9.736980658633560548e-01 2.262127415407782782e-01 -2.720076571855610525e-02
-9.739191299050977690e-01 2.251704681643474926e-01 -2.792486760362290418e-02
-9.750966131611668031e-01 2.191246154138643820e-01 -3.421999202352191127e-02
-9.760639422654368014e-01 2.143995154496817768e-01 -3.649710088384643808e-02
-9.768915267604298958e-01 2.105883197774158222e-01 -3.654469191405889522e-02
-9.774254747372455032e-01 2.074570051945885674e-01 -4.001302785789155603e-02
-9.789935658143513741e-01 1.998182510349560126e-01 -4.054965771228471322e-02
-9.803787227133023974e-01 1.933876736090452964e-01 -3.819394936337295460e-02
-9.797956641343428252e-01 1.956785439614053268e-01 -4.135666822685266780e-02
-9.804363889464122739e-01 1.924986137380116646e-01 -4.109478020322838987e-02
-9.802412115377763246e-01 1.935703968952131870e-01 -4.071460023419275903e-02
-9.804716469354609609e-01 1.916977770163382777e-01 -4.390127441371211026e-02
-9.815564163071435200e-01 1.850080293670164910e-01 -4.815642043136100087e-02
-9.822576314534826603e-01 1.800397671742131334e-01 -5.249417067870479348e-02
-9.846846670718590877e-01 1.661511793964356443e-01 -5.281952578493670503e-02
-9.859044738158043719e-01 1.602771517646968957e-01 -4.799597172451961630e-02
-9.866866277562564846e-01 1.564473798602132315e-01 -4.442663696568042997e-02
-9.875894685712354182e-01 1.511356672951851554e-01 -4.272074038092253667e-02
-9.881802459732454968e-01 1.471627877960567377e-01 -4.292930677951131702e-02
-9.894205009856410493e-01 1.371983417795611115e-01 -4.715609761837133429e-02
-9.907609894298639031e-01 1.262818331965193663e-01 -4.945271317757156393e-02
-9.911401942796723707e-01 1.249992382764997245e-01 -4.490340862504834524e-02
-9.920591576683412960e-01 1.191251200522114306e-01 -4.034654604531114769e-02
-9.927313845016496607e-01 1.116983429512383164e-01 -4.480947290120316368e-02
-9.930986950977139793e-01 1.065904476344761015e-01 -4.892309141398211436e-02
-9.939656558492598881e-01 1.017322323856092309e-01 -4.102241250347580387e-02
-9.948473478821664440e-01 9.446730115815676898e-02 -3.680616145009529133e-02
-9.953796260303395815e-01 8.854765390964092209e-02 -3.713116187843210070e-02
-9.955373561380074232e-01 8.379181037145005950e-02 -4.340870201481086127e-02
-9.963617497566135128e-01 7.564810750883814439e-02 -3.925095777308906103e-02
-9.972802416023531791e-01 6.351914324553520341e-02 -3.738245889019652796e-02
-9.973274796143547505e-01 6.000931047589504880e-02 -4.167482668147611674e-02
-9.979331330411891354e-01 5.214702354522772476e-02 -3.755209607655868309e-02
-9.982041429031551782e-01 4.576328078989363307e-02 -3.865515818155263600e-02
-9.984875924222359478e-01 4.305394387126671579e-02 -3.418911545288756682e-02
-9.986890871357230193e-01 4.191364985879784261e-02 -2.938304065697742995e-02
-9.990117743936273165e-01 3.584957873181687793e-02 -2.627340830283806522e-02
-9.992407277429408152e-01 3.018742195987988639e-02 -2.463122408834536245e-02
-9.991900032212978067e-01 2.513269599810355470e-02 -3.142761525623798124e-02
-9.990901530428311084e-01 1.865135560557174346e-02 -3.835366543712984133e-02
-9.990091120616739762e-01 1.434934028230376232e-02 -4.212957634191731582e-02
-9.990793406157387757e-01 4.355092088758198351e-03 -4.267921158289223610e-02
-9.990891893719140437e-01 -7.417800295789256371e-03 -4.202116899420047652e-02
-9.992045882111451061e-01 -1.604099209369637055e-02 -3.650874006669530686e-02
-9.991476434194787037e-01 -2.203750510970895263e-02 -3.490480804939513626e-02
-9.991899835140441999e-01 -2.663372190731367120e-02 -3.016674044263048526e-02
-9.988966560248475623e-01 -3.387573656454343635e-02 -3.252561561925920719e-02
-9.986504452649519470e-01 -3.991437821546595099e-02 -3.322862075564418649e-02
-9.982613728856065682e-01 -4.402353197072710750e-02 -3.919401405437939606e-02
-9.977202276122233426e-01 -5.154618060604695268e-02 -4.355857718751766916e-02
-9.973165122544108696e-01 -5.692583033228531403e-02 -4.603515213180617294e-02
-9.972575575595901132e-01 -5.964630028552179303e-02 -4.381430972180681838e-02
-9.968034211716296777e-01 -6.375580602173322453e-02 -4.814714779441719994e-02
-9.971081951175805314e-01 -6.465207088166513572e-02 -3.994205875945849860e-02
-9.964204192613677069e-01 -7.301850705156047450e-02 -4.259879045859103069e-02
-9.961306838463490632e-01 -7.757545127513855443e-02 -4.130037801804311431e-02
-9.957742571569372370e-01 -7.988679823691027804e-02 -4.529613084057651506e-02
-9.949132881431910214e-01 -8.777416409761493177e-02 -4.942931188184140207e-02
-9.940261147515381257e-01 -9.349441389197875318e-02 -5.631065299095919241e-02
-9.930802540793327582e-01 -1.018112820231428239e-01 -5.853275728550119683e-02
-9.922362862086039348e-01 -1.076833921055308785e-01 -6.222098926230296839e-02
-9.910961163389083728e-01 -1.181554615983107931e-01 -6.138230325760028055e-02
-9.895368564160899050e-01 -1.295649643881915114e-01 -6.348024899395625364e-02
-9.880268163756265043e-01 -1.405120024428915815e-01 -6.371341726142845663e-02
-9.858970111272936654e-01 -1.553473521227564103e-01 -6.224384064193227983e-02
-9.850127461756986724e-01 -1.604821064579261825e-01 -6.320914064266602850e-02
-9.827953879251196678e-01 -1.727695513932722415e-01 -6.529869666247517523e-02
-9.812035651452066798e-01 -1.830661032064827554e-01 -6.104406229020650776e-02
-9.800551309518473753e-01 -1.897588503905764667e-01 -5.902144386219104061e-02
-9.785993107850440298e-01 -1.976483308510934289e-01 -5.725851891188687287e-02
-9.774571748920081182e-01 -2.033464449809797292e-01 -5.681290615271183259e-02
-9.745626303028646076e-01 -2.163471220848168786e-01 -5.849456645697058421e-02
-9.721682753682711065e-01 -2.255984108865921600e-01 -6.319979156776937834e-02
-9.713156463872959501e-01 -2.305467739542073347e-01 -5.825901019578320905e-02
-9.686303960509741184e-01 -2.420772318426795411e-01 -5.615854005062031334e-02
-9.697330037016606008e-01 -2.380155430205617983e-01 -5.446572119068405354e-02
-9.682921918124526295e-01 -2.455045436620154065e-01 -4.623593998105798852e-02
-9.672566663399417841e-01 -2.505054361464500445e-01 -4.076247813717585877e-02
-9.644934609913557999e-01 -2.609021694708057448e-01 -4.101747695386580295e-02
-9.630945624311695319e-01 -2.661090366571036703e-01 -4.043335451168484501e-02
-9.613941272805173188e-01 -2.730055084716225822e-01 -3.448674984518255299e-02
-9.587680736489146982e-01 -2.817724753988680719e-01 -3.698735935303729822e-02
-9.562803168119375918e-01 -2.907108306038803658e-01 -3.186189036162986876e-02
-9.554119059986542206e-01 -2.934282558702130950e-01 -3.298423790654799598e-02
-9.531618823821984554e-01 -3.002129886821433002e-01 -3.680487717782236073e-02
-9.518883040200106782e-01 -3.040296654619366601e-01 -3.840092207283947456e-02
-9.484058354073011676e-01 -3.147637559231929449e-01 -3.808097835995573333e-02
-9.477054158361326586e-01 -3.171744607219377787e-01 -3.542340796897786026e-02
-9.474375891481587875e-01 -3.182053132207091073e-01 -3.327769328694328566e-02
-9.474517902171173400e-01 -3.185272130632924026e-01 -2.958937847804261195e-02
-9.480622473463695687e-01 -3.172221042835600691e-01 -2.341203450476304210e-02
-9.474948605564650350e-01 -3.189075604953707788e-01 -2.348337130122848948e-02
-9.463770707212424416e-01 -3.222153282225034276e-01 -2.340371593006840972e-02
-9.441436956052023932e-01 -3.290489290262182953e-01 -1.787444524421712144e-02
-9.454853420222076865e-01 -3.253809942249175635e-01 -1.359000364214451445e-02
-9.447902454079604162e-01 -3.275176572265814934e-01 -1.017781605815991711e-02
-9.424553472035921420e-01 -3.341221805271225587e-01 -1.184477048673798945e-02
-9.412309661735657196e-01 -3.375486647632001125e-01 -1.204901731460475411e-02
-9.393106258631449546e-01 -3.427751509377841010e-01 -1.416882775379336989e-02
-9.381609780730042480e-01 -3.460453951739749234e-01 -1.032353458903360367e-02
-9.367255999861731075e-01 -3.500100484198072626e-01 -6.174779202349698660e-03
-9.366520167881409176e-01 -3.502269417442337995e-01 -4.909204377180950013e-03
-9.376733515899485782e-01 -3.474993410016107842e-01 -3.592395336774118104e-03
-9.366883873425083662e-01 -3.501638703732398161e-01 -3.748181391136280217e-04
-9.383119609940708816e-01 -3.457824768053479048e-01 2.270290871442562537e-03
-9.391125406274993814e-01 -3.435927961427441835e-01 3.411467575296270316e-03
-9.382090996601794020e-01 -3.460489417249710820e-01 3.718451326309876476e-03
-9.384805528327895274e-01 -3.452762964830303760e-01 6.208276974902763971e-03
-9.388870709671489623e-01 -3.440753507241263165e-01 1.016035003406130788e-02
-9.397487584593211540e-01 -3.416220300790602238e-01 1.291012242878088884e-02
-9.391437195338485644e-01 -3.431489693009877051e-01 1.605835124713432885e-02
-9.403509620704876282e-01 -3.397394842254849445e-01 1.780906312099756611e-02
-9.417024030231290199e-01 -3.356690063390255219e-01 2.286731917958485794e-02
-9.422921644394204321e-01 -3.338361609446981459e-01 2.527659963288900885e-02
-9.449197535633629963e-01 -3.263749312168714445e-01 2.461860275716266228e-02
-9.455340185533671615e-01 -3.246091877803726766e-01 2.437841189782460546e-02
-9.467581848101604969e-01 -3.206394301653032186e-01 2.897080313147207958e-02
-9.472570240342170766e-01 -3.189905533496147361e-01 3.080859352945723717e-02
-9.481319274012006693e-01 -3.163704006015224945e-01 3.091326591025053694e-02
-9.494424948125661512e-01 -3.126198648963046667e-01 2.877118704902232801e-02
-9.527863979624899837e-01 -3.020230361607998959e-01 3.130779236606716365e-02
-9.544887326098064895e-01 -2.969926397358206849e-01 2.732477848675225404e-02
-9.556910234043907160e-01 -2.928060157552263010e-01 3.032024543948053791e-02
-9.589472202006550372e-01 -2.822011234763321386e-01 2.797797439860675445e-02
-9.600171895369562503e-01 -2.788824638177959114e-01 2.432240406398103461e-02
-9.608698031471789580e-01 -2.755567108468107707e-01 2.824416412230782922e-02
-9.626226818973678823e-01 -2.695154495959374841e-01 2.681430503063273602e-02
-9.649568861608108783e-01 -2.613590244744034008e-01 2.344526044397485937e-02
-9.668082640387499760e-01 -2.542368925616391717e-01 2.540462937135632218e-02
-9.685459401011746738e-01 -2.462236526104666923e-01 3.595396531796118955e-02
-9.691308454357043800e-01 -2.440975514030469529e-01 3.466702527402033829e-02
-9.713765069471517188e-01 -2.351238053083000712e-01 3.383032251560371545e-02
-9.733482008991442003e-01 -2.265776406949938371e-01 3.543819162220098601e-02
-9.745545369269358327e-01 -2.217601880014021254e-01 3.264791537194724341e-02
-9.754900822118907078e-01 -2.178714413849540399e-01 3.084067637124241618e-02
-9.764839953823087892e-01 -2.135403522076078364e-01 2.965699694763632849e-02
-9.774204894393330179e-01 -2.089496736466737170e-01 3.145208187931698707e-02
-9.773346631016394115e-01 -2.086559718507976224e-01 3.577225861458497441e-02
-9.780249302359934616e-01 -2.055882744786179939e-01 3.465126255296504393e-02
-9.777859842593396023e-01 -2.060483980890140954e-01 3.845308051275789230e-02
-9.788209281474764545e-01 -2.005489329804408249e-01 4.110631344269242288e-02
-9.801965816152520272e-01 -1.927249232407372559e-01 4.551679277874516594e-02
-9.824436681516826031e-01 -1.810559307992419265e-01 4.498001631356598334e-02
-9.844556835079046886e-01 -1.696609988061962837e-01 4.541107479546793030e-02
-9.854346255383981124e-01 -1.615856102867417043e-01 5.299719444198165708e-02
-9.868961079118550028e-01 -1.533128010766794669e-01 5.031173270703137579e-02
-9.873008735244608314e-01 -1.495974516420629230e-01 5.345653303452499450e-02
-9.888481678483413972e-01 -1.380324898617384111e-01 5.591373984171621458e-02
-9.906582922185410700e-01 -1.253935314622492414e-01 5.359686398746957292e-02
-9.916101155315723004e-01 -1.149458830006347687e-01 5.913405976393633356e-02
-9.922157404724140095e-01 -1.100821054324140069e-01 5.822257859669745239e-02
-9.927669230753670693e-01 -1.047808669041582763e-01 5.860734285400731602e-02
-9.937616425189361724e-01 -9.377180228183426558e-02 6.037103031598919228e-02
-9.942159457048033167e-01 -8.557289428462248881e-02 6.489951964507323368e-02
-9.946233375571102986e-01 -7.630602770160840875e-02 7.001300859062839499e-02
-9.956915133610365620e-01 -6.439487669681705218e-02 6.672124687303912505e-02
-9.964049911534853532e-01 -5.545268210968454237e-02 6.404770368132836622e-02
-9.971831402248525489e-01 -4.526472500438723234e-02 5.980722269843882777e-02
-9.973378378364482488e-01 -4.418997967957101480e-02 5.800428669134290172e-02
-9.977732272061231589e-01 -3.648768342770098566e-02 5.583234165788896614e-02
-9.980186790995522195e-01 -2.846787913836797135e-02 5.610980649883490212e-02
-9.978792849762002648e-01 -2.285725690156663326e-02 6.094664053573360663e-02
-9.979482549005584957e-01 -1.107522341225425713e-02 6.306056464880401002e-02
-9.981152170530216416e-01 -1.543248706673787732e-03 6.134856641553873557e-02
-9.981233941235378992e-01 6.703528380663716091e-03 6.086680142754415102e-02
-9.980363809155985422e-01 2.043709873219400758e-02 5.920913755148469321e-02
-9.982110521719744778e-01 2.760297853806017304e-02 5.303569703182538925e-02
-9.983285983394191154e-01 2.876555613694388794e-02 5.012551017250004709e-02
-9.979343459286355023e-01 3.808310392120652088e-02 5.173715053833443517e-02
-9.976557181658858298e-01 4.683097683887466056e-02 4.989931722698413147e-02
-9.973042423078680718e-01 5.641563612355877944e-02 4.692055477846592687e-02
-9.968376288530120810e-01 6.782357031986052665e-02 4.140916389629264310e-02
-9.966566256385520628e-01 7.457385554594045396e-02 3.338149191644754904e-02
-9.962483923749303472e-01 7.776083332723070229e-02 3.797903317738482443e-02
-9.958634367400019949e-01 8.203740136397548455e-02 3.906268856386692356e-02
-9.954740716862220395e-01 8.814742891144311532e-02 3.551642775028752280e-02
-9.951196232611509984e-01 9.096801607308073467e-02 3.823308427134276127e-02
-9.951153031061854559e-01 9.156494405391986391e-02 3.689726041090811426e-02
-9.951874591764686695e-01 8.786776273436036622e-02 4.337269376116658498e-02
-9.951652147132814541e-01 9.095292594215785564e-02 3.706445349618194690e-02
-9.940790001538148957e-01 1.008269797990300060e-01 4.050771104774254783e-02
-9.931587056647600553e-01 1.086201914551809811e-01 4.286551627473079301e-02
-9.921010004288713935e-01 1.182980472662537308e-01 4.172756854257309717e-02
-9.914697363392431795e-01 1.231963317919170520e-01 4.254925142907397401e-02
-9.906065105630689205e-01 1.304312075253360181e-01 4.106646225569225706e-02
-9.899635437939382498e-01 1.354735131818287364e-01 4.023831673900966910e-02
-9.884841991540368467e-01 1.453571392644228133e-01 4.207496996967428904e-02
-9.869249566784225047e-01 1.553545334427419156e-01 4.294312398670650788e-02
-9.856885572334307399e-01 1.627581901148408283e-01 4.390732066570230546e-02
-9.854251418864176104e-01 1.647226196419386557e-01 4.247071223795648165e-02
-9.841955876740992037e-01 1.731030445409587337e-01 3.734158795681000870e-02
-9.830423747878426211e-01 1.808126558930566730e-01 3.056935556950863414e-02
-9.810219750356544699e-01 1.915073657556718711e-01 3.034511526975808629e-02
-9.799623290719506885e-01 1.968439597325321866e-01 3.043520626051316250e-02
-9.798208318478830448e-01 1.974867400224649683e-01 3.082430305442745641e-02
-9.795099927625078307e-01 1.991245860230285158e-01 3.015934326271629135e-02
-9.803132724617694693e-01 1.958288215949936240e-01 2.523832950963100785e-02
-9.794898882973918086e-01 2.001571015717105440e-01 2.316691947688768322e-02
-9.788667401409280044e-01 2.029931061847496665e-01 2.477330515945156200e-02
-9.785110128282181741e-01 2.040969292866905149e-01 2.933690587335526651e-02
-9.773247968562850385e-01 2.100139772231846835e-01 2.702560880686584455e-02
-9.772536638123792141e-01 2.106481477281310355e-01 2.454887229469546184e-02
-9.772653701988222030e-01 2.111409395746826068e-01 1.928503436814362620e-02
-9.772544320383625971e-01 2.112700633998836341e-01 1.840511010142851372e-02
-9.770519338673492316e-01 2.122208532435144179e-01 1.821649470005059709e-02
-9.768590058826617240e-01 2.131590876699845094e-01 1.759825757995628695e-02
-9.764962286509661915e-01 2.149866834935716120e-01 1.535754048844188355e-02
-9.753434725268059768e-01 2.202791756619456309e-01 1.349844525353041842e-02
-9.753388727282462645e-01 2.206197969277925441e-01 6.403220751188374790e-03
-9.747800411177720559e-01 2.231443831225647934e-01 3.235482934030669243e-03
-9.737867183473153387e-01 2.273188243326900726e-01 8.098889915963303210e-03
-9.750734614999786443e-01 2.217477029894991680e-01 7.727461296793941559e-03
-9.741822004942926050e-01 2.256369196764322349e-01 7.552051101110541544e-03
-9.732748631741866552e-01 2.296098096834368052e-01 3.922848318595034516e-03
-9.734818606092972004e-01 2.287236928255678148e-01 4.307218377464746770e-03
-9.732492557430909574e-01 2.297486078933802522e-01 1.214937403591759973e-03
-9.741690056416415500e-01 2.257847419736871697e-01 -4.001453245250139075e-03
-9.741021573877561845e-01 2.261008312855953828e-01 1.847700623420127017e-03
-9.752853383853677949e-01 2.209487355081125592e-01 -4.218316068459533781e-04
-9.746431728349307377e-01 2.237339530286442668e-01 -3.717095967679526040e-03
-9.739103893816165591e-01 2.268708451759996469e-01 -5.309043258869373255e-03
-9.754473557781373483e-01 2.200746835289337511e-01 -8.342822140974903364e-03
-9.750512707197332984e-01 2.217889445376708679e-01 -9.203067424721695852e-03
-9.753769690395580616e-01 2.202914996342920650e-01 -1.055634231224137319e-02
-9.757605140187893822e-01 2.184647368289769076e-01 -1.282930187096285868e-02
-9.759473377452618781e-01 2.173701801171991077e-01 -1.664366930015958104e-02
-9.770041449815246581e-01 2.128385526164855157e-01 -1.275398719611890892e-02
-9.772874943135518855e-01 2.117215917301789319e-01 -9.117786670701252469e-03
-9.778615739910154758e-01 2.090958765418096665e-01 -8.103671209188235969e-03
-9.771584845557494958e-01 2.122083306758352217e-01 -1.135488419023789053e-02
-9.774196326850903560e-01 2.107100677435562175e-01 -1.587897873742421737e-02
-9.771079197333710775e-01 2.122626678946038792e-01 -1.430685162289172148e-02
-9.768111765047191586e-01 2.135816289980634053e-01 -1.492736410968741219e-02
-9.772878417576796872e-01 2.113618278617932222e-01 -1.531878169158339305e-02
-9.770003479097529864e-01 2.126100902306352070e-01 -1.634878301820127944e-02
-9.782667956518498187e-01 2.063537106147220190e-01 -2.030358862040270579e-02
-9.789262326577663487e-01 2.027735478673901859e-01 -2.421430452089615853e-02
-9.810143783160673037e-01 1.915387093668531326e-01 -3.039285627535991130e-02
-9.824299959401989746e-01 1.838403717603383225e-01 -3.215640294123741499e-02
-9.837977625870907294e-01 1.762397392373372396e-01 -3.288662570967428728e-02
-9.851370023054409897e-01 1.687601067502832453e-01 -3.201759726890799490e-02
-9.859585869641934730e-01 1.633059546028601261e-01 -3.488328349029061470e-02
-9.871858691261837793e-01 1.567646340342945532e-01 -2.981480800522421856e-02
-9.870227309295590556e-01 1.556125498747552294e-01 -3.963428563056128201e-02
-9.874410582193650088e-01 1.515763262995155347e-01 -4.455095497801869753e-02
-9.887869925362606782e-01 1.421172253798008156e-01 -4.585838417599498451e-02
-9.899176103183350284e-01 1.338466300879390947e-01 -4.634887481607371379e-02
-9.906503341097238069e-01 1.273775440231698919e-01 -4.885581657655835297e-02
-9.911867471007731467e-01 1.212434150793101212e-01 -5.337490896560658643e-02
-9.920366078294801104e-01 1.125229427771361479e-01 -5.658595754666916056e-02
-9.924986266413157177e-01 1.040705065734697649e-01 -6.415466473092430733e-02
-9.932983256113343540e-01 9.672512505720942677e-02 -6.326690868880606444e-02
-9.940347172582586488e-01 8.758965548428690462e-02 -6.498498620106858692e-02
-9.951143837031286576e-01 7.451214215606133395e-02 -6.477128452207019105e-02
-9.962258465277470387e-01 6.247249744662498189e-02 -6.025997489179408390e-02
-9.963922847826284235e-01 5.193251968381771416e-02 -6.712259953948586377e-02
-9.972667785244846428e-01 4.040147240457195310e-02 -6.186039219781259979e-02
-9.977147436020957771e-01 3.254346972303975849e-02 -5.921340707153693178e-02
-9.978655118030286264e-01 1.875202914792251097e-02 -6.255235293002409103e-02
-9.983726294598619377e-01 1.103828378291023954e-02 -5.594876153040836270e-02
-9.983468306832244954e-01 -1.566181929560567232e-03 -5.745578971588170825e-02
-9.981421327514142794e-01 -1.217457274523536109e-02 -5.969989759286101899e-02
-9.982751106565757038e-01 -1.955283853235131875e-02 -5.535797046951233119e-02
-9.985541055533986299e-01 -2.595635810763748108e-02 -4.707419950355715837e-02
-9.984579987294561754e-01 -3.286010685833155864e-02 -4.474206712485801624e-02
-9.976235825364849763e-01 -4.273249234174793243e-02 -5.404754493171436830e-02
-9.972818197781784244e-01 -5.192108662420544252e-02 -5.227990141558061521e-02
-9.967428055100945317e-01 -6.081883529136555833e-02 -5.296096995768791171e-02
-9.962881216546658480e-01 -6.743441178061294894e-02 -5.350321657867231767e-02
-9.959225940632854268e-01 -7.280120165229561624e-02 -5.327463838287294778e-02
-9.952990486870221254e-01 -7.943721546908288911e-02 -5.540350094093254851e-02
-9.949201715890995112e-01 -8.653329227042652616e-02 -5.143789176670791191e-02
-9.944668357924244528e-01 -9.264772589532668801e-02 -4.951895126110274215e-02
-9.935690370013725570e-01 -1.016092697580599225e-01 -4.996138677523195848e-02
-9.923597246069706390e-01 -1.141982360128181162e-01 -4.670069348295541323e-02
-9.917288457454278561e-01 -1.212766530033109053e-01 -4.202243241575448485e-02
-9.910548351704173697e-01 -1.273689108272448023e-01 -3.984330542880179515e-02
-9.897220538752993235e-01 -1.362195830177417855e-01 -4.352581144190925677e-02
-9.888524249131241950e-01 -1.418222520069131465e-01 -4.535797243675532969e-02
-9.874054599697431600e-01 -1.522303602514127330e-01 -4.308584473369346524e-02
-9.870028186479166132e-01 -1.563262795393733084e-01 -3.724976719029897410e-02
-9.859593000881330394e-01 -1.639031987255647194e-01 -3.193766949943900590e-02
-9.857873552017947238e-01 -1.653364492729699486e-01 -2.978529092239856971e-02
-9.860370638146094269e-01 -1.644724226024371905e-01 -2.607193332853208895e-02
-9.854916852585056120e-01 -1.677747666704664242e-01 -2.564723499941863258e-02
-9.846838537902137256e-01 -1.725774110481131385e-01 -2.479435371087251525e-02
-9.840102702565215465e-01 -1.767449430844121039e-01 -2.202334521626547054e-02
-9.831913237370297765e-01 -1.807454274490008506e-01 -2.580554258142678595e-02
-9.829918657843206287e-01 -1.825597889104814964e-01 -1.997322929971167074e-02
-9.818270278595332412e-01 -1.888494899086542445e-01 -1.875025646552712366e-02
-9.810049440225430128e-01 -1.931745807091870826e-01 -1.768885809594952438e-02
-9.803622253197789016e-01 -1.964733947066034658e-01 -1.697429964838180483e-02
-9.801449565399327213e-01 -1.974214352585931254e-01 -1.845685741702986216e-02
-9.797944296157140576e-01 -1.992529987637622624e-01 -1.735317517406047630e-02
-9.791902719858777138e-01 -2.021314503893899550e-01 -1.814669501377492999e-02
-9.793366068637975319e-01 -2.016938631128902260e-01 -1.481251445644696067e-02
-9.787066603924052810e-01 -2.048692597109416647e-01 -1.272296416982098173e-02
-9.779522305224334078e-01 -2.084271489338811456e-01 -1.294499506121567570e-02
-9.784294845876331248e-01 -2.062298000534335540e-01 -1.204274718218672525e-02
-9.778767195985692551e-01 -2.088331512150449765e-01 -1.207686720606204744e-02
-9.779389220200193078e-01 -2.087810875231335683e-01 -6.777670843761966941e-03
-9.781207061381983481e-01 -2.078762342134299335e-01 -8.207922811076413805e-03
-9.775645178471937813e-01 -2.105077108354534987e-01 -7.357420524974353851e-03
-9.773643184303049125e-01 -2.114414234238629342e-01 -7.178302749275152460e-03
-9.774013604928467602e-01 -2.113625540721827956e-01 -3.530689540642048974e-03
-9.779183111344524892e-01 -2.089192049858988043e-01 -5.343876875382393317e-03
-9.784015014171634217e-01 -2.066859232381158540e-01 -3.383146456400462632e-03
-9.788163372285882957e-01 -2.047403049885739568e-01 5.933619988072232759e-06
-9.786346074674792117e-01 -2.055943011717722702e-01 -2.302816554696347079e-03
-9.789718323059711791e-01 -2.039703727870864625e-01 -3.202052889117542982e-03
-9.787663989424422173e-01 -2.049314310338294087e-01 -4.411286672584845830e-03
-9.785094786395374111e-01 -2.061939277594355691e-01 -1.810788729837087708e-03
-9.785265769621589449e-01 -2.060874336345731583e-01 3.704388778109609596e-03
-9.789320399622688518e-01 -2.041232094514938700e-01 5.078497414150336814e-03
-9.783079534013142675e-01 -2.070053381699710482e-01 7.896383169079554051e-03
-9.786025431283712495e-01 -2.052987565726805408e-01 1.376582004937589032e-02
-9.787959768320118048e-01 -2.042757381953885509e-01 1.516157006756654359e-02
-9.795779625431436655e-01 -2.004764785230453983e-01 1.536917530901163800e-02
-9.802282824633323788e-01 -1.969423472093439487e-01 1.913742207790397956e-02
-9.812624530844163973e-01 -1.915632660749592708e-01 2.067675219273012663e-02
-9.826687136534201228e-01 -1.842598688328516698e-01 2.026116382994673157e-02
-9.831719605856131805e-01 -1.816114695661549261e-01 1.975309721349928146e-02
-9.834329761944269332e-01 -1.805641666596111694e-01 1.600555674177963836e-02
-9.844469044723987983e-01 -1.746292159303395874e-01 1.920791734037403248e-02
-9.850857499603299372e-01 -1.706422314829493803e-01 2.207507714592481934e-02
-9.856714072062973120e-01 -1.675142885572971641e-01 1.977005547952938661e-02
-9.865026807956032151e-01 -1.615503727245503340e-01 2.671990162511079375e-02
-9.876137933463479124e-01 -1.546914505540006590e-01 2.625958086922991486e-02
-9.882033211885209445e-01 -1.510622277368182387e-01 2.518758813532479338e-02
-9.893415466838625383e-01 -1.438555686989372306e-01 2.255869204295376379e-02
-9.900032777188795263e-01 -1.386250724594268458e-01 2.601181850765156914e-02
-9.901521634092969038e-01 -1.365830201527545029e-01 3.072112037693870007e-02
-9.903646865228272755e-01 -1.344287779604614597e-01 3.326720187374904852e-02
-9.907066984655453767e-01 -1.313785280701499358e-01 3.521271630439244682e-02
-9.915435780680057487e-01 -1.241198523456858577e-01 3.788945147940103036e-02
-9.923352907012337187e-01 -1.180421955021626612e-01 3.656126853608551719e-02
-9.934353979032701787e-01 -1.091617051186646314e-01 3.420303622145933614e-02
-9.935717361779028423e-01 -1.065788829544179750e-01 3.815969320567853817e-02
-9.941020820116414081e-01 -1.030236906855758333e-01 3.387011988476061608e-02
-9.946846178103599945e-01 -9.761748827476121604e-02 3.276205619345783776e-02
-9.957970513781797539e-01 -8.636799631182910664e-02 3.047649600784690244e-02
-9.960645104805845307e-01 -8.291500971704821032e-02 3.131464942735473489e-02
-9.965470557341897795e-01 -7.696346347794635889e-02 3.115455248271688238e-02
-9.967430135075238118e-01 -7.410196322313179762e-02 3.181633582862431614e-02
-9.967276888655008937e-01 -7.366922933858625899e-02 3.326821394108590846e-02
-9.975926492553109926e-01 -6.366124894801064582e-02 2.749847954060841843e-02
-9.980472332562669857e-01 -5.653455764807916589e-02 2.656273339393183663e-02
-9.982229699154260283e-01 -5.046135848840127558e-02 3.169492899959179544e-02
-9.984639240152686224e-01 -4.186317075665255127e-02 3.629438808429684415e-02
-9.984764991225673070e-01 -4.094370554589460420e-02 3.699065984174447486e-02
-9.985463252101842713e-01 -3.944264904338059402e-02 3.673593722171286657e-02
-9.984900630456926551e-01 -3.848906864611827128e-02 3.919439816914177532e-02
-9.986081269775783920e-01 -3.294436998082937024e-02 4.118850076355924650e-02
-9.989358881383139099e-01 -2.309449341475987988e-02 3.992181222649531652e-02
-9.990093667808467304e-01 -1.731437146515615519e-02 4.099406062946756718e-02
-9.992111438267760049e-01 -1.125794927308759741e-02 3.808364230404855111e-02
-9.992422301137449114e-01 -3.132356967057931332e-03 3.879650885151420675e-02
-9.990729244977638590e-01 7.030400314998023342e-03 4.247211358464781511e-02
-9.992494371548534815e-01 9.045413590629994977e-03 3.766640709179384233e-02
-9.993295275875795358e-01 1.478257988317341169e-02 3.349605812265835092e-02
-9.990002938574142899e-01 2.118803626893058650e-02 3.936362887065076449e-02
-9.986399272273825956e-01 2.847845583130007019e-02 4.367251884755936342e-02
-9.983427813598155787e-01 3.757873718752922226e-02 4.358377008456214979e-02
-9.979652344753595639e-01 4.189453241257368177e-02 4.806510903660891898e-02
-9.976104870743008890e-01 5.045156648750373507e-02 4.720139042431601567e-02
-9.974327946824584901e-01 5.452612845249771301e-02 4.641914611623120662e-02
-9.969123093231886390e-01 6.146912364790679817e-02 4.886113188553920655e-02
-9.965863676603774479e-01 6.811906049628284332e-02 4.664141000109840035e-02
-9.957129777551436689e-01 8.100259389096939322e-02 4.465715425753231937e-02
-9.953619128327718668e-01 8.560585997561985516e-02 4.388980410854791819e-02
-9.947839821659163473e-01 9.279101570145610600e-02 4.236356807981795508e-02
-9.947037049569817935e-01 9.431566279482300752e-02 4.085475191403496048e-02
-9.940777359846146854e-01 1.016093245849279403e-01 3.853589894076010769e-02
-9.935783501512213123e-01 1.070325706336212462e-01 3.668932291259168615e-02
-9.933036637286002390e-01 1.094615170500018719e-01 3.695975372541332460e-02
-9.921538164515449898e-01 1.179250464099928508e-01 4.152714360519761672e-02
-9.915094673175974815e-01 1.226358829661425287e-01 4.323693160231138061e-02
-9.904496366729811374e-01 1.309258897452216241e-01 4.321972274365268318e-02
-9.889855719622405728e-01 1.411594225615024900e-01 4.451484858925585514e-02
-9.881524157243379847e-01 1.468406256067816551e-01 4.463910670022786659e-02
-9.873176702790612547e-01 1.525628503230653799e-01 4.391367112150870722e-02
-9.861089583299401662e-01 1.607957851525846082e-01 4.163956587951107846e-02
-9.850509407601556466e-01 1.673277981786152335e-01 4.093980605891483354e-02
-9.841587020890690818e-01 1.720072807248359814e-01 4.295532835518244691e-02
-9.846110256030006225e-01 1.716123235136975123e-01 3.302051650475290590e-02
-9.831773043095398679e-01 1.797543235091411395e-01 3.241584919275072862e-02
-9.826774267319101641e-01 1.826322432377807670e-01 3.147307623168837942e-02
-9.819246433753859860e-01 1.870178320403451389e-01 2.912629368299896743e-02
-9.810492208394246960e-01 1.910828361255809682e-01 3.209037086201468880e-02
-9.799382454915630536e-01 1.973708903971359840e-01 2.767277565406953133e-02
-9.788848373385727886e-01 2.024023709031687046e-01 2.859670214916817943e-02
-9.778740013351450155e-01 2.075739170814421553e-01 2.599081024204151838e-02
-9.759466092179955865e-01 2.160064169246977972e-01 2.948660235205297769e-02
-9.749126457509021959e-01 2.202049816163392237e-01 3.248253758910579769e-02
-9.746570626275528060e-01 2.201202823294533539e-01 3.988342596967910797e-02
-9.737647385426984048e-01 2.253234214777937172e-01 3.180574652338113983e-02
-9.718580349170045096e-01 2.330158201702313692e-01 3.457750005868241716e-02
-9.703693796168916252e-01 2.376299156878792784e-01 4.376421718969231156e-02
-9.681446613478699170e-01 2.468284937267906098e-01 4.209068411311565200e-02
-9.682500587831339711e-01 2.467707733854541674e-01 3.995028629768626605e-02
-9.666272624056623242e-01 2.529480196690097604e-01 4.060851197024700765e-02
-9.645795883580799979e-01 2.618143958512806346e-01 3.224059419781497016e-02
-9.614116362190759935e-01 2.732249681072803638e-01 3.218382527567421880e-02
-9.613346159320651507e-01 2.736072306340591731e-01 3.122267796602289439e-02
-9.609557290562072973e-01 2.751176636068973780e-01 2.956981596869545995e-02
-9.598187245373989152e-01 2.790133758113158002e-01 2.999280259110815097e-02
-9.595688789861865908e-01 2.804814636075043111e-01 2.361633190684599148e-02
-9.581143007338439599e-01 2.855445644696011365e-01 2.193865227406053414e-02
-9.574653734143426798e-01 2.877777073355021753e-01 2.107287121860513049e-02
-9.549691270191041914e-01 2.957266377509418231e-01 2.407775538762302672e-02
-9.555264147246775863e-01 2.942814977189546211e-01 1.917516728969118067e-02
-9.536647574716137221e-01 3.002235155752320805e-01 1.973289815761391022e-02
-9.524350732732905778e-01 3.041265317268148083e-01 1.935200520295578611e-02
-9.522089938198055048e-01 3.052169781566917428e-01 1.185936552732103424e-02
-9.524361678740967951e-01 3.043028234034370616e-01 1.628355092257415676e-02
-9.528130049795262568e-01 3.032164944539639251e-01 1.439275096570107049e-02
-9.528148621069665314e-01 3.033452506562500095e-01 1.120329000138070227e-02
-9.526018952715950006e-01 3.041216371177225541e-01 7.724972588753491361e-03
-9.528248192923119975e-01 3.035208033833551311e-01 4.453396202880322008e-05
-9.530348367638015183e-01 3.028549593630285863e-01 1.868109014990901708e-03
-9.512620972102703298e-01 3.083831347852753479e-01 -5.299186884106419585e-04
-9.502747336096979414e-01 3.113907309953646285e-01 -3.709384431775565420e-03
-9.506829510857416343e-01 3.100264612374213913e-01 -9.248576767605171806e-03
-9.502370232958919916e-01 3.112784061068770147e-01 -1.246474012306078051e-02
-9.514689535631961625e-01 3.070156713027343276e-01 -2.117131585867951249e-02
-9.532440777159567613e-01 3.012124013413073897e-01 -2.443019277345935200e-02
-9.533053949654025638e-01 3.005700610958537133e-01 -2.943601684975033148e-02
-9.541269056895717027e-01 2.974284443039369452e-01 -3.432470268571628791e-02
-9.560267125776310548e-01 2.915797116630864383e-01 -3.153114863968697890e-02
-9.570768252977539525e-01 2.881521776337899743e-01 -3.118156106147581055e-02
-9.597211015751252461e-01 2.792177821369057344e-01 -3.119060880073946246e-02
-9.594580125914889956e-01 2.797279341684340559e-01 -3.453435513289405262e-02
-9.610834642368352165e-01 2.739867412505998523e-01 -3.535331958629966270e-02
-9.615217622448035684e-01 2.722763441016996522e-01 -3.662662979142507214e-02
-9.630176913886256962e-01 2.676857122107686449e-01 -3.068065060023337717e-02
-9.626176012350423639e-01 2.694237438245097871e-01 -2.789653847691921096e-02
-9.631095926054954459e-01 2.674443111843730625e-01 -2.989096636791093581e-02
-9.641541740340187072e-01 2.637746034173416576e-01 -2.880458435806224418e-02
-9.643469773630423125e-01 2.625587135233770630e-01 -3.313375994570989802e-02
-9.644331008962540031e-01 2.613606824134591666e-01 -3.948929636354822637e-02
-9.658258676457047720e-01 2.559128986886987089e-01 -4.109742944084902871e-02
-9.671695391184944590e-01 2.502726656573744934e-01 -4.412133950432192003e-02
-9.685653651454484425e-01 2.442925862904727352e-01 -4.692848810032986678e-02
-9.699329480616690757e-01 2.377839678087779185e-01 -5.185439624766636363e-02
-9.713288045057300035e-01 2.317096755614028725e-01 -5.320711692461643771e-02
-9.727141152643046240e-01 2.255909656125954232e-01 -5.418471880108804983e-02
-9.755332034212109704e-01 2.123647402973122544e-01 -5.688764282115985060e-02
-9.764653695808971356e-01 2.080349593889174453e-01 -5.689336943919263284e-02
-9.781173954080512045e-01 1.989915426462559589e-01 -6.073503773830821878e-02
-9.796835685164121399e-01 1.911373802774070096e-01 -6.071758800300567499e-02
-9.812889763370705731e-01 1.817402707355287583e-01 -6.358016313742288761e-02
-9.831624310865698657e-01 1.708367674859675722e-01 -6.485716073983414931e-02
-9.844591555657605797e-01 1.607832842127966677e-01 -7.063232309649822294e-02
-9.862252067934228483e-01 1.504247012366024816e-01 -6.879149107782289718e-02
-9.879697931599372707e-01 1.396768641706304936e-01 -6.637830831327440340e-02
-9.895320683744949219e-01 1.300592935570256126e-01 -6.253706018476996864e-02
-9.910784222526092258e-01 1.187422047016299526e-01 -6.052989157027041656e-02
-9.919235964200211475e-01 1.091796411740999506e-01 -6.455542674155406724e-02
-9.929451215104065920e-01 9.900010984874120512e-02 -6.526087861955985614e-02
-9.940387953849413316e-01 8.482822594038312569e-02 -6.849134360218174511e-02
-9.947968206871652397e-01 8.034033261799457259e-02 -6.264770649272098646e-02
-9.953943778872986758e-01 7.412188921135441644e-02 -6.079470825949237489e-02
-9.957285486414044762e-01 6.528983684442066227e-02 -6.528333279382160514e-02
-9.960480935163125160e-01 5.824758854448526535e-02 -6.704798898707656218e-02
-9.968499736083032969e-01 4.070632965531580105e-02 -6.806720213844197342e-02
-9.976996002821594267e-01 3.233728685613459358e-02 -5.958041630597459698e-02
-9.980960957811134682e-01 2.418414208409461197e-02 -5.673913351824916990e-02
-9.981109505591361231e-01 2.141213614401381998e-02 -5.758532119650575098e-02
-9.981860122920062084e-01 9.571148755324295973e-03 -5.943985699634299347e-02
-9.980489682225885950e-01 1.813761450393046315e-03 -6.240982290908777402e-02
-9.977137180081991907e-01 -4.063787370513327613e-03 -6.745992402108265396e-02
-9.977437749868289796e-01 -1.466422573799898606e-02 -6.551594242477655483e-02
-9.971915224199202621e-01 -2.937073613221850149e-02 -6.889445930000055729e-02
-9.968792748381818392e-01 -4.299390153037430801e-02 -6.620615271565344351e-02
-9.963513338946803355e-01 -5.439293884997326023e-02 -6.576812630035491769e-02
-9.955873324283283088e-01 -6.531858612320026736e-02 -6.737480761780730021e-02
-9.945671823162585135e-01 -7.874769747805854259e-02 -6.808038581218175955e-02
-9.940602774436467781e-01 -8.770355261528185731e-02 -6.443811234754442951e-02
-9.937185492352891281e-01 -9.492729897409266093e-02 -5.926441910470897634e-02
-9.930616892471157975e-01 -1.023987758300187872e-01 -5.781860018350964275e-02
-9.920118733870409988e-01 -1.111267828086291432e-01 -5.969338162871801884e-02
-9.911888926975582770e-01 -1.185650194754175740e-01 -5.905026447922884225e-02
-9.899321278714786621e-01 -1.300086044130994711e-01 -5.596573406091498448e-02
-9.888553806383761913e-01 -1.382679341938615747e-01 -5.519993612867861443e-02
-9.877164983815253096e-01 -1.471543910374959185e-01 -5.255209141072117451e-02
-9.866949975455381328e-01 -1.534826684538068420e-01 -5.362900907117638255e-02
-9.856546447528102828e-01 -1.596052698282531546e-01 -5.487346809154415583e-02
-9.845815478344824845e-01 -1.673690116655516535e-01 -5.086067083905876363e-02
-9.832942085487115236e-01 -1.751463745562092389e-01 -4.956072211918140236e-02
-9.820395802825910847e-01 -1.824648147281791588e-01 -4.800908570731290959e-02
-9.804031054945656631e-01 -1.904087485147078485e-01 -5.053986089009735588e-02
-9.782429429242988084e-01 -2.001291594661700202e-01 -5.467250303095181480e-02
-9.760493847953048974e-01 -2.116930142499937328e-01 -5.013665585910141720e-02
-9.754758685425691800e-01 -2.146632247279059436e-01 -4.864717796589747290e-02
-9.739889055468442525e-01 -2.220319523394007621e-01 -4.524866849717044948e-02
-9.723193286958999870e-01 -2.304493820583786989e-01 -3.857749354818518217e-02
-9.719521537040444192e-01 -2.330967252758443520e-01 -3.122411301219370217e-02
-9.711928587857623363e-01 -2.363654802628923912e-01 -3.026232656136052662e-02
-9.704162006339337454e-01 -2.395429373427231945e-01 -3.019265373668652067e-02
-9.691859844576075078e-01 -2.453258892524571300e-01 -2.222056064799687175e-02
-9.672562322342150853e-01 -2.529544876411474741e-01 -2.072259774340183894e-02
-9.669994694043775318e-01 -2.540707500694132093e-01 -1.897624284259095268e-02
-9.662097387377603930e-01 -2.569889377106794326e-01 -1.988578239128757294e-02
-9.642028623487522987e-01 -2.643184867235091051e-01 -2.118007502334584916e-02
-9.628659818128781911e-01 -2.694175453542497212e-01 -1.741565257673002159e-02
-9.616471333364976504e-01 -2.737485883211797644e-01 -1.721972583348403349e-02
-9.605617482588680867e-01 -2.777169660915461136e-01 -1.394389039569617593e-02
-9.608232884352335690e-01 -2.768639220398098622e-01 -1.284502360196110478e-02
-9.609383529272549351e-01 -2.766152345367634546e-01 -9.028370477588212872e-03
-9.611699075693388439e-01 -2.758137685984228815e-01 -8.898955714311072157e-03
-9.593997761359487342e-01 -2.819984853744134101e-01 -5.379718368029365143e-03
-9.584029930049240420e-01 -2.854137866085093567e-01 -1.640435749796407237e-03
-9.577219859882073472e-01 -2.876940435340494262e-01 -8.674549978089654773e-04
-9.571986926767215298e-01 -2.894231086938687803e-01 2.223618565324831341e-03
-9.582237143991408912e-01 -2.859923774817887954e-01 3.961161705330339643e-03
-9.578236310725601887e-01 -2.873425548964997911e-01 2.857538239567649317e-03
-9.561191720238053637e-01 -2.929594620460173604e-01 3.301528490150307683e-03
-9.556298030929231135e-01 -2.944856073111937200e-01 7.065699282556182383e-03
-9.563210886099596797e-01 -2.921689137331722752e-01 9.344460207629513154e-03
-9.566259803487469071e-01 -2.910142438212503513e-01 1.332145875491547692e-02
-9.578699961849581612e-01 -2.870150656837401892e-01 1.036532461746997487e-02
-9.584270282650623196e-01 -2.851495130498463704e-01 1.036359849048847787e-02
-9.586557076042078185e-01 -2.845427761852085125e-01 3.828876909342597036e-03
-9.589592873304667586e-01 -2.834088721281168288e-01 8.747228013142507169e-03
-9.594242354597783962e-01 -2.818688683538430606e-01 7.422601389717529974e-03
-9.594840921744104412e-01 -2.814119709071818964e-01 1.405692361533380369e-02
-9.587263686758995540e-01 -2.841027816811066975e-01 1.137440536165658725e-02
-9.588834684758500426e-01 -2.831655502609089492e-01 1.896794112330059401e-02
-9.606354251835279578e-01 -2.769279947907055672e-01 2.214686380663739504e-02
-9.626438848457145037e-01 -2.700790344029385670e-01 1.934125093301836823e-02
-9.619295782317414112e-01 -2.723969205217354750e-01 2.216804047956128648e-02
-9.626087187909787568e-01 -2.697213941284904437e-01 2.519606957365807393e-02
-9.642128782008640986e-01 -2.638049861783703931e-01 2.646644425972690534e-02
-9.658634327210152692e-01 -2.571646225851438317e-01 3.121224433971239720e-02
-9.674672120833769373e-01 -2.506896396331968480e-01 3.408689192275185520e-02
-9.687633440981655575e-01 -2.448006343555592379e-01 3.962639204368998552e-02
-9.713075468153733460e-01 -2.341944233983934698e-01 4.140821144231706524e-02
-9.721805385391745213e-01 -2.295612709372225613e-01 4.654720177756076216e-02
-9.735303324387853952e-01 -2.226946203168486682e-01 5.143750363449376556e-02
-9.749897592682381653e-01 -2.165077271722585517e-01 5.019354770028353063e-02
-9.781980816262002554e-01 -2.020051473235941752e-01 4.819182713182666722e-02
-9.788516252651613403e-01 -1.974324626308304464e-01 5.357179582396081469e-02
-9.802052886855506797e-01 -1.897237830092361188e-01 5.659061048045577885e-02
-9.816416860269140399e-01 -1.818890141141146499e-01 5.741085118714806673e-02
-9.839203484823149104e-01 -1.685221133303188290e-01 5.916979325543409579e-02
-9.848563754107169110e-01 -1.613326319628752836e-01 6.348008492666530611e-02
-9.868191694507458811e-01 -1.488812895369430456e-01 6.342166772225750482e-02
-9.878110559438162408e-01 -1.403452968723226113e-01 6.732410337702390835e-02
-9.897340374690628551e-01 -1.267250977978197080e-01 6.608558067961818605e-02
-9.904749262980464541e-01 -1.193382328912897250e-01 6.868643244733173281e-02
-9.917370349228901150e-01 -1.068904781546970995e-01 7.093728812131103179e-02
-9.929646195536389053e-01 -9.707940948039664453e-02 6.780023584818485605e-02
-9.940609219925513607e-01 -8.438513961484910009e-02 6.871718155023701091e-02
-9.952948410398920753e-01 -7.006038165704862875e-02 6.693087124486025996e-02
-9.963455714303455224e-01 -6.108078832306305939e-02 5.970475933410500369e-02
-9.970920191375022279e-01 -4.779870854847246414e-02 5.935324348239361808e-02
-9.976516526296206333e-01 -3.972328046365296295e-02 5.579659157811055897e-02
-9.980101808992651868e-01 -3.312263289276694972e-02 5.365247926503654424e-02
-9.980119601688064446e-01 -2.445030091713992076e-02 5.808897499788259755e-02
-9.981295154276158543e-01 -2.089956607983264186e-02 5.745169644516758684e-02
-9.978340039265212180e-01 -1.946174583367085362e-02 6.283756848837895870e-02
-9.978415765483303890e-01 -1.251182639535293982e-02 6.446441920678722126e-02
-9.976598837050260071e-01 -3.154115444561593137e-03 6.829954021208001214e-02
-9.979912720033708995e-01 1.672460256372303340e-03 6.332963627387783179e-02
-9.978676359392981698e-01 1.062926852562217500e-02 6.439890382466159635e-02
-9.978062859524172712e-01 2.169389262538490987e-02 6.254606011913965702e-02
-9.974963121055639981e-01 3.264984033119198298e-02 6.273048836379536974e-02
-9.972272543653442067e-01 4.056015641317048392e-02 6.239147180926574859e-02
-9.967893658739174212e-01 5.028133767397881260e-02 6.231184520051299275e-02
-9.967369696443904026e-01 5.476469508122644436e-02 5.929806404872026149e-02
-9.965940251171628850e-01 5.897695951838027861e-02 5.763754160331161641e-02
-9.959857357175142534e-01 6.874037049589519499e-02 5.733406099693151570e-02
-9.947015994357755186e-01 8.225874856762729892e-02 6.166235079896500992e-02
-9.936636216478715866e-01 9.436435526677222629e-02 6.105730550702977155e-02
-9.931251263447713473e-01 1.033866959181649336e-01 5.489711748551907161e-02
-9.923873549152751883e-01 1.092750071506051468e-01 5.680078932310621276e-02
-9.908103179948429817e-01 1.220580187795871352e-01 5.828184091964372371e-02
-9.897375138402226824e-01 1.328592196700170980e-01 5.261274021564570080e-02
-9.881581850007183920e-01 1.444387103846586640e-01 5.177720805967882256e-02
-9.874652219998564240e-01 1.495993983692069651e-01 5.032369458199772300e-02
-9.864717599542881521e-01 1.571868270130886147e-01 4.653801661065912199e-02
-9.850245002375531689e-01 1.656055821384837534e-01 4.797440883862791328e-02
-9.843937835725434793e-01 1.694864869539944308e-01 4.736273204568167833e-02
-9.839943587147658155e-01 1.728471098598480804e-01 4.334740300527374635e-02
-9.817891293147117393e-01 1.851590037812186340e-01 4.250020563213036812e-02
-9.805553119751798663e-01 1.914704030055131567e-01 4.301608473927343024e-02
-9.779751684451919447e-01 2.046244966971264567e-01 4.115098750682343737e-02
-9.767201867793274817e-01 2.098467060128248185e-01 4.452028133219586292e-02
-9.739781263092726071e-01 2.222851841883389246e-01 4.422584179923615827e-02
-9.727279920269503721e-01 2.275546175978271635e-01 4.493515614955955612e-02
-9.716863672667364060e-01 2.323038111506783854e-01 4.313422856106268605e-02
-9.706127095196568355e-01 2.376171428627466276e-01 3.806678535240305000e-02
-9.702263735227414365e-01 2.392687717237050593e-01 3.756670871102172488e-02
-9.680120443557657106e-01 2.472465161948946555e-01 4.268326226124702361e-02
-9.660609450159615141e-01 2.547881218487180743e-01 4.253565720759985846e-02
-9.644039164803840380e-01 2.613451496563531928e-01 4.029661501391772205e-02
-9.626754503960793796e-01 2.677532128724877669e-01 3.955012914305609112e-02
-9.602449588410147951e-01 2.765929441482681828e-01 3.776215923273804065e-02
-9.591500556558121282e-01 2.806400209943049062e-01 3.567026392904394660e-02
-9.583190710585849370e-01 2.839031313655462352e-01 3.199356735403091623e-02
-9.568106506856842719e-01 2.893918763432378194e-01 2.767198685350502965e-02
-9.540290941134440539e-01 2.984089421818573729e-01 2.793938139381871300e-02
-9.552399271601448305e-01 2.952609858870405835e-01 1.837525992894645938e-02
-9.543694403611704402e-01 2.982179698639651488e-01 1.565350181324946799e-02
-9.546341874314071552e-01 2.974513450228879474e-01 1.401013578971974441e-02
-9.555783226588325796e-01 2.945649212533836270e-01 1.007942702232840146e-02
-9.541450631583966446e-01 2.990457534871209799e-01 1.337364293839725382e-02
-9.529256888570727391e-01 3.030692976599455024e-01 9.036080297847234877e-03
-9.513824504610586263e-01 3.079516906519080277e-01 6.099790730306441956e-03
-9.526884271440918539e-01 3.039338312947335030e-01 3.000881919291514821e-03
-9.509979187610632101e-01 3.091836056326940363e-01 -2.911119417748207761e-03
-9.504518258702205902e-01 3.108675989664615447e-01 1.637297757209683208e-03
-9.499818004129937377e-01 3.122488612215469361e-01 5.936811193878629468e-03
-9.474447543409902917e-01 3.199057699371518626e-01 2.958695514562268130e-03
-9.453825642134068286e-01 3.259583483395962489e-01 -1.726364426333576712e-03
-9.461327909973803463e-01 3.237466864365233787e-01 -4.565385502123780852e-03
-9.463327268998595887e-01 3.231915069222400794e-01 -1.279755972732910755e-03
-9.492855986641800525e-01 3.144009871608599016e-01 -2.981508823698715040e-03
-9.503432259955587602e-01 3.111520759417587545e-01 -5.670667321559774363e-03
-9.504819714132841657e-01 3.106765905452855137e-01 -8.006007029457926430e-03
-9.508110137863854394e-01 3.096166715719320672e-01 -9.795448055740674231e-03
-9.507958190131868825e-01 3.098006122505314597e-01 -3.302923676651605550e-03
-9.512719990016218485e-01 3.083287177131937007e-01 -3.873481466648022106e-03
-9.508233739331801715e-01 3.095183845062325356e-01 -1.154553416806173780e-02
-9.518201751133572586e-01 3.061600514532114570e-01 -1.744693333989987688e-02
-9.517011668788164513e-01 3.062210739361932998e-01 -2.221623748079169097e-02
-9.501184224882860407e-01 3.111298606657181276e-01 -2.175342337147385258e-02
-9.517219486393485584e-01 3.060562945404121105e-01 -2.355621909462615737e-02
-9.539268365255992865e-01 2.990048754936318609e-01 -2.489364279072613095e-02
-9.546058603460190195e-01 2.970710674768046733e-01 -2.182775034324519262e-02
-9.562106154024417881e-01 2.916709335791443092e-01 -2.427640731202263674e-02
-9.554748654190508006e-01 2.941108728391610416e-01 -2.380324527727641082e-02
-9.554115487667250717e-01 2.943448540032472804e-01 -2.344990109104150636e-02
-9.566994210156088974e-01 2.900295712690063032e-01 -2.467962920499666354e-02
-9.564367475076001046e-01 2.906123782535363631e-01 -2.780669154222825679e-02
-9.578834670875741031e-01 2.854785516356743158e-01 -3.100449347433933620e-02
-9.592419766487455535e-01 2.810210235027188475e-01 -2.969904251263719500e-02
-9.620466453220659631e-01 2.709082028740507631e-01 -3.278744461864083193e-02
-9.635518743026637578e-01 2.659275969426479480e-01 -2.916020165880172516e-02
-9.651029431688813442e-01 2.596450156718757563e-01 -3.407042371971043260e-02
-9.672130935009543018e-01 2.509145172438945748e-01 -3.925246465515928179e-02
-9.688803184116253631e-01 2.442476702398695410e-01 -4.017491012589141652e-02
-9.696190271653949422e-01 2.408337570423404461e-01 -4.287263656315483396e-02
-9.708404078881630594e-01 2.350171796484133435e-01 -4.728474627337557468e-02
-9.725840832952901138e-01 2.271483709294566666e-01 -4.983811921544451656e-02
-9.743624342002787930e-01 2.183460127597705303e-01 -5.424836898700574617e-02
-9.767899097460942537e-01 2.061530028339540466e-01 -5.815867892415846341e-02
-9.795004666513097424e-01 1.934936760305092651e-01 -5.602725420456924899e-02
-9.797193403250638033e-01 1.903391537889028706e-01 -6.261821571690358301e-02
-9.809195875418367239e-01 1.825859893776212439e-01 -6.677679072128092641e-02
-9.827524442767656687e-01 1.734511768553296529e-01 -6.412755228918642914e-02
-9.850278675923925809e-01 1.583687679345871513e-01 -6.811354096438596017e-02
-9.862922123667628993e-01 1.478685868574356743e-01 -7.322959947354833188e-02
-9.882443872748712943e-01 1.333108853353331125e-01 -7.484156886359236149e-02
-9.902405875426019133e-01 1.204049614174755728e-01 -7.018721581690039180e-02
-9.914887638449673135e-01 1.099123363842527401e-01 -6.978058954313601236e-02
-9.932509208145146040e-01 9.371734196007405759e-02 -6.833512415704759424e-02
-9.939370784079215593e-01 8.614502176750475637e-02 -6.832379136825524057e-02
-9.947704075691922165e-01 7.461177887489056637e-02 -6.974912045977392505e-02
-9.955966839615368880e-01 6.539232476917401782e-02 -6.716478037572103099e-02
-9.959155639142045491e-01 5.414726316976379433e-02 -7.225153716314396124e-02
-9.965737048768297246e-01 4.481864049141132816e-02 -6.951374864490779404e-02
-9.969346490134533001e-01 3.573522382062439828e-02 -6.960115244159062464e-02
-9.970041591269710457e-01 2.884698140498219779e-02 -7.176753763817714238e-02
-9.973045152739794528e-01 1.613376924255877781e-02 -7.157811399966279575e-02
-9.975241977707095531e-01 6.368598432248729485e-03 -7.003525458071710452e-02
-9.975867487836868053e-01 -3.152167314180366609e-03 -6.935966786726149858e-02
-9.977858125560463698e-01 -1.105341345596084178e-02 -6.558441201052919722e-02
-9.978543455329133005e-01 -2.067318444811009834e-02 -6.212362860363074279e-02
-9.976007746972226364e-01 -3.196998148763731395e-02 -6.140549854143089598e-02
-9.973777280849427385e-01 -3.924537888008967218e-02 -6.080697653798766006e-02
-9.968500043484261885e-01 -4.922348684268477298e-02 -6.218631606426636149e-02
-9.960993627345521295e-01 -6.008366856721490679e-02 -6.462223474292609626e-02
-9.957831240219106039e-01 -6.834387289538197685e-02 -6.119726756262550138e-02
-9.952542859843290790e-01 -7.540526686031116810e-02 -6.150587433791308845e-02
-9.939330172048751466e-01 -8.894698771688054617e-02 -6.469630171491223825e-02
-9.932416641293492221e-01 -9.907639955819259880e-02 -6.045563949458098579e-02
-9.923789291436825311e-01 -1.076922914772984047e-01 -5.988699338617486934e-02
-9.911564351281334506e-01 -1.178697946206486297e-01 -6.095615872699225446e-02
-9.905435744029219558e-01 -1.240114259443855921e-01 -5.869083418983947475e-02
-9.894255402757790030e-01 -1.357447770325833358e-01 -5.109281748567536668e-02
-9.878826054703233606e-01 -1.468104831151963441e-01 -5.034540742134990809e-02
-9.856767859265914700e-01 -1.619463207344753464e-01 -4.706041473645252576e-02
-9.839309099317513629e-01 -1.733913361442253054e-01 -4.260784780649691517e-02
-9.824515339866750629e-01 -1.824661021996187849e-01 -3.866683866296443534e-02
-9.812080509368245052e-01 -1.901005984948004601e-01 -3.305362781470400080e-02
-9.798246699297035178e-01 -1.972915581800588625e-01 -3.193237013340385899e-02
-9.781054830942477185e-01 -2.060497838013555238e-01 -2.920906126952541038e-02
-9.778242593621992995e-01 -2.075386254513836293e-01 -2.806163687956735042e-02
-9.785654859910262182e-01 -2.037804924803947593e-01 -2.971732124100318062e-02
-9.781366040257908345e-01 -2.049338341042263034e-01 -3.536843552884490899e-02
-9.780859112270043898e-01 -2.054794533255366040e-01 -3.355835579432109306e-02
-9.769608041833127698e-01 -2.098765572626966891e-01 -3.872255930871334323e-02
-9.757253475362503981e-01 -2.163527876844935083e-01 -3.393428892906116129e-02
-9.753037679850183883e-01 -2.190407216153099912e-01 -2.835032488137229079e-02
-9.747489870983471194e-01 -2.216465497832288134e-01 -2.715211934756650569e-02
-9.731694511224576738e-01 -2.282366628098508321e-01 -2.914212986825961971e-02
-9.722359587153167615e-01 -2.319719547612691946e-01 -3.076152484101649445e-02
-9.720074424128395396e-01 -2.331231424784221684e-01 -2.924296420480063455e-02
-9.704292346741926201e-01 -2.393781206054541033e-01 -3.106822437684166049e-02
-9.692125704822530663e-01 -2.446567821092462403e-01 -2.775014733728877608e-02
-9.673986624577584070e-01 -2.518266499408112202e-01 -2.689209337261557961e-02
-9.659716440031118623e-01 -2.575416482736532786e-01 -2.389771044104568518e-02
-9.649972834325418747e-01 -2.611539217797889112e-01 -2.406013896467936938e-02
-9.650943845730725057e-01 -2.610644153518092980e-01 -2.093365933734045448e-02
-9.646779808770735709e-01 -2.627824422906362978e-01 -1.848781777570565263e-02
-9.631605100763359628e-01 -2.683714558509902592e-01 -1.728038303304895579e-02
-9.618360312427980396e-01 -2.729187416427074075e-01 -1.966793591037956090e-02
-9.623094651158381474e-01 -2.711172540313643298e-01 -2.135289541119996665e-02
-9.609655559384396861e-01 -2.758405399206602104e-01 -2.138258791634561548e-02
-9.601735826622547210e-01 -2.786270502740864630e-01 -2.082489458414208197e-02
-9.590751479328767370e-01 -2.824332141772035731e-01 -2.015833193105043275e-02
-9.572633350106130035e-01 -2.885674603518247339e-01 -1.938417956241403339e-02
-9.581698299726945089e-01 -2.859894085565360400e-01 -1.098423793164652815e-02
-9.583963648324087536e-01 -2.852989922422222158e-01 -8.995069310686299238e-03
-9.578611107049398443e-01 -2.872219792821030238e-01 -2.376038982794034977e-03
-9.576696659608369133e-01 -2.878606366912540016e-01 -2.254570131904027209e-03
-9.574477522420432596e-01 -2.886024419055532308e-01 1.565442579341634350e-03
-9.572276358598287294e-01 -2.893269753112240883e-01 2.274391625288808751e-03
-9.569334763378627429e-01 -2.903070166408179276e-01 4.198972902163980274e-04
-9.561393948243189778e-01 -2.929104853092122096e-01 9.610474483611374181e-04
-9.558200250229778039e-01 -2.939443890224073264e-01 -2.189588831377014232e-03
-9.563056267586292902e-01 -2.923598288574543735e-01 -2.301536654192962248e-03
-9.566517398032478026e-01 -2.912291884597900116e-01 -1.739797038579982483e-03
-9.568461324007844215e-01 -2.905935273668307506e-01 9.482397339226227885e-04
-9.569796970417353554e-01 -2.901528713632826606e-01 1.090452293046098456e-03
-9.577053025533608377e-01 -2.877319073799780025e-01 -3.304731084429142485e-03
-9.591572326253544611e-01 -2.828714314839868016e-01 -1.083849987045065483e-03
-9.581785967814352434e-01 -2.861313208959994636e-01 -4.760491113707751056e-03
-9.587969391916101314e-01 -2.840900090534093647e-01 -1.146563480411266940e-03
-9.567445511525966007e-01 -2.909022252122978602e-01 -3.972123536240755939e-03
-9.575370866813067705e-01 -2.883097277745398923e-01 -4.971324684651004348e-04
-9.566976859086476770e-01 -2.910722722099980952e-01 -2.547315518277137435e-03
-9.581252306258565277e-01 -2.863492255734582104e-01 4.269862464269798090e-04
-9.593476982529974828e-01 -2.822205100982262405e-01 1.896432291425105381e-03
-9.584931769619348119e-01 -2.851149677735766996e-01 5.511895557824392743e-04
-9.578519790292285840e-01 -2.872221624545002738e-01 4.799434296021589177e-03
-9.592392478778242193e-01 -2.825068139394894540e-01 7.069961693429778482e-03
-9.590212276734618735e-01 -2.831314003728860329e-01 1.071979245772983723e-02
-9.594056487242272890e-01 -2.819441505789447855e-01 6.950978871852290034e-03
-9.603305030310012036e-01 -2.786917557179172666e-01 9.810672226453072756e-03
-9.600406110841418483e-01 -2.796431057609535253e-01 1.103528489518453698e-02
-9.608467330554464336e-01 -2.768700006102180478e-01 1.079710045007871086e-02
-9.617182968726483150e-01 -2.738689001984903615e-01 9.683076760602539815e-03
-9.629858089172528279e-01 -2.695337098676012233e-01 3.151186964653397357e-03
-9.623918689980817120e-01 -2.716637652647350132e-01 8.414552289431526978e-04
-9.617240368780373139e-01 -2.740191113241470799e-01 6.499547677948267453e-04
-9.615886240653739314e-01 -2.744896867222562653e-01 1.657971362547996236e-03
-9.626772564811992838e-01 -2.706183343318241952e-01 4.270357635661939551e-03
-9.624762912165231166e-01 -2.713425483530357840e-01 3.553769699139468566e-03
-9.623826175711014397e-01 -2.715520321423456340e-01 8.900013041054317953e-03
-9.630375105199144858e-01 -2.691274793406300825e-01 1.136539562482545042e-02
-9.654880092422150062e-01 -2.600587366117089738e-01 1.422591483534099699e-02
-9.665694375219139323e-01 -2.559725356998456269e-01 1.488632163034023757e-02
-9.674209973553051789e-01 -2.526463828394350242e-01 1.632293719251518005e-02
-9.666643243595562929e-01 -2.551228683886325732e-01 2.173534470543402042e-02
-9.686032878209838159e-01 -2.475917600491894521e-01 2.249467435928219003e-02
-9.700712805322886378e-01 -2.415657117050052927e-01 2.465231995816444949e-02
-9.708765885573364951e-01 -2.386731352421841978e-01 2.082795033982723018e-02
-9.711442505717970963e-01 -2.376377691964718375e-01 2.017806834124896351e-02
-9.726745922786121934e-01 -2.314077318393470140e-01 1.883131341072863396e-02
-9.732672673793025808e-01 -2.284517731602571655e-01 2.367768653375283000e-02
-9.740105151070349576e-01 -2.254525271956255295e-01 2.178746619092493050e-02
-9.743635097244316423e-01 -2.236663646400632310e-01 2.427194933541278882e-02
-9.751997333742190577e-01 -2.195938054083918789e-01 2.764163594364583976e-02
-9.758893730716696746e-01 -2.160442656648264015e-01 3.106165269034833615e-02
-9.771881742329134868e-01 -2.105554721754241965e-01 2.774319034786282279e-02
-9.781436936619029021e-01 -2.055652227354956563e-01 3.127096281041036319e-02
-9.796096413395866120e-01 -1.981184322544629617e-01 3.337749039055088601e-02
-9.811517999123728906e-01 -1.903999020979205981e-01 3.300064063855806529e-02
-9.827119254903156076e-01 -1.828964265115267662e-01 2.874348779547565916e-02
-9.840773340203156083e-01 -1.746847380083080548e-01 3.281863050435483709e-02
-9.853219632889497204e-01 -1.658234075250271944e-01 4.053697765333030140e-02
-9.864811477053646582e-01 -1.584096714903638348e-01 4.196834150302201916e-02
-9.871401631220337869e-01 -1.542274615910274316e-01 4.205007650031095112e-02
-9.885730389685162267e-01 -1.444426763266567215e-01 4.312401213300275093e-02
-9.892595175853511336e-01 -1.405032080602247602e-01 4.030478716415584334e-02
-9.896226248847539431e-01 -1.361049447110289912e-01 4.607086981190608443e-02
-9.902757625099786187e-01 -1.310979709643145807e-01 4.655380671681816351e-02
-9.912098847882365726e-01 -1.234389136303788576e-01 4.760062701111090339e-02
-9.918081693629244855e-01 -1.172704337496023042e-01 5.063814221815279848e-02
-9.922838259430253327e-01 -1.117999855651587715e-01 5.360590427669766761e-02
-9.925451787481780475e-01 -1.082722201933022377e-01 5.595726505819971497e-02
-9.934642337193942963e-01 -9.893645703625113252e-02 5.692464226124207410e-02
-9.942671596241231535e-01 -9.044448342068958646e-02 5.703184924379797044e-02
-9.947500737480412525e-01 -8.508896554326736417e-02 5.685226322945391431e-02
-9.955637467935641860e-01 -7.537461984874929688e-02 5.631619529589151907e-02
-9.960947309826354568e-01 -6.786760541074525477e-02 5.647385371829691247e-02
-9.967470407188951942e-01 -5.915009451733749257e-02 5.474142951503771504e-02
-9.969037478116208328e-01 -5.581892362037407102e-02 5.538218445308969173e-02
-9.976417733878282235e-01 -4.331254892956769298e-02 5.324411722346055614e-02
-9.979156497505149437e-01 -3.496104996931975045e-02 5.424114600349803222e-02
-9.983051323028101498e-01 -2.108683485209057740e-02 5.424231895745965093e-02
-9.984931448882486960e-01 -1.689309169005766276e-02 5.221191400299315249e-02
-9.985500723052991301e-01 -1.467380425064695668e-02 5.179240739095705010e-02
-9.987770141188999640e-01 -3.520618411938149922e-04 4.944059778261015309e-02
-9.987241693733771575e-01 6.658141936938411637e-03 5.005720025306392706e-02
-9.987346150609274220e-01 1.752834619470485314e-02 4.713752496427821292e-02
-9.986522739900384193e-01 2.041036085983904610e-02 4.771868960630761686e-02
-9.985508783049609205e-01 2.686213651583121975e-02 4.663249433833666080e-02
-9.980390565664417624e-01 3.513374351580061949e-02 5.180427119225655685e-02
-9.976945481435360863e-01 4.705077725223998086e-02 4.890637664501809589e-02
-9.973569493430332056e-01 5.551728867481707519e-02 4.687181393047890055e-02
-9.972320859630919854e-01 5.769261964624567557e-02 4.690148239206123892e-02
-9.971359137714295162e-01 6.422579232312967956e-02 3.993791912406292888e-02
-9.970228842050139484e-01 6.707717721251590937e-02 3.802684528315083273e-02
-9.970213223002352132e-01 6.843044659465788437e-02 3.557776194046382429e-02
-9.968539132188910523e-01 7.041104950345154767e-02 3.639478131787322879e-02
-9.959468257616741482e-01 8.047299058186034582e-02 4.017510319705799166e-02
-9.953873269218782571e-01 8.830065110824875108e-02 3.751113469101369918e-02
-9.947569610847184496e-01 9.527488830898601935e-02 3.716590938305811692e-02
-9.939081248352230613e-01 1.040124225193533869e-01 3.644277812200594907e-02
-9.930964318298342031e-01 1.112356153860309393e-01 3.723084396573589361e-02
-9.925262351091904689e-01 1.155930782094920506e-01 3.911436724973802598e-02
-9.911002373819788325e-01 1.270499745520987378e-01 3.973215758942161280e-02
-9.905070384944866246e-01 1.325276141790535933e-01 3.650012476779455201e-02
-9.893337311382313093e-01 1.405322126719259768e-01 3.833388422654435135e-02
-9.887642280553256002e-01 1.450243996409447678e-01 3.623873368754294833e-02
-9.882869704190407889e-01 1.497081719306884162e-01 2.960317730008751175e-02
-9.875489750478507744e-01 1.535666630667613108e-01 3.412217399429690046e-02
-9.868053402855532230e-01 1.583601279578643883e-01 3.372404363603322824e-02
-9.857123188417460380e-01 1.646965384687962553e-01 3.530291293920853612e-02
-9.853813546510191701e-01 1.671182379870058132e-01 3.309231568177967847e-02
-9.844484559919586264e-01 1.729466739695008359e-01 3.083352589461093099e-02
-9.844602977706218283e-01 1.735670138437658272e-01 2.669147203551295797e-02
-9.841084122568636294e-01 1.760148678851745085e-01 2.343971130719060131e-02
-9.842200343257547779e-01 1.759121107464872436e-01 1.912783840943876879e-02
-9.833695685306740319e-01 1.800009241299210527e-01 2.416567886874616128e-02
-9.824739848577620505e-01 1.853100029985561559e-01 2.012691618221846418e-02
-9.818327342481349973e-01 1.889367624041658200e-01 1.753290150815209336e-02
-9.813465612235935387e-01 1.908683195394725862e-01 2.298330587772355951e-02
-9.792028512713728539e-01 2.017196437855363622e-01 2.170212594660376679e-02
-9.789726774196826353e-01 2.031212331177253971e-01 1.882239127875285495e-02
-9.784779638130064461e-01 2.058693523059553221e-01 1.409627703795801254e-02
-9.768872789032517767e-01 2.131229930320416854e-01 1.642726851862505444e-02
-9.768910018308716303e-01 2.132650950224785624e-01 1.421234614015265754e-02
-9.768153701032339375e-01 2.138367807828882305e-01 1.027545175133120180e-02
-9.763422146710490912e-01 2.158793115942091445e-01 1.232978865465333973e-02
-9.760249511927755472e-01 2.174091067120299259e-01 1.042093823132144749e-02
-9.766337172779996356e-01 2.143100314591165068e-01 1.605657347711418256e-02
-9.755294229036323150e-01 2.191214312561028943e-01 1.811530623607252727e-02
-9.751096116885679121e-01 2.212278236208327920e-01 1.481607763472426835e-02
-9.729820524638710388e-01 2.302870421747031660e-01 1.654765266462010845e-02
-9.719944715973392046e-01 2.346188058980574753e-01 1.344559631658271727e-02
-9.712841994223845310e-01 2.377968025493182314e-01 7.726938737259086282e-03
-9.711900071923457167e-01 2.380440565380177731e-01 1.118114605444212040e-02
-9.726275412673474063e-01 2.323433007917700410e-01 3.503960236676028142e-03
-9.719801364347701034e-01 2.350145060591226909e-01 4.776771320763606617e-03
-9.711316120159284582e-01 2.384140158967081036e-01 7.884823028127770084e-03
-9.717419902518973363e-01 2.360422308973484096e-01 1.261317265111021324e-03
-9.722171591879261721e-01 2.340580122589886181e-01 -3.265526507581897886e-03
-9.731834374121731690e-01 2.300109238186118787e-01 -2.998907959184564983e-03
-9.741543819502550550e-01 2.258251546958718881e-01 -5.124557883205924265e-03
-9.738266094721858002e-01 2.271038596807964105e-01 -9.251651003799984258e-03
-9.750944564609357323e-01 2.217616096338366205e-01 -3.551157797922041906e-03
-9.759616706539590014e-01 2.178894530907617977e-01 -4.798430039992231111e-03
-9.762805194663004560e-01 2.163043521712786632e-01 -9.423156933257879203e-03
-9.777833326314366857e-01 2.090384410380607405e-01 -1.557903422136471504e-02
-9.778958152354071398e-01 2.088091918817217840e-01 -1.088658098248604031e-02
-9.776097010359342532e-01 2.093132049204075862e-01 -2.161657885997114031e-02
-9.794947931302555588e-01 2.002792021498474850e-01 -2.186808683635069542e-02
-9.804032903815492750e-01 1.955016641458100224e-01 -2.425921173486930704e-02
-9.829474219471192598e-01 1.825150321198835135e-01 -2.241986527953867755e-02
-9.837509539386980473e-01 1.784226752141978845e-01 -1.998577436598858795e-02
-9.845213687500262711e-01 1.741757766213369030e-01 -1.950627794824199082e-02
-9.842382076956460724e-01 1.758308450444432125e-01 -1.893900763636607518e-02
-9.843597183212792201e-01 1.748362305231699332e-01 -2.163929357118448901e-02
-9.845299728540328754e-01 1.733368596647183735e-01 -2.559467275863277352e-02
-9.855037776497493907e-01 1.674653074904516314e-01 -2.716057271806701992e-02
-9.854881792640590721e-01 1.674715669373815774e-01 -2.768292765861298660e-02
-9.866883743763846804e-01 1.605206455384524389e-01 -2.606138692690988107e-02
-9.870519874273979699e-01 1.579114984083507811e-01 -2.814879116596820385e-02
-9.881707240281638605e-01 1.503797770754037311e-01 -3.007597954385667419e-02
-9.889083982963592367e-01 1.459841913298290939e-01 -2.736452648187798209e-02
-9.901301656978293009e-01 1.372525743094442918e-01 -2.835502635033774685e-02
-9.897041385564030458e-01 1.405426621771928009e-01 -2.708320459979621925e-02
-9.902949389257310608e-01 1.364529832153626998e-01 -2.639202579748399155e-02
-9.906113440232416911e-01 1.338994842003171926e-01 -2.757018230701680991e-02
-9.910632658093828651e-01 1.296888488410574136e-01 -3.121582196722885380e-02
-9.916836359916199051e-01 1.254358122476708637e-01 -2.880008631634648278e-02
-9.922999634185070139e-01 1.202538177398763952e-01 -2.966182394680470444e-02
-9.932866096884606089e-01 1.117370076198635209e-01 -2.994284598923546703e-02
-9.940645364609281831e-01 1.056898067243970674e-01 -2.579503317366883472e-02
-9.943953086832224564e-01 1.025524326980783718e-01 -2.570973059275880740e-02
-9.948812014036072515e-01 9.752548239949028475e-02 -2.646123632674018261e-02
-9.948066986146347768e-01 9.654389619643900800e-02 -3.223244075202478381e-02
-9.956197438663630939e-01 8.769734775501471236e-02 -3.241176584419450113e-02
-9.958881977298764676e-01 8.597847680767305156e-02 -2.853806003255832460e-02
-9.961940928976805720e-01 8.352719803792166275e-02 -2.491100494321922890e-02
-9.966059937696138959e-01 7.747866461818307682e-02 -2.781315376694969838e-02
-9.968578207276657110e-01 7.409830187689334102e-02 -2.799908444441304156e-02
-9.971839504589614656e-01 7.014776277186346443e-02 -2.652323760421961690e-02
-9.977130093783863618e-01 6.153010021284745223e-02 -2.797891308254078779e-02
-9.977537516312308119e-01 6.098797154513083824e-02 -2.771173622126162431e-02
-9.978813191269341187e-01 6.012452266753793434e-02 -2.485833017524383126e-02
-9.981926985895138715e-01 5.620846525408055433e-02 -2.125950837492437961e-02
-9.985056467049322482e-01 5.160012861739986939e-02 -1.799783195008759773e-02
-9.987095731231054874e-01 4.691739049136082335e-02 -1.944141927954294233e-02
-9.985731468842901082e-01 4.652914246655971697e-02 -2.620555379183124242e-02
-9.987201109348001760e-01 4.185272759476321713e-02 -2.839913842306005659e-02
-9.986794535943107620e-01 4.251870226932136926e-02 -2.883627542083316495e-02
-9.989228696904018934e-01 3.729100265368672645e-02 -2.761346350490134424e-02
-9.989209783618876459e-01 3.312718180381265393e-02 -3.254982041866440190e-02
-9.988526706621001505e-01 3.069511689235510099e-02 -3.675832159013832368e-02
-9.987158699083632518e-01 2.474756519404165689e-02 -4.420623793729332868e-02
-9.990648710501668361e-01 1.999559818882486531e-02 -3.833512135069100379e-02
-9.991833640570256803e-01 1.628250888454738782e-02 -3.697981735011154208e-02
-9.990640448948898689e-01 1.165298378134408189e-02 -4.165650622801231329e-02
-9.990685770631971829e-01 2.101331793425189817e-03 -4.309971140021259112e-02
-9.991798396685163119e-01 -2.826616113721108596e-03 -4.039406582781788352e-02
-9.990097386808461932e-01 -4.791891512855058280e-03 -4.423349580538241815e-02
-9.987623783606985883e-01 -8.500060039621093119e-03 -4.900492800695620266e-02
-9.985121634171048033e-01 -1.346679900173458275e-02 -5.284058373963591154e-02
-9.979961206114058569e-01 -1.749359126237105128e-02 -6.080904683011097850e-02
-9.976900895013014470e-01 -2.703478991152536218e-02 -6.231876241975430053e-02
-9.974261613838411034e-01 -3.445525918927476450e-02 -6.288012753350247230e-02
-9.967403906243488265e-01 -4.427918044423655858e-02 -6.743864439598735994e-02
-9.967238068685669861e-01 -4.928668454487829254e-02 -6.412876337969769525e-02
-9.964249951735356658e-01 -5.740862750613675430e-02 -6.197984486938146187e-02
-9.961914688197448520e-01 -6.134586689938679310e-02 -6.196180076020981614e-02
-9.957991779103394503e-01 -6.775640995873333239e-02 -6.158805784038011433e-02
-9.954903840649647062e-01 -7.248575923536641763e-02 -6.119422050252353723e-02
-9.946878168648669583e-01 -8.239697132027240523e-02 -6.170015248235290184e-02
-9.935933922377336858e-01 -9.339894219499603190e-02 -6.363042976214927648e-02
-9.934019753033602740e-01 -9.766301247086257853e-02 -6.012049938299979246e-02
-9.928100963407215929e-01 -1.032809029807809781e-01 -6.050777370832193663e-02
-9.915614507320423821e-01 -1.148570144900741691e-01 -6.011471207278842876e-02
-9.912184977760422067e-01 -1.191327474149696947e-01 -5.738728953989465087e-02
-9.900658082963773587e-01 -1.290909248882064209e-01 -5.572478001641757023e-02
-9.888328721640576857e-01 -1.396087112647379225e-01 -5.214385172629329435e-02
-9.870207138071722675e-01 -1.517748896573136164e-01 -5.248348330891976221e-02
-9.869909870287991716e-01 -1.544671463134389411e-01 -4.459500971910779904e-02
-9.864706536589559205e-01 -1.589063091154529761e-01 -4.030455241290132468e-02
-9.856946546104009554e-01 -1.641309504808390329e-01 -3.830276014458462719e-02
-9.856314654620313975e-01 -1.649719598865771741e-01 -3.626140104576827672e-02
-9.850804020046547427e-01 -1.688849256881371219e-01 -3.308331727665368704e-02
-9.836039841167371067e-01 -1.765059251833558662e-01 -3.699842436386572425e-02
-9.826997850278114122e-01 -1.817638909050964813e-01 -3.553931646378363784e-02
-9.807418910273355550e-01 -1.921356762300843457e-01 -3.506062767316996120e-02
-9.805686569508321737e-01 -1.936363575691593952e-01 -3.146573557514721620e-02
-9.803214940475348804e-01 -1.944149446253252977e-01 -3.424354099450119260e-02
-9.781765213238765577e-01 -2.047997927223222936e-01 -3.503941453209448442e-02
-9.769092567451638232e-01 -2.105762204509802060e-01 -3.613837327000245236e-02
-9.768714620853070629e-01 -2.118843164455133654e-01 -2.876118085590590595e-02
-9.761253756511197865e-01 -2.153890466826882399e-01 -2.805052730575048267e-02
-9.763895598587791769e-01 -2.144590883047474694e-01 -2.589882928522539707e-02
-9.757989762046197502e-01 -2.167447918677256335e-01 -2.894953860033678411e-02
-9.747081781935131861e-01 -2.221123649049451254e-01 -2.469994223882130552e-02
-9.724199616802432500e-01 -2.321120015408901782e-01 -2.287922955141274278e-02
-9.720364755388006817e-01 -2.341426344034019946e-01 -1.795380779075907499e-02
-9.724172948557396889e-01 -2.327196833804538734e-01 -1.568999312023641388e-02
-9.717690675069573514e-01 -2.357560049361148158e-01 -9.165576184064803261e-03
-9.726602551856790013e-01 -2.320783977436290668e-01 -8.465666647252024710e-03
-9.719926738544278910e-01 -2.349044234236418449e-01 -7.083505457572594755e-03
-9.712510483345185852e-01 -2.378598962273575368e-01 -9.700163568700556627e-03
-9.708430223676486337e-01 -2.396993742060272159e-01 -2.838682033303557319e-03
-9.721907028910055093e-01 -2.341905379525621167e-01 2.266443967638203869e-04
-9.720690335541022353e-01 -2.345937360467671429e-01 6.898932914857696524e-03
-9.712035540615990836e-01 -2.381847338333424602e-01 5.631292476200143969e-03
-9.718715094815355560e-01 -2.353655085769706667e-01 8.298721895507229357e-03
-9.725313060785931718e-01 -2.326280910441516914e-01 8.188547286944654682e-03
-9.724792680127929412e-01 -2.328209331910272017e-01 8.860513864706072787e-03
-9.731662018594658958e-01 -2.297759354203525450e-01 1.227132718930194419e-02
-9.731976434474181037e-01 -2.293848303608380934e-01 1.640026904832268470e-02
-9.733474316315809949e-01 -2.286284744124573165e-01 1.799501234494643026e-02
-9.746603999018834674e-01 -2.228509622859580763e-01 1.935396361011878022e-02
-9.762867361959390866e-01 -2.155653912159348762e-01 1.989455402115571786e-02
-9.760294679456721356e-01 -2.164216835237462722e-01 2.298162419925855321e-02
-9.769999009330697648e-01 -2.112040028016877180e-01 2.939533196364255488e-02
-9.769628741902807167e-01 -2.111662955371887418e-01 3.086034428198758742e-02
-9.776788261873057273e-01 -2.082177186696461402e-01 2.809834894583652931e-02
-9.778822367560053852e-01 -2.067964387494026501e-01 3.133028469334703248e-02
-9.787786513515618347e-01 -2.019582783817593097e-01 3.471639770105607037e-02
-9.811689692288545483e-01 -1.894328735971180788e-01 3.771820796120780445e-02
-9.817803053727137685e-01 -1.870305163198320020e-01 3.357142991350086508e-02
-9.821526434862292154e-01 -1.843409346269052618e-01 3.734471551763834940e-02
-9.830064564301059793e-01 -1.786573438825465321e-01 4.218866498496006562e-02
-9.839618510044548794e-01 -1.736484181262129833e-01 4.080840524779696943e-02
-9.848107191928265891e-01 -1.686076500809221557e-01 4.146481648105575929e-02
-9.852662121378062965e-01 -1.652306717720368467e-01 4.415132728926592087e-02
-9.861709261952490424e-01 -1.576004527034020331e-01 5.127402249144770441e-02
-9.873067492123205335e-01 -1.489567760286454323e-01 5.511157567822813630e-02
-9.890581696540975409e-01 -1.359698467068017336e-01 5.723776740135919777e-02
-9.909602522753360176e-01 -1.204143036441069348e-01 5.914556817990840321e-02
-9.920316024629168838e-01 -1.087622474926620564e-01 6.359322079565650487e-02
-9.931620997480928859e-01 -9.682431095826841971e-02 6.522362320531913116e-02
-9.941601022962662793e-01 -8.596878541152054576e-02 6.523100130004345909e-02
-9.951406753791759430e-01 -7.488085640608624360e-02 6.393682924887389429e-02
-9.962095505197653411e-01 -6.300628558902597598e-02 5.997302452410359364e-02
-9.966911014269419500e-01 -5.233681736269514551e-02 6.219107994059226013e-02
-9.972374118836976331e-01 -4.179809705644346035e-02 6.140429878133102370e-02
-9.978797549087606855e-01 -3.247768210042561998e-02 5.640229548225854372e-02
-9.982101459818312206e-01 -2.686654720187294995e-02 5.342955218939547668e-02
-9.985710515461492243e-01 -1.343013229612998252e-02 5.172533601197799175e-02
-9.985092004879164707e-01 -2.209584744622518707e-03 5.453914560086922658e-02
-9.987592359109799256e-01 7.862008326172733111e-03 4.917521108854731177e-02
-9.987072673973294012e-01 1.237960383525675556e-02 4.930074381087855978e-02
-9.984786389095050563e-01 1.882931910149453561e-02 5.182555719600248634e-02
-9.983258754977235583e-01 2.331484526802853063e-02 5.293286631864017183e-02
-9.983881477762411860e-01 3.187227706004627098e-02 4.696049530823211138e-02
-9.983545576835153312e-01 3.917004158709602724e-02 4.187969333763204294e-02
-9.978240413507903916e-01 5.419460895369325459e-02 3.755197046723642018e-02
-9.973679547670296630e-01 6.153396615463193470e-02 3.835045636311481404e-02
-9.969052658270123324e-01 7.101136553443192223e-02 3.372388330217749447e-02
-9.964411285277099406e-01 7.580952178450538204e-02 3.685128554125494810e-02
-9.962225270294973178e-01 7.911998352706400839e-02 3.578726436433877361e-02
-9.959594274359179211e-01 8.437987722948639413e-02 3.073887512118348223e-02
-9.962086172758927161e-01 8.126840523990061516e-02 3.104610120057936171e-02
-9.957924427210687046e-01 8.518541530192974554e-02 3.377690616122464712e-02
-9.953566882092983459e-01 8.863695262156247312e-02 3.753101882008718498e-02
-9.946355322490320061e-01 9.690861812177209433e-02 3.617873927488206298e-02
-9.938867394381165621e-01 1.037522377812668956e-01 3.774448081270078553e-02
-9.935678804421754773e-01 1.061934786901839317e-01 3.931711551274200828e-02
-9.932761326662090662e-01 1.094318480558074680e-01 3.777854465718741978e-02
-9.923200577559990743e-01 1.164147267615617681e-01 4.181552420720324043e-02
-9.917342605327135185e-01 1.220953300104941353e-01 3.944503113396483074e-02
-9.907835269246199061e-01 1.285698695247590451e-01 4.263584368479378384e-02
-9.902196669074265767e-01 1.327030180140376103e-01 4.306906117582792737e-02
-9.901165435191997544e-01 1.343587985722785039e-01 4.021153120113699769e-02
-9.890962324494791957e-01 1.414361820185640606e-01 4.104233376676539452e-02
-9.882609646162758832e-01 1.479414413493501390e-01 3.812636105895226418e-02
-9.877022816986099629e-01 1.530862330652506542e-01 3.176210844124685573e-02
-9.869072904154884140e-01 1.584347039908319821e-01 3.020708879079818387e-02
-9.871144459649499048e-01 1.574722917430912694e-01 2.841780125988849909e-02
-9.866486954987058189e-01 1.601362777403983473e-01 2.967739484475358236e-02
-9.855628321165155192e-01 1.670322104081372605e-01 2.767974080832412420e-02
-9.843410447469583824e-01 1.746952999800359396e-01 2.354321766780495193e-02
-9.833678359908775146e-01 1.799204353712699211e-01 2.482658683699259794e-02
-9.824949201826681522e-01 1.845287725611019503e-01 2.555165906421648717e-02
-9.812403652809262855e-01 1.908370925101783300e-01 2.736006381857878159e-02
-9.798207512323586776e-01 1.980171066928835266e-01 2.721294422412079070e-02
-9.778798989106927131e-01 2.069993809540660035e-01 3.003636286703800437e-02
-9.770634434907280452e-01 2.115515819426045940e-01 2.435115876343285635e-02
-9.752101392274098446e-01 2.198162134546729207e-01 2.541731833422669617e-02
-9.743543633408177085e-01 2.237305466080691807e-01 2.404663261281147005e-02
-9.743101629759333138e-01 2.240756353689210001e-01 2.257962220996662106e-02
-9.739681591994353571e-01 2.260426745978371676e-01 1.705161232186606229e-02
-9.736877325489732282e-01 2.275994581918209247e-01 1.143282362630050966e-02
-9.718536009465376102e-01 2.353146569571969438e-01 1.129663154983346143e-02
-9.702067217837530011e-01 2.421809080952255777e-01 6.880979211190438143e-03
-9.698622662764082580e-01 2.433891301057244383e-01 1.135512939764369428e-02
-9.693509445485962717e-01 2.452497378180346910e-01 1.453738646580712314e-02
-9.676379574162323749e-01 2.520109878936399039e-01 1.293323271974666441e-02
-9.664625061032515729e-01 2.564951217415028517e-01 1.266885838059780486e-02
-9.672210623371770843e-01 2.537641108684930979e-01 9.338942626160638347e-03
-9.686772073981211317e-01 2.481508462933459946e-01 9.254652752095913690e-03
-9.697166430515909985e-01 2.440744999096386425e-01 8.791696883288548092e-03
-9.692924403623326413e-01 2.457981064179439734e-01 7.448434533279070513e-03
-9.689416321239432417e-01 2.471380284292864493e-01 8.656309355265975544e-03
-9.689865619494808513e-01 2.468942665202653597e-01 1.040611225106598606e-02
-9.689579970690728183e-01 2.471921182144611595e-01 4.059545192389876073e-03
-9.690524687949462201e-01 2.468416308158422889e-01 2.558382766193410904e-03
-9.695422898964884961e-01 2.448952687762295244e-01 3.752162195596599539e-03
-9.681220618539692069e-01 2.504424856366679886e-01 4.272944326400478568e-03
-9.693820789638726287e-01 2.455417770972665725e-01 2.764783738932924222e-03
-9.696917616694644693e-01 2.443217667812699334e-01 2.187459407301937508e-03
-9.692813282207412007e-01 2.459474346861235672e-01 1.894593126067947719e-03
-9.678473634094509892e-01 2.515379432824416117e-01 -4.093109109840941187e-04
-9.686326370694303689e-01 2.484578480273121615e-01 -4.419910257435800092e-03
-9.692525043370631144e-01 2.460550730786405516e-01 -2.550937524205321161e-03
-9.691394272616323802e-01 2.464762448038619325e-01 -4.272552420610007534e-03
-9.707333321562783279e-01 2.401414274354020939e-01 -2.985982932922191628e-03
-9.708785902315245631e-01 2.395246883783424818e-01 -4.765513463457838814e-03
-9.709511546634131962e-01 2.391807544194723412e-01 -6.815087233756948748e-03
-9.709546941745549331e-01 2.390572616104251757e-01 -9.931313362310454848e-03
-9.709134722558648845e-01 2.393055974520738316e-01 -7.738467684962736445e-03
-9.712224825587288946e-01 2.378359297572036346e-01 -1.268792416571924708e-02
-9.731034122487379756e-01 2.300467905560875104e-01 -1.217566138725563636e-02
-9.739469682260426531e-01 2.261096879080539968e-01 -1.737054214140762443e-02
-9.759195268423014324e-01 2.173670588887840760e-01 -1.823903810614612916e-02
-9.754511454873933118e-01 2.187947445878681285e-01 -2.497891519602359056e-02
-9.760040392232373074e-01 2.163108863091444123e-01 -2.501478724202095202e-02
-9.759392738545104029e-01 2.159152821899963937e-01 -3.038335735045491481e-02
-9.785384317652274788e-01 2.038939183963447144e-01 -2.983004050653300515e-02
-9.798542801777936351e-01 1.973022184492978504e-01 -3.094265629628209502e-02
-9.813636326019762324e-01 1.897059549824237912e-01 -3.061200759038857147e-02
-9.819702633693880856e-01 1.862360284212452033e-01 -3.241245741642859862e-02
-9.828717841528759047e-01 1.810066123560858387e-01 -3.463648506026933971e-02
-9.837664140596495965e-01 1.755303583294252900e-01 -3.731969837629640213e-02
-9.851526852824118441e-01 1.682006205395462084e-01 -3.439130591348535382e-02
-9.856023616443302382e-01 1.636561436698239502e-01 -4.248147212119122995e-02
-9.860951824339103666e-01 1.592219423790319222e-01 -4.758874328313002916e-02
-9.866870899032604836e-01 1.549014759767135541e-01 -4.953931463887786130e-02
-9.879878968457289634e-01 1.458949442064288726e-01 -5.093726872303210029e-02
-9.891631441209977060e-01 1.371982669102645158e-01 -5.227747465967352153e-02
-9.897929111379063505e-01 1.303077319643136389e-01 -5.770539695886141296e-02
-9.908475411031301139e-01 1.237022346981391935e-01 -5.402714100417679161e-02
-9.913839753101936214e-01 1.186148552802294004e-01 -5.557296319073437574e-02
-9.923264543221874678e-01 1.108058646343538095e-01 -5.486613745135535819e-02
-9.934829457089461302e-01 1.009806841381221815e-01 -5.286362210264424627e-02
-9.944435745018609385e-01 9.076161237689217565e-02 -5.333227380518843624e-02
-9.949356116194485455e-01 8.429915543706605063e-02 -5.474308877581912647e-02
-9.959064172402377624e-01 6.989184784870469680e-02 -5.731982713313617250e-02
-9.970534017303953611e-01 5.854122268235122800e-02 -4.957280879121842010e-02
-9.975303372911248356e-01 4.932942420110481008e-02 -4.999858136567096600e-02
-9.975443385022447762e-01 4.102968724089164215e-02 -5.676162376489832934e-02
-9.978490769806079852e-01 3.391286137287424785e-02 -5.609957056085330268e-02
-9.982727990125112028e-01 2.279463371533826249e-02 -5.414653915122441541e-02
-9.982943560257764304e-01 4.752849578327254104e-03 -5.818774749883852404e-02
-9.984755545632959528e-01 -7.870756326202443115e-04 -5.519032672427675451e-02
-9.986388581166758538e-01 -4.719178865559938915e-03 -5.194405691731424080e-02
-9.982710593713531866e-01 -1.704023660850100333e-02 -5.625430944137421035e-02
-9.983613891242154592e-01 -1.925165964052910628e-02 -5.388817371533449752e-02
-9.982717724829153205e-01 -2.532469893800494420e-02 -5.302973511889596397e-02
-9.982200228961415345e-01 -2.677757315334097082e-02 -5.328951480424964221e-02
-9.982660316588481964e-01 -3.352255167498027072e-02 -4.838587882968435616e-02
-9.978888080650277770e-01 -4.694047244151813153e-02 -4.488366475014223672e-02
-9.973747002587866062e-01 -5.308739733323258880e-02 -4.924896259218589090e-02
-9.975105605647179852e-01 -5.121000801961648335e-02 -4.847928873622879553e-02
-9.971233213651176097e-01 -5.862310935454930622e-02 -4.804620488925374910e-02
-9.964816927691541038e-01 -6.540888046319133509e-02 -5.240171055640330949e-02
-9.960379993931174347e-01 -7.223487513184724540e-02 -5.186956221722735516e-02
-9.956115974380830291e-01 -7.537487556327049365e-02 -5.546350362601155243e-02
-9.946056788800897719e-01 -8.517291574209927274e-02 -5.920425089281047826e-02
-9.933828377997078185e-01 -1.009596956452526451e-01 -5.475127600771088898e-02
-9.927484791822906995e-01 -1.096337541711714381e-01 -4.930437492861962367e-02
-9.909116042257017920e-01 -1.231640841648436457e-01 -5.408165748509753679e-02
-9.897473363749683672e-01 -1.315817800316588515e-01 -5.555600830973470017e-02
-9.888263143840813063e-01 -1.394120738642302404e-01 -5.279032304203572917e-02
-9.880417199666688965e-01 -1.443021304113925041e-01 -5.431831487657046154e-02
-9.873911156257868527e-01 -1.501248752881674808e-01 -5.021285799020030333e-02
-9.864960291079070132e-01 -1.558790171217730447e-01 -5.027266735014727927e-02
-9.854082007196538484e-01 -1.635428277257172935e-01 -4.716403186919308071e-02
-9.841002302379693312e-01 -1.703849481815847833e-01 -5.015706106827009375e-02
-9.832415681526225359e-01 -1.742711488604280490e-01 -5.353139178746738058e-02
-9.806318185654737674e-01 -1.871822004577113063e-01 -5.765487752351350359e-02
-9.794403002239153722e-01 -1.939718778932325027e-01 -5.542231922196919763e-02
-9.779213879470478599e-01 -2.023598586984362013e-01 -5.215621828852305686e-02
-9.778110285760286402e-01 -2.043392214293904274e-01 -4.616383376724846749e-02
-9.777711789929262043e-01 -2.042032730215400660e-01 -4.758749191750193119e-02
-9.758691967493030583e-01 -2.145024266027240889e-01 -4.084169827604246933e-02
-9.763228620528376922e-01 -2.128306263932836784e-01 -3.868873263722649031e-02
-9.739808217142436053e-01 -2.240867032177668583e-01 -3.386048590503473038e-02
-9.729452557837690030e-01 -2.284031418218827048e-01 -3.477870357676859231e-02
-9.707015908239521318e-01 -2.380441272837363342e-01 -3.276338012735660610e-02
-9.695510741357805662e-01 -2.427048478491244665e-01 -3.263580107319293683e-02
-9.694314326184826358e-01 -2.443371684688812051e-01 -2.240690752382731854e-02
-9.682949690560771483e-01 -2.488850890963603124e-01 -2.147298925570796657e-02
-9.673066226584137173e-01 -2.527460583030427532e-01 -2.091295544270983103e-02
-9.652392496099821972e-01 -2.608091153078366808e-01 -1.708274507664647029e-02
-9.633457906099884838e-01 -2.678119992431209351e-01 -1.554491871629194201e-02
-9.622479551933987851e-01 -2.719894239462349317e-01 -1.003242571716935622e-02
-9.611336781017881803e-01 -2.756460532641322181e-01 -1.553479442271049615e-02
-9.620537360425931439e-01 -2.725997677737647118e-01 -1.191634665583561278e-02
-9.631597864130007070e-01 -2.687814999278547723e-01 -8.930561917880740219e-03
-9.629358008137995917e-01 -2.694541816747955121e-01 -1.221111427526142511e-02
-9.629841079977730089e-01 -2.693156770434659286e-01 -1.143230800444002514e-02
-9.622946138665736671e-01 -2.719017995302625557e-01 -7.649265333091998138e-03
-9.624372237585472334e-01 -2.714973653828577915e-01 -1.947994327241213929e-03
-9.615575506418735374e-01 -2.746034352610869922e-01 2.321295846556812627e-04
-9.613530551898219478e-01 -2.753185598672690526e-01 -1.326993158891184767e-04
-9.608905277330258565e-01 -2.768606708659900328e-01 6.130772556955722472e-03
-9.605079338567104053e-01 -2.781204778300990776e-01 8.575111285249402068e-03
-9.615034400926889546e-01 -2.746072589943552855e-01 1.010008716436723054e-02
-9.616156415473906538e-01 -2.740921583856505972e-01 1.299501543098919090e-02
-9.602642845043590780e-01 -2.788715371693967215e-01 1.109925772390651932e-02
-9.611904676012164028e-01 -2.756917097668085126e-01 1.034359724739489575e-02
-9.625729368545307141e-01 -2.706692972089844162e-01 1.383823230595643619e-02
-9.631449109939966835e-01 -2.683744843296150262e-01 1.808426172577717178e-02
-9.625013097675814144e-01 -2.708974372473945125e-01 1.434681837374513283e-02
-9.641017217978971043e-01 -2.651126524324754485e-01 1.493906190909037590e-02
-9.648863120825018624e-01 -2.620947101794621203e-01 1.734334830461254501e-02
-9.649117266927856873e-01 -2.621544180240938937e-01 1.484738654658184463e-02
-9.657403997912261673e-01 -2.588271750710884889e-01 1.881482911762450902e-02
-9.665303579517628974e-01 -2.557610604428451340e-01 2.013383399732391471e-02
-9.672627452117872338e-01 -2.528150647902749348e-01 2.207598064605538826e-02
-9.679173456552504495e-01 -2.501051994694116209e-01 2.415420033355001120e-02
-9.682895470368377833e-01 -2.488857153109586828e-01 2.170893869149258248e-02
-9.689854823373348358e-01 -2.462677213121352016e-01 2.047849249400194790e-02
-9.695785165161324715e-01 -2.440517388106097918e-01 1.887520280456364205e-02
-9.698876681035584202e-01 -2.424637355626380053e-01 2.300592215346330266e-02
-9.719956111153383871e-01 -2.337941734780084879e-01 2.376637767395536199e-02
-9.721011719109937665e-01 -2.337193823010349225e-01 1.986419399153449561e-02
-9.733037315470289830e-01 -2.286062288317425584e-01 2.047101869149505621e-02
-9.742783212981100949e-01 -2.242928019179829535e-01 2.178338814371931498e-02
-9.740666630307162066e-01 -2.252483687819686053e-01 2.138533789861344139e-02
-9.764984468982627064e-01 -2.139612804370557009e-01 2.591097099203628143e-02
-9.772372852936037635e-01 -2.100896430466271947e-01 2.948991237760274775e-02
-9.783970582265424376e-01 -2.038399161733500109e-01 3.447477318828877368e-02
-9.788900432293536902e-01 -2.011175417307187185e-01 3.641486873380789246e-02
-9.797553291261398289e-01 -1.957111658440011115e-01 4.215044329687453462e-02
-9.814472562166162151e-01 -1.867868697027702252e-01 4.326631337566493735e-02
-9.828757419987751431e-01 -1.787393402800563635e-01 4.480568447997235887e-02
-9.837275174663366872e-01 -1.729649439731568983e-01 4.861404080705027803e-02
-9.846869147151903201e-01 -1.662264583862060052e-01 5.254017661809057965e-02
-9.854673498651430608e-01 -1.601359106407583555e-01 5.666231814090155749e-02
-9.871240803566059263e-01 -1.486893320713707778e-01 5.897082631451167761e-02
-9.886724644897303405e-01 -1.384333354838072905e-01 5.799133886639426527e-02
-9.899770849891057489e-01 -1.264516958659880064e-01 6.289170173141914177e-02
-9.912144563415795639e-01 -1.165207962272365727e-01 6.258459800043107701e-02
-9.924957021238361987e-01 -1.043454416094174164e-01 6.375214910000817636e-02
-9.932178256055843590e-01 -9.841797667905528846e-02 6.190540458644944871e-02
-9.940355472092383682e-01 -8.459038786605958815e-02 6.883185760722204671e-02
-9.951480321656787087e-01 -7.265912546324374000e-02 6.634058189978016273e-02
-9.955914163166202924e-01 -6.232094238049080970e-02 7.009892474245921212e-02
-9.963001175269002863e-01 -5.274506415249326230e-02 6.785323330301397393e-02
-9.965518922122704737e-01 -4.381130452305759954e-02 7.046221043681398510e-02
-9.971237376498683913e-01 -3.273222777342015000e-02 6.835846870582115709e-02
-9.972602644471679767e-01 -2.561907110574956903e-02 6.939492320741230680e-02
-9.974484814840046676e-01 -1.793258537336374359e-02 6.910120375758783962e-02
-9.976747985379995631e-01 -1.437529039932634346e-02 6.662112708170442321e-02
-9.975125492118854797e-01 -7.619229252702856836e-03 7.007630701906278348e-02
-9.974954420488457707e-01 3.387789573094856718e-03 7.064979349397317032e-02
-9.973690045538320392e-01 1.440043547520633918e-02 7.104733333970618403e-02
-9.972744933661717992e-01 2.864622284468260061e-02 6.799268974993863401e-02
-9.972734899364533723e-01 3.672776808298254536e-02 6.400534435915827824e-02
-9.970440037196374172e-01 4.378267588772211116e-02 6.313761698423647761e-02
-9.964874472799609695e-01 5.544838230502470433e-02 6.275564551626795773e-02
-9.959851939124089171e-01 6.466501437493443749e-02 6.190279535351961987e-02
-9.954736075584654786e-01 7.433897393040271584e-02 5.921182327623313035e-02
-9.947639559625003347e-01 8.412238891623438630e-02 5.803552292684028419e-02
-9.940766712329390797e-01 9.307291526581898400e-02 5.611622202956671746e-02
-9.933661754205177497e-01 1.015177119947433537e-01 5.401686552911787176e-02
-9.921780092398881923e-01 1.122166033689098175e-01 5.468325205341476730e-02
-9.910974009319976075e-01 1.211813986100513524e-01 5.514559518387401882e-02
-9.898357437189645447e-01 1.309404567744617831e-01 5.549615689635126192e-02
-9.896456423600900054e-01 1.325315141510568229e-01 5.510831613844305310e-02
-9.887803922975185733e-01 1.384168972753749005e-01 5.616159356557004489e-02
-9.870534022399888308e-01 1.504453090045291819e-01 5.560410337692341803e-02
-9.856308244109266425e-01 1.607238579828733360e-01 5.195907520669950513e-02
-9.840671991808658259e-01 1.692321098648683075e-01 5.451849849666499936e-02
-9.824802880684783135e-01 1.781613144684560668e-01 5.469054560474530952e-02
-9.815842260187407353e-01 1.835421316879365383e-01 5.295960055971213332e-02
-9.807432065515577779e-01 1.881742798933192518e-01 5.228029608467568007e-02
-9.795266066842927000e-01 1.939525785645506151e-01 5.394488164655384527e-02
-9.782314785300466609e-01 2.008059323781255234e-01 5.234671020403094260e-02
-9.770593174849997453e-01 2.063739569140623786e-01 5.258237504810652635e-02
-9.752437072624922099e-01 2.150172308350304096e-01 5.164618086982580847e-02
-9.741821520297478942e-01 2.214223862890438155e-01 4.406004334702642161e-02
-9.715579022282663235e-01 2.324047233223616171e-01 4.542370788587603292e-02
-9.704653840129516817e-01 2.376252919131000008e-01 4.160751170051815717e-02
-9.691792866087572955e-01 2.430666893794783678e-01 4.012631030201940785e-02
-9.690092019364818787e-01 2.439227708220457758e-01 3.902402191896447298e-02
-9.673251640903651749e-01 2.500092378569796492e-01 4.215962380338650339e-02
-9.664514371144320437e-01 2.539877194727746534e-01 3.823459068974593977e-02
-9.653814019281232728e-01 2.585834664228119362e-01 3.425442340907046412e-02
-9.651289990334104285e-01 2.600664478820867154e-01 2.985772512754277311e-02
-9.643191070839717272e-01 2.626551324048927993e-01 3.318082313144421480e-02
-9.627150711458601906e-01 2.686399520094415183e-01 3.181656593849940817e-02
-9.625520750549911853e-01 2.692634997323269386e-01 3.147533023279538988e-02
-9.609425297242649711e-01 2.752694605996318100e-01 2.856929119744206977e-02
-9.591947388351728110e-01 2.817422084294037843e-01 2.380770283447049274e-02
-9.579502141504866453e-01 2.863184181708133269e-01 1.879298403911050519e-02
-9.588643646459016345e-01 2.832214308794960278e-01 1.909913424553457209e-02
-9.569032555122904959e-01 2.896958995612924359e-01 2.030938297626428551e-02
-9.570578053884105652e-01 2.885393558728253094e-01 2.802539845657818843e-02
-9.564463748170534130e-01 2.906281528788226542e-01 2.730630968945352288e-02
-9.562172011516023584e-01 2.919771177337771029e-01 1.995125717732968568e-02
-9.542919502581294067e-01 2.983112884768182593e-01 1.836503563694218827e-02
-9.522389084982586516e-01 3.049031490376178932e-01 1.658784243865500663e-02
-9.516606306612830357e-01 3.068316265921702257e-01 1.401508521085872809e-02
-9.510816479271632096e-01 3.086756867941815030e-01 1.276890693251256370e-02
-9.494204005733702934e-01 3.139054373972151035e-01 8.019028817089929664e-03
-9.485068899304039958e-01 3.167076216278338352e-01 5.566649021261976457e-03
-9.474964903374503145e-01 3.197407525316317556e-01 4.034522953199619517e-03
-9.463349953975587203e-01 3.231856717691201086e-01 -1.059890461246486282e-03
-9.462847307360710003e-01 3.230817169036188097e-01 -1.278428891740398046e-02
-9.455811417460462387e-01 3.245584150137862944e-01 -2.319838658172360124e-02
-9.467246062912334503e-01 3.215448943664896975e-01 -1.792836724368367801e-02
-9.475870738664623483e-01 3.187212063880459079e-01 -2.226108112359960478e-02
-9.497817383598738950e-01 3.116941713185810148e-01 -2.759381787621979082e-02
-9.505665936566346508e-01 3.096107866941494868e-01 -2.375578840803170902e-02
-9.537115858039346694e-01 3.002881888524277509e-01 -1.616291375701014651e-02
-9.539139130811475908e-01 2.994782424328542025e-01 -1.900141575593791016e-02
-9.557450966438367779e-01 2.933040380483113996e-01 -2.289272130122771767e-02
-9.570205985290946016e-01 2.892641403617275397e-01 -2.092501554155541330e-02
-9.578627931877397028e-01 2.861371928258273911e-01 -2.498802775513126948e-02
-9.583988475094585846e-01 2.842524020071129920e-01 -2.592771265957335980e-02
-9.608844971556064207e-01 2.757931594940419839e-01 -2.528124854361783053e-02
-9.625366693950029306e-01 2.703605550372277233e-01 -2.069675288534676000e-02
-9.640753456182183934e-01 2.648821469322232836e-01 -1.990480902928602053e-02
-9.646984345660353233e-01 2.625578735832576616e-01 -2.050167306243306370e-02
-9.655553180868834406e-01 2.596740941422032711e-01 -1.650205079429046748e-02
-9.659200475472956571e-01 2.582520640585959648e-01 -1.744586768945065661e-02
-9.671539567771769708e-01 2.527665063498111819e-01 -2.687643713592029193e-02
-9.679226821512817436e-01 2.491984094423778107e-01 -3.202904880982891667e-02
-9.698878935705836923e-01 2.409596979755226631e-01 -3.543901401572675108e-02
-9.711172458510348715e-01 2.346697736145338109e-01 -4.314415774143080806e-02
-9.740932843117529050e-01 2.208035106584593232e-01 -4.886829376763249938e-02
-9.763694095510783155e-01 2.111429592161087054e-01 -4.605924086499660342e-02
-9.783744151735559447e-01 2.007113919962452420e-01 -4.998467767117820149e-02
-9.798960586051985722e-01 1.919580515591442216e-01 -5.436771039568284725e-02
-9.805530939524929046e-01 1.879662742068076153e-01 -5.642992909889114200e-02
-9.809949912308774111e-01 1.845205843431298454e-01 -6.000840277409612289e-02
-9.826220404369685468e-01 1.758441545534147055e-01 -5.943724604438380132e-02
-9.844906140156122198e-01 1.621840037310817162e-01 -6.689250960511076982e-02
-9.864266941664719957e-01 1.503749379624092219e-01 -6.595288428421081095e-02
-9.883362169874168046e-01 1.378346689652288903e-01 -6.475456779370082627e-02
-9.895034694849199619e-01 1.275130627992327736e-01 -6.799507976637833573e-02
-9.907161987237725898e-01 1.173666882101755682e-01 -6.860395244294478778e-02
-9.913883366605763525e-01 1.080480076639840220e-01 -7.399204354296856634e-02
