1.000000000000000000e+00 0.000000000000000000e+00 0.000000000000000000e+00
9.999623016308027967e-01 3.924245983012651998e-03 -7.745698475158219708e-03
9.999420088542435581e-01 2.120500745181877564e-03 -1.055853162205344642e-02
9.998788909686344706e-01 1.102563990071838036e-02 -1.098357345538578111e-02
9.997673031957994283e-01 1.415709575950028359e-02 -1.627625614285081734e-02
9.996038967980748202e-01 1.989907517515475399e-02 -1.990167960672729192e-02
9.994204294330916172e-01 2.506825779638070795e-02 -2.303016157782468432e-02
9.991146088259270641e-01 3.057069290042255250e-02 -2.890384108944859393e-02
9.988954275708693542e-01 3.340146900817253517e-02 -3.304947156499098843e-02
9.983005524965041788e-01 4.105118171114673781e-02 -4.136192316478409098e-02
9.970856498652186373e-01 5.567552008739429931e-02 -5.215789683890691836e-02
9.963090216604277849e-01 6.488506031677648833e-02 -5.619844842183419065e-02
9.957030085733625802e-01 7.413082434027523648e-02 -5.549903486342650655e-02
9.943760019406863160e-01 9.138740572975227738e-02 -5.352300312341284200e-02
9.929207680046077122e-01 1.025809950120142866e-01 -5.987897040873448734e-02
9.912691020868327207e-01 1.125954750715501690e-01 -6.861363045965503116e-02
9.892460479273046392e-01 1.274222057188498236e-01 -7.180419399180865137e-02
9.875503171752763043e-01 1.410000937053567382e-01 -6.973771307100476435e-02
9.858881854087665486e-01 1.506351080036800183e-01 -7.303118581370932061e-02
9.829573677740547355e-01 1.641356933214370151e-01 -8.279065516558901938e-02
9.799600044027257928e-01 1.793322680784809608e-01 -8.670832185588454866e-02
9.760576301854866355e-01 1.975481468098450877e-01 -9.102877800506983808e-02
9.724996434944721546e-01 2.145997177209076345e-01 -9.050641234567198545e-02
9.696091918157523359e-01 2.277083692573242668e-01 -8.948139326277063099e-02
9.648885302732060909e-01 2.446032535210457270e-01 -9.570464529124018960e-02
9.603570362730212695e-01 2.592241618780851131e-01 -1.025534191470097306e-01
9.558302775467288903e-01 2.743003209825286004e-01 -1.055832458239141097e-01
9.499314214903530340e-01 2.929559233427070364e-01 -1.086606150240922303e-01
9.444267310323325448e-01 3.084258107005773963e-01 -1.137175320071397572e-01
9.389389064356505887e-01 3.226967470909055669e-01 -1.194175369037378115e-01
9.333462796386130522e-01 3.369809377623193547e-01 -1.237278429167334992e-01
9.249174120456470360e-01 3.570923575970393338e-01 -1.304332734494480506e-01
9.164331980998361438e-01 3.760052372466117787e-01 -1.370046182276868363e-01
9.069042080356582991e-01 3.988083739701853703e-01 -1.359288359868717488e-01
8.966900874134602351e-01 4.212918203270225037e-01 -1.358679483317013770e-01
8.864729878028968502e-01 4.382365402603222715e-01 -1.487090756544953429e-01
8.758217667762420167e-01 4.590353528326330257e-01 -1.490731036315239288e-01
8.620932811733812429e-01 4.824838300577771744e-01 -1.549339950227772156e-01
8.497542982817491986e-01 5.024987966922672689e-01 -1.594133221673031953e-01
8.359998562851975734e-01 5.253757486558320311e-01 -1.583811168334632036e-01
8.242492288066985973e-01 5.427902326162235003e-01 -1.612203082943093058e-01
8.076596984792545619e-01 5.660936207058602232e-01 -1.649964862896980411e-01
7.910720511597597593e-01 5.879525443928308448e-01 -1.688692771319433850e-01
7.765708342577208878e-01 6.064980067882101977e-01 -1.705811382787296993e-01
7.615319335559181946e-01 6.248567716518963477e-01 -1.721137609642709732e-01
7.422996940575039559e-01 6.475297727534812253e-01 -1.723263624197267363e-01
7.277721790187186013e-01 6.643924190816483666e-01 -1.700893477589331959e-01
7.083111008956962662e-01 6.844184011296596815e-01 -1.728202946834485054e-01
6.879962862071403729e-01 7.054875830925542157e-01 -1.701422870245160590e-01
6.720017596585537989e-01 7.201350784294316965e-01 -1.726821399871198426e-01
6.539138070286005799e-01 7.366318726243168413e-01 -1.725405308673318983e-01
6.326385337200032266e-01 7.537830054077960806e-01 -1.777067375504976787e-01
6.131959541748740472e-01 7.704504069083607520e-01 -1.743470957407219912e-01
5.927948563830773843e-01 7.858953316242194287e-01 -1.759625061003437241e-01
5.672019088943205389e-01 8.049318343167541911e-01 -1.742605927650227315e-01
5.440978160607703451e-01 8.214274555927078003e-01 -1.709225523727499751e-01
5.194224203780166693e-01 8.378293024330099037e-01 -1.680548303630799434e-01
5.022000303588206593e-01 8.484478169732155850e-01 -1.671270419155896081e-01
4.775059124880504102e-01 8.623918435033786078e-01 -1.681321760681189492e-01
4.514270973285351429e-01 8.768551572320428811e-01 -1.653439631308717406e-01
4.294485231241610412e-01 8.872878006413854601e-01 -1.682092214547152298e-01
4.051992723622180881e-01 8.987682427099354943e-01 -1.674192727405665326e-01
3.824924184544767902e-01 9.087132351140790876e-01 -1.671520966505633254e-01
3.549132473945844635e-01 9.193229556472231057e-01 -1.699467774900501049e-01
3.300300748888672087e-01 9.293764221937871328e-01 -1.653470073906834203e-01
3.006573046490745305e-01 9.398136352706791818e-01 -1.623438737292157985e-01
2.760516016508520187e-01 9.472860962462369416e-01 -1.626179027298855218e-01
2.511010536237294755e-01 9.534922614284651043e-01 -1.667356762441123130e-01
2.256002950594616085e-01 9.596707321042254879e-01 -1.677397102884818636e-01
1.971539235381295774e-01 9.663221400759455237e-01 -1.653840072641695746e-01
1.721826711296639278e-01 9.709772480257576888e-01 -1.660009921303091940e-01
1.427895515153590200e-01 9.758314264033894903e-01 -1.654212472851360471e-01
1.187201592455078142e-01 9.792554732403793150e-01 -1.642079766641127148e-01
9.844498468660101143e-02 9.812784622085236608e-01 -1.655330248341648769e-01
6.966566117111572254e-02 9.831716891394728375e-01 -1.688790775040126813e-01
5.061832420082897077e-02 9.855172163351458847e-01 -1.618444296121935300e-01
2.538297730795407298e-02 9.871271056094068630e-01 -1.579107342037919803e-01
5.895545770956446552e-03 9.875372591508773112e-01 -1.572749902030703140e-01
-1.795944350336777656e-02 9.873521582310271771e-01 -1.575220373056404055e-01
-4.221381475356966728e-02 9.859052794082912019e-01 -1.618912972422331953e-01
-6.838801585012110884e-02 9.840627901578752335e-01 -1.641448221875352886e-01
-9.292761145338662709e-02 9.825261387246601030e-01 -1.612664384298889142e-01
-1.124608816211209728e-01 9.805609191220815424e-01 -1.607882223126339549e-01
-1.414197449476058410e-01 9.763927760572812531e-01 -1.632716166462351293e-01
-1.650374943822998652e-01 9.725351334871570330e-01 -1.641281748229013182e-01
-1.845842088246125445e-01 9.699206598721847872e-01 -1.586902710825577323e-01
-2.047021316131920066e-01 9.656648289015460351e-01 -1.599640404530625615e-01
-2.297924890377361362e-01 9.590613322560347376e-01 -1.655197639027594370e-01
-2.537168145002561825e-01 9.534776149283346047e-01 -1.628134977611482292e-01
-2.752678087982928234e-01 9.469996806450469151e-01 -1.655876125329031612e-01
-3.034998139257061300e-01 9.386857076515298104e-01 -1.635757445102227481e-01
-3.206422620188695283e-01 9.336362171503123086e-01 -1.597246786303377075e-01
-3.414691856556195115e-01 9.261535552252162518e-01 -1.601199753928442826e-01
-3.663275601465071918e-01 9.163261816296260909e-01 -1.617110589603403259e-01
-3.906715640280657986e-01 9.062937076563603034e-01 -1.612682964665253238e-01
-4.131660571980185770e-01 8.966102671802907986e-01 -1.593231208615278061e-01
-4.295225820026624675e-01 8.890386743065766817e-01 -1.584948135119611246e-01
-4.469072742025756440e-01 8.812513475334088353e-01 -1.538504776578369926e-01
-4.673614818109671498e-01 8.704891159200723871e-01 -1.543436527461793661e-01
-4.882801827233067549e-01 8.595073207399360760e-01 -1.510948287533339096e-01
-5.091219402488030843e-01 8.467476532134070588e-01 -1.543155219776774223e-01
-5.326662995456366012e-01 8.320951022835294530e-01 -1.545456977331621518e-01
-5.528892810374967937e-01 8.181191448011230216e-01 -1.580965733398696782e-01
-5.707698000277954264e-01 8.057383777244886414e-01 -1.581376638225286402e-01
-5.886255403343877424e-01 7.917644159688147498e-01 -1.631842568163211216e-01
-6.051288597537995972e-01 7.792923423433222307e-01 -1.628573826780218559e-01
-6.239822646605708290e-01 7.644230301452173970e-01 -1.621837946066127245e-01
-6.392762964427480821e-01 7.513394651825859860e-01 -1.637523853338501700e-01
-6.554853111631995244e-01 7.361643307959122584e-01 -1.685262704978487680e-01
-6.740410934586377190e-01 7.187151175229226086e-01 -1.706376369918213287e-01
-6.909385924664409595e-01 7.013283084601669159e-01 -1.753353486896399305e-01
-7.054917801076376893e-01 6.852924651889432672e-01 -1.807086194260797696e-01
-7.194193437283854520e-01 6.706740669209432237e-01 -1.806436370681100412e-01
-7.383648138123589666e-01 6.506053065202008767e-01 -1.775673290886619904e-01
-7.561298864777429296e-01 6.286066179224275574e-01 -1.819926762662539832e-01
-7.708082397061641888e-01 6.095033402598568628e-01 -1.853654647128495925e-01
-7.859892026872744575e-01 5.894166253759015595e-01 -1.865717952410572700e-01
-8.011808601961358800e-01 5.677555567568202122e-01 -1.891107527429667923e-01
-8.173902293755435089e-01 5.425932552648269347e-01 -1.935608251127444168e-01
-8.322618572898474731e-01 5.191313540142311611e-01 -1.945324113285589185e-01
-8.432283063618917218e-01 4.990149059447752111e-01 -1.998753813580143035e-01
-8.568713359050766920e-01 4.743614605399812945e-01 -2.018730777939346799e-01
-8.725289593787730613e-01 4.485543017730985182e-01 -1.936292176842810131e-01
-8.868962313511578044e-01 4.218537961557360938e-01 -1.882935719984049350e-01
-8.985167959433626450e-01 3.992198998468393101e-01 -1.824583732700954808e-01
-9.091556320587786955e-01 3.757931756612762353e-01 -1.794868925371558566e-01
-9.183656571932337087e-01 3.545177869752371702e-01 -1.758456039031942586e-01
-9.273205646730027230e-01 3.343860336292555080e-01 -1.681147456702996867e-01
-9.359624462797547784e-01 3.124096687173893994e-01 -1.624023212424929308e-01
-9.439787152849969942e-01 2.886936300316014226e-01 -1.598755410882671535e-01
-9.500722994222434714e-01 2.706421184647235800e-01 -1.552916120385654242e-01
-9.571242707173730491e-01 2.474329799186238965e-01 -1.506322175855737133e-01
-9.620427773780598768e-01 2.285671608864595361e-01 -1.490998373869127924e-01
-9.665265903942220627e-01 2.117371266663256868e-01 -1.448922113708314974e-01
-9.715675735199684748e-01 1.919817671953257254e-01 -1.385621283476242971e-01
-9.745688770841606230e-01 1.791233847406805135e-01 -1.346489100363572888e-01
-9.792996718617015262e-01 1.580975919636783411e-01 -1.264014052165345348e-01
-9.819847194425590509e-01 1.458966330312206627e-01 -1.200841119518375466e-01
-9.852904521919785275e-01 1.296344921977893860e-01 -1.113446573515232962e-01
-9.877422278899643526e-01 1.142858763511247072e-01 -1.063204538320278170e-01
-9.906926369206919825e-01 9.976997514064789296e-02 -9.259621677079923896e-02
-9.924453877662189338e-01 8.369030961150619730e-02 -8.971116040958990179e-02
-9.941520257533478233e-01 7.078230360189040338e-02 -8.155748009355506811e-02
-9.950272503632727750e-01 6.579977051136805255e-02 -7.477411641406832288e-02
-9.960515929860518369e-01 5.528672538943291137e-02 -6.945940467591886491e-02
-9.967493421483637484e-01 4.806682236095097954e-02 -6.465551935095512071e-02
-9.973937396741723305e-01 4.386328013245692492e-02 -5.728653685048761685e-02
-9.979663793908586378e-01 3.203859437162218105e-02 -5.510572169219916938e-02
-9.985352206735801373e-01 2.367065382219429165e-02 -4.865304746499705263e-02
-9.988757882933959609e-01 1.457760969679003718e-02 -4.510718831809896329e-02
-9.990731618422127314e-01 6.521707025172959055e-03 -4.254750361430170019e-02
-9.993923997084860344e-01 1.109723959810938153e-03 -3.483683610702714012e-02
-9.995940637494294956e-01 -3.862042875961588413e-03 -2.822760125066477513e-02
-9.997483364779812254e-01 -4.600241582342942670e-03 -2.195692625271691845e-02
-9.998590621094490816e-01 1.199694349071393600e-03 -1.674580632399145716e-02
-9.999727633648841651e-01 3.244785371923088711e-03 -6.629441570673879486e-03
-9.999714615695470821e-01 7.178539938445319991e-03 -2.355918930596297318e-03
-9.998810818682362100e-01 1.178090290380183307e-02 9.951818002138970720e-03
-9.996937589151819736e-01 1.837723662565264593e-02 1.657323218950704918e-02
-9.994554786093453602e-01 2.183796631975168379e-02 2.473572717117880626e-02
-9.993409799283632378e-01 2.240476696125221281e-02 2.855939375707044689e-02
-9.990350257071761719e-01 3.192210132268368666e-02 3.016626844745533970e-02
-9.989125226115666001e-01 3.954189146296590435e-02 2.470258519754907345e-02
-9.986694307359306189e-01 4.666778675562825024e-02 2.194293481003232321e-02
-9.984137929884705498e-01 5.223249483106692792e-02 2.101597038528561084e-02
-9.983789057695187097e-01 5.477692623725315818e-02 1.546141649784295649e-02
-9.984067198291867173e-01 5.389083665043523791e-02 1.672740426898521385e-02
-9.982898612684116824e-01 5.560357213762038425e-02 1.804445076775263931e-02
-9.984709353804679388e-01 5.273372403974063011e-02 1.658168022674488123e-02
-9.981788506092379443e-01 5.924254922232913279e-02 1.137140358456205542e-02
-9.981476878379939022e-01 5.936041743886501937e-02 1.332442763529010851e-02
-9.982818494324064984e-01 5.647657029276095808e-02 1.561257024962929910e-02
-9.983400550605004975e-01 5.539602789686187689e-02 1.576137058441469049e-02
-9.980969153496906943e-01 6.039151370099637983e-02 1.246670905547673722e-02
-9.980073779609029971e-01 6.256522973396656806e-02 8.177513142242864158e-03
-9.979840254770944163e-01 6.261280532440137436e-02 1.036955469749854288e-02
-9.979150417759260483e-01 6.293948850620796620e-02 1.428972959725567649e-02
-9.972924720041836943e-01 7.274414286987411493e-02 1.077130870205025848e-02
-9.979796086371076624e-01 6.340068488362211874e-02 4.130374942353850359e-03
-9.978080773410663573e-01 6.589506833319772050e-02 6.073457954559730726e-03
-9.973649930798071939e-01 7.221309760669993028e-02 6.953078734651181592e-03
-9.973078184018662196e-01 7.245178034983813797e-02 1.130756803514734732e-02
-9.967754834143663922e-01 7.895687107193649634e-02 1.429876097702474994e-02
-9.961320665383065487e-01 8.517450251456731847e-02 2.159205365531913223e-02
-9.959938883146408628e-01 8.620386783340149017e-02 2.377129090389849819e-02
-9.954639839765103693e-01 9.308619527729786181e-02 1.965765415928829446e-02
-9.954588397050526671e-01 9.325743731328960118e-02 1.909856934484787522e-02
-9.953747587564669708e-01 9.432396267663933909e-02 1.822323253145008426e-02
-9.950614784685436476e-01 9.626486511287464520e-02 2.420199371841117580e-02
-9.946734301492775598e-01 9.925312724380545848e-02 2.781350197172789349e-02
-9.939696174070664636e-01 1.064769670362542414e-01 2.621186549265167726e-02
-9.935492699009693673e-01 1.101730425453096573e-01 2.686551195287224802e-02
-9.933183298953439655e-01 1.125312791681747637e-01 2.560104401759888404e-02
-9.934871612657132367e-01 1.108059315315187976e-01 2.655772362013659321e-02
-9.928142565514832540e-01 1.160647586328100861e-01 2.913469786073691684e-02
-9.925901001625344611e-01 1.186748698552154008e-01 2.609933164922732460e-02
-9.925013402064075674e-01 1.191619547557810910e-01 2.723095697444724225e-02
-9.919900719376668619e-01 1.236617195326782243e-01 2.575816525986536487e-02
-9.913709050122825328e-01 1.286984511325576508e-01 2.490871609800561839e-02
-9.914957746373096459e-01 1.282895639932675191e-01 2.186145987857468498e-02
-9.911048150379472288e-01 1.305577453113406505e-01 2.580557358628653847e-02
-9.913330598617948741e-01 1.296203692381917294e-01 2.138530372803339186e-02
-9.907712402970937360e-01 1.339941780657248338e-01 2.044300693168742827e-02
-9.911332883136273475e-01 1.309077463031143862e-01 2.275903369841513618e-02
-9.904624343317420809e-01 1.357550117977231741e-01 2.355312790632725292e-02
-9.902448327896442581e-01 1.374525588369753526e-01 2.284670825728425322e-02
-9.892331263737860203e-01 1.455145109865440822e-01 1.559984766068185993e-02
-9.882999547692448150e-01 1.511970405940201434e-01 2.006641451204415130e-02
-9.878209575316788671e-01 1.546170559770323472e-01 1.741632758576454332e-02
-9.863331647474378183e-01 1.639721825277122291e-01 1.612507375247094685e-02
-9.855254394953807395e-01 1.687286896713958151e-01 1.643909711271176674e-02
-9.858515465043665715e-01 1.671716394999753497e-01 1.226286175135512038e-02
-9.853893969618040538e-01 1.698076429610762272e-01 1.315702627735421994e-02
-9.839048317075530514e-01 1.783810609676225456e-01 1.055867680312053830e-02
-9.837093396286243907e-01 1.795564824497408452e-01 8.683959262273013846e-03
-9.833089315787607587e-01 1.812651560973501108e-01 1.570015381540120630e-02
-9.823293427410059175e-01 1.864248422916734149e-01 1.657851473357889807e-02
-9.823052328655593746e-01 1.863096087854182459e-01 1.910931051333769962e-02
-9.812805069928448587e-01 1.919598895291984297e-01 1.549108937986151333e-02
-9.804124185657812074e-01 1.963022542034723317e-01 1.602875468790323707e-02
-9.796917352167285875e-01 2.002487473774153537e-01 1.022494442556575941e-02
-9.795927485014973568e-01 2.007775238888308833e-01 9.297276506792316597e-03
-9.785886047157560386e-01 2.056334421600818363e-01 8.901490782426300583e-03
-9.778566960314826195e-01 2.092230291339289006e-01 4.691743965436040095e-03
-9.778009169210168938e-01 2.095358969145480199e-01 -2.848506038021104275e-04
-9.767384222165942376e-01 2.143751948623785486e-01 5.033578537447938941e-03
-9.758832081052420948e-01 2.182885428162864572e-01 1.443131010772830385e-03
-9.756614351057004697e-01 2.192802140690899571e-01 -9.788640005576262904e-04
-9.740798363220559697e-01 2.261405614054340374e-01 -5.378207047995373601e-03
-9.738038384992434571e-01 2.272893872618546030e-01 -6.754606006042111928e-03
-9.742363441830554915e-01 2.254897652080828652e-01 -4.232916139945669398e-03
-9.738447139357994109e-01 2.271495828364600289e-01 -5.435647955439763812e-03
-9.740976122457591924e-01 2.260691529114520204e-01 -5.156164254934912129e-03
-9.744952172881842234e-01 2.242608934352429140e-01 -8.131991798155414897e-03
-9.747594186492102297e-01 2.231052078669396310e-01 -8.255186895670308181e-03
-9.753332170003180535e-01 2.206097704971759221e-01 -7.513395309283376657e-03
-9.759995189547406857e-01 2.174152598783445633e-01 -1.247197037860758168e-02
-9.761023780824137352e-01 2.167915382966836280e-01 -1.501941111532927205e-02
-9.760475672176288642e-01 2.166053005378509033e-01 -2.032969820815186401e-02
-9.758377706064974566e-01 2.174421122149431396e-01 -2.143780798066407395e-02
-9.760978593337732434e-01 2.158238084008468061e-01 -2.555502119050567095e-02
-9.774246575672287385e-01 2.094121920695559969e-01 -2.806383871376374670e-02
-9.788225654118177799e-01 2.031404132046318867e-01 -2.530542012305107488e-02
-9.800489646627433826e-01 1.971806043499969574e-01 -2.497683814485525053e-02
-9.816572835248503770e-01 1.890723863959674622e-01 -2.450748288258529708e-02
-9.833074730261680552e-01 1.808367041080762849e-01 -2.011233839382741209e-02
-9.842803470515775199e-01 1.749470323724163501e-01 -2.420207649480863102e-02
-9.843798893540081085e-01 1.749359224585990968e-01 -1.984093559640032201e-02
-9.848691293465153818e-01 1.716634684027647517e-01 -2.375832447501823735e-02
-9.863540574252163129e-01 1.628025159741686156e-01 -2.451572080520791896e-02
-9.870771535671951646e-01 1.588098302908805826e-01 -2.140413584564703278e-02
-9.873739598745021606e-01 1.563241560008833964e-01 -2.560132854750026693e-02
-9.886156346251180338e-01 1.482249589259850286e-01 -2.585526923170206048e-02
-9.890648273621730491e-01 1.446853226952125870e-01 -2.858200840869965648e-02
-9.894721746314176780e-01 1.414069878845814476e-01 -3.080399263469734902e-02
-9.894899316533419809e-01 1.414096284179202911e-01 -3.021586838631290170e-02
-9.903371631617424731e-01 1.356466188687604491e-01 -2.884968928111252690e-02
-9.913491476936671098e-01 1.273056451131359401e-01 -3.193973901946518812e-02
-9.913395752155215179e-01 1.262492664133365028e-01 -3.615212615946217234e-02
-9.914726372626496698e-01 1.243669968281573002e-01 -3.892128688848412593e-02
-9.919226589573950648e-01 1.192821724984909071e-01 -4.314173092336536647e-02
-9.923473548589502036e-01 1.165510638063235044e-01 -4.077479317154825145e-02
-9.927164641674661727e-01 1.110931696813318992e-01 -4.660833168875607585e-02
-9.929827744117966093e-01 1.072184552466352303e-01 -4.989408540975950879e-02
-9.940809735029821903e-01 9.582932365578214484e-02 -5.118365042487625638e-02
-9.946296258104502241e-01 8.650959520849366147e-02 -5.681553341244004185e-02
-9.955193033973703809e-01 7.484883054460608753e-02 -5.778387908141486423e-02
-9.959649484994356206e-01 6.603733616334461765e-02 -6.076922882831418959e-02
-9.964303420847813175e-01 5.383231549921782544e-02 -6.502817179795365721e-02
-9.974213456566255465e-01 4.110817202343941545e-02 -5.882843338654156901e-02
-9.976146745107530300e-01 3.313711184935559662e-02 -6.055493608126917560e-02
-9.979213505504693771e-01 2.231201392397786504e-02 -6.045791440058170818e-02
-9.976702474721939051e-01 1.370301144893229864e-02 -6.683047483727573568e-02
-9.978362622342737964e-01 7.990134839103695680e-04 -6.574315798153994306e-02
-9.978522011526178570e-01 -1.273619609056152006e-02 -6.425559343423324632e-02
-9.975501365041307134e-01 -2.407318654528348492e-02 -6.568267871985720985e-02
-9.973082773800042711e-01 -2.632991384703182655e-02 -6.843203191525315532e-02
-9.969099592873494897e-01 -3.667407339030162583e-02 -6.946620019936955437e-02
-9.964487980460310368e-01 -4.876170501689298248e-02 -6.864471216086220906e-02
-9.961668225785477171e-01 -5.853504372718346810e-02 -6.500244406557396937e-02
-9.955207434953625700e-01 -6.686700736838095682e-02 -6.683756530294078513e-02
-9.946781609472228336e-01 -7.776461502359977018e-02 -6.758719073523015985e-02
-9.947205602272182201e-01 -8.053666289032965220e-02 -6.359921708827889764e-02
-9.933607308769826227e-01 -9.280506495390797306e-02 -6.798298184467872762e-02
-9.926190185748908767e-01 -1.010131881168354062e-01 -6.711056027767486887e-02
-9.917944549916830610e-01 -1.110107069157607457e-01 -6.340653880995339442e-02
-9.908787199657979050e-01 -1.197466852844361745e-01 -6.180696384770105467e-02
-9.894389429089784915e-01 -1.307054171802300713e-01 -6.266322164416641971e-02
-9.879421997326640614e-01 -1.441189380704193945e-01 -5.656808752727721795e-02
-9.866048399633862154e-01 -1.532821760408674683e-01 -5.581640525971653249e-02
-9.856471575685951114e-01 -1.604282296144908249e-01 -5.255921083508287295e-02
-9.841884346133031869e-01 -1.699966782745472860e-01 -4.974194558176380648e-02
-9.839735598432393093e-01 -1.726293991588204457e-01 -4.466688597640201819e-02
-9.832222226039846191e-01 -1.770022923070393994e-01 -4.409371972442369808e-02
-9.818652784173098613e-01 -1.848770000976120986e-01 -4.196518034708870970e-02
-9.807117100557978251e-01 -1.908928174256317722e-01 -4.200571990043908827e-02
-9.796630668786698859e-01 -1.957231724625658753e-01 -4.418961166715321826e-02
-9.778437314277307335e-01 -2.048330882721416946e-01 -4.318621854773293384e-02
-9.764436339307367430e-01 -2.119156940399659350e-01 -4.061495983210239996e-02
-9.752341620434763492e-01 -2.177128805827565350e-01 -3.897996067414077198e-02
-9.735449981789744411e-01 -2.258344115531683016e-01 -3.477012135825924277e-02
-9.733697311960812781e-01 -2.265052021818392269e-01 -3.530957430797120045e-02
-9.719042604835357313e-01 -2.333988745336014470e-01 -3.044798510461038318e-02
-9.719798150362676248e-01 -2.338490070084814909e-01 -2.387230780305514555e-02
-9.720323954033128766e-01 -2.340973422863102393e-01 -1.874733696190264767e-02
-9.716654482529404335e-01 -2.359350336092504719e-01 -1.417471629312707856e-02
-9.712687977015871388e-01 -2.374397681570734331e-01 -1.610233323186116214e-02
-9.711791001938707701e-01 -2.379016354039540926e-01 -1.462782434559394863e-02
-9.705624604250048248e-01 -2.400737078611263897e-01 -1.931660871954262587e-02
-9.703527281534679583e-01 -2.413179724243955937e-01 -1.346199593103648492e-02
-9.711153745918993385e-01 -2.382637220856603233e-01 -1.285823372154036928e-02
-9.718639686668543165e-01 -2.353423835802235520e-01 -9.715716595924905885e-03
-9.706847650045890008e-01 -2.402294328975791982e-01 -7.804658886150871340e-03
-9.701400873236746270e-01 -2.421128588169049189e-01 -1.447690626642959139e-02
-9.699577160117676122e-01 -2.429960706215327504e-01 -1.161658541880985357e-02
-9.701403312669093504e-01 -2.424089094031190716e-01 -8.103366795021807803e-03
-9.708566468869884725e-01 -2.396166164888376693e-01 -4.610272972172825209e-03
-9.694092075733028446e-01 -2.454491178702004894e-01 -7.245090287157727321e-04
-9.688804285942438366e-01 -2.475292127661609665e-01 1.000507620932551125e-04
-9.695794601915989075e-01 -2.447767145099662145e-01 -1.910427654629598274e-04
-9.689647660513057703e-01 -2.471978960406928383e-01 6.988760649202332195e-04
-9.691782436500168130e-01 -2.463014445673732122e-01 5.397831178517137340e-03
-9.693647564351417500e-01 -2.456111602312356368e-01 2.670786092736726364e-03
-9.698015016372346642e-01 -2.438922813049904659e-01 1.268330241541372862e-03
-9.693633871882215702e-01 -2.455949375958288439e-01 4.213824591005009383e-03
-9.693378392413275479e-01 -2.456449343624619308e-01 6.536493967446552547e-03
-9.704959389382259438e-01 -2.410322755708990683e-01 6.409426700042860671e-03
-9.702214957733826806e-01 -2.419456862383202178e-01 1.151260894659243347e-02
-9.713393509715967378e-01 -2.374761496536499095e-01 1.024449489896223781e-02
-9.716908963841476288e-01 -2.360529225101296036e-01 9.789061985223154738e-03
-9.710706871476415536e-01 -2.386575530580908044e-01 8.018667543011408563e-03
-9.722344225431992504e-01 -2.337768992239571408e-01 1.042090160208713340e-02
-9.718392283431276368e-01 -2.349203297231467480e-01 1.846507863024459545e-02
-9.711433938585730674e-01 -2.377648999346719527e-01 1.866459519939097506e-02
-9.724609953844638444e-01 -2.324715641348937822e-01 1.663100915539350924e-02
-9.745571548309112098e-01 -2.236981689428121645e-01 1.405301667726084613e-02
-9.746997310239280399e-01 -2.226187262469491446e-01 2.003355301445756270e-02
-9.745248761381128944e-01 -2.232494647300755364e-01 2.146971043073682417e-02
-9.747340613532965437e-01 -2.218640532716175395e-01 2.588161039975393068e-02
-9.757581588324714117e-01 -2.174493748985149022e-01 2.473440967493586301e-02
-9.760749256907262916e-01 -2.166849626075998125e-01 1.803808747914099897e-02
-9.767276790159623578e-01 -2.139175261778660242e-01 1.556724747630126339e-02
-9.770911758448350692e-01 -2.119492254943000087e-01 1.924489847224120781e-02
-9.776608479219101033e-01 -2.091137239065126996e-01 2.123024179864939701e-02
-9.780788862608056355e-01 -2.068299130582130219e-01 2.414716614279036749e-02
-9.783034649444494191e-01 -2.060333374365213577e-01 2.173938021887768593e-02
-9.781537562900458616e-01 -2.071074850060769523e-01 1.793669548226731192e-02
-9.788281502034804626e-01 -2.040556064910568068e-01 1.602398703265189503e-02
-9.796114961747571792e-01 -1.999081772622688657e-01 1.995103098090176066e-02
-9.798616743838961529e-01 -1.986370902386892789e-01 2.035710850052643156e-02
-9.800899055560862161e-01 -1.972180690743330911e-01 2.299601463351567954e-02
-9.806690074227913945e-01 -1.942090216228438415e-01 2.389895923829353161e-02
-9.818632436552062748e-01 -1.873573589303127174e-01 2.901374655803731772e-02
-9.818910846624268052e-01 -1.870321503549851327e-01 3.014762466962286891e-02
-9.824634444846949144e-01 -1.843845388797601681e-01 2.771152584962123522e-02
-9.833949875062337753e-01 -1.792184766040206823e-01 2.854895429806652771e-02
-9.842810632977878615e-01 -1.749228945413746628e-01 2.434698917435498822e-02
-9.841335800929105204e-01 -1.756485911840881819e-01 2.507340079024987858e-02
-9.845423833832502858e-01 -1.727913282110889737e-01 2.862618956134422091e-02
-9.844935631779124785e-01 -1.727924758124242122e-01 3.025212188340382219e-02
-9.853451165624772523e-01 -1.679435243610703232e-01 2.983253928351820364e-02
-9.861599812328322168e-01 -1.628986563554141176e-01 3.086301515674479481e-02
-9.866476307114472322e-01 -1.598793896675561321e-01 3.106509463856083064e-02
-9.869140911858838017e-01 -1.579804633909065170e-01 3.229173826078974435e-02
-9.880036868181218956e-01 -1.517392492145182015e-01 2.870403175232120324e-02
-9.894131733224995617e-01 -1.427861567571420409e-01 2.595557960080000642e-02
-9.899675902210791634e-01 -1.383440215634136328e-01 2.872469848149113505e-02
-9.909514864821258318e-01 -1.302956354452462218e-01 3.222119196543359043e-02
-9.913377606689891541e-01 -1.262623078294998757e-01 3.615633309996959394e-02
-9.916920643187652207e-01 -1.228226336894227416e-01 3.822900459276094148e-02
-9.924587471588760534e-01 -1.169355550085599965e-01 3.676571311629231453e-02
-9.938502743895253344e-01 -1.047879353777895484e-01 3.579283602115258811e-02
-9.947196547021693869e-01 -9.745200394220496221e-02 3.218573746974346533e-02
-9.951577171577633552e-01 -9.321550352456069166e-02 3.117681922923819932e-02
-9.956361749077747847e-01 -8.797447875439597109e-02 3.113044289952484819e-02
-9.962578805548685246e-01 -8.144289668593619747e-02 2.893606954530946601e-02
-9.968921081931256811e-01 -7.442687652340988780e-02 2.582190160212431002e-02
-9.970473764261487126e-01 -7.201316269125344893e-02 2.665782269250691061e-02
-9.967488760068090592e-01 -7.418373424200730426e-02 3.143974709513362026e-02
-9.973306051541384054e-01 -6.401536587408271362e-02 3.512411113750294606e-02
-9.974876664657327252e-01 -6.136966205656195494e-02 3.538539334349553866e-02
-9.976847048205397250e-01 -5.664079329235464921e-02 3.764381193089257061e-02
-9.977703650750251452e-01 -5.422395179873114313e-02 3.891102574097463768e-02
-9.981029385057422765e-01 -4.985230299099957518e-02 3.612863546357868161e-02
-9.984062468990115846e-01 -4.379674525536036978e-02 3.559237995009896516e-02
-9.984347002437868879e-01 -4.212400829514616890e-02 3.679298213357175273e-02
-9.988105262088641245e-01 -3.857746647478846325e-02 2.982143716842276110e-02
-9.989029100101086689e-01 -3.718515762962237847e-02 2.846483298419645938e-02
-9.992403482538453341e-01 -2.983350055262669331e-02 2.507378635546169549e-02
-9.995674190646365309e-01 -2.162868967317430058e-02 1.992938750647418877e-02
-9.997058243386979237e-01 -1.559972879676941107e-02 1.857199972630550061e-02
-9.997812850189744527e-01 -1.027792802888267618e-02 1.821406705217153491e-02
-9.998361222927621972e-01 -7.521796723539722791e-03 1.646684559200263173e-02
-9.999146847094059209e-01 -4.009243581944510817e-03 1.243201864623952671e-02
-9.999456924671060731e-01 -5.334121217789687154e-03 8.953498226317999770e-03
-9.999433585683099590e-01 -6.447131881160295813e-05 1.064337447928223601e-02
-9.999611953376079665e-01 -4.962420784044777392e-03 7.279299410463072745e-03
-9.999009091715719277e-01 -1.102089346300300261e-02 8.758860999463973646e-03
-9.998241084015110358e-01 -8.359359520541233615e-03 1.678926591549161074e-02
-9.997955991144520382e-01 -1.046227268877199419e-02 1.730048888915490524e-02
-9.998902714504512845e-01 -8.069431820289846638e-03 1.242317714030171869e-02
-9.998647648606244775e-01 -7.972745875679407290e-03 1.438378669841052469e-02
-9.998965631954288558e-01 -2.822667845179980747e-03 1.410324294888970140e-02
-9.999352483796614122e-01 6.424732495528662213e-03 9.392958574403226235e-03
-9.999450884097557113e-01 7.903768358529607296e-03 6.881598261672548268e-03
-9.998690057483377025e-01 1.437242086274633651e-02 7.443834148367130948e-03
-9.998295787664388534e-01 1.711810235647345801e-02 6.913016080413496300e-03
-9.998385645411800304e-01 1.639061209540050579e-02 7.361962139860599337e-03
-9.998730978296300753e-01 1.289587500012772531e-02 9.353631553729101905e-03
-9.998546410923058181e-01 1.174934459050675124e-02 1.235537729530310387e-02
-9.998642251256807389e-01 1.255783115523310435e-02 1.066948665682030707e-02
-9.998390181988250358e-01 1.466890158624485109e-02 1.033280028167462943e-02
-9.997773478913792866e-01 1.894944727649324617e-02 9.283254666178559697e-03
-9.997755585913828957e-01 1.943226085407993506e-02 8.439514440702556436e-03
-9.997445848877752894e-01 2.125855146539328694e-02 7.671029722910028929e-03
-9.997886207708783779e-01 2.055308866671789678e-02 5.386249849856769231e-04
-9.996986033188390852e-01 2.447068733879030275e-02 1.973276928850013334e-03
-9.996772957236752521e-01 2.509774266483000976e-02 3.926013204048950378e-03
-9.995969090657897960e-01 2.800412063199170243e-02 4.668456174766688616e-03
-9.995581477528253656e-01 2.849830181958904265e-02 8.447600144852148926e-03
-9.996888834865905737e-01 2.456377896211491343e-02 4.331624851278840886e-03
-9.996890060944584322e-01 2.486586217531050816e-02 -1.893673183925165260e-03
-9.996035905551313716e-01 2.815377466462695363e-02 -1.810947344285964138e-04
-9.997052019611294416e-01 2.418560553117879430e-02 -2.138172736355774782e-03
-9.997379137968838148e-01 2.223479203378840238e-02 -5.451965104301258191e-03
-9.997705621186258051e-01 2.126363028350240075e-02 -2.585983855492822014e-03
-9.998078207078329172e-01 1.928417315583558916e-02 -3.528243158421972073e-03
-9.998622564592687390e-01 1.625298738770446921e-02 3.363703907773436287e-03
-9.998307257607992327e-01 1.839650039387770442e-02 3.074903548799011802e-04
-9.998065887229409254e-01 1.965626693678067249e-02 -6.498173893730894513e-04
-9.998191803423659429e-01 1.886285217152023144e-02 -2.409436303496510952e-03
-9.998269418110636853e-01 1.847140067799400709e-02 2.213532847826935220e-03
-9.997712167113280701e-01 2.119761521961229314e-02 2.860297932919783452e-03
-9.996707289646953321e-01 2.540843055943312750e-02 3.584867932807157299e-03
-9.997301969183589598e-01 2.322480853901059267e-02 3.842908670377231072e-04
-9.997050731651863087e-01 2.293959860858096889e-02 -7.971676549725428829e-03
-9.997274207196279461e-01 2.091439098597867516e-02 -1.037683468418890143e-02
-9.996618074231535811e-01 2.406713543909285921e-02 -9.851394509574536509e-03
-9.997989311985986394e-01 1.883581671777388375e-02 -6.878613520587328022e-03
-9.998606434424854861e-01 1.468938649253419618e-02 -7.932324917252955160e-03
-9.998178789427664137e-01 1.658213760878276058e-02 -9.447106162175273464e-03
-9.998629371746563521e-01 1.248195724632528841e-02 -1.087721458888756161e-02
-9.998878123489286507e-01 1.271866793603988917e-02 -7.912294474946974382e-03
-9.998939636662128594e-01 9.462318931243452955e-03 -1.106942848852047329e-02
-9.999643731813541159e-01 5.928645347502166547e-03 -6.009145052295459220e-03
-9.999811389632332626e-01 1.192011801906637213e-03 -6.025538806565623740e-03
-9.999546078796606174e-01 7.918551136466330659e-03 -5.299531472394382846e-03
-9.998325187979015816e-01 1.406768572976064939e-02 -1.170644895418813773e-02
-9.998148349202858887e-01 1.554796529994206117e-02 -1.133856374169195033e-02
-9.998490659107875933e-01 1.148436925238970757e-02 -1.303691110776048281e-02
-9.998922814271541393e-01 6.548221863354257780e-03 -1.313593258934825370e-02
-9.998493239238821495e-01 7.283931771048504124e-03 -1.575690924204379076e-02
-9.998868971778057668e-01 -1.574647463149807768e-03 -1.495726225713073926e-02
-9.998687194479292106e-01 -5.077706714354285333e-03 -1.538723923640103464e-02
-9.999216952728930963e-01 -6.147640301465367649e-03 -1.090028420254906573e-02
-9.999428738664546401e-01 -9.360004660108795643e-03 -5.161924322236508336e-03
-9.999389718175520914e-01 -9.588386892676581050e-03 -5.488317037307414471e-03
-9.998670563516824927e-01 -1.134138088694444310e-02 -1.171532981258644780e-02
-9.998437603471229673e-01 -1.455405655948750245e-02 -1.003197713230129934e-02
-9.997590097594699632e-01 -1.573713304879850727e-02 -1.530592551572227712e-02
-9.995299698395246901e-01 -2.603078131615511881e-02 -1.619395435753247584e-02
-9.990477581278338626e-01 -3.557076670922395406e-02 -2.526468668011560420e-02
-9.988773990894713739e-01 -4.044339115330124884e-02 -2.466334431761045554e-02
-9.984350508000434665e-01 -5.076438256815173078e-02 -2.346132086451733698e-02
-9.980637548315030028e-01 -5.664549501121972364e-02 -2.569116641984658597e-02
-9.977542685173088621e-01 -6.221012374195723782e-02 -2.482593326482834123e-02
-9.977602767119936322e-01 -6.213014934440613118e-02 -2.478470417482827801e-02
-9.975243790919084974e-01 -6.558231128593243475e-02 -2.537873879119014603e-02
-9.972179945559983549e-01 -7.122304491184133779e-02 -2.198990305788033756e-02
-9.971643213295955377e-01 -7.303602649078735909e-02 -1.814005882844489659e-02
-9.972674832280410406e-01 -7.158978356228520856e-02 -1.823393586248624534e-02
-9.972144893003214161e-01 -7.129899212995170765e-02 -2.190257263984147357e-02
-9.965260563968093566e-01 -7.997101508643320034e-02 -2.324784711435552015e-02
-9.957528165900217942e-01 -8.914103675058665521e-02 -2.302630091672023746e-02
-9.958984565229089814e-01 -8.745123322480896633e-02 -2.320674073256959527e-02
-9.955513687031287695e-01 -9.158796293570491132e-02 -2.211614798960451558e-02
-9.956456129434783087e-01 -9.026831182500512363e-02 -2.326912090098314650e-02
-9.957275847871888130e-01 -8.997784464433007667e-02 -2.075020624300434949e-02
-9.957156592750175950e-01 -9.066076275147508245e-02 -1.819226944859298964e-02
-9.953217847874393787e-01 -9.570180741439190952e-02 -1.325576939261384132e-02
-9.949779375599193676e-01 -9.893558477161724929e-02 -1.518751175892363997e-02
-9.949591864585255463e-01 -9.974615217829008174e-02 -1.034065294617439283e-02
-9.953859766618411431e-01 -9.561338281315194532e-02 -8.052653547551451990e-03
-9.947371036650940468e-01 -1.022903102536747155e-01 -5.898615363071730081e-03
-9.944636362741129387e-01 -1.042765996598188222e-01 -1.297973857542453202e-02
-9.944352937180978014e-01 -1.049417553351685017e-01 -9.256420370049461138e-03
-9.943805175281633657e-01 -1.055397836276117940e-01 -8.291390124674974382e-03
-9.942813773859291437e-01 -1.066057114174696757e-01 -6.306472141060491879e-03
-9.946507094379911651e-01 -1.029164308882662138e-01 -8.842012002313239666e-03
-9.944140171800635031e-01 -1.054071346471946030e-01 -5.486810924353305655e-03
-9.945300724035945894e-01 -1.042807553897201894e-01 -5.955319413026505942e-03
-9.944509569081253497e-01 -1.047201736093835156e-01 -1.004919215990284290e-02
-9.946109385367862821e-01 -1.036016629707005449e-01 -3.972806308212396310e-03
-9.947593321986857307e-01 -1.021474060757876362e-01 -4.448061142749412666e-03
-9.948133007610568956e-01 -1.016775854272696650e-01 -2.858683639678526178e-03
-9.948272139579992235e-01 -1.015786062382315752e-01 7.797181150680843921e-04
-9.950636152460005102e-01 -9.895305969041880145e-02 7.529974976931249481e-03
-9.952498913554792548e-01 -9.705767248321990615e-02 7.580824553295036419e-03
-9.952947288295966866e-01 -9.649835880471920035e-02 8.745081354010130273e-03
-9.959890774764731391e-01 -8.831008042566025618e-02 1.439078215431495097e-02
-9.961050063162745216e-01 -8.666309649257675218e-02 1.625827423606546543e-02
-9.961067824151824679e-01 -8.590362398251817633e-02 1.979527272656852674e-02
-9.961420889468287632e-01 -8.574086227240923508e-02 1.869359716706598534e-02
-9.962476642568158791e-01 -8.352714359143734169e-02 2.266749298169536825e-02
-9.966717172613499542e-01 -7.718264737109994944e-02 2.623613131250457364e-02
-9.967717560563689183e-01 -7.553928587503415393e-02 2.720092369016011147e-02
-9.969179562008504414e-01 -7.303154696692032433e-02 2.865291279564929905e-02
-9.972101597927980343e-01 -6.839092793928547298e-02 2.990962761685762514e-02
-9.974171367734437910e-01 -6.329606615571477246e-02 3.395100921414022366e-02
-9.975704526042407094e-01 -6.182603215917004125e-02 3.210516425008434760e-02
-9.976777650353059190e-01 -5.836064304664806413e-02 3.511581224375087684e-02
-9.977786887570222474e-01 -5.701161283592030837e-02 3.445826508791932641e-02
-9.979065908776938443e-01 -5.633078633345973973e-02 3.176926441545940838e-02
-9.982096878106225812e-01 -5.010127311063240080e-02 3.266939562257768076e-02
-9.980067719323653108e-01 -5.008021845069864780e-02 3.839873369091420519e-02
-9.980865293108293068e-01 -4.560657152419744786e-02 4.175318566343756005e-02
-9.983734566552476819e-01 -3.658061847265325905e-02 4.372993708979387023e-02
-9.989299079988577246e-01 -2.222084755259188041e-02 4.056205763772535722e-02
-9.990503249463072999e-01 -1.406508553790735382e-02 4.123868659396870417e-02
-9.992051085974641422e-01 -9.145062493356056338e-03 3.880111273865682886e-02
-9.991802546418520059e-01 -1.382006346277291423e-03 4.045882422241640908e-02
-9.989756668622574720e-01 1.007143822599462432e-02 4.411565415189563216e-02
-9.988350261399734364e-01 1.873182328197032370e-02 4.447153215298266932e-02
-9.987313602124902046e-01 2.427325348012331074e-02 4.411901066297507779e-02
-9.986752296587302347e-01 2.849210763825435130e-02 4.284849180849934630e-02
-9.981467537055479511e-01 3.845894896549397618e-02 4.715904077572117409e-02
-9.974568082505114175e-01 5.000076257961848930e-02 5.079219859766372080e-02
-9.970935244732008762e-01 5.879130665480448992e-02 4.845713224678992181e-02
-9.968912715598505780e-01 6.527100143468113347e-02 4.413045162509066782e-02
-9.964779341124051504e-01 7.102799330121294108e-02 4.457307157183432872e-02
-9.963438744767866284e-01 7.604303005680622396e-02 3.894032531892246268e-02
-9.959310467679283185e-01 8.231822974498412271e-02 3.667514939849682992e-02
-9.951392386030024628e-01 9.102481118434280205e-02 3.758173739875082103e-02
-9.940582125423380599e-01 1.029453880840294766e-01 3.536275369769509985e-02
-9.933771380398649375e-01 1.113437325605692585e-01 2.836268772223719120e-02
-9.926167799162454175e-01 1.184335437673338376e-01 2.618073909672936558e-02
-9.926811946440249335e-01 1.180358902222431450e-01 2.552609607225449911e-02
-9.924396516502992371e-01 1.208192867320684732e-01 2.159270416653224361e-02
-9.924067689912152712e-01 1.209999014094833986e-01 2.208700540413352509e-02
-9.916334857473877440e-01 1.266453494965738003e-01 2.497984333371878335e-02
-9.910921801845198331e-01 1.297310533941585520e-01 3.010234981157425965e-02
-9.908008089497380988e-01 1.325075292161993767e-01 2.748670410439335576e-02
-9.901960900135288179e-01 1.370605256660346050e-01 2.694666632872442721e-02
-9.893085849599937420e-01 1.432384550565111436e-01 2.740941351649871238e-02
-9.882255635280764450e-01 1.502049532534209531e-01 2.913271301452892079e-02
-9.867723777448237366e-01 1.593909006266041040e-01 2.957740131965560029e-02
-9.861686170344763358e-01 1.631030434073076352e-01 2.947648821673345965e-02
-9.851291661134281563e-01 1.699081305178686829e-01 2.552960129764872410e-02
-9.842200417625909248e-01 1.752727430309305723e-01 2.429778114686697785e-02
-9.834967176953867130e-01 1.791985272428164300e-01 2.494195984873482166e-02
-9.828712503242351683e-01 1.829799158128479764e-01 2.196503831718980490e-02
-9.825282267777267764e-01 1.847916362020501635e-01 2.214366703849123333e-02
-9.823128824649999258e-01 1.862130418924379527e-01 1.964971210137777397e-02
-9.823728922998630209e-01 1.862874401066580143e-01 1.550797726002569460e-02
-9.820462389939742520e-01 1.882018463496375471e-01 1.285522122728403188e-02
-9.816460035022654962e-01 1.902465039255152868e-01 1.331911276045552248e-02
-9.800266155901117271e-01 1.981897917400744780e-01 1.639044508918795565e-02
-9.792752528217754104e-01 2.019716290749517529e-01 1.508137057889672242e-02
-9.774004877297187699e-01 2.111247928938284335e-01 1.070587147329822228e-02
-9.770722357664344271e-01 2.127382559610754564e-01 8.502223371849863126e-03
-9.781022692278104058e-01 2.081051711529648129e-01 -2.862901433688606889e-03
-9.788826574066181729e-01 2.043580706031400407e-01 -5.150691436334199451e-03
-9.797506630996638544e-01 2.000710775927556084e-01 -7.759493506844013927e-03
-9.805102341575441249e-01 1.959510940838175563e-01 -1.424280064031931137e-02
-9.811886906731239755e-01 1.924482460580071996e-01 -1.524578071348486191e-02
-9.813662430625962330e-01 1.908870399527035355e-01 -2.196458445737722517e-02
-9.808077648837456586e-01 1.939433767659945462e-01 -2.005250581763873621e-02
-9.805076675443601397e-01 1.952864258186244872e-01 -2.163177769591881350e-02
-9.816692640317805640e-01 1.894004881767198667e-01 -2.128189722713644261e-02
-9.824663239320237107e-01 1.848994015234187438e-01 -2.391948292942701337e-02
-9.835455991180261925e-01 1.788240554685925909e-01 -2.569084938954161595e-02
-9.851735490060252731e-01 1.696798997301283696e-01 -2.533412829012244433e-02
-9.864214391077182897e-01 1.621544282897350586e-01 -2.605175594367178590e-02
-9.874029343200552145e-01 1.549050183898406929e-01 -3.224730949929136697e-02
-9.881163065327706052e-01 1.501035471362439366e-01 -3.309227001095932374e-02
-9.887728319452367964e-01 1.462662830973972539e-01 -3.056909661553383964e-02
-9.896370855002921685e-01 1.403650597556576896e-01 -3.026710137575624668e-02
-9.906473316510244764e-01 1.321530490320341478e-01 -3.396240066685417280e-02
-9.909134064589237845e-01 1.298309850247032216e-01 -3.513609222574889945e-02
-9.913563842051742458e-01 1.269510478395703412e-01 -3.310528135709076697e-02
-9.918006747231075115e-01 1.237897781486715504e-01 -3.174147325847192364e-02
-9.925364288824907177e-01 1.160152136572650816e-01 -3.757547598755940632e-02
-9.930064932727338256e-01 1.112139371077912747e-01 -3.961784231522389593e-02
-9.936106937466893108e-01 1.047216472375851887e-01 -4.208532771401372885e-02
-9.941836006103255130e-01 9.625738899105813762e-02 -4.830624146286875698e-02
-9.951533984914265885e-01 8.314590480312757104e-02 -5.250220999171501673e-02
-9.953125454589369925e-01 8.196014632167503144e-02 -5.133693923288243366e-02
-9.961679136661949485e-01 7.087895520761974821e-02 -5.124130703109518181e-02
-9.966515105057588420e-01 6.766187194491196655e-02 -4.590912438398744161e-02
-9.970966008834384331e-01 6.031078255401806087e-02 -4.648642867893887365e-02
-9.975231655816733101e-01 5.192060561360047066e-02 -4.745308105902639600e-02
-9.976808298226764737e-01 4.927801680128549716e-02 -4.695368906728320663e-02
-9.979681331890223328e-01 4.328856842166401570e-02 -4.675163125863223551e-02
-9.979972602921045599e-01 3.783438621464322443e-02 -5.069554152952056303e-02
-9.983967264575025480e-01 2.911417701380452500e-02 -4.854226529761568321e-02
-9.985443156452077362e-01 1.802990399654556819e-02 -5.083485617803457784e-02
-9.987616614735994602e-01 9.949405343437635676e-03 -4.874590395724425623e-02
-9.991745134258241956e-01 7.793540980676263996e-05 -4.062383212979503444e-02
-9.991260654512299499e-01 -5.805109623458813359e-03 -4.139343130226040557e-02
-9.990815494627602877e-01 -1.106925248823336164e-02 -4.139491864503003216e-02
-9.991805830965937441e-01 -1.452218501797390357e-02 -3.777934047376806104e-02
-9.991312610154140517e-01 -2.015079753990846670e-02 -3.647846777009123437e-02
-9.991371955970060892e-01 -2.658544915415440163e-02 -3.190749287301177656e-02
-9.990497988064392931e-01 -3.358828084966763994e-02 -2.777294654912439847e-02
-9.987461427453153684e-01 -3.790409230042368627e-02 -3.270217086448778260e-02
-9.985093414860435335e-01 -4.471079315690133088e-02 -3.130574618902329243e-02
-9.983779396375955795e-01 -4.776508861173001802e-02 -3.098379823363132252e-02
-9.981734787110768670e-01 -5.409269808581455841e-02 -2.690159902422440200e-02
-9.981108999046266472e-01 -5.589587885110179621e-02 -2.550081988316615922e-02
-9.978849700659773170e-01 -5.967957869551891031e-02 -2.576711090234877488e-02
-9.974819206402225635e-01 -6.568838999404763568e-02 -2.673692274775207184e-02
-9.972494894219235961e-01 -6.813347047432380399e-02 -2.917697197099312911e-02
-9.968904599930863419e-01 -7.161249783249279410e-02 -3.287963948842739098e-02
-9.968110371495222388e-01 -7.254321420929425723e-02 -3.324527116361006285e-02
-9.965578803791134144e-01 -7.674619306597711688e-02 -3.134362115337486349e-02
-9.962753536744893834e-01 -8.024200834124600723e-02 -3.156975520311590400e-02
-9.959978640662893179e-01 -8.259200525174016649e-02 -3.415882311169495672e-02
-9.957369405155523934e-01 -8.617414502424389222e-02 -3.289333895763082993e-02
-9.946740966993236066e-01 -9.704953319847967053e-02 -3.471079607206808276e-02
-9.939778920696425990e-01 -1.045279662465008891e-01 -3.289170347771555591e-02
-9.939483007431967332e-01 -1.048457378441635945e-01 -3.277432705090859572e-02
-9.933111400281592340e-01 -1.101107191321561152e-01 -3.476519105781696040e-02
-9.926777891527207576e-01 -1.171867450182242226e-01 -2.929305980911883073e-02
-9.917550912807960861e-01 -1.255299302195852507e-01 -2.576984707612275244e-02
-9.912502524769415402e-01 -1.293153207022990359e-01 -2.646685269038571292e-02
-9.908731335316619537e-01 -1.329771012939285901e-01 -2.208015426316402297e-02
-9.906975775611219781e-01 -1.336239696395302157e-01 -2.574789344663685683e-02
-9.893508110750903750e-01 -1.435633803111686091e-01 -2.396951725701257363e-02
-9.886386146658530105e-01 -1.478011162767987885e-01 -2.735925822214367240e-02
-9.880065373034337961e-01 -1.530420418220108936e-01 -2.052376554829297636e-02
-9.882921753047306801e-01 -1.504706417936666207e-01 -2.524225283489609992e-02
-9.876631243073625832e-01 -1.545832000779419346e-01 -2.501192256211183171e-02
-9.866566629739156324e-01 -1.609421441974592804e-01 -2.462244409433088366e-02
-9.861340819431244631e-01 -1.642448510174019383e-01 -2.373205528551974169e-02
-9.852062976526818616e-01 -1.692988940508140250e-01 -2.657902848466245360e-02
-9.853334460423179841e-01 -1.686492308427944842e-01 -2.598934909575639773e-02
-9.855062532918239526e-01 -1.683324897034762235e-01 -2.101444464973582088e-02
-9.849303948007013254e-01 -1.719090792826439562e-01 -1.895771757464081650e-02
-9.833769331176153150e-01 -1.799813191883567476e-01 -2.401128084358529480e-02
-9.833875654795599663e-01 -1.801531013200270703e-01 -2.222083701752991178e-02
-9.834082679829285745e-01 -1.801952909707156825e-01 -2.092474680895314160e-02
-9.824201781701268343e-01 -1.852647396241727806e-01 -2.296909535370133398e-02
-9.817584476908569613e-01 -1.886152775496068579e-01 -2.397158826343080695e-02
-9.809472513167410979e-01 -1.928269147946928552e-01 -2.367024800332633017e-02
-9.801226381085131889e-01 -1.969995550548218899e-01 -2.346911053425711907e-02
-9.797367268397345619e-01 -1.990475391932092497e-01 -2.227179349045162876e-02
-9.791989991422576090e-01 -2.019764180985250956e-01 -1.936120287937485168e-02
-9.791086106971251812e-01 -2.025726150851992757e-01 -1.762593632379799713e-02
-9.796520270716055911e-01 -1.999024890467400173e-01 -1.791396877124331807e-02
-9.796119603658112185e-01 -1.997952747215368807e-01 -2.103009428560776231e-02
-9.795627750360705877e-01 -1.999346847128542770e-01 -2.197501246037746742e-02
-9.790506222044983442e-01 -2.026571912305315526e-01 -1.974719091210727639e-02
-9.785761229614119427e-01 -2.051395233752781044e-01 -1.750877090373964898e-02
-9.781345398855392226e-01 -2.074093741310507610e-01 -1.530303632711550905e-02
-9.777311429936944576e-01 -2.096591831176778942e-01 -9.211323377359229361e-03
-9.773240006094711108e-01 -2.115710330235084646e-01 -8.689380658848269365e-03
-9.770753198555326424e-01 -2.128058064316301345e-01 -6.125160073637959599e-03
-9.752205049066189346e-01 -2.212244395017379794e-01 -2.173357087002464154e-03
-9.744834156675196146e-01 -2.244169061252920261e-01 -4.374264531608504716e-03
-9.744385358000164921e-01 -2.244986881609699614e-01 -8.359924431791909000e-03
-9.739086020574354574e-01 -2.268208469768452362e-01 -7.372081361488634979e-03
-9.746156624560633475e-01 -2.237333364142900238e-01 -8.228852086674303193e-03
-9.744537349882731458e-01 -2.244145080279209281e-01 -8.834947114277538066e-03
-9.745610137481960367e-01 -2.240280812929126841e-01 -6.500663155885743824e-03
-9.753318130890024085e-01 -2.206379155635633804e-01 -6.839147259690037985e-03
-9.754142501552054423e-01 -2.202965867993101345e-01 -6.038524941360299582e-03
-9.746949556176326412e-01 -2.234720987742823961e-01 -5.474842290263397249e-03
-9.741519234320917819e-01 -2.258935790058023141e-01 3.609446484717773393e-04
-9.765459812746627444e-01 -2.152854755118804309e-01 3.181224079782203271e-03
-9.771907165606095180e-01 -2.122182712483739464e-01 7.856120889940695212e-03
-9.774534843846989229e-01 -2.106018642045142109e-01 1.521678609733440914e-02
-9.775983175139842940e-01 -2.101083653437825216e-01 1.249056957898219723e-02
-9.783393485641430631e-01 -2.066341179500314484e-01 1.242860694574889069e-02
-9.771251937197269477e-01 -2.121829075826760780e-01 1.431011579145385557e-02
-9.779641336789905992e-01 -2.081047763831043451e-01 1.669027383952900040e-02
-9.781810857630347522e-01 -2.067559580552692788e-01 2.034077834511565860e-02
-9.783542255961403811e-01 -2.048198408169375206e-01 2.952714493750275074e-02
-9.791381315295117904e-01 -2.009332147187843087e-01 3.023859867711407162e-02
-9.804781265968186554e-01 -1.948455644164073519e-01 2.641702616652040828e-02
-9.815553311482574372e-01 -1.893696927202801472e-01 2.623473549041483235e-02
-9.819320716340500521e-01 -1.873718824493058877e-01 2.648007449779005845e-02
-9.826392144833239195e-01 -1.833918536476887018e-01 2.806442967858934975e-02
-9.837114041476224813e-01 -1.772253414787474390e-01 3.005098644180261014e-02
-9.841927467832756182e-01 -1.737723836465447369e-01 3.417317687429981266e-02
-9.846816157751743237e-01 -1.709986264020621205e-01 3.408218711028067338e-02
-9.858213791909502532e-01 -1.649406286665942301e-01 3.083516459173429869e-02
-9.865497733558804550e-01 -1.606133108477296734e-01 3.037958346835842316e-02
-9.877794538420187065e-01 -1.532016084275065748e-01 2.865358120544075210e-02
-9.876440749585796430e-01 -1.526284381928089962e-01 3.554927708256457736e-02
-9.887237529389535373e-01 -1.463859684179787124e-01 3.156736600593788855e-02
-9.886124169320910093e-01 -1.470595615807084588e-01 3.192153515375919376e-02
-9.894241059575580310e-01 -1.423269297081529439e-01 2.798202133345961684e-02
-9.900721334284576791e-01 -1.375218081255832059e-01 2.906772825743252769e-02
-9.896453790040431464e-01 -1.409352615925829333e-01 2.718981101410557558e-02
-9.899202647094496044e-01 -1.389601646259258916e-01 2.734871357256505112e-02
-9.914196150744110092e-01 -1.270854999487479597e-01 3.060118750091225803e-02
-9.920775635293678230e-01 -1.211644033411864441e-01 3.318592408555760820e-02
-9.930741256856239207e-01 -1.123251811224295765e-01 3.445061564522225450e-02
-9.934689771313433004e-01 -1.079972424959163568e-01 3.682387119289986382e-02
-9.939387471778803329e-01 -1.032200124017841891e-01 3.783393071802193530e-02
-9.939371741714454478e-01 -1.025127085640224339e-01 3.974982787711174581e-02
-9.948192027611265642e-01 -9.284276929980568582e-02 4.141237143525577924e-02
-9.955035775044329682e-01 -8.577367768096867684e-02 4.019345521776687691e-02
-9.963586424533146246e-01 -7.697973543549832542e-02 3.665496231670831856e-02
-9.962428211060766481e-01 -7.742737395357772445e-02 3.879759630527696013e-02
-9.963889337743561114e-01 -7.203478752752845438e-02 4.494543898451727748e-02
-9.960458980833557519e-01 -7.164893348842542309e-02 5.252627703051049313e-02
-9.970194164671770665e-01 -5.842914102141794075e-02 5.038183329851063375e-02
-9.972079579333191779e-01 -5.360949176595755650e-02 5.198385838914545976e-02
-9.974606561525118931e-01 -4.999716165823717140e-02 5.072015104620462150e-02
-9.981297994566545873e-01 -3.725203444246355522e-02 4.846854336479126946e-02
-9.987305498881333676e-01 -3.295157233568214022e-02 3.809846259991134243e-02
-9.986947602346387676e-01 -2.948887765585552628e-02 4.170362463862487684e-02
-9.988800819659984231e-01 -2.813707971181319406e-02 3.803809824156625941e-02
-9.990655033079453018e-01 -2.064380591413998711e-02 3.797319707181878029e-02
-9.991230317463560828e-01 -1.661123885255069363e-02 3.843493866949504456e-02
-9.991291154066345159e-01 -1.120616065603995820e-02 4.019257562641823101e-02
-9.990355693887621458e-01 -6.508501808981547419e-03 4.342327699704673361e-02
-9.990436782980114394e-01 2.627496791025039739e-03 4.364442238848736250e-02
-9.991090201050958353e-01 9.576521854571758141e-03 4.110312141561937166e-02
-9.989392920887031346e-01 1.521120827046923071e-02 4.346171168372435500e-02
-9.986980639098080870e-01 2.503480695837616982e-02 4.444599119825905220e-02
-9.987251251670731245e-01 2.855849085527656719e-02 4.162388114879861378e-02
-9.985527272359955298e-01 3.591691876141776124e-02 4.003044271081755701e-02
-9.982623821417989651e-01 4.221153299581188040e-02 4.111463751480688711e-02
-9.981399655202153332e-01 4.850289697369006975e-02 3.693356986918248930e-02
-9.979280344837613281e-01 5.367837034028818954e-02 3.547225437194702347e-02
-9.979354666000801455e-01 5.331074241536010172e-02 3.581591163258352611e-02
-9.975290279328205001e-01 5.886121338531474095e-02 3.835630733933398373e-02
-9.973327093544110955e-01 6.206728032491531932e-02 3.840741970959127977e-02
-9.963368755679142819e-01 7.430228587334528068e-02 4.233215474257582406e-02
-9.961451603251464393e-01 7.809059911870418202e-02 3.995858403421887611e-02
-9.956540504440262174e-01 8.453780152638330769e-02 3.906894473180000382e-02
-9.954982805648834310e-01 8.748752739653130328e-02 3.645704884407643259e-02
-9.953494294109087592e-01 9.018026637329060180e-02 3.386802905768605126e-02
-9.949087280662832766e-01 9.316532865583361522e-02 3.842987039901783752e-02
-9.943167086492750162e-01 9.961612043772567759e-02 3.756224192805819595e-02
-9.940473352419537667e-01 1.032110983935285303e-01 3.489090085141698799e-02
-9.934615756633510264e-01 1.092119486484572910e-01 3.326948053134965583e-02
-9.927628863756595701e-01 1.154140505230264596e-01 3.318823221820264152e-02
-9.910683265758994942e-01 1.279304018721604819e-01 3.764830622298729473e-02
-9.909079597050080013e-01 1.301884980764086985e-01 3.394673714496607153e-02
-9.897479626280776266e-01 1.390735310387455070e-01 3.251974773880770414e-02
-9.901440197635223983e-01 1.360738433275099357e-01 3.314724466077226261e-02
-9.900789117006009166e-01 1.362469795795018535e-01 3.435869182536358674e-02
-9.898678438901254983e-01 1.379988692544886764e-01 3.343612184778431418e-02
-9.896997003896474965e-01 1.404316337124241754e-01 2.781132281459073458e-02
-9.887807318851677962e-01 1.467603035733577033e-01 2.782243560638271787e-02
-9.887173259930607250e-01 1.474458520688446406e-01 2.641553251362992877e-02
-9.891030300481303827e-01 1.452322649959838785e-01 2.414115906594998737e-02
-9.890281504561033721e-01 1.456661248182064827e-01 2.459081321455242053e-02
-9.877015836741086519e-01 1.539462662199460319e-01 2.731555078736328662e-02
-9.870394049653630208e-01 1.579517961208833643e-01 2.836289421983268291e-02
-9.863355534035253003e-01 1.629723148827286194e-01 2.412905478574543794e-02
-9.860416132264001599e-01 1.650927072341864532e-01 2.159503621277231167e-02
-9.853951733080852371e-01 1.694521274856871373e-01 1.680295749238192374e-02
-9.852935835731697622e-01 1.704485437686186211e-01 1.199410525397960094e-02
-9.850178514981324795e-01 1.722364990307006793e-01 8.627345233296094054e-03
-9.851237656905145190e-01 1.716088522143537631e-01 9.032085422833346922e-03
-9.849549858193835661e-01 1.727105973986995946e-01 5.893718985012333031e-03
-9.849833927166486980e-01 1.725212260322522007e-01 6.644780540182407789e-03
-9.857254591830201251e-01 1.683526190397195699e-01 1.650864200317670588e-03
-9.865713776031875826e-01 1.632884610390418212e-01 3.715629718077403335e-03
-9.866770400029767352e-01 1.626477837638057033e-01 3.758681438189556082e-03
-9.868815220351118134e-01 1.614101106866261404e-01 3.412939428449081151e-03
-9.870589783751294588e-01 1.603576715146314835e-01 -3.084335692452467442e-05
-9.874911107913022512e-01 1.576678552294626112e-01 1.471075413864949329e-03
-9.866985765672752207e-01 1.623883618010266983e-01 7.479949296877525661e-03
-9.861598693192474840e-01 1.657096220557367494e-01 5.389244657618503555e-03
-9.865186465622345358e-01 1.636081091185664083e-01 3.654763175766015566e-03
-9.865694483163692796e-01 1.633026933138779779e-01 3.600650420737903663e-03
-9.852239915089521238e-01 1.712695165039590239e-01 6.706820864116015343e-04
-9.850371490022070686e-01 1.723233053292838046e-01 -2.550304202103816954e-03
-9.858479263193341557e-01 1.676420772738529963e-01 -1.027468945136353860e-04
-9.856101126059060302e-01 1.690305217934094384e-01 -1.182830506396830234e-03
-9.851552525161124674e-01 1.715939668298430421e-01 -4.964816638001070745e-03
-9.859850875743078058e-01 1.667362325051857941e-01 -5.696163957043249952e-03
-9.870332069800330510e-01 1.605018333819097642e-01 -2.149433216614971259e-03
-9.869830950978354389e-01 1.606105617807316865e-01 -8.284184620803077340e-03
-9.870494678967950408e-01 1.603635817268843355e-01 -4.108512330220306756e-03
-9.869129989410271309e-01 1.612462649557436511e-01 1.544319620695787897e-03
-9.867843379698083561e-01 1.620369776806777906e-01 8.357999400464131328e-04
-9.865968699888789661e-01 1.631734096290806679e-01 1.031929632460321968e-03
-9.861005001829288297e-01 1.660974662700739901e-01 -4.176790089190995404e-03
-9.864857472286362450e-01 1.638116224776575702e-01 -3.410745824980773114e-03
-9.869992979116992693e-01 1.607038164400530489e-01 2.584489589804488379e-03
-9.876500289051233228e-01 1.566760019662705727e-01 2.473203591395359106e-04
-9.876919345089022473e-01 1.563973795782261644e-01 2.124269106848718919e-03
-9.879470290313232539e-01 1.547921199514928903e-01 -2.789628165644941933e-04
-9.876438747602918067e-01 1.567129105035687808e-01 8.066877960752928678e-04
-9.878051847075161040e-01 1.556064943851025728e-01 -5.248470433294980496e-03
-9.877007954044247917e-01 1.560088117643803063e-01 -1.041152805067373580e-02
-9.887110115095237850e-01 1.498194792103948736e-01 -2.160906027974668353e-03
-9.881139479324445585e-01 1.537220857410087071e-01 5.970391372005054605e-04
-9.877893358593522466e-01 1.557865599124377554e-01 -1.669109204746754491e-03
-9.879974989863365975e-01 1.544690415832343233e-01 5.170943310069450044e-04
-9.880996740049896587e-01 1.534905040316074942e-01 9.985470236082870030e-03
-9.880400822673989225e-01 1.536249496280462368e-01 1.327331574757156449e-02
-9.871350531700264774e-01 1.595469699016663079e-01 1.044803275058434587e-02
-9.878161660166330238e-01 1.555631126238228024e-01 4.398924576744839623e-03
-9.881552741224981506e-01 1.534512253253078606e-01 -1.373400515766902592e-03
-9.885431527092392034e-01 1.507467396534293569e-01 -7.606992828070123676e-03
-9.897796673900780551e-01 1.423971707592784353e-01 -7.698467750000971555e-03
-9.905775158710512507e-01 1.366858680788673175e-01 -8.553897202233297359e-03
-9.905242818872068700e-01 1.364748924355171089e-01 -1.537079766798202934e-02
-9.906790898697485082e-01 1.353476189547054842e-01 -1.536143328189873251e-02
-9.909603852048177730e-01 1.330129161243587266e-01 -1.746682090510810054e-02
-9.907986032086552042e-01 1.333439739977679839e-01 -2.318454774011578096e-02
-9.913536454772026163e-01 1.295911465796742712e-01 -2.059357006894501491e-02
-9.920011955842341633e-01 1.241593500386606042e-01 -2.276169264490449443e-02
-9.920858430473969980e-01 1.236514790075328163e-01 -2.181748508248599824e-02
-9.929336851995670399e-01 1.162886568843262969e-01 -2.365705119640540768e-02
-9.938628023587585680e-01 1.079174325808938406e-01 -2.430162290681427487e-02
-9.949036980309283740e-01 9.723707531247738345e-02 -2.667571863524437897e-02
-9.953229271736454553e-01 9.242216222416232974e-02 -2.811451141735162376e-02
-9.959189559998560259e-01 8.520565054533305038e-02 -2.975636842532741744e-02
-9.963561730892102064e-01 8.067896880823555161e-02 -2.766390335584113444e-02
-9.965139508114848610e-01 7.993950700186375213e-02 -2.386697030939547576e-02
-9.965734109352336612e-01 7.878668831865344446e-02 -2.518145312293653890e-02
-9.970368445333773755e-01 7.336152866189094013e-02 -2.314363717716982558e-02
-9.974279358610405044e-01 6.750052642203122066e-02 -2.410815061651327279e-02
-9.977420131815902815e-01 6.303601421240964675e-02 -2.318075125785545865e-02
-9.980598871348650425e-01 5.689245170875899954e-02 -2.529272506774354889e-02
-9.984268344773378212e-01 5.161583882697578368e-02 -2.190143043841616399e-02
-9.983387410850063093e-01 5.225651060261128633e-02 -2.426986656221091776e-02
-9.983502633299969897e-01 5.089705448635164359e-02 -2.657541807142474455e-02
-9.985723978265689249e-01 4.315317833107792239e-02 -3.147984850630852760e-02
-9.985942230882697279e-01 3.890504103802484154e-02 -3.599981795433518372e-02
-9.986018594803148796e-01 3.469923150653705241e-02 -3.987858069016434609e-02
-9.989487766952273029e-01 2.763349005577839593e-02 -3.657517102263912329e-02
-9.991466769596807351e-01 2.077626464453567398e-02 -3.569700382224272328e-02
-9.992019784354368994e-01 1.694802795009055577e-02 -3.616879830192725603e-02
-9.993259101042163417e-01 1.047733286953740281e-02 -3.518468736988970141e-02
-9.992204781780404943e-01 2.089956346342763949e-03 -3.942181462228179500e-02
-9.990059280300580546e-01 -2.680504460398494722e-03 -4.449699075996489672e-02
-9.990479632579234437e-01 -4.454402939022139227e-03 -4.339742990255539973e-02
-9.990059055795240672e-01 -1.675939366671113165e-02 -4.130780305615260051e-02
-9.992313296401691414e-01 -1.625747860381127410e-02 -3.567149491950061951e-02
-9.988962897883807424e-01 -2.915369343992667631e-02 -3.682764895512290193e-02
-9.990404480016301658e-01 -3.275402924417200601e-02 -2.907521327205551606e-02
-9.989897612834000018e-01 -3.563752445506946503e-02 -2.737580810191920025e-02
-9.987410570602430759e-01 -4.032140317690733472e-02 -2.984119003444836438e-02
-9.985918458137432729e-01 -4.518952927590118296e-02 -2.778926129763557851e-02
-9.983664989126778133e-01 -5.214576549427287627e-02 -2.334874720544514309e-02
-9.979274679665255388e-01 -5.946695368134472665e-02 -2.458579207370770528e-02
-9.973131948494137200e-01 -6.865828529601304686e-02 -2.554295075845540441e-02
-9.969369316732176189e-01 -7.487083499866689640e-02 -2.260803685964698703e-02
-9.964671364592924130e-01 -8.132226608996427630e-02 -2.097488707549654413e-02
-9.963190149723146760e-01 -8.370289599874260189e-02 -1.850017534068272920e-02
-9.959067259560002716e-01 -8.940313605374770878e-02 -1.329974265166596059e-02
-9.952052745867809858e-01 -9.722123518197173242e-02 -1.070062784315582022e-02
-9.954682865529095315e-01 -9.465659844152331248e-02 -9.112049861791956043e-03
-9.946195199628569128e-01 -1.033648931833784368e-01 -6.907967961838158699e-03
-9.946698504274986696e-01 -1.031093707895053835e-01 -5.975000318473224631e-04
-9.946132335924362522e-01 -1.036221511194781175e-01 -2.641225265988944495e-03
-9.944732666074932448e-01 -1.049148697298964289e-01 -3.975278740740372310e-03
-9.947080893658007961e-01 -1.026656185410411148e-01 -3.949487097494528733e-03
-9.944859743576269784e-01 -1.048407024634295248e-01 -2.466702324913812305e-03
-9.949281812745852660e-01 -1.005828063193728583e-01 -1.011898872877978672e-03
-9.952021505311632321e-01 -9.783878403003637425e-02 5.125341697546355151e-04
-9.947666510301781395e-01 -1.021077895589839468e-01 3.649658799625967072e-03
-9.952198214645310292e-01 -9.765533299155230995e-02 -9.764656426252552382e-04
-9.955272386169584653e-01 -9.447348604170684172e-02 -5.368430492540896947e-04
-9.958417817405352812e-01 -9.094965859688025622e-02 5.226480725480341961e-03
-9.962331631418959166e-01 -8.635704443484054638e-02 7.871235936346221776e-03
-9.961139562612127962e-01 -8.799733240177570748e-02 3.669676096978667472e-03
-9.958439398200050752e-01 -9.098126427016887952e-02 4.155472640219520092e-03
-9.959054010089581910e-01 -9.033090860932874167e-02 3.573522803806314894e-03
-9.962657393263473216e-01 -8.604830135762851773e-02 7.090656275762841250e-03
-9.962581329022069943e-01 -8.607981973893803762e-02 7.746495247369467735e-03
-9.961059839042940567e-01 -8.770350798565769435e-02 8.998580177112195516e-03
-9.959592024968056956e-01 -8.954258747983025180e-02 6.884979506708704781e-03
-9.960401530776746837e-01 -8.860033259048126497e-02 7.348841913061046095e-03
-9.961776614259468809e-01 -8.625504724846544402e-02 1.378929989512753251e-02
-9.961460560368623485e-01 -8.656863619499043094e-02 1.410380659230572008e-02
-9.965466602557428999e-01 -8.146818444693403050e-02 1.605303860790376763e-02
-9.968054324600227334e-01 -7.731701614445271598e-02 2.002548827115310098e-02
-9.975151984337103928e-01 -6.877177623181036925e-02 1.529323136358875720e-02
-9.975463256705179305e-01 -6.819324303957242928e-02 1.584364175128424868e-02
-9.979511384014007058e-01 -6.197895590519403308e-02 1.587909407194117509e-02
-9.981505758310903476e-01 -5.886027972306413780e-02 1.519561327672672157e-02
-9.983597956290856112e-01 -5.541741887612573053e-02 1.437495594475239440e-02
-9.985245534988750338e-01 -5.243212312132677216e-02 1.412797660398599532e-02
-9.987875409601422172e-01 -4.748744633189307118e-02 1.297696508433130065e-02
-9.990173102537045491e-01 -4.027138999500542299e-02 1.851054974616231363e-02
-9.992022150918403733e-01 -3.408725860049241496e-02 2.080874316260116624e-02
-9.992941502952735755e-01 -3.033101622368036474e-02 2.216398660607689017e-02
-9.993509672401047483e-01 -2.684266525157217448e-02 2.402347327657672338e-02
-9.991972969206434074e-01 -2.381266347616209367e-02 3.221382899196048588e-02
-9.993882267072424774e-01 -1.942249393713554872e-02 2.908523466052269357e-02
-9.993907506357815329e-01 -1.618818127366527387e-02 3.092057911261904268e-02
-9.995785007302883107e-01 -1.142264795018995208e-02 2.668999431257605345e-02
-9.996874914417306357e-01 -6.281869845843524383e-03 2.419647221571566767e-02
-9.995037948538750827e-01 -1.075659646109577809e-03 3.148045790654730586e-02
-9.995916498528598648e-01 5.184919989625390822e-03 2.810092987241554971e-02
-9.996178737560023064e-01 8.533353863211476723e-03 2.629259271340683018e-02
-9.996849116652170020e-01 5.258749315114251595e-03 2.454455280792174413e-02
-9.997116083354792293e-01 4.633247461399623429e-03 2.356364375410462120e-02
-9.996002595402008195e-01 7.644190193453108059e-03 2.721947293176696023e-02
-9.995879407546295337e-01 8.167036144259360447e-03 2.751836555422598057e-02
-9.995467564754733081e-01 1.085507192586331743e-02 2.807955243265549544e-02
-9.993877604502297007e-01 1.699070796192561281e-02 3.058483959277421768e-02
-9.994055279328484254e-01 2.037666171503590279e-02 2.780997446799145928e-02
-9.991857610505742171e-01 2.569039154118905183e-02 3.110998324654837971e-02
-9.991885027193557756e-01 2.714960791316413727e-02 2.975310333817135847e-02
-9.990854461194517144e-01 3.059348679467472840e-02 2.987176349865911656e-02
-9.988079247170875696e-01 3.745522630508313355e-02 3.130252270383714064e-02
-9.985355314786520387e-01 4.134582966420492084e-02 3.489021697212621453e-02
-9.985825129008334411e-01 4.407315789545332430e-02 2.984181810929807666e-02
-9.986959870515779158e-01 4.292898340263470031e-02 2.763042287000747055e-02
-9.983702638534459606e-01 4.981723383893932322e-02 2.784011337304579531e-02
-9.983824574410221642e-01 5.275742520612196340e-02 2.119280937918158886e-02
-9.979310114242351260e-01 6.057466046840841861e-02 2.155039145625510522e-02
-9.974906631166973181e-01 6.683856631238865864e-02 2.334513973077694676e-02
-9.970470852463161338e-01 7.402664452738071110e-02 2.042493639145520970e-02
-9.970484954052025728e-01 7.474389335085845909e-02 1.754025465329320244e-02
-9.968030861694786582e-01 7.888845384325030019e-02 1.265825638067830453e-02
-9.970867263458221830e-01 7.458169463220973294e-02 1.598884340393103010e-02
-9.967699516380681413e-01 7.790422821912353080e-02 1.950915044412074653e-02
-9.970808531402621799e-01 7.498485271225778515e-02 1.438945654138822257e-02
-9.974944844496560492e-01 6.991111496101112821e-02 1.082598459227533325e-02
-9.971925043929775745e-01 7.397661981283584764e-02 1.160092180648795122e-02
-9.971222894044310392e-01 7.544607375478998290e-02 7.419056174513618228e-03
-9.973340511733947977e-01 7.283861865308853545e-02 4.397556638051317024e-03
-9.971959859105680168e-01 7.481575246791592748e-02 1.667731591235082581e-03
-9.972240133040681798e-01 7.443955495978892001e-02 1.741381361640912707e-03
-9.970949991398728729e-01 7.616714618010266002e-02 3.754729015776211119e-04
-9.974082635597604218e-01 7.193540378202133156e-02 -1.437338591622757105e-03
-9.973422392427521155e-01 7.262597730666169038e-02 -5.825608969863173628e-03
-9.973640762761700751e-01 7.248097024368520269e-02 -3.379465138460378479e-03
-9.971957577934619232e-01 7.454798543725732474e-02 -6.575021289532347220e-03
-9.970754489000787091e-01 7.592665813950902343e-02 -8.700814156649057732e-03
-9.972650830011376977e-01 7.242652419963102606e-02 -1.472295677600832069e-02
-9.968674740419883884e-01 7.616443987723722775e-02 -2.131266791677169717e-02
-9.974930151429879377e-01 6.834756291586507881e-02 -1.833869878917501056e-02
-9.976873009864625219e-01 6.487036859060282823e-02 -2.029525195600397069e-02
-9.978781673706326183e-01 6.309174371293492511e-02 -1.608127670496210457e-02
-9.979925632731971863e-01 6.195884957353835903e-02 -1.311324138884411086e-02
-9.981472813963405688e-01 5.833426789372583854e-02 -1.729538802940385617e-02
-9.980205519768935440e-01 6.036377867195126534e-02 -1.764099411299044004e-02
-9.979147743700383932e-01 6.291870693240625423e-02 -1.439972569232426773e-02
-9.979975695333797026e-01 6.110759188829461425e-02 -1.633175233958375494e-02
-9.984602411117781129e-01 5.416938112186850396e-02 -1.195147118707278605e-02
-9.988863170667968694e-01 4.561328091020599301e-02 -1.206510602544825367e-02
-9.990787785977391922e-01 4.078016192911949889e-02 -1.336357796041148099e-02
-9.992625349149574232e-01 3.687946764999310012e-02 -1.069129622248240173e-02
-9.994717221985853772e-01 3.132310228375509431e-02 -8.669048223420933175e-03
-9.993247329535676071e-01 3.560517754909664490e-02 -9.075352742228370850e-03
-9.993963026883552203e-01 3.326500227678873267e-02 -1.002409102850506870e-02
-9.992766135885878809e-01 3.655949728684615430e-02 -1.047211962282907152e-02
-9.993617820630701365e-01 3.354163178371500492e-02 -1.228821067778752135e-02
-9.993599012583421759e-01 3.414217779729434438e-02 -1.068232627062312527e-02
-9.993442082707227891e-01 3.260143203420197422e-02 -1.575794213805176494e-02
-9.994443971302282570e-01 2.960513836147189021e-02 -1.531161444969369144e-02
-9.993838815001027109e-01 2.671206687397588084e-02 -2.276698979712411114e-02
-9.995076360414010264e-01 2.071269675933438276e-02 -2.356867982964426511e-02
-9.995235331780083499e-01 1.756479316030758187e-02 -2.538105019484272751e-02
-9.996079527015317989e-01 9.598884827848624957e-03 -2.630238378539627442e-02
-9.996929527729725429e-01 4.110261069297793668e-03 -2.443601722187065464e-02
-9.996239472716852426e-01 -4.512209722552555646e-03 -2.704842394122666110e-02
-9.996358785867910379e-01 -7.298136848197980808e-03 -2.597808051077955815e-02
-9.996391755271147872e-01 -1.220057279741121152e-02 -2.393069013547203389e-02
-9.997183653811460013e-01 -7.067120767531204044e-03 -2.265521856498896661e-02
-9.997036096874925004e-01 -1.132326451392644956e-02 -2.155202167156754223e-02
-9.995618012789347917e-01 -1.680293213165443694e-02 -2.436965755701432645e-02
-9.994411820267711244e-01 -2.043065216816971480e-02 -2.645610481511028941e-02
-9.994291743481615864e-01 -2.416850968535743868e-02 -2.360554882691227180e-02
-9.993437013139541136e-01 -2.494370936989771109e-02 -2.626768661627261817e-02
-9.990275960462754457e-01 -3.579025238539916554e-02 -2.574749482228024661e-02
-9.987836695253082819e-01 -4.057621089593598657e-02 -2.801367418437772719e-02
-9.986305204865684182e-01 -4.528342194507833235e-02 -2.620130833247540786e-02
-9.985012273719375830e-01 -4.618070506172423234e-02 -2.937098493285675987e-02
-9.981312625558720342e-01 -5.270348530014824090e-02 -3.092472744756990036e-02
-9.981510145775590592e-01 -5.319951532659235316e-02 -2.940029060276053152e-02
-9.981400219086968839e-01 -5.514552337615335337e-02 -2.599002332809461496e-02
-9.980792565363980628e-01 -5.585695520090960126e-02 -2.679200675942568222e-02
-9.978070971851912274e-01 -6.106188519527523673e-02 -2.554322498246007142e-02
-9.974639542845824547e-01 -6.645611865387951456e-02 -2.548053285724399819e-02
-9.971732071851681090e-01 -7.174448442154551797e-02 -2.232346588769911280e-02
-9.966202444104914626e-01 -8.030476924211617240e-02 -1.729870464398959237e-02
-9.963994154166367911e-01 -8.215224192557656069e-02 -2.095774057017731062e-02
-9.960672018893305113e-01 -8.577034606737213296e-02 -2.221688267659358354e-02
-9.955943798473469997e-01 -9.161780638983117731e-02 -1.995046518278196027e-02
-9.950282155498184622e-01 -9.694180415101716353e-02 -2.282870257770181627e-02
-9.944945621546585901e-01 -1.012346045844334658e-01 -2.705796615544335190e-02
-9.939037822211257422e-01 -1.065401466916849060e-01 -2.836338760509453383e-02
-9.924945771296724839e-01 -1.186719430572559519e-01 -2.952113257583897574e-02
-9.915073824638040989e-01 -1.263047320149103259e-01 -3.098771102883179918e-02
-9.911386478641222020e-01 -1.279384236019397714e-01 -3.572049228291377526e-02
-9.902749156629983007e-01 -1.330016902581617755e-01 -4.081856388415480014e-02
-9.890357786460850509e-01 -1.398587155727565312e-01 -4.741077695223596539e-02
-9.878561534888786744e-01 -1.470376450735211837e-01 -5.020124065861012591e-02
-9.866078375789544275e-01 -1.556048277331343876e-01 -4.890936495666702022e-02
-9.860644766608244183e-01 -1.599326521357384012e-01 -4.580838503588535726e-02
-9.842224509991934767e-01 -1.717639233086574457e-01 -4.246569273267037509e-02
-9.827279481044910447e-01 -1.789477305651286099e-01 -4.715404112142448922e-02
-9.818369217261024851e-01 -1.840618916952872219e-01 -4.601622530039048420e-02
-9.805604922464101758e-01 -1.906853112201101763e-01 -4.626280327471529730e-02
-9.803794324604301336e-01 -1.922857558072144091e-01 -4.338629224175304111e-02
-9.782593434667464782e-01 -2.029221384603082656e-01 -4.279341608461396940e-02
-9.775767920866748062e-01 -2.061649322263780226e-01 -4.289114260686380242e-02
-9.747771603011907704e-01 -2.198470223185124139e-01 -3.842899975680699048e-02
-9.730974811523674939e-01 -2.270560371656817900e-01 -3.907507742795789107e-02
-9.720607524169291302e-01 -2.310586765150651756e-01 -4.134966942330497303e-02
-9.716794478526606937e-01 -2.321231974999655445e-01 -4.424799853951030815e-02
-9.708151641873357107e-01 -2.361189717088902074e-01 -4.202096760744502418e-02
-9.700921151131253195e-01 -2.395601030677809995e-01 -3.914407718811539760e-02
-9.687239844376438480e-01 -2.458485994779783801e-01 -3.364998766404998787e-02
-9.689110833416024748e-01 -2.449789140931544762e-01 -3.459274178681125828e-02
-9.679052457208970894e-01 -2.491191011542651657e-01 -3.315301315396326776e-02
-9.669832787778654959e-01 -2.526111928460113565e-01 -3.362941221575326683e-02
-9.652340739075059295e-01 -2.597561148693240396e-01 -2.915401677935028357e-02
-9.635237028237529922e-01 -2.664788456872493883e-01 -2.472068216454127720e-02
-9.621963422576270686e-01 -2.714847063464947419e-01 -2.177765705513880212e-02
-9.600903759948568039e-01 -2.788781119314785450e-01 -2.129511130422691301e-02
-9.591732023536960750e-01 -2.823029039176760957e-01 -1.708366271779527060e-02
-9.594239565934038483e-01 -2.815652997291140935e-01 -1.505545483564696592e-02
-9.592095187712416093e-01 -2.824152280196539633e-01 -1.259965430294717609e-02
-9.574229880695011019e-01 -2.885219650837023142e-01 -9.813801107098965582e-03
-9.581381168266076553e-01 -2.861760087182804169e-01 -8.640268788252946849e-03
-9.575615884932995314e-01 -2.879206233232100010e-01 -1.332411683117898198e-02
-9.572904129042727472e-01 -2.886923821188168149e-01 -1.586779983664203877e-02
-9.542167752529993052e-01 -2.986334296912952491e-01 -1.698333701929065007e-02
-9.541450641930721011e-01 -2.988201339864854922e-01 -1.771262942619051053e-02
-9.541981214681939383e-01 -2.985694623339712472e-01 -1.903245628327620773e-02
-9.528050596677281048e-01 -3.029009767957701049e-01 -2.033543228718856510e-02
-9.510317946046550341e-01 -3.086302675956368313e-01 -1.690848229353194079e-02
-9.510790003916727020e-01 -3.086941647497621344e-01 -1.251642426272589134e-02
-9.515071737596619839e-01 -3.072701657407452269e-01 -1.480394232427671188e-02
-9.505703453091053357e-01 -3.101458433992625996e-01 -1.501957470741529903e-02
-9.491520881071972005e-01 -3.142805932939412017e-01 -1.838574522238666312e-02
-9.482745591639474281e-01 -3.172350566924744264e-01 -1.171718605096871632e-02
-9.458103710561612809e-01 -3.246107024818427611e-01 -8.405167042709190198e-03
-9.467891950352946839e-01 -3.218312427778765028e-01 -3.858030242302753522e-03
-9.459416698534210965e-01 -3.243210095458795572e-01 3.202044737119657224e-03
-9.452133546576133583e-01 -3.263867073407210606e-01 6.591245382427429918e-03
-9.456356478604537319e-01 -3.250505484987158966e-01 1.074130019369807024e-02
-9.469767061873273217e-01 -3.210858649658128172e-01 1.178975892512116805e-02
-9.472284009558836759e-01 -3.201000830977102085e-01 1.715536193930384049e-02
-9.480361288058973823e-01 -3.176257283379124163e-01 1.847724067053763825e-02
-9.483301692629787505e-01 -3.166372678509002392e-01 2.026681835171944418e-02
-9.489415384888983951e-01 -3.147683616681434815e-01 2.075688513912545691e-02
-9.523857807229546557e-01 -3.038775411867208898e-01 2.489533905085674140e-02
-9.523134537768196406e-01 -3.039250047321367942e-01 2.699426836479049130e-02
-9.534283806648848891e-01 -2.999221994107790779e-01 3.195325808449454158e-02
-9.539773797298988223e-01 -2.977319605532835478e-01 3.581692544603903156e-02
-9.549424611750895187e-01 -2.941785704935991896e-01 3.929221323556444934e-02
-9.567675170883136460e-01 -2.869532092671503998e-01 4.747407569006033279e-02
-9.598639645041530111e-01 -2.760209513429452421e-01 4.973548228064585131e-02
-9.615856518174135115e-01 -2.696528132112733234e-01 5.138490754502195862e-02
-9.632782600202283163e-01 -2.635710593882063524e-01 5.123772632650862302e-02
-9.643253458512707210e-01 -2.593996389012640513e-01 5.280595545268162300e-02
-9.664937386808130082e-01 -2.506920237702472409e-01 5.516680816904082074e-02
-9.690175083135044165e-01 -2.390983660832022017e-01 6.194396657906103831e-02
-9.705349247815826530e-01 -2.343291992720417105e-01 5.614090480409261730e-02
-9.719624265926246620e-01 -2.278018641464008009e-01 5.826977889262835442e-02
-9.744747058815630414e-01 -2.154179232638127883e-01 6.319953608316250526e-02
-9.766103146885101172e-01 -2.050020930040407086e-01 6.485715570855850320e-02
-9.789228400818965614e-01 -1.932818129697994325e-01 6.597143007122514835e-02
-9.807381359299263135e-01 -1.838797488079852993e-01 6.588597992282142768e-02
-9.814148355552767544e-01 -1.773639408426193054e-01 7.325959991719031839e-02
-9.837426900858671219e-01 -1.612222203638346285e-01 7.910582935716049813e-02
-9.853402853351577173e-01 -1.505315220247261665e-01 8.027951138460101554e-02
-9.870335175192210819e-01 -1.367747944546878203e-01 8.400897682336769257e-02
-9.891135102805845847e-01 -1.224516593401508840e-01 8.160926394708656328e-02
-9.906402728645615774e-01 -1.089273717629209159e-01 8.225992071711243914e-02
-9.909753410903816562e-01 -1.018564851075353106e-01 8.713866534519565388e-02
-9.915722992350608500e-01 -8.906039072144109059e-02 9.408846902005991997e-02
-9.922121593556707531e-01 -7.822372829686469187e-02 9.693346656688874019e-02
-9.935781046251473958e-01 -6.402889654447110890e-02 9.328916432800324343e-02
-9.940488276030778891e-01 -4.641760076524448220e-02 9.855127173251654327e-02
-9.949847519959208464e-01 -2.863172967035676128e-02 9.584146009338148642e-02
-9.955523315112344562e-01 -1.014666461446547818e-02 9.366225530689287204e-02
-9.961167597579340116e-01 7.534970523536431430e-03 8.771910758689083210e-02
-9.957881778207351431e-01 2.459375024942680316e-02 8.832366104932484752e-02
-9.952423011749925719e-01 3.982849437307173224e-02 8.891833204564872362e-02
-9.944105738138256934e-01 5.341586956822761550e-02 9.107344589136362467e-02
-9.937704222495677975e-01 6.398009967861491287e-02 9.125191342180427601e-02
-9.929743446042287314e-01 7.447336938732589118e-02 9.195480003993836138e-02
-9.920465859316719426e-01 8.384265194737618165e-02 9.388289604257206433e-02
-9.908639382099440063e-01 1.007370624604085330e-01 8.967004404085843206e-02
-9.895856572862751221e-01 1.117313447077609434e-01 9.075433977454107348e-02
-9.888089448145084281e-01 1.202809269572881756e-01 8.825749747913905208e-02
-9.875915922215261489e-01 1.310153388584897327e-01 8.659009474286488706e-02
-9.870527771381883975e-01 1.368998369546198246e-01 8.357790474266611758e-02
-9.863602051109812141e-01 1.434591333591533624e-01 8.070340178487658833e-02
-9.839388388257661600e-01 1.588927410335526647e-01 8.134786158976518855e-02
-9.813868491263222360e-01 1.731013054424670183e-01 8.316132979745531617e-02
-9.805122103640491193e-01 1.786569797314404573e-01 8.171600349554462850e-02
-9.792298627295834557e-01 1.870151126009141906e-01 7.832138807800358149e-02
-9.771249814651589150e-01 1.967760121569844811e-01 8.065970524815609111e-02
-9.756474346218472204e-01 2.064233607772619494e-01 7.417206769252455978e-02
-9.724717835883310846e-01 2.200895042993498141e-01 7.654578169793933851e-02
-9.714447595219881659e-01 2.261731301772603731e-01 7.169944749736788248e-02
-9.695499448487084893e-01 2.346851994103063554e-01 6.996983606289314261e-02
-9.676363883112646391e-01 2.422494762764563214e-01 7.067550934416785835e-02
-9.663642940986070240e-01 2.480044865346844318e-01 6.807232954667397085e-02
-9.637051198690871345e-01 2.580796438400276838e-01 6.831804814578912310e-02
-9.596268160957672766e-01 2.732631186754470032e-01 6.666076805350910905e-02
-9.567601547093574910e-01 2.826347440474974992e-01 6.875772073797280226e-02
-9.528904870798863280e-01 2.967141635112678921e-01 6.293202888078718027e-02
-9.484762276728330166e-01 3.105021462123304099e-01 6.309737094314561701e-02
-9.474868691421431954e-01 3.141073381933424669e-01 6.004355373789298927e-02
-9.450750512678036674e-01 3.220691643312958985e-01 5.571908040373362708e-02
-9.430719645569878296e-01 3.281984150612754503e-01 5.386172150774653361e-02
-9.379914138997605955e-01 3.430870667595377621e-01 4.963251772452610677e-02
-9.347949811510297691e-01 3.521004281576375350e-01 4.672950219757533719e-02
-9.325078409951813585e-01 3.583642865254391130e-01 4.476806057235425268e-02
-9.305032241915310864e-01 3.632873802711983346e-01 4.675514685579483520e-02
-9.294609359135568294e-01 3.663756539376004651e-01 4.325810219626870928e-02
-9.279882410044845154e-01 3.697864218367776235e-01 4.578036077342750865e-02
-9.254392665284609798e-01 3.769633916111386207e-01 3.822014591727179028e-02
-9.239007777675906086e-01 3.813487466435668272e-01 3.131294288417552085e-02
-9.225529412228312687e-01 3.845242432327831694e-01 3.220545192311501798e-02
-9.204413983160276702e-01 3.896510554541678939e-01 3.097904700282111401e-02
-9.205097075749981705e-01 3.897801988431895959e-01 2.707930893788976917e-02
-9.187837753262912965e-01 3.941378417783149568e-01 2.217543558935783712e-02
-9.178935047959614346e-01 3.960791436353783834e-01 2.434830415239338727e-02
-9.170298194508208489e-01 3.982139774748123529e-01 2.195341515346438746e-02
-9.171026664109119819e-01 3.981543587008503637e-01 1.989522480136193122e-02
-9.166369212916183340e-01 3.993042171870231360e-01 1.824584115486633379e-02
-9.146004087123082993e-01 4.040267193941567969e-01 1.638647029022374801e-02
-9.135549363204484852e-01 4.065401949866097597e-01 1.193574923276373087e-02
-9.132680084606321635e-01 4.073236923418270816e-01 5.382219906249403364e-03
-9.122552418899171345e-01 4.095602377806430994e-01 7.127355815485134430e-03
-9.128400702234279462e-01 4.083032469865510716e-01 3.388016079437301126e-03
-9.129735418700459793e-01 4.079960275923651403e-01 4.308975814368743058e-03
-9.135595773219391535e-01 4.067031163274362204e-01 1.219776256156078226e-03
-9.116027416032309594e-01 4.109236463782179327e-01 1.105498864019095751e-02
-9.115174853662741938e-01 4.111772840516293992e-01 8.314407869831078046e-03
-9.125639176801032537e-01 4.089237442265901135e-01 2.912390887638707272e-03
-9.105081391173295291e-01 4.134886277360253493e-01 1.448367292763190310e-03
-9.100130065782261468e-01 4.145648213714231423e-01 3.514425774977921954e-03
-9.087487719149661691e-01 4.173436037103930851e-01 2.029095274443115660e-05
-9.080988296572198859e-01 4.187527323028963910e-01 -1.636822805501112876e-03
-9.098614120912792425e-01 4.148617451408276868e-01 -6.477482037292290468e-03
-9.115930980725881483e-01 4.109574676606174704e-01 -1.058291125738872705e-02
-9.116293126795337320e-01 4.107125964723780109e-01 -1.572177114194942688e-02
-9.142062483498968328e-01 4.049582979999512555e-01 -1.535340618783934477e-02
-9.143898356890990398e-01 4.044057647199453265e-01 -1.863385624988020059e-02
-9.153438971392582335e-01 4.022754978422511396e-01 -1.788822367232959995e-02
-9.186525772438288717e-01 3.944788488566531304e-01 -2.153822371043062275e-02
-9.202178061491578243e-01 3.905726080531269906e-01 -2.553903273763629203e-02
-9.229816884807720001e-01 3.834424233854952790e-01 -3.281350533734894021e-02
-9.241791980436521170e-01 3.805937764157090730e-01 -3.226767256227697223e-02
-9.254446098636402995e-01 3.771117267544229490e-01 -3.659282934279165650e-02
-9.282487610426267688e-01 3.705876635746319092e-01 -3.192235356711560501e-02
-9.303294437725709853e-01 3.648401373164380512e-01 -3.713241172841869747e-02
-9.323532582319999928e-01 3.599873220187914669e-01 -3.356405147226187297e-02
-9.350884010858275808e-01 3.521945317349191029e-01 -3.960694147445598112e-02
-9.379616172480759184e-01 3.445103126030595320e-01 -3.925130448577644759e-02
-9.425975611839620960e-01 3.312599992623321277e-01 -4.215052379274823041e-02
-9.451771192277373945e-01 3.231196523090387740e-01 -4.726435994927020295e-02
-9.466544120600108858e-01 3.184394141577073234e-01 -4.941436830665974639e-02
-9.485124825488792100e-01 3.119609289511615646e-01 -5.481300623347733214e-02
-9.517885424066214739e-01 3.012799584831454824e-01 -5.769726005855134454e-02
-9.543324791723269973e-01 2.935865759126731755e-01 -5.528524398473681767e-02
-9.564999091550012711e-01 2.855103911020613894e-01 -5.993127070802233697e-02
-9.585770691812759425e-01 2.774910329876901227e-01 -6.425531974218667841e-02
-9.613271803716783026e-01 2.666160358073077496e-01 -6.903592540407375855e-02
-9.643499227576185495e-01 2.561985530928457266e-01 -6.626873329249928501e-02
-9.658207564423578750e-01 2.493636940996346862e-01 -7.076744855890300390e-02
-9.664159667141077881e-01 2.467219351488736667e-01 -7.189216445229318353e-02
-9.691152911394534941e-01 2.360401029625075198e-01 -7.141876193554788643e-02
-9.724417282024337972e-01 2.228116040680439280e-01 -6.864467569334463393e-02
-9.750213953459407890e-01 2.113312204932134841e-01 -6.835503632149154962e-02
-9.771635513056360356e-01 2.017556181353203637e-01 -6.667894375849640898e-02
-9.789559908513533193e-01 1.927202253392814868e-01 -6.711258994370081221e-02
-9.804253909916239573e-01 1.862378238157774979e-01 -6.388695145655762242e-02
-9.821880275707143282e-01 1.771991125822745261e-01 -6.250735833842106792e-02
-9.837694627475840337e-01 1.685257414353422689e-01 -6.161765547177059515e-02
-9.857441203875328961e-01 1.567826500408270318e-01 -6.105527448136079116e-02
-9.873109563924077348e-01 1.444807786418028650e-01 -6.589686776307175642e-02
-9.889829669210563612e-01 1.323075710545063011e-01 -6.638836491793340122e-02
-9.903492917442838772e-01 1.201823228677951216e-01 -6.902540873356741158e-02
-9.913464665184686941e-01 1.133195970630643118e-01 -6.626363722755793106e-02
-9.921644888885166047e-01 1.043516678334754783e-01 -6.870497765805186341e-02
-9.935834261590897887e-01 8.781164295280785570e-02 -7.128189476555600590e-02
-9.945341802894493988e-01 7.748039632914771602e-02 -6.998978665921297415e-02
-9.952445236546217933e-01 6.349855202950314970e-02 -7.386670714233932455e-02
-9.959095460653513143e-01 5.551518694882040528e-02 -7.128996048234613470e-02
-9.970521113998341844e-01 4.463263203301472831e-02 -6.241020063249316102e-02
-9.972226620356130500e-01 3.173212004233216116e-02 -6.737991475617462200e-02
-9.974610015001138530e-01 2.088364938635127455e-02 -6.808407868194132906e-02
-9.977381799726957601e-01 7.205160664783780491e-03 -6.683283556041107187e-02
-9.977948133506822082e-01 -4.779168147079435741e-03 -6.620187305935566757e-02
-9.978333099293853481e-01 -1.143947247762146929e-02 -6.479075568415874897e-02
-9.979761309128228897e-01 -1.909536307706419245e-02 -6.065498401510882598e-02
-9.975580947544985255e-01 -3.175659109924818674e-02 -6.220437747829055813e-02
-9.974865806544658264e-01 -3.720934036901915598e-02 -6.029929006938456598e-02
-9.970948547341296209e-01 -4.951029645861981798e-02 -5.788436015084149483e-02
-9.965846345026766473e-01 -5.654960575497108843e-02 -6.017662734104732569e-02
-9.960846105190862554e-01 -6.582452155773434177e-02 -5.901354979573721071e-02
-9.956541910000503703e-01 -7.268570085595067731e-02 -5.821974606887578979e-02
-9.956004338611608162e-01 -7.629666177255520210e-02 -5.439313767552456103e-02
-9.950315199137015343e-01 -8.451922799078268045e-02 -5.261931525131450377e-02
-9.942845613969206742e-01 -9.459026750445850840e-02 -4.950666448642537798e-02
-9.938750209456569396e-01 -9.973900293350401736e-02 -4.758772513341302801e-02
-9.935333521206073382e-01 -1.041759880025106555e-01 -4.515372922942006290e-02
-9.934394100830243879e-01 -1.068073488098835039e-01 -4.086986891142111583e-02
-9.928736073566462039e-01 -1.118862654143724517e-01 -4.103024353754736175e-02
-9.921015491298191824e-01 -1.174762346333857038e-01 -4.397576597565402284e-02
-9.909715357568646965e-01 -1.259909377790739693e-01 -4.584448099000811711e-02
-9.900208796144760459e-01 -1.324196388842949490e-01 -4.820492465251931258e-02
-9.886867914485792941e-01 -1.413391191499752952e-01 -5.021652618356313436e-02
-9.874580272547431870e-01 -1.502869343089919540e-01 -4.837870781770177431e-02
-9.866763209508173649e-01 -1.560724335974278398e-01 -4.594834740045995736e-02
-9.847366941034332299e-01 -1.692063516352510233e-01 -4.077831531046259561e-02
-9.831565686963649187e-01 -1.775018218775976098e-01 -4.354632100881223461e-02
-9.825045573380800645e-01 -1.834210411067637436e-01 -3.227280318434964934e-02
-9.820830708650168939e-01 -1.860238432886355819e-01 -3.013285485367907940e-02
-9.805492118447665106e-01 -1.942614643575358568e-01 -2.803112454202149814e-02
-9.792502626179431235e-01 -2.007013405272768947e-01 -2.806977737402180373e-02
-9.779292834396260403e-01 -2.060778224481794041e-01 -3.444220371809764147e-02
-9.752401093192257786e-01 -2.184419173440023676e-01 -3.449457397490453964e-02
-9.735034746554318552e-01 -2.265304788378744161e-01 -3.122410183523321656e-02
-9.725182163892353016e-01 -2.301093754105968392e-01 -3.546846101925311273e-02
-9.711403174488513201e-01 -2.356449886374591129e-01 -3.685024841836856413e-02
-9.691899835842648914e-01 -2.441399749893118643e-01 -3.265678787410573186e-02
-9.681371912774525690e-01 -2.482620164300770316e-01 -3.280804065876521958e-02
-9.667451708749346118e-01 -2.541575604331863802e-01 -2.842052893913573491e-02
-9.648144185007969664e-01 -2.610963358241897292e-01 -3.101384910746785364e-02
-9.652636163449179740e-01 -2.597460014368556669e-01 -2.825213812508078209e-02
-9.643721240766283120e-01 -2.627939568506009183e-01 -3.042630772447043816e-02
-9.631659255185255342e-01 -2.670524881912794135e-01 -3.153388844707444294e-02
-9.622800505970530160e-01 -2.701046993651760597e-01 -3.256644388833731391e-02
-9.614173011696794946e-01 -2.732239132239684398e-01 -3.202317769425630511e-02
-9.598194026289590397e-01 -2.790058799144677359e-01 -3.004082047197820238e-02
-9.581540728819735175e-01 -2.853221264220707210e-01 -2.306673438565869094e-02
-9.567766423881479687e-01 -2.901600428899486772e-01 -1.963729798805665533e-02
-9.548129697438764163e-01 -2.966321636899928449e-01 -1.848160078521755151e-02
-9.551158438146747365e-01 -2.956572454947052342e-01 -1.845360059429441285e-02
-9.540751322927852884e-01 -2.986855416969429466e-01 -2.296968633799535350e-02
-9.540026357507567223e-01 -2.991214667707204899e-01 -2.013296963626825045e-02
-9.544513152501670206e-01 -2.978405244668340668e-01 -1.771231745373703925e-02
-9.522654308482316754e-01 -3.049867605221412425e-01 -1.317734724229046445e-02
-9.513180615712349963e-01 -3.079521073092145178e-01 -1.262785373315253659e-02
-9.493857043439863919e-01 -3.139511660290011386e-01 -1.007308434612157189e-02
-9.503198143470904524e-01 -3.110164040972289712e-01 -1.269110414370965868e-02
-9.496388049082006289e-01 -3.131615815902835109e-01 -1.076946211013737886e-02
-9.497276648830582646e-01 -3.130052590708905513e-01 -6.714734220025830001e-03
-9.497851616070225322e-01 -3.128800523427155422e-01 -3.773188779895982232e-03
-9.477101068504242276e-01 -3.191228299687947079e-01 -2.487976274784624992e-03
-9.488361865635593917e-01 -3.157469127735674785e-01 -3.714215665175565981e-03
-9.485292907169716736e-01 -3.166837499556582336e-01 -1.898531957431833428e-03
-9.489365502354588644e-01 -3.154556534435714599e-01 -2.677983409028626173e-03
-9.477043220314198546e-01 -3.191477828718599641e-01 1.108100867240938668e-03
-9.477507248103596016e-01 -3.189899507287996538e-01 3.740609754336053465e-03
-9.476101260733506004e-01 -3.194020050902023899e-01 4.174363766609464656e-03
-9.478587477552324891e-01 -3.185450732679968033e-01 9.635759905695836722e-03
-9.484035551838778666e-01 -3.167192951140669899e-01 1.481897403300892410e-02
-9.507528024419851231e-01 -3.094933757870411695e-01 1.682190451148480106e-02
-9.518174914305413958e-01 -3.060351987198342560e-01 1.964529705151529804e-02
-9.518585850389225111e-01 -3.059279354624314662e-01 1.932226529443214005e-02
-9.543593454720543656e-01 -2.973233913908193138e-01 2.823222756907859538e-02
-9.555151330829895207e-01 -2.937425313250445758e-01 2.657392941670877126e-02
-9.568916825109947677e-01 -2.892593658009127155e-01 2.621726922515706104e-02
-9.562685966361674783e-01 -2.917126633608787545e-01 2.130988418374066273e-02
-9.577003485953800022e-01 -2.867780094588812667e-01 2.384184783937907254e-02
-9.589980704417414570e-01 -2.823464069557691247e-01 2.456064944478542761e-02
-9.579440017448636047e-01 -2.858412272131520826e-01 2.526065044219006142e-02
-9.584323052401478860e-01 -2.841132639094393619e-01 2.621426468675745053e-02
-9.597051831745798678e-01 -2.797431318612661477e-01 2.664131578225976266e-02
-9.609445383560272225e-01 -2.757233605088242889e-01 2.371161659666588470e-02
-9.604736262936902635e-01 -2.770647297781448914e-01 2.693634715325640347e-02
-9.610378670472162765e-01 -2.746491172324384555e-01 3.121055416912043440e-02
-9.635002897397311195e-01 -2.652992986530635644e-01 3.582586049899673386e-02
-9.644758585807911011e-01 -2.615829735531967626e-01 3.688745977138577214e-02
-9.662537757247494641e-01 -2.550219403179257993e-01 3.629696037793468666e-02
-9.675932759098505587e-01 -2.500822932829848133e-01 3.495879676933137670e-02
-9.688934610189554597e-01 -2.449361654972490865e-01 3.538014278220127234e-02
-9.707849983361347412e-01 -2.379099010872168796e-01 3.123114263681274136e-02
-9.708105175695376232e-01 -2.369741661951349498e-01 3.701623833349049209e-02
-9.724465025342294844e-01 -2.293396504727448493e-01 4.184666092509720103e-02
-9.738363127626179505e-01 -2.229267275078938293e-01 4.411948329716929712e-02
-9.762233427485964565e-01 -2.124779165835778971e-01 4.290849179966215593e-02
-9.769738190140303535e-01 -2.082908834013141863e-01 4.622860159127938073e-02
-9.787953858114524230e-01 -1.992505186641562454e-01 4.752728028394258286e-02
-9.797726419598526970e-01 -1.942193142463076450e-01 4.821251812979991669e-02
-9.813253655230437245e-01 -1.858875398418728953e-01 4.946077686513522531e-02
-9.820264975263264251e-01 -1.827259794204713073e-01 4.727783333396573529e-02
-9.837682226090016524e-01 -1.736174297026561175e-01 4.535516637548999558e-02
-9.848594622007201815e-01 -1.663883208051687990e-01 4.864961860257430853e-02
-9.862557100603630555e-01 -1.571787207799870967e-01 5.093665828709460774e-02
-9.869453638660687922e-01 -1.523633070077751450e-01 5.219473626334494853e-02
-9.879775204004850320e-01 -1.438577308881513472e-01 5.661618050921200795e-02
-9.897919147863286637e-01 -1.313230466639637439e-01 5.537365883606278766e-02
-9.908844305882900105e-01 -1.219112463245998201e-01 5.732113573527108930e-02
-9.909201167754195794e-01 -1.194008547807004217e-01 6.181243805233579969e-02
-9.922749856086566789e-01 -1.075910355527871370e-01 6.176197415427563814e-02
-9.930073041643345810e-01 -1.013358375404743439e-01 6.056039366986738781e-02
-9.938314284447978819e-01 -9.355541390746496822e-02 5.955246171701528146e-02
-9.942584550344718552e-01 -8.133103608313770050e-02 6.953709099855001630e-02
-9.949656114813666408e-01 -6.842832344577559622e-02 7.321896301819967590e-02
-9.958740660326881322e-01 -5.193913805234817715e-02 7.441230216890401539e-02
-9.954882826979585264e-01 -4.528852734151311843e-02 8.337894734842304922e-02
-9.963916006046088514e-01 -3.004195437518158290e-02 7.938059860455799754e-02
-9.965953214213486566e-01 -1.683027964900186274e-02 8.071262165636648722e-02
-9.970471299537483345e-01 -4.696909593582975287e-03 7.664841689553551773e-02
-9.968496296745118501e-01 4.844382832349178672e-03 7.916671078589077037e-02
-9.967749622216144356e-01 1.467381833088868270e-02 7.889470222593059079e-02
-9.965366650357636580e-01 3.112875457438273735e-02 7.710833877190494123e-02
-9.960166486788669671e-01 4.366479078935621427e-02 7.774472084570398234e-02
-9.953326977349032934e-01 5.459357279952854747e-02 7.957627023830209090e-02
-9.947879981008180827e-01 6.836117321867335450e-02 7.565453509578834446e-02
-9.941654123130176934e-01 7.450551052973748700e-02 7.800052383272469692e-02
-9.929349793087667297e-01 9.014172316189704437e-02 7.716616079272468898e-02
-9.913087609073669704e-01 1.078534179960925210e-01 7.532994226176550900e-02
-9.904573174355847387e-01 1.135917731920985524e-01 7.804633814462973163e-02
-9.894830631696104328e-01 1.224741434811420088e-01 7.696344199263800701e-02
-9.874593129868882713e-01 1.385767829234192117e-01 7.563464695480567879e-02
-9.853115751661403188e-01 1.539307564471572298e-01 7.393538649919428885e-02
-9.833670971907960690e-01 1.654541046961729989e-01 7.492737022683591819e-02
-9.807891895281646288e-01 1.803793811198609043e-01 7.426886236423835275e-02
-9.786538974646965539e-01 1.913988854418826047e-01 7.485342354378608787e-02
-9.753829490460380613e-01 2.069044568166638898e-01 7.628019422888795975e-02
-9.742737079082305351e-01 2.139983611059116109e-01 7.067858803402234102e-02
-9.724193502603940553e-01 2.234662944803849638e-01 6.680899258885354686e-02
-9.718091672577289231e-01 2.282511519219752039e-01 5.906244982396925691e-02
-9.697229246739818009e-01 2.369447451581140063e-01 5.911561556159838221e-02
-9.686422508061838244e-01 2.420020257048435264e-01 5.627813359528652248e-02
-9.671500789097468020e-01 2.478448250361023897e-01 5.651270992217177769e-02
-9.645454943638135381e-01 2.583439527487557119e-01 5.394821574883231635e-02
-9.639073279278198569e-01 2.616626168376443018e-01 4.914627856745421020e-02
-9.617160999436832336e-01 2.701568995831312714e-01 4.601533658416811362e-02
-9.614330318364028294e-01 2.716589505955142592e-01 4.298788581240575030e-02
-9.596944099593572863e-01 2.788927715987260525e-01 3.472001694438391767e-02
-9.569891639652302606e-01 2.882635807942042216e-01 3.280039630512879972e-02
-9.549125516423900839e-01 2.956785448724714160e-01 2.676256395235387942e-02
-9.552933984527025579e-01 2.946742018788651163e-01 2.411753826920736907e-02
-9.530075841968935757e-01 3.021571349341972135e-01 2.185470480877737057e-02
-9.523187979943111836e-01 3.045503985979799433e-01 1.838422023135555250e-02
-9.497808574232626810e-01 3.123334400825663049e-01 1.908305459875032917e-02
-9.488845793345661583e-01 3.152457195207500340e-01 1.543403080165817697e-02
-9.483617871837256574e-01 3.170482769295887571e-01 9.504132454829066975e-03
-9.459086287424652850e-01 3.243902877577858890e-01 5.274928282418919756e-03
-9.452102793478078802e-01 3.264535624595986674e-01 2.370005201021300849e-03
-9.454370927827863147e-01 3.257924295657008695e-01 -2.830903199788989237e-03
-9.438389898507564268e-01 3.303629296617576205e-01 -5.321044357804233758e-03
-9.431989164592499142e-01 3.320151237237421449e-01 -1.190710394889087261e-02
-9.440927482527063930e-01 3.293507155345219428e-01 -1.473113825841089290e-02
-9.456244358441344700e-01 3.249863712680239880e-01 -1.335298916372479154e-02
-9.456602098707015402e-01 3.250775341582844424e-01 -7.168109103024863579e-03
-9.462616425501207962e-01 3.232283161087076140e-01 -1.060080633935089195e-02
-9.480872918054793486e-01 3.177774144576432924e-01 -1.216633119153807778e-02
-9.481726802343076743e-01 3.175992014870744340e-01 -9.966609879064391997e-03
-9.486961520458805364e-01 3.158099306015216268e-01 -1.548278405426425919e-02
-9.497590461160222430e-01 3.122833607700782332e-01 -2.090155073377435863e-02
-9.505940975920106339e-01 3.090296501275163199e-01 -2.952211273903937450e-02
-9.530899243605168714e-01 3.010640976981953099e-01 -3.130532543996125683e-02
-9.552986743022937599e-01 2.939997107237669050e-01 -3.112284064238641720e-02
-9.567649676873640763e-01 2.894325725354334744e-01 -2.880279056617484484e-02
-9.598622495246207365e-01 2.785500775491230319e-01 -3.277704546956902720e-02
-9.605947589598563541e-01 2.760770715734472414e-01 -3.223628502395976814e-02
-9.619447028208789607e-01 2.708016628754568167e-01 -3.645362255871965884e-02
-9.634617966070120332e-01 2.646743035229644492e-01 -4.109620589775792726e-02
-9.646769141686342142e-01 2.603132511277346794e-01 -4.044108229419091094e-02
-9.666859694622639276e-01 2.525088942732013342e-01 -4.192270850664894105e-02
-9.670940229616686867e-01 2.507850360851641702e-01 -4.284898089437044061e-02
-9.704010402960641102e-01 2.378783623425460569e-01 -4.166202649383104334e-02
-9.709883499913374294e-01 2.351052742984622024e-01 -4.367096265032062441e-02
-9.722131139180065773e-01 2.298547162759336238e-01 -4.436766112503412463e-02
-9.709638793737642715e-01 2.354203116807653540e-01 -4.250224317755251641e-02
-9.731049940307050505e-01 2.273915811204367532e-01 -3.687489858408642129e-02
-9.749430155643187268e-01 2.201483886429076720e-01 -3.195030508828374666e-02
-9.765121558957702286e-01 2.129601202410022209e-01 -3.274164352424484975e-02
-9.774681328437112571e-01 2.084370669045806090e-01 -3.331751915863612190e-02
-9.781153182282089631e-01 2.054776949930545993e-01 -3.270106680384894660e-02
-9.788658973573788336e-01 2.013642163836487087e-01 -3.569350185958941601e-02
-9.786382426232528298e-01 2.024723477382900094e-01 -3.566731277849332499e-02
-9.793353661182141456e-01 1.995556114028952666e-01 -3.286057416288726274e-02
-9.818808267404286472e-01 1.867573844315943143e-01 -3.212071179096034901e-02
-9.829251852004123879e-01 1.819650941835652957e-01 -2.732770363248126361e-02
-9.844839772814444334e-01 1.723584421050515791e-01 -3.292240949008641560e-02
-9.855554207661056942e-01 1.649931473928708536e-01 -3.818105726273857137e-02
-9.862121944121321482e-01 1.601932974633526185e-01 -4.151667601343457525e-02
-9.878413157248157050e-01 1.515035161712807721e-01 -3.487461421525171745e-02
-9.889388287492018037e-01 1.435015633402702551e-01 -3.751417902975381913e-02
-9.903288730807465745e-01 1.335075581692158342e-01 -3.774220961034667476e-02
-9.920641956762222824e-01 1.216786023309485015e-01 -3.166967678964528743e-02
-9.922595220174954544e-01 1.191279358837918634e-01 -3.506558095958979548e-02
-9.931343069071614238e-01 1.098669356406469233e-01 -4.016869896557998670e-02
-9.936787014041793542e-01 1.045425632491260720e-01 -4.090856112697627278e-02
-9.945325874659911580e-01 9.463518974974879927e-02 -4.414898620975656052e-02
-9.949309146362513845e-01 9.136476401799729918e-02 -4.201160096829367058e-02
-9.956780418409493238e-01 8.349527092054002952e-02 -4.066689382935541330e-02
-9.962939561772005126e-01 7.534753489899669032e-02 -4.148640057030026501e-02
-9.964060564758675520e-01 7.289558245245214563e-02 -4.314190841136237436e-02
-9.969125008883931160e-01 6.195237726982787824e-02 -4.824301704200038149e-02
-9.972488847599982886e-01 5.345382391805342942e-02 -5.135533912064710327e-02
-9.979396352717287977e-01 4.568773675442903970e-02 -4.504592253224257853e-02
-9.981569446922770039e-01 3.702151939011866927e-02 -4.808472815687494378e-02
-9.983043841393122175e-01 3.158796242387953285e-02 -4.889353230622248830e-02
-9.981405050789418087e-01 2.770734454889334925e-02 -5.429415775212376866e-02
-9.985131901000212640e-01 2.218200153599341959e-02 -4.979345639410016205e-02
-9.985062469909667948e-01 1.731795549134150514e-02 -5.182068617868159505e-02
-9.986073239661087397e-01 8.502600674911760942e-03 -5.206859605614460457e-02
-9.986849585503488891e-01 5.964099338629637835e-03 -5.091957823311581144e-02
-9.985748453070603103e-01 -2.557799133791627440e-03 -5.330812831393508949e-02
-9.986565089451068244e-01 -1.009657601321824194e-02 -5.082574905298169188e-02
-9.985991501913112911e-01 -1.413368955890395746e-02 -5.099016111495753567e-02
-9.987846601061665108e-01 -1.878827744494198509e-02 -4.556559831971167956e-02
-9.987014621972251094e-01 -2.653097072234965326e-02 -4.349157735920100576e-02
-9.981515445641930828e-01 -3.692163635714598713e-02 -4.827325978371089371e-02
-9.977673411217412580e-01 -4.794368107986501926e-02 -4.649469962845195758e-02
-9.975506744018601823e-01 -5.384415243334632339e-02 -4.464840225212525493e-02
-9.975442810168084762e-01 -5.453315564568986251e-02 -4.394954966490002141e-02
-9.974240151283325639e-01 -5.670936172264216119e-02 -4.392496906960342840e-02
-9.971778137904434569e-01 -5.866656214572085054e-02 -4.684722838384632049e-02
-9.969154495203997879e-01 -6.543072478794333124e-02 -4.334082779938975422e-02
-9.960406498064222625e-01 -7.497853334418946858e-02 -4.776258207927211452e-02
-9.953565301898598117e-01 -8.441762171280713101e-02 -4.625001225535017857e-02
-9.946613262542775002e-01 -9.401271508484723705e-02 -4.254968749979901738e-02
-9.943284456370720115e-01 -9.608080295427487427e-02 -4.560089898690033311e-02
-9.939348403010124233e-01 -1.024746358661760282e-01 -3.990617311027486180e-02
-9.933961946886417094e-01 -1.066609833057101248e-01 -4.227830986510268396e-02
-9.931842812555669031e-01 -1.076761315189105339e-01 -4.461899433758203387e-02
-9.916404380590502221e-01 -1.192616334625606900e-01 -4.925368183335710609e-02
-9.915130081597384182e-01 -1.195727597087858363e-01 -5.103264226274684817e-02
-9.907556514540216686e-01 -1.245937966205739322e-01 -5.366233196916731646e-02
-9.893472174113334683e-01 -1.347226341934886773e-01 -5.515357000060860243e-02
-9.879452078777667401e-01 -1.432835770374989159e-01 -5.860122931113848077e-02
-9.872131031394387746e-01 -1.483286250604078649e-01 -5.838603657263286700e-02
-9.863589771728611399e-01 -1.552222782420868141e-01 -5.479081679271629451e-02
-9.850204023142363763e-01 -1.631842303276480888e-01 -5.572912312700110948e-02
-9.832304565422992360e-01 -1.732625334165582287e-01 -5.690329598638585451e-02
-9.815956618277414947e-01 -1.824446987760757755e-01 -5.642614467200901540e-02
-9.809502446593229008e-01 -1.859935899551889427e-01 -5.606267232415904772e-02
-9.790212768066373084e-01 -1.958183271598438469e-01 -5.632533666478153206e-02
-9.769180318167256516e-01 -2.061569833976192312e-01 -5.595067943965706392e-02
-9.749305617267661761e-01 -2.152512078704475196e-01 -5.636788613323180652e-02
-9.736279231855567984e-01 -2.218232549715390134e-01 -5.332102699269385127e-02
-9.724497331743258144e-01 -2.266159413000771172e-01 -5.465119230953782714e-02
-9.695887306880477396e-01 -2.380043485118240876e-01 -5.702319461215997476e-02
-9.683342516125514887e-01 -2.425532483531880612e-01 -5.913307225293389091e-02
-9.672783789659458176e-01 -2.469849680577652362e-01 -5.806017963585822367e-02
-9.661070197697076978e-01 -2.522584882032780085e-01 -5.479874786173884182e-02
-9.637381238816093987e-01 -2.604913023407238182e-01 -5.790622842037097123e-02
-9.603785213038080748e-01 -2.723041998318572743e-01 -5.935941499452529468e-02
-9.588024782481651132e-01 -2.783819222550893979e-01 -5.658033717289439463e-02
-9.580510401169398671e-01 -2.813649245143609035e-01 -5.451610089950310184e-02
-9.556917262750738162e-01 -2.896770658790564501e-01 -5.235019864340381690e-02
-9.533654266240895181e-01 -2.978143866188710520e-01 -4.899975301916850712e-02
-9.507588636184300945e-01 -3.057365805636194089e-01 -5.082074387810977395e-02
-9.450096980958457848e-01 -3.232293983583613417e-01 -4.979405451653774045e-02
-9.440844670890105039e-01 -3.256336829599550953e-01 -5.164537601455085336e-02
-9.405159486538493541e-01 -3.358969223102107882e-01 -5.101989041084795812e-02
-9.367722493843502196e-01 -3.463419797544800560e-01 -5.005004630825705958e-02
-9.345580423558469407e-01 -3.527985642367361119e-01 -4.620021450421542969e-02
-9.333402514883450962e-01 -3.556426523142922069e-01 -4.893158588645118989e-02
-9.313744905777023853e-01 -3.609019264404874638e-01 -4.786835126952938141e-02
-9.309197549408904093e-01 -3.627110672114752798e-01 -4.276812795531190203e-02
-9.272954594664881700e-01 -3.718418296409958246e-01 -4.309066935565032674e-02
-9.249572130885773680e-01 -3.774130272635347061e-01 -4.487295494329982676e-02
-9.241246917037991837e-01 -3.798368625157000911e-01 -4.144313370835538829e-02
-9.203223858081974740e-01 -3.893310483382282361e-01 -3.778970819122645652e-02
-9.184638117701601212e-01 -3.936154974207193291e-01 -3.861460523701251008e-02
-9.175823510930322113e-01 -3.954481963592402227e-01 -4.078448296385547844e-02
-9.143903901024343917e-01 -4.027854877127548527e-01 -4.067046182702338530e-02
-9.118221987265806572e-01 -4.088549053973811187e-01 -3.765587999650962803e-02
-9.075065647134383795e-01 -4.180717764525432312e-01 -4.059366977873142546e-02
-9.066497844137992868e-01 -4.201339855943749813e-01 -3.838780843730191933e-02
-9.033316315031020283e-01 -4.275100093662549394e-01 -3.503108117873735688e-02
-9.025685460657435488e-01 -4.299025736884859450e-01 -2.353333716897028360e-02
-9.025107901214776129e-01 -4.300930756963062818e-01 -2.223153442461940632e-02
-9.021308105604655125e-01 -4.309754943923386206e-01 -2.049743985995448534e-02
-9.008740291069241568e-01 -4.336797991907405114e-01 -1.865037812318150190e-02
-8.999620667852392675e-01 -4.356237635119860618e-01 -1.732732360390749557e-02
-9.008271965765837219e-01 -4.338936748136151267e-01 -1.570547704338808373e-02
-8.973775565226564943e-01 -4.411024781838027709e-01 -1.192248949699575844e-02
-8.975446039695608169e-01 -4.409122644519099521e-01 -3.174900330352644143e-03
-8.964297262798360810e-01 -4.431516050223712755e-01 -5.515603285601746245e-03
-8.962275666612670166e-01 -4.435752282353978559e-01 -4.145687451083876311e-03
-8.959588582657317390e-01 -4.441254364655143894e-01 -3.215905557429259674e-03
-8.954112993532006293e-01 -4.452386299315690965e-01 1.090173741383622733e-03
-8.942405016166282694e-01 -4.475811900507742913e-01 2.241572460734193688e-03
-8.984924984763609235e-01 -4.389538493751081738e-01 5.547032991590903489e-03
-8.994049659620768633e-01 -4.370865278948697918e-01 5.108385754049253602e-03
-8.993829431239922512e-01 -4.371005600324370244e-01 7.310493311573166078e-03
-9.004921192713223332e-01 -4.347122793361054005e-01 1.179824684146694135e-02
-9.020043948397143962e-01 -4.315783824236550381e-01 1.132222682692787981e-02
-8.998280948482563213e-01 -4.360490700061564473e-01 1.306252302500298182e-02
-9.026993479148021082e-01 -4.298009241787216217e-01 2.012646481235175547e-02
-9.037430961842873867e-01 -4.275654746155769792e-01 2.088546786872385458e-02
-9.049934748432975073e-01 -4.241439256606913122e-01 3.299640569914922411e-02
-9.071857352538448271e-01 -4.192897511902758390e-01 3.478747305352115210e-02
-9.085449210928350228e-01 -4.158682364899766726e-01 3.999697881568059499e-02
-9.117088506104349399e-01 -4.080773682991997720e-01 4.753793936234561313e-02
-9.150135573735194150e-01 -4.004934249274730296e-01 4.853070084273960333e-02
-9.193266862682796248e-01 -3.903664794736088073e-01 4.952250164583903852e-02
-9.198538988662328109e-01 -3.888351885158132237e-01 5.173029556834277815e-02
-9.236130958430925908e-01 -3.788769767391491072e-01 5.823322732443336064e-02
-9.276285370705669164e-01 -3.691701310949936365e-01 5.673389218919890759e-02
-9.331550255330689492e-01 -3.550942151475293129e-01 5.594479103382923174e-02
-9.353578638447179738e-01 -3.488560086045079944e-01 5.835387632352536519e-02
-9.374694386347153241e-01 -3.427994886416489972e-01 6.032897610434345692e-02
-9.424679325070056679e-01 -3.287267344706653049e-01 6.076967526668463487e-02
-9.465532387356289101e-01 -3.158396531103281335e-01 6.543931022561472188e-02
-9.497472340676743618e-01 -3.050506516398375778e-01 7.017346509355278095e-02
-9.525564983854322154e-01 -2.955479534243789508e-01 7.271553204631613088e-02
-9.567927941533935776e-01 -2.810268259064765406e-01 7.464245602436811455e-02
-9.600058288015278496e-01 -2.687588288487812171e-01 7.846989772345872027e-02
-9.642699353569831322e-01 -2.520749642646574751e-01 8.149680149382583505e-02
-9.676218664179976336e-01 -2.374718288431219015e-01 8.552823707661229291e-02
-9.697868178944578643e-01 -2.254270696749196001e-01 9.325336396877736966e-02
-9.730045431988072480e-01 -2.088813647489671521e-01 9.813643922103953976e-02
-9.765601805601760166e-01 -1.913896606766529174e-01 9.848978569712794895e-02
-9.792088570313907114e-01 -1.782009600620661494e-01 9.692501463155134278e-02
-9.813728396619859629e-01 -1.643708090336361838e-01 9.944653453334037496e-02
-9.843862525547936171e-01 -1.438404696316982756e-01 1.014576351465994175e-01
-9.859807887959339823e-01 -1.284054166204797454e-01 1.065549625241429266e-01
-9.880916816805764835e-01 -1.100867203673016881e-01 1.074977657363439115e-01
-9.901100867560337360e-01 -9.143709268186593631e-02 1.064016027850315238e-01
-9.913302799326926262e-01 -7.327183226491593149e-02 1.090666847483480889e-01
-9.915320706913833826e-01 -5.402606808327690274e-02 1.180904923116365135e-01
-9.927518850122338812e-01 -3.843603509821001685e-02 1.138700710746623490e-01
-9.929574416179426377e-01 -2.569947254433126854e-02 1.156506963488209971e-01
-9.932410934214003229e-01 -6.488020602288105398e-03 1.158881498371310131e-01
-9.927470097671856619e-01 1.280157715026611701e-02 1.195387888174381796e-01
-9.923038800236759771e-01 3.215082100089357298e-02 1.195799406641153417e-01
-9.907530670932274131e-01 4.957425900434425659e-02 1.262964033964136257e-01
-9.899766639970483117e-01 6.564070928480550404e-02 1.250501120654297638e-01
-9.886609205661676114e-01 8.450707224386184990e-02 1.241296390602904948e-01
-9.868735569802421503e-01 1.003143028198262288e-01 1.265608618340325620e-01
-9.859154481965253236e-01 1.131331011081204152e-01 1.231732878306024404e-01
-9.843029758078780667e-01 1.283033551839457831e-01 1.211855148681261762e-01
-9.831299999002967027e-01 1.398848993072441815e-01 1.178458583527253190e-01
-9.796972185689322155e-01 1.615892006919271706e-01 1.186689446001971404e-01
-9.785233623389710811e-01 1.748635207722630813e-01 1.091549625592539152e-01
-9.761524976097785133e-01 1.876598006066097779e-01 1.091335330532764991e-01
-9.727736479420435733e-01 2.068861576196477925e-01 1.044489084948929808e-01
-9.685459120148089962e-01 2.270652847173220967e-01 1.017850646731971453e-01
-9.636574873267430563e-01 2.495994895473909458e-01 9.520697116003176697e-02
-9.602933969095104327e-01 2.624953102022130613e-01 9.451364642196509458e-02
-9.562558956296307588e-01 2.761332170350490056e-01 9.656673336274942954e-02
-9.532323481721096670e-01 2.893346564458718628e-01 8.737031686164895006e-02
-9.498842909430866843e-01 3.007179950828270387e-01 8.537298478652806388e-02
-9.432929300938045492e-01 3.212113707036640120e-01 8.379575478414703904e-02
-9.405202585423085848e-01 3.303718832916559545e-01 7.922175895884701891e-02
-9.352151756814010009e-01 3.453694920454391526e-01 7.805455850281597940e-02
-9.310103261192850255e-01 3.561542089874868977e-01 7.983719106447779990e-02
-9.256979237519622483e-01 3.694908344419142732e-01 8.099322350760153333e-02
-9.207222443701429393e-01 3.819983414307289160e-01 7.967333750761558531e-02
-9.158261129717282234e-01 3.940889438279375212e-01 7.717810476397649055e-02
-9.075679091155013367e-01 4.124199539152094696e-01 7.893222981593953080e-02
-9.019319616718428634e-01 4.240462181606034497e-01 8.187531159031088968e-02
-8.968550097166555490e-01 4.351770007401850604e-01 7.919655837510611307e-02
-8.927443739329099515e-01 4.444210452392136079e-01 7.414473958841266699e-02
-8.881171719724767488e-01 4.541008379657680005e-01 7.099537094585273156e-02
-8.814252160517840329e-01 4.672137180294390069e-01 6.928892453746163249e-02
-8.774592137493630872e-01 4.754178357117050946e-01 6.358643233793073724e-02
-8.729217164184271960e-01 4.840999914167972151e-01 6.045576885083953772e-02
-8.705095449825189791e-01 4.891648879757118928e-01 5.413750212789702337e-02
-8.660517492175240362e-01 4.971071032410271373e-01 5.328151831156637680e-02
-8.650704971583371705e-01 4.990383540849224753e-01 5.112514723301393726e-02
-8.606304672719363724e-01 5.069335242809924758e-01 4.830761060940037821e-02
-8.555749945249734312e-01 5.160801792157028167e-01 4.065343691040625151e-02
-8.537608413786454964e-01 5.191551452576799175e-01 3.962808904292824952e-02
-8.507002479107248494e-01 5.244366766501061816e-01 3.571112892359593755e-02
-8.455820933965199071e-01 5.326183105774445758e-01 3.617572291219597197e-02
-8.461310916946020999e-01 5.321397185319702849e-01 2.982482267771855572e-02
-8.460353977354657662e-01 5.323625555201428883e-01 2.853488528639383168e-02
-8.427889915598570925e-01 5.378025601603414474e-01 2.179785493401338592e-02
-8.428858972529490456e-01 5.378651999692299901e-01 1.563379060302921147e-02
-8.396759675712240911e-01 5.429863687320005683e-01 1.049272916647503787e-02
-8.373095962809976589e-01 5.467181246787210513e-01 3.457842679641892278e-03
-8.378786795259081099e-01 5.458456923228381941e-01 3.438476548794783261e-03
-8.367009369311126932e-01 5.476593300883131343e-01 9.082050936978411891e-04
-8.348697274506616806e-01 5.504440262905119230e-01 -1.984095977921879281e-03
-8.364527446501865970e-01 5.479701116367625691e-01 -8.694098258958430150e-03
-8.383278461708233431e-01 5.449913209483459031e-01 -1.381691361253840900e-02
-8.385371014842627480e-01 5.445831088057061509e-01 -1.687577352450726764e-02
-8.400084823017529567e-01 5.421812835875438052e-01 -2.062110951795372016e-02
-8.413720086344090854e-01 5.400751065246164329e-01 -2.029894483852333689e-02
-8.443917467607298111e-01 5.349631066538601543e-01 -2.858456556057809017e-02
-8.471710460135132292e-01 5.300509613573026746e-01 -3.670452775773128118e-02
-8.528704194625927881e-01 5.206831127164893713e-01 -3.874492324830614703e-02
-8.599199299188323709e-01 5.087391389315563117e-01 -4.149973781133194789e-02
-8.641028704577452535e-01 5.020800162653561438e-01 -3.524077394153910664e-02
-8.646374025143493958e-01 5.010720383094567909e-01 -3.645545530510367616e-02
-8.666776543946718148e-01 4.971084500902062109e-01 -4.186953436736609580e-02
-8.682551977246842911e-01 4.944231701496338283e-01 -4.097152811280278112e-02
-8.681562466603921502e-01 4.941825027091993339e-01 -4.569913681111462123e-02
-8.700616087763775042e-01 4.909281659692406596e-01 -4.452368447279407560e-02
-8.717587750607418418e-01 4.878048580789456357e-01 -4.564081777587587069e-02
-8.732404431201629125e-01 4.846023038313952980e-01 -5.110539589746305317e-02
-8.769785711816032725e-01 4.775320858366432497e-01 -5.358841860225245501e-02
-8.797091835645061142e-01 4.717178151661391428e-01 -5.995065628707113570e-02
-8.853772845586467266e-01 4.608313551120587492e-01 -6.116822909951339510e-02
-8.917053971647531663e-01 4.478932208030279583e-01 -6.521636053902710173e-02
-8.973603937989935719e-01 4.365712543469309481e-01 -6.441963787291475618e-02
-8.983743096618382884e-01 4.338831747362736357e-01 -6.833020356638584702e-02
-9.046320303721769873e-01 4.204497407168504841e-01 -6.973472273914410602e-02
-9.083671677528838417e-01 4.115540924292388492e-01 -7.411035211852683158e-02
-9.136800131348131737e-01 3.991817208271105644e-01 -7.643830255521429085e-02
-9.197923917569235108e-01 3.853887527870504259e-01 -7.387483727389508592e-02
-9.251170701254080031e-01 3.721842533563163857e-01 -7.508205183394332793e-02
-9.290797550408140815e-01 3.619069125446444657e-01 -7.638207823760427562e-02
-9.315848391795016337e-01 3.549963414035348097e-01 -7.827714546278648211e-02
-9.362015821106824953e-01 3.410661287089147287e-01 -8.485588221323434044e-02
-9.379162583524518482e-01 3.344674480546952489e-01 -9.189475470279047375e-02
-9.407141281120317000e-01 3.254863494133252710e-01 -9.547561570129527164e-02
-9.460254131812115830e-01 3.101274178169190487e-01 -9.411126353124478483e-02
-9.516461080712055320e-01 2.921642005787666863e-01 -9.491992698356653546e-02
-9.561384122549311249e-01 2.776200773872918304e-01 -9.341550601940810938e-02
-9.604668280315493689e-01 2.615278260434964475e-01 -9.542901096901137969e-02
-9.637670768433335144e-01 2.469321605298097633e-01 -1.008838815751481460e-01
-9.667651666543227718e-01 2.350083123180373157e-01 -1.006788634497274015e-01
-9.712060988644513060e-01 2.174319906045509565e-01 -9.737592470728025085e-02
-9.745038055429189328e-01 2.028449279404933858e-01 -9.589731850736513130e-02
-9.788178991265121809e-01 1.797028239601393129e-01 -9.809405399482777621e-02
-9.810026020610395081e-01 1.683780225658139118e-01 -9.634710243214821002e-02
-9.829515961167135663e-01 1.568925073163741357e-01 -9.586933141691715565e-02
-9.847635873947352403e-01 1.471199799320319634e-01 -9.271685994082062843e-02
-9.868272893321853312e-01 1.307004995546589277e-01 -9.533786443122309329e-02
-9.884766586605235883e-01 1.198243190752223686e-01 -9.249894902717599454e-02
-9.899180070431051748e-01 1.060472379470115273e-01 -9.389542329740284410e-02
-9.909205178928884861e-01 9.078971427859662546e-02 -9.916543735192114017e-02
-9.916286456290094309e-01 8.076630265429839139e-02 -1.007445410516843859e-01
-9.931057321717984276e-01 6.131166369736543165e-02 -9.990952675659282856e-02
-9.939902275639170837e-01 4.475277053301658647e-02 -9.990318289526446682e-02
-9.944853262543529304e-01 2.990463724784155064e-02 -1.005220247832179920e-01
-9.946844855592046342e-01 1.727460053574972343e-02 -1.015105477374304982e-01
-9.954503976044419833e-01 8.084578881880841172e-04 -9.527791456674185311e-02
-9.952122640378245899e-01 -8.964785155974437647e-03 -9.732528439198194492e-02
-9.948251308480430266e-01 -2.315555114433492587e-02 -9.892830003586230991e-02
-9.945663711801603357e-01 -3.426378680720849890e-02 -9.830440100243922896e-02
-9.933591695669037325e-01 -5.105850710630788214e-02 -1.031048915681950784e-01
-9.922567060599155608e-01 -7.057654135078784974e-02 -1.022037699180410319e-01
-9.912460342055816609e-01 -8.644067191172054299e-02 -9.979648916676277237e-02
-9.900052417611979738e-01 -1.021025220796037969e-01 -9.728681985034780266e-02
-9.880762324113452344e-01 -1.172680259997335717e-01 -9.976772201800095108e-02
-9.871091056160931076e-01 -1.294921420552395397e-01 -9.406076517198523612e-02
-9.855640927979624211e-01 -1.409699283126343294e-01 -9.375994386716271500e-02
-9.826158563926676859e-01 -1.608819994050424695e-01 -9.264496580287595595e-02
-9.806815292852240074e-01 -1.716052663301356196e-01 -9.389035846277668518e-02
-9.784944370533812386e-01 -1.853370635820915657e-01 -9.054743549233450206e-02
-9.762607425320973809e-01 -1.977324655272893750e-01 -8.841302505622622432e-02
-9.747411630592660581e-01 -2.074777946868330558e-01 -8.265989244947355430e-02
-9.730521414438099148e-01 -2.169423830422795296e-01 -7.813808519508093353e-02
-9.706366963173742590e-01 -2.290690234486961185e-01 -7.342897154792889236e-02
-9.683525064826987716e-01 -2.381635590167466843e-01 -7.464295019906075357e-02
-9.659490335081490908e-01 -2.483429899725043966e-01 -7.258272226758413770e-02
-9.632234517079880654e-01 -2.590886414451216702e-01 -7.122980737170002408e-02
-9.617053261590339241e-01 -2.660188929985534689e-01 -6.600637505842153752e-02
-9.593892461184784226e-01 -2.754292966091458350e-01 -6.091801087187791175e-02
-9.571956168615644023e-01 -2.832291999182867115e-01 -5.964728280809805661e-02
-9.539485387731964083e-01 -2.935093186503975882e-01 -6.192327833272914112e-02
-9.508322269332526444e-01 -3.035780294867674312e-01 -6.130647114237378070e-02
-9.496361293026841510e-01 -3.074260100049730493e-01 -6.066710346675226878e-02
-9.455812064269331074e-01 -3.206092989923857162e-01 -5.555075363190948440e-02
-9.429580968542619068e-01 -3.285878282814150841e-01 -5.347984187758049457e-02
-9.412785451580536478e-01 -3.335476320975820363e-01 -5.235173668152259818e-02
-9.367132728202375302e-01 -3.471418105034588808e-01 -4.539641292701557945e-02
-9.340276028930897256e-01 -3.546136316573259006e-01 -4.291428164344029267e-02
-9.322470704930388985e-01 -3.595434357705503681e-01 -4.054557438610616876e-02
-9.302781759010256835e-01 -3.647046459352956682e-01 -3.966185715683910595e-02
-9.274203565435471530e-01 -3.723144317389037172e-01 -3.568574645215139007e-02
-9.271195868806269003e-01 -3.735695549658396564e-01 -2.991797997731026823e-02
-9.250642418090798680e-01 -3.790654619500641309e-01 -2.378129936444058415e-02
-9.239482143414143867e-01 -3.819779955816199335e-01 -2.031093900429199739e-02
-9.208875094724295884e-01 -3.894440125694557664e-01 -1.730844008572564666e-02
-9.204523661197049345e-01 -3.904314105768409426e-01 -1.818739870550378779e-02
-9.164479622769313716e-01 -3.996505772819016755e-01 -2.006426459727114406e-02
-9.152567372633009235e-01 -4.025037016545615076e-01 -1.720177968039648259e-02
-9.133765306273287088e-01 -4.065934875859398279e-01 -2.061735803148108392e-02
-9.123410726014414829e-01 -4.092044097866273655e-01 -1.362147493227839831e-02
-9.107144240541923397e-01 -4.128593761797276773e-01 -1.209957092408373014e-02
-9.081426065834690142e-01 -4.185455899068620811e-01 -9.829625344406432014e-03
-9.059997138334628941e-01 -4.231644812351738616e-01 -9.816649718256298396e-03
-9.050296505653954160e-01 -4.252169883946812501e-01 -1.057689180350081248e-02
-9.041109041699697535e-01 -4.272529094018138185e-01 -6.200857622671304865e-03
-9.031516174316782664e-01 -4.292864459104595576e-01 -5.507226290627094921e-03
-9.048850460658106609e-01 -4.256185267129433125e-01 -5.652377617392896451e-03
-9.044462943792924703e-01 -4.265815643027942028e-01 -2.257390379162886162e-03
-9.039268267481078700e-01 -4.276754895839131043e-01 -3.161287674367437798e-03
-9.048847152742728328e-01 -4.256564319557389342e-01 -5.294127056254872322e-04
-9.049153213229069737e-01 -4.255892937866542214e-01 1.428472711166175069e-03
-9.042058859843465912e-01 -4.270791297650630147e-01 3.893447240109457891e-03
-9.048860144609592870e-01 -4.254929308163240553e-01 1.170867572948251084e-02
-9.032904751628859641e-01 -4.287212014135400318e-01 1.626269592384482765e-02
-9.041375077340050304e-01 -4.266819186974078471e-01 2.186169665590687733e-02
-9.047650176090755725e-01 -4.250787487982821689e-01 2.661478376285265901e-02
-9.083209813279616851e-01 -4.173873398429913673e-01 2.721819072117993149e-02
-9.103512925440786496e-01 -4.124005269541524132e-01 3.444352277182732153e-02
-9.135519754041482310e-01 -4.049290283134953095e-01 3.814835909933175784e-02
-9.162012274418288582e-01 -3.985831292610300114e-01 4.131376416164900950e-02
-9.191251866063576692e-01 -3.913135868851471688e-01 4.563546362529848077e-02
-9.191981815875418516e-01 -3.904214232717102551e-01 5.143775613689468423e-02
-9.203704489479973549e-01 -3.873293457931890615e-01 5.379816150684853943e-02
-9.239997209270963685e-01 -3.778153814376817854e-01 5.899221240349697415e-02
-9.288531924054941324e-01 -3.653536466050041343e-01 6.122489619659855775e-02
-9.335143644633359106e-01 -3.523086510306453478e-01 6.655504515836835333e-02
-9.364176418381809919e-01 -3.435801669176137829e-01 7.123691004957820316e-02
-9.406488895514192317e-01 -3.309796942281443277e-01 7.504756807067007596e-02
-9.440576920132356387e-01 -3.199711946867341839e-01 7.983444064959928366e-02
-9.492254937523886271e-01 -3.046359193825610712e-01 7.853628207508361880e-02
-9.519702810548786864e-01 -2.953389232521448915e-01 8.079315269176327863e-02
-9.563801525398712977e-01 -2.796159024374770818e-01 8.456938099228111794e-02
-9.613364809632316543e-01 -2.619921211029661579e-01 8.480759465667664365e-02
-9.643034158651931920e-01 -2.509332356152917942e-01 8.456632111200007573e-02
-9.679708634181273252e-01 -2.359515728161292181e-01 8.578631740866712874e-02
-9.706417897374273185e-01 -2.238070087887807924e-01 8.811905775352157910e-02
-9.733390795151066754e-01 -2.107030604498427162e-01 9.063821667094743018e-02
-9.750984929473818230e-01 -2.032278893791666929e-01 8.877715753176862457e-02
-9.775717656079099260e-01 -1.893386123264433341e-01 9.221910346035225303e-02
-9.807688910643665992e-01 -1.722011374348249579e-01 9.186501295710527981e-02
-9.824325620137623893e-01 -1.626393728756866386e-01 9.151352628626280294e-02
-9.844872334472006825e-01 -1.474492686720961232e-01 9.509800515705001123e-02
-9.867356506295037466e-01 -1.321807309978689782e-01 9.423927132340477464e-02
-9.886851748703573417e-01 -1.185828472359506808e-01 9.186818362628311474e-02
-9.900048332493822656e-01 -1.044503516257663800e-01 9.476594431194490520e-02
-9.919546423293368331e-01 -8.747625871401039366e-02 9.150913299854368521e-02
-9.929011995662262446e-01 -6.917653480191088278e-02 9.675663130347578189e-02
-9.941461885816942345e-01 -5.510665871989200992e-02 9.293353710260789102e-02
-9.946225602027005674e-01 -4.363430525240293706e-02 9.392571855596772157e-02
-9.949559127025748850e-01 -2.498351129193700226e-02 9.715238971154388503e-02
-9.951258389661863379e-01 -1.092326964064428869e-02 9.800651892068844295e-02
-9.949411845251509012e-01 3.659576687073369874e-03 1.003926193557557051e-01
-9.946654872326239349e-01 1.718580721028700742e-02 1.017115915691549632e-01
-9.940350160125848156e-01 3.494418542010511997e-02 1.033117720707483339e-01
-9.931800265839102471e-01 4.836387098717560840e-02 1.060867676082296734e-01
-9.928194073450180568e-01 6.381793974178573414e-02 1.011776966327188887e-01
-9.921807553833353888e-01 7.647300571021101168e-02 9.863700693243990236e-02
-9.908097404536445607e-01 8.927996479519953454e-02 1.016128798254035681e-01
-9.897129157010615685e-01 1.044289692879288717e-01 9.779041759487450136e-02
-9.880481192887037301e-01 1.173500527285594730e-01 9.994953778545268008e-02
-9.864646973763115945e-01 1.305477069728726569e-01 9.922060245873277895e-02
-9.844065932403639474e-01 1.472396989051237559e-01 9.625051083071127500e-02
-9.835727384921578720e-01 1.556166389958660856e-01 9.147764836716421044e-02
-9.813542893098755604e-01 1.692083039164384017e-01 9.117203022668445012e-02
-9.781098168827528916e-01 1.900251453038983573e-01 8.480365572032735888e-02
-9.758523861822298029e-01 2.015578386032907954e-01 8.418187310789355948e-02
-9.727962151378533040e-01 2.168291350206519030e-01 8.156396148168250371e-02
-9.701867513643779306e-01 2.297748749790310963e-01 7.707920528010207828e-02
-9.670262501846010883e-01 2.423358095932942047e-01 7.831740901879162553e-02
-9.656321860586627448e-01 2.496416500627045010e-01 7.234332886126373929e-02
-9.630397606989862247e-01 2.597944130406474872e-01 7.114289572553474106e-02
-9.592580213763091113e-01 2.736019549485931845e-01 7.047019230711137894e-02
-9.562686714508786823e-01 2.848223975077766035e-01 6.653163816493591620e-02
-9.543079691129231490e-01 2.922965815542246659e-01 6.212114992402705677e-02
-9.508901733010636237e-01 3.039223280454420029e-01 5.864405617467980530e-02
-9.477147078481867881e-01 3.142101091814643588e-01 5.575722568358625758e-02
-9.454404652376625640e-01 3.212484817632206835e-01 5.423806791900068897e-02
-9.454857559726442817e-01 3.214484139459069523e-01 5.222672479920337923e-02
-9.430982012350379584e-01 3.280866897311992547e-01 5.408267053717209089e-02
-9.394826955095233467e-01 3.391455022193147761e-01 4.850382842664040933e-02
-9.377258896877287420e-01 3.445091291391637611e-01 4.453811724078310386e-02
-9.352878175811458750e-01 3.517979123305162714e-01 3.840514411906321285e-02
-9.334019046130590525e-01 3.570250189009181452e-01 3.597288107546214170e-02
-9.316676590055835705e-01 3.615935634575176416e-01 3.529158315385251543e-02
-9.293015979946593896e-01 3.677227435416619561e-01 3.433003996056773616e-02
-9.276370631763081187e-01 3.723427262764438250e-01 2.916163311654861034e-02
-9.276031685668124638e-01 3.726105363461270081e-01 2.671661483982937929e-02
-9.260518999654997474e-01 3.768259128556480375e-01 2.073975532706819752e-02
-9.234929004923726481e-01 3.831734450621573362e-01 1.841198426962403767e-02
-9.210025931667756849e-01 3.889557279581106752e-01 2.162620081508579220e-02
-9.207412025502876851e-01 3.899064096932831069e-01 1.444496925599725486e-02
-9.199857366094191802e-01 3.918203520515471938e-01 1.015301145213750103e-02
-9.194837377264660772e-01 3.930639571509160213e-01 7.099939098747712687e-03
-9.209319861306962673e-01 3.897233569045113200e-01 9.834403814491712165e-05
-9.207869657989080636e-01 3.900619462814278737e-01 -1.751955187946033221e-03
-9.219765246036840667e-01 3.871940135172879938e-01 -6.333382570077001478e-03
-9.223298786741619404e-01 3.864003496195067000e-01 -1.546773512034951316e-03
-9.213386437526881467e-01 3.887544387976211158e-01 -2.262217327483679458e-03
-9.213099230021116748e-01 3.887134795672087528e-01 -9.480739053100492933e-03
-9.228654739643938898e-01 3.848872652645453085e-01 -1.345875078551139400e-02
-9.237152769896092019e-01 3.828546652696840913e-01 -1.313089119910595785e-02
-9.265527600052120283e-01 3.758300263248319228e-01 -1.586827710307620390e-02
-9.258138863773328620e-01 3.774845955887001780e-01 -1.934052412395454931e-02
-9.277288283188391826e-01 3.726332332183301399e-01 -2.153422090241860834e-02
-9.284778893383923704e-01 3.707188497754516643e-01 -2.227939636666781062e-02
-9.295815530031180662e-01 3.679307846593209974e-01 -2.247447637942136256e-02
-9.329346977981922695e-01 3.592653722302571739e-01 -2.369113906018070065e-02
-9.335886636224202118e-01 3.570894725134527992e-01 -2.998906401588617709e-02
-9.358222999226015748e-01 3.508526966260414603e-01 -3.374961357916588661e-02
-9.373379087948264798e-01 3.465880166016663821e-01 -3.569901566159321138e-02
-9.378584355156256436e-01 3.452230511567992988e-01 -3.525093071353595925e-02
-9.409338708151379072e-01 3.362668712229469059e-01 -3.959887153790376396e-02
-9.424527885940685579e-01 3.318927764662160107e-01 -4.037269835889756298e-02
-9.454009751678829065e-01 3.229477019784002811e-01 -4.383841664768961532e-02
-9.485801800396975736e-01 3.135728069754025737e-01 -4.321765360389863420e-02
-9.503585223065178500e-01 3.084191019722227201e-01 -4.118695624681886769e-02
-9.502460009360623738e-01 3.078830353382239760e-01 -4.733500880909288777e-02
-9.529655332437697579e-01 2.982448960035719021e-01 -5.391385184267499797e-02
-9.555006045503932066e-01 2.902464874090258662e-01 -5.268396501254569986e-02
-9.584643354946991156e-01 2.785465150705373483e-01 -6.130241474618357972e-02
-9.619509378654396148e-01 2.656670174204132095e-01 -6.380798211826220478e-02
-9.637265419901664965e-01 2.584556189305355356e-01 -6.657232913016035425e-02
-9.664011179207214752e-01 2.482398478222043181e-01 -6.667748444487492376e-02
-9.688176928833203139e-01 2.385262524426190189e-01 -6.706366067494699823e-02
-9.712332874485488654e-01 2.293944031239874559e-01 -6.390726708961094737e-02
-9.731425287778482369e-01 2.203597545480441844e-01 -6.659749950220744674e-02
-9.755515962315374212e-01 2.072368031759316831e-01 -7.315750506488935545e-02
-9.783809469630534439e-01 1.944818072319826896e-01 -7.033902994963787958e-02
-9.809018930361484978e-01 1.821102081865110800e-01 -6.831821058414265513e-02
-9.824261057578035361e-01 1.723261677243679013e-01 -7.171240085165839218e-02
-9.837151339576163389e-01 1.640659568603267116e-01 -7.339568735278656497e-02
-9.844563354196020910e-01 1.587692426746860341e-01 -7.508715727243925331e-02
-9.862659258749800761e-01 1.478665698768980019e-01 -7.358689287194584983e-02
-9.870692305052617410e-01 1.379147936626705095e-01 -8.169378400100836546e-02
-9.894415387350402602e-01 1.214914041591039079e-01 -7.902727418023949846e-02
-9.906832819310718019e-01 1.108158364079052660e-01 -7.916132411119963797e-02
-9.911756820868108386e-01 1.024930095874566488e-01 -8.405938606133199487e-02
-9.926250711493112000e-01 8.694809408633513703e-02 -8.447205037032630426e-02
-9.939093054171833641e-01 7.095160438100675537e-02 -8.432195840744362292e-02
-9.943459508355938503e-01 6.495728150964703851e-02 -8.400423712673314725e-02
-9.951001720796828209e-01 5.095889732272874950e-02 -8.472820412128008460e-02
-9.956786783222268955e-01 3.688455126776334081e-02 -8.522634387333007100e-02
-9.964312712609116884e-01 2.225343325495836994e-02 -8.142196493987645389e-02
-9.967792500406625900e-01 1.048521442002165252e-02 -7.950608097240517702e-02
-9.968830684920393370e-01 -2.664568760795243615e-03 -7.884844801340958054e-02
-9.963641443746525939e-01 -1.622843733385588572e-02 -8.363707337090886540e-02
-9.956395775171991147e-01 -3.265233462423051958e-02 -8.738241918266931307e-02
-9.951064710312648165e-01 -4.842430260014692761e-02 -8.612913862474735893e-02
-9.947283407923169785e-01 -5.640102646106034262e-02 -8.564159346420453789e-02
-9.935207208266965129e-01 -7.322166353973229291e-02 -8.692062802350519757e-02
-9.923059954326506338e-01 -9.034968324991426991e-02 -8.465090719427031951e-02
-9.902960819316950491e-01 -1.111472061122245614e-01 -8.342660522139819235e-02
-9.896100662553505289e-01 -1.210251846795943609e-01 -7.761991245181600052e-02
-9.896029349568385980e-01 -1.252684842419377609e-01 -7.066729924573263155e-02
-9.876132378547339830e-01 -1.399723582429096280e-01 -7.090740838392191325e-02
-9.857643554038503231e-01 -1.532993009649405991e-01 -6.905062629420302689e-02
-9.836238595585972133e-01 -1.667873155772313376e-01 -6.830902786555730077e-02
-9.817441985200133781e-01 -1.781293658759098286e-01 -6.669547722978758086e-02
-9.802284732121037125e-01 -1.855912089019258748e-01 -6.861539598096472181e-02
-9.783721515799002066e-01 -1.974990496656764127e-01 -6.149867721500628520e-02
-9.749809672316288589e-01 -2.133982730901249347e-01 -6.223599864623994421e-02
-9.737161721716847129e-01 -2.191060672520990793e-01 -6.220431088667902758e-02
-9.720895031590081059e-01 -2.274592094100372497e-01 -5.748334188388981580e-02
-9.697529214914888396e-01 -2.372488778284126965e-01 -5.737830525075004323e-02
-9.672514762341292149e-01 -2.474983935072643249e-01 -5.629525363362680723e-02
-9.655264637275438044e-01 -2.548946684091984438e-01 -5.279568625572238216e-02
-9.636779608190352286e-01 -2.625286435074468683e-01 -4.902578540932428508e-02
-9.625109844648206403e-01 -2.677235239816666001e-01 -4.355166754718468869e-02
-9.603182633128010126e-01 -2.757582858720775132e-01 -4.178790752269476855e-02
-9.590177194750160172e-01 -2.802316553980367386e-01 -4.189583920769266584e-02
-9.582073018427242905e-01 -2.830342036490363644e-01 -4.159849220250359109e-02
-9.572122969029763784e-01 -2.867006323040281468e-01 -3.933693391044650045e-02
-9.565934349373221846e-01 -2.888218833129834184e-01 -3.887091747442998624e-02
-9.543517262841387794e-01 -2.964006580721403328e-01 -3.687086388556537475e-02
-9.508927534962052786e-01 -3.071716698449854510e-01 -3.806001523483534127e-02
-9.485756188360338070e-01 -3.144975503858226107e-01 -3.599464117528517609e-02
-9.468744272459936884e-01 -3.199665815454016404e-01 -3.240730811082046664e-02
-9.433506106226228205e-01 -3.303794757845696095e-01 -3.064400797824727227e-02
-9.433986754598496782e-01 -3.304835434496889435e-01 -2.792121885421548766e-02
-9.411681655698379556e-01 -3.363111850022643678e-01 -3.312550037615364512e-02
-9.401098455191944092e-01 -3.392918709275519196e-01 -3.278006242312885010e-02
-9.362249804513053109e-01 -3.500972924662899555e-01 -3.024399963984066714e-02
-9.333558653285639606e-01 -3.579028510585431921e-01 -2.743000833311577680e-02
-9.335683556497790248e-01 -3.576979750040990003e-01 -2.241230762022219589e-02
-9.326177585706292295e-01 -3.602859859203236814e-01 -2.044877115949214272e-02
-9.294428017067848380e-01 -3.687196810242389100e-01 -1.348712295564724259e-02
-9.288318659985813630e-01 -3.700989476051562699e-01 -1.726734056302092757e-02
-9.288269388629804002e-01 -3.702730672346021268e-01 -1.335667262261419456e-02
-9.277743074951771973e-01 -3.731167879403278209e-01 -4.327142741224223460e-03
-9.283236031666944887e-01 -3.717308468948236078e-01 -5.611820304674510450e-03
-9.275552147695007577e-01 -3.736860683754437695e-01 -2.704005522250535129e-04
-9.257152010792943919e-01 -3.782092455279677523e-01 3.026589045717042667e-03
-9.255883056103575424e-01 -3.784271038949627575e-01 8.901839302529281073e-03
-9.263690180330191870e-01 -3.764574976717935950e-01 1.096458385841776566e-02
-9.270964221218085388e-01 -3.744999654591597005e-01 1.555722490693590976e-02
-9.276933620937859448e-01 -3.728831305332447887e-01 1.852631052908344789e-02
-9.302229056762114645e-01 -3.664518360344815595e-01 1.996058545949910834e-02
-9.318684655631164215e-01 -3.619088570766925694e-01 2.536078759666859569e-02
-9.328559619588597807e-01 -3.588361415088363593e-01 3.188111355700024019e-02
-9.334300100981365311e-01 -3.571099140825370055e-01 3.436499893017171819e-02
-9.329953393850165533e-01 -3.581480782611793368e-01 3.535079009329443467e-02
-9.347778283047842862e-01 -3.534268183285972365e-01 3.577601776714819937e-02
-9.375309925701840186e-01 -3.461876557076323802e-01 3.449308034945477303e-02
-9.378369238240465977e-01 -3.445793837735887100e-01 4.155695247861735525e-02
-9.377321967189766738e-01 -3.442150274394082943e-01 4.663013906813404802e-02
-9.409138909284066044e-01 -3.352126649044126494e-01 4.809934464131587761e-02
-9.422429524898613407e-01 -3.311969873708275891e-01 4.986784425063016390e-02
-9.452137988323651152e-01 -3.225943716006240414e-01 5.003772335355272105e-02
-9.466646106732168331e-01 -3.177256573927143557e-01 5.363347368863304043e-02
-9.475239626925916481e-01 -3.138468555377803559e-01 6.081545523232957662e-02
-9.501629267722178085e-01 -3.053791589933688710e-01 6.272168802433795987e-02
-9.514469136627091705e-01 -3.008105048332370135e-01 6.528276186432904749e-02
-9.536828422407447325e-01 -2.929924152259292258e-01 6.815063877860770558e-02
-9.553844103185000769e-01 -2.867271302658642718e-01 7.090987183693463203e-02
-9.572956127156329043e-01 -2.802730200643189229e-01 7.093780891606926708e-02
-9.607298332777460814e-01 -2.699200255994597675e-01 6.435367623699449202e-02
-9.636300499154987209e-01 -2.606349371967208728e-01 5.904730931695818114e-02
-9.661974482440642831e-01 -2.501387365364340920e-01 6.239496828505134568e-02
-9.698265150037993498e-01 -2.360230342082364763e-01 6.107115992123213905e-02
-9.726887834519094556e-01 -2.230860346723254894e-01 6.410288730440985572e-02
-9.757178922425101542e-01 -2.100684159923020822e-01 6.201518923102867370e-02
-9.763471337221406587e-01 -2.077086659913703059e-01 6.002843376205457132e-02
-9.792107282508600852e-01 -1.939293420630278098e-01 5.947930939033455738e-02
-9.806297719444668770e-01 -1.861330273783635414e-01 6.098995711320229218e-02
-9.823521739715612711e-01 -1.766704969329546959e-01 6.141473928202373367e-02
-9.840938839119979242e-01 -1.668571541836259553e-01 6.097496300804688268e-02
-9.862736504337263899e-01 -1.527238391392155559e-01 6.276738034556363088e-02
-9.873144335503185598e-01 -1.459910722782865045e-01 6.242471243578841256e-02
-9.880325196316036562e-01 -1.404573341609354209e-01 6.374563610286282378e-02
-9.895679696719107410e-01 -1.305537349234701661e-01 6.091784787581017852e-02
-9.903448547071896924e-01 -1.228693833624114051e-01 6.418887760348557237e-02
-9.919817337780304500e-01 -1.126289634676986562e-01 5.733223195649543580e-02
-9.927127705381406653e-01 -1.037346994583651649e-01 6.132288053968577152e-02
-9.939023591024950255e-01 -9.151663525209932648e-02 6.150475086516777462e-02
-9.945463068139699381e-01 -8.350592027706847664e-02 6.248546431161900588e-02
-9.949187481555002988e-01 -7.961740259613088455e-02 6.162614809176375497e-02
-9.954690227051116169e-01 -7.005916783285573435e-02 6.428970755301013917e-02
-9.960450248050165545e-01 -5.732957345618934497e-02 6.787972847121560849e-02
-9.967155595867530637e-01 -5.087584170045722498e-02 6.300611729072334855e-02
-9.973562627802586844e-01 -4.417786217162227719e-02 5.769601404717344950e-02
-9.977463997493760672e-01 -3.445336486256290326e-02 5.757704300589542440e-02
-9.982117142065771720e-01 -2.374290896477024293e-02 5.486051557508883625e-02
-9.983144634806125906e-01 -8.130313899259543689e-03 5.746441019630942060e-02
-9.983098064850761677e-01 4.693758913383709944e-03 5.792691437895941542e-02
-9.983796620694243007e-01 1.079570131279858521e-02 5.587066921158339444e-02
-9.985127342740693912e-01 1.728497303017382386e-02 5.170665012163939978e-02
-9.983797693074631940e-01 2.894829320516898938e-02 4.898837475014587023e-02
-9.979769183609124017e-01 3.588896213042862965e-02 5.247934143831516074e-02
-9.974797935013347550e-01 4.529056213474783044e-02 5.461552077956113166e-02
-9.973176925068265586e-01 5.199826728222528560e-02 5.151338474569536197e-02
-9.967413923277760324e-01 5.735658591170580273e-02 5.671725835606863247e-02
-9.963636945216096663e-01 6.508847479882838571e-02 5.498097111331973902e-02
-9.958309127216776746e-01 7.158422524573417045e-02 5.653778007998516708e-02
-9.948995710750098143e-01 8.030781283950018390e-02 6.103709964832979007e-02
-9.940110970573289295e-01 8.642450138629356737e-02 6.687879795205102507e-02
-9.930763515195957236e-01 9.560858437420569067e-02 6.825238347639271674e-02
-9.921095029711848312e-01 1.050643524105323440e-01 6.841231742696514406e-02
-9.909553983212724404e-01 1.156454744345328661e-01 6.807019882659515186e-02
-9.894997228626850605e-01 1.268196414511435222e-01 6.933329825282993908e-02
-9.882014829054107663e-01 1.350673996041978631e-01 7.221257617675165552e-02
-9.866317419137127231e-01 1.440906042952769806e-01 7.612971211002479699e-02
-9.846048811987715421e-01 1.588238071585860445e-01 7.299489947287482461e-02
-9.831731522249052002e-01 1.672234922901995047e-01 7.353152760725560622e-02
-9.818955743071777764e-01 1.740565973346765438e-01 7.473560942633840354e-02
-9.809174058185755607e-01 1.801848840064338986e-01 7.303752243810675282e-02
-9.784902724658604001e-01 1.946652576710212190e-01 6.828069121993511625e-02
-9.764180133135270667e-01 2.052304296919856275e-01 6.699524323386726876e-02
-9.736369690798555299e-01 2.174818507678376589e-01 6.879481032305975741e-02
-9.710194950042683182e-01 2.292738561061435365e-01 6.748828144755748826e-02
-9.699747503713151975e-01 2.348752491889146421e-01 6.310807954998332026e-02
-9.671334513681361100e-01 2.468915701855618483e-01 6.080681291924264903e-02
-9.658703508603535548e-01 2.525311744736672970e-01 5.764113013842881578e-02
-9.643434439312508211e-01 2.585592842828404736e-01 5.646987920848230147e-02
-9.620126662799322048e-01 2.679248257662391608e-01 5.242085428921014478e-02
-9.593371982616192284e-01 2.772020716172470811e-01 5.320883319512548226e-02
-9.578150478001044021e-01 2.823630772259625998e-01 5.349257179683267888e-02
-9.570458040831898439e-01 2.861058619416213533e-01 4.697651516470591204e-02
-9.538779303843023527e-01 2.965393269571501289e-01 4.670492285861195525e-02
-9.524831720101685217e-01 3.013160943767936861e-01 4.454712783859261088e-02
-9.493511152739595449e-01 3.111669152511272185e-01 4.367652655499204561e-02
-9.470717765766414331e-01 3.173228788253714128e-01 4.859288997665841409e-02
-9.457041524135987309e-01 3.217042946949740800e-01 4.636842947309899321e-02
-9.416916046964856069e-01 3.331045347759862274e-01 4.752177370090197861e-02
-9.386390244338191913e-01 3.420180147465161080e-01 4.450267050568599420e-02
-9.362517890310106949e-01 3.485630696725817712e-01 4.400457083042708800e-02
-9.359524965461157864e-01 3.499633842816030072e-01 3.896898943885190175e-02
-9.338367243407624807e-01 3.562945319183700721e-01 3.167344199402873095e-02
-9.328480564868236735e-01 3.592135347720069594e-01 2.757114576787647597e-02
-9.303104003356269525e-01 3.661077240334891236e-01 2.208441699991437607e-02
-9.297434596138003382e-01 3.677938308418191582e-01 1.745924746472863123e-02
-9.291439062272262017e-01 3.695452349690145910e-01 1.131144643950781660e-02
-9.301090044323898631e-01 3.671898392759728735e-01 8.299990710122922416e-03
-9.306900177679481301e-01 3.657651640484353983e-01 5.653641678744471266e-03
-9.321494986780680669e-01 3.620468366868576648e-01 4.407746721373407769e-03
-9.306636396634707653e-01 3.658730302903470122e-01 1.464070596522843749e-03
-9.307250896962772080e-01 3.656414489054831685e-01 -7.560841172506283132e-03
-9.300236185534898059e-01 3.674610335384653204e-01 -5.337213357117258014e-03
-9.299263925298696387e-01 3.676237968369794884e-01 -9.469771458370423306e-03
-9.302836234156238726e-01 3.665588550995665384e-01 -1.438797857970590920e-02
-9.313851018412415694e-01 3.636500744595952406e-01 -1.674645081993861306e-02
-9.305401088247039487e-01 3.657475216700522003e-01 -1.799679023129144642e-02
-9.330744836638792394e-01 3.590533401792266877e-01 -2.127757382906569558e-02
-9.331193553604397728e-01 3.588051477107460641e-01 -2.339151433006407890e-02
-9.326241763520781713e-01 3.600914056993991252e-01 -2.337420672290100102e-02
-9.345057701549258633e-01 3.550800956049434687e-01 -2.484189161448348629e-02
-9.349224625650183196e-01 3.541770366543091075e-01 -2.187793439353751326e-02
-9.371906133682128548e-01 3.480730455690035918e-01 -2.278019949103042563e-02
-9.386520217246884235e-01 3.441432757615474070e-01 -2.231179470902264553e-02
-9.396088344329185382e-01 3.415544709140808655e-01 -2.181306885669694398e-02
-9.407276504975388143e-01 3.382568528922559326e-01 -2.477533962521496005e-02
-9.405162149167042296e-01 3.388003819232340841e-01 -2.536886040682060847e-02
-9.405670039384801395e-01 3.388099335992607597e-01 -2.327162203125770004e-02
-9.409218040911511149e-01 3.378943131590105842e-01 -2.221756318362384797e-02
-9.418576820985428144e-01 3.351726812449549175e-01 -2.373623482185316380e-02
-9.438135106760224824e-01 3.293710011731662002e-01 -2.703385267210952833e-02
-9.446562930617145026e-01 3.266127363824035679e-01 -3.079995105196237787e-02
-9.473159572682894325e-01 3.185256744620341696e-01 -3.367343918422138760e-02
-9.498615774534499012e-01 3.106374925280787069e-01 -3.560001003289482713e-02
-9.512136979369419931e-01 3.067943556866040145e-01 -3.270707776343773077e-02
-9.548487105746112924e-01 2.945967917649631174e-01 -3.842784323018096082e-02
-9.569566021444021464e-01 2.876642562832332217e-01 -3.851449351538575178e-02
-9.578060327645285810e-01 2.851497448321983486e-01 -3.601743367901541482e-02
-9.601870470247141354e-01 2.761078772063652598e-01 -4.248886728288886472e-02
-9.617607218669046443e-01 2.704290534487123754e-01 -4.341048198862557800e-02
-9.637920120242260413e-01 2.622936337728989931e-01 -4.803162056143710223e-02
-9.651099802597805644e-01 2.569761471486746163e-01 -5.025947854476307125e-02
-9.680889558712778564e-01 2.446695817936102024e-01 -5.422728971217399135e-02
-9.696883022824979159e-01 2.382718773634898701e-01 -5.413999035198625159e-02
-9.718554836440158606e-01 2.290012365555057494e-01 -5.527551242423453526e-02
-9.742581993265874152e-01 2.181987822806626953e-01 -5.665935243948989897e-02
-9.759599129848874899e-01 2.096081893648304439e-01 -5.972172987996734322e-02
-9.781172250080429897e-01 1.985542636088234725e-01 -6.215246119770238831e-02
