1.000000000000000000e+00 0.000000000000000000e+00 0.000000000000000000e+00
9.999254003887385611e-01 1.719764813653962710e-03 -1.209282016845807627e-02
9.998965894032878499e-01 8.370843886606354513e-04 -1.435653207257660269e-02
9.997403388928187695e-01 5.731959944419126249e-03 -2.205447466681810173e-02
9.995966259634093687e-01 1.352381239443454543e-02 -2.497383458065207187e-02
9.993585120086982965e-01 2.331651724731578432e-02 -2.718281091975176256e-02
9.990057152456047751e-01 3.177554173237992496e-02 -3.127134124661126724e-02
9.982529296228911386e-01 4.391381184450666303e-02 -3.953058923778874495e-02
9.975215031613531291e-01 5.439088000722093474e-02 -4.463725941744283582e-02
9.965401862766009033e-01 6.096283797469642662e-02 -5.649063839491311190e-02
9.952089840145429411e-01 7.503787427997452020e-02 -6.267693884894058598e-02
9.935067260590929594e-01 8.824449360831060352e-02 -7.181433554127836238e-02
9.914489989254737790e-01 9.955919009686786669e-02 -8.436145596009762826e-02
9.898227704435336172e-01 1.115404844848857102e-01 -8.837199113602539624e-02
9.879756718445206198e-01 1.274622737017499230e-01 -8.750683362300118451e-02
9.858426739582606402e-01 1.418754212455479169e-01 -8.936214289412544587e-02
9.819238761400549409e-01 1.621202911025144688e-01 -9.768582302151923580e-02
9.782623983254910005e-01 1.794038773894646721e-01 -1.040045006235878061e-01
9.741777741244690425e-01 1.980080128914003534e-01 -1.084919333689837312e-01
9.720877334686215399e-01 2.091279634018052835e-01 -1.063529108847901250e-01
9.671766124403112785e-01 2.290002840127504935e-01 -1.101284656882426938e-01
9.629633951564455785e-01 2.429619669069079113e-01 -1.169230165465557914e-01
9.584599068502438479e-01 2.602578143397013544e-01 -1.167068403994614700e-01
9.523429566995451623e-01 2.798033182485457626e-01 -1.214619530894860688e-01
9.467079973536199899e-01 2.980769402817410874e-01 -1.220414504139624295e-01
9.394661254850690257e-01 3.184169313032836346e-01 -1.265467025131209733e-01
9.340178668005088003e-01 3.337300927127840877e-01 -1.274160932164495885e-01
9.252165138441599268e-01 3.549290412995791955e-01 -1.341632989539428278e-01
9.189388847370030255e-01 3.722249109894983365e-01 -1.303838713090523516e-01
9.108049612113600091e-01 3.917740965533938469e-01 -1.301821492748432840e-01
9.022598353627929724e-01 4.112280951198994949e-01 -1.296867582349891246e-01
8.921320101456672313e-01 4.327629681495426262e-01 -1.296792266889530421e-01
8.852814782255603587e-01 4.472387785795984283e-01 -1.274919253097646921e-01
8.752450525230778267e-01 4.666978614382731316e-01 -1.270402135618378947e-01
8.640667188007470356e-01 4.853215947398139551e-01 -1.336101351145815574e-01
8.525442391590103419e-01 5.059583737637564083e-01 -1.310513523581690598e-01
8.431060420817013679e-01 5.208822645874028323e-01 -1.336184169851040715e-01
8.300797220868041393e-01 5.410431055545439349e-01 -1.350556413203428952e-01
8.153713364026874411e-01 5.635055918477220871e-01 -1.327819435494038136e-01
8.035364525556649706e-01 5.791214970294232822e-01 -1.376498248886391107e-01
7.879832897052999607e-01 5.997676545739805132e-01 -1.391442028923980112e-01
7.746597514032992349e-01 6.170045929553408248e-01 -1.385915410857361529e-01
7.584922299030207871e-01 6.362627500552962001e-01 -1.409229010361811585e-01
7.447673727647474706e-01 6.525037928571775225e-01 -1.398584090656968260e-01
7.299479361420492252e-01 6.672143518099828974e-01 -1.483274561577645201e-01
7.158092769795525445e-01 6.818465908149349275e-01 -1.506728932129032250e-01
7.006387143017106522e-01 6.967275755611165300e-01 -1.538703764312337186e-01
6.864725586527871126e-01 7.117828962488533806e-01 -1.487297884693794536e-01
6.670100119917065085e-01 7.292026156064016496e-01 -1.528437279776573288e-01
6.504953820299080869e-01 7.440004337822626601e-01 -1.527060193170729496e-01
6.367105784306887895e-01 7.567399375761731939e-01 -1.481361599893177838e-01
6.189641996920751676e-01 7.699288290248818001e-01 -1.552189879329357314e-01
6.007864752374465489e-01 7.845716637095462298e-01 -1.533066602000022760e-01
5.841608225911296692e-01 7.972094245914526089e-01 -1.523590594065039605e-01
5.632659005940683361e-01 8.114064893685948299e-01 -1.560482319594301004e-01
5.430532377489281082e-01 8.247527355177778352e-01 -1.577216616098378321e-01
5.270441050529059979e-01 8.353265945480160548e-01 -1.563777738103915016e-01
5.035685250280094172e-01 8.500621012312420399e-01 -1.543151995835004009e-01
4.832121456751374278e-01 8.616543950254634820e-01 -1.551055834029199942e-01
4.606072531263427638e-01 8.736866812221250056e-01 -1.565648672750922232e-01
4.385748149717120237e-01 8.853784316788632092e-01 -1.541336445002349231e-01
4.160885737831017117e-01 8.971725236266332448e-01 -1.481613228112390046e-01
3.944146791165161203e-01 9.060427503847785502e-01 -1.533740901979631088e-01
3.684621748854827739e-01 9.169960834581597497e-01 -1.528195822685325111e-01
3.491013736919078014e-01 9.252439873916424862e-01 -1.484985203273327670e-01
3.329426069055364534e-01 9.312531369493305400e-01 -1.480433425725554697e-01
3.042615648485478275e-01 9.403459739739957746e-01 -1.522312892005192320e-01
2.796387733505225071e-01 9.485479179693644403e-01 -1.485227918025145144e-01
2.605311713200781920e-01 9.541510083993375302e-01 -1.473749567488615575e-01
2.339972241097734995e-01 9.605937275811687881e-01 -1.500166843275335948e-01
2.126934488310501803e-01 9.661821845184441759e-01 -1.457857987805087352e-01
1.949599710128444574e-01 9.708789484065415420e-01 -1.392289253046541386e-01
1.714608574309278710e-01 9.748117359650351199e-01 -1.426298367618792917e-01
1.574750486080647993e-01 9.767413111459097852e-01 -1.455267557001560241e-01
1.313750138243737764e-01 9.811180124021077198e-01 -1.419438897940846211e-01
1.146274181645927231e-01 9.835779382912530622e-01 -1.394095075328370958e-01
9.347328522253282868e-02 9.857963190983912716e-01 -1.395291320023584747e-01
6.867822115016172790e-02 9.880134286405564126e-01 -1.382489897494421638e-01
5.372336517247931070e-02 9.887835947001858417e-01 -1.393585996867570398e-01
2.910357878423399519e-02 9.898808608010910559e-01 -1.388844108269238486e-01
8.611636949485097087e-03 9.902260116165167991e-01 -1.392059699679228102e-01
-8.466933179593676140e-03 9.895023577199270060e-01 -1.442685403463076221e-01
-2.830017927195863092e-02 9.893151543522155089e-01 -1.430197262406090464e-01
-4.880552502047358354e-02 9.889187143189388518e-01 -1.402063269710996929e-01
-6.885402980857791011e-02 9.881905983148110417e-01 -1.368885712152826950e-01
-9.333862839532885980e-02 9.866080367858194311e-01 -1.337628471204999614e-01
-1.133225343294594067e-01 9.838689343205161419e-01 -1.384194377280449917e-01
-1.311862612372631520e-01 9.825419430799634535e-01 -1.319147950866834673e-01
-1.474784938544568547e-01 9.804970772189806061e-01 -1.299060949900996409e-01
-1.690477544455598335e-01 9.764023561672875440e-01 -1.343923869481968847e-01
-1.868635054948601659e-01 9.734150168722811580e-01 -1.324584968819534081e-01
-2.029618713846720046e-01 9.700208301299844127e-01 -1.336640793033103680e-01
-2.288875660242225551e-01 9.638376462156430513e-01 -1.364825705518675492e-01
-2.500489750820421575e-01 9.586084849710976297e-01 -1.361811324114367561e-01
-2.666628472743524658e-01 9.552567314149111866e-01 -1.279668764057920738e-01
-2.875330821299904582e-01 9.496359596387217161e-01 -1.245643980563479053e-01
-3.023700553615112918e-01 9.446911983101772270e-01 -1.270075115264074073e-01
-3.202099668628974882e-01 9.384150496352390292e-01 -1.297797754244449098e-01
-3.333410196649269630e-01 9.334769340767876677e-01 -1.323049373582239341e-01
-3.537214142740795486e-01 9.259274179233607516e-01 -1.324371402401299802e-01
-3.733273391396879082e-01 9.183785311887857628e-01 -1.311777020805857397e-01
-3.935404669600271466e-01 9.093396230138431902e-01 -1.350087746157067337e-01
-4.125252465808570967e-01 9.008002234985459378e-01 -1.355798529767905936e-01
-4.296778639451205861e-01 8.926388806226982497e-01 -1.362819877758025822e-01
-4.492421752700750948e-01 8.825674451954012012e-01 -1.387666770289540386e-01
-4.650825757230574453e-01 8.740925199315271454e-01 -1.402158416886610526e-01
-4.821224032451388308e-01 8.644623408439581214e-01 -1.423476984038875848e-01
-4.961230796745066951e-01 8.567104203883656455e-01 -1.410998339139143132e-01
-5.130453110234692859e-01 8.463698011273297350e-01 -1.429779222537033989e-01
-5.328568971662612785e-01 8.327792877344517564e-01 -1.501406081383619695e-01
-5.495388850247417967e-01 8.215528058968566416e-01 -1.518486687195128026e-01
-5.724798851958028401e-01 8.062577155712622456e-01 -1.490479593316309248e-01
-5.872733208015027406e-01 7.945478182483203256e-01 -1.542848926045860825e-01
-6.028867351095935634e-01 7.815007866596703767e-01 -1.605743501178162058e-01
-6.232347914518957532e-01 7.649051871900975907e-01 -1.627834946938452876e-01
-6.426915541812410204e-01 7.481997886113045393e-01 -1.647563635979621133e-01
-6.598192422580883010e-01 7.329490088829840877e-01 -1.656029430121279955e-01
-6.798607027866665486e-01 7.149830001159218629e-01 -1.630605745660236860e-01
-6.979152089422365757e-01 6.951472312276285592e-01 -1.722924997753698118e-01
-7.147711424748562914e-01 6.766609616369125835e-01 -1.767262707787403686e-01
-7.293561977791976902e-01 6.596865814744194978e-01 -1.812544324372667992e-01
-7.459722678931978157e-01 6.394295212288083619e-01 -1.861592909101253968e-01
-7.614485062557629913e-01 6.212491612781667616e-01 -1.850558580627187921e-01
-7.809111837727504835e-01 5.975398220287062578e-01 -1.819997308097547339e-01
-7.979641784799930138e-01 5.761696464862547939e-01 -1.768664070648859610e-01
-8.128035040698041724e-01 5.553815431572051153e-01 -1.757891422947542026e-01
-8.257946219819158884e-01 5.336614566605299981e-01 -1.823971203254589057e-01
-8.383291896853453107e-01 5.136560081946988099e-01 -1.826518341280054247e-01
-8.519531516129809079e-01 4.915366233399840468e-01 -1.804649349791630220e-01
-8.640047330836340134e-01 4.717218286962473472e-01 -1.759953258082989913e-01
-8.773416328510836859e-01 4.496791367274683426e-01 -1.675122349348409090e-01
-8.880751683964819287e-01 4.303887700502261326e-01 -1.615178529549398112e-01
-8.958540343039756992e-01 4.137526576798682409e-01 -1.620317946567474965e-01
-9.057152712145645213e-01 3.923228122873850809e-01 -1.605075493155497524e-01
-9.162514178974014989e-01 3.692273971635282037e-01 -1.554171253076661874e-01
-9.234588027408150435e-01 3.510805180548636217e-01 -1.548106063561545398e-01
-9.313717148711899707e-01 3.319333695644353099e-01 -1.495559436341346859e-01
-9.398093996275944662e-01 3.118195212006319994e-01 -1.397386484459717249e-01
-9.469255451180937921e-01 2.908951545246177828e-01 -1.367919292911772555e-01
-9.510076392557831326e-01 2.802616192746438251e-01 -1.305293267073169283e-01
-9.571662095858274322e-01 2.592352644009811580e-01 -1.289571054420038942e-01
-9.642501746520835137e-01 2.360108032075591000e-01 -1.205010833929514857e-01
-9.688603757252278736e-01 2.182336173409026026e-01 -1.169772186696345362e-01
-9.726563417624305430e-01 2.028336530035890206e-01 -1.131289477929772747e-01
-9.760644623301705236e-01 1.869374205097487085e-01 -1.111421379003615789e-01
-9.787265390680122135e-01 1.735197706764521619e-01 -1.094772096347923218e-01
-9.823039933862544038e-01 1.568930564680205142e-01 -1.022909602781231636e-01
-9.844459631367871166e-01 1.460701844293215423e-01 -9.761994578124465194e-02
-9.870796154317860172e-01 1.297545056958437359e-01 -9.400855096873340921e-02
-9.893217659581268197e-01 1.166894691526386696e-01 -8.732707089710051163e-02
-9.906432755093117493e-01 1.070680653681118921e-01 -8.463058617320651233e-02
-9.918233284947935990e-01 1.005056214474897014e-01 -7.864547627838876231e-02
-9.926319866355990396e-01 9.443829969340114538e-02 -7.591542913393928282e-02
-9.935912138968413521e-01 8.599337916613794541e-02 -7.335968905134182538e-02
-9.948086345562463517e-01 7.143703203986556671e-02 -7.247438534593814152e-02
-9.959768696359256879e-01 6.063298621069990874e-02 -6.598273494903128533e-02
-9.970479943081608232e-01 5.024123114304011872e-02 -5.806135541549940077e-02
-9.975105416744497466e-01 4.363117475959953778e-02 -5.539896162388098511e-02
-9.981056409994087941e-01 4.083531502469862906e-02 -4.601751161413256130e-02
-9.984134741657737511e-01 3.781342099605297657e-02 -4.172151344514092586e-02
-9.989624022144335536e-01 3.149105410580337744e-02 -3.290041222550257882e-02
-9.990941293107499233e-01 3.106134467416049941e-02 -2.908811268849988141e-02
-9.992878674393327332e-01 2.593184422273608902e-02 -2.740988961426511772e-02
-9.992308255545016005e-01 2.778223920684765730e-02 -2.767506184687396412e-02
-9.994345333037276680e-01 2.329476474187004015e-02 -2.424813588545942158e-02
-9.996473966434037406e-01 1.448938902075669506e-02 -2.225184020207791880e-02
-9.996999777653780006e-01 1.048724349809568128e-02 -2.213541458615994606e-02
-9.996708974613811582e-01 5.166259008113246488e-03 -2.512789448492021641e-02
-9.995813740738412889e-01 -1.891235312472500790e-03 -2.887048055157477588e-02
-9.995793009619523550e-01 -7.127724726473435440e-03 -2.811443404587658790e-02
-9.994939186474056658e-01 -1.137451244921124094e-02 -2.970743807021617930e-02
-9.994385447640954379e-01 -1.698694540796723967e-02 -2.887981522921755431e-02
-9.992990539346153778e-01 -2.038353336901888371e-02 -3.139931831457968420e-02
-9.993619730221583453e-01 -2.534792997749164140e-02 -2.516215187861422370e-02
-9.991983441912406505e-01 -3.018491863715543760e-02 -2.629722907278229591e-02
-9.991205902347728429e-01 -3.336143938044344726e-02 -2.539813213570275147e-02
-9.988186935888528906e-01 -4.394043261144318924e-02 -2.074753059856244627e-02
-9.988753890893201648e-01 -4.384623485761186823e-02 -1.804076150231569836e-02
-9.987930752561889891e-01 -4.544351263554564230e-02 -1.863556546799519445e-02
-9.984592887381478210e-01 -5.326879556720073849e-02 -1.553989505822640262e-02
-9.986539137633158036e-01 -5.110730057236798074e-02 -8.854867279340056935e-03
-9.983843854034472054e-01 -5.604536587645615048e-02 -9.356296514399342623e-03
-9.983362713337676775e-01 -5.677567540511887362e-02 -1.006063428336339757e-02
-9.983702466967604439e-01 -5.642509410469301323e-02 -8.547725604618708339e-03
-9.984357166341113476e-01 -5.512689637755909672e-02 -9.335383581513699222e-03
-9.982779189780700557e-01 -5.693473971463321182e-02 -1.412927170540116337e-02
-9.984462729844600926e-01 -5.383486886028065327e-02 -1.438232520484661672e-02
-9.984745625674298353e-01 -5.470214226616692405e-02 -7.498530902406840004e-03
-9.981838694362091813e-01 -5.987688997303501626e-02 -6.612508409033816814e-03
-9.981552998468873339e-01 -6.002208076002212706e-02 -9.129711934330111966e-03
-9.982052141006121371e-01 -5.848875343996659537e-02 -1.286159783021485412e-02
-9.981882634964648338e-01 -5.976677151950077899e-02 -6.937436514307981569e-03
-9.982785076309308447e-01 -5.841444513246161346e-02 -5.270503598592341660e-03
-9.981419526003288967e-01 -6.082498551387260227e-02 -3.601107408743173515e-03
-9.984061906603961534e-01 -5.589715222401837880e-02 -7.784022501757642196e-03
-9.983690966220415408e-01 -5.651224442670067100e-02 -8.094277197411283917e-03
-9.982488596657956847e-01 -5.842620271467845877e-02 -9.251875822262592766e-03
-9.981690334929211872e-01 -5.808177051641565808e-02 -1.688468949050515172e-02
-9.977326030919942967e-01 -6.444788125893441411e-02 -1.939401131034551237e-02
-9.978644097005410218e-01 -6.398226766401997334e-02 -1.314890386625888231e-02
-9.976686637732228302e-01 -6.717810425865421153e-02 -1.201432473276549395e-02
-9.972178697690844418e-01 -7.337263974387521481e-02 -1.315219990713478379e-02
-9.974758676248247635e-01 -7.038576530483547922e-02 -9.367071714237007463e-03
-9.973242903711363461e-01 -7.202712768760999307e-02 -1.250428956433798089e-02
-9.972839063051112118e-01 -7.316852550707483860e-02 -8.436919303381213570e-03
-9.969162809450261564e-01 -7.749786397582719699e-02 -1.232941497435960723e-02
-9.965063797547362157e-01 -8.320596752107520255e-02 -7.197681287954650620e-03
-9.961948745321419496e-01 -8.690147470964304510e-02 -6.626475641993042655e-03
-9.963747077466411639e-01 -8.497987145053109703e-02 -3.983437114402254425e-03
-9.962082487806249720e-01 -8.673575867964260222e-02 -6.785118277137999754e-03
-9.963094546424156039e-01 -8.488317353773867924e-02 -1.274056491192546159e-02
-9.962270985947880853e-01 -8.586646887513803283e-02 -1.259055604323787957e-02
-9.955713636566670965e-01 -9.280259531050494282e-02 -1.501142754592805183e-02
-9.952103782101255902e-01 -9.590511681120600374e-02 -1.893453178078323418e-02
-9.950173582646444359e-01 -9.846654411492625214e-02 -1.564612494722752295e-02
-9.953883401343601722e-01 -9.513363493912309343e-02 -1.231457092322418324e-02
-9.946985911191663643e-01 -1.014292401846361574e-01 -1.693597218763042908e-02
-9.944048572706341016e-01 -1.048249443266461578e-01 -1.306582891347540971e-02
-9.941372302772552016e-01 -1.076614825720909330e-01 -1.000887165345425676e-02
-9.941777826768134485e-01 -1.068709854500971140e-01 -1.375259447958542859e-02
-9.936517333986042422e-01 -1.115819265376539471e-01 -1.434264158251575064e-02
-9.929509503664722958e-01 -1.178293454783321537e-01 -1.283200850133211363e-02
-9.928145342351781810e-01 -1.191270683263193353e-01 -1.131579125403664454e-02
-9.927231997720991075e-01 -1.197183463576777795e-01 -1.296808055069702953e-02
-9.919147925343707595e-01 -1.256594436588863162e-01 -1.774130060391069033e-02
-9.922534087934454794e-01 -1.234084449278172319e-01 -1.426652358538301087e-02
-9.917011007927246657e-01 -1.279774894085025094e-01 -1.227575093533842150e-02
-9.910158529642401071e-01 -1.334385589315186249e-01 -9.040747868984887539e-03
-9.911333647724414053e-01 -1.325962784561412477e-01 -8.537279221942696908e-03
-9.910745092405459644e-01 -1.332591665983327012e-01 -3.649194231985706388e-03
-9.906942063043654434e-01 -1.360727828217589974e-01 -3.031887029698860595e-03
-9.904711378705278735e-01 -1.376230811725468184e-01 -5.178567910007035244e-03
-9.906246330127627120e-01 -1.365022491724469933e-01 -5.475164625257711304e-03
-9.905695635918619901e-01 -1.368912103356249577e-01 -5.721993270240140032e-03
-9.908653965158568111e-01 -1.348027214547833641e-01 -3.741295340536621421e-03
-9.911750836210039273e-01 -1.325484048331870557e-01 -1.696774310444539285e-03
-9.909441507933343107e-01 -1.342718028040374989e-01 8.820543318745774700e-04
-9.911503997147221856e-01 -1.327371564088342948e-01 -1.318127873104768706e-03
-9.904232452242868190e-01 -1.379369171901731472e-01 -5.933588001735071345e-03
-9.904980699931823507e-01 -1.374362192305089714e-01 -4.986407384294678537e-03
-9.905365128444910683e-01 -1.372028265009977988e-01 -3.578603279553675427e-03
-9.908016393073939554e-01 -1.351969945054094790e-01 -5.821468028522692670e-03
-9.912338330707951561e-01 -1.320764780605073463e-01 -3.361172579730213432e-03
-9.916831671667792891e-01 -1.286196388321565465e-01 -4.635710874173112721e-03
-9.916675634060014843e-01 -1.285071868436378495e-01 -9.019533611033586293e-03
-9.914802522086852976e-01 -1.300559844579838309e-01 -7.235726503412993199e-03
-9.915572075039400524e-01 -1.295246543961989238e-01 -6.137874630225303996e-03
-9.907565826539913578e-01 -1.355883250493996606e-01 -4.147934024121545729e-03
-9.906399742632241434e-01 -1.363507769316221474e-01 -6.396277103865847038e-03
-9.907922482079285498e-01 -1.348190237091622112e-01 -1.243209756844141332e-02
-9.900307215092769564e-01 -1.402484406125598937e-01 -1.302116432983617574e-02
-9.898447478946228451e-01 -1.418928129557644191e-01 -8.591277825961817632e-03
-9.909850586728974342e-01 -1.338713908733674129e-01 -5.202872672773289214e-03
-9.907214457077837544e-01 -1.357562324123250119e-01 -6.424024087319043022e-03
-9.904564153658099723e-01 -1.376708382742129200e-01 -6.544865127686173671e-03
-9.907720239820413388e-01 -1.354422996037704385e-01 -5.117196422680284941e-03
-9.903060223565639530e-01 -1.385880966895829680e-01 -9.344910059757887549e-03
-9.904531334964137290e-01 -1.375691549109424594e-01 -8.793393644117479882e-03
-9.901320309842369660e-01 -1.397752291602694930e-01 -1.007235596931679161e-02
-9.906286205512260246e-01 -1.360693631067626252e-01 -1.183513323954878474e-02
-9.908940079127315226e-01 -1.343075285316668033e-01 -9.516233198749493236e-03
-9.902956694464383203e-01 -1.384794117694113647e-01 -1.174502052409191581e-02
-9.899100254146667721e-01 -1.415362180741132625e-01 -6.756215679915866974e-03
-9.895803257368471773e-01 -1.438452199263197395e-01 -6.271962105950544195e-03
-9.895816887919942628e-01 -1.438784346817139626e-01 -5.204145601576567505e-03
-9.888227961622122475e-01 -1.490068983915434631e-01 -5.140808323970675123e-03
-9.891083273448548763e-01 -1.471686522603878888e-01 -2.471942950433738198e-03
-9.896272874288070120e-01 -1.436333059210585794e-01 -2.703948382485734346e-03
-9.901493332609870857e-01 -1.399669714532095210e-01 -3.681118878670423464e-03
-9.900608639661563348e-01 -1.406349082965784036e-01 1.146342526799228219e-03
-9.904975690912551922e-01 -1.375143339068792270e-01 2.092726249852968658e-03
-9.907604858340088860e-01 -1.355193366106216823e-01 5.308018387875838504e-03
-9.905807572887134205e-01 -1.368458707601687419e-01 4.793421862510394670e-03
-9.903804946507986928e-01 -1.382248019701050878e-01 6.354987673850849561e-03
-9.908796735348751605e-01 -1.345498955282892761e-01 7.335130744261612011e-03
-9.910970218660394293e-01 -1.328021545398486991e-01 9.501945823951179343e-03
-9.912568199345002107e-01 -1.316702128668066629e-01 8.536858123260904554e-03
-9.910364377580128670e-01 -1.331356539936293382e-01 1.103098542370839832e-02
-9.907718139362895471e-01 -1.351757585649958071e-01 9.936447096113593808e-03
-9.902393749508019427e-01 -1.390518769703275315e-01 9.516395600718232511e-03
-9.904544928688321370e-01 -1.371388411465753465e-01 1.388675009183083960e-02
-9.903350542668818424e-01 -1.379790665990722198e-01 1.408060697177634935e-02
-9.907253653080781985e-01 -1.347353810577639477e-01 1.759641326279317089e-02
-9.906051486399838346e-01 -1.356640110519518883e-01 1.722561257925597430e-02
-9.906697674788041974e-01 -1.352682838617815242e-01 1.661051833052957366e-02
-9.909983549236165423e-01 -1.326466931165547480e-01 1.808650102746755389e-02
-9.916977779939392112e-01 -1.279881195191048537e-01 1.243239041942903640e-02
-9.919810894908787091e-01 -1.260793667945309393e-01 8.804391572418170109e-03
-9.921703183724476238e-01 -1.248580225443417513e-01 2.922242344757257707e-03
-9.928430008902445758e-01 -1.194222890902603834e-01 1.048009209039963210e-03
-9.924572547310642756e-01 -1.225765296731114729e-01 1.896777418907144748e-03
-9.926661482236772693e-01 -1.208456320141114426e-01 3.202695898159693515e-03
-9.926263693848209613e-01 -1.209830362114056174e-01 7.483423937965486862e-03
-9.934803064055773847e-01 -1.134793495290542659e-01 1.092355433352031058e-02
-9.936150835623839273e-01 -1.120052246964794163e-01 1.356102525063139150e-02
-9.936140430523070499e-01 -1.118311656206824878e-01 1.499766304924237022e-02
-9.937560417305839611e-01 -1.109329222816752558e-01 1.195082893741560882e-02
-9.934631480376975299e-01 -1.134499435460089856e-01 1.265266053418389290e-02
-9.935575633389126526e-01 -1.126142442769117596e-01 1.270457935103335399e-02
-9.937549812894261869e-01 -1.107588008900798060e-01 1.354736924773440251e-02
-9.940655362286618946e-01 -1.084694575559212865e-01 8.251813863104933214e-03
-9.946030673407074696e-01 -1.032511968484009918e-01 1.019484233282883477e-02
-9.948833439775585097e-01 -1.004625990495182919e-01 1.069598514895852420e-02
-9.956586345075981725e-01 -9.230687517284109911e-02 1.197206998791679015e-02
-9.960192410324837375e-01 -8.851364169903878920e-02 1.053626310500556731e-02
-9.966051397309529936e-01 -8.185224137588299753e-02 8.855062595957545815e-03
-9.967472986479481989e-01 -7.994863312121935905e-02 1.015109872042816060e-02
-9.972706078219685244e-01 -7.269022058037460932e-02 1.294113221716522780e-02
-9.974908150595603873e-01 -6.879926184904244790e-02 1.669556319329547692e-02
-9.976210082316178118e-01 -6.713204848898779442e-02 1.567221637337228024e-02
-9.980687835763120130e-01 -6.033236019480919116e-02 1.478904685918678782e-02
-9.982240227336811600e-01 -5.681526131356497838e-02 1.791181087294307570e-02
-9.985029196473697022e-01 -5.264187917422942509e-02 1.485794079934104131e-02
-9.984748878263196570e-01 -5.290561251565892298e-02 1.577659452029723033e-02
-9.987466468580293855e-01 -4.741739289136875229e-02 1.602287875066536749e-02
-9.988997516031002943e-01 -4.435605140316328798e-02 1.522607407892485887e-02
-9.989407043792949414e-01 -4.064606904863323628e-02 2.157250240809178640e-02
-9.992717518003286781e-01 -3.446784325794199216e-02 1.636888811547070749e-02
-9.992781650124870074e-01 -3.499586286441409844e-02 1.477989121386754853e-02
-9.992583385021909237e-01 -3.459653730706886698e-02 1.690737198160684879e-02
-9.991919383919520836e-01 -3.528303976669994180e-02 1.925055952147168917e-02
-9.991512577912986526e-01 -3.633524161932209784e-02 1.940414784999158065e-02
-9.991191658199249925e-01 -3.491643108080284830e-02 2.327535287721022375e-02
-9.993090259202845882e-01 -3.016329765731907281e-02 2.171757058259151177e-02
-9.993694915595708883e-01 -2.855995930295854648e-02 2.109395021561001962e-02
-9.991801883173883070e-01 -3.206383477866227988e-02 2.471575116990261389e-02
-9.993326777345670209e-01 -2.816924208058520923e-02 2.325294797262725255e-02
-9.992577236680746378e-01 -2.632476835927654787e-02 2.812498725996234045e-02
-9.993976929028920431e-01 -2.008400607542441124e-02 2.830001378100101619e-02
-9.994235271483733474e-01 -1.502498857690833661e-02 3.044453647758454951e-02
-9.994353303817796741e-01 -6.658900790657940744e-03 3.293457408750902204e-02
-9.995636896801456395e-01 -4.085937298109791616e-03 2.925307007239208099e-02
-9.994674270177057451e-01 -2.165898253845693466e-03 3.256037488141654002e-02
-9.995297926449405734e-01 2.606966825320076227e-03 3.055166201207429322e-02
-9.995666429107996631e-01 3.041809444707908004e-03 2.927935257560939503e-02
-9.995461694651168738e-01 9.215233940544610702e-03 2.867998013866089255e-02
-9.994788206479708892e-01 1.167011480793798267e-02 3.009820936810334024e-02
-9.995577599558169712e-01 1.298306972523357618e-02 2.675315128580156923e-02
-9.993648523832436847e-01 1.487829497349319775e-02 3.238108903646334108e-02
-9.991061778035128516e-01 1.921759944509873752e-02 3.765018287960006371e-02
-9.989132778693943227e-01 2.589969230081251225e-02 3.874888676722895026e-02
-9.988106342547714567e-01 3.029427072280592437e-02 3.820446370264921065e-02
-9.987246436292227525e-01 3.373984577305160631e-02 3.755949923802574114e-02
-9.984228155276410055e-01 4.145773037271482941e-02 3.785690167692121882e-02
-9.982538042547075552e-01 4.679792803958122277e-02 3.604584771592324322e-02
-9.981038444695348177e-01 5.098810572665430502e-02 3.448094579753466227e-02
-9.980362692713830031e-01 5.313058346714267383e-02 3.317760083604901628e-02
-9.976633959260501339e-01 5.926587041100233461e-02 3.398988004120427620e-02
-9.974878642975584242e-01 6.358701696497653932e-02 3.121952370167355509e-02
-9.968910700940026848e-01 6.893836377631262780e-02 3.815368116622674943e-02
-9.960323866812094140e-01 7.972988723155147173e-02 3.953020166866805934e-02
-9.960238698423686809e-01 8.122709020177515393e-02 3.658712310497710257e-02
-9.952456499430911707e-01 8.983163530660269458e-02 3.763483268067601556e-02
-9.946977951072291102e-01 9.630701384103411422e-02 3.607301641898575523e-02
-9.941002770955239543e-01 1.042228667384486329e-01 3.003730827925374380e-02
-9.941255576507453950e-01 1.052888580054539142e-01 2.507266992593196187e-02
-9.938366570746636208e-01 1.082039890644582586e-01 2.409569579688979751e-02
-9.935485500659954061e-01 1.109998699243530396e-01 2.324466129174632481e-02
-9.928052638512416816e-01 1.166517348506355828e-01 2.702013413153501326e-02
-9.924875280296053814e-01 1.183632965452229152e-01 3.096197054951078248e-02
-9.924623010272763945e-01 1.198180982295927316e-01 2.573346503091518411e-02
-9.921595772627452847e-01 1.219244968580508737e-01 2.745536706499967020e-02
-9.915846898774611784e-01 1.266020021642020321e-01 2.705074315628500439e-02
-9.910686559009550534e-01 1.304840426277382170e-01 2.751073923405444183e-02
-9.896916613230418713e-01 1.399317937110567678e-01 3.048795936915682167e-02
-9.893441490323456877e-01 1.425178778316254224e-01 2.977946140229497871e-02
-9.888445209125072966e-01 1.462832958171297604e-01 2.806631141591169054e-02
-9.882539923881666910e-01 1.504473981407745131e-01 2.682599262453735228e-02
-9.881754623388744330e-01 1.511692575368392688e-01 2.563431616301571625e-02
-9.878662526673831490e-01 1.534402615424899086e-01 2.400749752604349613e-02
-9.875546058617681311e-01 1.557826850336312963e-01 2.162550386631069757e-02
-9.868421026806670771e-01 1.603290405272122243e-01 2.091100280151786395e-02
-9.858882109148340289e-01 1.664090542821960450e-01 1.823373321177815948e-02
-9.851092305995796661e-01 1.704578685164076790e-01 2.244828989084232326e-02
-9.845881813688454054e-01 1.734503235161381496e-01 2.238538028822863180e-02
-9.840913498955905503e-01 1.757267559509437249e-01 2.615968742086087484e-02
-9.840313612739818305e-01 1.766063996549022408e-01 2.219158775428783578e-02
-9.827365180052582971e-01 1.842624031555118169e-01 1.662255909695178890e-02
-9.824682144590149990e-01 1.856898144349982405e-01 1.659840056713262485e-02
-9.824269190998224932e-01 1.862558401272257080e-01 1.208789370431595164e-02
-9.815897619533551222e-01 1.907298725807946849e-01 1.018142768911786331e-02
-9.805592365903420538e-01 1.959322488859187861e-01 1.068381634795485466e-02
-9.808863567893392199e-01 1.942529420189265943e-01 1.130292535872794851e-02
-9.803532571253095185e-01 1.969634150234016168e-01 1.062595503167959067e-02
-9.805644658429395477e-01 1.961551936397686602e-01 4.058933213473189458e-03
-9.800639686142561535e-01 1.986166229991992993e-01 5.105009094595143113e-03
-9.800018720069367806e-01 1.988959608225577824e-01 6.060879351623649387e-03
-9.798428286999625314e-01 1.997695371811414322e-01 4.119324880095991473e-04
-9.798968639812100090e-01 1.994988019338481688e-01 1.539680286680483907e-03
-9.806404404650751472e-01 1.958077874234536442e-01 -1.908843809595743221e-03
-9.810828872174039983e-01 1.935876706000151937e-01 -4.346924855448224250e-04
-9.812585443748709224e-01 1.926906195082329354e-01 -1.414569814988077745e-03
-9.815755075673436858e-01 1.907207704905161949e-01 -1.162400986270835899e-02
-9.813270436080583359e-01 1.919275432219217647e-01 -1.269088592762162085e-02
-9.808424507870144859e-01 1.945457477171016747e-01 -1.000228865260868391e-02
-9.799529267999482762e-01 1.989817496115724726e-01 -9.926307480361013652e-03
-9.800697722885610697e-01 1.981030355686983768e-01 -1.477957326355808232e-02
-9.795280459009159113e-01 2.008826791043143156e-01 -1.307530478681379928e-02
-9.795846979696495316e-01 2.005681923515743870e-01 -1.364649359242434655e-02
-9.800228430610589125e-01 1.984764860882745896e-01 -1.274043194937845257e-02
-9.810753946830136352e-01 1.931831844161656930e-01 -1.308947212499491156e-02
-9.805963671145054850e-01 1.957786920209527437e-01 -1.007351191299810968e-02
-9.803969754922243762e-01 1.964244344292683797e-01 -1.546670979401874001e-02
-9.810461112693535934e-01 1.928177528686556841e-01 -1.923145911617641854e-02
-9.815679815124098706e-01 1.901711521764005985e-01 -1.895357022249501144e-02
-9.822489678458518059e-01 1.864565076981783698e-01 -2.051690030244519500e-02
-9.828298058766643530e-01 1.833930098210230786e-01 -2.031216189075806672e-02
-9.816247612933568512e-01 1.898654654597700109e-01 -1.907722145418559723e-02
-9.823738096280262289e-01 1.855161938312185899e-01 -2.292264129999639979e-02
-9.820726786770160865e-01 1.865659675155994235e-01 -2.695182845274381872e-02
-9.831437066840532646e-01 1.796403362718164420e-01 -3.402660153804838716e-02
-9.841477021019460203e-01 1.735182328705335564e-01 -3.667057986843660911e-02
-9.848772788163708825e-01 1.698084725894971059e-01 -3.437784743033742846e-02
-9.851015450492608405e-01 1.689673324743612148e-01 -3.201553654132599513e-02
-9.855783775278400549e-01 1.650740910493126157e-01 -3.722652879973559897e-02
-9.863952651253111714e-01 1.602853115246238858e-01 -3.651038306488940677e-02
-9.869390543841493058e-01 1.558257314565578144e-01 -4.086138495966214895e-02
-9.879170408422839333e-01 1.486104375656749077e-01 -4.398712059826306170e-02
-9.885314926416719494e-01 1.430683019488460384e-01 -4.834209081577723471e-02
-9.891442792339142365e-01 1.393627917456764786e-01 -4.660059883804484188e-02
-9.904898456253342642e-01 1.288583343013733618e-01 -4.822244494657536990e-02
-9.917232366926037601e-01 1.182894498545953715e-01 -4.992631359881392200e-02
-9.930164209933811659e-01 1.080567669221852711e-01 -4.735114902823584632e-02
-9.939924830420036050e-01 9.700226434214195836e-02 -5.069036609486979317e-02
-9.941649701299929420e-01 9.411323779003376300e-02 -5.271356102321136938e-02
-9.951105836641079838e-01 8.543429761920691423e-02 -4.955719798334989185e-02
-9.958985078393089996e-01 7.730143993460926455e-02 -4.701763724855738402e-02
-9.960647739163888126e-01 7.360453836227608126e-02 -4.936949369470872845e-02
-9.969797073270731946e-01 6.208994358899083688e-02 -4.665094520431854741e-02
-9.971565705629412690e-01 5.585283340076511310e-02 -5.058896532205220398e-02
-9.974601018699226218e-01 5.120902254164575590e-02 -4.950747206726191507e-02
-9.980022797348458985e-01 4.081599276193925013e-02 -4.822357248149380243e-02
-9.982167084064065277e-01 3.254856396442172561e-02 -5.004001214338050368e-02
-9.984566198187531105e-01 2.894680016715807033e-02 -4.739693914140827996e-02
-9.987102276448897031e-01 2.218617252683041316e-02 -4.566906571281391380e-02
-9.988939875020541592e-01 1.992594053434312146e-02 -4.258834597478659834e-02
-9.990112821163362744e-01 1.387302492069303859e-02 -4.223749465020426586e-02
-9.991502718309070996e-01 2.702594225886582879e-03 -4.112710555722941252e-02
-9.990926311041424812e-01 -6.976790516727511549e-03 -4.201484759951194109e-02
-9.990793061201560521e-01 -1.650343626595422719e-02 -3.960031806406664329e-02
-9.991640837473964032e-01 -1.882251979220430152e-02 -3.628849685460749236e-02
-9.987677241413597251e-01 -2.703414882549264042e-02 -4.161966953901263117e-02
-9.983332289685329375e-01 -3.321382478029152180e-02 -4.719761723908315332e-02
-9.983153792023762296e-01 -3.754352062350779090e-02 -4.423682766924050269e-02
-9.983006660776920782e-01 -4.066867310058681906e-02 -4.173545593756316369e-02
-9.974267603408261129e-01 -5.031509451451071646e-02 -5.107111569325372552e-02
-9.971504079867550274e-01 -5.535159507677804569e-02 -5.125694699444691138e-02
-9.967193483321966641e-01 -6.321128440160321549e-02 -5.054586037553564226e-02
-9.963066820473442942e-01 -7.062995470508584561e-02 -4.883046784587885547e-02
-9.954241376436836486e-01 -7.986559334509542307e-02 -5.246220717596299793e-02
-9.947977267361443054e-01 -8.676190561329907847e-02 -5.338412334752446614e-02
-9.938381679592989126e-01 -9.952320822066726413e-02 -4.879381921083423418e-02
-9.930882598989697607e-01 -1.072309375118808555e-01 -4.772047698368694219e-02
-9.926080463847224422e-01 -1.126405757037050454e-01 -4.518159732667546141e-02
-9.915609302517385260e-01 -1.216373736981678777e-01 -4.484730403767672735e-02
-9.910228176909018361e-01 -1.263618160784816535e-01 -4.366321108614191343e-02
-9.903577803539952429e-01 -1.313167258600618781e-01 -4.412928923606781323e-02
-9.891604592609805069e-01 -1.401035040156888845e-01 -4.396138935003219422e-02
-9.879453766075381171e-01 -1.468787358150471234e-01 -4.889355641151758164e-02
-9.863953956466466888e-01 -1.571244459500037161e-01 -4.833261809632694722e-02
-9.854078180253358354e-01 -1.627779488875456815e-01 -4.974717710908965751e-02
-9.838497187150297973e-01 -1.729494952720779521e-01 -4.613255901305038376e-02
-9.815513223102552143e-01 -1.852942747144808444e-01 -4.714916137833418536e-02
-9.802944213571433973e-01 -1.904345453643097041e-01 -5.251229932959564084e-02
-9.782605399297633619e-01 -2.009765353683450884e-01 -5.113470745225694170e-02
-9.769627521097008493e-01 -2.085639038891046737e-01 -4.522044734321269133e-02
-9.749798500358155540e-01 -2.183968655041870210e-01 -4.143803497397260949e-02
-9.748264152241886693e-01 -2.191916505919045965e-01 -4.084715497864639666e-02
-9.720498850820469272e-01 -2.308707828150577679e-01 -4.263463713161493029e-02
-9.703947382856240589e-01 -2.370939822625363069e-01 -4.604894450235767767e-02
-9.693033543647502359e-01 -2.419752550531645563e-01 -4.357743616653525498e-02
-9.674742948682866217e-01 -2.499902509559714658e-01 -3.870881964864360952e-02
-9.671811453377507917e-01 -2.509569400342872014e-01 -3.976500822604183555e-02
-9.661832092724594867e-01 -2.550363617469655897e-01 -3.803248358126145451e-02
-9.647764865383630095e-01 -2.605421763976817351e-01 -3.638838837464856979e-02
-9.639222332990220465e-01 -2.642777512040045962e-01 -3.179949242466073578e-02
-9.625001820364883498e-01 -2.694197071042979674e-01 -3.172428641816255057e-02
-9.604660389731345393e-01 -2.769486925106375286e-01 -2.836227846607312225e-02
-9.577344788568337153e-01 -2.863840937931391162e-01 -2.699681301319107815e-02
-9.563715820940751344e-01 -2.909502466441304946e-01 -2.648320255803007436e-02
-9.547346109885234133e-01 -2.965942803437549569e-01 -2.266416790483221158e-02
-9.544686872933383359e-01 -2.974290105070181434e-01 -2.292417382657854427e-02
-9.537124687553919511e-01 -2.998545454497096308e-01 -2.279885024903209600e-02
-9.527629979620544365e-01 -3.029948006827400397e-01 -2.090046644706200496e-02
-9.514142075474324445e-01 -3.073137549455345896e-01 -1.921641670663805715e-02
-9.492677148292875122e-01 -3.138495931863465871e-01 -1.972935430301304277e-02
-9.511725295164568106e-01 -3.078793762456717431e-01 -2.193439698630460927e-02
-9.492173162257844243e-01 -3.138443557354516078e-01 -2.209560927740461880e-02
-9.476394963330642129e-01 -3.186414613732914125e-01 -2.114268302901175026e-02
-9.465303042550913259e-01 -3.221391911085175197e-01 -1.751381112967841450e-02
-9.442399942449859473e-01 -3.289970266384625863e-01 -1.310719362376222205e-02
-9.436574355585916063e-01 -3.308625206808440411e-01 -6.375382191754752452e-03
-9.431278420495652348e-01 -3.324003072705311590e-01 -4.462962632221369880e-03
-9.418994892980790956e-01 -3.357430402307101658e-01 -1.009811309077976449e-02
-9.419735584243633664e-01 -3.354946289379269753e-01 -1.136565332239099918e-02
-9.421276516844563353e-01 -3.352232361998487287e-01 -4.569331503454780730e-03
-9.417279374195695052e-01 -3.363729173889679624e-01 -1.327122535813020279e-03
-9.403434251192316351e-01 -3.402267115037508893e-01 -1.910465480845437332e-04
-9.405681156740056670e-01 -3.395393515623446601e-01 6.682624743749376178e-03
-9.434020590244851512e-01 -3.314759396849347728e-01 1.078264942112840477e-02
-9.425113008944717707e-01 -3.337804299275218267e-01 1.621978361543978051e-02
-9.432074300120930621e-01 -3.315955908058126900e-01 2.010266862226804674e-02
-9.439855460595375503e-01 -3.290569141955918542e-01 2.475571271870830037e-02
-9.441702444099445701e-01 -3.282725678033239780e-01 2.792275205393887974e-02
-9.455126908671088737e-01 -3.242952023194908273e-01 2.895483483564938176e-02
-9.483573680354298041e-01 -3.157203345526110594e-01 3.064281713172332250e-02
-9.501601790938606351e-01 -3.097155909043280420e-01 3.566365862207370591e-02
-9.525271572143010346e-01 -3.021365656090173046e-01 3.749026916292512446e-02
-9.556942542458944923e-01 -2.919077749995228621e-01 3.792562602657890275e-02
-9.577232966160287297e-01 -2.842822904170344001e-01 4.415514173743285975e-02
-9.595324219225970230e-01 -2.776581586877154284e-01 4.694132930244120788e-02
-9.617550580189181408e-01 -2.703789435784863526e-01 4.384570016597241771e-02
-9.642595940542281197e-01 -2.615298400257342615e-01 4.249221252154165157e-02
-9.654729671017052706e-01 -2.562468618806927334e-01 4.689888929509750809e-02
-9.670952223640484346e-01 -2.494795696146299424e-01 4.986768103044167399e-02
-9.682869546685988205e-01 -2.448409624691080255e-01 4.973215155075947497e-02
-9.706397195318956506e-01 -2.345376001044915948e-01 5.339156893818677169e-02
-9.721869315437098313e-01 -2.288712862771254686e-01 4.970427637149488903e-02
-9.744930131849102173e-01 -2.197766019421319716e-01 4.540509931929703064e-02
-9.757572991100668114e-01 -2.132288741644078056e-01 4.930670490049343657e-02
-9.765209545100904664e-01 -2.096547879142984794e-01 4.951470490055064760e-02
-9.775735502263357413e-01 -2.040504954765988976e-01 5.208992160991383208e-02
-9.791883926822976258e-01 -1.965333415103158177e-01 5.064334105516508922e-02
-9.798372003990605261e-01 -1.903148936542743419e-01 6.082197895724572589e-02
-9.822954823320915185e-01 -1.781525697700864497e-01 5.794185212275161645e-02
-9.847171770306716310e-01 -1.622803449235180329e-01 6.322327344265711579e-02
-9.858542912419441251e-01 -1.555622942124888775e-01 6.238349491869037144e-02
-9.873957321174228197e-01 -1.452065936605942409e-01 6.296606026820023017e-02
-9.881247872806415700e-01 -1.376830377759372115e-01 6.821141836719157858e-02
-9.893827564686745735e-01 -1.273389557303300501e-01 7.004686616790789522e-02
-9.910479138224104201e-01 -1.137896753017610396e-01 6.982803304402603051e-02
-9.921425302037006899e-01 -1.082055509425727535e-01 6.280740535445684947e-02
-9.927720158512873816e-01 -1.009917069940100415e-01 6.484143288784550985e-02
-9.934515880350622830e-01 -9.572032559048750111e-02 6.238247533808349149e-02
-9.942197161730560451e-01 -8.716576311535199906e-02 6.268410850291507297e-02
-9.950340194993652077e-01 -7.788026177953297213e-02 6.198368008189242967e-02
-9.955542803090838833e-01 -6.715465708859801042e-02 6.604497623830198061e-02
-9.962097185324968462e-01 -5.635548699741497330e-02 6.625909518074944715e-02
-9.971722004291317942e-01 -4.748691192476299505e-02 5.824609467920782713e-02
-9.975815959686317180e-01 -3.866701415967359334e-02 5.775667087417791362e-02
-9.980096504441523519e-01 -3.019425093507764266e-02 5.536295076257113923e-02
-9.981099140626178423e-01 -2.149657435022131469e-02 5.757176707812088762e-02
-9.982149162349711613e-01 -1.471930214393117435e-02 5.788207657489161800e-02
-9.987001398599765212e-01 -5.484004161108269743e-03 5.067512028588801176e-02
-9.988526771120126435e-01 -2.680136928390181635e-03 4.781378188777309080e-02
-9.986606834311364533e-01 8.655008421789215159e-03 5.100923354065115684e-02
-9.985176458800326671e-01 1.631375714893943882e-02 5.192671748589081787e-02
-9.986052217031126110e-01 2.326244617785999669e-02 4.739706175590713277e-02
-9.985206840221831914e-01 2.843917412450419277e-02 4.634294549310236794e-02
-9.981987224534113468e-01 3.391476519870347678e-02 4.948849342766910298e-02
-9.976083403948919903e-01 4.205950125363346753e-02 5.485079496271005189e-02
-9.973517566388070410e-01 5.112911720890251505e-02 5.172329174758572012e-02
-9.966179426072254710e-01 6.303892441790039103e-02 5.271415952852777365e-02
-9.961114263725489026e-01 7.455608623089619857e-02 4.694068693743372322e-02
-9.956382602897269063e-01 8.057176807104549088e-02 4.703888468787927046e-02
-9.947886757198254326e-01 8.834393161560838426e-02 5.090041707832308748e-02
-9.944445404551798262e-01 9.573193367345056437e-02 4.376602372295989446e-02
-9.937757206644355357e-01 1.050521177371432496e-01 3.706590207963747496e-02
-9.936161114826153051e-01 1.069100344724447926e-01 3.601776008636974058e-02
-9.927248549847258463e-01 1.145788808119084651e-01 3.700072892936647623e-02
-9.920158075476619430e-01 1.199158779359409260e-01 3.904908960994259159e-02
-9.916129198939777067e-01 1.236576685329784792e-01 3.758470016465862568e-02
-9.906270091452336057e-01 1.320860838895481781e-01 3.480526775306595072e-02
-9.900769192174451172e-01 1.355244054223061489e-01 3.715967029455879977e-02
-9.896729042674582422e-01 1.388732479994244373e-01 3.552147295658948656e-02
-9.894955215924636782e-01 1.389361017157342004e-01 3.994225713845971082e-02
-9.883923616068508444e-01 1.465705070298366497e-01 3.997045789126393162e-02
-9.876278079586375824e-01 1.523585843782112592e-01 3.712393028351944346e-02
-9.865823798302032488e-01 1.599683867337911847e-01 3.263945764202293154e-02
-9.861150541665713032e-01 1.624387376168351105e-01 3.450750110927666009e-02
-9.853192864107074289e-01 1.681344078430314082e-01 2.960972590806773899e-02
-9.848104038679632577e-01 1.712090032734354117e-01 2.891291666423334225e-02
-9.843793792677882903e-01 1.741522518843970080e-01 2.585037539617393923e-02
-9.829893539673767444e-01 1.814900974861898830e-01 2.816532795935993219e-02
-9.816483736275604111e-01 1.887648245500271049e-01 2.709838907684728251e-02
-9.812151983478466510e-01 1.911026613131021623e-01 2.639163657963295925e-02
-9.816151451648924553e-01 1.891746680652053869e-01 2.539021209520721939e-02
-9.814461389348330123e-01 1.904974439090637572e-01 2.177639370897534871e-02
-9.808054394682689248e-01 1.936200041740376854e-01 2.306501705141999689e-02
-9.804109547643138356e-01 1.951062973350627949e-01 2.697969004068069554e-02
-9.801875706080912520e-01 1.962208914624410938e-01 2.701294755670283904e-02
-9.787933960458636840e-01 2.029900328180606617e-01 2.754170664796540963e-02
-9.779394591504704248e-01 2.073628848412757408e-01 2.520038405543854540e-02
-9.764316401399700807e-01 2.145177676355930207e-01 2.373584934420487277e-02
-9.750679173093489416e-01 2.204924155155767729e-01 2.501324598226744092e-02
-9.743622209790174793e-01 2.243214133747201688e-01 1.726780364269975276e-02
-9.746835321257885099e-01 2.231167428438141365e-01 1.452386024969726588e-02
-9.735877721707165700e-01 2.280861422456350041e-01 1.017707087072139763e-02
-9.741271957601770337e-01 2.256917693892413757e-01 1.180859351243660621e-02
-9.732116689105888563e-01 2.295449619786263940e-01 1.296800317048939222e-02
-9.726051619958598904e-01 2.321012601735237268e-01 1.296977504114069438e-02
-9.715638795215716383e-01 2.363340884671620845e-01 1.448578104015564583e-02
-9.717829938258384370e-01 2.357007429242000129e-01 9.109553042766047048e-03
-9.704004551729652484e-01 2.414805865910217564e-01 3.177090742005432393e-03
-9.727308446619219451e-01 2.319136019239066426e-01 3.285739458256110336e-03
-9.733460763569818930e-01 2.293175483073750243e-01 3.299799463464885788e-03
-9.726861546349253596e-01 2.320420630499021031e-01 6.175484429159587389e-03
-9.725054347871364691e-01 2.328770363328882820e-01 1.215040215331385232e-03
-9.726313054150399484e-01 2.322346992974402557e-01 7.443066824402063894e-03
-9.715289711579137011e-01 2.367309568832879352e-01 9.482796091079662842e-03
-9.710565965193971305e-01 2.386776267047188427e-01 9.060244588367363794e-03
-9.723096240408026780e-01 2.336345715009115476e-01 5.375249127929611695e-03
-9.720355964681405281e-01 2.348299731246583921e-01 1.301631868731735996e-03
-9.709430938756191676e-01 2.393105040066303146e-01 4.930764753543299614e-05
-9.707318937838019801e-01 2.401653924938582929e-01 4.312141266847672994e-04
-9.704203917405727076e-01 2.414103822290831758e-01 -2.302594597064198684e-03
-9.719927725048015388e-01 2.350102297935362239e-01 5.032632517071242151e-04
-9.721658187413604324e-01 2.342441156040588890e-01 -4.829743264382774411e-03
-9.724333964051574686e-01 2.331259562614118874e-01 -5.058588684992398887e-03
-9.715619201491174639e-01 2.367145141172721234e-01 -5.803906648030439375e-03
-9.720648133852078931e-01 2.344126934297034726e-01 -1.186166233889974012e-02
-9.715752440937456269e-01 2.364919087505313600e-01 -1.063642135545169592e-02
-9.726574339572163774e-01 2.320304510981813506e-01 -9.969815258802024877e-03
-9.724916963806677916e-01 2.326530970805111564e-01 -1.150861307897998835e-02
-9.732328116417036101e-01 2.295593598733679797e-01 -1.097296263520779712e-02
-9.728714858335557603e-01 2.302228165908673518e-01 -2.277143244478249673e-02
-9.736183856924486291e-01 2.270602293816731121e-01 -2.260315536079655907e-02
-9.744735708123445361e-01 2.232085436326298189e-01 -2.406693234008092097e-02
-9.751855511216747097e-01 2.196191620105269193e-01 -2.793879097608065187e-02
-9.762756265960393920e-01 2.135682835567087878e-01 -3.570015410338424344e-02
-9.776924246578090338e-01 2.062274556001588433e-01 -3.984684827447499550e-02
-9.784978263065371440e-01 2.019645298159604418e-01 -4.186101592902353313e-02
-9.794930256748536346e-01 1.976164225018430531e-01 -3.925779165270584792e-02
-9.804957151293990369e-01 1.916221955635473151e-01 -4.369323777213018900e-02
-9.810926581455270412e-01 1.882748582082724165e-01 -4.483063912851178306e-02
-9.827994445471207596e-01 1.783145277255985817e-01 -4.805406766832724663e-02
-9.843797902900816021e-01 1.702688734972794271e-01 -4.477668501864638662e-02
-9.862086616419634133e-01 1.579932407124682303e-01 -4.930135951160685703e-02
-9.869810768629202480e-01 1.527791709454069946e-01 -5.026819369422003830e-02
-9.878734876713038959e-01 1.476491160729000718e-01 -4.801794811915894440e-02
-9.886109770473251457e-01 1.417661104945278638e-01 -5.050463789251847385e-02
-9.893145082256943335e-01 1.361012457363758310e-01 -5.228065902796147357e-02
-9.901382562505250950e-01 1.283637789665697249e-01 -5.611583249834339177e-02
-9.905627654111802682e-01 1.218581052971015599e-01 -6.273773435669671716e-02
-9.921291837743793085e-01 1.088777742409702820e-01 -6.184922186230511210e-02
-9.933305003071970507e-01 1.000741061015806427e-01 -5.726869647222727899e-02
-9.944323537927944878e-01 8.628207806919255263e-02 -6.049553987134340116e-02
-9.948199206417798202e-01 7.958398012561349044e-02 -6.324341337147516839e-02
-9.961569917971716537e-01 6.480320219511205571e-02 -5.892203594092817326e-02
-9.967918018445821593e-01 5.379223872359115144e-02 -5.926645331830985436e-02
-9.972184018510897863e-01 4.384449881737081944e-02 -6.027547342516609979e-02
-9.972995828892979864e-01 4.205582472451489806e-02 -6.020683797036558565e-02
-9.978649646078955326e-01 2.980427272071240266e-02 -5.811395216811515718e-02
-9.977258409960677588e-01 1.521098641055062747e-02 -6.566418835732533432e-02
-9.978129897182920205e-01 1.315547153053769035e-02 -6.477796414928009561e-02
-9.979207775976932648e-01 7.889337299404029086e-03 -6.396790980595591647e-02
-9.976450935639918915e-01 -3.457318454254711126e-03 -6.850056936172357891e-02
-9.976796177797839782e-01 -1.325223049099621617e-02 -6.678152715484672597e-02
-9.978720488262977639e-01 -1.738815423382410186e-02 -6.284138673217841420e-02
-9.976054044140083565e-01 -2.604162077993413260e-02 -6.407265226267747082e-02
-9.975246749796957690e-01 -3.068268217498162920e-02 -6.327013118651161894e-02
-9.972437314736372072e-01 -4.033442836434467105e-02 -6.227429302850042564e-02
-9.971504018217669518e-01 -4.483211465232416620e-02 -6.067265638450643900e-02
-9.969026734427198777e-01 -5.210762022839457441e-02 -5.890559468045354630e-02
-9.961260072747754046e-01 -6.200741592918641854e-02 -6.235440427243781059e-02
-9.960521405957664109e-01 -6.631269085879566705e-02 -5.901503138987797964e-02
-9.956630573421240138e-01 -7.232126806868553748e-02 -5.852114250973077664e-02
-9.952931516658691802e-01 -7.760917146033512182e-02 -5.803768113506888732e-02
-9.945781742616467413e-01 -8.494089984718011799e-02 -5.999427065652487151e-02
-9.934535178269154887e-01 -9.624557651152573778e-02 -6.153788066813399571e-02
-9.927282088442851427e-01 -1.034658327074308853e-01 -6.152673130169691168e-02
-9.913763398954880124e-01 -1.165723468221328274e-01 -5.986530211841579324e-02
-9.903728943761197501e-01 -1.262057007246588647e-01 -5.686532108678644254e-02
-9.891770184465232818e-01 -1.342536411531436991e-01 -5.920134860111730957e-02
-9.880791611733815705e-01 -1.430259477787247935e-01 -5.694877494315243871e-02
-9.865640944053268857e-01 -1.545827436278434386e-01 -5.287226335108621139e-02
-9.855350754618087405e-01 -1.616443616505550129e-01 -5.090902249623922848e-02
-9.841924327515234605e-01 -1.683689319252243133e-01 -5.492878511064755442e-02
-9.827580005266403074e-01 -1.771745539171585559e-01 -5.287630012393552265e-02
-9.821716121919755738e-01 -1.792629067850994018e-01 -5.660165885058344309e-02
-9.813538476919957398e-01 -1.857198470591879536e-01 -4.952551962284073434e-02
-9.791985893244748995e-01 -1.974167494633456144e-01 -4.686963354934686743e-02
-9.782647195175541155e-01 -2.023150133386195648e-01 -4.546192576609166258e-02
-9.772054874267808167e-01 -2.080623980499376746e-01 -4.218396020451989359e-02
-9.760400628438219428e-01 -2.133555107832340592e-01 -4.272276203083545665e-02
-9.757671348679136658e-01 -2.155621006940277584e-01 -3.756982571403921084e-02
-9.736809448749365048e-01 -2.245937858602576331e-01 -3.876933853117802559e-02
-9.733019281163075576e-01 -2.267506898608753763e-01 -3.560188150276922397e-02
-9.720563810547950823e-01 -2.331523321651945146e-01 -2.732022082437437355e-02
-9.719780237263428990e-01 -2.335209044852503135e-01 -2.695776270403087496e-02
-9.707279645171666971e-01 -2.389852249816137031e-01 -2.394354735230075359e-02
-9.698156724942076368e-01 -2.430192148907940608e-01 -1.998086244106033957e-02
-9.689315172192343173e-01 -2.465090910358029019e-01 -2.012449414523722474e-02
-9.683879761559709420e-01 -2.486338487100671901e-01 -2.014818108810772362e-02
-9.673882078042509436e-01 -2.526280280674869094e-01 -1.841594684605025317e-02
-9.665547477846545554e-01 -2.558023885719465929e-01 -1.835946068221300242e-02
-9.656314337922549118e-01 -2.596271343331285064e-01 -1.223508989918029380e-02
-9.653663499987849006e-01 -2.604567971461265175e-01 -1.516836739840823900e-02
-9.654032064147368697e-01 -2.605452758308504091e-01 -1.062170230823682865e-02
-9.654445053744213912e-01 -2.605371770153935840e-01 -6.107268953038105797e-03
-9.655465672583236625e-01 -2.601084459473174126e-01 -7.964615652260456993e-03
-9.652176468957149869e-01 -2.614389179617136461e-01 -2.144427578663335963e-03
-9.648501107142838373e-01 -2.626729965962664171e-01 -8.195919039635502640e-03
-9.644089499458465831e-01 -2.643078036552637955e-01 -7.534889400636787110e-03
-9.648446835877673156e-01 -2.627841677398561337e-01 -4.385219271381655959e-03
-9.647983940788448232e-01 -2.629881859381016929e-01 -1.133691624454123432e-03
-9.649247327374620431e-01 -2.625246063154568210e-01 1.050551088960813371e-03
-9.630708410796523511e-01 -2.691796297569141738e-01 6.074067252871510891e-03
-9.635037598195075326e-01 -2.675511589740109386e-01 8.768950216050390434e-03
-9.626981547252522198e-01 -2.705041394856800285e-01 6.307599592331470002e-03
-9.625809620346766904e-01 -2.708717520207182816e-01 8.148489982904079387e-03
-9.628947821690901909e-01 -2.698124946983325168e-01 5.904961218820739544e-03
-9.635423817583546047e-01 -2.674918436965633695e-01 5.848461427561381376e-03
-9.644903527678917454e-01 -2.641066156307139701e-01 2.463176785857904005e-03
-9.638640014206557582e-01 -2.663911621962521958e-01 1.395611519785142389e-03
-9.641800436471896774e-01 -2.652467943810588591e-01 -9.968729774332129191e-04
-9.639461896157822673e-01 -2.660966821688509620e-01 5.581269807035252675e-04
-9.651634847749169799e-01 -2.616454580044447198e-01 -1.055544335770924359e-03
-9.661202275132825257e-01 -2.580715865481546523e-01 3.282455421843731916e-03
-9.649369908911045179e-01 -2.624247154926837577e-01 5.466678089268518781e-03
-9.660503257848300773e-01 -2.582365531915487011e-01 7.788640646214015778e-03
-9.658715206282365573e-01 -2.588809509015672083e-01 8.536461524604377696e-03
-9.666852346583763023e-01 -2.557970001187973574e-01 9.357569021996392164e-03
-9.676799495156227504e-01 -2.518130315543058995e-01 1.362809167769306329e-02
-9.677037912740994452e-01 -2.514478679330295896e-01 1.798206141520821560e-02
-9.689615919200728067e-01 -2.463977284982087623e-01 2.004009392632858863e-02
-9.698476391546878572e-01 -2.427555548164487542e-01 2.157104613240939939e-02
-9.693152250368370915e-01 -2.447509710760442936e-01 2.291220754846521462e-02
-9.691133422757607363e-01 -2.457273211569747651e-01 2.091473302250714678e-02
-9.698105132182779364e-01 -2.427337490121546093e-01 2.340743821682027617e-02
-9.702402620332275518e-01 -2.409138983561485425e-01 2.437909219198160921e-02
-9.718156003828226641e-01 -2.338265453797645221e-01 2.999330876507091265e-02
-9.735349785784253029e-01 -2.258920498652249864e-01 3.467622382635077855e-02
-9.756769280677491940e-01 -2.170051801575299533e-01 3.103702487522649878e-02
-9.770048082398186118e-01 -2.106913714571509999e-01 3.272252836994922476e-02
-9.776245638813683136e-01 -2.074457434625796015e-01 3.487820091523700233e-02
-9.777376819174887768e-01 -2.053583978323465231e-01 4.309254285521149641e-02
-9.794232086404317528e-01 -1.983986967706668492e-01 3.698849450643388465e-02
-9.800217009051089834e-01 -1.955291174490554063e-01 3.641212990292637397e-02
-9.809954861418468397e-01 -1.902318625335230329e-01 3.820612417017753976e-02
-9.823370149670000995e-01 -1.838430089486904340e-01 3.486760840184483651e-02
-9.842035888289275558e-01 -1.742008785438869389e-01 3.158104622968095632e-02
-9.849401073328045708e-01 -1.681407055876998902e-01 4.027035061982171815e-02
-9.856812246829039781e-01 -1.627079676023924226e-01 4.425668077888773866e-02
-9.864408917926666964e-01 -1.591873151169518330e-01 3.992216000001925363e-02
-9.873911910284801641e-01 -1.517886458837957309e-01 4.493168271948429909e-02
-9.882709660288766518e-01 -1.446221434984197030e-01 4.904025619013108184e-02
-9.900644525811224117e-01 -1.329551257003829257e-01 4.577474700456344442e-02
-9.914136325324943710e-01 -1.230689379131968408e-01 4.419342434788944146e-02
-9.919286361092755078e-01 -1.195424597505013176e-01 4.227521924669445930e-02
-9.919296930677935498e-01 -1.209893828035183277e-01 3.790865724832977179e-02
-9.935803678854187027e-01 -1.060892224925961830e-01 3.928285366850890747e-02
-9.938705869846113927e-01 -1.011084126405128736e-01 4.470300505432824034e-02
-9.950733165907501565e-01 -8.881311437409104836e-02 4.406062593213649209e-02
-9.957691396240703208e-01 -7.989278810854896773e-02 4.539797837687104681e-02
-9.963492149758552685e-01 -7.103518266661879021e-02 4.735248849487879580e-02
-9.967649043824912125e-01 -6.560173769587115955e-02 4.643437183746928348e-02
-9.972007136292266871e-01 -5.838993148221712642e-02 4.670509761590550812e-02
-9.976437523045921241e-01 -5.300841784190758049e-02 4.355530449991460579e-02
-9.977884817769249182e-01 -5.181241503757411104e-02 4.163691515954075217e-02
-9.980052232246610089e-01 -5.184276314757653437e-02 3.602659818465978742e-02
-9.984573249367002523e-01 -4.317276912895985641e-02 3.491555049729656163e-02
-9.980382334414029666e-01 -4.861638002007730164e-02 3.944800968339479130e-02
-9.982366170577651188e-01 -4.262050294720579752e-02 4.131782208961517350e-02
-9.985929639617564524e-01 -3.865421054641052928e-02 3.630368600538329271e-02
-9.988076176607849632e-01 -3.147083144099295515e-02 3.732215153037985594e-02
-9.986636539047714090e-01 -3.210758403451455939e-02 4.049719426676924583e-02
-9.988597696592369513e-01 -2.788096371843001853e-02 3.875339648535360004e-02
-9.990344013162519854e-01 -2.251130516272531815e-02 3.772955673386137881e-02
-9.993325621779068912e-01 -1.639835491774787463e-02 3.264256860719206427e-02
-9.994796712760729562e-01 -1.358847771513772493e-02 2.925325744988131055e-02
-9.995196154501850838e-01 -6.648713126255722562e-03 3.027120912079664036e-02
-9.995561637665857369e-01 -3.473637167311520880e-03 2.958753903304071203e-02
-9.995461144024985201e-01 -8.986241681248549606e-04 3.011263538821669708e-02
-9.994896724668901333e-01 4.037976861142727851e-03 3.168757795778373576e-02
-9.994308322089754393e-01 8.441278989374084371e-03 3.266144074288486465e-02
-9.994102941003145668e-01 1.648465194302783585e-02 3.012197638458305113e-02
-9.994084168296765158e-01 1.674135518326700517e-02 3.004257913681778608e-02
-9.994648975333557672e-01 1.689348351797993752e-02 2.800967656818734858e-02
-9.993926602944863680e-01 2.077635412044027963e-02 2.797618320160156005e-02
-9.994274725763127032e-01 1.941213341588166746e-02 2.771117655395477497e-02
-9.992110889891174796e-01 2.762635394395206861e-02 2.853063916103102185e-02
-9.990798887291827413e-01 3.032700626896725829e-02 3.032592618225661910e-02
-9.988178669965008805e-01 3.933808485275804012e-02 2.855515279904643350e-02
-9.986282675275434118e-01 4.655070564196858024e-02 2.397140273205952687e-02
-9.982686706247824171e-01 5.172039577855734593e-02 2.801205098535349686e-02
-9.978626108748185342e-01 5.886998377429832063e-02 2.836455429164777553e-02
-9.973766901949699948e-01 6.529107582272319910e-02 3.125422340535013999e-02
-9.968116988279682733e-01 7.291782640838920249e-02 3.239507538551310989e-02
-9.966493971645066230e-01 7.525681229522118709e-02 3.203754926324876157e-02
-9.963019300324071903e-01 7.752032854523745187e-02 3.705504276226401911e-02
-9.958009967844130284e-01 8.263656001961683373e-02 3.939019186428250469e-02
-9.952838735181744889e-01 8.922073321612862540e-02 3.807473289772313890e-02
-9.948210688291964088e-01 9.577276158991164523e-02 3.403869238987884682e-02
-9.933370174317041057e-01 1.102119483675673972e-01 3.368842016184156463e-02
-9.932451357478202514e-01 1.110224385630726868e-01 3.373620999844101354e-02
-9.922680594612522942e-01 1.173917503894947451e-01 4.029006104740470023e-02
-9.916241421075200346e-01 1.233892340215656108e-01 3.816636632883754071e-02
-9.907213599402378001e-01 1.302349943463428639e-01 3.885932357202991766e-02
-9.894865614395689235e-01 1.384081837120939018e-01 4.194679320022549895e-02
-9.879324254889565449e-01 1.487009621540314186e-01 4.333082781883149798e-02
-9.866869502703969896e-01 1.567692354901689678e-01 4.326988656891395113e-02
-9.850628819908161526e-01 1.656385202586311278e-01 4.706392904919292491e-02
-9.833880250729180039e-01 1.750908365581394510e-01 4.786653787566837875e-02
-9.825831668151544518e-01 1.803680098821819067e-01 4.469581137479957528e-02
-9.815208084039142022e-01 1.861696703246836504e-01 4.424670335550311140e-02
-9.804365314210486959e-01 1.922395239053873162e-01 4.228696624118039732e-02
-9.799439742143312149e-01 1.942288928684715588e-01 4.455287646821764341e-02
-9.793239201411392258e-01 1.973368462033632809e-01 4.452912300024152586e-02
-9.775938847670061493e-01 2.070446253940617654e-01 3.798333210198531068e-02
-9.766662287223962791e-01 2.124599383413187104e-01 3.136663687104479514e-02
-9.766030320753439353e-01 2.121314525295240061e-01 3.530974708418271185e-02
-9.765617079453526861e-01 2.132560232807362566e-01 2.913953911103213043e-02
-9.764103709610626458e-01 2.142982372143524550e-01 2.643986819586401082e-02
-9.751860138434733649e-01 2.194799122656045376e-01 2.899690230440426716e-02
-9.749969869091057451e-01 2.209071860438719670e-01 2.410195941885592830e-02
-9.749725838430272074e-01 2.212161550582100178e-01 2.217853172302252859e-02
-9.747089867633640381e-01 2.224379064631760716e-01 2.153561372764513718e-02
-9.719218317200882806e-01 2.339556316747091746e-01 2.515411563252557825e-02
-9.709389437984259352e-01 2.381547667759112141e-01 2.366196406465448029e-02
-9.679176026420557299e-01 2.503382052692428861e-01 2.159424535668403450e-02
-9.667442931478207324e-01 2.551110293839697341e-01 1.799578460974234767e-02
-9.662094237475178371e-01 2.571685654382798725e-01 1.742677023862178320e-02
-9.636032097173122812e-01 2.666380651183448136e-01 1.931348011509623902e-02
-9.630577822568414659e-01 2.686359647995445465e-01 1.882659034549519911e-02
-9.623522598856346644e-01 2.711743541444104899e-01 1.850977029494022680e-02
-9.611944808560406450e-01 2.752007043592882285e-01 1.922904978890771152e-02
-9.625522094634487713e-01 2.705269848272447986e-01 1.756156941119041415e-02
-9.622143760393304657e-01 2.719168930459371358e-01 1.430775919473852020e-02
-9.621043111704854489e-01 2.725687894771346986e-01 7.846246768191195847e-03
-9.622908524394121477e-01 2.719910523279041037e-01 4.146920980094098014e-03
-9.637242736651356889e-01 2.667909444298134924e-01 7.624329775856433788e-03
-9.633452085434863754e-01 2.681794048221988191e-01 6.769791784301613068e-03
-9.632565505903573078e-01 2.685292889947028527e-01 5.371477562799826209e-03
-9.619744632632024617e-01 2.731149895233241920e-01 3.653569180641105547e-03
-9.618745575062365161e-01 2.734650552929899225e-01 3.770039361022734913e-03
-9.630804197660067789e-01 2.692128249900913040e-01 -7.577094773224845627e-04
-9.624283132112086969e-01 2.715172748231656219e-01 -3.182072500596584350e-03
-9.632545590338253971e-01 2.685875197729758468e-01 -1.188650523946627267e-03
-9.635601765837101818e-01 2.674852366071625576e-01 -1.857006215686655623e-03
-9.630821273427250251e-01 2.691546176937417156e-01 -5.349949102601900611e-03
-9.622886282169065275e-01 2.718836790357972433e-01 -8.937297019215972860e-03
-9.608575684040627785e-01 2.765988927639242978e-01 -1.567800116860366619e-02
-9.594149929647253217e-01 2.815614229338224694e-01 -1.568599210307023220e-02
-9.597679604592369573e-01 2.803390794518277329e-01 -1.598363437407650592e-02
-9.608758786002308261e-01 2.762388309135527242e-01 -2.024026444746314032e-02
-9.626290951969991294e-01 2.700300726003874163e-01 -2.071229255112121137e-02
-9.628786568184086736e-01 2.690951346471132655e-01 -2.127239641200993903e-02
-9.627546174173636784e-01 2.694987355529003814e-01 -2.177136358778677602e-02
-9.641322150326574469e-01 2.644837596301212179e-01 -2.230307021607550247e-02
-9.644539309605478783e-01 2.632657265378063327e-01 -2.279882452945113450e-02
-9.628907850496859488e-01 2.690787318164230557e-01 -2.092812296100131711e-02
-9.624126447168174225e-01 2.702854110644011265e-01 -2.660285777321684531e-02
-9.627854604514687331e-01 2.688513487201941721e-01 -2.762469237253330212e-02
-9.625671949217136092e-01 2.695271421171938075e-01 -2.862741896560845947e-02
-9.629585691350772692e-01 2.683103023181974689e-01 -2.684008180271737695e-02
-9.642089926549308743e-01 2.638701013094242875e-01 -2.595384900017371627e-02
-9.662162112603802644e-01 2.562210564349713393e-01 -2.787503638192755442e-02
-9.676631201560410567e-01 2.505388274788054037e-01 -2.929839869472474281e-02
-9.686903264965943672e-01 2.468232307380235913e-01 -2.678354577006774456e-02
-9.697339126523737418e-01 2.420423397035661728e-01 -3.211944484161120134e-02
-9.712408982604060492e-01 2.353233660080883138e-01 -3.624976527096395590e-02
-9.728278598504601637e-01 2.283281058139539355e-01 -3.836985550039979237e-02
-9.741229264087568618e-01 2.214227250247544077e-01 -4.534882664336235825e-02
-9.761891238439279750e-01 2.116556518676133147e-01 -4.750468018981332530e-02
-9.775191995282804802e-01 2.047940332842954902e-01 -5.015609314174560018e-02
-9.788047484501585238e-01 1.982785666261369095e-01 -5.125319167153989663e-02
-9.801819794008432840e-01 1.911338723612941437e-01 -5.206865988324917843e-02
-9.816880126962962416e-01 1.834268388499515068e-01 -5.141260289684197043e-02
-9.839425119618613325e-01 1.708296933457014721e-01 -5.171425600192738198e-02
-9.854159446556381985e-01 1.607195098379492204e-01 -5.589875389399935612e-02
-9.871468662041428255e-01 1.510029358669159882e-01 -5.233730165024716441e-02
-9.884889978746461692e-01 1.417441183944262439e-01 -5.289727079284623629e-02
-9.895110892165025485e-01 1.340028361274596680e-01 -5.395423519979560684e-02
-9.902665471828561161e-01 1.284602517240015784e-01 -5.357372961691364566e-02
-9.907669686759549288e-01 1.242821811988577968e-01 -5.417350350744831733e-02
-9.914521694855691347e-01 1.190363341686215826e-01 -5.341312580657955195e-02
-9.928908586461776542e-01 1.056245886404109796e-01 -5.487444206430556332e-02
-9.934307304835452435e-01 9.934503646625089668e-02 -5.679756018986927696e-02
-9.940935540703755846e-01 9.398619870779562069e-02 -5.426431163407252622e-02
-9.948589960718350333e-01 8.401486554127814144e-02 -5.654286608138282821e-02
-9.954428937533532640e-01 7.795459952370634160e-02 -5.492304625833883958e-02
-9.958047445859131708e-01 6.771463074299377549e-02 -6.154392549576562232e-02
-9.963841455261911451e-01 5.529891296718088961e-02 -6.450333521565355943e-02
-9.968465414898073362e-01 4.721025637043441830e-02 -6.378228493034315827e-02
-9.972202323271638358e-01 4.123960629416322660e-02 -6.205738059057493844e-02
-9.976203137093109241e-01 3.092123148159150320e-02 -6.162469031367143885e-02
-9.976020425945286707e-01 2.445054229148151473e-02 -6.474836699799944861e-02
-9.981258627850475573e-01 1.424834453906102111e-02 -5.951270425492868194e-02
-9.981165574102131011e-01 -2.953307384573611305e-04 -6.134546468941983605e-02
-9.978283754306146447e-01 -1.592409896564725424e-02 -6.391378408625578156e-02
-9.975284599752916037e-01 -2.689867589191833469e-02 -6.491108051304725346e-02
-9.969877039016545872e-01 -4.421879586936783985e-02 -6.371994848657958066e-02
-9.960556068871195823e-01 -5.724743674448064257e-02 -6.779361881709738968e-02
-9.956574557622129840e-01 -6.780862440595940288e-02 -6.378273047947830010e-02
-9.951431034290884048e-01 -7.243307919470652612e-02 -6.666084523976381626e-02
-9.940170454079466644e-01 -8.624772058529944774e-02 -6.701835369016670430e-02
-9.937440456592891991e-01 -8.987703112220504775e-02 -6.629409157408416853e-02
-9.926571725330027851e-01 -1.024124433731307682e-01 -6.436959470468434086e-02
-9.915858368378295262e-01 -1.111063316528195094e-01 -6.642986419668155118e-02
-9.907099999129997947e-01 -1.209368639154906194e-01 -6.219313782992956507e-02
-9.897771241329553771e-01 -1.279889606262024637e-01 -6.292921362154570153e-02
-9.880217785905591743e-01 -1.399250672851802269e-01 -6.506885737120879365e-02
-9.869936576250664118e-01 -1.444081859916927779e-01 -7.063859743906947264e-02
-9.849595411800849964e-01 -1.564155214028631891e-01 -7.340914875067475198e-02
-9.833644860690510248e-01 -1.655826609484948031e-01 -7.467721323378609388e-02
-9.819311919464328575e-01 -1.753667992317334834e-01 -7.111705898735126707e-02
-9.802427705129814761e-01 -1.861693915231192598e-01 -6.682128628167818829e-02
-9.788186325419974132e-01 -1.935857249765790822e-01 -6.662332509325041840e-02
-9.785718006967850657e-01 -1.964034487682444208e-01 -6.182986255827623012e-02
-9.769398410989291737e-01 -2.053120294381103050e-01 -5.861341985086246376e-02
-9.756106041505769877e-01 -2.129680510939923610e-01 -5.318433428161514764e-02
-9.735642238098970447e-01 -2.218102642864888119e-01 -5.452452668325081381e-02
-9.716323162039968153e-01 -2.299124438623368627e-01 -5.541593218362774603e-02
-9.713904096510812547e-01 -2.315865299688815993e-01 -5.261526806973104015e-02
-9.688905540982013509e-01 -2.425237906892350193e-01 -4.932869395991263534e-02
-9.677815120366821677e-01 -2.473769268021781820e-01 -4.694268732827076157e-02
-9.659425943135901971e-01 -2.544390655959303804e-01 -4.707102340104797611e-02
-9.635352963116982083e-01 -2.641976463093856364e-01 -4.241875604192890670e-02
-9.612632188266204691e-01 -2.720360540001112715e-01 -4.437819309743920582e-02
-9.584232020278976583e-01 -2.818649967003228896e-01 -4.446463790273148114e-02
-9.557033443485940527e-01 -2.908547573844386669e-01 -4.510700997400664963e-02
-9.547423746418650659e-01 -2.949474916353183596e-01 -3.837954977759026887e-02
-9.514215564520801527e-01 -3.064384656545823815e-01 -2.987478285546888573e-02
-9.503088594082547136e-01 -3.101818485316263918e-01 -2.646330503646395979e-02
-9.501147380276458998e-01 -3.106683341042669744e-01 -2.769809945601453202e-02
-9.469408090562645430e-01 -3.203017762250911504e-01 -2.664376459371544520e-02
-9.481646034731819883e-01 -3.168213610297997973e-01 -2.466016753044465715e-02
-9.472065849516833058e-01 -3.195456218604451060e-01 -2.627346451183415824e-02
-9.465156917970585226e-01 -3.217482358605255333e-01 -2.421016008260613514e-02
-9.451073765901440993e-01 -3.254766270580851106e-01 -2.893140113322001036e-02
-9.426216521443677721e-01 -3.326440376497837859e-01 -2.850226526483734188e-02
-9.410428033931841352e-01 -3.374284248192801483e-01 -2.409386430983465055e-02
-9.399142461073073385e-01 -3.408004896614534318e-01 -2.040221059253645788e-02
-9.383498621424526398e-01 -3.453093697289103536e-01 -1.615516238713980701e-02
-9.373092478931079885e-01 -3.482778161876994849e-01 -1.240767442182050088e-02
-9.350890641968927497e-01 -3.542010715128601772e-01 -1.224976614034465998e-02
-9.330098207513961572e-01 -3.595944675034967730e-01 -1.358334219900871748e-02
-9.314896438975842630e-01 -3.635562274659092097e-01 -1.240671709550064672e-02
-9.322201858465745117e-01 -3.617910165197267269e-01 -8.532254398439504881e-03
-9.329776488689458525e-01 -3.599171572033824651e-01 -3.515770668128198259e-03
-9.332227038077836045e-01 -3.592935411157877623e-01 1.884260623867876211e-03
-9.346399753448929593e-01 -3.555776749234095258e-01 3.556354359816026219e-03
-9.340123437381850913e-01 -3.570928627317549453e-01 1.027829233753356150e-02
-9.348742299577674775e-01 -3.547531506765632114e-01 1.266453385041463667e-02
-9.385015204258428945e-01 -3.445914789944788947e-01 2.171689751208737140e-02
-9.413100323244115719e-01 -3.363928802552862418e-01 2.784363924160588796e-02
-9.419817248944043486e-01 -3.339990880158376640e-01 3.339243051748382735e-02
-9.468024724908857825e-01 -3.191930709469153471e-01 4.099850466529150750e-02
-9.493907541627820690e-01 -3.114089812255522172e-01 4.100802559947893527e-02
-9.509250277401328777e-01 -3.065119224927078112e-01 4.233259801254285470e-02
-9.532144735792519308e-01 -2.987104681386941740e-01 4.641378753558171588e-02
-9.537516363489350057e-01 -2.962568003490265722e-01 5.088949365028654775e-02
-9.555074140889834311e-01 -2.898047683416934972e-01 5.494355453911809600e-02
-9.580620658989013050e-01 -2.803734672076308998e-01 5.922679623834360002e-02
-9.611167919839920248e-01 -2.686437164702012437e-01 6.391465070266047488e-02
-9.643006122196147167e-01 -2.570784427414408713e-01 6.352180995966875965e-02
-9.663297448014903646e-01 -2.501701636510097471e-01 6.018081152786099869e-02
-9.697792454240861115e-01 -2.358167219178523843e-01 6.259956384836065646e-02
-9.714160264560476321e-01 -2.283643833951861102e-01 6.481225728786040030e-02
-9.727051313359319495e-01 -2.228132260971118772e-01 6.479977239727105487e-02
-9.746239847984915494e-01 -2.140781621369955701e-01 6.541135639109590949e-02
-9.761648541171026316e-01 -2.074761943020726473e-01 6.368534458282650024e-02
-9.779887696931978125e-01 -2.007874353579865712e-01 5.676608837726995760e-02
-9.792781483724969371e-01 -1.946775101410695430e-01 5.581211126285502699e-02
-9.794420987348553265e-01 -1.942952761988701593e-01 5.424516080405412943e-02
-9.813611794814871558e-01 -1.841541007058838664e-01 5.493195087624910128e-02
-9.837246169534638041e-01 -1.702681148779952303e-01 5.739916298729780264e-02
-9.850735115727666802e-01 -1.616691702568070488e-01 5.910391725022445114e-02
-9.861443761085506576e-01 -1.552789020987991320e-01 5.837592668656128164e-02
-9.864686619628553199e-01 -1.505249788597658733e-01 6.497558516740588319e-02
-9.878088414346262169e-01 -1.394116457826256872e-01 6.926834091369488133e-02
-9.890783251607215831e-01 -1.311827391952775368e-01 6.719503553213664049e-02
-9.905718291872601666e-01 -1.228087178125553958e-01 6.070820989156234387e-02
-9.916532065870796719e-01 -1.120800932380468240e-01 6.373372342480780606e-02
-9.924469976143563965e-01 -1.069340724420323463e-01 6.011720157623411803e-02
-9.932059931638916872e-01 -1.009071192402604539e-01 5.796227423616878704e-02
-9.935309463356017945e-01 -9.501882441934660084e-02 6.219082473032207237e-02
-9.941110593051044608e-01 -8.328532092109142138e-02 6.933090702006802775e-02
-9.944896933640982040e-01 -7.559340336733194610e-02 7.263542470294019615e-02
-9.952473387046084641e-01 -6.480867053795470734e-02 7.268141981143015629e-02
-9.959372470000303901e-01 -4.504679809796002798e-02 7.797310110390244520e-02
-9.958163280203562451e-01 -3.829640299945289567e-02 8.296532452294384796e-02
-9.963962488425790465e-01 -2.909909070496330755e-02 7.967293656739338203e-02
-9.965749768219070992e-01 -1.911540756120134674e-02 8.045455490928649089e-02
-9.967226348024798011e-01 -5.744523013381264490e-03 8.069081965751946639e-02
-9.967521411967323886e-01 3.849122692592016684e-03 8.043862204719322284e-02
-9.968167195287970239e-01 9.526034579015366099e-03 7.915618060274906553e-02
-9.965704084969904120e-01 1.969112224040819870e-02 8.037225423973357041e-02
-9.958880530081657412e-01 3.574619591415767461e-02 8.324190095391746647e-02
-9.955632037552416547e-01 5.203255617985604042e-02 7.839986473728206839e-02
-9.952705716697224370e-01 6.066401453709471814e-02 7.587084188452195010e-02
-9.948574697703371772e-01 7.058686704553521207e-02 7.263695237425484008e-02
-9.945259544780119532e-01 8.100558310657127170e-02 6.600180826852139471e-02
-9.939187121864044849e-01 8.723783167434771835e-02 6.719502686145864545e-02
-9.924484333241143652e-01 9.896816846774532384e-02 7.246672743792346993e-02
-9.920870278770734796e-01 1.040426070979913464e-01 7.027433889509485110e-02
-9.909238372851206789e-01 1.136816075095490458e-01 7.173882210677856586e-02
-9.897082903349763150e-01 1.237439799829410936e-01 7.186755350881171567e-02
-9.884407856405288406e-01 1.315639359163408295e-01 7.533765391013061419e-02
-9.869837552595045471e-01 1.435924109858140452e-01 7.241756802146809280e-02
-9.852556182304574861e-01 1.561360486499863143e-01 6.994940054297107968e-02
-9.832721516405613649e-01 1.682433178042444522e-01 6.978595407733860501e-02
-9.821597496678564632e-01 1.760031191508322213e-01 6.622043205276610667e-02
-9.809306737131582299e-01 1.836832636475744240e-01 6.352550194071862610e-02
-9.794740141618673013e-01 1.918983938720636440e-01 6.169018855500772031e-02
-9.772005978543154558e-01 2.027074404192615864e-01 6.315617662560087109e-02
-9.743898897219480659e-01 2.165100276493440445e-01 6.072699632951090998e-02
-9.712137660441624298e-01 2.297494772201731650e-01 6.292071030171440815e-02
-9.690848020065819801e-01 2.402934532868105100e-01 5.597963772709563246e-02
-9.668473747872293744e-01 2.486146996734107939e-01 5.828294884432098921e-02
-9.654878471377391635e-01 2.540931463207778962e-01 5.718310168735574878e-02
-9.628215374983077890e-01 2.641380931995393477e-01 5.661953488574084786e-02
-9.621415419544595560e-01 2.679654434834260468e-01 4.978143474820798109e-02
-9.606586896647724139e-01 2.734960453589710960e-01 4.831989215101335777e-02
-9.598629911210194710e-01 2.759779552529116886e-01 4.999223292432497523e-02
-9.584844577765228024e-01 2.811799732405803054e-01 4.738547875577204388e-02
-9.564194929790238442e-01 2.895084244400579765e-01 3.803474653631117725e-02
-9.543953982444475237e-01 2.961402481568741751e-01 3.782054396366198168e-02
-9.532625329745679776e-01 2.994098318934725889e-01 4.055011928686907963e-02
-9.527159245483709515e-01 3.017814185065712529e-01 3.550153311192793398e-02
-9.509853990456800243e-01 3.075183136234148074e-01 3.254648789450498292e-02
-9.503695645965174466e-01 3.099119992535828150e-01 2.742735257531658116e-02
-9.491166083506661355e-01 3.139245623466781487e-01 2.508085275230312675e-02
-9.478513124824384795e-01 3.179849495476742560e-01 2.152852658281377562e-02
-9.489149763564089790e-01 3.151222279524477643e-01 1.607374655284176182e-02
-9.479731602581423777e-01 3.179755783717769790e-01 1.544134768045346030e-02
-9.469268175809322230e-01 3.211500859886274317e-01 1.386508614807645257e-02
-9.448877135131462657e-01 3.273824299017846218e-01 2.823009384236904035e-03
-9.453196741003784265e-01 3.261070917018973336e-01 4.989432059567778903e-03
-9.446035725088444135e-01 3.281558902314044013e-01 6.149670788361259396e-03
-9.453907379626410590e-01 3.259368701574318905e-01 -1.235031397954427373e-03
-9.459659203994698062e-01 3.242422315332640914e-01 -3.933039311820736919e-03
-9.459750531739767876e-01 3.241126939687536401e-01 -9.065124103221650770e-03
-9.466060136073003450e-01 3.221994133378966452e-01 -1.116284750988105583e-02
-9.471898846133109950e-01 3.204221575359066376e-01 -1.268777214966220618e-02
-9.483812352349005881e-01 3.169182965738759905e-01 -1.165512903566826367e-02
-9.485018828660078949e-01 3.164242347865129368e-01 -1.482895640635189041e-02
-9.491696395976015888e-01 3.143952671619212880e-01 -1.525212668910594198e-02
-9.506341406997048660e-01 3.097281839949880822e-01 -1.905777548565536564e-02
-9.516707307556486750e-01 3.065332533306511231e-01 -1.897896349195670601e-02
-9.530851496796964861e-01 3.022699771420170878e-01 -1.617326663069431139e-02
-9.538810922425476901e-01 2.997693682339951371e-01 -1.578619356445334562e-02
-9.549457724719828677e-01 2.963374128595983037e-01 -1.620881098450889859e-02
-9.564322471464018482e-01 2.912718065092670394e-01 -1.995263326348293426e-02
-9.561639851894334630e-01 2.919309271283550555e-01 -2.295176317473057032e-02
-9.577556675407896680e-01 2.867538134617132473e-01 -2.182539733046438141e-02
-9.594413546127518178e-01 2.811276037096130387e-01 -2.096601215981773458e-02
-9.603876959282455772e-01 2.778672373454416089e-01 -2.110185054574873972e-02
-9.594833205175926638e-01 2.809865683756954113e-01 -2.093614629937290417e-02
-9.595987198126475493e-01 2.805988442843789787e-01 -2.084710293866510675e-02
-9.591779660228436644e-01 2.823298668917632592e-01 -1.635518171032828566e-02
-9.595659873684720953e-01 2.809754670364170703e-01 -1.690914016005443804e-02
-9.600363790082709903e-01 2.794314227523659322e-01 -1.575586118810979458e-02
-9.607308881953821045e-01 2.773007508841788815e-01 -1.002348378235770436e-02
-9.605572850020760445e-01 2.777407710070449176e-01 -1.377615907379168420e-02
-9.601456654343402120e-01 2.792740619483147779e-01 -1.123902506299809256e-02
-9.610329994281717747e-01 2.760859615962824587e-01 -1.386117231263930480e-02
-9.609199413837308246e-01 2.762855711491291055e-01 -1.729640754061525371e-02
-9.603509402803789285e-01 2.779593958508895235e-01 -2.155602018857692703e-02
-9.628555327303744971e-01 2.692932000410648286e-01 -1.975883880734791848e-02
-9.638932162601788756e-01 2.657115750036567192e-01 -1.752834002258275153e-02
-9.634294450695903844e-01 2.673895384606971293e-01 -1.750871903160146348e-02
-9.643634462097301352e-01 2.636985413061926908e-01 -2.159257060796152330e-02
-9.647253503059550761e-01 2.621851909137405401e-01 -2.374742815414645700e-02
-9.652675159704844354e-01 2.596078458950524803e-01 -2.936673852708894875e-02
-9.663691010904217338e-01 2.548360549334530156e-01 -3.448712959909908116e-02
-9.678158488916648317e-01 2.491536394984505964e-01 -3.542545878136196119e-02
-9.684447708259871224e-01 2.461239849960818737e-01 -3.921385595711755767e-02
-9.696242840318508582e-01 2.405413082823789905e-01 -4.436939980823752933e-02
-9.717104288803305456e-01 2.322276370980211890e-01 -4.300213647275711454e-02
-9.732822424729296040e-01 2.260520903294325756e-01 -4.027586915213309665e-02
-9.746552766172625892e-01 2.192418009787784616e-01 -4.449877989540086676e-02
-9.756583943501044853e-01 2.137166938469712008e-01 -4.915169878740278941e-02
-9.777350097030541587e-01 2.042005505478481087e-01 -4.833635389414981526e-02
-9.784531098141755479e-01 2.008535655924368890e-01 -4.782650130183597331e-02
-9.802292898490324591e-01 1.921562989849585901e-01 -4.718594267874449272e-02
-9.818084270168019323e-01 1.844154783652196816e-01 -4.520133838407737470e-02
-9.831386287200521990e-01 1.773465338877570907e-01 -4.457197141772320514e-02
-9.851546428740574068e-01 1.652294364139304805e-01 -4.657875162538545333e-02
-9.864685791565345196e-01 1.578781768860459400e-01 -4.420679392316718276e-02
-9.877610234501356112e-01 1.493111921840715173e-01 -4.510371938222369065e-02
-9.889781768412512220e-01 1.406306024005560817e-01 -4.631648234647517404e-02
-9.894967705613785247e-01 1.357759383801638020e-01 -4.960899967444157288e-02
-9.906514113157869339e-01 1.271707546979624626e-01 -4.937000749016088458e-02
-9.924336311102686103e-01 1.101708383789905543e-01 -5.420232303077714836e-02
-9.929933709822581500e-01 1.043637808632103398e-01 -5.542909043077734466e-02
-9.938545498401667455e-01 9.585256916592359289e-02 -5.536638312050844168e-02
-9.945868667697462806e-01 8.851841216108581600e-02 -5.441941512987224366e-02
-9.956632150009093740e-01 7.764846792716324775e-02 -5.123958494401335828e-02
-9.962083369514656006e-01 6.849304837333546059e-02 -5.364391236252077227e-02
-9.963449722304321687e-01 6.391909444565904708e-02 -5.666624534658883106e-02
-9.972164538040425574e-01 5.105253906097943079e-02 -5.434151331887135394e-02
-9.976452740362771188e-01 4.399757070675074100e-02 -5.261310188129741244e-02
-9.981546716635429917e-01 3.098412247529231181e-02 -5.222310881219161677e-02
-9.984620207990181351e-01 1.880588340847725790e-02 -5.215313289170436795e-02
-9.981547742939453904e-01 1.167784719716614787e-02 -5.958768792500505201e-02
-9.980891819439698942e-01 1.310994086050249613e-03 -6.177608294686825346e-02
-9.978664464259809908e-01 -7.465034363798814590e-03 -6.486021034897923587e-02
-9.979948387989199254e-01 -1.669312414364657396e-02 -6.105456437332064390e-02
-9.977907296007879623e-01 -2.184058678070710871e-02 -6.274286644021215276e-02
-9.975141910348439556e-01 -2.973827746183368981e-02 -6.388342645692574040e-02
-9.973100393785263584e-01 -3.690476550897679731e-02 -6.333042120249859908e-02
-9.968931242410210558e-01 -4.510866990048589126e-02 -6.457031370802228387e-02
-9.958084116228459459e-01 -5.677143916031152093e-02 -7.171213477653758106e-02
-9.951568406733826144e-01 -6.910482700198955497e-02 -6.990997444159004204e-02
-9.943462077766208607e-01 -7.844319841341651500e-02 -7.157026593239934620e-02
-9.934921518697777953e-01 -8.575988159549011169e-02 -7.495736352538670544e-02
-9.927103355650546135e-01 -9.584834905650221892e-02 -7.307053474460678544e-02
-9.914622448780954223e-01 -1.045884374344413087e-01 -7.787101712419099153e-02
-9.899858215215434631e-01 -1.200158714247651082e-01 -7.432552040179304931e-02
-9.888070727092292955e-01 -1.311704513615813694e-01 -7.109785284819318540e-02
-9.880081666886263436e-01 -1.387060327261410153e-01 -6.782711786307828172e-02
-9.871534606637247800e-01 -1.453810449047397146e-01 -6.627530267738877823e-02
-9.861576553388538002e-01 -1.513383092519759165e-01 -6.774816519110218871e-02
-9.838496776682693623e-01 -1.623139839892957237e-01 -7.545860833450902805e-02
-9.814455623418055774e-01 -1.788104416819675802e-01 -6.922031888438473501e-02
-9.796155680992267856e-01 -1.881676390813415145e-01 -7.032991412623609828e-02
-9.767808195473927091e-01 -2.022421272143691551e-01 -7.069208604592254475e-02
-9.746650188967053152e-01 -2.127430105785974579e-01 -6.905454969882107719e-02
-9.733614674159629665e-01 -2.198136159657080313e-01 -6.518777701760801457e-02
-9.696086639576552146e-01 -2.355245309255384889e-01 -6.623633796424847897e-02
-9.675031475565128991e-01 -2.429987886453376378e-01 -6.992329230268652662e-02
-9.647190178131485050e-01 -2.546284024832223269e-01 -6.694484109523721194e-02
-9.612944857891505546e-01 -2.674575495967319028e-01 -6.617695261566654275e-02
-9.600746361121814676e-01 -2.737821507838496538e-01 -5.744601955193925219e-02
-9.583771341266924537e-01 -2.796946959697353963e-01 -5.730762582986317910e-02
-9.566779904675601909e-01 -2.866542931185739329e-01 -5.095642365087320325e-02
-9.539358114506163444e-01 -2.962747666373368727e-01 -4.719903006314555421e-02
-9.520149715894544729e-01 -3.035832145879836519e-01 -3.879102432072314977e-02
-9.507263031505851503e-01 -3.075704716590706989e-01 -3.898614299169633063e-02
-9.473653341837365849e-01 -3.175511948491244185e-01 -4.074530822946907660e-02
-9.453783880367474524e-01 -3.233092574571343469e-01 -4.160343057316667065e-02
-9.437855801061220129e-01 -3.277570516374970211e-01 -4.294312390736501617e-02
-9.418599836224775812e-01 -3.338953081711873994e-01 -3.759936199603827051e-02
-9.382406617577220276e-01 -3.444599696818764767e-01 -3.243157827751794176e-02
-9.356708763188233968e-01 -3.512975848822538216e-01 -3.331719425771276916e-02
-9.323089331102812904e-01 -3.605330698110598697e-01 -2.856529389024745416e-02
-9.290212872990201154e-01 -3.690301164097283260e-01 -2.713370712543227217e-02
-9.255907425176995718e-01 -3.776648147194032745e-01 -2.551631133451282354e-02
-9.249002649289657096e-01 -3.795846725173309677e-01 -2.179434215008476186e-02
-9.233077531486312273e-01 -3.836275856509340776e-01 -1.823966590799106988e-02
-9.230169093722760953e-01 -3.845932244463711736e-01 -1.130723868879502866e-02
-9.232486939449151553e-01 -3.841602526725816924e-01 -5.724190692265304636e-03
-9.236390149009175987e-01 -3.832408176617815854e-01 -4.178851661015914667e-03
-9.239493244431933316e-01 -3.825100340141451283e-01 1.933074091776388476e-03
-9.230361618064498730e-01 -3.845596318602605423e-01 1.086970961374388381e-02
-9.222114180119590499e-01 -3.864022934134320741e-01 1.481165529284223653e-02
-9.219480461987131781e-01 -3.867993334344076439e-01 1.995226305956847995e-02
-9.237425150875741009e-01 -3.824666467764367139e-01 2.047063683239453910e-02
-9.249992351939535506e-01 -3.790726804229346270e-01 2.608323412173304753e-02
-9.260809765337328914e-01 -3.758660866383601862e-01 3.314705639695532391e-02
-9.282380771153768695e-01 -3.707172562969004437e-01 3.070513963037534502e-02
-9.288013702782355052e-01 -3.689689011924149331e-01 3.449611707486175544e-02
-9.301181924125412337e-01 -3.656385456044264348e-01 3.447636411327997807e-02
-9.301395431382197820e-01 -3.649344283898117713e-01 4.078370877517746573e-02
-9.317099056018841585e-01 -3.611847560399407686e-01 3.823926561238444322e-02
-9.340179250610670669e-01 -3.548080332382024249e-01 4.149449298358939830e-02
-9.350518734171311408e-01 -3.515399383467319727e-01 4.580047541495824159e-02
-9.368804328181306040e-01 -3.459853185697949196e-01 5.048991842043330791e-02
-9.398691911796015486e-01 -3.372083890352373103e-01 5.418878027717799473e-02
-9.425659028139210527e-01 -3.303346887531954934e-01 4.948262519132907294e-02
-9.445889869099497460e-01 -3.239034897398430091e-01 5.327469610112692266e-02
-9.457500998832976125e-01 -3.197498651017169902e-01 5.759158369553822598e-02
-9.480389410929753735e-01 -3.115580538277238909e-01 6.444970096025794126e-02
-9.506311655233992131e-01 -3.026796914439343622e-01 6.845005635716173986e-02
-9.534695560711311524e-01 -2.927670859962928640e-01 7.199484728600827332e-02
-9.557559240204041018e-01 -2.854101645293213307e-01 7.121566318372819782e-02
-9.577718590046253588e-01 -2.779856829534058660e-01 7.346458487070556265e-02
-9.611738046890566656e-01 -2.666198973228758873e-01 7.112500539316375658e-02
-9.638899642720238914e-01 -2.561671556415222595e-01 7.276361885476642644e-02
-9.643758618826598905e-01 -2.528820047350782696e-01 7.765248172885462485e-02
-9.671567915661024584e-01 -2.399284568438445620e-01 8.391719724380378165e-02
-9.704193103073250892e-01 -2.281199825361903966e-01 7.904211239470965156e-02
-9.727202989826119195e-01 -2.193680231162488115e-01 7.545137541312173235e-02
-9.744359726717564119e-01 -2.106011675590946375e-01 7.824131352204111156e-02
-9.769247636094345877e-01 -1.977789833824942778e-01 8.063187883195402361e-02
-9.788305909174003228e-01 -1.887800738140136547e-01 7.907450799263948671e-02
-9.815030800587720705e-01 -1.725726745169848253e-01 8.288784995107779940e-02
-9.838898527304640318e-01 -1.585938750416980292e-01 8.251521253837769410e-02
-9.856243181186518099e-01 -1.457744652554339437e-01 8.540801295812641691e-02
-9.869375257621214592e-01 -1.377875367457670475e-01 8.348014578632621807e-02
-9.889909649607402375e-01 -1.265963698000872328e-01 7.661755636905541456e-02
-9.902864069491374988e-01 -1.155731063462950708e-01 7.730270994706968379e-02
-9.919311155560600612e-01 -9.937327981562860124e-02 7.872504658728413096e-02
-9.937369480375709552e-01 -8.605827209830635427e-02 7.128023023563483107e-02
-9.944232039710639848e-01 -8.016249465551267273e-02 6.853090617503002080e-02
-9.951243012179312730e-01 -7.194914162230811594e-02 6.746084294475410137e-02
-9.962129066530795996e-01 -5.534635149083819150e-02 6.705702924988292402e-02
-9.968081126646251011e-01 -4.769452491171605885e-02 6.402216720829066732e-02
-9.968614945982448017e-01 -3.572141591977510966e-02 7.064814491546413111e-02
-9.972349962456313888e-01 -2.183309331490078387e-02 7.103307464167921137e-02
-9.977049616140952759e-01 -1.023400273936287373e-02 6.693350245295304202e-02
-9.977494761747260910e-01 -2.780022932803397941e-03 6.699457636276597017e-02
-9.974140128807202910e-01 6.885232952941863251e-03 7.153949678262698508e-02
-9.970906673907679041e-01 2.020245268541536951e-02 7.349885214758603014e-02
-9.964399360917246540e-01 3.722486311501760348e-02 7.564246756483947176e-02
-9.952492326120745414e-01 5.689580112108785781e-02 7.900539639499681854e-02
-9.947600251967092522e-01 6.393912542695970314e-02 7.977656535851961050e-02
-9.944370798802526501e-01 7.305861468348118226e-02 7.587722067833485573e-02
-9.936245392072532434e-01 8.554818875650975485e-02 7.342889109683674309e-02
-9.930033604502288558e-01 9.528419651518005296e-02 6.975146935582754448e-02
-9.918813503045417201e-01 1.078954800686123677e-01 6.730506290053712981e-02
-9.903076921499490703e-01 1.207186836286312376e-01 6.868546837698587260e-02
-9.901047005092394881e-01 1.255336276549972596e-01 6.272168226056258622e-02
-9.890037328434495567e-01 1.352559421554224428e-01 5.981191738810731628e-02
-9.867475942702642611e-01 1.483182354973953121e-01 6.580961527201509287e-02
-9.856490908829956821e-01 1.568366418799600759e-01 6.243521788663905503e-02
-9.837567696155035124e-01 1.686769510146176598e-01 6.140621632111176870e-02
-9.810097607040811907e-01 1.811688971963175410e-01 6.926542724469238188e-02
-9.791874589115074912e-01 1.923891199686232623e-01 6.464028117282606678e-02
-9.777132519484306172e-01 1.995138548514472365e-01 6.535317793386130614e-02
-9.763898680817336695e-01 2.065249949970778265e-01 6.332670093566904190e-02
-9.737269525418562610e-01 2.182563671914125036e-01 6.496152183583309148e-02
-9.725335527620299070e-01 2.255661059629430476e-01 5.743204189230460138e-02
-9.705475829099171614e-01 2.335395557077383499e-01 5.913276680754649822e-02
-9.694429094681640269e-01 2.390448214791244808e-01 5.511839443790646914e-02
-9.667556653490644303e-01 2.490438330495321206e-01 5.797129847706189443e-02
-9.647524344581190903e-01 2.564600968730101349e-01 5.899981074242314355e-02
-9.606725818550470031e-01 2.708630135500531000e-01 6.116728867550871862e-02
-9.571546210607406735e-01 2.818669619536490756e-01 6.637820820262289867e-02
-9.541320323227069355e-01 2.912156376299516736e-01 6.946608442479973444e-02
-9.526287027460713652e-01 2.979696416277518578e-01 6.093165715615989075e-02
-9.508784901732657557e-01 3.035861213660396296e-01 6.054406079792694351e-02
-9.475402679621115487e-01 3.131982400520128551e-01 6.383042011091502599e-02
-9.457242002508752243e-01 3.196135840734735112e-01 5.876149552707095325e-02
-9.427848331585285679e-01 3.285273649334022328e-01 5.680271270775560238e-02
-9.388114092157283652e-01 3.400046232978888860e-01 5.504555581584251456e-02
-9.360503390778159849e-01 3.473705460890817442e-01 5.606679589944771336e-02
-9.340009250928018592e-01 3.536831771754155307e-01 5.050248644973838463e-02
-9.316197463863906680e-01 3.601883876356629099e-01 4.846640618413539103e-02
-9.293571726791588494e-01 3.666179860576167515e-01 4.343404940815445009e-02
-9.286256832644904646e-01 3.687388543366539317e-01 4.106113026791403248e-02
-9.245154390898644436e-01 3.782863383823820702e-01 4.659043136470965296e-02
-9.226911550736608403e-01 3.823671166533940680e-01 4.936030497208172829e-02
-9.190650044033779054e-01 3.910800364750618430e-01 4.874363537932224072e-02
-9.178025041628711245e-01 3.942345457963025157e-01 4.709252028966420811e-02
-9.138803078671010605e-01 4.033295268190715266e-01 4.634754438772792362e-02
-9.102550772904056675e-01 4.113515291408815222e-01 4.717661464473209276e-02
-9.065753787960636467e-01 4.195685789249796738e-01 4.564328324576645557e-02
-9.065455082580886614e-01 4.201692065014763222e-01 4.041161400888546029e-02
-9.037516799824583114e-01 4.260915409607445858e-01 4.097461208099433677e-02
-9.004969421010687869e-01 4.331642287726932272e-01 3.839306283240358914e-02
-8.986738935548010954e-01 4.369577062985594007e-01 3.812105772198423614e-02
-8.969401674313502992e-01 4.411907409848588313e-01 2.913906569812649630e-02
-8.955890010451170724e-01 4.440343652198240898e-01 2.745619682653131777e-02
-8.951811420489302895e-01 4.451474243205440495e-01 2.223763897688794261e-02
-8.908234297006693003e-01 4.540034777466555593e-01 1.773352817847992716e-02
-8.925798601412785471e-01 4.505004397090284773e-01 1.872340243767210352e-02
-8.893487158322465058e-01 4.568094907057105858e-01 1.959514138806346326e-02
-8.856695690557240264e-01 4.640069739748369781e-01 1.693992971448138318e-02
-8.842991927695534882e-01 4.666273101744606300e-01 1.655021850941617093e-02
-8.828771020424530658e-01 4.694722194315629205e-01 1.112998180680371471e-02
-8.847524368540911066e-01 4.659394262581440516e-01 1.065810334430046004e-02
-8.840338428560015060e-01 4.674132817455551314e-01 3.001221277636209259e-03
-8.832389489536095484e-01 4.689194489155324441e-01 -1.878319275548625406e-03
-8.847097453866276107e-01 4.661000906701607271e-01 -6.276189614027691266e-03
-8.852002307131423553e-01 4.650682012616145777e-01 -1.149514814197721488e-02
-8.841855723993047311e-01 4.669514890366140980e-01 -1.312246645889549729e-02
-8.861034013147340849e-01 4.631067457222596828e-01 -1.878624665757534437e-02
-8.857126284178319375e-01 4.638972107555809909e-01 -1.767870297140465563e-02
-8.874340397125762836e-01 4.605777352572459349e-01 -1.813818590185853688e-02
-8.898973478045366647e-01 4.558008019805173672e-01 -1.812065470875015918e-02
-8.916630308621793510e-01 4.522387499579818004e-01 -2.042477219564938634e-02
-8.927341729155745531e-01 4.502200547129179276e-01 -1.810021366209035865e-02
-8.929418713354617676e-01 4.497618313088755926e-01 -1.921271476664102723e-02
-8.956005022149935435e-01 4.443520583099431209e-01 -2.123693978105405805e-02
-9.009021194420732126e-01 4.334214225311742719e-01 -2.283113539470716519e-02
-9.023622116238372293e-01 4.302449012186441157e-01 -2.513529604792240704e-02
-9.062509234022870785e-01 4.217474242194820810e-01 -2.895502052963896608e-02
-9.115554852577900657e-01 4.098358863393674612e-01 -3.318377656964006939e-02
-9.137986033115764739e-01 4.040445333728244770e-01 -4.147466369622623827e-02
-9.164554325309134386e-01 3.974171684717908160e-01 -4.657311062196458490e-02
-9.206780215454916094e-01 3.868354773512935885e-01 -5.206068478816745781e-02
-9.223318544740206626e-01 3.817829998837184990e-01 -5.954588489266003648e-02
-9.229911011534555065e-01 3.806767396000154680e-01 -5.632644395970714396e-02
-9.254888352337875546e-01 3.738830856104317091e-01 -6.067845910281340072e-02
-9.297816048061726679e-01 3.623291158592453209e-01 -6.499077330769487126e-02
-9.352100807961083451e-01 3.477315527557483521e-01 -6.681985949337389263e-02
-9.385170291935558406e-01 3.382807968641030061e-01 -6.893409935450461878e-02
-9.398452203631652013e-01 3.340346217451499733e-01 -7.149723694651120842e-02
-9.420851949507028644e-01 3.266971592433234872e-01 -7.579230473754762498e-02
-9.443797926994789149e-01 3.184457868098516942e-01 -8.209208226356576321e-02
-9.477444651505243511e-01 3.072839626644809363e-01 -8.577305707716249839e-02
-9.508972379669211605e-01 2.981661722663089265e-01 -8.301444812731864631e-02
-9.555191210440034943e-01 2.826011637687860789e-01 -8.437898876852888141e-02
-9.571516786207266980e-01 2.759389396609430722e-01 -8.785435702155995619e-02
-9.595792381518667424e-01 2.652184476363914079e-01 -9.416413010414452500e-02
-9.634536328178250342e-01 2.505240985865395675e-01 -9.484089929953429254e-02
-9.664553715414395674e-01 2.386968707837060222e-01 -9.480422690421164145e-02
-9.685211424298734162e-01 2.289416113017828935e-01 -9.773718895346404645e-02
-9.719990222134607949e-01 2.116964144509357881e-01 -1.019929022226732096e-01
-9.757941541455902312e-01 1.926891137509784413e-01 -1.034248403273352740e-01
-9.786186379786616651e-01 1.771547973813139831e-01 -1.045072375461978814e-01
-9.816308000163861402e-01 1.597151729594619707e-01 -1.043650300805277348e-01
-9.842513765769028700e-01 1.433479124507047453e-01 -1.034438357449240370e-01
-9.861977242998348769e-01 1.257504078391779578e-01 -1.077075084743930045e-01
-9.878554503723538938e-01 1.118745884112865296e-01 -1.078225835006694222e-01
-9.896320564653384722e-01 9.620958443025556805e-02 -1.066402012827699919e-01
-9.907058380275971521e-01 7.981136424773453697e-02 -1.101458689265124719e-01
-9.926375616751396125e-01 5.516148044717418542e-02 -1.078327678431833941e-01
-9.931040086106672771e-01 4.131446138771040222e-02 -1.097158466650382524e-01
-9.936354550207149305e-01 2.032464659272224111e-02 -1.107949236530257620e-01
-9.937705379966195185e-01 3.132569291291430191e-03 -1.114016549674188422e-01
-9.941021846757687186e-01 -1.892572990982612641e-02 -1.067833619092902475e-01
-9.935100975248417621e-01 -3.642119226916019914e-02 -1.077553071033446608e-01
-9.936350611641402431e-01 -5.248364756798963582e-02 -9.967374091810936310e-02
-9.927570001154428780e-01 -6.698835824996360322e-02 -9.973024241091982267e-02
-9.912053625807620838e-01 -8.304694784046770528e-02 -1.030298821980526192e-01
-9.901931687438956242e-01 -9.413204836840775858e-02 -1.032311437428512918e-01
-9.890404945981428053e-01 -1.104517530648224249e-01 -9.797618430560083025e-02
-9.872813977312127065e-01 -1.226416587460738700e-01 -1.011656458541151521e-01
-9.844034906685966702e-01 -1.435979065913403074e-01 -1.016338104991655333e-01
-9.820136441578679598e-01 -1.624010856671826153e-01 -9.630738461555424235e-02
-9.796422878817760971e-01 -1.790720048100278017e-01 -9.074263767166691752e-02
-9.773276716369978523e-01 -1.909471200388091205e-01 -9.148683559766061790e-02
-9.751310808715358824e-01 -2.040674348993641030e-01 -8.646315989874751862e-02
-9.714246692498827995e-01 -2.208181606030771849e-01 -8.702570245221147305e-02
-9.669126747242262621e-01 -2.389952288591740137e-01 -8.922545195850965782e-02
-9.632504074648744474e-01 -2.540349290371466950e-01 -8.726355628191162506e-02
-9.598926487390513351e-01 -2.667824865302989013e-01 -8.621617386079243051e-02
-9.551783942096808699e-01 -2.828303353692872557e-01 -8.741428762332285884e-02
-9.510600944521523381e-01 -2.976131611350728567e-01 -8.313316969425769976e-02
-9.463033077824059003e-01 -3.138698442491054119e-01 -7.743249528563729556e-02
-9.420020852630108799e-01 -3.272998473192144653e-01 -7.420850369738453411e-02
-9.386459607570813990e-01 -3.382923186642474711e-01 -6.709760207014665856e-02
-9.363435675555481508e-01 -3.457274008555411005e-01 -6.110080370873605116e-02
-9.353993052358553495e-01 -3.485138547445572055e-01 -5.971811459502975733e-02
-9.314859082474442609e-01 -3.588894139800195004e-01 -5.943409501664390776e-02
-9.303308583492174710e-01 -3.623379403709503510e-01 -5.653079999048899601e-02
-9.283716745946760662e-01 -3.672882713935639587e-01 -5.679242814981591558e-02
-9.272974180824554713e-01 -3.697481480881665838e-01 -5.835945343367202748e-02
-9.236789773463205400e-01 -3.795684299843012366e-01 -5.239249950040368586e-02
-9.212319821957545285e-01 -3.857027063115888721e-01 -5.064659446960615569e-02
-9.159889136674459476e-01 -3.980221894014854267e-01 -5.042486474788085427e-02
-9.133080027804026946e-01 -4.038352078646695875e-01 -5.277913590846856906e-02
-9.106133155965339121e-01 -4.101821584046599356e-01 -5.033891659695965276e-02
-9.107850759021258735e-01 -4.102864358793175126e-01 -4.621261947664475483e-02
-9.067478503972851156e-01 -4.199335186183997259e-01 -3.826481632210432249e-02
-9.049072101977622129e-01 -4.242088158335850512e-01 -3.449408574891926760e-02
-9.032111383117790160e-01 -4.281459300316350358e-01 -3.001203951061848230e-02
-9.025400223889045170e-01 -4.296972910207303986e-01 -2.796008517078159630e-02
-9.002082750592925731e-01 -4.345972547627450777e-01 -2.739174943239060592e-02
-8.977120188283795876e-01 -4.398011810369426566e-01 -2.623113884295840553e-02
-8.960434027551019698e-01 -4.430672389565170066e-01 -2.824291752977777653e-02
-8.945263212698210120e-01 -4.459493538407597324e-01 -3.085214195342860649e-02
-8.935978060931405453e-01 -4.479847596482841032e-01 -2.815379820830120686e-02
-8.927242660664267415e-01 -4.497287525737632130e-01 -2.806161379705361669e-02
-8.956268623640826210e-01 -4.442751448811173010e-01 -2.172877017152856013e-02
-8.933786087547239685e-01 -4.490314293288538150e-01 -1.566707293164976839e-02
-8.938392331452390538e-01 -4.482466495367004589e-01 -1.124218717522621966e-02
-8.910845442445495257e-01 -4.537214200848393997e-01 -1.025808059344083915e-02
-8.893898815518784806e-01 -4.571311875189944529e-01 -4.091001787932709022e-03
-8.883032137980712006e-01 -4.592558581093822423e-01 1.215513228554868271e-03
-8.893875903941316219e-01 -4.571529843955279837e-01 -9.398031715282541797e-04
-8.885918956262154333e-01 -4.586986213522943889e-01 1.952463981439664115e-04
-8.901983966150894823e-01 -4.555366106761942202e-01 5.764664102866438530e-03
-8.925073975286357264e-01 -4.509046780694031531e-01 1.074882416836831465e-02
-8.937243696261234494e-01 -4.482457817577366055e-01 1.823433553512430333e-02
-8.955858945635909452e-01 -4.442817592698938833e-01 2.323025298727205215e-02
-8.997656013872572522e-01 -4.354883415025890270e-01 2.778106854118134877e-02
-9.002540143302060205e-01 -4.343540446084848128e-01 2.965289906276367266e-02
-9.017562267618014493e-01 -4.310470625111195164e-01 3.215833091185221065e-02
-9.057588893820863740e-01 -4.225733005904991346e-01 3.213503979272973321e-02
-9.078015944872254162e-01 -4.177678490553568547e-01 3.696363485008458821e-02
-9.111543762314729955e-01 -4.102508572138328091e-01 3.862587054942730191e-02
-9.138985748781537355e-01 -4.038624067772998982e-01 4.104354244462053020e-02
-9.171749191327100981e-01 -3.961918952852706566e-01 4.268689507364267083e-02
-9.210752365066300351e-01 -3.868744072530228562e-01 4.414320987244141348e-02
-9.236028540767778905e-01 -3.800886422497828931e-01 4.990404426794501497e-02
-9.274453030816719457e-01 -3.711921506929845571e-01 4.540505116529461316e-02
-9.282304003778693025e-01 -3.690057613545668636e-01 4.714969294971900482e-02
-9.302599349953258878e-01 -3.633919491110474409e-01 5.062377333081963249e-02
-9.333300138877652641e-01 -3.554433599830564283e-01 5.054824209418312675e-02
-9.357426802777208952e-01 -3.490090824197196739e-01 5.077714505115774740e-02
-9.379356509052224622e-01 -3.421137120378957008e-01 5.687657523138937160e-02
-9.407999530389603571e-01 -3.326568776145717443e-01 6.507589648634949653e-02
-9.429341570483003032e-01 -3.252246707181612462e-01 7.144306326031808763e-02
-9.471149723943365073e-01 -3.116071848289209689e-01 7.664342074128982496e-02
-9.496218706257983921e-01 -3.036088573119871681e-01 7.771735400540756566e-02
-9.541421697011635006e-01 -2.894736434852653306e-01 7.627419052963779755e-02
-9.580079512956821697e-01 -2.765366836374777981e-01 7.581721592375094410e-02
-9.607497408464680255e-01 -2.648656296558922207e-01 8.249943369793030779e-02
-9.641162308587708507e-01 -2.520997446363625882e-01 8.322040080863468692e-02
-9.656977818402934233e-01 -2.431977627701403244e-01 9.100915265878410654e-02
-9.688270555726383737e-01 -2.307247227533893441e-01 9.022340155927802141e-02
-9.721470217017389448e-01 -2.143996036409775985e-01 9.467313322998134606e-02
-9.756120002906951694e-01 -1.979321373187576394e-01 9.489003065698364825e-02
-9.795537443021475887e-01 -1.780341436361254637e-01 9.369274024931266431e-02
-9.810778475977833812e-01 -1.691986064993361294e-01 9.411754554317898480e-02
-9.832004221473250594e-01 -1.558117701480063733e-01 9.507705333884060306e-02
-9.838694090044937113e-01 -1.509186216595500007e-01 9.604467492352103397e-02
-9.852117343231753255e-01 -1.417949541310354611e-01 9.618759517069457032e-02
-9.870913133083090152e-01 -1.269201716954830028e-01 9.768333190535863353e-02
-9.889842012589813436e-01 -1.117689727298599028e-01 9.704622834946212417e-02
-9.909405032628215704e-01 -9.451009642507486597e-02 9.541899469787545884e-02
-9.919165107353911104e-01 -8.176839607703598189e-02 9.703395876573306378e-02
-9.928501438244676791e-01 -6.501078817074168459e-02 1.001110064355446305e-01
-9.938765245995179187e-01 -4.919477176078090180e-02 9.894115668466292590e-02
-9.940353502307114342e-01 -3.203445892198930611e-02 1.042474990297075493e-01
-9.941796419324397949e-01 -1.434132448223312747e-02 1.067763607199923026e-01
-9.948084060380303351e-01 7.256886882956246898e-03 1.015066377353045224e-01
-9.946565228820820614e-01 2.001970887429707635e-02 1.012799948827556584e-01
-9.939901728139547421e-01 3.422867900898652477e-02 1.039805695330708463e-01
-9.928623297083180033e-01 4.983302006812508067e-02 1.083563101088272779e-01
-9.918313476051489053e-01 6.264977097863999589e-02 1.111107995645816554e-01
-9.911590667680801880e-01 7.549201909029432112e-02 1.091085925909705129e-01
-9.900112787054274888e-01 9.208562183990320893e-02 1.067610966773772097e-01
-9.886063626816051775e-01 1.058873313221860013e-01 1.069829810296203387e-01
-9.863425734474281503e-01 1.236039391375962082e-01 1.088596329997011392e-01
-9.826500152412526168e-01 1.471159718906486780e-01 1.129418630446730049e-01
-9.804086701868521825e-01 1.625533586239337469e-01 1.112441952917204574e-01
-9.777090249751183570e-01 1.780018087877968114e-01 1.113572832248514999e-01
-9.748190063547880202e-01 1.902933678568309028e-01 1.162599043026248669e-01
-9.707438810431024967e-01 2.108527347628546822e-01 1.148802317658987049e-01
-9.669319802297369204e-01 2.252643625013276418e-01 1.195764997259428641e-01
-9.626063565494706875e-01 2.433860474755055459e-01 1.189632755143252701e-01
-9.578692845091478780e-01 2.637811251606610452e-01 1.136044804484564186e-01
-9.530590838776890061e-01 2.822884775168169602e-01 1.095062717389855556e-01
-9.492579754016003957e-01 2.958487401937697214e-01 1.066904138130009144e-01
-9.453230910182159885e-01 3.076247387606363404e-01 1.083111217809311910e-01
-9.393949995962010968e-01 3.272195224011088532e-01 1.022958626542255223e-01
-9.341438007440306945e-01 3.420797708693530947e-01 1.017684355652588163e-01
-9.309560126042915051e-01 3.514574340624977977e-01 9.898787358514653245e-02
-9.261629995635283219e-01 3.637565792984903124e-01 9.951519377897283247e-02
-9.218126212833969158e-01 3.754872210015214318e-01 9.628531800804017438e-02
-9.155134373469280273e-01 3.915015117165867586e-01 9.252965137856553057e-02
-9.090570024070788735e-01 4.065163399402318967e-01 9.143224634452237765e-02
-9.036400453696794566e-01 4.180387407714510895e-01 9.315741297997649772e-02
-8.991331706535179435e-01 4.287237345956257384e-01 8.806545622164373144e-02
-8.932878452197157149e-01 4.417379714993776574e-01 8.309280034264844572e-02
-8.875412010515907335e-01 4.542184694302469627e-01 7.717655965041136934e-02
-8.844158332257089361e-01 4.610956127706590246e-01 7.210750617842234811e-02
-8.770155875483155450e-01 4.763628893729528468e-01 6.262650149509668696e-02
-8.724991742888590363e-01 4.847909064961216652e-01 6.101630644135141307e-02
-8.672655027359696955e-01 4.944600767163739863e-01 5.796379851554268187e-02
-8.605820077299434212e-01 5.059256961629444715e-01 5.863292235280565673e-02
-8.558198914761226961e-01 5.142319369230079484e-01 5.601651491929182658e-02
-8.510689818806542739e-01 5.222789191417543941e-01 5.391048389190229023e-02
-8.477663665776072888e-01 5.278039242993872726e-01 5.210783744640183623e-02
-8.435020816734767335e-01 5.349202805878381373e-01 4.862667067324488029e-02
-8.400938508265421989e-01 5.404731284110276812e-01 4.616427893617294081e-02
-8.378080535562716369e-01 5.440069750036549134e-01 4.619629774301621528e-02
-8.329451942306592693e-01 5.517719813543636720e-01 4.183306632515603612e-02
-8.283718269310559323e-01 5.589266719075611789e-01 3.743144277258460273e-02
-8.267442968248721602e-01 5.618249456887428606e-01 2.909672188920347374e-02
-8.231207065406885848e-01 5.672472299515141092e-01 2.651233161002188726e-02
-8.217196618121048735e-01 5.692527395708018023e-01 2.698401453660002891e-02
-8.173475989091519844e-01 5.757585847292480130e-01 2.109445035188436957e-02
-8.126139362555068191e-01 5.825201955733291248e-01 1.813376345934830658e-02
-8.117847451499775602e-01 5.837830104250082419e-01 1.424588813044530555e-02
-8.118701789330744489e-01 5.836807990268418900e-01 1.354837462922337324e-02
-8.120750098009525964e-01 5.834758448823441634e-01 9.494101676497140874e-03
-8.130731203555567888e-01 5.820489522828767859e-01 1.145160211560220659e-02
-8.115695275469104741e-01 5.841344565569600578e-01 1.191048739596310864e-02
-8.069197074900377187e-01 5.906163777743400622e-01 7.273303743359937033e-03
-8.028140321636898502e-01 5.962122660794696438e-01 4.537000624529769280e-03
-8.043433601706130309e-01 5.941645313291170627e-01 -5.381314227143043846e-04
-8.032762847609075108e-01 5.956028417340659686e-01 -2.118061474803415410e-03
-8.033962011953836857e-01 5.953978452566922597e-01 -7.481358958872893865e-03
-8.011893807525600764e-01 5.984030453149904449e-01 -3.064726434348413395e-03
-7.994642863615044615e-01 6.006660325171249148e-01 -7.562621499650355218e-03
-8.017826381795806201e-01 5.975222082055716699e-01 -1.057510349760046667e-02
-8.035612397082686487e-01 5.949123799808095914e-01 -1.919935651626605844e-02
-8.038724734717004328e-01 5.944895904125162556e-01 -1.926640579418724755e-02
-8.058657965342715945e-01 5.916011764504703896e-01 -2.425669232083504934e-02
-8.065536114017336500e-01 5.901713231142199367e-01 -3.419214299736058477e-02
-8.095603033737981402e-01 5.859503405270251042e-01 -3.569782945443546879e-02
-8.105424578408563230e-01 5.843845066033602764e-01 -3.893191370629876802e-02
-8.140318679793252521e-01 5.791215869061362431e-01 -4.438836613480856563e-02
-8.172529237772695465e-01 5.745435848594674377e-01 -4.469171325216487328e-02
-8.162350838502163697e-01 5.754894747283173517e-01 -5.071660497067954215e-02
-8.182844963818514117e-01 5.720657163949088853e-01 -5.613662697665296186e-02
-8.214351131306815157e-01 5.665756138584148172e-01 -6.508802200365547408e-02
-8.263682739153892509e-01 5.584666967385455427e-01 -7.232182648747531584e-02
-8.315181203148305222e-01 5.499456899191711434e-01 -7.834140583544511871e-02
-8.359032556579147899e-01 5.424772327076731182e-01 -8.357165399802299333e-02
-8.446062297007606023e-01 5.291015628337948362e-01 -8.180388143684674818e-02
-8.500635356562188383e-01 5.199556279776305079e-01 -8.389369692256382072e-02
-8.544831137895599893e-01 5.119393470801905099e-01 -8.818580124940038345e-02
-8.617586005564261686e-01 4.991981737969024002e-01 -9.040641672849378252e-02
-8.670747194858131612e-01 4.892072365054433991e-01 -9.411553122200203014e-02
-8.749448008143168032e-01 4.746359425639867236e-01 -9.587669348103700084e-02
-8.813249251836325904e-01 4.619980801150820882e-01 -9.911696757032993632e-02
-8.901870006795636892e-01 4.438256660349915728e-01 -1.028878279958113789e-01
-8.956056788845599970e-01 4.323100472199129518e-01 -1.048738015819311031e-01
-9.022564834570373504e-01 4.176784860635575081e-01 -1.071351650951873485e-01
-9.083709252647385046e-01 4.022682085341307556e-01 -1.142040904545714997e-01
-9.160787767474750654e-01 3.842222637931557716e-01 -1.147734752708904765e-01
-9.233101013089346498e-01 3.659190159739408310e-01 -1.166265601648082129e-01
-9.308262854329001357e-01 3.450035807025036982e-01 -1.205611063753363882e-01
-9.362437312217350982e-01 3.293694014171506534e-01 -1.223253769249391387e-01
-9.422710180755606846e-01 3.126017651146902332e-01 -1.200228699588162667e-01
-9.488718386048063946e-01 2.887660114773299425e-01 -1.275007871116952962e-01
-9.526576329607587823e-01 2.735235315745450646e-01 -1.327717546389788339e-01
-9.569161818719004176e-01 2.578013854688905870e-01 -1.336034930669076637e-01
-9.617769926677667280e-01 2.406104280608147850e-01 -1.307350941956481050e-01
-9.651841002446058804e-01 2.271759809475376590e-01 -1.296562872605408478e-01
-9.689531791643800629e-01 2.105943288809794811e-01 -1.295368354234956720e-01
-9.730320544515107528e-01 1.862248475396016123e-01 -1.361211022595225084e-01
-9.776698439320264944e-01 1.634413854529152554e-01 -1.320932110011246163e-01
-9.811625848021227059e-01 1.449894172070467502e-01 -1.276639230651198664e-01
-9.824446387838134953e-01 1.308579536726221515e-01 -1.329614770599227558e-01
-9.854532734366253655e-01 1.094715988043955812e-01 -1.299916980847863057e-01
-9.868959887583643731e-01 9.272195639253570654e-02 -1.320567031313870932e-01
-9.884179166056263899e-01 7.070397744097624282e-02 -1.342795454547580924e-01
-9.892429400719102706e-01 5.766409189954545267e-02 -1.344369170251579204e-01
-9.894255947681538377e-01 3.967954708490705612e-02 -1.395082532489627103e-01
-9.902817974563542514e-01 2.347109331622426048e-02 -1.370806184525710791e-01
-9.906797203981709821e-01 1.765050503560613993e-03 -1.362005968974731307e-01
-9.900106052176009808e-01 -1.365897852141308676e-02 -1.403298273747376201e-01
-9.897252543302433869e-01 -3.948298406498566837e-02 -1.374228561525743797e-01
-9.889412371704630056e-01 -6.102506721717779192e-02 -1.351709901514324685e-01
-9.866742621405653058e-01 -8.620104639379341793e-02 -1.379974864611210050e-01
-9.845055713675232578e-01 -1.087872101953346882e-01 -1.375287207873460149e-01
-9.822876175092049023e-01 -1.279670088789648386e-01 -1.368777093928152389e-01
-9.791004102616817084e-01 -1.484715913601692416e-01 -1.389913657315543505e-01
-9.758293959007660057e-01 -1.722423190453405417e-01 -1.344975812651701963e-01
-9.720974145998487748e-01 -1.953677035722192479e-01 -1.298387542674202255e-01
-9.690957963331804370e-01 -2.142789603820676181e-01 -1.222206578710082897e-01
-9.660606784259110347e-01 -2.289753807270366592e-01 -1.195703346025157043e-01
-9.623729476029959651e-01 -2.444307789259924646e-01 -1.187094276630324546e-01
-9.602983272034218976e-01 -2.549036401680593311e-01 -1.133634898321462109e-01
-9.552058433695360673e-01 -2.747944545885235845e-01 -1.098627702305174786e-01
-9.505407766461994035e-01 -2.917865377440431729e-01 -1.064559614663595360e-01
-9.445810975428122758e-01 -3.105339893824516362e-01 -1.064669667723235208e-01
-9.389935409052059256e-01 -3.267721184638251453e-01 -1.072899629423068324e-01
-9.327460539555069152e-01 -3.461879006693716621e-01 -1.006914072708073871e-01
-9.286841116795652162e-01 -3.583466052702922178e-01 -9.556962842316160667e-02
-9.246158973938346515e-01 -3.695837727165566244e-01 -9.215910044459060813e-02
-9.203018200410523209e-01 -3.809654892147539273e-01 -8.893749747659736304e-02
-9.160917070096953330e-01 -3.917782838763444464e-01 -8.535679688901347262e-02
-9.107424668356519648e-01 -4.055091569693805575e-01 -7.816971787892196266e-02
-9.054544739611024573e-01 -4.167897825473320106e-01 -8.024023281221044634e-02
-8.990137333749023130e-01 -4.311485592906304509e-01 -7.671537766612358811e-02
-8.958975864118122745e-01 -4.371124885232695600e-01 -7.937385769726776341e-02
-8.903353623625099855e-01 -4.493106237299690497e-01 -7.364053213106355744e-02
-8.851630166443940073e-01 -4.594158424161464138e-01 -7.364468578422833644e-02
-8.836614297898420789e-01 -4.637470381375816686e-01 -6.388414653210694460e-02
-8.801335448667577666e-01 -4.712180273608628234e-01 -5.760673407194556728e-02
-8.752680543237063571e-01 -4.808745636063601614e-01 -5.162856404537959076e-02
-8.703380497298902618e-01 -4.897116791516402667e-01 -5.190541362979623347e-02
-8.670144223882674250e-01 -4.962310289490315940e-01 -4.517497668660103161e-02
-8.637755045111329411e-01 -5.020430835409495085e-01 -4.294928722343033939e-02
-8.622022942527900469e-01 -5.049893124856569271e-01 -3.991264491362263994e-02
-8.582291000819449733e-01 -5.122983148649169483e-01 -3.151617938505141964e-02
-8.535451848315873669e-01 -5.200520591503995371e-01 -3.172529638378829286e-02
-8.507808931923651619e-01 -5.246195098592284500e-01 -3.076138543707260253e-02
-8.484522552512494542e-01 -5.287339136367200654e-01 -2.385876003505115611e-02
-8.476178062121955126e-01 -5.302045743673169387e-01 -2.066845966264316270e-02
-8.482651334619009109e-01 -5.293174876089123959e-01 -1.640981492095235084e-02
-8.431647317054820068e-01 -5.374697470233906760e-01 -1.412542587691060017e-02
-8.413971109504387869e-01 -5.403588962525727180e-01 -7.948991999530839042e-03
-8.435546097617748762e-01 -5.370142576140399804e-01 -5.597232968942706180e-03
-8.429641995851657743e-01 -5.379637555787883940e-01 2.525367057406423948e-03
-8.413841505370762697e-01 -5.404161898308799117e-01 4.803596653524277484e-03
-8.396364845705294178e-01 -5.431437545862557448e-01 2.336070914688583109e-03
-8.395218187236804797e-01 -5.432905510936426596e-01 6.206012634168599912e-03
-8.421771787675569332e-01 -5.391085740962918704e-01 9.978310068281788861e-03
-8.461586930440053722e-01 -5.326787524649625460e-01 1.639619137159711165e-02
-8.491459233359504033e-01 -5.277790385636503823e-01 2.001273649627531570e-02
-8.492936528640948612e-01 -5.273868453660914835e-01 2.373665618305770969e-02
-8.524350656238720569e-01 -5.220108121052831063e-01 2.931200319440029761e-02
-8.545067617576787011e-01 -5.184367629780183284e-01 3.227289145163929340e-02
-8.585763338564238456e-01 -5.116669867851988407e-01 3.230473952500850093e-02
-8.602394499231866831e-01 -5.087707745543958993e-01 3.376996268066774498e-02
-8.633831998213192804e-01 -5.034247740979286290e-01 3.365961544843534131e-02
-8.674454805401242696e-01 -4.962535095966056908e-01 3.564849542762922596e-02
-8.684111802220885190e-01 -4.939762569462209929e-01 4.300584268249520170e-02
-8.707250020705258331e-01 -4.894970541699848465e-01 4.722952152587422264e-02
-8.749387338503495926e-01 -4.818070206886782003e-01 4.841724687279286982e-02
-8.771525323776321326e-01 -4.774447901305099995e-01 5.147747371582930137e-02
-8.818864315137026066e-01 -4.682756955283860489e-01 5.471944802968318339e-02
-8.842001799627972058e-01 -4.638472331470393506e-01 5.509817751021740817e-02
-8.868254277145140030e-01 -4.580139457315534068e-01 6.135070925769255112e-02
-8.907912431060228675e-01 -4.499729219905101996e-01 6.336682145267545641e-02
-8.950857350875999208e-01 -4.408384701296933494e-01 6.695516172342548533e-02
-8.967063073329701872e-01 -4.376139496582771571e-01 6.642178135913530401e-02
-9.018448904258672405e-01 -4.270905577747011184e-01 6.534120141566869544e-02
-9.061836385368243763e-01 -4.168399614415355114e-01 7.124383187179479660e-02
-9.119973879917344650e-01 -4.024632965829138542e-01 7.927221627125635717e-02
-9.156104208593631721e-01 -3.937837191214627608e-01 8.119091651192622550e-02
-9.190726652003722297e-01 -3.856909741001202097e-01 8.091930377917967709e-02
-9.240586556406940044e-01 -3.736607900036542640e-01 8.058064334293613129e-02
-9.298263928630949859e-01 -3.593474529975505538e-01 7.932409573430418415e-02
-9.320342804698553696e-01 -3.515776267139142930e-01 8.777982516360055554e-02
-9.355436135418168098e-01 -3.400171769742240668e-01 9.563729598222225903e-02
-9.410095233152754313e-01 -3.255522749172413688e-01 9.228661426957662783e-02
-9.470998044166658580e-01 -3.072063084988058690e-01 9.287771750490861344e-02
-9.508005302228507150e-01 -2.946693079691607431e-01 9.564714715041956750e-02
-9.541559826313307235e-01 -2.810714690892834322e-01 1.028844852290553696e-01
-9.590885278356749977e-01 -2.633922743802629696e-01 1.037965935725352340e-01
-9.633325959966119179e-01 -2.468459974461419959e-01 1.051541273937342397e-01
-9.678920328181835897e-01 -2.279980751107579529e-01 1.058391143505751503e-01
-9.710800652335669358e-01 -2.140281999845734806e-01 1.058086201112038160e-01
-9.734806505437242352e-01 -2.010138790108679241e-01 1.092193726888563698e-01
-9.770666092301237837e-01 -1.818996866104361232e-01 1.106949553897495914e-01
-9.792389778861818606e-01 -1.643449549330344150e-01 1.186667169079101969e-01
-9.818165314546378752e-01 -1.456745338729698025e-01 1.217179467158669703e-01
-9.837341516185887924e-01 -1.271825416057132396e-01 1.268532630125418781e-01
-9.867973554958776594e-01 -1.113991156306521763e-01 1.175637907401078514e-01
-9.888204855312444641e-01 -8.990299039643299961e-02 1.189601974841697218e-01
-9.907989435380921694e-01 -7.503653247228099510e-02 1.126365868112885193e-01
-9.921156120165705028e-01 -6.315907202372772478e-02 1.082477352454758596e-01
-9.927500106664219892e-01 -4.973606043795385234e-02 1.094247175933579369e-01
-9.935746317838470842e-01 -3.347805060564980340e-02 1.081142882681921796e-01
-9.939364014301755867e-01 -1.778677076088432119e-02 1.085084736790004611e-01
-9.942527202035167377e-01 -1.147840586638835397e-03 1.070525052584003073e-01
-9.947620762807026784e-01 1.446553723058489026e-02 1.011888692486099250e-01
-9.946757098995461233e-01 3.332238630832693588e-02 9.751860291744263165e-02
-9.942266265343477905e-01 4.676794219334276526e-02 9.657226204882575493e-02
-9.937650191362215057e-01 6.012299168520110482e-02 9.389536415856090945e-02
-9.928158848863763986e-01 7.648284958000545197e-02 9.201640533656096910e-02
-9.918766685870745725e-01 8.842592459247637648e-02 9.144154720791314306e-02
-9.905037849179486598e-01 1.027671967571147232e-01 9.133007011910614092e-02
-9.896882359053539302e-01 1.143039634105247060e-01 8.632395764534700477e-02
-9.884153000692296187e-01 1.256272767889204944e-01 8.516459293449551993e-02
-9.879386958459167589e-01 1.301006593082714435e-01 8.397009959381021571e-02
-9.861985333054923419e-01 1.456444062944142748e-01 7.874125424083919245e-02
-9.846189644377468797e-01 1.565564972290322820e-01 7.756019090827587226e-02
-9.829337683401716541e-01 1.698275433553798619e-01 7.070952702099142506e-02
-9.809725629333841956e-01 1.813634149340472568e-01 6.928323802630208250e-02
-9.790044328735100221e-01 1.912919781741232450e-01 7.041110779548437337e-02
-9.769635850225169005e-01 2.016699500117268562e-01 6.979548240143708393e-02
-9.760695272779946752e-01 2.058482368326491341e-01 7.010567650426584307e-02
-9.740299703464599945e-01 2.147862922396948648e-01 7.164139953440422370e-02
-9.709304493446175854e-01 2.276457362403859208e-01 7.396963082334645501e-02
-9.688213086152367426e-01 2.374224811456239759e-01 7.082275200235978174e-02
-9.659056629091909985e-01 2.497614114860909618e-01 6.815799489363563723e-02
-9.636299537576736851e-01 2.590969240524246819e-01 6.546847045248423147e-02
-9.629079428900494397e-01 2.632544499035225360e-01 5.920652441972439756e-02
-9.604672835243877049e-01 2.735741656485766726e-01 5.157321976148233206e-02
-9.587480485648844919e-01 2.793027273062557159e-01 5.284117490206054896e-02
-9.586840696177159060e-01 2.809950810370906993e-01 4.434684838398928602e-02
-9.563582513387192119e-01 2.890491020885460616e-01 4.277307020570136897e-02
-9.538422553747856192e-01 2.972269248061005231e-01 4.290840123818182722e-02
-9.523091888578850694e-01 3.026742047261155588e-01 3.867244960109648272e-02
-9.499123888524318993e-01 3.104959910138525014e-01 3.547839804493795740e-02
-9.500466717730734478e-01 3.102555733244435898e-01 3.395326693398408036e-02
-9.480313777151035959e-01 3.160734007150625136e-01 3.652582567575331923e-02
-9.485237099134403715e-01 3.150554470360310555e-01 3.229335533312025636e-02
-9.482486843708279878e-01 3.159849484993767499e-01 3.127249085922831351e-02
-9.476182131001328335e-01 3.185185341695168093e-01 2.378422220346233795e-02
-9.458111002905746911e-01 3.241407974224445043e-01 1.934242826503410062e-02
-9.460498288568447434e-01 3.235775144906092859e-01 1.695101684343409271e-02
-9.463053499570776017e-01 3.227090203402946944e-01 1.910749515726054351e-02
-9.461025131305575986e-01 3.232750745400660430e-01 1.957764970060269644e-02
-9.459117931233242960e-01 3.238138483079671670e-01 1.988705141332230628e-02
-9.440642408822367271e-01 3.295071718262522209e-01 1.295207331363345052e-02
-9.424555680607756836e-01 3.342583180428182477e-01 6.993026176565774431e-03
-9.421083222202502050e-01 3.352806705007676524e-01 4.336423164464751553e-03
-9.418179409256826062e-01 3.361154567437711349e-01 2.321476884888830448e-03
-9.410312985886781778e-01 3.383125149181389624e-01 -2.181893967004604282e-03
-9.405100794393482788e-01 3.396986966827219012e-01 -6.753461950169688255e-03
-9.399576627850383392e-01 3.411548308419798392e-01 -9.643487497949840281e-03
-9.408400263272872488e-01 3.387214267463424799e-01 -9.373537566098415902e-03
-9.404699156816255234e-01 3.398205340314837675e-01 -6.194002216161520642e-03
-9.393238391554481481e-01 3.430044107732578285e-01 -4.326978822276158175e-03
-9.371295928385694474e-01 3.489596427772126419e-01 -3.913732753073907548e-03
-9.372411195865594236e-01 3.486591740064611256e-01 -3.985912998022513032e-03
-9.371439873598645942e-01 3.488931990187329468e-01 -5.891179558144492290e-03
-9.381046130268375638e-01 3.462226440762092849e-01 -9.467796743740000687e-03
-9.402293074956015184e-01 3.399858887914915528e-01 -1.945427309687043291e-02
-9.402973016823623631e-01 3.395018467039724319e-01 -2.407290099192655256e-02
-9.429130544883533860e-01 3.321127995269665956e-01 -2.482104186809692276e-02
-9.426318802704755084e-01 3.326618080410047029e-01 -2.795145452027308214e-02
-9.435254849607618288e-01 3.299128346480311169e-01 -3.028538986827417068e-02
-9.469755306358328406e-01 3.199040795701064144e-01 -2.997913126525881058e-02
-9.480201007042327044e-01 3.162902931905997028e-01 -3.490506067706490578e-02
-9.494275326243910573e-01 3.122784775836388582e-01 -3.270377390481660207e-02
-9.516217776636846093e-01 3.058157203125853041e-01 -2.987911498719769340e-02
-9.527613487754961197e-01 3.019034033473383394e-01 -3.316883186851299348e-02
-9.552872957347788851e-01 2.936346366865830171e-01 -3.471176838011115484e-02
-9.563768874256829422e-01 2.905795438845172329e-01 -3.011315164515833420e-02
-9.583638985491799156e-01 2.840821241484827175e-01 -2.891381449977655296e-02
-9.602739583564063874e-01 2.770492236128572761e-01 -3.343167237175830031e-02
-9.613269865758509169e-01 2.737745542714187241e-01 -2.996568605404501331e-02
-9.631705447706294665e-01 2.669615620589667060e-01 -3.215665063278760893e-02
-9.643669150857259176e-01 2.622080937055963346e-01 -3.526177584094355999e-02
-9.665644687417265235e-01 2.533776119379297920e-01 -3.940733381026594040e-02
-9.679011174554242869e-01 2.480004526605661397e-01 -4.078267706730189651e-02
-9.698203128062615752e-01 2.412193244360065492e-01 -3.552214302753345376e-02
-9.723404057029421121e-01 2.305178197930718154e-01 -3.762571708669489035e-02
-9.742545893045018168e-01 2.231112060554634458e-01 -3.239458226506336525e-02
-9.751748996780185141e-01 2.188804511306768341e-01 -3.354529998306983452e-02
-9.766239443574539214e-01 2.124284881764709199e-01 -3.286080758989136374e-02
-9.771956405458210870e-01 2.097111409603210908e-01 -3.331578342339128890e-02
-9.774264544681725564e-01 2.084050310789124782e-01 -3.471157021252792296e-02
-9.789500016898221579e-01 2.015609668689535561e-01 -3.209508879026535394e-02
-9.798919231905036664e-01 1.966207089505318806e-01 -3.394318226331159705e-02
-9.803677670964310309e-01 1.938428204621110429e-01 -3.611130241680769737e-02
-9.810891783173772973e-01 1.912024220691992404e-01 -3.009454873602914610e-02
-9.820446226057075734e-01 1.857741965814404261e-01 -3.280748516753098643e-02
-9.835018588497276282e-01 1.772451102779791232e-01 -3.617027297380401296e-02
-9.847234404540760044e-01 1.708784541459064943e-01 -3.347123868914426287e-02
-9.853292268515386754e-01 1.670822237472061045e-01 -3.478317564961045522e-02
-9.867339283672788008e-01 1.589116563174479413e-01 -3.321541959365600927e-02
-9.879379241621256691e-01 1.514012322005619526e-01 -3.250152088742112172e-02
-9.896169289776615141e-01 1.409181102410808351e-01 -2.829210748153996452e-02
-9.893856992975957887e-01 1.419203835330569152e-01 -3.121803995551059030e-02
-9.905450668629245392e-01 1.343256632948893470e-01 -2.787669112592684392e-02
-9.913432887307533914e-01 1.288933215393209819e-01 -2.500037334240953063e-02
-9.916530246268521198e-01 1.266815022773899180e-01 -2.400205883172060184e-02
-9.920715909675412725e-01 1.228102664965253499e-01 -2.667620628901663793e-02
-9.927703564016785442e-01 1.166216160836575366e-01 -2.839790975505753282e-02
-9.933694622264311880e-01 1.113023583937010064e-01 -2.879096560512271405e-02
-9.934380592595605242e-01 1.110612141542903358e-01 -2.731761871260674976e-02
-9.939848800298043408e-01 1.063742637161738669e-01 -2.604990249517549761e-02
-9.942052042214799545e-01 1.045033597963176963e-01 -2.520084935094369857e-02
-9.946040164352781821e-01 9.926515599328811224e-02 -3.015464556763008952e-02
-9.950665781353900119e-01 9.413809978564344205e-02 -3.131368133251084818e-02
-9.949501532065698761e-01 9.385632901066376377e-02 -3.556972810572386900e-02
-9.957371154355507681e-01 8.529992051968635081e-02 -3.509335943876508435e-02
-9.960025282883864239e-01 8.175063777425997658e-02 -3.599750352112535828e-02
-9.960470655206129509e-01 8.177663978948128409e-02 -3.468209693208570976e-02
-9.964778306142277886e-01 7.673486828019429606e-02 -3.381887715500096758e-02
-9.967439498365587847e-01 7.175458717682113574e-02 -3.678044503584355918e-02
-9.973216639357312951e-01 6.265232487093461144e-02 -3.773868468295290407e-02
-9.975992666582775836e-01 5.991047876825110474e-02 -3.473415043809237324e-02
-9.981270012678856718e-01 4.907774232172275319e-02 -3.652243353605534593e-02
-9.984020182103127139e-01 4.233603578630611153e-02 -3.743118644628991298e-02
-9.987947505335073028e-01 3.241844141730369777e-02 -3.685260558927534735e-02
-9.988363150642342037e-01 2.997885413487933956e-02 -3.777972467650577565e-02
-9.991170750571024550e-01 1.714954783993873078e-02 -3.835344732993214989e-02
-9.991101834978476370e-01 1.317914572928176493e-02 -4.006463481793373638e-02
-9.992272341699581784e-01 1.171211618274860082e-02 -3.752045352694693275e-02
-9.990669943539804976e-01 3.285702198345901923e-03 -4.306238152515926704e-02
-9.991955835535036856e-01 -9.004042740418504581e-04 -4.009237772295030228e-02
-9.992133946159543756e-01 -1.019351689551377220e-02 -3.832372417274581416e-02
-9.991526005545033895e-01 -1.465582018926553723e-02 -3.846181668421642247e-02
-9.989398067860725261e-01 -2.561706890794408081e-02 -3.824985995987900678e-02
-9.987325509677023039e-01 -3.043496205729509518e-02 -4.008775812783770681e-02
-9.986970541086184205e-01 -3.573389735708246834e-02 -3.643221450033180819e-02
-9.984394394581680432e-01 -4.230892327134910119e-02 -3.645084780597605822e-02
-9.981465251446626219e-01 -4.896248098222479028e-02 -3.614157361348821484e-02
-9.980344127884317462e-01 -5.102496980521918635e-02 -3.638388233661776772e-02
-9.977842740047925263e-01 -5.406385072844952649e-02 -3.877713492156779213e-02
-9.972142849736859160e-01 -6.244843898652287228e-02 -4.079075974382559422e-02
-9.965349856159155806e-01 -7.308141771458928626e-02 -3.971337992425278546e-02
-9.960780135315704387e-01 -7.868699142596913276e-02 -4.045951147389407337e-02
-9.959275692722046047e-01 -8.094454751674134974e-02 -3.970240191768392019e-02
-9.953993906493759924e-01 -8.798169415067387533e-02 -3.793808510451861238e-02
-9.947204860109625235e-01 -9.461815887262817193e-02 -3.973138004811821444e-02
-9.930068380466432476e-01 -1.099529677940206118e-01 -4.298591059576069989e-02
-9.920243387677289970e-01 -1.176938711962242784e-01 -4.512081746948071181e-02
-9.909303523247015022e-01 -1.248878028071126883e-01 -4.959937423806012879e-02
-9.906213578256386487e-01 -1.283076659001873843e-01 -4.697331817585494174e-02
-9.897096694103039161e-01 -1.356456941508390746e-01 -4.555260956193687288e-02
-9.892579026708606671e-01 -1.414615777785109552e-01 -3.684356070616786466e-02
-9.883420255997509285e-01 -1.482196510891571062e-01 -3.479941587394611013e-02
-9.872949230621685945e-01 -1.541694814567949878e-01 -3.847765513528173670e-02
-9.869288675097707131e-01 -1.578409033562154784e-01 -3.252205163277664679e-02
-9.863642208729942462e-01 -1.605985345794782859e-01 -3.596885662406502232e-02
-9.860791842688618747e-01 -1.634959001012300794e-01 -3.028129981898015563e-02
-9.853733173645158328e-01 -1.678523289142278274e-01 -2.941165088329256508e-02
-9.843690165224631139e-01 -1.741425403816940498e-01 -2.630663039720636948e-02
-9.841556314839945419e-01 -1.754405744340527262e-01 -2.565778086856192533e-02
-9.850131145680020017e-01 -1.713852371260949081e-01 -1.939816015789883746e-02
-9.847489622505698481e-01 -1.729700280157274450e-01 -1.873165076075379923e-02
-9.847121750964749065e-01 -1.733569252167390939e-01 -1.700978191646042997e-02
-9.838012979299554095e-01 -1.784005577917319452e-01 -1.755765252652706498e-02
-9.834387967837481259e-01 -1.809110417188511399e-01 -1.092482276645573291e-02
-9.829816259332299078e-01 -1.835117686520023883e-01 -8.401046706111119783e-03
-9.820693244365124031e-01 -1.885195239097617603e-01 -5.047617255795073393e-04
-9.838787162231554806e-01 -1.788071405827639238e-01 3.271417645650944155e-03
-9.840972575107977960e-01 -1.775842662591446408e-01 4.054636161657017984e-03
-9.846573985421681607e-01 -1.744715064610869448e-01 3.086236578562055050e-03
-9.850099412560103795e-01 -1.723166988764738006e-01 7.899046045792147697e-03
-9.859806761022367194e-01 -1.665751279265123008e-01 9.739466182491746116e-03
-9.864450862903955120e-01 -1.635202710147269645e-01 1.368345455016370393e-02
-9.873323976959217374e-01 -1.577137124306547677e-01 1.735354943516031340e-02
-9.879558868442402941e-01 -1.530793803167295464e-01 2.258082032130691308e-02
-9.888655247204513055e-01 -1.468197010958313120e-01 2.426878491412119698e-02
-9.884050207529037069e-01 -1.494670216476910174e-01 2.674226823677154988e-02
-9.892366861666257449e-01 -1.442151983091684297e-01 2.475438962382301572e-02
-9.901489724420321492e-01 -1.369264883982254100e-01 2.926044785863480061e-02
-9.909257133319981925e-01 -1.303912027781575222e-01 3.262498529766352795e-02
-9.918008504660948965e-01 -1.219763265188983509e-01 3.811658229032106882e-02
-9.922845890280836967e-01 -1.167556034964177814e-01 4.170669747619126094e-02
-9.926510951005099725e-01 -1.127180411791826042e-01 4.402808004100415562e-02
-9.932455515084890330e-01 -1.069203757373267116e-01 4.507031100587997885e-02
-9.935123746662642974e-01 -1.020862335738344784e-01 5.011574419216408005e-02
-9.942847524562117290e-01 -9.575270891621172342e-02 4.721520100496947453e-02
-9.950872159258934424e-01 -8.630017982299134638e-02 4.851532951203850474e-02
-9.957426669896422000e-01 -7.740068190536746051e-02 5.005697974121793570e-02
-9.962490176308325118e-01 -7.061524709778591036e-02 5.001407191124981888e-02
-9.966278621224751166e-01 -6.205593510670935620e-02 5.368418047637921187e-02
-9.962584902143256649e-01 -6.013949294833934034e-02 6.206680373068117901e-02
-9.965269167280516038e-01 -4.894671989144026847e-02 6.736727173983211858e-02
-9.971165085870401512e-01 -3.969332684783517806e-02 6.467715563018634761e-02
-9.974966090280438236e-01 -2.681961597849859269e-02 6.543125877628534759e-02
-9.975756863118844242e-01 -1.276681722711204420e-02 6.840895604105123873e-02
-9.976685887751473025e-01 3.268521479562306459e-03 6.816693137551839421e-02
-9.976591656947072506e-01 1.637056035158533998e-02 6.639443262526834033e-02
-9.974878972526884935e-01 2.487041890078604822e-02 6.632785177926162068e-02
-9.974127282888801682e-01 3.168473955729304153e-02 6.452870253320393268e-02
-9.969158333216906476e-01 4.414101715951427446e-02 6.488773873288083971e-02
-9.960692757645702722e-01 5.900754543806338570e-02 6.606159547073468807e-02
-9.955339606006333719e-01 6.759858243141900203e-02 6.589834505835946710e-02
-9.947732031573300882e-01 7.666395355832338054e-02 6.744582596031076238e-02
-9.940858404336994081e-01 8.349769115049660018e-02 6.943705414847568813e-02
-9.920744338113315353e-01 1.021528386182126991e-01 7.316517400829207485e-02
-9.907818514732902315e-01 1.165159601241147064e-01 6.910412895578131598e-02
-9.893923207077194304e-01 1.249525171328162432e-01 7.409272093431536199e-02
-9.873162806693507321e-01 1.422116588168977902e-01 7.058634832707440243e-02
-9.862954197279344415e-01 1.510782408616818395e-01 6.630789076728943465e-02
-9.848540333010278314e-01 1.598599962370687022e-01 6.713673344036526214e-02
-9.841834132558431314e-01 1.650390529736904532e-01 6.438281050775573888e-02
-9.826290051895369970e-01 1.741878233532553888e-01 6.402239118459671086e-02
-9.801416834158411806e-01 1.870293614151672945e-01 6.589631814797267118e-02
-9.785300042471432036e-01 1.955739786306817107e-01 6.503749681162630802e-02
-9.779747105237145410e-01 1.982148146562149882e-01 6.539402994944502889e-02
-9.753590347639744529e-01 2.104787058605604444e-01 6.613239792320754762e-02
-9.736686223443343779e-01 2.192309442208883463e-01 6.250786489989758332e-02
-9.706511926619788566e-01 2.328381166706313676e-01 6.018886766528698529e-02
-9.685230659008413623e-01 2.425224760080536834e-01 5.608872955498805241e-02
-9.664959231779286508e-01 2.513471079493324045e-01 5.206042289626783282e-02
-9.649356362501304574e-01 2.566676815636155795e-01 5.496312492412976786e-02
-9.630704597230524966e-01 2.641341223828345686e-01 5.223486250834741274e-02
-9.613605552680793975e-01 2.706710771721558273e-01 5.023023538018538126e-02
-9.588459799794557537e-01 2.791612708329885284e-01 5.180151973093524709e-02
-9.566916296091096950e-01 2.872557298646393198e-01 4.717305636231061694e-02
-9.561729500001719950e-01 2.893931014444116046e-01 4.455275843325856577e-02
-9.551755779966251136e-01 2.928051538996938041e-01 4.364381750871325349e-02
-9.543639081036928706e-01 2.960111714308414910e-01 3.958463040626116619e-02
-9.521315307124718075e-01 3.033722210143779408e-01 3.756154065970840339e-02
-9.507070584398641389e-01 3.079353848134900873e-01 3.649538885979648067e-02
-9.501789704272450843e-01 3.100822696800744072e-01 3.176374876103715134e-02
-9.491984348940806226e-01 3.129589581045919000e-01 3.284885552824429872e-02
-9.482348658817791875e-01 3.164266822031120419e-01 2.692247188786785206e-02
-9.471816119506705212e-01 3.190938648135471789e-01 3.203318840066186890e-02
-9.458089184700784191e-01 3.229471422449435858e-01 3.392136235186229976e-02
-9.426963598919290144e-01 3.320462245168593340e-01 3.269408988997275084e-02
-9.417752215640411428e-01 3.351342007332820394e-01 2.728598856224782182e-02
-9.410063041007947771e-01 3.371512997241079557e-01 2.891647243632490191e-02
-9.390961168922988822e-01 3.425716924840033206e-01 2.726067358582415223e-02
-9.371848039669242736e-01 3.480492727217573967e-01 2.337461102136526719e-02
-9.364941454799243781e-01 3.503867682175203502e-01 1.441712622835264815e-02
-9.350359892796124006e-01 3.544185461161318274e-01 9.757983616169162155e-03
-9.374251460303032468e-01 3.481488169998079307e-01 5.149986422756080637e-03
-9.366158261216902536e-01 3.503568524527049810e-01 9.464054194023166847e-04
-9.358178970824915233e-01 3.524838680116254563e-01 1.084747178344359951e-04
-9.355891982076190994e-01 3.530782662354677859e-01 -2.935231430713190325e-03
-9.353516860011871215e-01 3.536726493502282409e-01 -5.736381150444196629e-03
-9.349559449346888096e-01 3.546753967746916203e-01 -7.922716151097464188e-03
-9.340860093599507863e-01 3.570350300487030726e-01 -3.056145034736780855e-03
-9.331916313640458149e-01 3.593786985042839444e-01 5.965320608542724543e-04
-9.347194383002633833e-01 3.553798343589882336e-01 2.184166855603692902e-03
-9.357797067420238202e-01 3.525808213570190697e-01 1.769311212013047934e-03
-9.335811430405610567e-01 3.583487608175247585e-01 -3.527115833645079121e-03
-9.343055835910593077e-01 3.564328134095606226e-01 -5.362049146601812963e-03
-9.345905122395541387e-01 3.556815128197273190e-01 -5.591193685338631710e-03
-9.342278926875107192e-01 3.565321000002075191e-01 -1.015538066095412681e-02
-9.356344444743279753e-01 3.525575953018958431e-01 -1.706909745109617613e-02
-9.363280537489613309e-01 3.505878474060166172e-01 -1.944126617674519705e-02
-9.370793291040568906e-01 3.485737380200102375e-01 -1.946036858509777798e-02
-9.373747513921526497e-01 3.475059117772870132e-01 -2.383783977084085598e-02
-9.386553945846229929e-01 3.440095691219187124e-01 -2.415558829475082311e-02
-9.382554665949365269e-01 3.446584015194417705e-01 -2.978743965935616231e-02
-9.405803824847895900e-01 3.383563483921995241e-01 -2.869758617052526814e-02
-9.429400937469153421e-01 3.316626478206352591e-01 -2.939206573355697752e-02
-9.430056833249450543e-01 3.314561325629599708e-01 -2.961653738453763618e-02
-9.439394812977192073e-01 3.283036650242305843e-01 -3.456855687035462199e-02
-9.453038839239360502e-01 3.243830546276712523e-01 -3.429616375161143038e-02
-9.472190582280154425e-01 3.182815873244861371e-01 -3.837854715504499664e-02
-9.492712309885600330e-01 3.119063527485723131e-01 -3.998228546563232372e-02
-9.521984493900126356e-01 3.028902228341394665e-01 -3.969448186326009903e-02
-9.534540277121702490e-01 2.987987037497540910e-01 -4.055585898207130641e-02
-9.566482779433775896e-01 2.882364651541465261e-01 -4.175929340961621883e-02
-9.579183306730842951e-01 2.842795854779844866e-01 -3.971920304006459901e-02
-9.591310363330641797e-01 2.799397672162494133e-01 -4.124812712739434062e-02
-9.622384180079419647e-01 2.690083292594997455e-01 -4.161456273188637173e-02
-9.627776706796261630e-01 2.671610211393296574e-01 -4.103866167046394536e-02
-9.639598838824755545e-01 2.622118473725918997e-01 -4.501461559319237110e-02
-9.644780213161926463e-01 2.585426721011353512e-01 -5.420202761717640705e-02
-9.660603005904390139e-01 2.522537949089840303e-01 -5.563762517525990686e-02
-9.679300769471018695e-01 2.436285096247015058e-01 -6.129063857447895891e-02
-9.700164894935062732e-01 2.362840071697415723e-01 -5.690259069633966243e-02
-9.723956216268389019e-01 2.252499277844676462e-01 -6.090363019499372976e-02
-9.745968332011308854e-01 2.148453038495642398e-01 -6.326559463543725281e-02
-9.767849897587237429e-01 2.041881267514607801e-01 -6.479444548043557239e-02
-9.791404416817532930e-01 1.923759977034352198e-01 -6.538729623646238887e-02
-9.815194759325975848e-01 1.785534100560064452e-01 -6.883477363115048098e-02
-9.844079912643145525e-01 1.609397919150229450e-01 -7.098815786450987653e-02
-9.860333954968943937e-01 1.496622897613709147e-01 -7.307099744026619714e-02
-9.882651511803423050e-01 1.351097565161994418e-01 -7.125568852192497304e-02
-9.894947318269745606e-01 1.244417036478123878e-01 -7.358305979635731964e-02
-9.905059701436583763e-01 1.154801057664149727e-01 -7.458080789989396386e-02
-9.918893248153153319e-01 1.028711788471830257e-01 -7.465330879707862688e-02
-9.927953869319795510e-01 9.287456408779939943e-02 -7.570775185252798245e-02
-9.940777515556090682e-01 8.086880000224365428e-02 -7.259262656656467749e-02
-9.947486344478710940e-01 6.709475156405694807e-02 -7.728827679501569514e-02
-9.958189073353903575e-01 5.243834482950107678e-02 -7.479941770283302094e-02
-9.966809862276806431e-01 3.811276159962312393e-02 -7.193370572599609714e-02
-9.968073064322453547e-01 2.300994199602804380e-02 -7.645760871319280672e-02
-9.971266300740309063e-01 1.179319264570593238e-02 -7.482936305278897748e-02
-9.968923941020607637e-01 2.061395253386574464e-03 -7.874855482516623928e-02
-9.971680202987962538e-01 -9.223801221744125020e-03 -7.463839693803649145e-02
-9.974142694804748466e-01 -1.479217453662397264e-02 -7.032777591409146434e-02
-9.974118779742136010e-01 -2.820727170056512578e-02 -6.613565263601911548e-02
-9.974237806727640487e-01 -3.625424916720722257e-02 -6.189878914083832978e-02
-9.972528553806265794e-01 -4.330766440372164905e-02 -6.009340609784117465e-02
-9.966470128071669432e-01 -5.648577240440517955e-02 -5.919559215565197569e-02
-9.960902801437415688e-01 -6.255106855991526826e-02 -6.238226146134114025e-02
-9.955702287492053104e-01 -7.428167543601978118e-02 -5.763836285433993761e-02
-9.953536288589157621e-01 -7.976427397784374707e-02 -5.393368762862135041e-02
-9.947160196768524143e-01 -8.909150359692680210e-02 -5.101737377957113462e-02
-9.939663520690446008e-01 -9.860904236334369632e-02 -4.803307080572396387e-02
-9.935064207877539744e-01 -1.054949908917320323e-01 -4.261251845516561554e-02
-9.921669132539084890e-01 -1.146354084350176827e-01 -4.963434203376683451e-02
-9.907143650360608067e-01 -1.257694467286379070e-01 -5.164418365526132759e-02
-9.895441348825566585e-01 -1.356800220217943276e-01 -4.892203071225210975e-02
-9.884080489421033233e-01 -1.437946089557911034e-01 -4.871003551418028737e-02
-9.868155624848164997e-01 -1.535176966490266193e-01 -5.125808080824328927e-02
-9.847872753837836335e-01 -1.646454103710232875e-01 -5.555123613578608760e-02
-9.833268940117191326e-01 -1.726859122282849435e-01 -5.698968423495975877e-02
-9.824053970075261599e-01 -1.783657152109420496e-01 -5.536548005778409165e-02
-9.810694469632448289e-01 -1.854128803202282350e-01 -5.590020461756699255e-02
-9.797868826167466239e-01 -1.935741525760923121e-01 -5.046524399112821413e-02
-9.789099924393275254e-01 -1.984052711959129744e-01 -4.868884626977079688e-02
-9.768678210818925178e-01 -2.076488631385708661e-01 -5.110027908622076509e-02
-9.747840552491013888e-01 -2.188938241856898392e-01 -4.337703655397835006e-02
-9.737044100507533662e-01 -2.237791001058120621e-01 -4.269267031324607692e-02
-9.723328531667138064e-01 -2.297918092816347846e-01 -4.200684391154711067e-02
-9.704519284587383998e-01 -2.383281449236414884e-01 -3.771972446077271474e-02
-9.696119668954391591e-01 -2.417724051743345981e-01 -3.740007304155831130e-02
-9.692752626846756758e-01 -2.430571134129833888e-01 -3.779857781522846100e-02
-9.677803876365111968e-01 -2.491275572470227906e-01 -3.655966660855083233e-02
-9.665949489380382120e-01 -2.538587574384472689e-01 -3.535482466561961495e-02
-9.655003831830312189e-01 -2.580458266087536923e-01 -3.494837764706500843e-02
-9.655396521709814772e-01 -2.580178294148909313e-01 -3.405888206446960192e-02
-9.655833572101445439e-01 -2.582078035568514673e-01 -3.126560612189288602e-02
-9.646255303271490389e-01 -2.614157907663028357e-01 -3.404993813038422606e-02
-9.630682372844493466e-01 -2.672211297798318119e-01 -3.305247066828548297e-02
-9.625994043347154694e-01 -2.693530721706037800e-01 -2.917767870965428875e-02
-9.620682180124631167e-01 -2.715200261452266339e-01 -2.648861898320202871e-02
-9.606731215136199431e-01 -2.760270217732024300e-01 -3.026986176964530789e-02
-9.593759782856950968e-01 -2.805548829228259322e-01 -2.977780420928936855e-02
-9.582970310495666499e-01 -2.843941597438537361e-01 -2.804977467758067167e-02
-9.566426326837742522e-01 -2.903566373603713169e-01 -2.297660065867471180e-02
-9.572006435540530989e-01 -2.885302535414148162e-01 -2.274309736132092141e-02
-9.577543162187909243e-01 -2.869908564230335135e-01 -1.851879674631237011e-02
-9.561314770593992707e-01 -2.925801792443902261e-01 -1.447290460540021952e-02
-9.550283040094823539e-01 -2.962343036522744888e-01 -1.289199472685175450e-02
-9.536818724331428410e-01 -3.003947595908936785e-01 -1.593431172110427660e-02
-9.514465885033257520e-01 -3.075899691584170204e-01 -1.174000580325151519e-02
-9.506020543346958007e-01 -3.101422236936085541e-01 -1.294461399524423489e-02
-9.508146175665183053e-01 -3.096191967588682870e-01 -9.356478885028083475e-03
-9.500183631928937888e-01 -3.121013386022689629e-01 -7.608657362756260367e-03
-9.503382243952622765e-01 -3.112086767268885668e-01 -2.538986735246625756e-03
-9.483581071804726426e-01 -3.171885460760069386e-01 2.890425351619244423e-03
-9.478480739107784103e-01 -3.187150415540998538e-01 2.186059391147938437e-03
-9.478155082646195773e-01 -3.188055712548400478e-01 2.966111110623568907e-03
-9.488089442549400010e-01 -3.157501222453045764e-01 7.967150155262074998e-03
-9.504846236664342696e-01 -3.104265120874190598e-01 1.464202239744427994e-02
-9.502549393343171502e-01 -3.108497914710020016e-01 1.969734687263122175e-02
-9.527486383581779128e-01 -3.033042694512250725e-01 1.663069327814852005e-02
-9.531699940149287453e-01 -3.019251442066833713e-01 1.755555555396893022e-02
-9.551877319938644195e-01 -2.952680557160265451e-01 2.081344977420876430e-02
-9.557908078583461364e-01 -2.934396129178890034e-01 1.889849010865165060e-02
-9.575590918009228014e-01 -2.875460072760454566e-01 1.994761122005336840e-02
-9.580381842848243457e-01 -2.860013939427284435e-01 1.913290075886340744e-02
-9.590937097240560538e-01 -2.827598390370222869e-01 1.364394245574796806e-02
-9.591965344778293767e-01 -2.822424440712110738e-01 1.677017571079525773e-02
-9.601346649516516729e-01 -2.789036051337113742e-01 1.882105311233827488e-02
-9.619401943072444228e-01 -2.726439596856938263e-01 1.834016498708189447e-02
-9.609603341206430782e-01 -2.761049498021998505e-01 1.792542252352991375e-02
-9.609845804638782463e-01 -2.760221071832405504e-01 1.790140463634667251e-02
-9.601210251281639962e-01 -2.789661891054208698e-01 1.858790638758395924e-02
-9.608179631919485653e-01 -2.761723417470074993e-01 2.361582507333522679e-02
-9.616407204135207776e-01 -2.734403901126919445e-01 2.185190580716439915e-02
-9.631334061631441346e-01 -2.681811584277956073e-01 2.128229491941532533e-02
-9.643540270835887496e-01 -2.635730105679128799e-01 2.346500567763558365e-02
-9.645271733125636571e-01 -2.625076769625956929e-01 2.787614547424941205e-02
-9.654895617816603437e-01 -2.593768995466817495e-01 2.352781523704265687e-02
-9.658295908615432968e-01 -2.578209999460810975e-01 2.648700547256549465e-02
-9.657761852390713830e-01 -2.574603269016063622e-01 3.147329327820248823e-02
-9.686170121406418865e-01 -2.461426877864606733e-01 3.456717070289435506e-02
-9.694941160052998885e-01 -2.420210246045649827e-01 3.882024030713816798e-02
-9.709518796560504539e-01 -2.356483521456888552e-01 4.150096310201634164e-02
-9.736618427088864491e-01 -2.246076473831764286e-01 3.916693758865136960e-02
-9.746365254695692482e-01 -2.197917218481460211e-01 4.213396014443115956e-02
-9.763606359972936133e-01 -2.114822227639877317e-01 4.466773396011851360e-02
-9.777845299585562477e-01 -2.046881876301597791e-01 4.516843325005254900e-02
-9.779614476176212712e-01 -2.018385020592953216e-01 5.341024962544674987e-02
-9.800121304731279626e-01 -1.911182974038898308e-01 5.522725107346421886e-02
-9.815071578164847876e-01 -1.846941899416660593e-01 5.031683634436701080e-02
-9.830475485381146017e-01 -1.750537309294896426e-01 5.453198627822732764e-02
-9.843845459062301462e-01 -1.676553186080077806e-01 5.365434587132548311e-02
-9.853787457956965090e-01 -1.619283185154171967e-01 5.299033769343223371e-02
-9.872014260184337475e-01 -1.514589074316742834e-01 4.993568541488475204e-02
-9.875495469296907691e-01 -1.473501374521719587e-01 5.508047137672957699e-02
-9.888965266524066822e-01 -1.379753669565828567e-01 5.519498775675547864e-02
-9.897753817799518350e-01 -1.319351364039819674e-01 5.420186654479770133e-02
-9.906172858316388830e-01 -1.250306024575794650e-01 5.517943833348405713e-02
-9.916339180575498569e-01 -1.170453036850437334e-01 5.442975614783690519e-02
-9.926086706918093583e-01 -1.085825528683218022e-01 5.420225993112921109e-02
-9.938021221591750720e-01 -9.833669364184188799e-02 5.183884023668043628e-02
-9.941620945942603038e-01 -9.349024763683083661e-02 5.386401459556383609e-02
-9.946921676250640720e-01 -9.166184749983971591e-02 4.675068069872626714e-02
-9.952683757167897216e-01 -8.416920833974668448e-02 4.854311012989167423e-02
-9.956269627066368644e-01 -7.603353279305793966e-02 5.427598276114146969e-02
-9.959327280501445445e-01 -7.093255530642567086e-02 5.555720588247050479e-02
-9.965928693370024183e-01 -6.020900056306299070e-02 5.636983567548826957e-02
-9.970311321210851840e-01 -5.307869821420998363e-02 5.578174140248477048e-02
-9.975096672918196683e-01 -4.584721284205153097e-02 5.359595122212908874e-02
-9.980739534402542912e-01 -3.734579793888106319e-02 4.953487615668697441e-02
-9.983333078230881563e-01 -2.954065355599879913e-02 4.957807374013197682e-02
-9.984594224433360754e-01 -1.653597739756632046e-02 5.296576792119611632e-02
