1.000000000000000000e+00 0.000000000000000000e+00 0.000000000000000000e+00
9.999999972242421542e-01 -2.919989816611129172e-05 6.854847463902187402e-05
9.999999740698353179e-01 -9.824584499826415529e-05 2.054462098583709944e-04
9.999998920513724077e-01 -2.177505184934326035e-04 4.104657600236322939e-04
9.999996871985187274e-01 -3.982887334708237964e-04 6.833515691752167342e-04
9.999992643907780199e-01 -6.503930572685091404e-04 1.023820090695302118e-03
9.999984906488972314e-01 -9.845494239291896401e-04 1.431559902006103707e-03
9.999971874048374509e-01 -1.411192736516065282e-03 1.906231810525895951e-03
9.999951217746919641e-01 -1.940702444404781516e-03 2.447468946759275097e-03
9.999919968613770749e-01 -2.583398079309190062e-03 3.054876840091124042e-03
9.999874411163673926e-01 -3.349534730444866850e-03 3.728033472593701107e-03
9.999809967922127507e-01 -4.249298435645148739e-03 4.466489305947092883e-03
9.999721075200682652e-01 -5.292801461452597243e-03 5.269767276418563240e-03
9.999601050490170007e-01 -6.490077441249417559e-03 6.137362752749477707e-03
9.999441951865859490e-01 -7.851076336401112063e-03 7.068743451762567187e-03
9.999234429825715198e-01 -9.385659181208616877e-03 8.063349306530230923e-03
9.998967572011323579e-01 -1.110359256823807879e-02 9.120592282038894258e-03
9.998628741290974675e-01 -1.301454282636945424e-02 1.023985613344751550e-02
9.998203407716107494e-01 -1.512806983972333347e-02 1.142049610227213567e-02
9.997674974896142430e-01 -1.745362045154050593e-02 1.266183854613472590e-02
9.997024601373027952e-01 -2.000052139315464800e-02 1.396318049809483833e-02
9.996231017615798686e-01 -2.277797167447187521e-02 1.532378915203785538e-02
9.995270339297531725e-01 -2.579503436891204121e-02 1.674290127112466539e-02
9.994115877562484984e-01 -2.906062772263905830e-02 1.821972251691467495e-02
9.992737947040221114e-01 -3.258351551517825462e-02 1.975342669745705493e-02
9.991103672416397075e-01 -3.637229659625872136e-02 2.134315493340337502e-02
9.989176794426805062e-01 -4.043539352200224007e-02 2.298801474202704503e-02
9.986917476202370469e-01 -4.478104021248584254e-02 2.468707903993941355e-02
9.984282110958142553e-01 -4.941726855231424326e-02 2.643938506626622095e-02
9.981223132088954397e-01 -5.435189385623682978e-02 2.824393322908809456e-02
9.977688826808182032e-01 -5.959249912311943148e-02 3.009968587905024334e-02
9.973623154543770353e-01 -6.514641800382560410e-02 3.200556601520416350e-02
9.968965571387061742e-01 -7.102071641186796791e-02 3.396045592935118679e-02
9.963650861974518991e-01 -7.722217271015212325e-02 3.596319579640613190e-02
9.957608980269603283e-01 -8.375725641284753609e-02 3.801258221957987127e-02
9.950764900801035706e-01 -9.063210534847507271e-02 4.010736674048099443e-02
9.943038482003598855e-01 -9.785250123878967698e-02 4.224625432554660054e-02
9.934344343397325527e-01 -1.054238436580438865e-01 4.442790184151601540e-02
9.924591758429156529e-01 -1.133511223488230801e-01 4.665091653394252275e-02
9.913684564886366957e-01 -1.216388878839145121e-01 4.891385452397910977e-02
9.901521094871625905e-01 -1.302912206786666360e-01 5.121521933985428987e-02
9.887994126403509831e-01 -1.393116983750548321e-01 5.355346050055187490e-02
9.872990858771633071e-01 -1.487033616372166744e-01 5.592697217019957506e-02
9.856392913829878921e-01 -1.584686784185557473e-01 5.833409190253090182e-02
9.838076365452244065e-01 -1.686095067826120231e-01 6.077309949548567042e-02
9.817911799400761419e-01 -1.791270563837050744e-01 6.324221597652848748e-02
9.795764405861275836e-01 -1.900218487387843325e-01 6.573960273956354350e-02
9.771494106887633757e-01 -2.012936764488451047e-01 6.826336085437853529e-02
9.744955720955290612e-01 -2.129415615565208864e-01 7.081153056933174594e-02
9.715999166758625405e-01 -2.249637132558365282e-01 7.338209102747733636e-02
9.684469708289608070e-01 -2.373574852003431934e-01 7.597296021547736422e-02
9.650208243106284112e-01 -2.501193326866539834e-01 7.858199516345336366e-02
9.613181219525021026e-01 -2.632176482385986116e-01 8.114148194147187410e-02
9.573265800613911525e-01 -2.766378415025220194e-01 8.365002042684721584e-02
9.530341334925804819e-01 -2.903646927646706954e-01 8.610625926888947068e-02
9.484289922051456490e-01 -3.043823641324923668e-01 8.850890109175604814e-02
9.434996973231345452e-01 -3.186744143655101946e-01 9.085670769625284193e-02
9.382351763640650599e-01 -3.332238174156619270e-01 9.314850521441164766e-02
9.326247972880138404e-01 -3.480129847006016575e-01 9.538318916939834968e-02
9.266584210161620261e-01 -3.630237910955125269e-01 9.755972939256477017e-02
9.203264520673065663e-01 -3.782376045899536465e-01 9.967717474928065868e-02
9.136198869647472742e-01 -3.936353195166975572e-01 1.017346576255973856e-01
9.065303600742677936e-01 -4.091973932199728936e-01 1.037313981288180420e-01
8.990501865467008802e-01 -4.249038859916016708e-01 1.056667079566866729e-01
8.911724020557890702e-01 -4.407345040658215973e-01 1.075399938921570570e-01
8.828907990436066777e-01 -4.566686454277147922e-01 1.093507608835432993e-01
8.741999592115033968e-01 -4.726854481567230315e-01 1.110986146732632768e-01
8.650952820240835894e-01 -4.887638409962795638e-01 1.127832639423219097e-01
8.555730090267744670e-01 -5.048825958136583525e-01 1.144045219420958270e-01
8.456302438136256150e-01 -5.210203815912025638e-01 1.159623075898139205e-01
8.352649675206071933e-01 -5.371558195715542272e-01 1.174566460093112580e-01
8.244760497602670046e-01 -5.532675391656963759e-01 1.188876685040908265e-01
8.132632549555521839e-01 -5.693342342237792675e-01 1.202556119553768454e-01
8.016272440732552518e-01 -5.853347192649938080e-01 1.215608176435983706e-01
7.895695718002448960e-01 -6.012479852642265143e-01 1.228037294975149463e-01
7.770926792477185208e-01 -6.170532545998517193e-01 1.239848917808983597e-01
7.641998823095191851e-01 -6.327300347786436463e-01 1.251049462322289807e-01
7.508953558394658723e-01 -6.482581705701999653e-01 1.261646286781696047e-01
7.371841138490710099e-01 -6.636178942041397466e-01 1.271647651465657169e-01
7.230719859604318733e-01 -6.787898733082826652e-01 1.281062675093187775e-01
7.085655903790196719e-01 -6.937552562945626944e-01 1.289901286896265320e-01
6.936723036771614836e-01 -7.084957149310661118e-01 1.298174174717301455e-01
6.784002277009041348e-01 -7.229934838727376523e-01 1.305892729544095576e-01
6.627581539304440161e-01 -7.372313969593866645e-01 1.313068986919973813e-01
6.467555256372646832e-01 -7.511929201270213241e-01 1.319715565686185588e-01
6.304023981894935069e-01 -7.648621808166465863e-01 1.325845604527008947e-01
6.137093978608109124e-01 -7.782239938028635562e-01 1.331472696795452659e-01
5.966876794976299081e-01 -7.912638834023352219e-01 1.336610824099079553e-01
5.793488833944034910e-01 -8.039681020588835825e-01 1.341274289121561492e-01
5.617050917180722580e-01 -8.163236453371637280e-01 1.345477648146439220e-01
5.437687848101401267e-01 -8.283182633900627589e-01 1.349235643735613444e-01
5.255527976790338451e-01 -8.399404689958182013e-01 1.352563137996793674e-01
5.070702769766504137e-01 -8.511795422890026108e-01 1.355475046852011034e-01
4.883346387317608617e-01 -8.620255323347292276e-01 1.357986275693889855e-01
4.693595270896486760e-01 -8.724692557174946739e-01 1.360111656788262624e-01
4.501587742824753047e-01 -8.825022923348645465e-01 1.361865888751453701e-01
4.307463620288175532e-01 -8.921169786016590608e-01 1.363263478398746842e-01
4.111363845340511580e-01 -9.013063982824042197e-01 1.364318685227713379e-01
3.913430132361694347e-01 -9.100643711786272627e-01 1.365045468766766801e-01
3.713804634146160577e-01 -9.183854399031892157e-01 1.365457438985982208e-01
3.512629627531311249e-01 -9.262648549764127548e-01 1.365567809934361276e-01
3.310047219217810421e-01 -9.336985584784434078e-01 1.365389356735691728e-01
3.106378850651101975e-01 -9.406799768836141551e-01 1.364745047190344951e-01
2.901783656972483638e-01 -9.472066329481281244e-01 1.363675751694126137e-01
2.696415470405116865e-01 -9.532769577515771697e-01 1.362221821079815098e-01
2.490422432058160829e-01 -9.588902222471175074e-01 1.360423012834078849e-01
2.283946662043751796e-01 -9.640464677425800710e-01 1.358318424942832059e-01
2.077123986844990056e-01 -9.687464358504321860e-01 1.355946437208538635e-01
1.870083722431034601e-01 -9.729914984048719795e-01 1.353344659819425144e-01
1.662948511240741611e-01 -9.767835878024163643e-01 1.350549888895576645e-01
1.455834210847553045e-01 -9.801251281790630543e-01 1.347598068690275264e-01
1.248849831873070221e-01 -9.830189677933227621e-01 1.344524260086469858e-01
1.042097522531581361e-01 -9.854683129408748909e-01 1.341362614997536340e-01
8.356725970586967311e-02 -9.874766636839720224e-01 1.338146356258040903e-01
6.296636051996623573e-02 -9.890477516375703049e-01 1.334907762573490919e-01
4.241524399019784564e-02 -9.901854800149697544e-01 1.331678158087468145e-01
2.192144803675784639e-02 -9.908938660988939606e-01 1.328487906119455719e-01
1.491876766686987821e-03 -9.911769862697289435e-01 1.325366406626463378e-01
-1.886717898046868028e-02 -9.910389236912883204e-01 1.322342096945602619e-01
-3.915001836420704817e-02 -9.904837187261343878e-01 1.319442455382443813e-01
-5.935150480065815026e-02 -9.895153221272460220e-01 1.316694007220727269e-01
-7.946703798070850477e-02 -9.881375510307127685e-01 1.314122332742258259e-01
-9.949252386754112165e-02 -9.863540477551413499e-01 1.311752076861075200e-01
-1.194243428759601960e-01 -9.841682413975200161e-01 1.309606959992804520e-01
-1.392593164188235533e-01 -9.815833122023186474e-01 1.307709789798088273e-01
-1.589946719886494719e-01 -9.786021586704856112e-01 1.306082473457742255e-01
-1.786280069252878799e-01 -9.752273673676068455e-01 1.304746030156571091e-01
-1.981572510037110657e-01 -9.714611853856657264e-01 1.303720603472282857e-01
-2.175806279597167214e-01 -9.673054954104265413e-01 1.303025473385510946e-01
-2.368966160558511613e-01 -9.627617933462906397e-01 1.302679067646402289e-01
-2.561039077753336501e-01 -9.578311684523798109e-01 1.302698972252469556e-01
-2.752013687183536561e-01 -9.525142859474065027e-01 1.303101940811361437e-01
-2.941879957629624509e-01 -9.468113720464358396e-01 1.303903902580847707e-01
-3.130628745420132031e-01 -9.407222013997529331e-01 1.305119968996650559e-01
-3.318251362783335989e-01 -9.342460869125636114e-01 1.306764438516837268e-01
-3.504739140126439390e-01 -9.273818719340038985e-01 1.308850799629364958e-01
-3.690082982527529420e-01 -9.201279248147643530e-01 1.311391731887158185e-01
-3.874272920683644594e-01 -9.124821358443712116e-01 1.314399104852905786e-01
-4.057297656534912811e-01 -9.044419165916621761e-01 1.317883974853734097e-01
-4.239144103780771444e-01 -8.960042016850695568e-01 1.321856579464200376e-01
-4.419796923520510346e-01 -8.871654530828172458e-01 1.326326329654825553e-01
-4.599238055287553917e-01 -8.779216668968693460e-01 1.331301799562824018e-01
-4.777446243805683057e-01 -8.682683828482486987e-01 1.336790713861981950e-01
-4.954396561876526772e-01 -8.582006964449790942e-01 1.342799932729969725e-01
-5.130059929911707783e-01 -8.477132739871781064e-01 1.349335434433930059e-01
-5.304402632750588875e-01 -8.368003705165101280e-01 1.356402295579151041e-01
-5.477385834556087740e-01 -8.254558508390532623e-01 1.364004669091173905e-01
-5.648965092756850215e-01 -8.136732137613656990e-01 1.372145760028946337e-01
-5.819089872204341596e-01 -8.014456196888666284e-01 1.380827799355754393e-01
-5.987703060938098787e-01 -7.887659217432565484e-01 1.390052015825728737e-01
-6.154740489201131481e-01 -7.756267005612436094e-01 1.399818606176794489e-01
-6.320130453619637878e-01 -7.620203029399595929e-01 1.410126703856031671e-01
-6.483705944542605959e-01 -7.479640972764656226e-01 1.420045289268778155e-01
-6.645279862068568244e-01 -7.334623470916501464e-01 1.429529494167119386e-01
-6.804662442182277671e-01 -7.185206211105069629e-01 1.438534404134459710e-01
-6.961662170940781103e-01 -7.031458408497016643e-01 1.447015185672755333e-01
-7.116086753722429270e-01 -6.873463215680705174e-01 1.454927220510541797e-01
-7.267744134260544220e-01 -6.711318058693988009e-01 1.462226246332048729e-01
-7.416443557217700100e-01 -6.545134892866962817e-01 1.468868502998785242e-01
-7.561996667113829451e-01 -6.375040372308382608e-01 1.474810883210229406e-01
-7.704218635522147585e-01 -6.201175927539295252e-01 1.480011086432417300e-01
-7.842929307612156453e-01 -6.023697746588274615e-01 1.484427774815140488e-01
-7.977954358370131782e-01 -5.842776655803100239e-01 1.488020729722995816e-01
-8.109126448185277614e-01 -5.658597897694330747e-01 1.490751007425468733e-01
-8.236286366974118200e-01 -5.471360804293493585e-01 1.492581092429229317e-01
-8.359284155644635117e-01 -5.281278365765651461e-01 1.493475046894265634e-01
-8.477980193491040373e-01 -5.088576695342698075e-01 1.493398654556452321e-01
-8.592246240072474173e-01 -4.893494393016649679e-01 1.492319557584306233e-01
-8.701966420273570257e-01 -4.696281811825757657e-01 1.490207384828187154e-01
-8.807038141576737367e-01 -4.497200231952971361e-01 1.487033869976662759e-01
-8.907372933095765166e-01 -4.296520949207418005e-01 1.482772958217198345e-01
-9.002897196623942389e-01 -4.094524285746166670e-01 1.477400900106114190e-01
-9.093552860828363338e-01 -3.891498532087105389e-01 1.470896331484616570e-01
-9.179297930761978197e-01 -3.687738830537140022e-01 1.463240338431759102e-01
-9.260106926048223830e-01 -3.483546011088266559e-01 1.454416506418924060e-01
-9.335971202397681523e-01 -3.279225391595496086e-01 1.444410953020804356e-01
-9.406899152516732254e-01 -3.075085554627047801e-01 1.433212343741420980e-01
-9.472916283936266835e-01 -2.871437113754879977e-01 1.420811890726563498e-01
-9.534065172794023990e-01 -2.668591482223609535e-01 1.407203334352087054e-01
-9.590405294115746937e-01 -2.466859656894252739e-01 1.392382907896474731e-01
-9.642012730626678962e-01 -2.266551030107411546e-01 1.376349285721733262e-01
-9.688979763555293223e-01 -2.067972241654960075e-01 1.359103515594869971e-01
-9.731414350236676780e-01 -1.871426082401326796e-01 1.340648935979006084e-01
-9.769439494557197179e-01 -1.677210460270913139e-01 1.320991079305034455e-01
-9.803192517381800197e-01 -1.485617438336741536e-01 1.300137562398521185e-01
-9.832824235051179640e-01 -1.296932353629960954e-01 1.278097965379671463e-01
-9.858498054813005229e-01 -1.111433024065683478e-01 1.254883700474613561e-01
-9.880388996648958866e-01 -9.293890495746656710e-02 1.230507872272610242e-01
-9.898682651371643049e-01 -7.510612121702031629e-02 1.204985131035292839e-01
-9.913574085091384491e-01 -5.767009782927992600e-02 1.178331520710520219e-01
-9.925266700195807257e-01 -4.065501053882693977e-02 1.150564323325416333e-01
-9.933971062852320344e-01 -2.408403533129401322e-02 1.121701901431561010e-01
-9.939903706746419099e-01 -7.979329984516600471e-03 1.091763540251683984e-01
-9.943285922321321024e-01 7.637974166453006392e-03 1.060769291133451531e-01
-9.944342540203833236e-01 2.274777056350333476e-02 1.028739817854275873e-01
-9.943300716806373618e-01 3.733096627832856174e-02 9.956962472440043788e-02
-9.940388729305991156e-01 5.136946189929252060e-02 9.616600255024887467e-02
-9.935834786338995084e-01 6.484612305196865711e-02 9.266527814891026282e-02
-9.929865859835609321e-01 7.774474422576166388e-02 8.906961981539511519e-02
-9.922706542473727076e-01 9.005000564012852204e-02 8.538118931683925938e-02
-9.914577934274352300e-01 1.017474239337444603e-01 8.160213096980149794e-02
-9.905696560912697901e-01 1.128232974990940468e-01 7.773456181465873693e-02
-9.896100796942538524e-01 1.233220521215564330e-01 7.391592309081604362e-02
-9.885966244173400863e-01 1.332517172220012425e-01 7.014767311139151473e-02
-9.875455513307050959e-01 1.426207665829206661e-01 6.643118938835725074e-02
-9.864718564045793503e-01 1.514380565878390983e-01 6.276777376783158890e-02
-9.853893068818996293e-01 1.597127701697793611e-01 5.915865757128883906e-02
-9.843104795956968411e-01 1.674543662731885763e-01 5.560500669930444617e-02
-9.832468008542494253e-01 1.746725346110115928e-01 5.210792665813474694e-02
-9.822085875557826640e-01 1.813771554803352004e-01 4.866846747313988836e-02
-9.812050892315374861e-01 1.875782643857936693e-01 4.528762845674516591e-02
-9.802445307511133965e-01 1.932860212093138463e-01 4.196636280225828769e-02
-9.793341554568976148e-01 1.985106836573881373e-01 3.870558197838534775e-02
-9.784802685249888166e-01 2.032625847125138219e-01 3.550615990269057748e-02
-9.776882803782031006e-01 2.075521138133711307e-01 3.236893687550665422e-02
-9.769627500024703481e-01 2.113897014883973913e-01 2.929472325890970438e-02
-9.763074280411652150e-01 2.147858071693478366e-01 2.628430288831920189e-02
-9.757252995626992664e-01 2.177509099149381455e-01 2.333843620706364808e-02
-9.752186264150654038e-01 2.202955017794982484e-01 2.045786311686796990e-02
-9.747889890970493632e-01 2.224300835675104837e-01 1.764330553967045218e-02
-9.744373280895954892e-01 2.241651627217742526e-01 1.489546968846976356e-02
-9.741639846024364724e-01 2.255112531005689647e-01 1.221504804704218877e-02
-9.739687407006906161e-01 2.264788764074434912e-01 9.602721060361668615e-03
-9.738508587838253794e-01 2.270785650460284411e-01 7.059158539408010719e-03
-9.738091203953128661e-01 2.273208661814556386e-01 4.585020785768350107e-03
-9.738418643456113744e-01 2.272163467995024222e-01 2.180959443030441869e-03
-9.739470241339325263e-01 2.267755995643976619e-01 -1.523819165601919372e-04
-9.741221646557542968e-01 2.260092492862885716e-01 -2.414367460348359421e-03
-9.743645181833572311e-01 2.249279598196363972e-01 -4.604369007342739781e-03
-9.746710196059482634e-01 2.235424412242610626e-01 -6.721766171892466085e-03
-9.750383409143397184e-01 2.218634570313712528e-01 -8.765946725705318909e-03
-9.754629249128176083e-01 2.199018314676819408e-01 -1.073630716400899091e-02
-9.759410181379079008e-01 2.176684565016252237e-01 -1.263225346082089313e-02
-9.764687029603663637e-01 2.151742985866903490e-01 -1.445320199755728563e-02
-9.770419288430239879e-01 2.124304049880730572e-01 -1.619858064857998547e-02
-9.776565427232321026e-01 2.094479095900582677e-01 -1.786783000675019537e-02
-9.783083184847055636e-01 2.062380380928844903e-01 -1.946040473163614115e-02
-9.789929854796727282e-01 2.028121125192213492e-01 -2.097577500270667722e-02
-9.797062560585144686e-01 1.991815549618030645e-01 -2.241342805963960488e-02
-9.804438520606201246e-01 1.953578905151689693e-01 -2.377286981178359029e-02
-9.812015302170929987e-01 1.913527493458239137e-01 -2.505362649883900034e-02
-9.819751064132914431e-01 1.871778678664028084e-01 -2.625524638496777585e-02
-9.827604787570598521e-01 1.828450889905504917e-01 -2.737730146880729132e-02
-9.835536493969559979e-01 1.783663614561525890e-01 -2.841938919224888324e-02
-9.843507450338608855e-01 1.737537382152140597e-01 -2.938113413134882390e-02
-9.851480360691101668e-01 1.690193738990088956e-01 -3.026218965336663694e-02
-9.859419543327292423e-01 1.641755213770509647e-01 -3.106223952467149912e-02
-9.867291093365120336e-01 1.592345274378858810e-01 -3.178099945511848878e-02
-9.875063029985449159e-01 1.542088276286064652e-01 -3.241821856546857339e-02
-9.882705427883439198e-01 1.491109402982748744e-01 -3.297368076550409588e-02
-9.890190532450113814e-01 1.439534598980227453e-01 -3.344720603166777967e-02
-9.897492858247008973e-01 1.387490495974273985e-01 -3.383865157432060233e-02
-9.904604443380157219e-01 1.334817689727656187e-01 -3.421589475729312768e-02
-9.911513021764390974e-01 1.281538416686326121e-01 -3.457876465575372010e-02
-9.918206657265956627e-01 1.227675318325412573e-01 -3.492709658766555286e-02
-9.924673765363124511e-01 1.173251430095567233e-01 -3.526073233004566737e-02
-9.930903134266745313e-01 1.118290169471996137e-01 -3.557952033105991896e-02
-9.936883945448080624e-01 1.062815323118096872e-01 -3.588331591724230885e-02
-9.942605793521825941e-01 1.006851033179141375e-01 -3.617198149513383559e-02
-9.948058705433111548e-01 9.504217827249464290e-02 -3.644538674664581784e-02
-9.953233158898330268e-01 8.935523803639390528e-02 -3.670340881746578937e-02
-9.958120100050954493e-01 8.362679440544415477e-02 -3.694593249784026978e-02
-9.962710960245023672e-01 7.785938841423444001e-02 -3.717285039508812922e-02
-9.966997671970755368e-01 7.205558856575890181e-02 -3.738406309722092091e-02
-9.970972683838692507e-01 6.621798899050304610e-02 -3.757947932707197264e-02
-9.974628974590986630e-01 6.034920753882710986e-02 -3.775901608636476892e-02
-9.977960066100827197e-01 5.445188381079335560e-02 -3.792259878918242955e-02
-9.980960035323596102e-01 4.852867712785575993e-02 -3.807016138433415992e-02
-9.983623525166110957e-01 4.258226445108489328e-02 -3.820164646615135245e-02
-9.985945754243262806e-01 3.661533825083543303e-02 -3.831700537328487643e-02
-9.987922525494479231e-01 3.063060433297824445e-02 -3.841619827511645602e-02
-9.989550233635667853e-01 2.463077962701128165e-02 -3.849919424544021029e-02
-9.990825871425704774e-01 1.861858994153289815e-02 -3.856597132311546244e-02
-9.991747034730014132e-01 1.259676769270639575e-02 -3.861651655943851985e-02
-9.992311926367378749e-01 6.568049611464749776e-03 -3.865082605202885269e-02
-9.992519358729788914e-01 5.351744352989525055e-04 -3.866890496507419117e-02
-9.992368755168863359e-01 -5.499119409458587057e-03 -3.867076753582862625e-02
-9.991860150146133490e-01 -1.153209612890274995e-02 -3.865643706730806373e-02
-9.990994188148266675e-01 -1.756102488040939269e-02 -3.862594590717784160e-02
-9.989772121372082481e-01 -2.358318208311952283e-02 -3.857933541287779378e-02
-9.988195806187970538e-01 -2.959585371413920099e-02 -3.851665590308020470e-02
-9.986267698394037939e-01 -3.559633758460665348e-02 -3.843796659562561530e-02
-9.983990847276958958e-01 -4.158194558987063361e-02 -3.834333553213033902e-02
-9.981368888499083658e-01 -4.755000592814219440e-02 -3.823283948950707140e-02
-9.978406035834834764e-01 -5.349786528212491926e-02 -3.810656387868648076e-02
-9.975107071782768342e-01 -5.942289095829551837e-02 -3.796460263087225728e-02
-9.971477337082922388e-01 -6.532247297869625546e-02 -3.780705807170516020e-02
-9.967522719172130508e-01 -7.119402612031193456e-02 -3.763404078375254258e-02
-9.963249639612905550e-01 -7.703499189733549468e-02 -3.744566945777842715e-02
-9.958665040534236956e-01 -8.284284048187670613e-02 -3.724207073328564960e-02
-9.953776370125178019e-01 -8.861507255893565083e-02 -3.702337902885520504e-02
-9.948591567224472909e-01 -9.434922111174613713e-02 -3.678973636283905391e-02
-9.943119045051587168e-01 -1.000428531338907606e-01 -3.654129216499068383e-02
-9.937367674126459383e-01 -1.056935712648987419e-01 -3.627820307964308572e-02
-9.931346764426962626e-01 -1.112990153463569443e-01 -3.600063276106590937e-02
-9.925066046834575273e-01 -1.168568638958922407e-01 -3.570875166165264625e-02
-9.918535653919985373e-01 -1.223648354967179913e-01 -3.540273681360461139e-02
-9.911766100121367495e-01 -1.278206901007765128e-01 -3.508277160479131296e-02
-9.904768261368880333e-01 -1.332222302438513528e-01 -3.474904554947629010e-02
-9.897553354209466248e-01 -1.385673021713665076e-01 -3.440175405460398766e-02
-9.890132914486369220e-01 -1.438537968739319051e-01 -3.404109818234647006e-02
-9.882518775627913143e-01 -1.490796510320345214e-01 -3.366728440960903290e-02
-9.874723046599959142e-01 -1.542428478696101779e-01 -3.328052438519093353e-02
-9.866758089576145307e-01 -1.593414179165612010e-01 -3.288103468529177120e-02
-9.858636497379509311e-01 -1.643734396806081077e-01 -3.246903656804553395e-02
-9.850371070748369373e-01 -1.693370402291771160e-01 -3.204475572775300485e-02
-9.841974795478470872e-01 -1.742303956823302025e-01 -3.160842204946955059e-02
-9.833460819492317873e-01 -1.790517316180365304e-01 -3.116026936458891894e-02
-9.824842429885414230e-01 -1.837993233913655933e-01 -3.070053520804520361e-02
-9.816133029997752280e-01 -1.884714963694487377e-01 -3.022946057773450226e-02
-9.807346116557409399e-01 -1.930666260843096615e-01 -2.974728969673503046e-02
-9.798495256941456288e-01 -1.975831383059018509e-01 -2.925426977888013341e-02
-9.789594066597686606e-01 -2.020195090379137970e-01 -2.875065079821249175e-02
-9.780656186668824636e-01 -2.063742644391087788e-01 -2.823668526282028732e-02
-9.771695261858973636e-01 -2.106459806731557083e-01 -2.771262799352734729e-02
-9.762724918580092393e-01 -2.148332836900799792e-01 -2.717873590787927771e-02
-9.753758743414258081e-01 -2.189348489426193312e-01 -2.663526780983686490e-02
-9.744810261925399564e-01 -2.229494010409069638e-01 -2.608248418555629902e-02
-9.735892917852101425e-01 -2.268757133490264810e-01 -2.552064700560370200e-02
-9.727020052710940723e-01 -2.307126075270857501e-01 -2.495001953391873251e-02
-9.718204885837731233e-01 -2.344589530225447693e-01 -2.437086614380918129e-02
-9.709460494891913873e-01 -2.381136665146018350e-01 -2.378345214122547929e-02
-9.700799796847254797e-01 -2.416757113154967274e-01 -2.318804359553101879e-02
-9.692235529489937607e-01 -2.451440967326271314e-01 -2.258490717795139102e-02
-9.683780233443132213e-01 -2.485178773953964915e-01 -2.197431000785310742e-02
-9.675446234735107787e-01 -2.517961525507192988e-01 -2.135651950697024792e-02
-9.667245627926078777e-01 -2.549780653311021217e-01 -2.073180326166588344e-02
-9.659190259807071133e-01 -2.580628019991977329e-01 -2.010042889328414809e-02
-9.651291713682330631e-01 -2.610495911726957163e-01 -1.946266393661862451e-02
-9.643561294245067694e-01 -2.639377030333658891e-01 -1.881877572649320179e-02
-9.636010013054695511e-01 -2.667264485240126159e-01 -1.816903129242305320e-02
-9.628648574622167278e-01 -2.694151785370275665e-01 -1.751369726129577489e-02
-9.621487363108558455e-01 -2.720032830981496952e-01 -1.685303976798609507e-02
-9.614536429640661019e-01 -2.744901905489498528e-01 -1.618732437379207661e-02
-9.607805480246071062e-01 -2.768753667314596267e-01 -1.551681599255624357e-02
-9.601303864409077571e-01 -2.791583141782563171e-01 -1.484177882431182011e-02
-9.595040564247561132e-01 -2.813385713112013242e-01 -1.416247629627213032e-02
-9.589024184310110943e-01 -2.834157116519074315e-01 -1.347917101096025860e-02
-9.583262941991682604e-01 -2.853893430468825154e-01 -1.279212470125633966e-02
-9.577764658565296463e-01 -2.872591069101637640e-01 -1.210159819212135342e-02
-9.572536750826566854e-01 -2.890246774861173207e-01 -1.140785136873896655e-02
-9.567586223347235297e-01 -2.906857611349357162e-01 -1.071114315080090584e-02
-9.562919661333332266e-01 -2.922420956432185135e-01 -1.001173147264646998e-02
-9.558543224083145828e-01 -2.936934495618706009e-01 -9.309873268953114747e-03
-9.554462639039797978e-01 -2.950396215734004679e-01 -8.605824465662581177e-03
-9.550683196432954158e-01 -2.962804398905444225e-01 -7.899839975815739490e-03
-9.547209744503931672e-01 -2.974157616879862798e-01 -7.192173699959178781e-03
-9.544046685308369415e-01 -2.984454725687819554e-01 -6.483078530777589173e-03
-9.541197971090488172e-01 -2.993694860669397495e-01 -5.772806361598095334e-03
-9.538667101222972899e-01 -3.001877431874453994e-01 -5.061608098405944410e-03
-9.536457119706509555e-01 -3.009002119848605550e-01 -4.349733675005238928e-03
-9.534570613223104507e-01 -3.015068871814615692e-01 -3.637432070953778782e-03
-9.533009709737408910e-01 -3.020077898257250149e-01 -2.924951331897462925e-03
-9.531776077640440326e-01 -3.024029669918054108e-01 -2.212538591927109763e-03
-9.530870925430274809e-01 -3.026924915204906030e-01 -1.500440097578947547e-03
-9.530295001924484755e-01 -3.028764618019624266e-01 -7.889012330993960690e-04
-9.530048596999353139e-01 -3.029550016005307378e-01 -7.816654659507319552e-05
-9.530131542851121296e-01 -3.029282599213541927e-01 6.315202233097954579e-04
-9.530543215774793797e-01 -3.027964109190049435e-01 1.339916120684222622e-03
-9.531282538456284925e-01 -3.025596538475821551e-01 2.046778945742158597e-03
-9.532347982773948791e-01 -3.022182130519273091e-01 2.751867228903708777e-03
-9.533737573105793839e-01 -3.017723379993453303e-01 3.454940205829713177e-03
-9.535448890138900069e-01 -3.012223033510884052e-01 4.155757793787870011e-03
-9.537479075177814902e-01 -3.005684090727147595e-01 4.854080569702066972e-03
-9.539824834948861243e-01 -2.998109805822927187e-01 5.549669750229233901e-03
-9.542482446897502246e-01 -2.989503689352807636e-01 6.242287174199853336e-03
-9.545447764976007221e-01 -2.979869510447780145e-01 6.931695287749262656e-03
-9.548716225918799649e-01 -2.969211299357065181e-01 7.617657132457079927e-03
-9.552282856002909384e-01 -2.957533350313560905e-01 8.299936336801464268e-03
-9.556142278290966630e-01 -2.944840224705967957e-01 8.978297111223505766e-03
-9.560288720354157554e-01 -2.931136754539406808e-01 9.652504247084865707e-03
-9.564716022472463663e-01 -2.916428046165162602e-01 1.032232311978874967e-02
-9.569417646309372749e-01 -2.900719484259039471e-01 1.098751969632060128e-02
-9.574386684058061592e-01 -2.884016736026714933e-01 1.164786054745031198e-02
-9.579615868055773031e-01 -2.866325755613426951e-01 1.230311286482252582e-02
-9.585097580862821376e-01 -2.847652788694319814e-01 1.295304448314552395e-02
-9.590823865802249326e-01 -2.828004377220837973e-01 1.359742390767247795e-02
-9.596786437955738824e-01 -2.807387364297651566e-01 1.423602034715134614e-02
-9.602976695610850877e-01 -2.785808899163775276e-01 1.486860375240153971e-02
-9.609385732154098747e-01 -2.763276442250766629e-01 1.549494486065664672e-02
-9.616004348403714985e-01 -2.739797770290190448e-01 1.611481524579298080e-02
-9.622823065375267770e-01 -2.715380981441905539e-01 1.672798737454365275e-02
-9.629832137472509324e-01 -2.690034500414166807e-01 1.733423466877708624e-02
-9.637021566095007596e-01 -2.663767083546059733e-01 1.793333157389772822e-02
-9.644381113653210935e-01 -2.636587823822382770e-01 1.852505363340481437e-02
-9.651900317980655064e-01 -2.608506155790776826e-01 1.910917756962290243e-02
-9.659568507132008097e-01 -2.579531860350676165e-01 1.968548137059512870e-02
-9.667374814554590134e-01 -2.549675069383515180e-01 2.025374438310712996e-02
-9.675308194619901547e-01 -2.518946270193591630e-01 2.081374741178620633e-02
-9.683357438500544978e-01 -2.487356309729035209e-01 2.136527282419670160e-02
-9.691511190376733698e-01 -2.454916398552495216e-01 2.190810466182870411e-02
-9.699757963955373263e-01 -2.421638114531416974e-01 2.244202875685339868e-02
-9.708086159283435546e-01 -2.387533406218146359e-01 2.296683285449428388e-02
-9.716484079836094079e-01 -2.352614595890576699e-01 2.348230674083971736e-02
-9.724939949858800725e-01 -2.316894382224635451e-01 2.398824237589838176e-02
-9.733441931941193559e-01 -2.280385842570603616e-01 2.448443403167573779e-02
-9.741978144799439132e-01 -2.243102434806067691e-01 2.497067843502629933e-02
-9.750536681242328862e-01 -2.205057998739227143e-01 2.544677491501372291e-02
-9.759105626295186964e-01 -2.166266757037303980e-01 2.591252555448835329e-02
-9.767673075454397225e-01 -2.126743315655953703e-01 2.636773534557016602e-02
-9.776227153044159124e-01 -2.086502663746823139e-01 2.681221234870401551e-02
-9.784756030645891389e-01 -2.045560173021765960e-01 2.724576785493391246e-02
-9.793247945569608648e-01 -2.003931596553692740e-01 2.766821655102374294e-02
-9.801691219335506577e-01 -1.961633066995608632e-01 2.807937668703358591e-02
-9.810074276133007309e-01 -1.918681094201054038e-01 2.847907024594365649e-02
-9.818385661223586469e-01 -1.875092562230939175e-01 2.886712311490199218e-02
-9.826614059252861688e-01 -1.830884725733610274e-01 2.924336525765735759e-02
-9.834748312436676354e-01 -1.786075205686933620e-01 2.960763088772578114e-02
-9.842777438585240679e-01 -1.740681984493196444e-01 2.995975864182736509e-02
-9.850690648928869253e-01 -1.694723400419716475e-01 3.029959175312006703e-02
-9.858477365708385731e-01 -1.648218141380204671e-01 3.062697822374872703e-02
-9.866127239492976653e-01 -1.601185238054134985e-01 3.094177099622102620e-02
-9.873630166188053225e-01 -1.553644056343631563e-01 3.124382812311730581e-02
-9.880976303695642171e-01 -1.505614289169675823e-01 3.153301293463826177e-02
-9.888156088189864468e-01 -1.457115947611759832e-01 3.180919420349361676e-02
-9.895160249970302857e-01 -1.408169351397448588e-01 3.207224630663591675e-02
-9.901979828856372068e-01 -1.358795118750664999e-01 3.232204938334660299e-02
-9.908606189086320848e-01 -1.309014155609848906e-01 3.255848948918672187e-02
-9.915031033685127726e-01 -1.258847644229475204e-01 3.278145874533168469e-02
-9.921246418266321809e-01 -1.208317031180716483e-01 3.299085548281874281e-02
-9.927244764233702501e-01 -1.157444014769301172e-01 3.318658438124711535e-02
-9.933018871350003387e-01 -1.106250531890835831e-01 3.336855660148393965e-02
-9.938561929640750137e-01 -1.054758744346017546e-01 3.353668991194447974e-02
-9.943867530602924498e-01 -1.002991024640249029e-01 3.369090880803223692e-02
-9.948929677689541951e-01 -9.509699412941718943e-02 3.383114462434366060e-02
-9.953742796042857055e-01 -8.987182436935473029e-02 3.395733563926304349e-02
-9.958301741450671374e-01 -8.462588465087191036e-02 3.406942717159575085e-02
-9.962601808502080658e-01 -7.936148137155921156e-02 3.416737166891227473e-02
-9.966638737920964219e-01 -7.408093422516312532e-02 3.425112878730119520e-02
-9.970408723057621048e-01 -6.878657453418283996e-02 3.432066546225650411e-02
-9.973908415521108850e-01 -6.348074355308892802e-02 3.437595597045304402e-02
-9.977134929937121477e-01 -5.816579074590472881e-02 3.441698198219352023e-02
-9.980085847818559452e-01 -5.284407204199167984e-02 3.444373260434119982e-02
-9.982759220538365286e-01 -4.751794807396440140e-02 3.445620441358382413e-02
-9.985153571396633287e-01 -4.218978240172944344e-02 3.445440147990658231e-02
-9.987267896776498288e-01 -3.686193972669320196e-02 3.443833538018473833e-02
-9.989101666385852285e-01 -3.153678410021889394e-02 3.440802520183963015e-02
-9.990654822584451589e-01 -2.621667713042986556e-02 3.436349753653521188e-02
-9.991927778798553872e-01 -2.090397619145643177e-02 3.430478646392576964e-02
-9.992921417027743614e-01 -1.560103263920620612e-02 3.423193352549876861e-02
-9.993637084451143515e-01 -1.031019003770344139e-02 3.414498768858985345e-02
-9.994076589142707467e-01 -5.033782399991591598e-03 3.404400530067977493e-02
-9.994242194907716481e-01 2.258675524747224758e-04 3.392905003411492842e-02
-9.994136615255037048e-01 5.466450108106298521e-03 3.380019282142456699e-02
-9.993763006521990677e-01 1.068567025738231292e-02 3.365751178143808198e-02
-9.993124960170985949e-01 1.588124935535244545e-02 3.350109213643517186e-02
-9.992226494279201621e-01 2.105092675094037691e-02 3.333102612058969072e-02
-9.991072044244706518e-01 2.619246137969384255e-02 3.314741287999493219e-02
-9.989666452734375923e-01 3.130363331678236161e-02 3.295035836458339723e-02
-9.988014958900823803e-01 3.638224528721152595e-02 3.273997521227789420e-02
-9.986123186897307713e-01 4.142612413040149683e-02 3.251638262573299659e-02
-9.983997133721204120e-01 4.643312221646610921e-02 3.227970624204627714e-02
-9.981643156418112950e-01 5.140111881172662600e-02 3.203007799583730553e-02
-9.979067958680025718e-01 5.632802139119957169e-02 3.176763597610903628e-02
-9.976278576872187331e-01 6.121176689601036391e-02 3.149252427732102122e-02
-9.973282365524368531e-01 6.605032293390208920e-02 3.120489284511645742e-02
-9.970086982323175251e-01 7.084168892123093864e-02 3.090489731715598612e-02
-9.966700372642812722e-01 7.558389716506523637e-02 3.059269885951958895e-02
-9.963130753652358340e-01 8.027501388423260997e-02 3.026846399914469993e-02
-9.959386598038073579e-01 8.491314016838820422e-02 2.993236445277310323e-02
-9.955476617379644955e-01 8.949641287440539272e-02 2.958457695288176093e-02
-9.951409745219441660e-01 9.402300545961753131e-02 2.922528307107317286e-02
-9.947195119863939672e-01 9.849112875166420034e-02 2.885466903939946925e-02
-9.942842066956404379e-01 1.028990316549170392e-01 2.847292557009103650e-02
-9.938360081859703987e-01 1.072450017936774774e-01 2.808024767415520997e-02
-9.933758811887832829e-01 1.115273660925510113e-01 2.767683447930359419e-02
-9.929048038424241884e-01 1.157444912946085647e-01 2.726288904765773041e-02
-9.924237658964552011e-01 1.198947844181447453e-01 2.683861819367249282e-02
-9.919337669120539269e-01 1.239766931530345007e-01 2.640423230270456251e-02
-9.914358144621522317e-01 1.279887061978725871e-01 2.595994515063995700e-02
-9.909309223348440332e-01 1.319293535392551120e-01 2.550597372497976842e-02
-9.904201087434948425e-01 1.357972066747267226e-01 2.504253804776717870e-02
-9.899043945468863903e-01 1.395908787810721807e-01 2.456986100072163295e-02
-9.893848014826184256e-01 1.433090248297752556e-01 2.408816815292775040e-02
-9.888623504168785328e-01 1.469503416516017569e-01 2.359768759140732503e-02
-9.883380596135680207e-01 1.505135679523859904e-01 2.309864975488272118e-02
-9.878129430256492594e-01 1.539974842822112444e-01 2.259128727101917394e-02
-9.872880086114513842e-01 1.574009129602749468e-01 2.207583479741208332e-02
-9.867642566785406189e-01 1.607227179578173126e-01 2.155252886656352368e-02
-9.862426782576282358e-01 1.639618047415695168e-01 2.102160773506982910e-02
-9.857242535088556190e-01 1.671171200802420709e-01 2.048331123721952238e-02
-9.852099501626594424e-01 1.701876518166286212e-01 1.993788064317807834e-02
-9.847007219972866432e-01 1.731724286079421304e-01 1.938555852191303427e-02
-9.841975073548940856e-01 1.760705196370321302e-01 1.882658860899014477e-02
-9.837012276980332537e-01 1.788810342971521306e-01 1.826121567934836654e-02
-9.832127862081917469e-01 1.816031218529551294e-01 1.768968542513889297e-02
-9.827330664279322336e-01 1.842359710803953277e-01 1.711224433869102182e-02
-9.822629309480447324e-01 1.867788098882022796e-01 1.652913960064558013e-02
-9.818032201410046289e-01 1.892309049235736673e-01 1.594061897327502669e-02
-9.813547509419108250e-01 1.915915611647022454e-01 1.534693069898811733e-02
-9.809183156779613943e-01 1.938601215027138391e-01 1.474832340399644462e-02
-9.804946809474158753e-01 1.960359663155451238e-01 1.414504600710005805e-02
-9.800845865488854169e-01 1.981185130362344837e-01 1.353734763353002524e-02
-9.796887444616904084e-01 2.001072157180352473e-01 1.292547753376706819e-02
-9.793078378779306314e-01 2.020015645986900088e-01 1.230968500723746140e-02
-9.789425202868184961e-01 2.038010856661267856e-01 1.169021933077018897e-02
-9.785934146117432064e-01 2.055053402277537966e-01 1.106732969168300676e-02
-9.782611124004492176e-01 2.071139244854396377e-01 1.044126512534950500e-02
-9.779461730686379584e-01 2.086264691181698439e-01 9.812274457084635068e-03
-9.776491231972308515e-01 2.100426388742706041e-01 9.180606248172389766e-03
-9.773704558834644951e-01 2.113621321749848403e-01 8.546508745846467456e-03
-9.771106301459300258e-01 2.125846807310769748e-01 7.910229837022829044e-03
-9.768700703836087351e-01 2.137100491740292763e-01 7.272017005572058851e-03
-9.766491658889079330e-01 2.147380347032764314e-01 6.632117292909404070e-03
-9.764482704146512093e-01 2.156684667508056985e-01 5.990777261671263731e-03
-9.762677017949336067e-01 2.165012066643283717e-01 5.348242962238766544e-03
-9.761077416197148082e-01 2.172361474101039691e-01 4.704759901861903931e-03
-9.759686349629845825e-01 2.178732132963731860e-01 4.060573016131459496e-03
-9.758505901643039770e-01 2.184123597182286991e-01 3.415926642540716499e-03
-9.757537786634948862e-01 2.188535729246244843e-01 2.771064495874608034e-03
-9.756783348882237528e-01 2.191968698080958566e-01 2.126229645160618818e-03
-9.756243561941998488e-01 2.194422977176333778e-01 1.481664491913317313e-03
-9.755919028576862662e-01 2.195899342950244082e-01 8.376107494029023893e-04
-9.755809981199984326e-01 2.196398873348476000e-01 1.943094226775867643e-04
-9.755916282836477604e-01 2.195922946681772014e-01 -4.479992109300207689e-04
-9.756237428597652750e-01 2.194473240699272021e-01 -1.089075621081125878e-03
-9.756772547664244177e-01 2.192051731896386135e-01 -1.728681043760000105e-03
-9.757520405774604555e-01 2.188660695053893934e-01 -2.366577500917712174e-03
-9.758479408213681650e-01 2.184302703003834500e-01 -3.002527820689889371e-03
-9.759647603298372553e-01 2.178980626616542626e-01 -3.636295658443327097e-03
-9.761022686354671185e-01 2.172697635002010241e-01 -4.267645518900696315e-03
-9.762602004181801796e-01 2.165457195917587785e-01 -4.896342779586199991e-03
-9.764382559998298072e-01 2.157263076372917809e-01 -5.522153715827843312e-03
-9.766361018864757604e-01 2.148119343421896199e-01 -6.144845527543981931e-03
-9.768533713577729483e-01 2.138030365130392518e-01 -6.764186368033065118e-03
-9.770896651028901925e-01 2.127000811707439876e-01 -7.379945374975993566e-03
-9.773445519023458150e-01 2.115035656786618534e-01 -7.991892703850252827e-03
-9.776175693551122370e-01 2.102140178843415197e-01 -8.599799563944058103e-03
-9.779082246503058018e-01 2.088319962733444501e-01 -9.203438257147120855e-03
-9.782159953827386234e-01 2.073580901335569382e-01 -9.802582219682319867e-03
-9.785403304115671830e-01 2.057929197283157874e-01 -1.039700606692969473e-02
-9.788806507612254348e-01 2.041371364765971474e-01 -1.098648564148059330e-02
-9.792363505637839971e-01 2.023914231384486007e-01 -1.157079806454572833e-02
-9.796067980418219356e-01 2.005564940037818378e-01 -1.214972179082623831e-02
-9.799913365308455804e-01 1.986330950825861419e-01 -1.272303666694168250e-02
-9.803892855402277506e-01 1.966220042945719393e-01 -1.329052399349327403e-02
-9.807999418515820356e-01 1.945240316562099059e-01 -1.385196659082457010e-02
-9.812225806534194961e-01 1.923400194630932591e-01 -1.440714886852537992e-02
-9.816564567108705397e-01 1.900708424655211115e-01 -1.495585689870783212e-02
-9.821008055691832217e-01 1.877174080351770857e-01 -1.549787849306641374e-02
-9.825548447896375048e-01 1.852806563207622104e-01 -1.603300328371643282e-02
-9.830177752164397376e-01 1.827615603904325925e-01 -1.656102280778772723e-02
-9.834887822730862261e-01 1.801611263588925038e-01 -1.708173059573276503e-02
-9.839670372866052839e-01 1.774803934970008157e-01 -1.759492226329037456e-02
-9.844516988380087597e-01 1.747204343217645950e-01 -1.810039560702852643e-02
-9.849419141372021125e-01 1.718823546646176259e-01 -1.859795070337168926e-02
-9.854368204205231629e-01 1.689672937159132915e-01 -1.908739001100055385e-02
-9.859355463689958299e-01 1.659764240436021610e-01 -1.956851847649423645e-02
-9.864372135453065571e-01 1.629109515841128397e-01 -2.004114364306773186e-02
-9.869409378474298666e-01 1.597721156035118717e-01 -2.050507576224020606e-02
-9.874458309767496500e-01 1.565611886270837916e-01 -2.096012790825295402e-02
-9.879510019184482017e-01 1.532794763355453949e-01 -2.140611609503952073e-02
-9.884555584318562849e-01 1.499283174261903662e-01 -2.184285939553456263e-02
-9.889586085483883515e-01 1.465090834373494189e-01 -2.227018006309277806e-02
-9.894592620746165412e-01 1.430231785346482987e-01 -2.268790365477452164e-02
-9.899566320979716894e-01 1.394720392576507817e-01 -2.309585915624079444e-02
-9.904498364924984033e-01 1.358571342255855685e-01 -2.349387910798703127e-02
-9.909379994220367527e-01 1.321799638009747702e-01 -2.388179973263285932e-02
-9.914202528381497181e-01 1.284420597101072203e-01 -2.425946106297343849e-02
-9.918957379700726884e-01 1.246449846194313676e-01 -2.462670707048762384e-02
-9.923636068039211056e-01 1.207903316670798366e-01 -2.498338579398866680e-02
-9.928230235483612720e-01 1.168797239488804512e-01 -2.532934946809486942e-02
-9.932731660839250187e-01 1.129148139583560362e-01 -2.566445465119040689e-02
-9.937132273931300608e-01 1.088972829803669662e-01 -2.598856235254047228e-02
-9.941424169685615375e-01 1.048288404382059086e-01 -2.630153815822022442e-02
-9.945599621960666825e-01 1.007112231941125619e-01 -2.660325235551348061e-02
-9.949651097102254482e-01 9.654619480333720416e-02 -2.689358005543497632e-02
-9.953571267192743433e-01 9.233554472204459629e-02 -2.717240131302919512e-02
-9.957353022966888290e-01 8.808108746951329171e-02 -2.743960124509940354e-02
-9.960989486366641499e-01 8.378466174524981658e-02 -2.769507014502243375e-02
-9.964474022707794365e-01 7.944812950180080158e-02 -2.793870359430819517e-02
-9.967800252431856523e-01 7.507337497420873973e-02 -2.817040257056766320e-02
-9.970962062417202398e-01 7.066230366721806821e-02 -2.839007355155932777e-02
-9.973953616824262625e-01 6.621684130149631253e-02 -2.859762861499164435e-02
-9.976769367450377679e-01 6.173893272029006007e-02 -2.879298553376803335e-02
-9.979404063570833650e-01 5.723054075808622909e-02 -2.897606786637135085e-02
-9.981852761243632521e-01 5.269364507299507949e-02 -2.914680504209632081e-02
-9.984110832056656282e-01 4.813024094471196612e-02 -2.930513244085146407e-02
-9.986173971297062080e-01 4.354233804004881137e-02 -2.945099146726615214e-02
-9.988038205524024660e-01 3.893195914815374831e-02 -2.958432961885383572e-02
-9.989699899527297866e-01 3.430113888765699143e-02 -2.970510054799891178e-02
-9.991155762655474781e-01 2.965192238809252062e-02 -2.981326411755225170e-02
-9.992402854499331522e-01 2.498636394804797795e-02 -2.990878644983890541e-02
-9.993438589917181814e-01 2.030652567258870583e-02 -2.999163996890088363e-02
-9.994260743390788182e-01 1.561447609258552471e-02 -3.006180343581807760e-02
-9.994867452702019817e-01 1.091228876864946962e-02 -3.011926197697138013e-02
-9.995257221922163593e-01 6.202040882439621185e-03 -3.016400710513349182e-02
-9.995428923707518898e-01 1.485811818162218606e-03 -3.019603673329505564e-02
-9.995381800896676605e-01 -3.234318262879837605e-03 -3.021535518115613800e-02
-9.995115467406682219e-01 -7.956269851798529469e-03 -3.022197317423595472e-02
-9.994629908427051790e-01 -1.267796552278674903e-02 -3.021590783557664972e-02
-9.993925479912446619e-01 -1.739733136202588348e-02 -3.019718267004008541e-02
-9.993002907376601351e-01 -2.211229839192730903e-02 -3.016582754121961696e-02
-9.991863283991888611e-01 -2.682080398781698169e-02 -3.012187864101187329e-02
-9.990508068000686359e-01 -3.152079328420060583e-02 -3.006537845191618527e-02
-9.988939079446462754e-01 -3.621022056778652048e-02 -2.999637570215178684e-02
-9.987158496234210814e-01 -4.088705065449411286e-02 -2.991492531370482794e-02
-9.985168849531532720e-01 -4.554926024773697790e-02 -2.982108834343866199e-02
-9.982973018523317865e-01 -5.019483927534204581e-02 -2.971493191742165946e-02
-9.980574224534524141e-01 -5.482179220254767421e-02 -2.959652915864684555e-02
-9.977976024537089650e-01 -5.942813931861527788e-02 -2.946595910833689144e-02
-9.975182304058451965e-01 -6.401191799468956833e-02 -2.932330664104629628e-02
-9.972197269510535422e-01 -6.857118391065150642e-02 -2.916866237379000734e-02
-9.969025439959360302e-01 -7.310401224882509541e-02 -2.900212256944394509e-02
-9.965671638356643491e-01 -7.760849885252335545e-02 -2.882378903467813780e-02
-9.962140982255915933e-01 -8.208276134754988185e-02 -2.863376901269714531e-02
-9.958438874036704691e-01 -8.652494022490897496e-02 -2.843217507107525036e-02
-9.954570990661290031e-01 -9.093319988311987512e-02 -2.821912498498539701e-02
-9.950543272989412769e-01 -9.530572962867697728e-02 -2.799474161613104903e-02
-9.946361914677064320e-01 -9.964074463334847420e-02 -2.775915278769904709e-02
-9.942033350686158011e-01 -1.039364868471594344e-01 -2.751249115565902043e-02
-9.937564245432444210e-01 -1.081912258660611414e-01 -2.725489407674106662e-02
-9.932961480599515891e-01 -1.124032597534458805e-01 -2.698650347342819444e-02
-9.928232142647098746e-01 -1.165709158148245800e-01 -2.670746569630340697e-02
-9.923383510042118605e-01 -1.206925513251431298e-01 -2.641793138409335995e-02
-9.918423040241187705e-01 -1.247665542083707946e-01 -2.611805532175115810e-02
-9.913358356453262354e-01 -1.287913436691506819e-01 -2.580799629692028668e-02
-9.908197234211201243e-01 -1.327653707764565871e-01 -2.548791695511963551e-02
-9.902947587780855931e-01 -1.366871189993525137e-01 -2.515798365398646749e-02
-9.897617456436138550e-01 -1.405551046950995753e-01 -2.481836631690965966e-02
-9.892214990628265259e-01 -1.443678775500000788e-01 -2.446923828637995527e-02
-9.886748438077002099e-01 -1.481240209735089353e-01 -2.411077617737728343e-02
-9.881226129811333525e-01 -1.518221524462779748e-01 -2.374315973110725439e-02
-9.875656466186495397e-01 -1.554609238229294754e-01 -2.336657166939024033e-02
-9.870047902903738013e-01 -1.590390215904793070e-01 -2.298119754999655012e-02
-9.864408937058586346e-01 -1.625551670834488593e-01 -2.258722562321055158e-02
-9.858748093242685195e-01 -1.660081166568164179e-01 -2.218484668989510050e-02
-9.853073909723604196e-01 -1.693966618180641481e-01 -2.177425396131534366e-02
-9.847394924726196042e-01 -1.727196293196744947e-01 -2.135564292096795574e-02
-9.841719662838317451e-01 -1.759758812135210349e-01 -2.092921118864839169e-02
-9.836056621562856428e-01 -1.791643148686813403e-01 -2.049515838697449008e-02
-9.830414258037158959e-01 -1.822838629542760658e-01 -2.005368601057025413e-02
-9.824800975940035652e-01 -1.853334933890054548e-01 -1.960499729809855873e-02
-9.819225112605628469e-01 -1.883122092591153762e-01 -1.914929710731622797e-02
-9.813694926362470650e-01 -1.912190487065770772e-01 -1.868679179330929793e-02
-9.808218584115157013e-01 -1.940530847893095490e-01 -1.821768909005049702e-02
-9.802804149185065929e-01 -1.968134253153101532e-01 -1.774219799540498535e-02
-9.797459569425656101e-01 -1.994992126525886589e-01 -1.726052865969444905e-02
-9.792192665626896497e-01 -2.021096235168211852e-01 -1.677289227791357168e-02
-9.787011120222472993e-01 -2.046438687386551991e-01 -1.627950098567700760e-02
-9.781922466312464870e-01 -2.071011930126030187e-01 -1.578056775895906108e-02
-9.776934077013301749e-01 -2.094808746294620772e-01 -1.527630631767266239e-02
-9.772053155145887793e-01 -2.117822251941922640e-01 -1.476693103311870273e-02
-9.767286723271939586e-01 -2.140045893311676994e-01 -1.425265683932162332e-02
-9.762641614087703701e-01 -2.161473443786999515e-01 -1.373369914825225274e-02
-9.758124461183420584e-01 -2.182099000747030892e-01 -1.321027376892433026e-02
-9.753741690176082058e-01 -2.201916982353395724e-01 -1.268259683033702567e-02
-9.749499510222279230e-01 -2.220922124284473165e-01 -1.215088470822201644e-02
-9.745403905917190412e-01 -2.239109476435054147e-01 -1.161535395554046460e-02
-9.741460629585053654e-01 -2.256474399598479286e-01 -1.107622123666240910e-02
-9.737675193965800169e-01 -2.273012562147816995e-01 -1.053370326514890473e-02
-9.734052865301869861e-01 -2.288719936732067362e-01 -9.988016745045472100e-03
-9.730598656828648441e-01 -2.303592797002759485e-01 -9.439378315584326037e-03
-9.727317322671364952e-01 -2.317627714385656068e-01 -8.888004499182271603e-03
-9.724213352150765655e-01 -2.330821554911580162e-01 -8.334111652611206345e-03
-9.721290964499371690e-01 -2.343171476119661201e-01 -7.777915921208826064e-03
-9.718554103989645032e-01 -2.354674924045533635e-01 -7.219633195988422146e-03
-9.716006435474955349e-01 -2.365329630306244879e-01 -6.659479073498581619e-03
-9.713651340343817386e-01 -2.375133609292817971e-01 -6.097668818276168710e-03
-9.711491912887497691e-01 -2.384085155480584473e-01 -5.534417327729190816e-03
-9.709530957080719782e-01 -2.392182840866557414e-01 -4.969939099280029117e-03
-9.707770983774886009e-01 -2.399425512542246730e-01 -4.404448199594040991e-03
-9.706214208302911262e-01 -2.405812290409440612e-01 -3.838158235713752271e-03
-9.704862548494501695e-01 -2.411342565045589137e-01 -3.271282327914692718e-03
-9.703717623100434064e-01 -2.416015995724525578e-01 -2.704033084095453041e-03
-9.702780750624172557e-01 -2.419832508597354603e-01 -2.136622575511703311e-03
-9.702052948558911316e-01 -2.422792295037430599e-01 -1.569262313661736429e-03
-9.701534933027942120e-01 -2.424895810152436493e-01 -1.002163228129562909e-03
-9.701227118826042384e-01 -2.426143771465662236e-01 -4.355356451906964655e-04
-9.701129619859392150e-01 -2.426537157767675312e-01 1.304107330144819782e-04
-9.701242249981358867e-01 -2.426077208138675556e-01 6.954668489345248355e-04
-9.701564524221309993e-01 -2.424765421140922528e-01 1.259424309881620237e-03
-9.702095660403448063e-01 -2.422603554179745822e-01 1.822075408319327391e-03
-9.702834581152499638e-01 -2.419593623030765472e-01 2.383213142353255397e-03
-9.703779916282925244e-01 -2.415737901530088660e-01 2.942631236611783357e-03
-9.704930005568143114e-01 -2.411038921423400427e-01 3.500124163700520444e-03
-9.706282901886086334e-01 -2.405499472369033997e-01 4.055487166410230195e-03
-9.707836374737243146e-01 -2.399122602089289735e-01 4.608516280853401301e-03
-9.709587914131126984e-01 -2.391911616663484896e-01 5.159008360699554943e-03
-9.711534734836934080e-01 -2.383870080955437787e-01 5.706761102673748275e-03
-9.713673780993941076e-01 -2.375001819167350536e-01 6.251573073476573636e-03
-9.716001731076949754e-01 -2.365310915511327772e-01 6.793243738277271807e-03
-9.718515003211876113e-01 -2.354801714989078754e-01 7.331573490924410581e-03
-9.721209760836303504e-01 -2.343478824269685790e-01 7.866363686010929834e-03
-9.724081918699563065e-01 -2.331347112654690301e-01 8.397416672922214040e-03
-9.727127149196602707e-01 -2.318411713119143958e-01 8.924535831987295831e-03
-9.730340889029615026e-01 -2.304678023416714960e-01 9.447525612844277082e-03
-9.733718346191048143e-01 -2.290151707236403322e-01 9.966191575121652671e-03
-9.737254507261291492e-01 -2.274838695397935762e-01 1.048034043152738792e-02
-9.740944145013952227e-01 -2.258745187072451754e-01 1.098978009342745782e-02
-9.744781826321263773e-01 -2.241877651014693718e-01 1.149431971898499938e-02
-9.748761920351745047e-01 -2.224242826792538485e-01 1.199376976392040398e-02
-9.752878607051823634e-01 -2.205847725999389441e-01 1.248794203494152377e-02
-9.757125885902673268e-01 -2.186699633434675549e-01 1.297664974588175722e-02
-9.761497584943077399e-01 -2.166806108237467887e-01 1.345970757657214203e-02
-9.765987370048629934e-01 -2.146174984958052756e-01 1.393693173446169074e-02
-9.770588754457111280e-01 -2.124814374552164153e-01 1.440814001898819800e-02
-9.775295108529353794e-01 -2.102732665282501801e-01 1.487315188868955189e-02
-9.780099669734411139e-01 -2.079938523512135096e-01 1.533178853103327535e-02
-9.784995552847297606e-01 -2.056440894374420014e-01 1.578387293492967969e-02
-9.789975760347039424e-01 -2.032249002304131469e-01 1.622922996588156697e-02
-9.795033193002229410e-01 -2.007372351414656308e-01 1.666768644371107236e-02
-9.800160660630730103e-01 -1.981820725706273933e-01 1.709907122279177849e-02
-9.805350893019625369e-01 -1.955604189090801304e-01 1.752321527470208570e-02
-9.810596550990963172e-01 -1.928733085218178045e-01 1.793995177320351769e-02
-9.815890237598303703e-01 -1.901218037090924018e-01 1.834911618143575743e-02
-9.821224509438530870e-01 -1.873069946452811940e-01 1.875054634120840863e-02
-9.826591888062881086e-01 -1.844299992938563948e-01 1.914408256425790752e-02
-9.831984871470615950e-01 -1.814919632971902508e-01 1.952956772532684834e-02
-9.837395945668265806e-01 -1.784940598399858691e-01 1.990684735691207463e-02
-9.842817596276913772e-01 -1.754374894851866984e-01 2.027576974551741074e-02
-9.848242320169514619e-01 -1.723234799812852769e-01 2.063618602923687068e-02
-9.853662637119831036e-01 -1.691532860400244975e-01 2.098795029648458862e-02
-9.859071101444157881e-01 -1.659281890835619389e-01 2.133091968567868077e-02
-9.864460313616659759e-01 -1.626494969602500229e-01 2.166495448567779675e-02
-9.869822931838800883e-01 -1.593185436282705258e-01 2.198991823676120505e-02
-9.875151683543058612e-01 -1.559366888064528112e-01 2.230567783193605422e-02
-9.880439376810885577e-01 -1.525053175916989967e-01 2.261210361834896029e-02
-9.885678911684646630e-01 -1.490258400425368279e-01 2.290906949857319380e-02
-9.890863291353141351e-01 -1.454996907284219210e-01 2.319645303153776081e-02
-9.895985633190191866e-01 -1.419283282445146510e-01 2.347413553286037402e-02
-9.901039179625736875e-01 -1.383132346917627375e-01 2.374200217434289245e-02
-9.906017308828874990e-01 -1.346559151222290474e-01 2.399994208238523732e-02
-9.910913545182364892e-01 -1.309578969497135759e-01 2.424784843507205370e-02
-9.915721569528206381e-01 -1.272207293258295902e-01 2.448561855768554077e-02
-9.920435229164109581e-01 -1.234459824818059659e-01 2.471315401639803677e-02
-9.925048547570900492e-01 -1.196352470363995085e-01 2.493036070989882586e-02
-9.929555733851218591e-01 -1.157901332704134034e-01 2.513714895871165325e-02
-9.933951191860228569e-01 -1.119122703684292119e-01 2.533343359196223860e-02
-9.938229529009499075e-01 -1.080033056284703669e-01 2.551913403135884842e-02
-9.942385564725695346e-01 -1.040649036404238947e-01 2.569417437215372121e-02
-9.946414338546292200e-01 -1.000987454341541599e-01 2.585848346085874508e-02
-9.950311117835131114e-01 -9.610652759834677206e-02 2.601199496949528275e-02
-9.954071405101323489e-01 -9.208996137122228698e-02 2.615464746616544267e-02
-9.957690944905742692e-01 -8.805077170435757217e-02 2.628638448174036926e-02
-9.961165730340152402e-01 -8.399069630094672945e-02 2.640715457247016715e-02
-9.964492009064854772e-01 -7.991148462992386792e-02 2.651691137832997910e-02
-9.967666288891665616e-01 -7.581489691745485482e-02 2.661561367692735075e-02
-9.970685342899969772e-01 -7.170270311738569102e-02 2.670322543280739466e-02
-9.973546214074615612e-01 -6.757668186230976481e-02 2.677971584200429175e-02
-9.976246219455461306e-01 -6.343861939698508534e-02 2.684505937170028611e-02
-9.978782953789461230e-01 -5.929030849589544960e-02 2.689923579486662095e-02
-9.981154292677323348e-01 -5.513354736680554924e-02 2.694223021977455376e-02
-9.983358395207907465e-01 -5.097013854220981688e-02 2.697403311427882741e-02
-9.985393706074736642e-01 -4.680188776061715988e-02 2.699464032479058015e-02
-9.987258957170195295e-01 -4.263060283964929115e-02 2.700405308987158595e-02
-9.988953168654207682e-01 -3.845809254295826096e-02 2.700227804839699236e-02
-9.990475649495461630e-01 -3.428616544298965230e-02 2.698932724224906154e-02
-9.991825997484461430e-01 -3.011662878163064161e-02 2.696521811352003972e-02
-9.993004098718974992e-01 -2.595128733078785888e-02 2.692997349621785441e-02
-9.994010126563689367e-01 -2.179194225493760045e-02 2.688362160248399663e-02
-9.994844540087146623e-01 -1.764038997768123049e-02 2.682619600334844659e-02
-9.995508081980263304e-01 -1.349842105432133219e-02 2.675773560406195448e-02
-9.996001775961979030e-01 -9.367819052449346401e-03 2.667828461406114918e-02
-9.996326923678778842e-01 -5.250359442503430181e-03 2.658789251163692913e-02
-9.996485101106026283e-01 -1.147808500216083993e-03 2.648661400339110544e-02
-9.996478154460182175e-01 2.938077777174973558e-03 2.637450897858052354e-02
-9.996308195632135352e-01 7.005554739131941190e-03 2.625164245846160413e-02
-9.995977597152931882e-01 1.105289013267649056e-02 2.611808454076141456e-02
-9.995488986704246237e-01 1.507836513420733257e-02 2.597391033941407607e-02
-9.994845241186933738e-01 1.908027536065033322e-02 2.581919991971327183e-02
-9.994049480361963944e-01 2.305693185839206155e-02 2.565403822904302814e-02
-9.993105060078923962e-01 2.700666206852899223e-02 2.547851502335949161e-02
-9.992015565108137709e-01 3.092781076705042320e-02 2.529272478960635853e-02
-9.990784801593233233e-01 3.481874097866333173e-02 2.509676666425565000e-02
-9.989416789141729591e-01 3.867783486306110990e-02 2.489074434817383635e-02
-9.987915752571872030e-01 4.250349457253523033e-02 2.467476601802065864e-02
-9.986286113334573722e-01 4.629414307992868460e-02 2.444894423439461159e-02
-9.984532480629859652e-01 5.004822497603229892e-02 2.421339584694464850e-02
-9.982659642237686759e-01 5.376420723562899684e-02 2.396824189667246321e-02
-9.980672555083444086e-01 5.744057995149654677e-02 2.371360751565353489e-02
-9.978576335558784205e-01 6.107585703578560093e-02 2.344962182440806647e-02
-9.976376249618730263e-01 6.466857688829658057e-02 2.317641782715499504e-02
-9.974077702676226176e-01 6.821730303128567541e-02 2.289413230518331718e-02
-9.971686229315464001e-01 7.172062471053640420e-02 2.260290570857530559e-02
-9.969207482845415802e-01 7.517715746253839093e-02 2.230288204651545425e-02
-9.966647224715045050e-01 7.858554364771899725e-02 2.199420877641750441e-02
-9.964011313811651505e-01 8.194445294977535654e-02 2.167703669209962436e-02
-9.961305695663718041e-01 8.525258284125444841e-02 2.135151981123450948e-02
-9.958536391569510204e-01 8.850865901562597615e-02 2.101781526229738739e-02
-9.955709487672472768e-01 9.171143578618723424e-02 2.067608317123007661e-02
-9.952831124004257735e-01 9.485969645223032987e-02 2.032648654803388341e-02
-9.949907483515910700e-01 9.795225363298955268e-02 1.996919117349799794e-02
-9.946944781117420531e-01 1.009879495699702590e-01 1.960436548626334069e-02
-9.943949252745473144e-01 1.039656563983403503e-01 1.923218047041436521e-02
-9.940927144478823863e-01 1.068842763881402008e-01 1.885280954378350249e-02
-9.937884701720267611e-01 1.097427421561377181e-01 1.846642844714447076e-02
-9.934828158463694381e-01 1.125400168492206310e-01 1.807321513446173353e-02
-9.931763726664217806e-01 1.152750943002791850e-01 1.767334966435413213e-02
-9.928697585728807340e-01 1.179469991575877730e-01 1.726701409292097714e-02
-9.925635872144310534e-01 1.205547869887447360e-01 1.685439236806885593e-02
-9.922584669259157941e-01 1.230975443602746744e-01 1.643567022546710277e-02
-9.919549997234443639e-01 1.255743888940375197e-01 1.601103508624935126e-02
-9.916537803179451549e-01 1.279844693016230217e-01 1.558067595656779589e-02
-9.913553951486083760e-01 1.303269653979384213e-01 1.514478332909597290e-02
-9.910604214375994259e-01 1.326010880952208093e-01 1.470354908656484362e-02
-9.907694262673590879e-01 1.348060793787239919e-01 1.425716640740596307e-02
-9.904829656817429884e-01 1.369412122653426434e-01 1.380582967356446498e-02
-9.902015838121862590e-01 1.390057907464447018e-01 1.334973438053358753e-02
-9.899258120300155062e-01 1.409991497161849905e-01 1.288907704965154208e-02
-9.896561681259647969e-01 1.429206548865713799e-01 1.242405514269069762e-02
-9.893881506952721949e-01 1.447982901277356238e-01 1.202265724848065702e-02
-9.891256693427765700e-01 1.466132854830332621e-01 1.161708280271614956e-02
-9.888691538948969351e-01 1.483650569883886994e-01 1.120750570717714799e-02
-9.886190227423439225e-01 1.500530476336220109e-01 1.079410072343975693e-02
-9.883756822199065706e-01 1.516767273106388592e-01 1.037704340161989258e-02
-9.881395260092467048e-01 1.532355927527139228e-01 9.956510010787976428e-03
-9.879109345653881435e-01 1.547291674657522986e-01 9.532677471053720153e-03
-9.876902745675409934e-01 1.561570016523982640e-01 9.105723287313008049e-03
-9.874778983948557798e-01 1.575186721298413584e-01 8.675825484642010407e-03
-9.872741436276579741e-01 1.588137822421483714e-01 8.243162545316970458e-03
-9.870793325746691771e-01 1.600419617679252060e-01 7.807913347431734083e-03
-9.868937718266768133e-01 1.612028668240855778e-01 7.370257105078902894e-03
-9.867177518370745526e-01 1.622961797664735639e-01 6.930373310054637435e-03
-9.865515465296508246e-01 1.633216090880559024e-01 6.488441675041548007e-03
-9.863954129339657095e-01 1.642788893153649121e-01 6.044642078218826625e-03
-9.862495908486129670e-01 1.651677809038375744e-01 5.599154509243827078e-03
-9.861143025326296607e-01 1.659880701326579833e-01 5.152159016544663114e-03
-9.859897524252739798e-01 1.667395689996706287e-01 4.703835655859118711e-03
-9.858761268943574407e-01 1.674221151168909794e-01 4.254364439951210074e-03
-9.857735940132816843e-01 1.680355716070972283e-01 3.803925289433184986e-03
-9.856823033668939971e-01 1.685798270019429612e-01 3.352697984617504685e-03
-9.856023858862411613e-01 1.690547951419857919e-01 2.900862118320527566e-03
-9.855339537122708160e-01 1.694604150789812136e-01 2.448597049537130747e-03
-9.854771000884925414e-01 1.697966509807444235e-01 1.996081857903421290e-03
-9.854318992825822354e-01 1.700634920388354732e-01 1.543495298862963003e-03
-9.853984065368815992e-01 1.702609523792760204e-01 1.091015759450628987e-03
-9.853766580477126835e-01 1.703890709764576683e-01 6.388212146072201527e-04
-9.853666709733982509e-01 1.704479115703542991e-01 1.870891839374303747e-04
-9.853684434708496198e-01 1.704375625871030753e-01 -2.640033111764549510e-04
-9.853819547605539020e-01 1.703581370629705938e-01 -7.142797901925618384e-04
-9.854071652197633480e-01 1.702097725716741894e-01 -1.163564355846006485e-03
-9.854440165036627564e-01 1.699926311549808111e-01 -1.611681736490000721e-03
-9.854924316942609286e-01 1.697068992564606249e-01 -2.058457328426151374e-03
-9.855523154767252825e-01 1.693527876582263669e-01 -2.503717238306973902e-03
-9.856235543428507606e-01 1.689305314204458675e-01 -2.947288325691651330e-03
-9.857060168213255258e-01 1.684403898233713948e-01 -3.388998245833735150e-03
-9.857995537344306225e-01 1.678826463115876411e-01 -3.828675492776813846e-03
-9.859039984807798085e-01 1.672576084401395380e-01 -4.266149442831194787e-03
-9.860191673436807802e-01 1.665656078221616487e-01 -4.701250398501333194e-03
-9.861448598246695951e-01 1.658070000775935526e-01 -5.133809632930139318e-03
-9.862808590017434485e-01 1.649821647825297499e-01 -5.563659434922407429e-03
-9.864269319117874302e-01 1.640915054187183364e-01 -5.990633154605428702e-03
-9.865828299566636872e-01 1.631354493226910007e-01 -6.414565249780426054e-03
-9.867482893324033277e-01 1.621144476339766438e-01 -6.835291333013752274e-03
-9.869230314809112059e-01 1.610289752418234133e-01 -7.252648219511883924e-03
-9.871067635635675241e-01 1.598795307298280510e-01 -7.666473975819103510e-03
-9.872991789560786602e-01 1.586666363178485806e-01 -8.076607969371410803e-03
-9.874999577639033133e-01 1.573908378005555442e-01 -8.482890918934697308e-03
-9.877087673575482007e-01 1.560527044819589038e-01 -8.885164945949503706e-03
-9.879252629270011132e-01 1.546528291052319815e-01 -9.283273626798847072e-03
-9.881490880545376054e-01 1.531918277771412706e-01 -9.677062046009635501e-03
-9.883798753051102892e-01 1.516703398863803176e-01 -1.006637685039208155e-02
-9.886172468334994967e-01 1.500890280150991296e-01 -1.045106630411537542e-02
-9.888608150073754377e-01 1.484485778429156522e-01 -1.083098034471161215e-02
-9.891101830453935539e-01 1.467496980426942210e-01 -1.120597063999368564e-02
-9.893649456694160182e-01 1.449931201673776981e-01 -1.157589064586652360e-02
-9.896246897699245704e-01 1.431795985271633598e-01 -1.194059566500473533e-02
-9.898889950836625706e-01 1.413099100563207922e-01 -1.229994290636339180e-02
-9.901574348825163963e-01 1.393848541689592935e-01 -1.265379154548243110e-02
-9.904295766726213257e-01 1.374052526030659638e-01 -1.300200278553893807e-02
-9.907049829026501886e-01 1.353719492521510970e-01 -1.334443991909543305e-02
-9.909832116802206325e-01 1.332858099838570010e-01 -1.368096839048629602e-02
-9.912638174953305459e-01 1.311477224449074663e-01 -1.401145585877854038e-02
-9.915463519497117462e-01 1.289585958518002506e-01 -1.433577226123745711e-02
-9.918303644909690631e-01 1.267193607666715627e-01 -1.465378987722205407e-02
-9.921154031503534032e-01 1.244309688577923539e-01 -1.496538339242988597e-02
-9.924010152829983999e-01 1.220943926441879629e-01 -1.527042996340572008e-02
-9.926867483094354849e-01 1.197106252239083374e-01 -1.556880928222359114e-02
-9.929721504571852320e-01 1.172806799855133641e-01 -1.586040364124717550e-02
-9.932567715012122767e-01 1.148055903023775526e-01 -1.614509799786907271e-02
-9.935401635020195688e-01 1.122864092094604943e-01 -1.642278003912550285e-02
-9.938218815401489437e-01 1.097242090622332772e-01 -1.669334024607927597e-02
-9.941014844458492261e-01 1.071200811774972589e-01 -1.695667195786043635e-02
-9.943785355226690825e-01 1.044751354558789286e-01 -1.721267143525102850e-02
-9.946526032637306169e-01 1.017904999858340459e-01 -1.746123792369771999e-02
-9.949232620594400389e-01 9.906732062904487213e-02 -1.770227371563379629e-02
-9.951900928953972825e-01 9.630676058714604526e-02 -1.793568421199016882e-02
-9.954526840392707854e-01 9.350999994976778862e-02 -1.816137798277357718e-02
-9.957106317154151842e-01 9.067823522393861357e-02 -1.837926682658912875e-02
-9.959635407660202278e-01 8.781267884494456388e-02 -1.858926582898374341e-02
-9.962110252975954205e-01 8.491455866879640824e-02 -1.879129341948689025e-02
-9.964527093116130052e-01 8.198511744651168498e-02 -1.898527142722526012e-02
-9.966882273181515428e-01 7.902561228047347286e-02 -1.917112513498878817e-02
-9.969172249314085521e-01 7.603731406318275932e-02 -1.934878333162655742e-02
-9.971393594459760923e-01 7.302150689877583145e-02 -1.951817836265275566e-02
-9.973543003928039274e-01 6.997948750773193283e-02 -1.967924617894491537e-02
-9.975617300738076620e-01 6.691256461524969223e-02 -1.983192638341913297e-02
-9.977613440741148754e-01 6.382205832382266408e-02 -1.997616227556992669e-02
-9.979528517509815844e-01 6.070929947059522380e-02 -2.011190089376571621e-02
-9.981359766984523318e-01 5.757562897012909880e-02 -2.023909305519469223e-02
-9.983104571868817168e-01 5.442239714325867311e-02 -2.035769339335998310e-02
-9.984760465764815907e-01 5.125096303275871595e-02 -2.046766039302761256e-02
-9.986325137041082156e-01 4.806269370659176088e-02 -2.056895642253564124e-02
-9.987796432425545268e-01 4.485896354954384962e-02 -2.066154776337818591e-02
-9.989172360316667110e-01 4.164115354409617109e-02 -2.074540463698359635e-02
-9.990451093806616001e-01 3.841065054141635376e-02 -2.082050122861205110e-02
-9.991630973410770000e-01 3.516884652338691380e-02 -2.088681570830398793e-02
-9.992710509498493598e-01 3.191713785661874636e-02 -2.094433024881732497e-02
-9.993688384420730264e-01 2.865692453942533108e-02 -2.099303104049815571e-02
-9.994563454330583907e-01 2.538960944275764353e-02 -2.103290830303651895e-02
-9.995334750693710690e-01 2.211659754612106329e-02 -2.106395629406600939e-02
-9.996001481485978779e-01 1.883929516951326349e-02 -2.108617331457330463e-02
-9.996563032076529742e-01 1.555910920243661760e-02 -2.109956171109106729e-02
-9.997018965795029244e-01 1.227744633104952549e-02 -2.110412787465527906e-02
-9.997369024182567454e-01 8.995712264528478441e-03 -2.109988223651561648e-02
-9.997613126926342408e-01 5.715310961716568716e-03 -2.108683926059515268e-02
-9.997751371478932336e-01 2.437643859134438259e-03 -2.106501743270331947e-02
-9.997784032363622453e-01 -8.358908985735854884e-04 -2.103443924651369340e-02
-9.997711560167928946e-01 -4.103899224692208678e-03 -2.099513118632579528e-02
-9.997534580228117917e-01 -7.364991851931055634e-03 -2.094712370663754514e-02
-9.997253891008154314e-01 -1.061778508832177115e-02 -2.089045120856244941e-02
-9.996870462177169792e-01 -1.386090156649147712e-02 -2.082515201313285894e-02
-9.996385432390156867e-01 -1.709297098530811188e-02 -2.075126833153769640e-02
-9.995800106777200655e-01 -2.031263084291674154e-02 -2.066884623234997373e-02
-9.995115954147170134e-01 -2.351852716021261488e-02 -2.057793560580609485e-02
-9.994334603912345960e-01 -2.670931519382631694e-02 -2.047859012520534747e-02
-9.993457842741033659e-01 -2.988366013772880692e-02 -2.037086720550415619e-02
-9.992487610945737231e-01 -3.304023781259921022e-02 -2.025482795918553958e-02
-9.991425998614975601e-01 -3.617773534213581527e-02 -2.013053714948974740e-02
-9.990275241497317271e-01 -3.929485181553064171e-02 -1.999806314109728311e-02
-9.989037716646663734e-01 -4.239029893537007293e-02 -1.985747784836039073e-02
-9.987715937838245184e-01 -4.546280165026795467e-02 -1.970885668118353348e-02
-9.986312550765193974e-01 -4.851109877158352179e-02 -1.955227848865758247e-02
-9.984830328025945390e-01 -5.153394357362381384e-02 -1.938782550055609052e-02
-9.983272163913052832e-01 -5.453010437677890260e-02 -1.921558326680538470e-02
-9.981641069014324241e-01 -5.749836511308838161e-02 -1.903564059504311151e-02
-9.979940164637467470e-01 -6.043752587378812408e-02 -1.884808948638231479e-02
-9.978172677069695462e-01 -6.334640343843815635e-02 -1.865302506950026681e-02
-9.976341931683958553e-01 -6.622383178528440384e-02 -1.845054553317283103e-02
-9.974451346903654425e-01 -6.906866258255955904e-02 -1.824075205737641162e-02
-9.972504428037842761e-01 -7.187976566048080718e-02 -1.802374874308028396e-02
-9.970504760999117089e-01 -7.465602946375464455e-02 -1.779964254085248179e-02
-9.968456005916367380e-01 -7.739636148445083741e-02 -1.756854317840236476e-02
-9.966361890654759081e-01 -8.009968867515948610e-02 -1.733056308718252531e-02
-9.964226204255275388e-01 -8.276495784239586151e-02 -1.708581732817180537e-02
-9.962052790306188399e-01 -8.539113602026757177e-02 -1.683442351695995168e-02
-9.959845540258802643e-01 -8.797721082446774421e-02 -1.657650174825280737e-02
-9.957608386699753344e-01 -9.052219078670545316e-02 -1.631217451991486683e-02
-9.955345296592105209e-01 -9.302510566973092032e-02 -1.604156665666373396e-02
-9.953060264497347598e-01 -9.548500676315771485e-02 -1.576480523352824861e-02
-9.950757305790306484e-01 -9.790096716032718749e-02 -1.548201949917904670e-02
-9.948440449878809266e-01 -1.002720820165015903e-01 -1.519334079923697831e-02
-9.946113733439797544e-01 -1.025974687887114684e-01 -1.489890249966119296e-02
-9.943781193683361996e-01 -1.048762674576200621e-01 -1.459883991031477903e-02
-9.941446861655998113e-01 -1.071076407318024976e-01 -1.429329020880174342e-02
-9.939114755594122830e-01 -1.092907742348699779e-01 -1.398239236466471309e-02
-9.936788874338658983e-01 -1.114248766758998976e-01 -1.366628706402818125e-02
-9.934473190821232480e-01 -1.135091800036602261e-01 -1.334511663476736776e-02
-9.932171645632251744e-01 -1.155429395451424562e-01 -1.301902497227781438e-02
-9.929888140680838138e-01 -1.175254341289397736e-01 -1.268815746591577323e-02
-9.927626532956290717e-01 -1.194559661940278461e-01 -1.235266092617428972e-02
-9.925390628400438953e-01 -1.213338618845231642e-01 -1.201268351265452963e-02
-9.923184175899931736e-01 -1.231584711310090424e-01 -1.166837466288660023e-02
-9.921010861407165704e-01 -1.249291677190318278e-01 -1.131988502204865459e-02
-9.918874302198229520e-01 -1.266453493453799095e-01 -1.096736637362762806e-02
-9.916778041275892130e-01 -1.283064376627653658e-01 -1.061097157105947777e-02
-9.914725541925317742e-01 -1.299118783135327637e-01 -1.025085447038135908e-02
-9.912720182429834992e-01 -1.314611409530218877e-01 -9.887169863922700211e-03
-9.910765250953742500e-01 -1.329537192632111176e-01 -9.520073415056794913e-03
-9.908863940598764408e-01 -1.343891309572647630e-01 -9.149721594029169153e-03
-9.907019344640421998e-01 -1.357669177756035128e-01 -8.776271614873765170e-03
-9.905234451950232222e-01 -1.370866454741087870e-01 -8.399881373422858274e-03
-9.903512142609275370e-01 -1.383479038050627052e-01 -8.020709386411558131e-03
-9.901855183718339948e-01 -1.395503064914131730e-01 -7.638914731672930697e-03
-9.900266225409473098e-01 -1.406934911949397626e-01 -7.254656989414969177e-03
-9.898747797063442988e-01 -1.417771194788799427e-01 -6.868096184566131225e-03
-9.897302303737258722e-01 -1.428008767655575273e-01 -6.479392730171732590e-03
-9.895932022805540296e-01 -1.437644722895352334e-01 -6.088707371819292863e-03
-9.894639100819215827e-01 -1.446676390467920292e-01 -5.696201133066926096e-03
-9.893425550584664663e-01 -1.455101337404028361e-01 -5.302035261845083024e-03
-9.892293248466115241e-01 -1.462917367231735544e-01 -4.906371177798386773e-03
-9.891243931913755727e-01 -1.470122519376585168e-01 -4.509370420530962008e-03
-9.890279197219717933e-01 -1.476715068539601050e-01 -4.111194598715573086e-03
-9.889400497503766374e-01 -1.482693524056824252e-01 -3.712005340024037130e-03
-9.888609140930210151e-01 -1.488056629243805773e-01 -3.311964241833786644e-03
-9.887906289157263329e-01 -1.492803360728176820e-01 -2.911232822663126999e-03
-9.887292956019748669e-01 -1.496932927773100552e-01 -2.509972474285666368e-03
-9.886770006445784187e-01 -1.500444771594094118e-01 -2.108344414472598013e-03
-9.886338155607754530e-01 -1.503338564671381217e-01 -1.706509640309987474e-03
-9.885997968307617123e-01 -1.505614210059615099e-01 -1.304628882036969022e-03
-9.885749858596283302e-01 -1.507271840696469967e-01 -9.028625573497749916e-04
-9.885594089626551506e-01 -1.508311818711274011e-01 -5.013707261158225313e-04
-9.885530773738784305e-01 -1.508734734734514804e-01 -1.003130454416568257e-04
-9.885559872778250101e-01 -1.508541407208721374e-01 3.001512749615984320e-04
-9.885681198642783940e-01 -1.507732881700884764e-01 6.998635171715152526e-04
-9.885894414059148705e-01 -1.506310430216258045e-01 1.098665499262191890e-03
-9.886199033586222651e-01 -1.504275550513043402e-01 1.496399619381816705e-03
-9.886594424842867213e-01 -1.501629965417154711e-01 1.892908899754217316e-03
-9.887079809958091436e-01 -1.498375622135928731e-01 2.288037030657464124e-03
-9.887654267240836292e-01 -1.494514691569348019e-01 2.681628414431163569e-03
-9.888316733066487840e-01 -1.490049567617038051e-01 3.073528209562395933e-03
-9.889066003976950681e-01 -1.484982866479011843e-01 3.463582374898328299e-03
-9.889900738990857754e-01 -1.479317425947849762e-01 3.851637714031381967e-03
-9.890819462120268302e-01 -1.473056304689736862e-01 4.237541919900450135e-03
-9.891820565089927131e-01 -1.466202781511517506e-01 4.621143619649077140e-03
-9.892902310254929610e-01 -1.458760354610685039e-01 5.002292419778691171e-03
-9.894062833712379268e-01 -1.450732740804990262e-01 5.380838951632011674e-03
-9.895300148602396151e-01 -1.442123874738136802e-01 5.756634917238542121e-03
-9.896612148593565417e-01 -1.432937908057830556e-01 6.129533135550716862e-03
-9.897996611547693613e-01 -1.423179208562262987e-01 6.499387589095751046e-03
-9.899451203358492490e-01 -1.412852359310942385e-01 6.866053471064557587e-03
-9.900973481958564859e-01 -1.401962157695633149e-01 7.229387232855296989e-03
-9.902560901488839384e-01 -1.390513614467032699e-01 7.589246632085187155e-03
-9.904210816624359204e-01 -1.378511952712700439e-01 7.945490781080146239e-03
-9.905920487050093870e-01 -1.365962606781657152e-01 8.297980195847716456e-03
-9.907687082080224306e-01 -1.352871221150998837e-01 8.646576845534456254e-03
-9.909507685414115086e-01 -1.339243649229814592e-01 8.991144202364735605e-03
-9.911379300021964101e-01 -1.325085952095659825e-01 9.331547292053482892e-03
-9.913298853152909818e-01 -1.310404397158822787e-01 9.667652744681074287e-03
-9.915263201458150988e-01 -1.295205456749631001e-01 9.999328846014121641e-03
-9.917269136221432690e-01 -1.279495806624064980e-01 1.032644558925153132e-02
-9.919313388689049438e-01 -1.263282324383002142e-01 1.064887472717078801e-02
-9.921392635491312895e-01 -1.246572087800476847e-01 1.096648982464502875e-02
-9.923503504147254128e-01 -1.229372373056433071e-01 1.127916631149717720e-02
-9.925642578644133796e-01 -1.211690652869559653e-01 1.158678153565308178e-02
-9.927806405083180463e-01 -1.193534594525926112e-01 1.188921481655145704e-02
-9.929991497382796295e-01 -1.174912057799288451e-01 1.218634749876428176e-02
-9.932194343030331662e-01 -1.155831092759106588e-01 1.247806300577732237e-02
-9.934411408873373706e-01 -1.136299937462504073e-01 1.276424689387658552e-02
-9.936639146941383949e-01 -1.116327015526610705e-01 1.304478690608274968e-02
-9.938874000288377974e-01 -1.095920933577956419e-01 1.331957302607206239e-02
-9.941112408847263548e-01 -1.075090478575828901e-01 1.358849753201877598e-02
-9.943350815286342570e-01 -1.053844615006770402e-01 1.385145505029096273e-02
-9.945585670858412275e-01 -1.032192481947667440e-01 1.410834260892854242e-02
-9.947813441232857823e-01 -1.010143389995179358e-01 1.435905969082950859e-02
-9.950030612301057342e-01 -9.877068180595606484e-02 1.460350828656778975e-02
-9.952233695945427172e-01 -9.648924100212515065e-02 1.484159294676381385e-02
-9.954419235762392848e-01 -9.417099712489451768e-02 1.507322083392671416e-02
-9.956583812729615790e-01 -9.181694649781840800e-02 1.529830177368532960e-02
-9.958724050807808981e-01 -8.942810085498910377e-02 1.551674830532352029e-02
-9.960836622467529322e-01 -8.700548695086034179e-02 1.572847573153404732e-02
-9.962918254131419848e-01 -8.455014615605500883e-02 1.593340216730425307e-02
-9.964965731522434922e-01 -8.206313403920838245e-02 1.613144858784606658e-02
-9.966975904908710326e-01 -7.954551993493645667e-02 1.632253887548237858e-02
-9.968945694235867849e-01 -7.699838649805723634e-02 1.650659986540181645e-02
-9.970872094137683828e-01 -7.442282924423131163e-02 1.668356139019400511e-02
-9.972752178816232105e-01 -7.181995607722661823e-02 1.685335632307799827e-02
-9.974583106782808350e-01 -6.919088680305096606e-02 1.701592061973729655e-02
-9.976362125451135876e-01 -6.653675263123372263e-02 1.717119335867599642e-02
-9.978086575574612871e-01 -6.385869566357622873e-02 1.731911678001204352e-02
-9.979753895519598572e-01 -6.115786837072751531e-02 1.745963632262523962e-02
-9.981361625367017876e-01 -5.843543305697844470e-02 1.759270065957969226e-02
-9.982907410834854778e-01 -5.569256131370317608e-02 1.771826173174271407e-02
-9.984389007014424777e-01 -5.293043346191142473e-02 1.783627477952473908e-02
-9.985804281913643887e-01 -5.015023798440863823e-02 1.794669837266772011e-02
-9.987151219800869395e-01 -4.735317094809345789e-02 1.804949443801258380e-02
-9.988427924343247222e-01 -4.454043541695271863e-02 1.814462828517977508e-02
-9.989632621533899304e-01 -4.171324085634365436e-02 1.823206863010049666e-02
-9.990763662402665224e-01 -3.887280252918071111e-02 1.831178761634017632e-02
-9.991819525505553079e-01 -3.602034088467029327e-02 1.838376083415977497e-02
-9.992798819188463133e-01 -3.315708094026096481e-02 1.844796733726488530e-02
-9.993700283621196334e-01 -3.028425165749875497e-02 1.850438965719699430e-02
-9.994522792598221628e-01 -2.740308531249731339e-02 1.855301381532605334e-02
-9.995265355103118976e-01 -2.451481686175067259e-02 1.859382933240822169e-02
-9.995927116634112375e-01 -2.162068330403214486e-02 1.862682923567768670e-02
-9.996507360288564570e-01 -1.872192303913635877e-02 1.865201006344649817e-02
-9.997005507604805885e-01 -1.581977522423270305e-02 1.866937186719156913e-02
-9.997421119160148084e-01 -1.291547912860715325e-02 1.867891821111321640e-02
-9.997753894924445994e-01 -1.001027348757599876e-02 1.868065616915497162e-02
-9.998003674369034810e-01 -7.105395856358889643e-03 1.867459631947972210e-02
-9.998170436331408339e-01 -4.202081964700249243e-03 1.866075273640264293e-02
-9.998254298636457538e-01 -1.301565073027189951e-03 1.863914297978674570e-02
-9.998255517475610477e-01 1.594924669071224373e-03 1.860978808191219788e-02
-9.998174486545686745e-01 4.486160861264220853e-03 1.857271253183595885e-02
-9.998011735949775547e-01 7.370921487028045394e-03 1.852794425726340261e-02
-9.997767930862908603e-01 1.024798954356256724e-02 1.847551460395890216e-02
-9.997443869965778607e-01 1.311615366632787327e-02 1.841545831272728417e-02
-9.997040483650209142e-01 1.597420874746793840e-02 1.834781349400312414e-02
-9.996558832000530526e-01 1.882095654740558593e-02 1.827262160008955375e-02
-9.996000102555445688e-01 2.165520629891211704e-02 1.818992739509298420e-02
-9.995365607855404289e-01 2.447577530297626383e-02 1.809977892260457993e-02
-9.994656782780901860e-01 2.728148951582014953e-02 1.800222747118360861e-02
-9.993875181687513765e-01 3.007118412643492930e-02 1.789732753770189450e-02
-9.993022475343862343e-01 3.284370412403533890e-02 1.778513678861245312e-02
-9.992100447679050923e-01 3.559790485486059169e-02 1.766571601920904205e-02
-9.991110992346463604e-01 3.833265256777872859e-02 1.753912911094672109e-02
-9.990056109111136173e-01 4.104682494818241711e-02 1.740544298689669644e-02
-9.988937900068206588e-01 4.373931163969651398e-02 1.726472756541158268e-02
-9.987758565700242119e-01 4.640901475325082820e-02 1.711705571207981086e-02
-9.986520400781488949e-01 4.905484936310573751e-02 1.696250319005030913e-02
-9.985225790137347568e-01 5.167574398945330716e-02 1.680114860881052122e-02
-9.983877204267567196e-01 5.427064106725214276e-02 1.663307337150270876e-02
-9.982477194841878898e-01 5.683849740099031211e-02 1.645836162086486421e-02
-9.981028390076935874e-01 5.937828460510718998e-02 1.627710018388381363e-02
-9.979533490003597018e-01 6.188898952984177998e-02 1.608937851524889356e-02
-9.977995261633708646e-01 6.436961467231179512e-02 1.589528863969528680e-02
-9.976416534035654760e-01 6.681917857266460314e-02 1.569492509332629307e-02
-9.974800193328019482e-01 6.923671619517750286e-02 1.548838486400391096e-02
-9.973149177600787452e-01 7.162127929422121286e-02 1.527576733089682642e-02
-9.971466471773526852e-01 7.397193676503596715e-02 1.505717420327430840e-02
-9.969755102400048585e-01 7.628777497930480656e-02 1.483270945863377453e-02
-9.968018132429004030e-01 7.856789810554323794e-02 1.460247928024865222e-02
-9.966258655929890464e-01 8.081142841435773327e-02 1.436659199422184695e-02
-9.964479792793884405e-01 8.301750656865843070e-02 1.412515800612855650e-02
-9.962684683418862042e-01 8.518529189894288867e-02 1.387828973733033419e-02
-9.960876483387892666e-01 8.731396266379819193e-02 1.362610156104027137e-02
-9.959058358150403301e-01 8.940271629579792101e-02 1.336870973821691587e-02
-9.957233477715089487e-01 9.145076963299837713e-02 1.310623235336207289e-02
-9.955405011363532841e-01 9.345735913626485036e-02 1.283878925029499456e-02
-9.953576122393340553e-01 9.542174109268379556e-02 1.256650196797263856e-02
-9.951749962899463231e-01 9.734319180534008187e-02 1.228949367642269593e-02
-9.949929668602178756e-01 9.922100776976026937e-02 1.200788911285294823e-02
-9.948118353730048824e-01 1.010545058373432392e-01 1.172181451799724806e-02
-9.946319105965967244e-01 1.028430233661175724e-01 1.143139757275503897e-02
-9.944534981464193679e-01 1.045859183591820174e-01 1.113676733517783915e-02
-9.942768999946083319e-01 1.062825695912003182e-01 1.083805417785253453e-02
-9.941024139881957655e-01 1.079323767233346110e-01 1.053538972572768025e-02
-9.939303333766373871e-01 1.095347604070130432e-01 1.022890679442529753e-02
-9.937609463493769502e-01 1.110891623769367093e-01 9.918739329076902214e-03
-9.935945355841235838e-01 1.125950455337388217e-01 9.605022343718719671e-03
-9.934313778064912670e-01 1.140518940167146028e-01 9.287891861277248681e-03
-9.932717433616240488e-01 1.154592132670447802e-01 8.967484854172530842e-03
-9.931158957984033142e-01 1.168165300819376390e-01 8.643939185562721228e-03
-9.929640914668086404e-01 1.181233926601151923e-01 8.317393551249779513e-03
-9.928165791289744746e-01 1.193793706390679221e-01 7.987987422262411014e-03
-9.926735995844598870e-01 1.205840551244994480e-01 7.655860988128724252e-03
-9.925353853102182322e-01 1.217370587123782349e-01 7.321155100847475533e-03
-9.924021601157300143e-01 1.228380155040072058e-01 6.984011219563272116e-03
-9.922741388137297225e-01 1.238865811145143103e-01 6.644571355947682077e-03
-9.921515269069345333e-01 1.248824326751583336e-01 6.302978020284891701e-03
-9.920345202911506899e-01 1.258252688298332200e-01 5.959374168257329865e-03
-9.919233049751088327e-01 1.267148097261426021e-01 5.613903148423626636e-03
-9.918180568173503575e-01 1.275507970014027048e-01 5.266708650378291307e-03
-9.917189412804602311e-01 1.283329937639174356e-01 4.917934653579723002e-03
-9.916261132029132730e-01 1.290611845698540483e-01 4.567725376830480792e-03
-9.915397165887746000e-01 1.297351753960306608e-01 4.216225228391251752e-03
-9.914598844154689505e-01 1.303547936089094750e-01 3.863578756707623102e-03
-9.913867384598034072e-01 1.309198879300710605e-01 3.509930601726578368e-03
-9.913203891424063885e-01 1.314303283984253057e-01 3.155425446777662939e-03
-9.912609353907148035e-01 1.318860063293945117e-01 2.800207970991944271e-03
-9.912084645206182820e-01 1.322868342712836265e-01 2.444422802230261302e-03
-9.911630521368430813e-01 1.326327459590306290e-01 2.088214470490826549e-03
-9.911247620521312918e-01 1.329236962655085397e-01 1.731727361764989022e-03
-9.910936462252477597e-01 1.331596611505281025e-01 1.375105672308917903e-03
-9.910697447178206110e-01 1.333406376076674005e-01 1.018493363298103062e-03
-9.910530856699971691e-01 1.334666436090321817e-01 6.620341158309124997e-04
-9.910436852948729669e-01 1.335377180480271653e-01 3.058712862469766284e-04
-9.910415478916266840e-01 1.335539206801961143e-01 -4.985213827409494276e-05
-9.910466658772703052e-01 1.335153320621648709e-01 -4.049935838682309206e-04
-9.910590198368997017e-01 1.334220534886991771e-01 -7.594109339310941035e-04
-9.910785785923083013e-01 1.332742069278661512e-01 -1.112962572885082581e-03
-9.911052992888021995e-01 1.330719349542658914e-01 -1.465507429802757628e-03
-9.911391275000328571e-01 1.328154006802779452e-01 -1.816905021919623837e-03
-9.911799973506409955e-01 1.325047876852453455e-01 -2.167015498068312722e-03
-9.912278316564813174e-01 1.321402999424985403e-01 -2.515699682065159707e-03
-9.912825420821776978e-01 1.317221617441004800e-01 -2.862819116078938950e-03
-9.913440293157348426e-01 1.312506176231749977e-01 -3.208236104010111448e-03
-9.914121832599105399e-01 1.307259322736612495e-01 -3.551813754907385753e-03
-9.914868832400320908e-01 1.301483904673190195e-01 -3.893416026446664541e-03
-9.915679982279184124e-01 1.295182969677924623e-01 -4.232907768495575498e-03
-9.916553870815482119e-01 1.288359764415237807e-01 -4.570154766784777049e-03
-9.917488988000944250e-01 1.281017733652925761e-01 -4.905023786705072289e-03
-9.918483727939229055e-01 1.273160519301431426e-01 -5.237382617247087271e-03
-9.919536391691350374e-01 1.264791959414483247e-01 -5.567100115097871511e-03
-9.920645190262129542e-01 1.255916087148471749e-01 -5.894046248906274071e-03
-9.921808247723049590e-01 1.246537129677829508e-01 -6.218092143726341309e-03
-9.923023604466723047e-01 1.236659507063584684e-01 -6.539110125645273587e-03
-9.924289220587964033e-01 1.226287831072180590e-01 -6.856973766599707906e-03
-9.925602979386284330e-01 1.215426903941587838e-01 -7.171557929381240648e-03
-9.926962690984444393e-01 1.204081717091681075e-01 -7.482738812829189436e-03
-9.928366096057520407e-01 1.192257449775815104e-01 -7.790393997205631929e-03
-9.929810869666748641e-01 1.179959467670512602e-01 -8.094402489744762647e-03
-9.931294625192278458e-01 1.167193321400163269e-01 -8.394644770365578337e-03
-9.932814918358756628e-01 1.153964744993642988e-01 -8.691002837533873607e-03
-9.934369251347549001e-01 1.140279654269778647e-01 -8.983360254256445021e-03
-9.935955076989215762e-01 1.126144145148621767e-01 -9.271602194187418197e-03
-9.937569803029742133e-01 1.111564491885541350e-01 -9.555615487823528043e-03
-9.939210796463863185e-01 1.096547145225214154e-01 -9.835288668762251496e-03
-9.940875387928708173e-01 1.081098730472664776e-01 -1.011051201999368931e-02
-9.942560876150847715e-01 1.065226045478606803e-01 -1.038117762019424677e-02
-9.944264532439736071e-01 1.048936058536440036e-01 -1.064717938998729733e-02
-9.945983605220413137e-01 1.032235906188381930e-01 -1.090841313813328134e-02
-9.947715324598236375e-01 1.015132890938346272e-01 -1.116477660760901817e-02
-9.949456906948349610e-01 9.976344788693317089e-02 -1.141616952153345042e-02
-9.951205559522479094e-01 9.797482971632415216e-02 -1.166249362889457131e-02
-9.952958485065622751e-01 9.614821315212319919e-02 -1.190365275002997283e-02
-9.954712886435110875e-01 9.428439234828707438e-02 -1.213955282181122114e-02
-9.956465971214498722e-01 9.238417676425828007e-02 -1.237010194248020292e-02
-9.958214956314702659e-01 9.044839087620705487e-02 -1.259521041608370473e-02
-9.959957072554789237e-01 8.847787387776086254e-02 -1.281479079645066535e-02
-9.961689569214805529e-01 8.647347937013420693e-02 -1.302875793065501331e-02
-9.963409718553069006e-01 8.443607504159515720e-02 -1.323702900190554255e-02
-9.965114820280329688e-01 8.236654233622892063e-02 -1.343952357180304424e-02
-9.966802205983290586e-01 8.026577611198394691e-02 -1.363616362190389099e-02
-9.968469243489979092e-01 7.813468428801133292e-02 -1.382687359452837612e-02
-9.970113341169575261e-01 7.597418748133449862e-02 -1.401158043275148313e-02
-9.971731952159339496e-01 7.378521863291222227e-02 -1.419021361951328802e-02
-9.973322578511412129e-01 7.156872262318506039e-02 -1.436270521578595326e-02
-9.974882775252342793e-01 6.932565587722203104e-02 -1.452898989773424368e-02
-9.976410154348349657e-01 6.705698595961138986e-02 -1.468900499280664969e-02
-9.977902388569440673e-01 6.476369115926658426e-02 -1.484269051469460678e-02
-9.979357215245685531e-01 6.244676006434518589e-02 -1.498998919709789400e-02
-9.980772439909103566e-01 6.010719112750565613e-02 -1.513084652623510398e-02
-9.982145939814804914e-01 5.774599222175315349e-02 -1.526521077203910927e-02
-9.983475667335244275e-01 5.536418018715173056e-02 -1.539303301797867278e-02
-9.984759653221634279e-01 5.296278036870596950e-02 -1.551426718944881079e-02
-9.985996009726814115e-01 5.054282614574008570e-02 -1.562887008067414055e-02
-9.987182933584107802e-01 4.810535845312696734e-02 -1.573680138007129206e-02
-9.988318708836950721e-01 4.565142529474315591e-02 -1.583802369401851942e-02
-9.989401709514347250e-01 4.318208124954854565e-02 -1.593250256898283770e-02
-9.990430402147484346e-01 4.069838697071137545e-02 -1.602020651195741954e-02
-9.991403348123139017e-01 3.820140867821967406e-02 -1.610110700916459955e-02
-9.992319205869804044e-01 3.569221764544018571e-02 -1.617517854298247681e-02
-9.993176732872768309e-01 3.317188968010394839e-02 -1.624239860705611535e-02
-9.993974787514734448e-01 3.064150460021499919e-02 -1.630274771955725691e-02
-9.994712330738850792e-01 2.810214570539441153e-02 -1.635620943455971116e-02
-9.995388427531408659e-01 2.555489924418626740e-02 -1.640277035150083940e-02
-9.996002248221782516e-01 2.300085387786513641e-02 -1.644242012270292000e-02
-9.996553069597552410e-01 2.044110014129599598e-02 -1.647515145893174715e-02
-9.997040275833095624e-01 1.787672990140742879e-02 -1.650096013297330799e-02
-9.997463359230315261e-01 1.530883581384725849e-02 -1.651984498121311651e-02
-9.997821920770521009e-01 1.273851077839631939e-02 -1.653180790320641497e-02
-9.998115670476855898e-01 1.016684739372120290e-02 -1.653685385923129095e-02
-9.998344427587032568e-01 7.594937412050049852e-03 -1.653499086582046335e-02
-9.998508120536504507e-01 5.023871194357192732e-03 -1.652622998927136613e-02
-9.998606786752585185e-01 2.454737166642391097e-03 -1.651058533713791951e-02
-9.998640572260374393e-01 -1.113787221112580265e-04 -1.648807404771120144e-02
-9.998609731101729681e-01 -2.673393539720036061e-03 -1.645871627750000038e-02
-9.998514624568891618e-01 -5.230227907747253720e-03 -1.642253518672598042e-02
-9.998355720254703538e-01 -7.780806535046773734e-03 -1.637955692285186088e-02
-9.998133590921742808e-01 -1.032405874734160060e-02 -1.632981060216462735e-02
-9.997848913193018161e-01 -1.285891901228649638e-02 -1.627332828943940657e-02
-9.997502466067225146e-01 -1.538432745947491270e-02 -1.621014497571297494e-02
-9.997095129261877045e-01 -1.789923039486331080e-02 -1.614029855419935391e-02
-9.996627881387969428e-01 -2.040258080910009597e-02 -1.606382979438310266e-02
-9.996101797960118551e-01 -2.289333887926198879e-02 -1.598078231432908253e-02
-9.995518049246443493e-01 -2.537047246351740309e-02 -1.589120255125041001e-02
-9.994877897962732849e-01 -2.783295758825453034e-02 -1.579513973037923250e-02
-9.994182696815726574e-01 -3.027977892723093117e-02 -1.569264583218756004e-02
-9.993433885900590008e-01 -3.270993027232169809e-02 -1.558377555800797946e-02
-9.992632989957942469e-01 -3.512241499546451401e-02 -1.546858629410639320e-02
-9.991781615495995972e-01 -3.751624650142196260e-02 -1.534713807426114039e-02
-9.990881447783628300e-01 -3.989044867100439984e-02 -1.521949354090483542e-02
-9.989934247720394511e-01 -4.224405629442033044e-02 -1.508571790488706134e-02
-9.988941848589679706e-01 -4.457611549444544935e-02 -1.494587890391771250e-02
-9.987906152701387930e-01 -4.688568413912624910e-02 -1.480004675975215254e-02
-9.986829127930714201e-01 -4.917183224375931000e-02 -1.464829413418063109e-02
-9.985712804159692091e-01 -5.143364236191293876e-02 -1.449069608388537864e-02
-9.984559269628355826e-01 -5.367020996528350241e-02 -1.432733001422966529e-02
-9.983370667202452475e-01 -5.588064381220472776e-02 -1.415827563204368270e-02
-9.982149190564757468e-01 -5.806406630465416746e-02 -1.398361489747257207e-02
-9.980897080337118865e-01 -6.021961383362695042e-02 -1.380343197495211525e-02
-9.979616620140426830e-01 -6.234643711277254585e-02 -1.361781318337761289e-02
-9.978310132599762516e-01 -6.444370150021590249e-02 -1.342684694553134342e-02
-9.976979975302012749e-01 -6.651058730850940848e-02 -1.323062373683358064e-02
-9.975628536713259109e-01 -6.854629010268686873e-02 -1.302923603348162158e-02
-9.974258232063252239e-01 -7.055002098641494079e-02 -1.282277826004053593e-02
-9.972871499204291057e-01 -7.252100687626128472e-02 -1.261134673654843753e-02
-9.971470794451778863e-01 -7.445849076412144885e-02 -1.239503962519797851e-02
-9.970058588413713840e-01 -7.636173196786907869e-02 -1.217395687665454897e-02
-9.968637361816310438e-01 -7.823000637031526927e-02 -1.194820017607023215e-02
-9.967209601332884805e-01 -8.006260664658383652e-02 -1.171787288885104035e-02
-9.965777795423073071e-01 -8.185884248002868457e-02 -1.148308000623324970e-02
-9.964344430189340240e-01 -8.361804076683837517e-02 -1.124392809072283228e-02
-9.962911985257667524e-01 -8.533954580949069946e-02 -1.100052522145005159e-02
-9.961482929689171595e-01 -8.702271949923663652e-02 -1.075298093948921438e-02
-9.960059717929297118e-01 -8.866694148780859819e-02 -1.050140619319142078e-02
-9.958644785801096244e-01 -9.027160934856237606e-02 -1.024591328357591334e-02
-9.957240546548958848e-01 -9.183613872727520999e-02 -9.986615809823268242e-03
-9.955849386939018553e-01 -9.335996348283444324e-02 -9.723628614911272727e-03
-9.954473663422290786e-01 -9.484253581806210975e-02 -9.457067731431881633e-03
-9.953115698366447051e-01 -9.628332640093009709e-02 -9.187050327625092411e-03
-9.951777776361937500e-01 -9.768182447642889676e-02 -8.913694653663036677e-03
-9.950462140608015149e-01 -9.903753796936000386e-02 -8.637119988214980726e-03
-9.949170989384018560e-01 -1.003499935783275510e-01 -8.357446585321321939e-03
-9.947906472611078854e-01 -1.016187368612094244e-01 -8.074795621602029461e-03
-9.946670688509221536e-01 -1.028433323123912474e-01 -7.789289143822368533e-03
-9.945465680354640403e-01 -1.040233634320484879e-01 -7.501050016836107587e-03
-9.944293433341708788e-01 -1.051584327877628372e-01 -7.210201871923833765e-03
-9.943155871554076874e-01 -1.062481620687585060e-01 -6.916869055541413451e-03
-9.942054855049022866e-01 -1.072921921330423078e-01 -6.621176578491119041e-03
-9.940992177058975976e-01 -1.082901830477289024e-01 -6.323250065525445190e-03
-9.939969561313936053e-01 -1.092418141228282541e-01 -6.023215705391216090e-03
-9.938988659488292576e-01 -1.101467839387677977e-01 -5.721200201319220045e-03
-9.938051048775322638e-01 -1.110048103679155129e-01 -5.417330721962309095e-03
-9.937158229592428782e-01 -1.118156305903630493e-01 -5.111734852782687938e-03
-9.936311623419965544e-01 -1.125790011042202832e-01 -4.804540547886994827e-03
-9.935512570776259267e-01 -1.132946977306635572e-01 -4.495876082305720611e-03
-9.934762329331238151e-01 -1.139625156139702639e-01 -4.185870004711608229e-03
-9.934062072160833035e-01 -1.145822692167617479e-01 -3.874651090569803183e-03
-9.933412886144113996e-01 -1.151537923106652622e-01 -3.562348295710845471e-03
-9.932815770504896946e-01 -1.156769379625937760e-01 -3.249090710315953676e-03
-9.932271635499326790e-01 -1.161515785168296261e-01 -2.935007513302585660e-03
-9.931781301250751648e-01 -1.165776055730849275e-01 -2.620227927096893759e-03
-9.931345496732945088e-01 -1.169549299606978537e-01 -2.304881172778457717e-03
-9.930964858902552317e-01 -1.172834817091098353e-01 -1.989096425581572680e-03
-9.930639931981407598e-01 -1.175632100147538106e-01 -1.673002770736405293e-03
-9.930371166889145895e-01 -1.177940832044693104e-01 -1.356729159632492649e-03
-9.930158920826338553e-01 -1.179760886955443788e-01 -1.040404366286359732e-03
-9.930003457008158563e-01 -1.181092329524693896e-01 -7.241569440944756620e-04
-9.929904944548381129e-01 -1.181935414404721579e-01 -4.081151828523465639e-04
-9.929863458493309869e-01 -1.182290585758880574e-01 -9.240706602026133162e-05
-9.929878980005018008e-01 -1.182158476734034708e-01 2.228397717839356550e-04
-9.929951396693098564e-01 -1.181539908901951541e-01 5.374980870846725583e-04
-9.930080503093894340e-01 -1.180435891669727733e-01 8.514410696605757920e-04
-9.930266001296010892e-01 -1.178847621659166456e-01 1.164542384487720489e-03
-9.930507501710686968e-01 -1.176776482054875395e-01 1.476676213533030784e-03
-9.930804523985425902e-01 -1.174224041920708672e-01 1.787717297416120893e-03
-9.931156498059089399e-01 -1.171192055484030908e-01 2.097540976957207575e-03
-9.931562765356454214e-01 -1.167682461387142961e-01 2.406023234627937060e-03
-9.932022580120075661e-01 -1.163697381905073047e-01 2.713040735921064001e-03
-9.932535110877075413e-01 -1.159239122128808835e-01 3.018470870653891525e-03
-9.933099442038320070e-01 -1.154310169112920254e-01 3.322191794219248040e-03
-9.933714575627267118e-01 -1.148913190986406013e-01 3.624082468796531366e-03
-9.934379433135568371e-01 -1.143051036025486411e-01 3.924022704534001552e-03
-9.935092857502354491e-01 -1.136726731686959202e-01 4.221893200712054615e-03
-9.935853615213960932e-01 -1.129943483600640980e-01 4.517575586895689402e-03
-9.936660398520662518e-01 -1.122704674519326706e-01 4.810952464082735199e-03
-9.937511827766843941e-01 -1.115013863224620511e-01 5.101907445852734216e-03
-9.938406453830861409e-01 -1.106874783386919414e-01 5.390325199519574971e-03
-9.939342760670677457e-01 -1.098291342377769042e-01 5.676091487289164177e-03
-9.940319167971232162e-01 -1.089267620032758205e-01 5.959093207421506562e-03
-9.941334033889319688e-01 -1.079807867363074270e-01 6.239218435394632174e-03
-9.942385657891629203e-01 -1.069916505213808211e-01 6.516356465065815777e-03
-9.943472283681448198e-01 -1.059598122867074915e-01 6.790397849823522416e-03
-9.944592102209387496e-01 -1.048857476587999604e-01 7.061234443721446305e-03
-9.945743254763369512e-01 -1.037699488111618745e-01 7.328759442583958859e-03
-9.946923836132974817e-01 -1.026129243068749919e-01 7.592867425070195728e-03
-9.948131897843142113e-01 -1.014151989348902189e-01 7.853454393681933571e-03
-9.949365451452076847e-01 -1.001773135398328629e-01 8.110417815698323096e-03
-9.950622471908132649e-01 -9.889982484513558381e-02 8.363656664018503939e-03
-9.951900900960319873e-01 -9.758330526931797977e-02 8.613071457891065263e-03
-9.953198650616996712e-01 -9.622834273523697690e-02 8.858564303507314094e-03
-9.954513606647206192e-01 -9.483554047213958726e-02 9.100038934433365284e-03
-9.955843632119054654e-01 -9.340551681035715037e-02 9.337400751854095515e-03
-9.957186570969422945e-01 -9.193890496848901306e-02 9.570556864600197888e-03
-9.958540251599272697e-01 -9.043635283293365024e-02 9.799416128927719224e-03
-9.959902490488721227e-01 -8.889852272963549851e-02 1.002388918801774137e-02
-9.961271095826010891e-01 -8.732609118792779290e-02 1.024388851116223194e-02
-9.962643871144484242e-01 -8.571974869636379835e-02 1.045932843260049053e-02
-9.964018618961602014e-01 -8.408019945044233057e-02 1.067012518996914884e-02
-9.965393144414057547e-01 -8.240816109214728347e-02 1.087619696232731276e-02
-9.966765258883002465e-01 -8.070436444123578468e-02 1.107746390771713850e-02
-9.968132783603402824e-01 -7.896955321822492213e-02 1.127384820021899367e-02
-9.969493553251551621e-01 -7.720448375904315208e-02 1.146527406645929739e-02
-9.970845419504787976e-01 -7.540992472132905522e-02 1.165166782152819887e-02
-9.972186254567479979e-01 -7.358665678237726049e-02 1.183295790426348165e-02
-9.973513954657393654e-01 -7.173547232874905033e-02 1.200907491185639574e-02
-9.974826443446592750e-01 -6.985717513758304964e-02 1.217995163373459568e-02
-9.976121675451100623e-01 -6.795258004965991361e-02 1.234552308467697437e-02
-9.977397639363598802e-01 -6.602251263429338712e-02 1.250572653711492892e-02
-9.978652361323542275e-01 -6.406780884613909322e-02 1.266050155257449593e-02
-9.979883908119152602e-01 -6.208931467403117771e-02 1.280979001221381995e-02
-9.981090390315852101e-01 -6.008788578197619967e-02 1.295353614641063175e-02
-9.982269965305827775e-01 -5.806438714245255872e-02 1.309168656335473434e-02
-9.983420840273534713e-01 -5.601969266218275595e-02 1.322419027660096634e-02
-9.984541275072078559e-01 -5.395468480056456184e-02 1.335099873153877681e-02
-9.985629585005574294e-01 -5.187025418096593427e-02 1.347206583073530528e-02
-9.986684143512740697e-01 -4.976729919510669564e-02 1.358734795810978904e-02
-9.987703384747136370e-01 -4.764672560076815833e-02 1.369680400189818119e-02
-9.988685806049656390e-01 -4.550944611308930382e-02 1.380039537636809643e-02
-9.989629970309054086e-01 -4.335637998972539930e-02 1.389808604224551485e-02
-9.990534508206497799e-01 -4.118845261016138015e-02 1.398984252581618459e-02
-9.991398120340336808e-01 -3.900659504948836981e-02 1.407563393666624516e-02
-9.992219579227495929e-01 -3.681174364696693235e-02 1.415543198402835663e-02
-9.992997731178123733e-01 -3.460483956971528718e-02 1.422921099170143880e-02
-9.993731498040363537e-01 -3.238682837187450980e-02 1.429694791151411674e-02
-9.994419878812343949e-01 -3.015865954961560041e-02 1.435862233530402210e-02
-9.995061951118742183e-01 -2.792128609236551109e-02 1.441421650538728463e-02
-9.995656872549514294e-01 -2.567566403064028280e-02 1.446371532349478850e-02
-9.996203881858655160e-01 -2.342275198088364027e-02 1.450710635815415095e-02
-9.996702300021104159e-01 -2.116351068771854180e-02 1.454437985049876654e-02
-9.997151531146180048e-01 -1.889890256402734781e-02 1.457552871848778395e-02
-9.997551063246205016e-01 -1.662989122928324251e-02 1.460054855952341510e-02
-9.997900468859252099e-01 -1.435744104656158128e-02 1.461943765145459935e-02
-9.998199405525208805e-01 -1.208251665866453411e-02 1.463219695195866303e-02
-9.998447616114657377e-01 -9.806082523796194605e-03 1.463883009629532959e-02
-9.998644929010318538e-01 -7.529102451227773218e-03 1.463934339343011398e-02
-9.998791258141115357e-01 -5.252539137393869365e-03 1.463374582052685315e-02
-9.998886602869161422e-01 -2.977353702861025315e-03 1.462204901581186031e-02
-9.998931047730288402e-01 -7.045052306087953159e-04 1.460426726981488808e-02
-9.998924762028974511e-01 1.565049693938575220e-03 1.458041751499481939e-02
-9.998867999288824082e-01 3.830357440695039001e-03 1.455051931376064381e-02
-9.998761096560024875e-01 6.090467790079783297e-03 1.451459484490096041e-02
-9.998604473585451791e-01 8.344434385143527713e-03 1.447266888843783302e-02
-9.998398631827382088e-01 1.059131518023580590e-02 1.442476880892339455e-02
-9.998144153357010344e-01 1.283017288580264037e-02 1.437092453720007802e-02
-9.997841699609230082e-01 1.506007540891271708e-02 1.431116855064778690e-02
-9.997492010005369911e-01 1.728009628911987561e-02 1.424553585194368761e-02
-9.997095900446841821e-01 1.948931512928038512e-02 1.417406394636254625e-02
-9.996654261682847986e-01 2.168681802095507802e-02 1.409679281764774500e-02
-9.996168057555553377e-01 2.387169796403876970e-02 1.401376490248517660e-02
-9.995638323126331271e-01 2.604305528027274844e-02 1.392502506361420478e-02
-9.995066162686879752e-01 2.819999802031004574e-02 1.383062056161175543e-02
-9.994452747659231528e-01 3.034164236401797402e-02 1.373060102538734353e-02
-9.993799314388844834e-01 3.246711301371776187e-02 1.362501842142849022e-02
-9.993107161835145247e-01 3.457554358007707690e-02 1.351392702183750426e-02
-9.992377649164054798e-01 3.666607696038778896e-02 1.339738337120196555e-02
-9.991612193247201290e-01 3.873786570897812254e-02 1.327544625234251124e-02
-9.990812266072642833e-01 4.079007239952592984e-02 1.314817665098266287e-02
-9.989979392072073638e-01 4.282186997905731290e-02 1.301563771938637516e-02
-9.989115145369604765e-01 4.483244211343291596e-02 1.287789473900986109e-02
-9.988221146957314556e-01 4.682098352414237885e-02 1.273501508221494549e-02
-9.987299061802875633e-01 4.878670031624566389e-02 1.258706817309176301e-02
-9.986350595894633031e-01 5.072881029731848845e-02 1.243412544743902060e-02
-9.985377493229605772e-01 5.264654328727743499e-02 1.227626031195036896e-02
-9.984381532749928567e-01 5.453914141897860807e-02 1.211354810265553167e-02
-9.983364525233311415e-01 5.640585942950206849e-02 1.194606604266486988e-02
-9.982328310143138150e-01 5.824596494205216968e-02 1.177389319926594458e-02
-9.981274752443846099e-01 6.005873873842186572e-02 1.159711044042034157e-02
-9.980205739387251196e-01 6.184347502198643542e-02 1.141580039070868441e-02
-9.979123177275489587e-01 6.359948167120933749e-02 1.123004738677121223e-02
-9.978028988206243399e-01 6.532608048365956543e-02 1.103993743229067168e-02
-9.976925106805899501e-01 6.702260741055625359e-02 1.084555815256353292e-02
-9.975813476956267856e-01 6.868841278187183541e-02 1.064699874870465683e-02
-9.974696048520452774e-01 7.032286152204052232e-02 1.044434995152957596e-02
-9.973574774073417082e-01 7.192533335633331804e-02 1.023770397515748679e-02
-9.972451605642733696e-01 7.349522300797475816e-02 1.002715447037685025e-02
-9.971328491464946930e-01 7.503194038608980432e-02 9.812796477814274623e-03
-9.970207372762898146e-01 7.653491076458202036e-02 9.594726380945982694e-03
-9.969090180549288194e-01 7.800357495205577363e-02 9.373041858989751215e-03
-9.967978832461651395e-01 7.943738945290636233e-02 9.147841839713713799e-03
-9.966875229633832545e-01 8.083582661971212835e-02 8.919226452196881219e-03
-9.965781253608935186e-01 8.219837479707212125e-02 8.687296979574583508e-03
-9.964698763298618367e-01 8.352453845704126134e-02 8.452155811800407537e-03
-9.963629591993482526e-01 8.481383832632284625e-02 8.213906398454486404e-03
-9.962575544429158603e-01 8.606581150538497593e-02 7.972653201626243163e-03
-9.961538393912610090e-01 8.728001157967343882e-02 7.728501648897954067e-03
-9.960519879512981234e-01 8.845600872309881957e-02 7.481558086453663804e-03
-9.959521703321220221e-01 8.959338979397953040e-02 7.231929732336225304e-03
-9.958545527782529660e-01 9.069175842362615925e-02 6.979724629873390075e-03
-9.957592973105569012e-01 9.175073509775466540e-02 6.725051601292088288e-03
-9.956665614752162607e-01 9.276995723091775725e-02 6.468020201538225884e-03
-9.955764981011120396e-01 9.374907923414448063e-02 6.208740672317539233e-03
-9.954892550659599770e-01 9.468777257597793540e-02 5.947323896371281907e-03
-9.954049750715299183e-01 9.558572583710017723e-02 5.683881351998771279e-03
-9.953237954282573297e-01 9.644264475873166875e-02 5.418525067837126098e-03
-9.952458478495417316e-01 9.725825228499009045e-02 5.151367577906852159e-03
-9.951712582560081621e-01 9.803228859939028261e-02 4.882521876930312130e-03
-9.951001465899905751e-01 9.876451115566291239e-02 4.612101375928538693e-03
-9.950326266404794229e-01 9.945469470306507465e-02 4.340219858100351387e-03
-9.949688058787563572e-01 1.001026313063504980e-01 4.066991434986259521e-03
-9.949087853049229935e-01 1.007081303605612960e-01 3.792530502918267481e-03
-9.948526593055115885e-01 1.012710186007967361e-01 3.516951699755364695e-03
-9.948005155223483831e-01 1.017911401071071725e-01 3.240369861903246579e-03
-9.947524347328223771e-01 1.022683563046540289e-01 2.962899981615644412e-03
-9.947084907416929855e-01 1.027025459592685180e-01 2.684657164573554453e-03
-9.946687502845552586e-01 1.030936051685333588e-01 2.405756587737666909e-03
-9.946332729430596986e-01 1.034414473485028296e-01 2.126313457468369944e-03
-9.946021110719684977e-01 1.037460032161674484e-01 1.846442967906888541e-03
-9.945753097381112573e-01 1.040072207677598254e-01 1.566260259610389918e-03
-9.945529066712861521e-01 1.042250652529887606e-01 1.285880378433244256e-03
-9.945349322271332948e-01 1.043995191452784382e-01 1.005418234646091730e-03
-9.945214093619916262e-01 1.045305821080795977e-01 7.249885622839190562e-04
-9.945123536197318925e-01 1.046182709573091896e-01 4.447058787140034620e-04
-9.945077731305416169e-01 1.046626196199648001e-01 1.646844444143266933e-04
-9.945076686216197670e-01 1.046636790889497459e-01 -1.149617770470897716e-04
-9.945120334397234974e-01 1.046215173741343180e-01 -3.941191588415362906e-04
-9.945208535854911380e-01 1.045362194496684549e-01 -6.726744505272200811e-04
-9.945341077594490597e-01 1.044078871975510220e-01 -9.505148175245592933e-04
-9.945517674195947233e-01 1.042366393474506436e-01 -1.227527880428370792e-03
-9.945737968504299031e-01 1.040226114127634632e-01 -1.503601754165838529e-03
-9.946001532433040859e-01 1.037659556228833907e-01 -1.778625087008737062e-03
-9.946307867879100595e-01 1.034668408516512678e-01 -2.052487099447886099e-03
-9.946656407747600515e-01 1.031254525419402490e-01 -2.325077622937231792e-03
-9.947046517084536799e-01 1.027419926263261341e-01 -2.596287138514278246e-03
-9.947477494315344337e-01 1.023166794437831012e-01 -2.866006815302852076e-03
-9.947948572587168581e-01 1.018497476523374523e-01 -3.134128548903359311e-03
-9.948458921212507411e-01 1.013414481376047893e-01 -3.400544999674799240e-03
-9.949007647211757233e-01 1.007920479171288131e-01 -3.665149630911839623e-03
-9.949593796952038716e-01 1.002018300404340506e-01 -3.927836746919230113e-03
-9.950216357879552165e-01 9.957109348469868337e-02 -4.188501530984743877e-03
-9.950874260342579269e-01 9.890015304594863832e-02 -4.447040083250699931e-03
-9.951566379502098103e-01 9.818933922566941419e-02 -4.703349458482924267e-03
-9.952291537326876103e-01 9.743899811272818678e-02 -4.957327703734768463e-03
-9.953048504669755880e-01 9.664949126049549033e-02 -5.208873895902535467e-03
-9.953836003421742129e-01 9.582119555905295460e-02 -5.457888179167341702e-03
-9.954652708740387990e-01 9.495450310237180114e-02 -5.704271802317114129e-03
-9.955497251348841559e-01 9.404982105034535855e-02 -5.947927155941039150e-03
-9.956368219901831074e-01 9.310757148555848239e-02 -6.188757809487414191e-03
-9.957264163414749625e-01 9.212819126467673703e-02 -6.426668548174452843e-03
-9.958183593751906981e-01 9.111213186433921030e-02 -6.661565409742177188e-03
-9.959124988169910653e-01 9.005985922144033040e-02 -6.893355721032151835e-03
-9.960086791912075022e-01 8.897185356768846920e-02 -7.121948134380396908e-03
-9.961067420849637477e-01 8.784860925833214151e-02 -7.347252663807438133e-03
-9.962065264165522738e-01 8.669063459494825985e-02 -7.569180720988080008e-03
-9.963078687076287743e-01 8.549845164219163629e-02 -7.787645150982141877e-03
-9.964106033587835087e-01 8.427259603840982216e-02 -8.002560267706071429e-03
-9.965145629280425243e-01 8.301361680003337129e-02 -8.213841889124077686e-03
-9.966195784118444534e-01 8.172207611965828788e-02 -8.421407372136159239e-03
-9.967254795280358071e-01 8.039854915774430344e-02 -8.625175647139226437e-03
-9.968320950004224690e-01 7.904362382786078722e-02 -8.825067252236343598e-03
-9.969392528444130930e-01 7.765790057542021341e-02 -9.021004367068053906e-03
-9.970467806532854471e-01 7.624199214984848927e-02 -9.212910846238672388e-03
-9.971545058846066345e-01 7.479652337015064989e-02 -9.400712252309512129e-03
-9.972622561463370117e-01 7.332213088384097188e-02 -9.584335888330070344e-03
-9.973698594821452934e-01 7.181946291921667558e-02 -9.763710829877418618e-03
-9.974771446554648868e-01 7.028917903096595921e-02 -9.938767956573255763e-03
-9.975839414318221632e-01 6.873194983911216915e-02 -1.010943998304745031e-02
-9.976900808589682645e-01 6.714845676130816454e-02 -1.027566148931632374e-02
-9.977953955443503720e-01 6.553939173850686917e-02 -1.043736895054341376e-02
-9.978997199294609155e-01 6.390545695404684090e-02 -1.059450076615009798e-02
-9.980028905606078693e-01 6.224736454620415776e-02 -1.074699728824313714e-02
-9.981047463556554922e-01 6.056583631427527037e-02 -1.089480084932600498e-02
-9.982051288662888711e-01 5.886160341826852244e-02 -1.103785578926077052e-02
-9.983038825353656165e-01 5.713540607229536383e-02 -1.117610848144729579e-02
-9.984008549489222784e-01 5.538799323176572115e-02 -1.130950735818661221e-02
-9.984958970824145963e-01 5.362012227450551477e-02 -1.143800293519555734e-02
-9.985888635407790259e-01 5.183255867592759941e-02 -1.156154783524003180e-02
-9.986796127919121968e-01 5.002607567840097746e-02 -1.168009681085467599e-02
-9.987680073931779479e-01 4.820145395497623525e-02 -1.179360676611727714e-02
-9.988539142105619106e-01 4.635948126763833610e-02 -1.190203677744679917e-02
-9.989372046301061570e-01 4.450095212027085911e-02 -1.200534811339470410e-02
-9.990177547612714148e-01 4.262666740652831798e-02 -1.210350425339998780e-02
-9.990954456318859034e-01 4.073743405282571894e-02 -1.219647090547931051e-02
-9.991701633743563793e-01 3.883406465666632695e-02 -1.228421602282459696e-02
-9.992417994028326422e-01 3.691737712054041914e-02 -1.236670981928157144e-02
-9.993102505810305125e-01 3.498819428163892770e-02 -1.244392478368390627e-02
-9.993754193804382790e-01 3.304734353763660176e-02 -1.251583569301891255e-02
-9.994372140286459372e-01 3.109565646880950440e-02 -1.258241962440209173e-02
-9.994955486475560757e-01 2.913396845676143737e-02 -1.264365596583926291e-02
-9.995503433812537031e-01 2.716311830004284472e-02 -1.269952642575654204e-02
-9.996015245133297311e-01 2.518394782695425327e-02 -1.275001504127997419e-02
-9.996490245734737101e-01 2.319730150583415584e-02 -1.279510818524830229e-02
-9.996927824331699464e-01 2.120402605313831054e-02 -1.283479457194405121e-02
-9.997327433903521188e-01 1.920497003962390314e-02 -1.286906526152983149e-02
-9.997688592428907173e-01 1.720098349495769244e-02 -1.289791366317862530e-02
-9.998010883508094970e-01 1.519291751107219868e-02 -1.292133553688859689e-02
-9.998293956871466825e-01 1.318162384459818648e-02 -1.293932899397490233e-02
-9.998537528773988603e-01 1.116795451870507619e-02 -1.295189449623285194e-02
-9.998741382275054823e-01 9.152761424683509422e-03 -1.295903485376873401e-02
-9.998905367403538857e-01 7.136895923606089917e-03 -1.296075522149652166e-02
-9.999029401208059387e-01 5.121208448403290550e-03 -1.295706309430069529e-02
-9.999113467692674062e-01 3.106548106691702556e-03 -1.294796830086733172e-02
-9.999157617638442241e-01 1.093762284691125134e-03 -1.293348299618759210e-02
-9.999161968311485182e-01 -9.163037474344370818e-04 -1.291362165273969402e-02
-9.999126703058406340e-01 -2.922807228479081931e-03 -1.288840105035738565e-02
-9.999052070790113156e-01 -4.924908297010878108e-03 -1.285784026479485677e-02
-9.998938385355298220e-01 -6.921770379775403666e-03 -1.282196065499990358e-02
-9.998786024805048633e-01 -8.912560577365637865e-03 -1.278078584910902205e-02
-9.998595430550216712e-01 -1.089645004684227855e-02 -1.273434172917992623e-02
-9.998367106413412753e-01 -1.287261438099457367e-02 -1.268265641467873801e-02
-9.998101617577642708e-01 -1.484023398393861590e-02 -1.262576024474082112e-02
-9.997799589433808976e-01 -1.679849444275739040e-02 -1.256368575922590068e-02
-9.997461706329463516e-01 -1.874658689489508076e-02 -1.249646767858969554e-02
-9.997088710221373464e-01 -2.068370839102675815e-02 -1.242414288259583062e-02
-9.996681399234634835e-01 -2.260906225313391235e-02 -1.234675038789325753e-02
-9.996240626131214224e-01 -2.452185842752614350e-02 -1.226433132448579572e-02
-9.995767296690962755e-01 -2.642131383255963417e-02 -1.217692891112172326e-02
-9.995262368008280829e-01 -2.830665270081387727e-02 -1.208458842963256591e-02
-9.994726846707758794e-01 -3.017710691549939719e-02 -1.198735719825138116e-02
-9.994161787082250781e-01 -3.203191634088077555e-02 -1.188528454394186321e-02
-9.993568289156948836e-01 -3.387032914651139787e-02 -1.177842177377060734e-02
-9.992947496683151076e-01 -3.569160212508847019e-02 -1.166682214535567398e-02
-9.992300595065517488e-01 -3.749500100374955625e-02 -1.155054083642542868e-02
-9.991628809226713592e-01 -3.927980074864453885e-02 -1.142963491352227100e-02
-9.990933401413416570e-01 -4.104528586262988499e-02 -1.130416329988647058e-02
-9.990215668947759475e-01 -4.279075067594516335e-02 -1.117418674255579378e-02
-9.989476941928340237e-01 -4.451549962974480495e-02 -1.103976777871701169e-02
-9.988718580885008747e-01 -4.621884755237140596e-02 -1.090097070134564937e-02
-9.987941974391678635e-01 -4.790011992826988946e-02 -1.075786152417053908e-02
-9.987148536641476948e-01 -4.955865315945502669e-02 -1.061050794599982701e-02
-9.986339704988566046e-01 -5.119379481945777327e-02 -1.045897931444509342e-02
-9.985516937461016429e-01 -5.280490389968874737e-02 -1.030334658908014719e-02
-9.984681710249119213e-01 -5.439135104816986838e-02 -1.014368230407086853e-02
-9.983835515173543618e-01 -5.595251880059760874e-02 -9.980060530312201070e-03
-9.982979857137748159e-01 -5.748780180371353132e-02 -9.812556837108042662e-03
-9.982116251569058685e-01 -5.899660703096963610e-02 -9.641248253429320764e-03
-9.981246221852796419e-01 -6.047835399048769045e-02 -9.466213228785038888e-03
-9.980371296763842492e-01 -6.193247492532279880e-02 -9.287531593740450814e-03
-9.979493007899969959e-01 -6.335841500605236820e-02 -9.105284520115865254e-03
-9.978612887121277586e-01 -6.475563251572200030e-02 -8.919554480898816973e-03
-9.977732463999968715e-01 -6.612359902718967231e-02 -8.730425209901559666e-03
-9.976853263284722884e-01 -6.746179957291906226e-02 -8.537981661194913099e-03
-9.975976802383803577e-01 -6.876973280728188032e-02 -8.342309968348620916e-03
-9.975104588871013256e-01 -7.004691116143731133e-02 -8.143497403507343399e-03
-9.974238118018531329e-01 -7.129286099086469541e-02 -7.941632336330422398e-03
-9.973378870360586346e-01 -7.250712271563282407e-02 -7.736804192822431536e-03
-9.972528309291841531e-01 -7.368925095349589116e-02 -7.529103414080459689e-03
-9.971687878704289520e-01 -7.483881464591238264e-02 -7.318621414982894383e-03
-9.970859000666341121e-01 -7.595539717708876815e-02 -7.105450542843309500e-03
-9.970043073147729640e-01 -7.703859648615457578e-02 -6.889684036051867307e-03
-9.969241467793709122e-01 -7.808802517258010834e-02 -6.671415982725416652e-03
-9.968455527751958201e-01 -7.910331059495147310e-02 -6.450741279386247064e-03
-9.967686565555465839e-01 -8.008409496322098364e-02 -6.227755589688216409e-03
-9.966935861064561974e-01 -8.103003542455321229e-02 -6.002555303207725117e-03
-9.966204659471158411e-01 -8.194080414288926195e-02 -5.775237494315773983e-03
-9.965494169368117605e-01 -8.281608837235276965e-02 -5.545899881146102231e-03
-9.964805560886559332e-01 -8.365559052462212541e-02 -5.314640784673186485e-03
-9.964139963903784203e-01 -8.445902823039343199e-02 -5.081559087912659173e-03
-9.963498466324359759e-01 -8.522613439505839772e-02 -4.846754195255533956e-03
-9.962882112436782789e-01 -8.595665724872031399e-02 -4.610325991946445309e-03
-9.962291901348001577e-01 -8.665036039066982554e-02 -4.372374803714986109e-03
-9.961728785497937499e-01 -8.730702282844030049e-02 -4.133001356568111705e-03
-9.961193669256016570e-01 -8.792643901155981767e-02 -3.892306736750529399e-03
-9.960687407601568344e-01 -8.850841886011420745e-02 -3.650392350878944956e-03
-9.960210804889821912e-01 -8.905278778823189079e-02 -3.407359886255068027e-03
-9.959764613705077707e-01 -8.955938672259755595e-02 -3.163311271361337728e-03
-9.959349533802496213e-01 -9.002807211609731297e-02 -2.918348636542439280e-03
-9.958966211139793634e-01 -9.045871595669371934e-02 -2.672574274874854258e-03
-9.958615236999995846e-01 -9.085120577162360267e-02 -2.426090603225898156e-03
-9.958297147206256472e-01 -9.120544462700685973e-02 -2.179000123502985997e-03
-9.958012421429595085e-01 -9.152135112294848551e-02 -1.931405384093194937e-03
-9.957761482590278268e-01 -9.179885938421043778e-02 -1.683408941492599113e-03
-9.957544696353403113e-01 -9.203791904652394718e-02 -1.435113322124304891e-03
-9.957362370719115008e-01 -9.223849523860656874e-02 -1.186620984343649335e-03
-9.957214755707737286e-01 -9.240056855994192853e-02 -9.380342806286049058e-04
-9.957102043139953729e-01 -9.252413505437365182e-02 -6.894554199531017580e-04
-9.957024366512031710e-01 -9.260920617955832601e-02 -4.409864303406924794e-04
-9.956981800965944984e-01 -9.265580877231555101e-02 -1.927291215957829124e-04
-9.956974363354099689e-01 -9.266398500990678799e-02 5.521495179049368610e-05
-9.957002012398245006e-01 -9.263379236726755617e-02 3.027445275627537640e-04
-9.957064648941987839e-01 -9.256530357021125477e-02 5.497586724551961450e-04
-9.957162116296215393e-01 -9.245860654461604544e-02 7.961568187797351051e-04
-9.957294200676580775e-01 -9.231380436159988823e-02 1.041838800851255546e-03
-9.957460631732073519e-01 -9.213101517868230173e-02 1.286704891252625797e-03
-9.957661083163573679e-01 -9.191037217692531180e-02 1.530655836941850366e-03
-9.957895173431137170e-01 -9.165202349403997473e-02 1.773592895203437037e-03
-9.958162466548656777e-01 -9.135613215343911520e-02 2.015417869445680198e-03
-9.958462472964395573e-01 -9.102287598921114664e-02 2.256033144845134321e-03
-9.958794650525771841e-01 -9.065244756698481732e-02 2.495341723839068424e-03
-9.959158405526653546e-01 -9.024505410064950772e-02 2.733247261466159768e-03
-9.959553093835301629e-01 -8.980091736489106968e-02 2.969654100555091120e-03
-9.959978022100975936e-01 -8.932027360349885370e-02 3.204467306760092928e-03
-9.960432449037112113e-01 -8.880337343339565759e-02 3.437592703441788057e-03
-9.960915586778854580e-01 -8.825048174433859638e-02 3.668936906390977710e-03
-9.961426602312639655e-01 -8.766187759423578474e-02 3.898407358392255110e-03
-9.961964618975386321e-01 -8.703785410002090606e-02 4.125912363623537339e-03
-9.962528718020789986e-01 -8.637871832402542471e-02 4.351361121886786892e-03
-9.963117940250073579e-01 -8.568479115578638006e-02 4.574663762664343651e-03
-9.963731287704478135e-01 -8.495640718922607693e-02 4.795731378994415837e-03
-9.964367725416682919e-01 -8.419391459513929366e-02 5.014476061158383395e-03
-9.965026183218241851e-01 -8.339767498892289299e-02 5.230810930171666054e-03
-9.965705557600049724e-01 -8.256806329348302664e-02 5.444650171068973754e-03
-9.966404713622764033e-01 -8.170546759725544339e-02 5.655909065973846808e-03
-9.967122486874034903e-01 -8.081028900727545150e-02 5.864504026941446020e-03
-9.967857685469322382e-01 -7.988294149723572379e-02 6.070352628562636181e-03
-9.968609092093007051e-01 -7.892385175047210433e-02 6.273373640316463537e-03
-9.969375466076449976e-01 -7.793345899781999042e-02 6.473487058657228371e-03
-9.970155545509576944e-01 -7.691221485028709726e-02 6.670614138821435307e-03
-9.970948049382525324e-01 -7.586058312649177071e-02 6.864677426339020963e-03
-9.971751679753844133e-01 -7.477903967481999703e-02 7.055600788232396434e-03
-9.972565123941675713e-01 -7.366807219025894859e-02 7.243309443885992058e-03
-9.973387056734331901e-01 -7.252818002586947088e-02 7.427729995568188755e-03
-9.974216142616619818e-01 -7.135987399886567495e-02 7.608790458586732648e-03
-9.975051038008274640e-01 -7.016367619127533706e-02 7.786420291057991570e-03
-9.975890393510798981e-01 -6.894011974516123242e-02 7.960550423269706008e-03
-9.976732856159029605e-01 -6.768974865238996941e-02 8.131113286616227856e-03
-9.977577071673703335e-01 -6.641311753894219017e-02 8.298042842084640131e-03
-9.978421686711326233e-01 -6.511079144376495653e-02 8.461274608269552314e-03
-9.979265351107629023e-01 -6.378334559217536948e-02 8.620745688893913239e-03
-9.980106720110895058e-01 -6.243136516383195750e-02 8.776394799812672551e-03
-9.980944456601489323e-01 -6.105544505529911931e-02 8.928162295475765287e-03
-9.981777233293900320e-01 -5.965618963723814949e-02 9.075990194826548049e-03
-9.982603734917663285e-01 -5.823421250626733409e-02 9.219822206611537688e-03
-9.983422660373549862e-01 -5.679013623154260948e-02 9.359603754077114313e-03
-9.984232724861450414e-01 -5.532459209611927109e-02 9.495281999028690884e-03
-9.985032661976422919e-01 -5.383821983316479376e-02 9.626805865227797826e-03
-9.985821225769435650e-01 -5.233166735710195056e-02 9.754126061102534606e-03
-9.986597192769384179e-01 -5.080559048977114495e-02 9.877195101746880090e-03
-9.987359363963030923e-01 -4.926065268171025968e-02 9.995967330184535662e-03
-9.988106566729582081e-01 -4.769752472865997073e-02 1.011039893787315722e-02
-9.988837656726695657e-01 -4.611688448341191154e-02 1.022044798442513398e-02
-9.989551519724800821e-01 -4.451941656312660006e-02 1.032607441652142605e-02
-9.990247073386691046e-01 -4.290581205225744987e-02 1.042724008599538871e-02
-9.990923268989443384e-01 -4.127676820122631873e-02 1.052390876706404445e-02
-9.991579093085832808e-01 -3.963298812100533169e-02 1.061604617268478885e-02
-9.992213569102499360e-01 -3.797518047376848005e-02 1.070361997001619686e-02
-9.992825758872243558e-01 -3.630405915978530268e-02 1.078659979496227571e-02
-9.993414764097938718e-01 -3.462034300073730392e-02 1.086495726578030549e-02
-9.993979727745678776e-01 -3.292475541964605401e-02 1.093866599573322176e-02
-9.994519835364886751e-01 -3.121802411760967247e-02 1.100770160476840717e-02
-9.995034316333262225e-01 -2.950088074755194759e-02 1.107204173020572349e-02
-9.995522445024560554e-01 -2.777406058519551676e-02 1.113166603641861305e-02
-9.995983541897348612e-01 -2.603830219747728728e-02 1.118655622349318604e-02
-9.996416974503017361e-01 -2.429434710863060884e-02 1.123669603485130848e-02
-9.996822158411470260e-01 -2.254293946416462482e-02 1.128207126382489711e-02
-9.997198558053079775e-01 -2.078482569297668281e-02 1.132266975916981777e-02
-9.997545687475621889e-01 -1.902075416783864659e-02 1.135848142950905172e-02
-9.997863111015077298e-01 -1.725147486450241685e-02 1.138949824669607119e-02
-9.998150443879337823e-01 -1.547773901967391431e-02 1.141571424809068730e-02
-9.998407352644006485e-01 -1.370029878810823110e-02 1.143712553774100214e-02
-9.998633555659651728e-01 -1.191990689908149943e-02 1.145373028646643615e-02
-9.998828823370026209e-01 -1.013731631249739293e-02 1.146552873083822935e-02
-9.998992978540928167e-01 -8.353279874887931111e-03 1.147252317105521870e-02
-9.999125896399546631e-01 -6.568549975569452394e-03 1.147471796771408481e-02
-9.999227504684281564e-01 -4.783878203215292772e-03 1.147211953747475158e-02
-9.999297783605212153e-01 -3.000015003106730992e-03 1.146473634762298216e-02
-9.999336765715525210e-01 -1.217709335323279756e-03 1.145257890953371195e-02
-9.999344535694396630e-01 5.622916658676857787e-04 1.143565977104003470e-02
-9.999321230041963160e-01 2.339243031163610285e-03 1.141399350771418568e-02
-9.999267036687177201e-01 4.112402293665596426e-03 1.138759671306828827e-02
-9.999182194509514954e-01 5.881029824350006083e-03 1.135648798768396951e-02
-9.999066992775624829e-01 7.644389165322699672e-03 1.132068792728132579e-02
-9.998921770492193994e-01 9.401747360609637866e-03 1.128021910973906437e-02
-9.998746915676415270e-01 1.115237528424186525e-02 1.123510608107890912e-02
-9.998542864545622022e-01 1.289554796539774291e-02 1.118537534042864448e-02
-9.998310100627767483e-01 1.463054491037059715e-02 1.113105532397938927e-02
-9.998049153794577038e-01 1.635665042113570999e-02 1.107217638795387517e-02
-9.997760599219324140e-01 1.807315391029679086e-02 1.100877079060362182e-02
-9.997445056261328178e-01 1.977935021219864517e-02 1.094087267325401236e-02
-9.997103187279361425e-01 2.147453988999984201e-02 1.086851804041729166e-02
-9.996735696376307656e-01 2.315802953850646523e-02 1.079174473899448435e-02
-9.996343328077499368e-01 2.482913208257579718e-02 1.071059243658817155e-02
-9.995926865945286011e-01 2.648716707090681410e-02 1.062510259894889827e-02
-9.995487131132474445e-01 2.813146096504265392e-02 1.053531846657882604e-02
-9.995024980877388332e-01 2.976134742341878317e-02 1.044128503051693080e-02
-9.994541306943381942e-01 3.137616758029940223e-02 1.034304900733078007e-02
-9.994037034005726072e-01 3.297527031945359649e-02 1.024065881334047454e-02
-9.993513117988858108e-01 3.455801254243185544e-02 1.013416453810092425e-02
-9.992970544357070439e-01 3.612375943131293510e-02 1.002361791716907362e-02
-9.992410326361771400e-01 3.767188470580035142e-02 9.909072304183107194e-03
-9.991833503248508386e-01 3.920177087455727766e-02 9.790582642281008691e-03
-9.991241138426999457e-01 4.071280948067806937e-02 9.668205434886095045e-03
-9.990634317607476333e-01 4.220440134120423403e-02 9.541998715887376609e-03
-9.990014146906655013e-01 4.367595678060203629e-02 9.412022019242688095e-03
-9.989381750926713543e-01 4.512689585812838799e-02 9.278336348032637307e-03
-9.988738270810667563e-01 4.655664858902104630e-02 9.141004142993394352e-03
-9.988084862277549769e-01 4.796465515945836505e-02 9.000089250556279896e-03
-9.987422693640831683e-01 4.935036613524292765e-02 8.855656890421993027e-03
-9.986752943813518302e-01 5.071324266417230608e-02 8.707773622697119811e-03
-9.986076800303349543e-01 5.205275667206896856e-02 8.556507314620306892e-03
-9.985395457201544644e-01 5.336839105244986503e-02 8.401927106905189568e-03
-9.984710113168515644e-01 5.465963984982451923e-02 8.244103379726792566e-03
-9.984021969419945020e-01 5.592600843661840737e-02 8.083107718377696704e-03
-9.983332227716615881e-01 5.716701368372626574e-02 7.919012878619810167e-03
-9.982642088361349808e-01 5.838218412470727592e-02 7.751892751757055722e-03
-9.981952748206369685e-01 5.957106011364125819e-02 7.581822329453735340e-03
-9.981265398674372680e-01 6.073319397667177599e-02 7.408877668322713488e-03
-9.980581223796543000e-01 6.186815015726840339e-02 7.233135854306938471e-03
-9.979901398270698554e-01 6.297550535524658322e-02 7.054674966877125600e-03
-9.979227085542703435e-01 6.405484865958900598e-02 6.873574043067729421e-03
-9.978559435914216014e-01 6.510578167511785197e-02 6.689913041372583767e-03
-9.977899584679782441e-01 6.612791864307200618e-02 6.503772805520827670e-03
-9.977248650296219878e-01 6.712088655564797668e-02 6.315235028152942423e-03
-9.976607732587158273e-01 6.808432526456702216e-02 6.124382214415928852e-03
-9.975977910985532882e-01 6.901788758373496313e-02 5.931297645495822030e-03
-9.975360242816734280e-01 6.992123938606413514e-02 5.736065342104911501e-03
-9.974755761625058170e-01 7.079405969452967629e-02 5.538770027940191111e-03
-9.974165475545980764e-01 7.163604076753503358e-02 5.339497093128726425e-03
-9.973590365726722196e-01 7.244688817866316854e-02 5.138332557674757731e-03
-9.973031384797453880e-01 7.322632089089160801e-02 4.935363034922532650e-03
-9.972489455395406877e-01 7.397407132535072094e-02 4.730675695048012358e-03
-9.971965468744051764e-01 7.468988542470518521e-02 4.524358228591756660e-03
-9.971460283289399484e-01 7.537352271123888559e-02 4.316498810044483957e-03
-9.970974723395400474e-01 7.602475633972366476e-02 4.107186061495988506e-03
-9.970509578100273940e-01 7.664337314515166921e-02 3.896509016357308126e-03
-9.970065599935528100e-01 7.722917368541037941e-02 3.684557083165276078e-03
-9.969643503809297869e-01 7.778197227897819255e-02 3.471420009477832816e-03
-9.969243965955532083e-01 7.830159703771705226e-02 3.257187845867768987e-03
-9.968867622950439156e-01 7.878788989483670457e-02 3.041950910021868487e-03
-9.968515070797491218e-01 7.924070662810320242e-02 2.825799750951767282e-03
-9.968186864082181353e-01 7.965991687836165847e-02 2.608825113322217441e-03
-9.967883515197590860e-01 8.004540416344103904e-02 2.391117901901848239e-03
-9.967605493641732428e-01 8.039706588750533678e-02 2.172769146140968860e-03
-9.967353225387507454e-01 8.071481334591285028e-02 1.953869964880434237e-03
-9.967127092325994697e-01 8.099857172564166319e-02 1.734511531195122823e-03
-9.966927431783682012e-01 8.124828010133605671e-02 1.514785037375139271e-03
-9.966754536114125207e-01 8.146389142702480102e-02 1.294781660047461839e-03
-9.966608652364405962e-01 8.164537252355864860e-02 1.074592525440407629e-03
-9.966489982016650817e-01 8.179270406181014808e-02 8.543086747929810616e-04
-9.966398680804737786e-01 8.190588054167523280e-02 6.340210299109177300e-04
-9.966334858606221703e-01 8.198491026691150096e-02 4.138203588710146841e-04
-9.966298579409385017e-01 8.202981531584438435e-02 1.937972418751789311e-04
-9.966289861355204227e-01 8.204063150796792048e-02 -2.595796274450307898e-05
-9.966308676853905535e-01 8.201740836646284616e-02 -2.453551523684411044e-04
-9.966354952775688947e-01 8.196020907665041433e-02 -4.643045137787632048e-04
-9.966428570715056834e-01 8.186911044039632546e-02 -6.827165566938666642e-04
-9.966529367328106348e-01 8.174420282647507086e-02 -9.005021471470209867e-04
-9.966657134742005208e-01 8.158559011690103002e-02 -1.117572540707642125e-03
-9.966811621035784885e-01 8.139338964922866737e-02 -1.333839415543709760e-03
-9.966992530791468630e-01 8.116773215482057935e-02 -1.549214905323610279e-03
-9.967199525714443009e-01 8.090876169307849308e-02 -1.763611631955458231e-03
-9.967432225321892769e-01 8.061663558162887600e-02 -1.976942738161680847e-03
-9.967690207697995630e-01 8.029152432245142967e-02 -2.189121919886341180e-03
-9.967973010314501447e-01 7.993361152393599345e-02 -2.400063458532337123e-03
-9.968280130915201376e-01 7.954309381885019126e-02 -2.609682253025229996e-03
-9.968611028462699419e-01 7.912018077819792106e-02 -2.817893851700053933e-03
-9.968965124145822143e-01 7.866509482094602435e-02 -3.024614484007013843e-03
-9.969341802445895739e-01 7.817807111959487743e-02 -3.229761092031515485e-03
-9.969740412260038598e-01 7.765935750156637007e-02 -3.433251361823473971e-03
-9.970160268079527599e-01 7.710921434638157157e-02 -3.635003754530334846e-03
-9.970600651221223076e-01 7.652791447859895457e-02 -3.834937537327707570e-03
-9.971060811109949684e-01 7.591574305648332577e-02 -4.032972814140945751e-03
-9.971539966609656025e-01 7.527299745637487660e-02 -4.229030556150452889e-03
-9.972037307401103723e-01 7.459998715272755931e-02 -4.423032632072897846e-03
-9.972551995403762248e-01 7.389703359378618774e-02 -4.614901838209934000e-03
-9.973083166239531394e-01 7.316447007287191218e-02 -4.804561928255421041e-03
-9.973629930735828930e-01 7.240264159524652243e-02 -4.991937642851536003e-03
-9.974191376465536552e-01 7.161190474052733790e-02 -5.176954738883560343e-03
-9.974766569321245058e-01 7.079262752062549791e-02 -5.359540018502523609e-03
-9.975354555121163092e-01 6.994518923318271408e-02 -5.539621357864278790e-03
-9.975954361244034896e-01 6.906998031048335041e-02 -5.717127735573005951e-03
-9.976564998290345931e-01 6.816740216382129181e-02 -5.891989260816538759e-03
-9.977185461767064112e-01 6.723786702330397658e-02 -6.064137201180355187e-03
-9.977814733793125557e-01 6.628179777307888210e-02 -6.233504010126511563e-03
-9.978451784822842674e-01 6.529962778197152817e-02 -6.400023354123265777e-03
-9.979095575384379080e-01 6.429180072952749014e-02 -6.563630139410623655e-03
-9.979745057830421429e-01 6.325877042745539636e-02 -6.724260538386545548e-03
-9.980399178098150470e-01 6.220100063647191618e-02 -6.881852015598101738e-03
-9.981056877475601441e-01 6.111896487855462967e-02 -7.036343353321408180e-03
-9.981717094371499455e-01 6.001314624461352026e-02 -7.187674676713797645e-03
-9.982378766085637789e-01 5.888403719759707777e-02 -7.335787478521288429e-03
-9.983040830576880298e-01 5.773213937105432098e-02 -7.480624643324091869e-03
-9.983702228225866948e-01 5.655796336317988476e-02 -7.622130471302611052e-03
-9.984361903589502596e-01 5.536202852637495814e-02 -7.760250701506100392e-03
-9.985018807144342423e-01 5.414486275236313206e-02 -7.894932534605981350e-03
-9.985671897015984122e-01 5.290700225290621145e-02 -8.026124655115599721e-03
-9.986320140691615777e-01 5.164899133617163046e-02 -8.153777253058111865e-03
-9.986962516712892812e-01 5.037138217880942487e-02 -8.277842045064093615e-03
-9.987598016346346252e-01 4.907473459380345959e-02 -8.398272294880432601e-03
-9.988225645228567817e-01 4.775961579416813929e-02 -8.515022833272094249e-03
-9.988844424983456260e-01 4.642660015256879630e-02 -8.628050077298389867e-03
-9.989453394808865960e-01 4.507626895695055619e-02 -8.737312048945514859e-03
-9.990051613030038746e-01 4.370921016226737149e-02 -8.842768393097281271e-03
-9.990638158617262121e-01 4.232601813840972116e-02 -8.944380394826166591e-03
-9.991212132665269197e-01 4.092729341443629432e-02 -9.042110995987093919e-03
-9.991772659831940073e-01 3.951364241922161041e-02 -9.135924811096656981e-03
-9.992318889733957654e-01 3.808567721863827249e-02 -9.225788142480853896e-03
-9.992849998297131942e-01 3.664401524939907978e-02 -9.311668994674855010e-03
-9.993365189059193465e-01 3.518927904969065823e-02 -9.393537088058727391e-03
-9.993863694422933097e-01 3.372209598673659575e-02 -9.471363871713621430e-03
-9.994344776857657653e-01 3.224309798143418226e-02 -9.545122535483414189e-03
-9.994807730047025052e-01 3.075292123021480806e-02 -9.614788021227468548e-03
-9.995251879981408294e-01 2.925220592428383337e-02 -9.680337033250772591e-03
-9.995676585993044094e-01 2.774159596640122724e-02 -9.741748047898429741e-03
-9.996081241732320821e-01 2.622173868536962354e-02 -9.799001322302217792e-03
-9.996465276083660312e-01 2.469328454840133760e-02 -9.852078902267675728e-03
-9.996828154019566925e-01 2.315688687154072653e-02 -9.900964629291009872e-03
-9.997169377391517120e-01 2.161320152832262378e-02 -9.945644146695948803e-03
-9.997488485656478296e-01 2.006288665685172085e-02 -9.986104904881540345e-03
-9.997785056537963344e-01 1.850660236549157844e-02 -1.002233616567281722e-02
-9.998058706620647218e-01 1.694501043735533244e-02 -1.005432900576716179e-02
-9.998309091877671806e-01 1.537877403379330279e-02 -1.008207631927018205e-02
-9.998535908129920768e-01 1.380855739707539248e-02 -1.010557281931588440e-02
-9.998738891436630416e-01 1.223502555246853453e-02 -1.012481503876692772e-02
-9.998917818416849235e-01 1.065884400991139180e-02 -1.013980132999177386e-02
-9.999072506501376356e-01 9.080678465490078788e-03 -1.015053186371656438e-02
-9.999202814114926952e-01 7.501194502919866433e-03 -1.015700862695060810e-02
-9.999308640788409086e-01 5.921057295238582249e-03 -1.015923541998541360e-02
-9.999389927201309813e-01 4.340931306917791659e-03 -1.015721785246825014e-02
-9.999446655154315966e-01 2.761479996597811931e-03 -1.015096333855228239e-02
-9.999478847472424992e-01 1.183365520652176778e-03 -1.014048109112637708e-02
-9.999486567838912210e-01 -3.927515622136931294e-04 -1.012578211512873451e-02
-9.999469920560652980e-01 -1.966212585126090109e-03 -1.010687919994952833e-02
-9.999429050265417063e-01 -3.536361065767007310e-03 -1.008378691092878636e-02
-9.999364141531864592e-01 -5.102542997458660648e-03 -1.005652157995675852e-02
-9.999275418453100750e-01 -6.664107138411107939e-03 -1.002510129518500472e-02
-9.999163144134752823e-01 -8.220405298938308208e-03 -9.989545889857440186e-03
-9.999027620128653204e-01 -9.770792626451117041e-03 -9.949876930271531542e-03
-9.998869185803316295e-01 -1.131462788803919671e-02 -9.906117702880759546e-03
-9.998688217652512700e-01 -1.285127375045771146e-02 -9.858293200550391142e-03
-9.998485128543338485e-01 -1.438009705733877923e-02 -9.806430107979467042e-03
-9.998260366905294960e-01 -1.590046910345219167e-02 -9.750556786302775128e-03
-9.998014415861973259e-01 -1.741176590584466236e-02 -9.690703256887377853e-03
-9.997747792307052350e-01 -1.891336847169192842e-02 -9.626901184339044237e-03
-9.997461045926394618e-01 -2.040466306270335636e-02 -9.559183858734681197e-03
-9.997154758168127486e-01 -2.188504145592428535e-02 -9.487586177097547674e-03
-9.996829541162663979e-01 -2.335390120078708470e-02 -9.412144624132697673e-03
-9.996486036594712798e-01 -2.481064587226800011e-02 -9.332897252240717617e-03
-9.996124914529387340e-01 -2.625468532001291530e-02 -9.249883660828380275e-03
-9.995746872194615218e-01 -2.768543591330165435e-02 -9.163144974935373555e-03
-9.995352632722086517e-01 -2.910232078172685435e-02 -9.072723823196734289e-03
-9.994942943849073336e-01 -3.050477005147007870e-02 -8.978664315161056023e-03
-9.994518576583486524e-01 -3.189222107706460307e-02 -8.881012017984918003e-03
-9.994080323834595436e-01 -3.326411866854109278e-02 -8.779813932524306933e-03
-9.993628999011894276e-01 -3.461991531385923138e-02 -8.675118468844124006e-03
-9.993165434594619700e-01 -3.595907139653533452e-02 -8.566975421167067478e-03
-9.992690480674484288e-01 -3.728105540838282800e-02 -8.455435942283396136e-03
-9.992205003474209368e-01 -3.858534415728947370e-02 -8.340552517443231700e-03
-9.991709883844477336e-01 -3.987142296996201013e-02 -8.222378937753115416e-03
-9.991206015741936897e-01 -4.113878588957586152e-02 -8.100970273098624316e-03
-9.990694304690926897e-01 -4.238693586827421700e-02 -7.976382844614833545e-03
-9.990175666231583262e-01 -4.361538495446757452e-02 -7.848674196726371233e-03
-9.989651024357012465e-01 -4.482365447489138760e-02 -7.717903068778722217e-03
-9.989121309942211591e-01 -4.601127521138591997e-02 -7.584129366282321531e-03
-9.988587459167427296e-01 -4.717778757236881088e-02 -7.447414131790792112e-03
-9.988050411938611539e-01 -4.832274175897689067e-02 -7.307819515434480807e-03
-9.987511110307661921e-01 -4.944569792585994800e-02 -7.165408745130191770e-03
-9.986970496895084537e-01 -5.054622633661479819e-02 -7.020246096487730084e-03
-9.986429513317712781e-01 -5.162390751385377563e-02 -6.872396862433554493e-03
-9.985889098624097793e-01 -5.267833238390696310e-02 -6.721927322571479013e-03
-9.985350187740140715e-01 -5.370910241616285580e-02 -6.568904712299978958e-03
-9.984813709927525816e-01 -5.471582975705689689e-02 -6.413397191705250133e-03
-9.984280587257453599e-01 -5.569813735872205379e-02 -6.255473814248719774e-03
-9.983751733102159687e-01 -5.665565910232010782e-02 -6.095204495267259395e-03
-9.983228050646638652e-01 -5.758803991607630568e-02 -5.932659980303850097e-03
-9.982710431422950892e-01 -5.849493588804401123e-02 -5.767911813285949568e-03
-9.982199753869449577e-01 -5.937601437362961809e-02 -5.601032304568296510e-03
-9.981696881917196951e-01 -6.023095409791111299e-02 -5.432094498856342678e-03
-9.981202663605788228e-01 -6.105944525278694801e-02 -5.261172143025945845e-03
-9.980717929730732463e-01 -6.186118958899441272e-02 -5.088339653854421878e-03
-9.980243492524494275e-01 -6.263590050303921575e-02 -4.913672085677458189e-03
-9.979780144373209261e-01 -6.338330311908015047e-02 -4.737245097985839232e-03
-9.979328656571031519e-01 -6.410313436581452362e-02 -4.559134922975351806e-03
-9.978889778113998466e-01 -6.479514304841169081e-02 -4.379418333062663760e-03
-9.978464234535223687e-01 -6.545908991554320877e-02 -4.198172608379391151e-03
-9.978052726783136483e-01 -6.609474772155918276e-02 -4.015475504256014669e-03
-9.977655930144436747e-01 -6.670190128386117856e-02 -3.831405218706724139e-03
-9.977274493213328377e-01 -6.728034753552240843e-02 -3.646040359925731712e-03
-9.976909036908518935e-01 -6.782989557320620588e-02 -3.459459913805040115e-03
-9.976560153539395515e-01 -6.835036670043367901e-02 -3.271743211483130187e-03
-9.976228405922691334e-01 -6.884159446625123802e-02 -3.082969896933509309e-03
-9.975914326550874289e-01 -6.930342469934799854e-02 -2.893219894601566262e-03
-9.975618416813407663e-01 -6.973571553767246578e-02 -2.702573377097699635e-03
-9.975341146271923254e-01 -7.013833745359690508e-02 -2.511110732954218144e-03
-9.975082951990280611e-01 -7.051117327467654183e-02 -2.318912534453080546e-03
-9.974844237920377221e-01 -7.085411820004948458e-02 -2.126059505531119158e-03
-9.974625374344491258e-01 -7.116707981252175241e-02 -1.932632489769005183e-03
-9.974426697374842998e-01 -7.144997808637987280e-02 -1.738712418469842008e-03
-9.974248508510964450e-01 -7.170274539097210020e-02 -1.544380278832935402e-03
-9.974091074255378997e-01 -7.192532649009684975e-02 -1.349717082227979478e-03
-9.973954625787998518e-01 -7.211767853723528854e-02 -1.154803832574608901e-03
-9.973839358699544411e-01 -7.227977106666245988e-02 -9.597214948320168014e-04
-9.973745432784211218e-01 -7.241158598046937289e-02 -7.645509636031151777e-04
-9.973672971891704986e-01 -7.251311753152596407e-02 -5.693730318575151864e-04
-9.973622063838674112e-01 -7.258437230241236715e-02 -3.742683597774470127e-04
-9.973592760379482725e-01 -7.262536918034373512e-02 -1.793174437306043617e-04
-9.973585077236161167e-01 -7.263613932811119334e-02 1.539941462620273544e-05
-9.973598994187299338e-01 -7.261672615105901896e-02 2.098021391087710058e-04
-9.973634455215533157e-01 -7.256718526011594894e-02 4.038109096288283132e-04
-9.973691368713204497e-01 -7.248758443089567405e-02 5.973461926751926507e-04
-9.973769607745673893e-01 -7.237800355887960557e-02 7.903287716489743996e-04
-9.973869010371684274e-01 -7.223853461069225379e-02 9.826797770489837259e-04
-9.973989380020075179e-01 -7.206928157147768355e-02 1.174320716503419928e-03
-9.974130485922082512e-01 -7.187036038838301444e-02 1.365173504643811889e-03
-9.974292063598346747e-01 -7.164189891015297629e-02 1.555160492817044861e-03
-9.974473815399692578e-01 -7.138403682283760154e-02 1.744204498631139483e-03
-9.974675411100653033e-01 -7.109692558161316567e-02 1.932228835330268308e-03
-9.974896488544623407e-01 -7.078072833871486280e-02 2.119157340994276204e-03
-9.975136654339468167e-01 -7.043561986747813586e-02 2.304914407557739648e-03
-9.975395484602318508e-01 -7.006178648248410912e-02 2.489425009643338616e-03
-9.975672525752214970e-01 -6.965942595580341956e-02 2.672614733204043726e-03
-9.975967295349204012e-01 -6.922874742933167458e-02 2.854409803968319028e-03
-9.976279282978396390e-01 -6.876997132320884776e-02 3.034737115682232915e-03
-9.976607951177448586e-01 -6.828332924031436935e-02 3.213524258142039149e-03
-9.976952736405856337e-01 -6.776906386682912675e-02 3.390699545010451323e-03
-9.977313050054380517e-01 -6.722742886885536839e-02 3.566192041409477556e-03
-9.977688279492882284e-01 -6.665868878508551809e-02 3.739931591282323609e-03
-9.978077789154757848e-01 -6.606311891551112925e-02 3.911848844516498287e-03
-9.978480921656143199e-01 -6.544100520616347172e-02 4.081875283819881225e-03
-9.978896998947973662e-01 -6.479264412987822963e-02 4.249943251341130150e-03
-9.979325323498959843e-01 -6.411834256307731572e-02 4.415985975025424858e-03
-9.979765179507470441e-01 -6.341841765856226498e-02 4.579937594696162177e-03
-9.980215834140298004e-01 -6.269319671431476670e-02 4.741733187852830225e-03
-9.980676538796211528e-01 -6.194301703830174671e-02 4.901308795174926826e-03
-9.981146530392183136e-01 -6.116822580928404918e-02 5.058601445721400136e-03
-9.981625032670145004e-01 -6.036917993362993923e-02 5.213549181814738226e-03
-9.982111257522073844e-01 -5.954624589813693053e-02 5.366091083598486557e-03
-9.982604406331214708e-01 -5.869979961886793302e-02 5.516167293256615811e-03
-9.983103671327190343e-01 -5.783022628601049847e-02 5.663719038882851151e-03
-9.983608236952755677e-01 -5.693792020477084215e-02 5.808688657987758248e-03
-9.984117281239910380e-01 -5.602328463231748962e-02 5.951019620631092626e-03
-9.984629977193102413e-01 -5.508673161079279817e-02 6.090656552166631710e-03
-9.985145494177207759e-01 -5.412868179641406458e-02 6.227545255586482663e-03
-9.985662999307997056e-01 -5.314956428468969180e-02 6.361632733451604016e-03
-9.986181658842788744e-01 -5.214981643177982878e-02 6.492867209395085729e-03
-9.986700639568969473e-01 -5.112988367203478990e-02 6.621198149184557950e-03
-9.987219110188106930e-01 -5.009021933174896690e-02 6.746576281329935698e-03
-9.987736242693350253e-01 -4.903128443917206813e-02 6.868953617222590437e-03
-9.988251213737849854e-01 -4.795354753082414073e-02 6.988283470791943272e-03
-9.988763205991938454e-01 -4.685748445416525881e-02 7.104520477665412885e-03
-9.989271409486835118e-01 -4.574357816667546511e-02 7.217620613817615771e-03
-9.989775022942654070e-01 -4.461231853140532749e-02 7.327541213694725893e-03
-9.990273255078537806e-01 -4.346420210906219717e-02 7.434240987799925135e-03
-9.990765325902762894e-01 -4.229973194670209186e-02 7.537680039725953157e-03
-9.991250467980684613e-01 -4.111941736310208151e-02 7.637819882620861499e-03
-9.991727927678463184e-01 -3.992377373089291137e-02 7.734623455073225129e-03
-9.992196966380514356e-01 -3.871332225553645451e-02 7.828055136403220746e-03
-9.992656861678705926e-01 -3.748858975123754711e-02 7.918080761346212720e-03
-9.993106908531355081e-01 -3.625010841388452004e-02 8.004667634115706157e-03
-9.993546420390141405e-01 -3.499841559111770833e-02 8.087784541832825774e-03
-9.993974730293098130e-01 -3.373405354962974445e-02 8.167401767309782901e-03
-9.994391191921917494e-01 -3.245756923980631925e-02 8.243491101175153685e-03
-9.994795180621860453e-01 -3.116951405782054235e-02 8.316025853329139447e-03
-9.995186094382625397e-01 -2.987044360529855780e-02 8.384980863717451938e-03
-9.995563354778606024e-01 -2.856091744667839730e-02 8.450332512412866981e-03
-9.995926407867032903e-01 -2.724149886438823748e-02 8.512058728993984399e-03
-9.996274725042579856e-01 -2.591275461197432850e-02 8.570139001211257712e-03
-9.996607803847074036e-01 -2.457525466531268465e-02 8.624554382930879268e-03
-9.996925168733050704e-01 -2.322957197204239543e-02 8.675287501347682395e-03
-9.997226371779955878e-01 -2.187628219936183990e-02 8.722322563458824105e-03
-9.997510993361897746e-01 -2.051596348033249070e-02 8.765645361790617290e-03
-9.997778642765926538e-01 -1.914919615883799164e-02 8.805243279371549256e-03
-9.998028958759910267e-01 -1.777656253334911063e-02 8.841105293945177371e-03
-9.998261610109170361e-01 -1.639864659964776483e-02 8.873221981417277887e-03
-9.998476296041118871e-01 -1.501603379266567770e-02 8.901585518532347321e-03
-9.998672746657245591e-01 -1.362931072759538190e-02 8.926189684775273983e-03
-9.998850723291887732e-01 -1.223906494043310728e-02 8.947029863494729285e-03
-9.999010018817308110e-01 -1.084588462811468881e-02 8.964103042245596953e-03
-9.999150457894714350e-01 -9.450358388406934068e-03 8.977407812348512858e-03
-9.999271897170928236e-01 -8.053074959717940878e-03 8.986944367665361880e-03
-9.999374225420524231e-01 -6.654622960990582044e-03 8.992714502590379647e-03
-9.999457363633355023e-01 -5.255590631843840357e-03 8.994721609257251213e-03
-9.999521265047461860e-01 -3.856565573126865577e-03 8.992970673963441783e-03
-9.999565915127477389e-01 -2.458134488050488752e-03 8.987468272813737072e-03
-9.999591331488715262e-01 -1.060882924060542682e-03 8.978222566585781009e-03
-9.999597563767251840e-01 3.346049843833561431e-04 8.965243294821198181e-03
-9.999584693436367466e-01 1.727746771960896955e-03 8.948541769146627425e-03
-9.999552833569844701e-01 3.117961897414606859e-03 8.928130865829804821e-03
-9.999502128552687497e-01 4.504671997083946680e-03 8.904025017576571582e-03
-9.999432753739920798e-01 5.887301136891889483e-03 8.876240204575438705e-03
-9.999344915064232175e-01 7.265276062627985462e-03 8.844793944797084417e-03
-9.999238848593281492e-01 8.638026448374244021e-03 8.809705283556866495e-03
-9.999114820037612317e-01 1.000498514292274925e-02 8.770994782349144508e-03
-9.998973124210165375e-01 1.136558841403676606e-02 8.728684506962887044e-03
-9.998814084438492067e-01 1.271927619041014583e-02 8.682798014888705104e-03
-9.998638051930818227e-01 1.406549230118314675e-02 8.633360342028073911e-03
-9.998445405097222682e-01 1.540368471287625884e-02 8.580397988716167990e-03
