1.000000000000000000e+00 0.000000000000000000e+00 0.000000000000000000e+00
9.999531249674235012e-01 -3.721845789621578728e-03 -8.938428059333588388e-03
9.998947263534139207e-01 -6.855800023155499655e-04 -1.449365485237497433e-02
9.997573094727997267e-01 5.462680668889604435e-03 -2.134201181625657723e-02
9.994753214333285118e-01 1.158857063181855870e-02 -3.024545341954953948e-02
9.990587052502591936e-01 1.990651485995254683e-02 -3.854134434905839846e-02
9.985842707699327248e-01 2.972421963995610858e-02 -4.411265361124207252e-02
9.979279655621734468e-01 3.882540240167071249e-02 -5.130658227188267945e-02
9.974625903575097263e-01 4.556362824275234091e-02 -5.470227125680475477e-02
9.966863332422212229e-01 5.803727668457284161e-02 -5.699148798124725745e-02
9.953986782247246090e-01 7.043637624669803199e-02 -6.496299801296340215e-02
9.940661663722631936e-01 8.234510956917867608e-02 -7.107561325723925350e-02
9.926114611228693541e-01 9.272770786042938695e-02 -7.825639196648520590e-02
9.904773748881763318e-01 1.082248080213253916e-01 -8.509973612220797512e-02
9.881041589682573179e-01 1.250582967878517415e-01 -8.950194659863601465e-02
9.855180075415175267e-01 1.381769819195330928e-01 -9.829234493196373212e-02
9.818855490246197748e-01 1.570913571143962573e-01 -1.059390525033759300e-01
9.778443634921837324e-01 1.780582211507839019e-01 -1.100712512404116161e-01
9.747578591267950232e-01 1.930993380256044167e-01 -1.120703872644965571e-01
9.695425199048353093e-01 2.162148722834007497e-01 -1.150584276324242428e-01
9.647993981290169385e-01 2.349529224996945997e-01 -1.181492981418934413e-01
9.596792839221847116e-01 2.540479038180916138e-01 -1.203135322318640149e-01
9.522218944170979249e-01 2.787577815986419516e-01 -1.247700888747658027e-01
9.452741771787255276e-01 2.999897944924769799e-01 -1.283076997545090914e-01
9.352098691990752277e-01 3.269112994182227783e-01 -1.360570376830426975e-01
9.260273772013468685e-01 3.502167008012916916e-01 -1.407891142406666740e-01
9.169323541444047709e-01 3.712220808889887813e-01 -1.463872979384135131e-01
9.055513679385571724e-01 3.965047014479609611e-01 -1.508666949207383146e-01
8.940818314587712923e-01 4.171937846921225379e-01 -1.629940021584651011e-01
8.813872293212269282e-01 4.412017436954827065e-01 -1.688123041860520035e-01
8.655707013241599190e-01 4.677889069393187382e-01 -1.787761829459434681e-01
8.494248205634366000e-01 4.949712402817443291e-01 -1.829780615910445163e-01
8.352354336511311761e-01 5.175756236477216943e-01 -1.857344074347158369e-01
8.177269049278583779e-01 5.450481543530235617e-01 -1.850547050539752825e-01
7.967116720071507618e-01 5.733900880887726759e-01 -1.909825794362730866e-01
7.806583940800012611e-01 5.936886518582940031e-01 -1.952083103391979713e-01
7.628229694638275493e-01 6.149819353103530561e-01 -1.997457523431777626e-01
7.420520226992247670e-01 6.365611120846216275e-01 -2.101161080364254696e-01
7.192792408265931137e-01 6.614622580832127952e-01 -2.123795842168305081e-01
6.969602019147412841e-01 6.845960788681375586e-01 -2.134823618164273795e-01
6.733818050482367479e-01 7.072453237915272695e-01 -2.153161160900375348e-01
6.466007704530377653e-01 7.314580532929854106e-01 -2.165100303693698880e-01
6.161764701307615999e-01 7.559914760921059296e-01 -2.209150980406876241e-01
5.896584472122861076e-01 7.765998300965060164e-01 -2.218009340804421303e-01
5.622656508908864259e-01 7.948026814581332644e-01 -2.283551428136939010e-01
5.319288048689209125e-01 8.150628206713563806e-01 -2.296179017550708523e-01
5.022531733173891677e-01 8.325369905690058747e-01 -2.337176636115581851e-01
4.692429839600023578e-01 8.517730596743111615e-01 -2.330101148445598847e-01
4.380346568092136628e-01 8.674471492041807563e-01 -2.359260897261788170e-01
4.006450422245054210e-01 8.857868838369645781e-01 -2.342331816224241803e-01
3.699376754361743402e-01 9.002220130399684050e-01 -2.296660176913447871e-01
3.352562359015791582e-01 9.136693563233044824e-01 -2.298077449254076754e-01
3.024700666779912561e-01 9.245218391500986677e-01 -2.318863164035751545e-01
2.671306774036443787e-01 9.357867586272594629e-01 -2.300964563347076275e-01
2.316298852618104698e-01 9.453151754412799646e-01 -2.296232800314104983e-01
1.972860245981098992e-01 9.536560333546330037e-01 -2.271968968894983731e-01
1.629914734125310904e-01 9.600352278865942335e-01 -2.275218145922028035e-01
1.265349640139493137e-01 9.656851237318201386e-01 -2.268064809034094076e-01
9.564096439720007337e-02 9.695732512115391444e-01 -2.253454051921840728e-01
5.961524454317063126e-02 9.728979449306127680e-01 -2.234180968785972610e-01
2.051032169289022933e-02 9.745753604852849250e-01 -2.231193136288530110e-01
-9.700924402741169933e-03 9.748490432704054465e-01 -2.226550464749088021e-01
-3.998116397433729152e-02 9.743102397085715571e-01 -2.216328002875439240e-01
-7.228263990999855837e-02 9.729345368984724240e-01 -2.194849457432778428e-01
-1.041463816450389213e-01 9.708992290998144092e-01 -2.156577205601753477e-01
-1.378691093057194395e-01 9.670484994928552069e-01 -2.140311719617533082e-01
-1.726168264204586689e-01 9.620304143842951516e-01 -2.114259850067753410e-01
-1.972146148747926653e-01 9.588172585287819683e-01 -2.043915238542613477e-01
-2.269049175679249131e-01 9.531869429293755580e-01 -1.998720709901969095e-01
-2.549523313574789118e-01 9.464412219619727784e-01 -1.981119805399787215e-01
-2.839625850767081849e-01 9.380728580834564179e-01 -1.984555313178529845e-01
-3.079482858883904051e-01 9.315389672214650085e-01 -1.933986565991807349e-01
-3.298814266962233344e-01 9.252464278579453083e-01 -1.873428060343750867e-01
-3.582279576019382072e-01 9.149270174747691220e-01 -1.859605278705867282e-01
-3.902680595149150000e-01 9.014180964752958047e-01 -1.874467710828250921e-01
-4.172517233144685811e-01 8.905218856474138578e-01 -1.813058328109366790e-01
-4.406999312086600229e-01 8.798002136580280741e-01 -1.781437307546774873e-01
-4.657634279565399105e-01 8.680116316982644520e-01 -1.721054042435762599e-01
-4.867732251935704135e-01 8.566951296674852889e-01 -1.706614067389771172e-01
-5.077546630528571026e-01 8.445462791834157379e-01 -1.700788583688595812e-01
-5.235345564526108220e-01 8.348779366435707949e-01 -1.699718585004093008e-01
-5.383216366851858448e-01 8.248903968407816922e-01 -1.725273380741866314e-01
-5.614381432821990980e-01 8.100838640837124682e-01 -1.689715313869767921e-01
-5.766246077634568090e-01 7.993525564007485373e-01 -1.689366339079194923e-01
-5.947252244851228831e-01 7.865563925119540833e-01 -1.662256973292275675e-01
-6.135663634387428234e-01 7.738274426885491941e-01 -1.572496095359201818e-01
-6.298436294637185240e-01 7.618099430771418934e-01 -1.514682991434053994e-01
-6.447672768869286974e-01 7.494533638005790310e-01 -1.503158229035957416e-01
-6.600024350234686699e-01 7.368922649310575279e-01 -1.462416078275126374e-01
-6.755146981597018874e-01 7.226899393037288233e-01 -1.462845733085885724e-01
-6.937621797840425319e-01 7.061755059499003062e-01 -1.414574988694387303e-01
-7.097045880596515310e-01 6.906779661758501998e-01 -1.388645948208749037e-01
-7.223376545080414379e-01 6.773261971448619745e-01 -1.394903814466777192e-01
-7.328384698803311892e-01 6.663807779825822175e-01 -1.374207649400559506e-01
-7.460059179175732025e-01 6.520557769461369224e-01 -1.352718180285238381e-01
-7.571615614766390445e-01 6.385738112585556125e-01 -1.375859311756011116e-01
-7.677749943386686926e-01 6.258350676405958213e-01 -1.373027938229420819e-01
-7.783758316428035506e-01 6.145272577348592780e-01 -1.284030567149488100e-01
-7.873330424587915433e-01 6.038235924813556421e-01 -1.245141749524429076e-01
-7.969926181737939652e-01 5.909307355162896069e-01 -1.249146219106035405e-01
-8.077435933520683564e-01 5.764777338387585548e-01 -1.233845212789600049e-01
-8.168939337000126200e-01 5.634859226658320841e-01 -1.231582167369138919e-01
-8.242387036232585729e-01 5.520636439961806863e-01 -1.259218920060124203e-01
-8.335859964391648669e-01 5.374113058468070747e-01 -1.277634744402764699e-01
-8.415792304570542948e-01 5.240568089918193895e-01 -1.308009569227368274e-01
-8.508975807437264560e-01 5.074903939150533505e-01 -1.357454896211798823e-01
-8.565736862189644585e-01 4.970351915606025517e-01 -1.386995648291860783e-01
-8.654918709763129714e-01 4.802281358400327105e-01 -1.424948758806160176e-01
-8.781721297204184706e-01 4.577965829955675248e-01 -1.386940162323841153e-01
-8.847783838495664188e-01 4.453437308391117178e-01 -1.372450501412874058e-01
-8.935432514024086448e-01 4.293744377681646407e-01 -1.312176845624093147e-01
-9.002734242611321047e-01 4.143297731044400245e-01 -1.335613394485841432e-01
-9.078012384265103929e-01 3.968948128372972728e-01 -1.355413218739333070e-01
-9.149281507180514472e-01 3.781506814779134751e-01 -1.410977394642223270e-01
-9.217820329523440659e-01 3.596403587981925054e-01 -1.448334463184776100e-01
-9.306216394153696836e-01 3.352358752865909897e-01 -1.468342724499842877e-01
-9.368593600348457118e-01 3.156208359267190233e-01 -1.505923614697729784e-01
-9.431839513076802906e-01 2.952013783142553582e-01 -1.525129904229234612e-01
-9.501252908350588111e-01 2.741815366866731107e-01 -1.486151017287718479e-01
-9.570647853931467663e-01 2.504494875369107088e-01 -1.459523286014365595e-01
-9.620332652571926824e-01 2.329302718053166688e-01 -1.422515934862717546e-01
-9.668923829288254002e-01 2.133979482422241336e-01 -1.399302183982621406e-01
-9.710168545936666007e-01 1.969469828377706511e-01 -1.354185505914664023e-01
-9.767688610451368270e-01 1.756744912539245362e-01 -1.227236476641489493e-01
-9.798771467433184945e-01 1.629958850443127549e-01 -1.152091431213844719e-01
-9.826968827070753365e-01 1.488971550157808799e-01 -1.101657911916589100e-01
-9.850807384656424803e-01 1.396008045394340757e-01 -1.006358856845060018e-01
-9.875319490828207147e-01 1.252799400336895852e-01 -9.531848145779302228e-02
-9.888907908897315302e-01 1.171600206218899043e-01 -9.147983257617929576e-02
-9.910326724863240955e-01 1.041789920869683056e-01 -8.367201025145334925e-02
-9.927185049196456390e-01 9.603252391650979325e-02 -7.271691592707039964e-02
-9.941895773813522741e-01 8.308346210044931235e-02 -6.844156585638364043e-02
-9.950002448961171586e-01 7.852232347742350849e-02 -6.171533494654470042e-02
-9.954319857065815347e-01 7.971294482739640919e-02 -5.254553853087028797e-02
-9.956231536221700207e-01 8.229727264697167533e-02 -4.429131428481231092e-02
-9.960172290150388630e-01 7.878481198515627226e-02 -4.174516149671347875e-02
-9.962078045492991363e-01 8.039751469243161530e-02 -3.326072076838672287e-02
-9.965255779984726336e-01 7.927077583312125419e-02 -2.555273471876384067e-02
-9.966542260239638074e-01 7.904028298622961524e-02 -2.080896909616125959e-02
-9.969054761560870448e-01 7.776385158297161038e-02 -1.150134103362727804e-02
-9.968148750101345490e-01 7.958350170355765751e-02 -5.157245026186524708e-03
-9.965714099986031638e-01 8.268921836004403114e-02 -2.818502475945277620e-03
-9.966312200175142522e-01 8.197394328297290256e-02 -2.551455216833805467e-03
-9.964963613391952801e-01 8.361634495337351425e-02 1.826144030043352386e-03
-9.964024358166256867e-01 8.474783542902888933e-02 1.279908981865222548e-04
-9.966084866811312226e-01 8.221697480141726411e-02 -3.452463051386529813e-03
-9.968966285541120964e-01 7.859888342663094718e-02 -4.399286292097209783e-03
-9.967796058291088501e-01 8.004714638893478673e-02 -4.785182676205672857e-03
-9.972074396462090595e-01 7.430932445631649452e-02 -7.448013655747254096e-03
-9.969815420114479521e-01 7.641599115154709687e-02 -1.372688650805617069e-02
-9.971580206693099191e-01 7.295527910983784503e-02 -1.879987702357707041e-02
-9.973192041341739644e-01 7.118008906730764751e-02 -1.696544422395098936e-02
-9.977793512051034153e-01 6.397210241095847849e-02 -1.854623413295938827e-02
-9.981055216971319588e-01 5.849608512523455511e-02 -1.906835017188225276e-02
-9.982354225390118740e-01 5.630538426412427799e-02 -1.886190027342335776e-02
-9.983253144539044888e-01 5.604337007934155623e-02 -1.434341631557945439e-02
-9.987443443067901550e-01 4.877767595040281845e-02 -1.142362966215155519e-02
-9.989619028976963744e-01 4.453069669284535903e-02 -9.599990284023911247e-03
-9.987875757794824061e-01 4.757246043245689365e-02 -1.265960851300434835e-02
-9.989339687062226414e-01 4.256348387251181892e-02 -1.786903629856506637e-02
-9.989755924857245395e-01 4.052306097645832356e-02 -2.014134172698519784e-02
-9.989103961653187369e-01 4.113683295087104674e-02 -2.204105052924686808e-02
-9.990998273917086614e-01 3.753296057483889586e-02 -1.976962817080619647e-02
-9.989360971645301346e-01 4.202465111587470187e-02 -1.899023211715919479e-02
-9.990770371088557589e-01 3.601142522177165628e-02 -2.341533268507694360e-02
-9.992856926567956766e-01 3.335967366520909555e-02 -1.775565378286829074e-02
-9.993280099489507684e-01 3.092121674089164454e-02 -1.968333157918799106e-02
-9.994170122320004124e-01 2.831281181000726982e-02 -1.908001551941443386e-02
-9.995665077174072932e-01 2.398697604741516221e-02 -1.707185414062903014e-02
-9.995819457978653011e-01 2.033627389854507361e-02 -2.055228205091262986e-02
-9.993926546935379962e-01 2.230062791307724571e-02 -2.677742309319281616e-02
-9.995033286066956624e-01 2.185279767536550330e-02 -2.270634283555570537e-02
-9.994220692217994362e-01 1.737445340842497243e-02 -2.921785146584931700e-02
-9.994058946676507293e-01 1.802675538069907143e-02 -2.937551219219943291e-02
-9.994949717441520276e-01 9.211931605806210344e-03 -3.041329836903152242e-02
-9.995468411107418794e-01 2.296385163868437662e-04 -3.010127275985327935e-02
-9.995661395409328742e-01 -1.097927878373691074e-02 -2.733157269418723737e-02
-9.996390805068792185e-01 -1.534226129890858652e-02 -2.205335410097375090e-02
-9.993021673406441430e-01 -2.538407020463685770e-02 -2.740171797427565573e-02
-9.990262941018847043e-01 -3.005105957426551511e-02 -3.230208233496749404e-02
-9.989902676635744605e-01 -3.502015163533969688e-02 -2.814357727202701845e-02
-9.989455297418515789e-01 -3.853853154132611675e-02 -2.495269533462523420e-02
-9.988312056938855044e-01 -4.311220868634880327e-02 -2.185375655502049333e-02
-9.987764907165417316e-01 -4.476494859775611429e-02 -2.101541438405020099e-02
-9.987373362203010307e-01 -4.452920611644109461e-02 -2.325746581648449607e-02
-9.988715583332811176e-01 -4.197652067761250411e-02 -2.221729837213225547e-02
-9.984313545459306827e-01 -4.861179521418432237e-02 -2.778039876242860765e-02
-9.979855408641801207e-01 -5.612190983059225924e-02 -2.958409147684096588e-02
-9.979852714241150835e-01 -5.493035580540928109e-02 -3.175029164240887602e-02
-9.977787193751198602e-01 -5.932518286215082703e-02 -3.030143133937485828e-02
-9.971659645735099220e-01 -6.822663102824895465e-02 -3.170477676524303956e-02
-9.968764114483344985e-01 -7.239272996668510984e-02 -3.157118779742652120e-02
-9.962190367780417999e-01 -8.042064861740796933e-02 -3.286604635648507355e-02
-9.957693838120039720e-01 -8.654244163028633474e-02 -3.088311739619003723e-02
-9.949771956544606333e-01 -9.528372650623637141e-02 -3.068254328360965622e-02
-9.940904779722180562e-01 -1.048458471508891265e-01 -2.813354836945404502e-02
-9.937151937680641645e-01 -1.078381500186127440e-01 -3.001788959288990630e-02
-9.933101744355734564e-01 -1.113562176917404500e-01 -3.057313813662601576e-02
-9.933812685016776278e-01 -1.121549358105610461e-01 -2.479823403233501200e-02
-9.927947185672797437e-01 -1.169192667796714047e-01 -2.624039851288712324e-02
-9.923620598007677485e-01 -1.201639660492160588e-01 -2.789606110943931849e-02
-9.920094734586899499e-01 -1.221763763782179324e-01 -3.146687766594997993e-02
-9.914814797314793759e-01 -1.259824913709095273e-01 -3.305925060198568882e-02
-9.910350328497758987e-01 -1.293139956950075387e-01 -3.357798420583719967e-02
-9.907134123933060144e-01 -1.318534085675978906e-01 -3.319096243264658269e-02
-9.907078097061873256e-01 -1.338748988032148479e-01 -2.399112322963202482e-02
-9.899451411399988743e-01 -1.394412603520861216e-01 -2.376508307980953333e-02
-9.891430868051789282e-01 -1.453998505483126980e-01 -2.132753699018336696e-02
-9.892507648442803170e-01 -1.446922891660593069e-01 -2.114455627214649816e-02
-9.883625799408914947e-01 -1.508035526088439549e-01 -1.994305915031241092e-02
-9.870698051116640892e-01 -1.582850509477516932e-01 -2.527982347352103823e-02
-9.870623762138553969e-01 -1.590389016326921034e-01 -2.035976960978654743e-02
-9.874730597358344353e-01 -1.560961600693774876e-01 -2.304283095058382025e-02
-9.866467832314527175e-01 -1.616666719184534640e-01 -1.979998080998063986e-02
-9.854716677154832238e-01 -1.681686048623470542e-01 -2.376845718637217095e-02
-9.850654718325808634e-01 -1.709683651678218508e-01 -2.039267940326725329e-02
-9.849276611730602982e-01 -1.721025941732736431e-01 -1.726923256461461095e-02
-9.851020918380485325e-01 -1.710868603519635212e-01 -1.741212017098617282e-02
-9.850280804156904546e-01 -1.714729892553321644e-01 -1.779667964950909162e-02
-9.844699338241832409e-01 -1.748195678726581492e-01 -1.603418541893055632e-02
-9.837584826351419842e-01 -1.789631628316729617e-01 -1.383694948564690407e-02
-9.842806809581454708e-01 -1.756919953562391667e-01 -1.799696629864197192e-02
-9.821905089134008726e-01 -1.867430837408333433e-01 -2.070873853554914407e-02
-9.828389891725985983e-01 -1.836865631684170830e-01 -1.693502044485905786e-02
-9.831469908385045420e-01 -1.823339937591941518e-01 -1.327916396280510482e-02
-9.828848563475367506e-01 -1.838867274002640717e-01 -1.109313784897240397e-02
-9.816800531293186083e-01 -1.902008381488042577e-01 -1.131112390473325638e-02
-9.811921821783763376e-01 -1.927274412334116782e-01 -1.086563822666123356e-02
-9.811695196509666594e-01 -1.927569388800047800e-01 -1.229484812656868320e-02
-9.822252867071217253e-01 -1.872788469766952513e-01 -1.265490732821713399e-02
-9.819652926033347606e-01 -1.886340935581146405e-01 -1.270314612796725161e-02
-9.816255268172991988e-01 -1.904700244734302272e-01 -1.151181634799315276e-02
-9.816826695231711808e-01 -1.902383407992448150e-01 -1.041811347816580177e-02
-9.813677460842475941e-01 -1.920817841797631820e-01 -4.686377837733286637e-03
-9.813799951287647261e-01 -1.920366594428788154e-01 -3.905585395960610700e-03
-9.821735348983073877e-01 -1.879676287621508124e-01 1.828940880169018218e-03
-9.825481535444574588e-01 -1.860006869294712206e-01 1.702224817876765890e-03
-9.829681020525212753e-01 -1.837690991771029903e-01 1.629624289535753969e-03
-9.834456511389851885e-01 -1.811897685840594963e-01 2.223997261909790423e-03
-9.829970415764976988e-01 -1.834734107821969495e-01 7.372307156961689992e-03
-9.834992515265654767e-01 -1.806092383910329890e-01 1.046672944645499551e-02
-9.840537160107406534e-01 -1.774620376707385094e-01 1.206384702685126681e-02
-9.843993399342112482e-01 -1.758207825680079550e-01 6.709628302216487546e-03
-9.847556534265146100e-01 -1.737200862687204583e-01 8.812596277803178696e-03
-9.850777049949240860e-01 -1.718697549227045096e-01 9.095584001531318782e-03
-9.853559148210413454e-01 -1.703896338324104032e-01 6.412564873826506751e-03
-9.847275748143896612e-01 -1.740119793186991615e-01 5.609068191324992347e-03
-9.845827883270669156e-01 -1.749180952274866918e-01 6.481743511314742162e-04
-9.841128036244052302e-01 -1.774469041847757944e-01 5.883288334763355464e-03
-9.839678233987434464e-01 -1.782699354516693591e-01 5.213422692447266735e-03
-9.841822115490131972e-01 -1.770027201135593864e-01 7.445718028275887315e-03
-9.840240434243712198e-01 -1.780070588012854227e-01 3.193149460237313698e-03
-9.833188692968254374e-01 -1.817363350806571465e-01 7.478831612504968640e-03
-9.827271269291900646e-01 -1.849804008432197611e-01 5.447243672092762570e-03
-9.827697864173441378e-01 -1.846684674852326624e-01 7.818644065759576198e-03
-9.825136885467109504e-01 -1.859243732186248443e-01 9.950196862910886536e-03
-9.829018498910676582e-01 -1.838384214360639646e-01 1.036414255059539373e-02
-9.832734698980440946e-01 -1.817088527428708522e-01 1.245806639703898877e-02
-9.836426561441222738e-01 -1.795034533173911762e-01 1.502206668107383854e-02
-9.841016531022640512e-01 -1.768761326751693008e-01 1.608717759575685816e-02
-9.858876953215790495e-01 -1.667208070131770969e-01 1.515426876814574518e-02
-9.867828035692938204e-01 -1.611376316999890146e-01 1.715777996230767252e-02
-9.867503599868532316e-01 -1.603916831590698755e-01 2.445940107936552671e-02
-9.869693349164858631e-01 -1.589779349279576981e-01 2.485106451487112053e-02
-9.867118948088328123e-01 -1.604700205357411646e-01 2.547619302860187548e-02
-9.875329607447245195e-01 -1.554237156768087380e-01 2.494288061717049587e-02
-9.878385081151590530e-01 -1.538459777823833474e-01 2.250609328595504915e-02
-9.893026642382360958e-01 -1.438828072848085948e-01 2.404170567934621472e-02
-9.892883637281881803e-01 -1.445423084018235549e-01 2.039808346892522939e-02
-9.902613631726369103e-01 -1.376012661626987710e-01 2.117431289188234297e-02
-9.905653340005042828e-01 -1.351371591169258091e-01 2.276608640553281007e-02
-9.905781186027670104e-01 -1.337784061324735208e-01 2.929772177554431506e-02
-9.909042819975479865e-01 -1.317834465908273578e-01 2.723700808666465814e-02
-9.911980673775891981e-01 -1.295687451364028187e-01 2.717276202174122995e-02
-9.913142475459902903e-01 -1.276708183589005674e-01 3.156346505351698140e-02
-9.922264798760013216e-01 -1.197115503090885186e-01 3.399684031567260650e-02
-9.930316585733338641e-01 -1.118909602564210903e-01 3.699413512272992782e-02
-9.935223493832703312e-01 -1.068841967541745569e-01 3.858934774004756790e-02
-9.940233262066648923e-01 -1.035893813556421489e-01 3.445134243793853551e-02
-9.942820517332008334e-01 -1.020966187633343680e-01 3.129712426346076964e-02
-9.946705884217137417e-01 -9.735883717816845584e-02 3.393678479540029880e-02
-9.951190375821362677e-01 -9.305065255128987245e-02 3.285886593161328056e-02
-9.958462346110263930e-01 -8.481598254101591072e-02 3.311425820284388810e-02
-9.962826550565070383e-01 -7.863658889978474009e-02 3.517365736314764790e-02
-9.963514121570649085e-01 -7.486306279308611866e-02 4.098064902563655632e-02
-9.967201814456578823e-01 -7.036710826973460731e-02 3.996721409830044508e-02
-9.970302366268711802e-01 -6.440629888827796579e-02 4.222042382415443218e-02
-9.969835001828418752e-01 -6.361302897501880382e-02 4.446696749983115871e-02
-9.974889249294400795e-01 -5.975884900415649043e-02 3.800990411925841278e-02
-9.976381345607261419e-01 -5.862967744230120071e-02 3.578745000090630124e-02
-9.978910310843408515e-01 -5.257130739491570198e-02 3.807592407144990559e-02
-9.983866302477936161e-01 -4.481614742468692514e-02 3.486656960827006629e-02
-9.985314375264122688e-01 -4.474053593814317914e-02 3.054964690774886887e-02
-9.987332269017326070e-01 -4.066919520866440346e-02 2.963083273314997060e-02
-9.989097015414422076e-01 -3.570810117951642854e-02 3.007271021031971900e-02
-9.992472379940841032e-01 -2.974892175067472833e-02 2.489953417734371705e-02
-9.993495658991026209e-01 -2.867777801746321242e-02 2.186453627264063615e-02
-9.994894580539459561e-01 -2.177553658005172699e-02 2.338112724869683898e-02
-9.994912872692772732e-01 -1.689006026418062370e-02 2.705402960355118847e-02
-9.994829467665504730e-01 -1.016474373395699453e-02 3.050483978997399134e-02
-9.995049583234797419e-01 -1.395063784004658275e-03 3.143119882674826060e-02
-9.992970884636063200e-01 5.948225114959528569e-03 3.701318735754449002e-02
-9.993142131198815559e-01 1.152306143013809639e-02 3.519021049887193636e-02
-9.991860932291644071e-01 1.505051174318942399e-02 3.742541423113050075e-02
-9.990574462301473613e-01 2.160980571668379147e-02 3.764656518364217774e-02
-9.989065396951990472e-01 3.178373205936402962e-02 3.428625950393789090e-02
-9.989171476860639887e-01 3.463346530206267565e-02 3.106579027241291105e-02
-9.986371176605421951e-01 4.382328809870895264e-02 2.834527544755341757e-02
-9.986322232982703939e-01 4.687785528216105446e-02 2.315550024675733926e-02
-9.982977961765550079e-01 5.263384633034523530e-02 2.512401921092216259e-02
-9.982147133809826656e-01 5.576095581706686649e-02 2.140396413120140839e-02
-9.977183178461043189e-01 6.307226509162579264e-02 2.408476084607582071e-02
-9.974438482226434255e-01 6.764891071795141320e-02 2.300918523938792412e-02
-9.968786706282850574e-01 7.377684225147743136e-02 2.810555167089137663e-02
-9.967549721891859615e-01 7.671125001189176007e-02 2.439134954048144746e-02
-9.963600817246733854e-01 8.047492934632771711e-02 2.811408442669265095e-02
-9.964542538180380937e-01 8.064388983122122712e-02 2.398982166714888620e-02
-9.960536025368875723e-01 8.621400127475704889e-02 2.108068376637380406e-02
-9.962352460199329629e-01 8.432305129328625248e-02 2.012426372807256392e-02
-9.959309328667750316e-01 8.771579217059805034e-02 2.067716530411133763e-02
-9.952710787761640532e-01 9.534479619591053334e-02 1.857088811905587347e-02
-9.950662472446182294e-01 9.710546876033392116e-02 2.034010475152385131e-02
-9.946938436601600042e-01 1.006752846380349342e-01 2.118189803633139037e-02
-9.951545264163851323e-01 9.628356367255215542e-02 1.992416440613182030e-02
-9.951127169378001236e-01 9.691262629348650071e-02 1.893810594809417630e-02
-9.947883706331163145e-01 9.986545310288301447e-02 2.056738587098227294e-02
-9.941750742041253197e-01 1.061902189926954010e-01 1.842790201488594612e-02
-9.939452182819004111e-01 1.082852063903472356e-01 1.863452399857263436e-02
-9.932139440494727189e-01 1.148815524625688145e-01 1.811956313187602224e-02
-9.932594224528522586e-01 1.148514370071813534e-01 1.564913575168495538e-02
-9.924217342371908224e-01 1.217121215534441997e-01 1.689050833151433534e-02
-9.919506594675734368e-01 1.250261526641182064e-01 2.005937959728208014e-02
-9.910111969588540903e-01 1.314666725820558268e-01 2.476590626035187620e-02
-9.896283332062930649e-01 1.410136498461129484e-01 2.740331092516409134e-02
-9.890092627053743701e-01 1.454357044708766145e-01 2.663011292848650735e-02
-9.886256192980024116e-01 1.483228765648854364e-01 2.489453543603588337e-02
-9.881737870451889894e-01 1.516376176348512850e-01 2.277341053496163142e-02
-9.881970118477078069e-01 1.511202284830484577e-01 2.508726833246881227e-02
-9.869870768478919976e-01 1.580340963696709178e-01 2.969450253369085996e-02
-9.873203355392050629e-01 1.565612820377915715e-01 2.621352687423733618e-02
-9.869421511002546277e-01 1.584415772229407493e-01 2.900837851772895826e-02
-9.859578286441511574e-01 1.643571655410893395e-01 2.956199134915255336e-02
-9.850581329088129445e-01 1.697374040779060234e-01 2.914991411912852895e-02
-9.837521881019638537e-01 1.775708189207618470e-01 2.646253290385415860e-02
-9.838340318480107705e-01 1.775186823049690332e-01 2.361660844736332421e-02
-9.834641383517876978e-01 1.799947066169046150e-01 2.000557748375864087e-02
-9.831515566715258725e-01 1.819794643482633423e-01 1.721975941267058635e-02
-9.831501929691885966e-01 1.820144565036903028e-01 1.692526610667019829e-02
-9.828343389698268595e-01 1.841920240692656030e-01 1.048757583977150132e-02
-9.817176706330450475e-01 1.898240808793470180e-01 1.404501322214424600e-02
-9.818265959784797658e-01 1.896711248361110380e-01 6.436520936077144012e-03
-9.804134277873949310e-01 1.969465093088095531e-01 -1.269498759961569349e-03
-9.809462061324895066e-01 1.942434421170438907e-01 -3.748928454691034719e-03
-9.806329042634456261e-01 1.957367011393778278e-01 -6.802902176675024865e-03
-9.810273722386302353e-01 1.936134632376160514e-01 -9.957429660459048842e-03
-9.801857306423616967e-01 1.979721823537820002e-01 -6.555700730624947938e-03
-9.794123960831695452e-01 2.018089617172046935e-01 -4.952793007690646336e-03
-9.789850511651563281e-01 2.038706198887864918e-01 -5.006868265014013594e-03
-9.793722131986615231e-01 2.019875472454786824e-01 -5.579208798323335820e-03
-9.793931855938914355e-01 2.018944948607531154e-01 -5.256401411872492664e-03
-9.797010515904912564e-01 2.003899437189861910e-01 -5.454243185369335445e-03
-9.794650050783713091e-01 2.014706574331476818e-01 -7.609652402792633184e-03
-9.801585561766434918e-01 1.981634959049823896e-01 -4.523535913036357860e-03
-9.810756134513152205e-01 1.934255188384370328e-01 -8.788529876847661973e-03
-9.816154091567894646e-01 1.907598089884454950e-01 -6.473997874193771623e-03
-9.821966926203010706e-01 1.874486755883723321e-01 -1.235637893371183647e-02
-9.824439649783721640e-01 1.860050354233489800e-01 -1.435310341902829370e-02
-9.836048217946122829e-01 1.797097628153641047e-01 -1.503279163555562743e-02
-9.844610385992830226e-01 1.749353361411583874e-01 -1.530100616121934758e-02
-9.841038776732917714e-01 1.764117238732241522e-01 -2.045704801802184988e-02
-9.854075030368806276e-01 1.683597417124937101e-01 -2.504155796565158548e-02
-9.859493191118618993e-01 1.640386880153700266e-01 -3.154803415180606335e-02
-9.872640058038644195e-01 1.569337250383248950e-01 -2.610782083865644324e-02
-9.884640889898207439e-01 1.489765520223890194e-01 -2.729031585171569352e-02
-9.897105577204338145e-01 1.418084405399176184e-01 -1.906324820201929504e-02
-9.899219173445112929e-01 1.399507006204745163e-01 -2.164320425596055406e-02
-9.903304984452020454e-01 1.366913474846402354e-01 -2.368562365818443691e-02
-9.902819458869925873e-01 1.374218504589901357e-01 -2.137596954780469211e-02
-9.910865538172397571e-01 1.312282323835725906e-01 -2.294827651503733579e-02
-9.917819097587643462e-01 1.256651988541974962e-01 -2.401938381187601959e-02
-9.916383668000775531e-01 1.266771722374045173e-01 -2.462261253971872663e-02
-9.920582036771201651e-01 1.227277714781419699e-01 -2.753986555822088983e-02
-9.922297513500553112e-01 1.215911870390703198e-01 -2.637675751770392901e-02
-9.930097280503967783e-01 1.161031679184698628e-01 -2.125473248809827548e-02
-9.932102708597384533e-01 1.133382576680091458e-01 -2.622644855402753855e-02
-9.938010743286963544e-01 1.077066404221741630e-01 -2.754512136299878955e-02
-9.943088184464348167e-01 1.019713941493720077e-01 -3.085187167832204730e-02
-9.947911686864000513e-01 9.785843897888217569e-02 -2.853569968790162226e-02
-9.953147228750344189e-01 9.291127700495864505e-02 -2.676054059218403725e-02
-9.954139815061664454e-01 9.118793046715223394e-02 -2.891014180387198665e-02
-9.959956547739136079e-01 8.479236044057064658e-02 -2.833620998151683418e-02
-9.968748466505525929e-01 7.422317631240829550e-02 -2.704606485504675376e-02
-9.971435293192332239e-01 7.213112383338664280e-02 -2.240339796581613391e-02
-9.974406704381740818e-01 6.563819233675022291e-02 -2.835077681796627919e-02
-9.978121725358966021e-01 5.792823795645766355e-02 -3.186248040947181615e-02
-9.978734215983730005e-01 5.438982602319367837e-02 -3.592229823020316737e-02
-9.983034007416693445e-01 4.745271640072045577e-02 -3.374299833412768013e-02
-9.984921423436022847e-01 4.431886046152069825e-02 -3.239306096192414580e-02
-9.988141718898014831e-01 3.528389164063334971e-02 -3.354589617438703125e-02
-9.988011278678284866e-01 3.420387266062455134e-02 -3.502045407292497803e-02
-9.989935908169303991e-01 2.751321779612637963e-02 -3.542398228918144237e-02
-9.989980971813385846e-01 2.356885711842835601e-02 -3.804393616535328010e-02
-9.988725764215584668e-01 1.903399892900115020e-02 -4.348923244917003023e-02
-9.989989353800005079e-01 1.593552244337577417e-02 -4.179971970365743000e-02
-9.990959045533385208e-01 1.329228580085547139e-02 -4.038216123740958480e-02
-9.992580446383217962e-01 4.013142634132995171e-03 -3.830515854515988833e-02
-9.991022432628133831e-01 -1.360101949497335636e-03 -4.234250835733717466e-02
-9.990872002888725456e-01 -6.024898803375521375e-03 -4.229062774689832521e-02
-9.992477494545088934e-01 -6.830566825713597044e-03 -3.817471548396917519e-02
-9.989966510187250348e-01 -1.317603483915537679e-02 -4.280319830934616737e-02
-9.989361470868920456e-01 -2.051620089947166214e-02 -4.129999913489254548e-02
-9.987029587182553181e-01 -2.858507920255298762e-02 -4.213459261906540160e-02
-9.982435062067266385e-01 -3.964994757856216828e-02 -4.402061487830353365e-02
-9.973289359972887791e-01 -5.055210070787632959e-02 -5.272105592716217620e-02
-9.968389395249459550e-01 -5.684268907236348506e-02 -5.550737441609465000e-02
-9.958840350789361917e-01 -7.009757251203431461e-02 -5.745737983794432790e-02
-9.957166541678875715e-01 -7.459145098762469395e-02 -5.463049956221555092e-02
-9.951410946048699913e-01 -8.312701974432892826e-02 -5.276487253788476189e-02
-9.943983082147435093e-01 -9.349125369866956303e-02 -4.930944296098033197e-02
-9.940794367772238793e-01 -9.693501941898109708e-02 -4.908876092728088614e-02
-9.935757533562293853e-01 -1.019750034597890070e-01 -4.907496382266517132e-02
-9.931354644437571100e-01 -1.080015987507287056e-01 -4.491809069733368465e-02
-9.926640653807561332e-01 -1.131941469645858789e-01 -4.248728379157144797e-02
-9.922156735853503440e-01 -1.176533349456062583e-01 -4.081397674317463475e-02
-9.922059664339395457e-01 -1.193218067409047567e-01 -3.591180059818774306e-02
-9.919582646844514739e-01 -1.228898773797694327e-01 -3.028051949950763891e-02
-9.908335906620171496e-01 -1.324000301549077552e-01 -2.681525610155910400e-02
-9.905076685897643562e-01 -1.349390490062130910e-01 -2.619240055246538357e-02
-9.894190193375178577e-01 -1.428833418727106230e-01 -2.518700256066783855e-02
-9.882728485452181300e-01 -1.507294690126083081e-01 -2.444246840780084709e-02
-9.876772924405767817e-01 -1.550195861077572068e-01 -2.150637529952193622e-02
-9.877874119942164910e-01 -1.543489187812815966e-01 -2.127134778333703707e-02
-9.874110216154589059e-01 -1.572725083384479416e-01 -1.687787615040162170e-02
-9.869741813053061197e-01 -1.605954690778873539e-01 -9.544159851289552715e-03
-9.867608547330136703e-01 -1.617683511376677985e-01 -1.157784088050132013e-02
-9.872421679481379053e-01 -1.589275773527949465e-01 -9.744603229769117914e-03
-9.867189561121327834e-01 -1.624185918016552432e-01 -2.435769448870763430e-03
-9.873743840699052976e-01 -1.583369326481768868e-01 4.612150714494694069e-03
-9.866434444911851287e-01 -1.628186399611895319e-01 4.983412561750546685e-03
-9.875949958979872711e-01 -1.569454271413550928e-01 4.928230213615414010e-03
-9.871715723107550300e-01 -1.595020383072743575e-01 7.170568334731624791e-03
-9.860934303273992674e-01 -1.661539016928300083e-01 3.557831802867477376e-03
-9.852918355309088216e-01 -1.708408960110476826e-01 3.663008996712225924e-03
-9.856176768716304881e-01 -1.689427674649906785e-01 4.020809861876502647e-03
-9.854825827807802696e-01 -1.697307084624588014e-01 3.949201580736802671e-03
-9.857599281784662493e-01 -1.679648760073558234e-01 8.074345625734755810e-03
-9.861453954995884619e-01 -1.655905246704094114e-01 9.852296836190366919e-03
-9.859709310102369173e-01 -1.665621304830418037e-01 1.088166208235190509e-02
-9.856201176106743622e-01 -1.687629148835286808e-01 8.490761519101594490e-03
-9.859517666106902833e-01 -1.665703650786908296e-01 1.238782279907968756e-02
-9.858400625624844649e-01 -1.674009203718933858e-01 9.814971929415917951e-03
-9.862018469981141955e-01 -1.651871478814356808e-01 1.091576510537442708e-02
-9.863974904520266263e-01 -1.642218085712947861e-01 7.156757766880103393e-03
-9.872049924140567922e-01 -1.592049398235678148e-01 8.951030625153779882e-03
-9.872666051902789786e-01 -1.590596720112062434e-01 2.168391829307111246e-03
-9.866013496852791276e-01 -1.631323513909055389e-01 2.375632451985656285e-03
-9.866585936673396562e-01 -1.627953050825799997e-01 -1.593456442380149045e-03
-9.870265753378680840e-01 -1.605489125459426125e-01 1.617784010690139027e-03
-9.875252354012830081e-01 -1.574599556138858991e-01 -5.502311243455577060e-04
-9.886908596447249176e-01 -1.499278844015385914e-01 3.470539731190882497e-03
-9.893609858104176480e-01 -1.454388036597678846e-01 3.524948240149757689e-03
-9.887338946469474976e-01 -1.494308870823092550e-01 8.702102532551183461e-03
-9.891949268986282018e-01 -1.462285719279884377e-01 1.051819355665846098e-02
-9.893598619401385852e-01 -1.452508080010919411e-01 8.324505102974631698e-03
-9.894237707840044527e-01 -1.449472741380399277e-01 5.560625889573692082e-03
-9.896093922888679062e-01 -1.435556091982599924e-01 8.066524692493130810e-03
-9.900222503627966741e-01 -1.402620505201389589e-01 1.351044775666415329e-02
-9.905580403783488253e-01 -1.366634432445961445e-01 1.085832023579286557e-02
-9.910611873277519468e-01 -1.332147207513905141e-01 7.182776809596813292e-03
-9.914469935437222325e-01 -1.300600182123498039e-01 1.082967555373756316e-02
-9.916724082595947953e-01 -1.277660433282141184e-01 1.617727342945259744e-02
-9.918677623665622667e-01 -1.261431945869863902e-01 1.691944911838346235e-02
-9.915249762746002338e-01 -1.292021649276775541e-01 1.360343371679556372e-02
-9.918111077808464682e-01 -1.261000387377864684e-01 2.023705149775492304e-02
-9.919585550430168874e-01 -1.243430984083069846e-01 2.360191805239727700e-02
-9.923850040181861898e-01 -1.211670201598261942e-01 2.214923432945315601e-02
-9.924295882546688707e-01 -1.206842555633087233e-01 2.277837517676226456e-02
-9.926747635229661304e-01 -1.190394777987587999e-01 2.065062037840471529e-02
-9.928491570904605101e-01 -1.174543106730479153e-01 2.133231591400263499e-02
-9.936317485035618402e-01 -1.107743118464683124e-01 2.061629698678466016e-02
-9.940822334436227870e-01 -1.069035237405885630e-01 1.929199981010389087e-02
-9.946508553028846622e-01 -1.005957347863775109e-01 2.345646827395027334e-02
-9.947479431508147174e-01 -9.932888406417073046e-02 2.470494116271765642e-02
-9.950333682296841342e-01 -9.507760076225357793e-02 2.947673295610758054e-02
-9.955922600124283983e-01 -8.998314872881942039e-02 2.644081081642018008e-02
-9.962843390281508338e-01 -8.106943108177236401e-02 2.907395995663951405e-02
-9.965757000565332868e-01 -7.651994864170690025e-02 3.133055355076892062e-02
-9.969473501503288704e-01 -7.108812544243692244e-02 3.228763749647230868e-02
-9.969627772848488334e-01 -7.199484752913114238e-02 2.969839619543043069e-02
-9.971898993897838626e-01 -6.696763464062432947e-02 3.358083772136438022e-02
-9.975366342118643370e-01 -6.142269361610981637e-02 3.388138594630533268e-02
-9.975348416656876216e-01 -5.997507780283515416e-02 3.643160631604872024e-02
-9.979616249513452164e-01 -5.057753819778196269e-02 3.891709187786220742e-02
-9.985338062535276116e-01 -4.172605314837387475e-02 3.448486960937955509e-02
-9.987171654571699309e-01 -3.615753823109155857e-02 3.544979361887894143e-02
-9.988277460781587180e-01 -3.241394966075365064e-02 3.595137778714991433e-02
-9.987541239642103719e-01 -2.839249073271333385e-02 4.103776929484437286e-02
-9.988038383202181292e-01 -2.694558423586769502e-02 4.080269868887276968e-02
-9.986512420828090875e-01 -2.001248384196053359e-02 4.790855496537814451e-02
-9.987321268429784071e-01 -1.597766854397673214e-02 4.773767250637599158e-02
-9.987988221012931156e-01 -3.817806514502763288e-03 4.885048498927094945e-02
-9.989734256050404326e-01 6.547565811286114659e-03 4.482473193517387544e-02
-9.990022161671304746e-01 8.942614741672228612e-03 4.375653076129053243e-02
-9.989142970043352054e-01 2.237408172960762137e-02 4.086147305461686891e-02
-9.987451835382035181e-01 2.972817023240673789e-02 4.030293415992503708e-02
-9.986022664315342690e-01 3.622668810026179187e-02 3.848600651405436474e-02
-9.982766579005165619e-01 4.269362315001994090e-02 4.026165700919078633e-02
-9.979724045289398715e-01 5.026585744669335998e-02 3.904427594642230492e-02
-9.977276393299124857e-01 5.698637100424476520e-02 3.594639549374909621e-02
-9.970026190851428716e-01 6.691445977352089569e-02 3.883638614463735816e-02
-9.963299297027702339e-01 7.517608436611725176e-02 4.092993961197349817e-02
-9.961708515638161288e-01 7.716310902851253317e-02 4.110378985365447518e-02
-9.955305616386230794e-01 8.451138525310138150e-02 4.215162001593960456e-02
-9.951061905098567140e-01 9.049772397571789750e-02 3.967195398506880716e-02
-9.948424552156464040e-01 9.465664624351136092e-02 3.645052660604485018e-02
-9.947114222474625622e-01 9.543703967347597072e-02 3.796037650905708521e-02
-9.943085260459511021e-01 1.014363035504559224e-01 3.257703993459561825e-02
-9.935557721997225755e-01 1.075818145483184163e-01 3.568070939862192509e-02
-9.925221558367176566e-01 1.169627438150046550e-01 3.492161193754424187e-02
-9.920397237349359854e-01 1.220681530991479802e-01 3.092870212252942300e-02
-9.914318771472245828e-01 1.277423743892575903e-01 2.729012148017902206e-02
-9.913974550763373639e-01 1.290108595480696230e-01 2.207523907831761278e-02
-9.911096202607175831e-01 1.319997969398796767e-01 1.666751742106817660e-02
-9.905199988043753567e-01 1.362271644482948851e-01 1.767267827454496038e-02
-9.896545276814125991e-01 1.421139267896443237e-01 1.968704287992533233e-02
-9.890664629832388588e-01 1.465075183186489716e-01 1.682589662777539755e-02
-9.886035455141141126e-01 1.493600192351430267e-01 1.883205852226308222e-02
-9.879721516353642263e-01 1.537332124919914000e-01 1.664809022896447666e-02
-9.879533057216551839e-01 1.543151124330749691e-01 1.162513286907950610e-02
-9.871299015874133165e-01 1.594304252039694669e-01 1.251114970464871703e-02
-9.869479151737868827e-01 1.603478518794833330e-01 1.491345370712042658e-02
-9.864185141827441772e-01 1.635642401254491229e-01 1.500953703848218607e-02
-9.864614689931350267e-01 1.632495171446517179e-01 1.560119599148296864e-02
-9.864714702801935520e-01 1.634418939573288043e-01 1.268138794470899909e-02
-9.868680651519677882e-01 1.610528221543703897e-01 1.238718858136947897e-02
-9.865983938556673882e-01 1.630563545654317992e-01 6.022160696199352868e-03
-9.869258128206451763e-01 1.611616134091664043e-01 2.099125987080464537e-03
-9.878579824314175362e-01 1.553574311169985123e-01 8.409236810814129867e-04
-9.881407788460427888e-01 1.535359568892443738e-01 -2.131474937031742518e-03
-9.890884348340075460e-01 1.472610719859948347e-01 -4.275150237041355425e-03
-9.889176503899494985e-01 1.484000193181813643e-01 -4.398541441998790602e-03
-9.894750178253630679e-01 1.446100345480186011e-01 -5.211445781666693491e-03
-9.895659262444588267e-01 1.439320747961654601e-01 -6.547337511665403051e-03
-9.890110061657660934e-01 1.477087285619995416e-01 -6.276413795827986628e-03
-9.887607087312606513e-01 1.491514565314070173e-01 -1.030223497649909378e-02
-9.890250509067255447e-01 1.476768093100039037e-01 -4.587026767791592581e-03
-9.891087254394527184e-01 1.469281778860548615e-01 -8.721924859647640221e-03
-9.891532599242828239e-01 1.460527492452524945e-01 -1.563505876744657186e-02
-9.895881010760754215e-01 1.429140445310571883e-01 -1.705867353165330808e-02
-9.902994234993810485e-01 1.378309247077736943e-01 -1.759887128544214072e-02
-9.910889988895108527e-01 1.318369750933582052e-01 -1.901685045154316231e-02
-9.915924792697909940e-01 1.278465166458821189e-01 -1.999138838488164968e-02
-9.917059430139978371e-01 1.268620767944128591e-01 -2.062446222932388593e-02
-9.920021728845036524e-01 1.238183941202260913e-01 -2.450972732674652765e-02
-9.922890888469260151e-01 1.208086389851111414e-01 -2.770684793740313401e-02
-9.926928569128342650e-01 1.173981961119246603e-01 -2.790318821040984124e-02
-9.932271651432427184e-01 1.135971501232531378e-01 -2.440324459838224408e-02
-9.938090714176682772e-01 1.086276732017334989e-01 -2.331502947602859949e-02
-9.942688278309304017e-01 1.049615590930578074e-01 -2.031259443140030069e-02
-9.946046100881461571e-01 1.023447213366367597e-01 -1.694874406976416836e-02
-9.948043835706645854e-01 1.005914145105639562e-01 -1.567284500438938938e-02
-9.947455133780593872e-01 1.008212698772379817e-01 -1.778953254355945118e-02
-9.951471097839301727e-01 9.561275594523410692e-02 -2.324786879835067169e-02
-9.953089838152300306e-01 9.152107362590596040e-02 -3.136801848897360911e-02
-9.955716173275700465e-01 8.682219300017590680e-02 -3.604295248159403858e-02
-9.956453448154171104e-01 8.451289904479288018e-02 -3.934399758438165973e-02
-9.962304261260078730e-01 7.712528290099482375e-02 -3.970719980327126059e-02
-9.964589438483538730e-01 7.296130246308987766e-02 -4.178821020883758536e-02
-9.969097915125681997e-01 6.777624616388984446e-02 -3.971499640515501611e-02
-9.974139990220871610e-01 6.207795890032856423e-02 -3.621704494737140734e-02
-9.977881229087328663e-01 5.705877521284238169e-02 -3.410558136000108737e-02
-9.981192935471987493e-01 5.298254367275395671e-02 -3.083437336651049382e-02
-9.982888982775163234e-01 4.907467302448605129e-02 -3.179598617178073378e-02
-9.988507638088592877e-01 3.793386231699906463e-02 -2.929515767652725311e-02
-9.988788213086654544e-01 3.573205648861348116e-02 -3.105403429397657344e-02
-9.985513431206989310e-01 3.864484859485885909e-02 -3.744093103827821067e-02
-9.985079053808182392e-01 3.319230903224895668e-02 -4.336203774701001545e-02
-9.985819465347336443e-01 2.466464073653119871e-02 -4.717822101334352702e-02
-9.985571757080428101e-01 1.771920598152127227e-02 -5.069151523438625295e-02
-9.987667597958966859e-01 5.647292226139284319e-03 -4.932646934259091870e-02
-9.986382774199786816e-01 -1.725663629965570704e-03 -5.214063640892432905e-02
-9.987757612691492426e-01 -5.895748332630186550e-03 -4.911467953890391591e-02
-9.987040830075409881e-01 -9.472547879427552914e-03 -5.000458324164604174e-02
-9.983757072382268838e-01 -2.084847239218805617e-02 -5.302189718847662853e-02
-9.980532887741769832e-01 -2.891238268200039749e-02 -5.526065737415425394e-02
-9.977260292294473087e-01 -3.914944086908241083e-02 -5.486460784291558729e-02
-9.976707603902793542e-01 -4.666159153194295028e-02 -4.975723833350632896e-02
-9.970928789116552116e-01 -5.812653360885531445e-02 -4.926591032024509043e-02
-9.968870116822128313e-01 -6.106374948014947623e-02 -4.987521876079932526e-02
-9.963779673502521916e-01 -7.037271259510355370e-02 -4.773531572143590446e-02
-9.955562553153480820e-01 -8.098724690128504544e-02 -4.805040288893282219e-02
-9.949475787951547190e-01 -8.804866203114251888e-02 -4.823672300183884376e-02
-9.939942337656628712e-01 -9.795028332673483273e-02 -4.879793171875010382e-02
-9.928013856948725291e-01 -1.096544424706834275e-01 -4.818033497233169260e-02
-9.914825479348596815e-01 -1.191894295012138338e-01 -5.250019088772608922e-02
-9.908014709553550903e-01 -1.276385050256782228e-01 -4.495430887622860888e-02
-9.899659294976295154e-01 -1.359582651241661999e-01 -3.850767551435486935e-02
-9.895972059406643595e-01 -1.395429659297374725e-01 -3.500233035578437929e-02
-9.893751497184075649e-01 -1.407774663769020829e-01 -3.631185161291480140e-02
-9.881241758280621124e-01 -1.494729025114945320e-01 -3.561596570891789604e-02
-9.873136695811993713e-01 -1.536391328824577573e-01 -4.008450326414281228e-02
-9.855332641353958811e-01 -1.649200012136780302e-01 -3.905907206743988724e-02
-9.848865906462798137e-01 -1.689827369699952175e-01 -3.799040385173173967e-02
-9.833068095910897366e-01 -1.779349073442343387e-01 -3.803839607473041839e-02
-9.825131637878791180e-01 -1.836301441900240194e-01 -3.078775063896706243e-02
-9.820112866196973878e-01 -1.860029193542313830e-01 -3.250814454242096502e-02
-9.803688150229780129e-01 -1.942192893617088745e-01 -3.399833477802497589e-02
-9.788555731080149647e-01 -2.020095852305852924e-01 -3.215473545642405506e-02
-9.790079865063091580e-01 -2.010599901555784330e-01 -3.344062281446973095e-02
-9.773589129245945362e-01 -2.087699322544292468e-01 -3.441951951431559270e-02
-9.753274392583223262e-01 -2.185829088205866744e-01 -3.095045278858167895e-02
-9.733590825243134681e-01 -2.269537975846259992e-01 -3.262058591881791120e-02
-9.734675660610581094e-01 -2.272242306733383010e-01 -2.701997821999811353e-02
-9.731676443388924680e-01 -2.290285435840720973e-01 -2.215162760689865298e-02
-9.726711515107004935e-01 -2.311697184382719428e-01 -2.171231588621837238e-02
-9.724601931380081332e-01 -2.324068026862381453e-01 -1.755799472389791074e-02
-9.718438174265016105e-01 -2.350544353042351986e-01 -1.640241825571644302e-02
-9.715900801525426678e-01 -2.359260159755966202e-01 -1.875269339012506503e-02
-9.713189851066165170e-01 -2.367938896311445884e-01 -2.163597472997377466e-02
-9.694957395098159347e-01 -2.438274315912629386e-01 -2.502453357299407044e-02
-9.673278393421212984e-01 -2.523526348922677243e-01 -2.439326693547695310e-02
-9.652235187795266125e-01 -2.602940216864597645e-01 -2.430254390212917281e-02
-9.644069162108825921e-01 -2.639302155241350922e-01 -1.612990230922641335e-02
-9.616857416029028771e-01 -2.737372005225679472e-01 -1.511660714655873108e-02
-9.609693940739083562e-01 -2.762937758524477982e-01 -1.412817867624567396e-02
-9.615690939441863261e-01 -2.744197021974234540e-01 -8.873389161213822429e-03
-9.606051489005701383e-01 -2.777969563355878191e-01 -8.162803813192072433e-03
-9.618540533647492730e-01 -2.734700058315420734e-01 -7.139214009461752192e-03
-9.608687246894449530e-01 -2.768361002891260303e-01 -9.648834524650897609e-03
-9.601129147332835290e-01 -2.795897791532617194e-01 -3.574731676930311547e-03
-9.606289404150955002e-01 -2.778346047872147784e-01 -6.025846126037764927e-05
-9.605203781685549558e-01 -2.781721702909049077e-01 4.569379702823234655e-03
-9.598517770297085860e-01 -2.803346254680889049e-01 9.853747666974471686e-03
-9.610461966599364025e-01 -2.762717936658917739e-01 8.008515015768810641e-03
-9.611101310201954906e-01 -2.759851764760106185e-01 9.976513691752696145e-03
-9.617039418204014201e-01 -2.736413309405125172e-01 1.568383845963732676e-02
-9.616587503708559082e-01 -2.736823834855411364e-01 1.761911772556682201e-02
-9.629608857007797562e-01 -2.685093758035912437e-01 2.467955346482402987e-02
-9.632721579560031833e-01 -2.675545917371880966e-01 2.283249380185735714e-02
-9.648042465942563428e-01 -2.620964299659341301e-01 2.140700247419634675e-02
-9.647783044307256528e-01 -2.620471459840743589e-01 2.311166776604097611e-02
-9.661971798269035627e-01 -2.566351937778026393e-01 2.452385958173167874e-02
-9.672532405159091073e-01 -2.527308452061740041e-01 2.341626045064349945e-02
-9.690326792444680093e-01 -2.457014811012461775e-01 2.462684379756335806e-02
-9.697966316679809129e-01 -2.423695141355211857e-01 2.741431298698192645e-02
-9.705032646630330495e-01 -2.394731991656720294e-01 2.785736697762407343e-02
-9.713454139657669018e-01 -2.357616122733915409e-01 3.007626517064766053e-02
-9.729179501217882775e-01 -2.287962898776385312e-01 3.290825121339151921e-02
-9.744260082518830801e-01 -2.220329305563890909e-01 3.457405347688470576e-02
-9.760806632786261927e-01 -2.136894665649170799e-01 4.004227657606586332e-02
-9.779616751321115187e-01 -2.055711663962278557e-01 3.648959660817834710e-02
-9.799488761939332271e-01 -1.963099261548218732e-01 3.409759351215146256e-02
-9.803745449549461366e-01 -1.943579546452382234e-01 3.302680727097652424e-02
-9.816880170168128528e-01 -1.874831357457181769e-01 3.374528132491121796e-02
-9.834079331308943628e-01 -1.781676180790094099e-01 3.413458496155317989e-02
-9.843852311407429445e-01 -1.733611726669651854e-01 3.052299655693871405e-02
-9.844126968073927397e-01 -1.723446473359461217e-01 3.505706394331198350e-02
-9.858533053240344790e-01 -1.644194575859385943e-01 3.255049938624432482e-02
-9.865241881398746360e-01 -1.592172836992787610e-01 3.768176675496275052e-02
-9.868623230670219293e-01 -1.560225239838693434e-01 4.194949586393399016e-02
-9.878645613273988602e-01 -1.488010034137064452e-01 4.451856697919268774e-02
-9.884713016843108546e-01 -1.458734124929988163e-01 4.056434617520723179e-02
-9.890174106129387965e-01 -1.415520405394651016e-01 4.251604769798763422e-02
-9.899237912253073812e-01 -1.345758733601599144e-01 4.404832469338909595e-02
-9.914179279801240696e-01 -1.231152893719944241e-01 4.396760887417708319e-02
-9.917619516882653086e-01 -1.202623082975443763e-01 4.410489107571679418e-02
-9.928219361063637116e-01 -1.105259655022792498e-01 4.570172110494039736e-02
-9.936101131886582172e-01 -1.004384203002243042e-01 5.148883475129497483e-02
-9.947888067045221883e-01 -8.779303805202587352e-02 5.184251125409324729e-02
-9.950265547240303432e-01 -8.381477885862138877e-02 5.382631101271137530e-02
-9.953390538767605822e-01 -7.656597569882389598e-02 5.863320667636920391e-02
-9.959277758178152196e-01 -6.546195463521370383e-02 6.198896635602333532e-02
-9.960878264362308387e-01 -5.654902335915593103e-02 6.790644034496351455e-02
-9.967469879641090991e-01 -4.821725945443655625e-02 6.457996856170497568e-02
-9.966565428057095888e-01 -4.223970779491272032e-02 6.993981224097567395e-02
-9.966372947249143577e-01 -3.612382140688874532e-02 7.354731121737871635e-02
-9.969806106660938916e-01 -2.286181542629719260e-02 7.420939348750928144e-02
-9.973511906888153922e-01 -8.946420437928382860e-03 7.218447669345416651e-02
-9.976076060467963247e-01 5.398140289415700663e-03 6.891994480170171578e-02
-9.976816176662379743e-01 1.201880444307390147e-02 6.698486715901529054e-02
-9.974385409716514106e-01 2.317799990675566135e-02 6.766957724214626990e-02
-9.969503880852809141e-01 3.364193626504247137e-02 7.041433336153658795e-02
-9.961962869255417408e-01 4.840498646127289195e-02 7.245653856508040003e-02
-9.959171594785167780e-01 6.071978511616114849e-02 6.679935302430611843e-02
-9.953290719042239276e-01 6.825542641150023071e-02 6.827349290989670472e-02
-9.947184980596159853e-01 7.673106178720370818e-02 6.817248870483048895e-02
-9.939660847662967758e-01 8.861603649679117289e-02 6.464251358803686787e-02
-9.927767815148524910e-01 1.002562167813754596e-01 6.590134484585936925e-02
-9.916756594623123977e-01 1.112050678775463458e-01 6.490649770794239271e-02
-9.911679786665269498e-01 1.159587335606272890e-01 6.434006755939755684e-02
-9.899843186085121038e-01 1.254331492192317932e-01 6.478895060856494637e-02
-9.882873269306786668e-01 1.350127859670344488e-01 7.113186106094507299e-02
-9.873055503284515755e-01 1.432646954988123500e-01 6.857850770391021866e-02
-9.858539608081929861e-01 1.525997667773016930e-01 6.932036903349809986e-02
-9.847965858631598790e-01 1.585918301368982042e-01 7.088265206242344574e-02
-9.828358878092040563e-01 1.694440279202128197e-01 7.295459985328404950e-02
-9.814559964773710288e-01 1.781581693126450816e-01 7.073774234511517878e-02
-9.793761467092965134e-01 1.890015835787265119e-01 7.141987962426102343e-02
-9.775802709208291086e-01 1.987824214024699054e-01 6.944348251916507286e-02
-9.759439173982877858e-01 2.058410790903662524e-01 7.185370379747552105e-02
-9.757225352292614451e-01 2.080938393831716915e-01 6.828266797974015534e-02
-9.740984585589852474e-01 2.154099055892959302e-01 6.878081220292378561e-02
-9.711738697823724120e-01 2.269151224173304449e-01 7.301285317375814932e-02
-9.679445930051187030e-01 2.423907856819544349e-01 6.580278396249111816e-02
-9.667027587742145212e-01 2.479254804131859335e-01 6.339374394902376475e-02
-9.648189787109276994e-01 2.560102999207894414e-01 5.985899377373994634e-02
-9.646701901670576840e-01 2.572245207445000292e-01 5.698249386516018172e-02
-9.612848546369902047e-01 2.704374315977858823e-01 5.286830791329068246e-02
-9.589157637356432451e-01 2.789721276747157974e-01 5.152809048358929916e-02
-9.569163034759963216e-01 2.857591525113442610e-01 5.150659148661338588e-02
-9.543667390841431564e-01 2.944348620622589952e-01 4.992267348942961563e-02
-9.523007389520722343e-01 3.013603892587887745e-01 4.801304288149198241e-02
-9.502750705684521737e-01 3.075024408148837596e-01 4.918915589650180858e-02
-9.478342934447275825e-01 3.146825772178013514e-01 5.084350200414780585e-02
-9.463368008032706502e-01 3.198160515540527937e-01 4.652296673418576667e-02
-9.455048317429579630e-01 3.228656494111740716e-01 4.217130976890774707e-02
-9.424692031530597092e-01 3.314206334012603228e-01 4.372869515782529248e-02
-9.414695234348232633e-01 3.347168145503360281e-01 3.999780424609355317e-02
-9.405797585398828486e-01 3.372034690540569035e-01 4.004462670280964365e-02
-9.397364583452290088e-01 3.395981317073201722e-01 3.960469209563871607e-02
-9.354161043009082688e-01 3.510630509690745860e-01 4.185068630497836006e-02
-9.328489299043947192e-01 3.578840080127559942e-01 4.137565299640288269e-02
-9.313692249806150292e-01 3.615392153773712702e-01 4.290450335407443999e-02
-9.296383020987581958e-01 3.663427673831576303e-01 3.956814131840424853e-02
-9.271749088850318454e-01 3.727968721671345853e-01 3.700289360272060457e-02
-9.258530476530264508e-01 3.763571646388937930e-01 3.393305919629711898e-02
-9.231827054132941690e-01 3.827428254504066096e-01 3.523713630580864453e-02
-9.218270457842723253e-01 3.864072841033339700e-01 3.040299653528367313e-02
-9.198550126772614410e-01 3.910918276319600984e-01 3.023196581981397318e-02
-9.172325490770399936e-01 3.976755645139145590e-01 2.320840617589087565e-02
-9.162677131052173740e-01 3.999529337090463321e-01 2.216218713339351137e-02
-9.150483640143077801e-01 4.028688282764329442e-01 1.957632520387543248e-02
-9.128438638402147642e-01 4.079752832209270208e-01 1.650097907466950911e-02
-9.117215689743018991e-01 4.103090947771143582e-01 2.025490622760719311e-02
-9.106900307676855100e-01 4.125618065864332662e-01 2.089156361625151351e-02
-9.092283715621274354e-01 4.159337335121509049e-01 1.740492680415233959e-02
-9.097748329677415313e-01 4.148764708141794988e-01 1.368579882661759978e-02
-9.079303489011083528e-01 4.188313838796617339e-01 1.558163249694073833e-02
-9.071122011949059871e-01 4.207502002346190095e-01 1.080542884945205270e-02
-9.051108883030613006e-01 4.250350173933178377e-01 1.093378762344167018e-02
-9.036197767644768009e-01 4.280785574304311614e-01 1.483514814127730175e-02
-9.030761185885198827e-01 4.293707869787615761e-01 9.710056810686356482e-03
-9.026195562439137676e-01 4.303138126854163525e-01 1.039197665640484956e-02
-9.011925007102042917e-01 4.333287805730725029e-01 8.847509568020625256e-03
-9.010665844340486341e-01 4.336552272603106384e-01 4.710428436651624591e-03
-9.031077329855177194e-01 4.293701863471006686e-01 6.139995021906702669e-03
-9.031976281928243422e-01 4.291757527385450244e-01 6.500117587497913733e-03
-9.025601898664400435e-01 4.305305966764264025e-01 5.342549183002026983e-03
-9.022188511776165765e-01 4.312770750638409978e-01 -1.123818260725916937e-03
-9.044754218734453177e-01 4.264841032408257515e-01 -5.962796591919505840e-03
-9.057320450685860669e-01 4.237745752846772684e-01 -8.037782047629884671e-03
-9.057355010344319002e-01 4.235894078287330000e-01 -1.467139601725857972e-02
-9.089358059679126800e-01 4.166384385221919007e-01 -1.575266099853711924e-02
-9.122564318957306906e-01 4.092892188241113449e-01 -1.644907335531193768e-02
-9.136770854313385204e-01 4.060219956176811529e-01 -1.844876296943566418e-02
-9.145008758978747654e-01 4.043286429956279848e-01 -1.437117494263759690e-02
-9.137260542774123806e-01 4.057227188145065000e-01 -2.222177766602546900e-02
-9.169111443206584555e-01 3.985089962247616580e-01 -2.155382956918784967e-02
-9.182980891156196090e-01 3.952678667939650281e-01 -2.218033437341893413e-02
-9.212306473758223868e-01 3.885450772480216197e-01 -1.915336394168545495e-02
-9.219169079547117063e-01 3.865125947567203957e-01 -2.602428031404671951e-02
-9.245515920843453417e-01 3.797783630353573359e-01 -3.118946970405247349e-02
-9.260950407636371340e-01 3.761070909863085676e-01 -2.985742883966443703e-02
-9.273071941587924805e-01 3.731297170486420622e-01 -2.959081594349983330e-02
-9.287674168749470160e-01 3.697084224178654455e-01 -2.658575104226450214e-02
-9.305469339916729865e-01 3.650896263895846983e-01 -2.814254416156765706e-02
-9.324133367123302873e-01 3.598230978992917328e-01 -3.365623736278494649e-02
-9.360958426710235258e-01 3.499840528862007138e-01 -3.515353048718323353e-02
-9.362282993572825784e-01 3.495366845687689072e-01 -3.606538882597464662e-02
-9.397701148772662494e-01 3.396359910486662637e-01 -3.846504379018123032e-02
-9.427892389997518663e-01 3.311722648078831432e-01 -3.838510999344582619e-02
-9.434449026085015566e-01 3.291603684592465662e-01 -3.956263905410273979e-02
-9.452377490379849645e-01 3.244392616773159044e-01 -3.556400035206506993e-02
-9.467228286963291772e-01 3.200316306245593045e-01 -3.599549817531366019e-02
-9.495592029456538796e-01 3.112679291983551089e-01 -3.807402396719153370e-02
-9.500138292358806247e-01 3.098067342466831464e-01 -3.864643096776455150e-02
-9.515071448318395131e-01 3.052329561840476102e-01 -3.830183726093433494e-02
-9.537420123997636390e-01 2.979716338484650895e-01 -3.986369615062476668e-02
-9.543954423652115659e-01 2.948049723339390971e-01 -4.711054122634528163e-02
-9.549619347633035993e-01 2.927329188240224700e-01 -4.853016194472131728e-02
-9.572797932130068244e-01 2.855103302693848266e-01 -4.581794355812284641e-02
-9.590727089387477422e-01 2.791621435182140565e-01 -4.741383512092115643e-02
-9.624136557002150871e-01 2.682624642036612328e-01 -4.237027748506294600e-02
-9.653299964219288487e-01 2.573388354908811571e-01 -4.375793203724064745e-02
-9.670055674752996433e-01 2.513625770566684237e-01 -4.143817253750978896e-02
-9.692165014961263703e-01 2.425650837442791530e-01 -4.220886456526361935e-02
-9.695309341814987159e-01 2.408959577758358894e-01 -4.448527938173005986e-02
-9.702050140257634236e-01 2.382292842081420170e-01 -4.414831581874728572e-02
-9.718505937882878642e-01 2.308850631258089203e-01 -4.688865566859665851e-02
-9.733210176059783336e-01 2.239980939197183663e-01 -4.971001761132792796e-02
-9.736436108428571101e-01 2.212288651611939161e-01 -5.546119053914295993e-02
-9.748072906902417456e-01 2.156310952489553512e-01 -5.704394973578990474e-02
-9.765191929440326657e-01 2.070565068263864328e-01 -5.948028562205927294e-02
-9.780434163983555695e-01 2.004268048597348806e-01 -5.709822218803809607e-02
-9.805100285687390338e-01 1.891655987353870194e-01 -5.307066035269313031e-02
-9.828240223480706472e-01 1.767078356268397543e-01 -5.321011929859558592e-02
-9.833997295240077818e-01 1.725560531144042509e-01 -5.611965321515977739e-02
-9.843124632859835410e-01 1.657016917553957025e-01 -6.059669361577398744e-02
-9.857705275199307726e-01 1.557612279081266871e-01 -6.320555610688188830e-02
-9.859801974076765063e-01 1.524838830131462764e-01 -6.776246178368929007e-02
-9.874507353687916877e-01 1.416305640138341981e-01 -6.987033800310377130e-02
-9.887622520929764125e-01 1.314412033913006095e-01 -7.122116602006861585e-02
-9.898614101896295869e-01 1.232750273187024903e-01 -7.055275918360337517e-02
-9.910796329416953210e-01 1.129501800159917468e-01 -7.073509445894872461e-02
-9.927958825943701271e-01 9.652440571108469869e-02 -7.098880361925986870e-02
-9.938638001230001295e-01 8.593653471962890700e-02 -6.963974728164956662e-02
-9.946289771537539792e-01 7.426597516357301421e-02 -7.209575832806851270e-02
-9.952359498667932014e-01 6.475392815305328065e-02 -7.288599678830379180e-02
-9.956887814257286973e-01 5.552462524231624452e-02 -7.430277422589801062e-02
-9.962569485177749096e-01 4.320819455752858418e-02 -7.486775150379655630e-02
-9.968347423994528000e-01 3.349772645982172087e-02 -7.210016792898657489e-02
-9.969121443331240284e-01 2.190735196675488300e-02 -7.540742818090327704e-02
-9.975077973374373297e-01 7.773074009596637329e-03 -7.012708947461837594e-02
-9.973632777896195289e-01 -5.195588732876546892e-03 -7.238461972951198975e-02
-9.972350454665047659e-01 -1.466074006136776700e-02 -7.285164394157378487e-02
-9.973329426625253680e-01 -2.942837920892762277e-02 -6.679076923155430334e-02
-9.970173668281205881e-01 -3.785168222255921866e-02 -6.725812430987637702e-02
-9.968460356495117969e-01 -4.302737434354843293e-02 -6.668328981521570720e-02
-9.962779544789388542e-01 -5.828520551962673019e-02 -6.350674475877036984e-02
-9.954157280244756434e-01 -6.858243465362827418e-02 -6.666342897178102744e-02
-9.948992798337094046e-01 -7.279233915003852085e-02 -6.983361047961796075e-02
-9.934016558929469332e-01 -8.501725636682769260e-02 -7.697565430698305455e-02
-9.923325338076132152e-01 -9.523807967695070709e-02 -7.877744485103614636e-02
-9.910927937624807171e-01 -1.069752652013239713e-01 -7.931835932919985288e-02
-9.905790921283006423e-01 -1.158768231132741022e-01 -7.297711415701883808e-02
-9.891506921661539220e-01 -1.277607562217064618e-01 -7.251298105810152772e-02
-9.878727864964128580e-01 -1.382811877410246026e-01 -7.060953048114597397e-02
-9.855781941389241130e-01 -1.527537146806477730e-01 -7.281456650944878595e-02
-9.843261687972875151e-01 -1.616132466509195842e-01 -7.059169194906493583e-02
-9.821281884658799033e-01 -1.744363292524515052e-01 -7.068396925442410605e-02
-9.793245516746592605e-01 -1.896381504688494368e-01 -7.043315559800483738e-02
-9.778704071102033435e-01 -1.988843108082846423e-01 -6.491943022867632807e-02
-9.751205224247766479e-01 -2.097445382613320475e-01 -7.174420189980997009e-02
-9.723588036673458390e-01 -2.228352213176376106e-01 -6.973418103900878851e-02
-9.709999165229913354e-01 -2.294701764207502104e-01 -6.710167751713363993e-02
-9.683054397617558706e-01 -2.411406930784968650e-01 -6.508284134035517698e-02
-9.659982525727910385e-01 -2.505392540506863885e-01 -6.385525003676287281e-02
-9.629074977974252381e-01 -2.618016121319718947e-01 -6.533836150889991978e-02
-9.614757544981838988e-01 -2.694173133217692140e-01 -5.457764121439505345e-02
-9.592857466010682455e-01 -2.773893850173833608e-01 -5.316031808661524083e-02
-9.577970502987761536e-01 -2.827165156620107256e-01 -5.192510153169196951e-02
-9.562355649499428845e-01 -2.889547349589733916e-01 -4.602976382139176842e-02
-9.555410396010107776e-01 -2.907756002082483859e-01 -4.889688823690910291e-02
-9.530557852431577048e-01 -2.993090237271076592e-01 -4.581279531561063822e-02
-9.495628345897935141e-01 -3.103007782282719007e-01 -4.520933404304400965e-02
-9.490335382073262771e-01 -3.125528068630044620e-01 -4.057240342322622484e-02
-9.495162884826829908e-01 -3.112083783251651248e-01 -3.960046474214849732e-02
-9.463505563459934100e-01 -3.209441710890630350e-01 -3.762309313960091051e-02
-9.447061734226049889e-01 -3.259638828445056702e-01 -3.574669942691046515e-02
-9.441188893374954372e-01 -3.278756427760741166e-01 -3.372119814447319119e-02
-9.431118246227202517e-01 -3.305714885616540255e-01 -3.553323463610617156e-02
-9.423213082780740324e-01 -3.331216626330399389e-01 -3.256598505176586111e-02
-9.390555991902611588e-01 -3.424363679062069621e-01 -3.019849327804303291e-02
-9.381096201570502391e-01 -3.449046182923926063e-01 -3.148298416937533178e-02
-9.377475545581959171e-01 -3.463476367550333834e-01 -2.593977390814176942e-02
-9.363247796758705777e-01 -3.504329835163157991e-01 -2.219604465401125298e-02
-9.342605546628954816e-01 -3.560429048548443554e-01 -1.976611358446703215e-02
-9.336200639401881496e-01 -3.578696435227760042e-01 -1.682045699450699511e-02
-9.320782005564077766e-01 -3.621868873362414365e-01 -7.135814690449214168e-03
-9.313957277563505999e-01 -3.638250839523157198e-01 -1.154728740813291271e-02
-9.312623841065277297e-01 -3.642789449316170547e-01 -7.159293527279821968e-03
-9.306506742570617163e-01 -3.658781123165009141e-01 -4.750018930788882550e-03
-9.318948481300057818e-01 -3.627020420157672231e-01 -4.387937879433288085e-03
-9.311989448403716896e-01 -3.644584704482501381e-01 -6.211418502592526425e-03
-9.302001616778144966e-01 -3.668656368399425549e-01 -1.171738535057133268e-02
-9.277428015118279747e-01 -3.730262914678168507e-01 -1.202969326797624985e-02
-9.263159073298773416e-01 -3.765634273034756396e-01 -1.178382124480358353e-02
-9.250842577888429563e-01 -3.796231149956902917e-01 -1.026839612923675059e-02
-9.252774442354408935e-01 -3.791726542671208788e-01 -9.475381475556441183e-03
-9.244836222671590775e-01 -3.811204260897615992e-01 -8.791267348203422871e-03
-9.234396701286186060e-01 -3.836707362782798558e-01 -7.481653494378749311e-03
-9.242897467673724110e-01 -3.816747056911570235e-01 -3.593947406182677450e-03
-9.209262001696004729e-01 -3.897368243626713746e-01 -4.182655031056800761e-04
-9.218902033613881608e-01 -3.874479580191240169e-01 1.601922794775397819e-03
-9.215667840258320309e-01 -3.881272442249931176e-01 8.481642265328537961e-03
-9.224526244182530421e-01 -3.859492204820083039e-01 1.115295245750612743e-02
-9.243732615592015200e-01 -3.810623902454655099e-01 1.804332768578845864e-02
-9.256742133314521670e-01 -3.775157215792670495e-01 2.468125924556784437e-02
-9.282703954249992284e-01 -3.707968983410886987e-01 2.870134366173541715e-02
-9.300600400215519592e-01 -3.659107083302568508e-01 3.313169900161022641e-02
-9.302284892946206529e-01 -3.655295004118163105e-01 3.260638015351830649e-02
-9.316227843515688667e-01 -3.612158076663858908e-01 4.002701843253650416e-02
-9.332532097310083374e-01 -3.569650914275546150e-01 4.017964987543491684e-02
-9.355242290030190144e-01 -3.508779023899585847e-01 4.097741858340957916e-02
-9.358945509894444070e-01 -3.495311897799445733e-01 4.392460688411239239e-02
-9.379517926288352125e-01 -3.444199421293520080e-01 4.026626837024326749e-02
-9.392680230786452089e-01 -3.403236577720953338e-01 4.422016595786857490e-02
-9.426917150658553624e-01 -3.304011243729578218e-01 4.655600717455277149e-02
-9.448828022256742232e-01 -3.237880598992288750e-01 4.855735625465282257e-02
-9.478753005236911777e-01 -3.145670285528741061e-01 5.079403311182557890e-02
-9.496782524612533694e-01 -3.083629979168736046e-01 5.498648134123229614e-02
-9.524769796362156926e-01 -2.994256529615996754e-01 5.596352783662468522e-02
-9.530536998879360899e-01 -2.976664301545846603e-01 5.552815792153815988e-02
-9.554239796245114213e-01 -2.896975980306388254e-01 5.692412305155644670e-02
-9.590266764307519010e-01 -2.765121018575297795e-01 6.171650388533305581e-02
-9.620064136936647969e-01 -2.661789211915538411e-01 6.076575741742096248e-02
-9.640733533167628044e-01 -2.569689355150154841e-01 6.730208908187361450e-02
-9.647504764042712511e-01 -2.529474464876380613e-01 7.262329699337162492e-02
-9.673888664482789279e-01 -2.412993283843606340e-01 7.702889873811744059e-02
-9.700114703774740388e-01 -2.308900928967583810e-01 7.594437674019811901e-02
-9.724869226595581617e-01 -2.193726897301067347e-01 7.838905834965224917e-02
-9.748958123122437591e-01 -2.086377742861386664e-01 7.777191289083530690e-02
-9.759805870008720907e-01 -2.028565347956695908e-01 7.944278627233707091e-02
-9.780283299778985695e-01 -1.941416828753288748e-01 7.595807170469690006e-02
-9.801834849400891114e-01 -1.833980898171077845e-01 7.486996961092533265e-02
-9.822619360530744359e-01 -1.726119980245007790e-01 7.325723841206814579e-02
-9.847310037262345661e-01 -1.576703431437735670e-01 7.378989813401665154e-02
-9.854179243202112470e-01 -1.518390175331036374e-01 7.678843083791843382e-02
-9.878007992608033305e-01 -1.368164027559228002e-01 7.436994595297106991e-02
-9.892438141139439089e-01 -1.220759559755520418e-01 8.058643561809415712e-02
-9.904130181458725701e-01 -1.100167305865218242e-01 8.353687272947166176e-02
-9.912352506226566051e-01 -1.015459181413596035e-01 8.450527267188066849e-02
-9.921519737251860427e-01 -8.642781052838441336e-02 9.035890530480013283e-02
-9.928585097829929484e-01 -7.381024563611431055e-02 9.372334023260327218e-02
-9.938188232633057284e-01 -5.725979906558795185e-02 9.510783012254364621e-02
-9.944672001463216171e-01 -3.881744679931974085e-02 9.761266038757272778e-02
-9.951145069886996319e-01 -2.386471620842123276e-02 9.579995254652215464e-02
-9.952920242325482558e-01 -4.956241894145330812e-03 9.679493715079097449e-02
-9.955963618384291447e-01 7.203923174171343244e-03 9.346670727554945435e-02
-9.953706580243102398e-01 2.242259941675367116e-02 9.345864199416589746e-02
-9.952668406068562179e-01 3.467786146932577002e-02 9.078215377703678646e-02
-9.948094192445136041e-01 4.660245495219422773e-02 9.045699583430884261e-02
-9.940414213159106671e-01 6.150229038791834441e-02 8.999532483133659833e-02
-9.926914236171853201e-01 8.082449239607718272e-02 8.961683077756625593e-02
-9.917714433548668884e-01 9.192682240451677256e-02 8.910050982392588026e-02
-9.907860280530115249e-01 1.035317414034361561e-01 8.731702210583558443e-02
-9.895076951775015894e-01 1.136160785996841727e-01 8.925214405421376396e-02
-9.882680524443795411e-01 1.270062543994348037e-01 8.482749908410591733e-02
-9.865894679499999098e-01 1.399685261075708509e-01 8.396469560655513142e-02
-9.845547131312409883e-01 1.540641217795516438e-01 8.316429416623585813e-02
-9.824871920527813440e-01 1.646215548956664887e-01 8.728515298627020913e-02
-9.801415228352180486e-01 1.805259919253557888e-01 8.205484269388720053e-02
-9.765984452778266878e-01 1.992392332092215723e-01 8.098913657857387260e-02
-9.748186845646419352e-01 2.105652967712706436e-01 7.342222309137821923e-02
-9.724390857490494700e-01 2.204108276477287909e-01 7.603503534863888247e-02
-9.693183244381217145e-01 2.345090874344855636e-01 7.367162729340644145e-02
-9.664566400067868823e-01 2.459363562778414947e-01 7.400612486464763773e-02
-9.646737476835000047e-01 2.524940254821521068e-01 7.517554480230358160e-02
-9.629335445986162423e-01 2.588029542951402195e-01 7.602666919458990480e-02
-9.615615731749503903e-01 2.651535812490303790e-01 7.136493603027878330e-02
-9.591293235776418014e-01 2.749299563587032091e-01 6.696636660547165831e-02
-9.568495838323395342e-01 2.831915238255733880e-01 6.512656231395817785e-02
-9.551989747038592826e-01 2.912931766539204603e-01 5.237593007440850823e-02
-9.536992863048344704e-01 2.963691345076745476e-01 5.121563687628342271e-02
-9.510233048621721252e-01 3.051187116663021670e-01 4.957095330390794835e-02
-9.476805223554637392e-01 3.157385846317509737e-01 4.701922560921768107e-02
-9.462178537192987848e-01 3.206579196589867120e-01 4.301517972319889027e-02
-9.433259863276213242e-01 3.292112123256528688e-01 4.190578699026152598e-02
-9.406150700178765867e-01 3.362020001061787888e-01 4.702700328629314669e-02
-9.393295034382431741e-01 3.401029099399117683e-01 4.461085567553860903e-02
-9.372222295952412630e-01 3.466187500241469377e-01 3.834016485151595099e-02
-9.338284509006253842e-01 3.561767550707268803e-01 3.320507405839454723e-02
-9.306532485401082244e-01 3.643938637205648146e-01 3.319151355164586675e-02
-9.293479682858251101e-01 3.681359453621729227e-01 2.807691264097016831e-02
-9.280640496620978785e-01 3.716480587938740254e-01 2.397652156679190572e-02
-9.269233258049640600e-01 3.747872126828724615e-01 1.864743223679495021e-02
-9.239085705782962288e-01 3.821392037968312505e-01 1.904246846616314964e-02
-9.238887358223740742e-01 3.823469133995738845e-01 1.550726009953819901e-02
-9.228446824665867965e-01 3.847209344426331112e-01 1.864210661284873560e-02
-9.229731601621664616e-01 3.845995085786384493e-01 1.427575350595558512e-02
-9.220864639915999916e-01 3.867303058443343211e-01 1.400917475950458693e-02
-9.227610256345321060e-01 3.853433703948158651e-01 4.755013131666745857e-03
-9.223088541122463901e-01 3.864360656853099152e-01 3.684894759855852041e-03
-9.229206657975488337e-01 3.849901374450224179e-01 2.691447047107309830e-04
-9.226866812680021290e-01 3.855328232387401077e-01 -3.710007771686841139e-03
-9.212482353479636288e-01 3.889314832753280049e-01 -5.833002230830706437e-03
-9.218080617095604223e-01 3.875749118438020502e-01 -7.457802438858143756e-03
-9.229825719179338694e-01 3.847466310637924769e-01 -8.557778992846414717e-03
-9.235828733311045591e-01 3.833693259565786327e-01 -4.761278177309206244e-03
-9.249924549040023924e-01 3.799264971207882979e-01 -6.696936275581629253e-03
-9.253023483925376658e-01 3.791809173407124645e-01 -6.117988335883056163e-03
-9.242998896774152762e-01 3.815809465118774613e-01 -8.107340820388834329e-03
-9.230928342860232894e-01 3.843745714227896348e-01 -1.248366273164435922e-02
-9.236411491758782510e-01 3.829220972007935653e-01 -1.605393336471919521e-02
-9.261836420880678045e-01 3.767401502911978950e-01 -1.583521474131281692e-02
-9.268804280933875539e-01 3.750247774889441388e-01 -1.578359987661919622e-02
-9.284420828767459000e-01 3.708847258995259799e-01 -2.097266657645311533e-02
-9.299405872992547728e-01 3.666869243294021419e-01 -2.740871546445856205e-02
-9.320766196508036838e-01 3.614319796657600170e-01 -2.449761554737111408e-02
-9.320131376533132839e-01 3.614316784994812681e-01 -2.680833854596983978e-02
-9.326305136269674723e-01 3.595207181147764275e-01 -3.074430622966278781e-02
-9.346916553626218871e-01 3.539017527857136192e-01 -3.324293800039418434e-02
-9.362910792926896208e-01 3.494047506679507920e-01 -3.571231201846606501e-02
-9.386300952925700214e-01 3.424066330924964152e-01 -4.160860712950958940e-02
-9.397000162471986773e-01 3.383919584189000740e-01 -4.954590308010087957e-02
-9.437199125343612716e-01 3.268054054567221534e-01 -5.090175218385186579e-02
-9.463809598460942718e-01 3.195136041544714423e-01 -4.768826166918285064e-02
-9.495883930120598837e-01 3.094503187996969218e-01 -5.022368886796489684e-02
-9.502564121080742110e-01 3.058540880285628982e-01 -5.887328083598013240e-02
-9.521999617590161114e-01 3.002694669659854987e-01 -5.615616649507895741e-02
-9.542623869848497753e-01 2.928754398885290988e-01 -6.006087407101556863e-02
-9.572907345683333569e-01 2.820580238664281425e-01 -6.354333951869303720e-02
-9.593226796707672310e-01 2.740977611902266631e-01 -6.760509588377515422e-02
-9.632731647201775438e-01 2.593113576884333860e-01 -6.973138139118728596e-02
-9.664908017228274195e-01 2.460682263771190592e-01 -7.311630531661235388e-02
-9.699042590710128531e-01 2.317360584383552080e-01 -7.472726161556955682e-02
-9.740062349118925322e-01 2.125167382022864759e-01 -7.841254227520470799e-02
-9.762433374996464241e-01 2.013449889518347524e-01 -8.005734155492734427e-02
-9.786590265462863369e-01 1.885054001584568484e-01 -8.180623811059985206e-02
-9.806686621957372285e-01 1.750882830564587933e-01 -8.736764222823333037e-02
-9.828531522212649030e-01 1.622268799642729853e-01 -8.764791723863527007e-02
-9.840608370991718035e-01 1.530634646047623615e-01 -9.053110837182939963e-02
-9.865006318177301781e-01 1.354892868687652407e-01 -9.197387440508732193e-02
-9.884172261177760488e-01 1.231877779815454266e-01 -8.863518064293407495e-02
-9.900096305531081997e-01 1.084676793261774852e-01 -9.008735084670296822e-02
-9.913967780631793847e-01 9.452585558389745013e-02 -9.053909618754552024e-02
-9.922258549024441932e-01 8.392726285785484519e-02 -9.189180781035005685e-02
-9.932973939194463808e-01 6.892325876671220874e-02 -9.278959367856645657e-02
-9.943336404138184426e-01 5.503494182747836749e-02 -9.094945614329610906e-02
-9.951259901794157203e-01 3.980136415058969229e-02 -9.022279003382266405e-02
-9.954491705520627232e-01 2.769337836877736048e-02 -9.118148123264652183e-02
-9.960268597847857786e-01 1.369503317999969105e-02 -8.799418886241894278e-02
-9.962411586800085095e-01 -4.057639944879017080e-04 -8.662231635269480867e-02
-9.959687367037910466e-01 -1.686197986809456761e-02 -8.810213444567230323e-02
-9.957858735514982795e-01 -2.726111626868583937e-02 -8.756347682020187984e-02
-9.959240620874657557e-01 -3.532593582547031985e-02 -8.299022635392055980e-02
-9.957673119036861697e-01 -4.685136672587755097e-02 -7.907241329012777709e-02
-9.951988194948366839e-01 -6.269219199525444264e-02 -7.516006198901811763e-02
-9.947029055552955024e-01 -7.175859832991647591e-02 -7.359938457957636293e-02
-9.937753362441492655e-01 -8.512298578815302719e-02 -7.186580813555513980e-02
-9.930751885500829212e-01 -9.558782122920345126e-02 -6.829841839302699946e-02
-9.928785098650941832e-01 -1.002305648177842790e-01 -6.439048107247427599e-02
-9.922354718126015216e-01 -1.069208995280209185e-01 -6.353522811692244310e-02
-9.911757616764574896e-01 -1.180228596636763438e-01 -6.034276621767600823e-02
-9.902083812889760361e-01 -1.233924552972174293e-01 -6.528169045683135385e-02
-9.890906252969279278e-01 -1.283112237880754403e-01 -7.236021482179787190e-02
-9.876194217179735668e-01 -1.409603714004417085e-01 -6.883376408446337247e-02
-9.856404471842677983e-01 -1.543361311844960726e-01 -6.850768573101993775e-02
-9.840133927199125052e-01 -1.639337721238084689e-01 -6.959451822301809809e-02
-9.822415060489820826e-01 -1.745994937042897599e-01 -6.867806195332537555e-02
-9.806300298132382132e-01 -1.854100313739378003e-01 -6.314982280321722319e-02
-9.794884820738963827e-01 -1.913321488837497197e-01 -6.320092970292555401e-02
-9.785039758335055682e-01 -1.968635716493644661e-01 -6.143890124126109159e-02
-9.763492214231761501e-01 -2.077454366544807252e-01 -5.986707271474078079e-02
-9.744301412990449274e-01 -2.183300112987171526e-01 -5.308428292928592251e-02
-9.728466229155386946e-01 -2.256407268815623368e-01 -5.153392842848381061e-02
-9.717569079805480348e-01 -2.300734183861708193e-01 -5.248589414394846941e-02
-9.697474364349587539e-01 -2.377872616930918892e-01 -5.520111436697044266e-02
-9.686528462959054231e-01 -2.425701205138487138e-01 -5.358577509197946787e-02
-9.675148896306957624e-01 -2.458559852846096960e-01 -5.890507832392469917e-02
-9.669472449561750116e-01 -2.490374927512551406e-01 -5.471186409535694350e-02
-9.664651524416753015e-01 -2.514325261764470687e-01 -5.221905065976618215e-02
-9.642300563727577156e-01 -2.596699077694493152e-01 -5.321628289419529784e-02
-9.614310143924926777e-01 -2.701140479411524575e-01 -5.185403496516859112e-02
-9.594809740840580803e-01 -2.770078386457732189e-01 -5.160380766839875455e-02
-9.574723089583967450e-01 -2.848197773953281553e-01 -4.609237512816925092e-02
-9.540811248457182758e-01 -2.966607317416495304e-01 -4.149279531747958327e-02
-9.524729947690889764e-01 -3.019013075100716592e-01 -4.063039917528532552e-02
-9.490935443129261406e-01 -3.127948276897162816e-01 -3.716011889486666581e-02
-9.490794069485727347e-01 -3.132436160148527327e-01 -3.356710975778859352e-02
-9.475006831688809195e-01 -3.180369690125049442e-01 -3.309042518804539146e-02
-9.453241462658283911e-01 -3.242012428947192437e-01 -3.543793437200513236e-02
-9.436463918339059731e-01 -3.290167236982448618e-01 -3.577034130635103198e-02
-9.420179194632152253e-01 -3.340746422051010800e-01 -3.156591908127517193e-02
-9.414500035760485774e-01 -3.359117911707199533e-01 -2.889971816729233409e-02
-9.423471400743668180e-01 -3.336310397545762529e-01 -2.592742445243135380e-02
-9.412236166076530797e-01 -3.367656457390670321e-01 -2.621140639447222184e-02
-9.399240549928991051e-01 -3.407021465360886014e-01 -2.156043965579736849e-02
-9.396101600810825571e-01 -3.415468465622448213e-01 -2.187539812034989054e-02
-9.383105506407839469e-01 -3.452310811018063919e-01 -1.971916623013045267e-02
-9.373317413304753654e-01 -3.479375675156686221e-01 -1.867324601484082053e-02
-9.375335623883065406e-01 -3.475284088183741016e-01 -1.596429715220451170e-02
-9.364584164644814690e-01 -3.503435398292004677e-01 -1.746632978187610818e-02
-9.370282332370507561e-01 -3.490877936895019351e-01 -1.076275389173422456e-02
-9.382283951753604967e-01 -3.457723644521534800e-01 -1.299941839731696795e-02
-9.386295605794987562e-01 -3.448547574653939018e-01 -7.055404198833875075e-03
-9.391931837187741383e-01 -3.433891733347601560e-01 -2.717463173904244994e-04
-9.388741290373520121e-01 -3.442368853859628652e-01 4.046123691473455311e-03
-9.380900762354482669e-01 -3.463810210885001628e-01 2.689174108691574742e-03
-9.381657306753169445e-01 -3.461421369140535442e-01 5.542328965323800941e-03
-9.388202156941202192e-01 -3.443154123800769018e-01 7.970822012746989899e-03
-9.391774965629006156e-01 -3.433772444742713148e-01 6.142680232354456177e-03
-9.404300065128771147e-01 -3.398951127727488641e-01 7.921475581325217868e-03
-9.391391322675292086e-01 -3.432119197035518599e-01 1.494332324747145099e-02
-9.377585792733534875e-01 -3.469282360315153468e-01 1.580128221936821786e-02
-9.392006558730029431e-01 -3.427616966016558409e-01 2.041033678056961356e-02
-9.403077650251537856e-01 -3.396077041032891652e-01 2.208956560335174207e-02
-9.428867780335742355e-01 -3.322928848950923997e-01 2.336657973510920805e-02
-9.452554390696960018e-01 -3.250861859043582269e-01 2.848089620159031943e-02
-9.473908436526630172e-01 -3.186092897129591539e-01 3.063894178263355111e-02
-9.485356982628601052e-01 -3.145537865574858927e-01 3.655105336485117706e-02
-9.500655741205401572e-01 -3.098137876397124013e-01 3.729419371847869646e-02
-9.511467148556843609e-01 -3.062595449867053232e-01 3.905192668492137725e-02
-9.527897053226269675e-01 -3.003350733497799352e-01 4.461677295895698919e-02
-9.558628265903237331e-01 -2.897921231626439664e-01 4.844396297611214264e-02
-9.590996133950019376e-01 -2.793018153032536532e-01 4.602676275999328243e-02
-9.606532146287753982e-01 -2.735501001949613986e-01 4.812254467206130565e-02
-9.628195282738103433e-01 -2.663080593852783506e-01 4.537189455010021133e-02
-9.672280285251521059e-01 -2.512733046048176710e-01 3.649248855525907137e-02
-9.690343502567149159e-01 -2.434558470595055701e-01 4.125182729209961319e-02
-9.705250238042881783e-01 -2.367088898179870449e-01 4.527819038255394279e-02
-9.722460603400969736e-01 -2.293445942515293656e-01 4.624597434600277029e-02
-9.736511160048206825e-01 -2.240249754199841736e-01 4.261865204984671002e-02
-9.745466637803966714e-01 -2.201776759464787458e-01 4.219746356963267886e-02
-9.766643811218534976e-01 -2.100123616398027193e-01 4.496142301124254198e-02
-9.772012191664282144e-01 -2.075598350948576198e-01 4.468475205441474474e-02
-9.793186288812100182e-01 -1.969693417003110514e-01 4.623998959594591285e-02
-9.803318893193420092e-01 -1.907657351778138943e-01 5.057525419516891579e-02
-9.821422711567802111e-01 -1.820868928173086931e-01 4.733875574064419500e-02
-9.833294395700069579e-01 -1.755872893815581537e-01 4.724777458253460322e-02
-9.851828134951496896e-01 -1.654184748501802416e-01 4.529445019471645822e-02
-9.864560000408595375e-01 -1.568322129449690738e-01 4.804427251587590347e-02
-9.872606908889786093e-01 -1.505335974012010913e-01 5.153639035502804305e-02
-9.879875972795441053e-01 -1.458608187501740094e-01 5.104081120672922939e-02
-9.893464639494804480e-01 -1.364501449463899063e-01 5.074413699721955218e-02
-9.894666360488796331e-01 -1.344312276599479716e-01 5.370341198574132141e-02
-9.907853092770984027e-01 -1.226666103100308575e-01 5.742307163669674308e-02
-9.913401389646814277e-01 -1.175027939669442828e-01 5.863324848071903295e-02
-9.921438906150001902e-01 -1.096183589501908973e-01 6.028558078510412588e-02
-9.926846587499003061e-01 -1.050200680091014638e-01 5.956499911621150611e-02
-9.929893788390881104e-01 -1.000047750399928048e-01 6.301725231203339495e-02
-9.939280613016727717e-01 -9.105151123396819368e-02 6.177917828644284570e-02
-9.952680337272739042e-01 -7.711812524852819373e-02 5.911320629298631724e-02
-9.958650951624468117e-01 -6.826683206505147761e-02 5.993652702585108849e-02
-9.960798871017224609e-01 -6.276177757908092680e-02 6.233661253046311052e-02
-9.966814719876048168e-01 -5.459433824408656266e-02 6.037828350534078098e-02
-9.970159386833175041e-01 -4.646005811912486128e-02 6.164995196100316738e-02
-9.973796804608658917e-01 -4.182083560057140575e-02 5.903241655564119700e-02
-9.979012592640779111e-01 -3.177860725940877956e-02 5.642013987990431023e-02
-9.986048833804354041e-01 -2.254017657797807717e-02 4.775208850636339375e-02
-9.985728512834869397e-01 -1.292905861818685956e-02 5.181828955232934547e-02
-9.986727564737328811e-01 -7.122240557813803996e-03 5.101013774109923460e-02
-9.984800847500874266e-01 5.345577397020658331e-04 5.511142961622360337e-02
-9.982920482382451333e-01 1.433819672279070673e-02 5.663424551246674238e-02
-9.982618158363917304e-01 1.920945231478969617e-02 5.571695603010088510e-02
-9.977630596805422414e-01 3.162681179663184849e-02 5.889530446072987341e-02
-9.975755231278381485e-01 3.934234645131476360e-02 5.740462331767260534e-02
-9.974069840989827629e-01 4.972363047050980256e-02 5.202791229041664467e-02
-9.969786209599301730e-01 5.865091730116063495e-02 5.092871633075443660e-02
-9.968061683979294596e-01 6.667469689172737801e-02 4.395431605054742757e-02
-9.971741963736413528e-01 6.194459975025607551e-02 4.250321326369058822e-02
-9.967644795410250946e-01 7.033069260704580272e-02 3.891272788169242158e-02
-9.963772627163245410e-01 7.529040355237601179e-02 3.954415084926982821e-02
-9.958721249767572559e-01 8.285606782666085635e-02 3.706233980258016175e-02
-9.957750971649494964e-01 8.498389694524760563e-02 3.478113623897353263e-02
-9.956106852754154080e-01 8.680727983058365849e-02 3.498419424031200264e-02
-9.949942912423225261e-01 9.558021110490286243e-02 2.916877859251305882e-02
-9.937814751475921859e-01 1.083727056254295551e-01 2.556893209405630696e-02
-9.931993814572707135e-01 1.136067882910502119e-01 2.546606136857351710e-02
-9.922507734932789480e-01 1.214681422196864646e-01 2.615199697077810748e-02
-9.930122501515872280e-01 1.159537140382787684e-01 2.194177276627850767e-02
-9.927706956279990225e-01 1.177663865565847789e-01 2.318314591116227633e-02
-9.927207366878184613e-01 1.176542463212047473e-01 2.574978507043717418e-02
-9.924980602467139423e-01 1.198162540074672738e-01 2.432488066301264143e-02
-9.915300557488606614e-01 1.266378729728679653e-01 2.882762444156357698e-02
-9.912087804529370327e-01 1.290948649454737585e-01 2.897764060012478909e-02
-9.914580801525433307e-01 1.287886239206895711e-01 2.060097032184571991e-02
-9.911289901528129720e-01 1.311303819096424905e-01 2.163751756026706038e-02
-9.907450532727515302e-01 1.345318563787891997e-01 1.804032585859479884e-02
-9.905035195774893886e-01 1.363455433485661616e-01 1.768346210537847726e-02
-9.899269465832041259e-01 1.401461189301945465e-01 2.009328475181466206e-02
-9.904729299489292149e-01 1.371815997547749522e-01 1.202573329858856559e-02
-9.899962223439677800e-01 1.407551799408433280e-01 9.772081695390039124e-03
-9.900395202527276783e-01 1.407143424584853253e-01 4.610499874151504328e-03
-9.895558871953955560e-01 1.441492127807824097e-01 4.301725613366355269e-04
-9.890451312388525151e-01 1.475543470207234809e-01 4.180622305990247187e-03
-9.884687560547892327e-01 1.513386789729300741e-01 5.114403713831981377e-03
-9.884790535364219588e-01 1.513573808302912105e-01 -3.722790550784362690e-04
-9.885808231598914864e-01 1.506873073542418784e-01 -1.151559268771576092e-03
-9.884215846734690780e-01 1.516922582367574435e-01 -3.502048578794537265e-03
-9.891318096780770119e-01 1.469727234392045612e-01 -4.161282150641905722e-03
-9.889611749851026090e-01 1.477446214955361325e-01 -1.128520422674509499e-02
-9.892571749505498779e-01 1.451384609182270746e-01 -1.746721983951632015e-02
-9.892752303611831444e-01 1.448624874800350792e-01 -1.869259524061989142e-02
-9.898814692303522511e-01 1.407385419596740850e-01 -1.809349224764749201e-02
-9.903615800555639614e-01 1.369747763791742123e-01 -2.053987009387513163e-02
-9.903007921073029296e-01 1.375512998968841938e-01 -1.959632442345991474e-02
-9.910773911581631790e-01 1.323623280750396980e-01 -1.567972097491089969e-02
-9.921273413552900156e-01 1.243022357267256905e-01 -1.524229352861845334e-02
-9.927035771378904805e-01 1.198757563369387685e-01 -1.301713323641796177e-02
-9.927660341546646894e-01 1.189829310176133137e-01 -1.608410274386834482e-02
-9.929806093877782125e-01 1.173940085705448833e-01 -1.442882248455348154e-02
-9.928889040227714124e-01 1.180765816758644060e-01 -1.515189476229189189e-02
-9.931285978233778122e-01 1.150835992972357030e-01 -2.124589984675895327e-02
-9.930525276142118107e-01 1.156591797879489986e-01 -2.167178881537119156e-02
-9.933198307966276674e-01 1.137043406204783225e-01 -1.967413391090453573e-02
-9.939943414479854855e-01 1.066244745223694779e-01 -2.462733830872135266e-02
-9.942100424773652190e-01 1.048335134283006759e-01 -2.358730763998260344e-02
-9.941766171775634486e-01 1.047928375236642645e-01 -2.512668394998677709e-02
-9.946476528444714305e-01 9.809127072061615826e-02 -3.246820995021036660e-02
-9.955259442689312621e-01 8.843601246822219153e-02 -3.327463554054166384e-02
-9.957756396447711156e-01 8.551512788693288458e-02 -3.343761022744034389e-02
-9.964307167996991899e-01 7.897572371709057903e-02 -2.981101945353566499e-02
-9.966478685246290548e-01 7.696420517683612295e-02 -2.774116895814239883e-02
-9.970538484706374938e-01 6.933319837161094901e-02 -3.281107059519797198e-02
-9.974474807631650286e-01 6.132808285860428393e-02 -3.657082302921788042e-02
-9.976358500583258904e-01 5.844020869682523683e-02 -3.615920913192898628e-02
-9.982222874576679450e-01 4.705549373502179028e-02 -3.657979030051124181e-02
-9.983794059154644795e-01 4.147864278756342726e-02 -3.896305654894629406e-02
-9.986923353131641479e-01 2.899315982046918663e-02 -4.210762679629861255e-02
-9.988389562936668131e-01 2.746886343916654996e-02 -3.957571347342296597e-02
-9.987736351247500366e-01 2.488435965773334521e-02 -4.280222706273124206e-02
-9.988200673509508576e-01 1.749502157570281130e-02 -4.530379127841992898e-02
-9.988128730618411888e-01 8.531720952927751914e-03 -4.795926109822089278e-02
-9.987807318819367230e-01 4.524624970995897930e-03 -4.915906615968503035e-02
-9.987164144765390272e-01 -2.555815630157225356e-03 -5.058683412593489165e-02
-9.985656168985393988e-01 -1.257347508526638832e-02 -5.204472245795079000e-02
-9.982987596927065388e-01 -2.417504676323491142e-02 -5.305836604937411161e-02
-9.978042642141377039e-01 -3.731483204569061712e-02 -5.472011073181368840e-02
-9.978348384048781883e-01 -4.395760883168087912e-02 -4.892239268965483528e-02
-9.975439525282318032e-01 -4.883031369468349148e-02 -5.021653020094393738e-02
-9.971466092807000914e-01 -5.560832678959404252e-02 -5.105281881332543459e-02
-9.967386671234674811e-01 -6.552086567501023973e-02 -4.710713613011851403e-02
-9.965840315349305811e-01 -7.064457552435771115e-02 -4.277439231748242365e-02
-9.960145734026464304e-01 -7.943187982054501772e-02 -4.056578039304553629e-02
-9.956892669857793088e-01 -8.526203498223403066e-02 -3.651445374878303785e-02
-9.958286639300579779e-01 -8.410928937518417914e-02 -3.536857190591018163e-02
-9.950770489903109084e-01 -9.339086478819010051e-02 -3.316397280917863372e-02
-9.949727845133862214e-01 -9.466780807751271065e-02 -3.266803229257085606e-02
-9.951494680521045799e-01 -9.364121681236288464e-02 -3.014788398992217580e-02
-9.948655988230180602e-01 -9.572010389517787710e-02 -3.286545602780653608e-02
-9.943058557528023922e-01 -1.027367769357460520e-01 -2.830293217954551674e-02
-9.940602546845302978e-01 -1.056091384642376674e-01 -2.628604144669619003e-02
-9.941045756575118686e-01 -1.062100488187618930e-01 -2.180720629407470468e-02
-9.940735531500272115e-01 -1.064463240213981837e-01 -2.206778398310926120e-02
-9.940058921913180745e-01 -1.072491775150491156e-01 -2.121170113124027853e-02
-9.938133045868832172e-01 -1.087897008088426626e-01 -2.235962196273742070e-02
-9.938608982297200134e-01 -1.085719378104506028e-01 -2.127640391173823628e-02
-9.932590942032797354e-01 -1.148952497783619631e-01 -1.534565912284629324e-02
-9.922952227110599654e-01 -1.231841140888674246e-01 -1.326275938125844392e-02
-9.919963716194968306e-01 -1.253267946126134791e-01 -1.537624921777638008e-02
-9.917988561618776844e-01 -1.268481673164055523e-01 -1.563992205013470943e-02
-9.907974092624113327e-01 -1.338503384951179598e-01 -2.011508767966986924e-02
-9.902087136018706826e-01 -1.382969471899085923e-01 -1.899194456758565921e-02
-9.893830247538453193e-01 -1.438772638115333735e-01 -2.050851962009915194e-02
-9.896148476751167600e-01 -1.432128451366684041e-01 -1.235193988364105024e-02
-9.898018991659341959e-01 -1.421060354693635119e-01 -9.905113732252449760e-03
-9.903304455443751042e-01 -1.384641638313957035e-01 -8.562719818936644078e-03
-9.904879046054811953e-01 -1.371334306026618377e-01 -1.132118544123899249e-02
-9.906635322512054032e-01 -1.360152099727593711e-01 -9.255525081154739736e-03
-9.907530233614927351e-01 -1.356706972588488103e-01 -1.394595915424651222e-03
-9.906306941867754068e-01 -1.365427811093760935e-01 -2.633051674552108583e-03
-9.916734007499860004e-01 -1.287760160943283994e-01 8.002342020394588758e-04
-9.916274211745975675e-01 -1.290680468113711565e-01 4.066118667874206102e-03
-9.917331252160783706e-01 -1.282842379720081916e-01 2.932419994580512043e-03
-9.922582735939231569e-01 -1.241647716028653203e-01 2.581553334195974599e-03
-9.927859900455859865e-01 -1.198317002407096460e-01 4.046979023753245926e-03
-9.927460689904208380e-01 -1.202086611021897927e-01 2.270850683990574721e-03
-9.923970194302914605e-01 -1.229372566680810019e-01 5.884145208270294587e-03
-9.923538795640060028e-01 -1.228783777974044034e-01 1.160682708671944251e-02
-9.927835420772116448e-01 -1.192436872726573976e-01 1.272077389610275396e-02
-9.931009654197385794e-01 -1.163469834364161959e-01 1.462492580791579372e-02
-9.932188844120676263e-01 -1.153178018693759715e-01 1.476782813762315440e-02
-9.930774687764324371e-01 -1.163230600896414391e-01 1.631328365348000756e-02
-9.934627025876249240e-01 -1.127085973783738398e-01 1.812918087734718964e-02
-9.936066332141060276e-01 -1.111220580207312875e-01 1.994450320750491140e-02
-9.934782231529823981e-01 -1.120573514048053831e-01 2.107621081596111959e-02
-9.942194119333523927e-01 -1.054662525522485628e-01 2.011633682662425024e-02
-9.944822151524059795e-01 -1.029929255637208885e-01 1.994034924764057429e-02
-9.945347014724371659e-01 -1.025613536946011761e-01 1.954310089478525012e-02
-9.947615697418401570e-01 -1.009098600883065050e-01 1.632960368235957666e-02
-9.949810005577328642e-01 -9.853780520137148113e-02 1.741108636152371644e-02
-9.952731929289724278e-01 -9.515175719883514627e-02 1.942809923363339117e-02
-9.951628803050946992e-01 -9.603086138455307896e-02 2.071115212872564823e-02
-9.956652766110544173e-01 -9.186368724877146119e-02 1.455185353140678838e-02
-9.955414198790120128e-01 -9.354742074652154515e-02 1.209123494206180462e-02
-9.956598273293485457e-01 -9.229270238601973431e-02 1.198340159175574800e-02
-9.959962634498638057e-01 -8.867045672734499839e-02 1.135913147437633136e-02
-9.959580195757015142e-01 -8.938314605830374737e-02 8.849465047263790907e-03
-9.960016397248281361e-01 -8.884556489081210651e-02 9.340013640891944857e-03
-9.959376530925735382e-01 -8.862491879158181096e-02 1.593271989363577446e-02
-9.961480893816816451e-01 -8.485828189304749081e-02 2.209282735861908820e-02
-9.963479432526131108e-01 -8.184804532544935618e-02 2.432510095975667225e-02
-9.962630157138092635e-01 -8.324906660643074940e-02 2.301376842127396405e-02
-9.967951078324983616e-01 -7.578447193848704411e-02 2.561764974676884049e-02
-9.968899072701905562e-01 -7.379380471444085821e-02 2.765907394072467454e-02
-9.970491114275371602e-01 -6.942231353302034946e-02 3.276658510853167061e-02
-9.970128520053606058e-01 -6.955259505788789764e-02 3.358343000768376080e-02
-9.974188820043358161e-01 -6.411458579735417052e-02 3.232539240803632141e-02
-9.977003225682090637e-01 -5.738514336380620695e-02 3.607005806566723066e-02
-9.980751533672632680e-01 -5.097386997427003075e-02 3.532265838220095128e-02
-9.982622384317088038e-01 -4.744604223768539991e-02 3.494873065726936123e-02
-9.985186115945033913e-01 -4.144490170083069830e-02 3.525535151118015798e-02
-9.988104405288692478e-01 -3.902552481452023492e-02 2.923610155435854910e-02
-9.989093231401731110e-01 -3.634033644338489910e-02 2.931861902657039234e-02
-9.990562296134276599e-01 -2.887276458136504159e-02 3.245074864401685522e-02
-9.989281208246622024e-01 -2.967428720893965435e-02 3.552581672612906832e-02
-9.990450442063197878e-01 -2.538375354235099940e-02 3.556265252650867015e-02
-9.992872775292279686e-01 -1.950707996302395927e-02 3.231792683280760442e-02
-9.994360819287090303e-01 -9.718671031589323078e-03 3.214192218883529795e-02
-9.993665126401628518e-01 -3.711635814845876992e-03 3.539540858324322775e-02
-9.994333187469588431e-01 3.227347898868603016e-03 3.350616781389559318e-02
-9.993148343899569408e-01 9.322477682312858144e-03 3.581886346459708936e-02
-9.992427709710520745e-01 1.158942047961002489e-02 3.714307236720208738e-02
-9.989970881787496593e-01 1.907932331323139094e-02 4.050722436094168072e-02
-9.990759734765589650e-01 2.587596613519807520e-02 3.431721723940929503e-02
-9.991272912287306740e-01 3.278258853687242291e-02 2.588426623472898924e-02
-9.991251439530763889e-01 3.222759905317436335e-02 2.665269230282318533e-02
-9.987875296805619474e-01 3.888765591964565144e-02 3.018705681146123879e-02
-9.984544742431874509e-01 4.495087876766950402e-02 3.268209152941201762e-02
-9.981074726329690616e-01 5.410507952261038589e-02 2.922586268054483058e-02
-9.978111397833662188e-01 6.090526232334702444e-02 2.575880119852241509e-02
-9.976417062258354784e-01 6.487480062713739393e-02 2.241257862853427221e-02
-9.973180872703907296e-01 7.052021185824688954e-02 1.958493682777349976e-02
-9.971289621246829382e-01 7.428571766638533691e-02 1.467999229506597100e-02
-9.968847143183120485e-01 7.692730359053456812e-02 1.740958125107456081e-02
-9.967672903116563399e-01 7.908654833960998554e-02 1.415358494233142327e-02
-9.963107423820931619e-01 8.469771183673793780e-02 1.382893179009130231e-02
-9.959029794032555616e-01 8.881629200270006741e-02 1.699879669798308110e-02
-9.954761688188706881e-01 9.339464888216902905e-02 1.745491578174797331e-02
-9.950896043396364465e-01 9.736042030790288682e-02 1.782316216768476194e-02
-9.953309685858384714e-01 9.507621406717685353e-02 1.663772024867097091e-02
-9.950881221019107770e-01 9.799766876056167919e-02 1.400440478616418044e-02
-9.948968653286766051e-01 9.982733646639257996e-02 1.465494615343839249e-02
-9.948671859094534442e-01 1.004517030010363410e-01 1.219733390223857496e-02
-9.952206239256612408e-01 9.712136399863267877e-02 1.016796998307188671e-02
-9.951365953803942288e-01 9.828480838595106406e-02 6.579527689859896583e-03
-9.952677389147215337e-01 9.646979186543355733e-02 1.165093628428736684e-02
-9.952975017978781258e-01 9.616664921073572736e-02 1.161445986063034189e-02
-9.953264445308073194e-01 9.600738698805932891e-02 1.038689786964789273e-02
-9.952753949976342884e-01 9.667404256112770156e-02 9.003043631635943705e-03
-9.950109205396809875e-01 9.973027474441495399e-02 2.679069231617368582e-03
-9.951130926114029052e-01 9.874191184457428716e-02 6.990286612784104778e-05
-9.954314158204864427e-01 9.547865491971227470e-02 3.999724270074256328e-04
-9.953531300646774049e-01 9.609216161078114327e-02 6.203235120310268344e-03
-9.956899180128201410e-01 9.263151760687879377e-02 4.585446850144348115e-03
-9.955732434048610857e-01 9.381406348444866483e-02 5.733735932635469941e-03
-9.956493456153708843e-01 9.302123664817459059e-02 5.428381735102861747e-03
-9.953701383601768482e-01 9.594886923964915382e-02 5.669160034375172325e-03
-9.951967985200705913e-01 9.720234564745351691e-02 1.162211348061098840e-02
-9.952327494684239939e-01 9.712402183998171401e-02 8.873335347227704478e-03
-9.950298457735256008e-01 9.949315416518718369e-02 4.093368427082797953e-03
-9.949283615399894254e-01 1.004671474767013101e-01 4.893368386120424199e-03
-9.950813846677365460e-01 9.893354032170634249e-02 5.022933311906833086e-03
-9.944966498787422005e-01 1.043070117425854426e-01 9.823351104901345554e-03
-9.949609782899203614e-01 9.981584709661846244e-02 9.459699261113976160e-03
-9.944590416120360210e-01 1.048084683158445884e-01 8.150892631331792260e-03
-9.940764518321466570e-01 1.082524394947237817e-01 9.667203448135409938e-03
-9.943489832406033901e-01 1.056816141062145303e-01 1.007638454863350741e-02
-9.943422349814954320e-01 1.056171627605322488e-01 1.133896910296966661e-02
-9.933969273217687634e-01 1.145357385863983030e-01 6.644285605740130572e-03
-9.932908989429503066e-01 1.155907624327778965e-01 3.464511873101012041e-03
-9.933441309734144520e-01 1.151563576783330711e-01 2.547130596026922576e-03
-9.928974370259089355e-01 1.189649678583388770e-01 -1.432807129730700058e-03
-9.929251450054650263e-01 1.184990465431899620e-01 -7.594037349261539491e-03
-9.925244784879485582e-01 1.218163312780238955e-01 -7.481848517616096830e-03
-9.935065902133243254e-01 1.136402310174405017e-01 -5.530828100519353911e-03
-9.935663136732876266e-01 1.131161517255724475e-01 -5.545585183667904247e-03
-9.938364472481834300e-01 1.108414687552815858e-01 -1.822591784803958941e-03
-9.945752336232726032e-01 1.038657403732448359e-01 -5.661251556258710058e-03
-9.947881292962310606e-01 1.017058312623803223e-01 -7.248369320950342858e-03
-9.944504954938999663e-01 1.051695421478885534e-01 -2.759835734463525134e-03
-9.941552913661421131e-01 1.079521259612042511e-01 -1.277675649551101092e-03
-9.946321113571670036e-01 1.034632606285283279e-01 1.534281247401993609e-03
-9.950988136078843249e-01 9.887023431641113469e-02 -1.750801418892185875e-03
-9.949020716930014885e-01 1.007954315871115447e-01 -3.191565366452445152e-03
-9.949938562587263835e-01 9.990807227786957512e-02 -2.374967756304432673e-03
-9.946551058519742528e-01 1.030692817520167115e-01 -6.162864321436105700e-03
-9.945867290948015027e-01 1.037288852324669552e-01 -6.131395600279154062e-03
-9.946897671064587332e-01 1.025058603818635172e-01 -9.211577424798691321e-03
-9.948455269362286302e-01 1.010943985208513085e-01 -7.895407495397138362e-03
-9.949066284137690896e-01 1.004672728628585726e-01 -8.195435255946868780e-03
-9.950183645278360967e-01 9.888974101523964610e-02 -1.262183796250949085e-02
-9.954603917273401326e-01 9.419056001721590188e-02 -1.366690707310894842e-02
-9.953864128598078898e-01 9.496940699761578786e-02 -1.366522125180264120e-02
-9.959955858640523463e-01 8.901303282479786083e-02 -8.337284726457439704e-03
-9.963155032589551263e-01 8.523044033985759105e-02 -9.551305119821993858e-03
-9.967438996206072765e-01 7.998321769104131673e-02 -1.021375989056923575e-02
-9.971587245552969714e-01 7.430333329041846624e-02 -1.239073276154219715e-02
-9.972191478200619352e-01 7.207828447831804430e-02 -1.894016368410349205e-02
-9.973686510745957134e-01 6.989740254788838481e-02 -1.923966342720778364e-02
-9.974563804060759820e-01 6.683598370344964734e-02 -2.477414570694730020e-02
-9.978290977877388723e-01 6.141390414946475140e-02 -2.377943987842361107e-02
-9.979054227879489147e-01 5.945356719269512258e-02 -2.549663338733107118e-02
-9.980800602553832057e-01 5.551881562159584338e-02 -2.745709904934971399e-02
-9.984604273724767554e-01 4.870262571886967845e-02 -2.654933260482138582e-02
-9.987710902242573630e-01 4.221265808847721873e-02 -2.596995710162091145e-02
-9.989579782421493803e-01 4.059664608905329958e-02 -2.085444399143496219e-02
-9.992921660571577602e-01 3.232969545957724983e-02 -1.923526428292615317e-02
-9.995172516727680589e-01 2.633253150090130931e-02 -1.648936090265011936e-02
-9.996341107835485795e-01 2.384720911122121048e-02 -1.276686225815828850e-02
-9.995298445301442625e-01 2.674038925874325581e-02 -1.500263346345602836e-02
-9.994870336744189343e-01 2.560095742133850633e-02 -1.924313047264471568e-02
-9.995545277476166612e-01 2.091065984547555573e-02 -2.129619738334505297e-02
-9.996191366573048409e-01 1.642577988933214758e-02 -2.217685886584788366e-02
-9.997352015224998389e-01 9.060754254818451786e-03 -2.115342149555963017e-02
-9.997674483349401342e-01 3.834723844847753339e-03 -2.122220106925170116e-02
-9.997856603244126283e-01 1.472285091593523824e-04 -2.070384977101773563e-02
-9.997952928670760242e-01 -4.554751540434021431e-03 -1.971456938251435129e-02
-9.997691791295137964e-01 -6.925152201240025035e-03 -2.033883939157527659e-02
-9.997733148814036408e-01 -1.324136980587365189e-02 -1.667400711177461498e-02
-9.997964080109271734e-01 -1.417168586300008269e-02 -1.436465736286194304e-02
-9.998309986856619425e-01 -1.432689278058640880e-02 -1.152179468007921009e-02
-9.998603538703251248e-01 -1.269408784959505376e-02 -1.087062296901714249e-02
-9.998751148822965229e-01 -1.349120511304487471e-02 -8.232834490939547334e-03
-9.998779565237295719e-01 -1.429682806818153261e-02 -6.301610327335551917e-03
-9.998964365927117681e-01 -1.364429523002901913e-02 -4.581138774757158826e-03
-9.997961336240158703e-01 -1.927937140456380608e-02 -6.002886316701799146e-03
-9.997968804117384201e-01 -1.969526303793253316e-02 -4.281605916905432616e-03
-9.996589508443077809e-01 -2.431613464355630513e-02 -9.526040796861218879e-03
-9.995871311711450602e-01 -2.776160904805362317e-02 -7.409321689008597535e-03
-9.996175176419717090e-01 -2.725736074244776083e-02 -4.678943359061478111e-03
-9.994753157755252859e-01 -3.108626384569283113e-02 -9.098089621400648128e-03
-9.994170967107892656e-01 -3.284847959859403532e-02 -9.299573792985309575e-03
-9.995314465742171084e-01 -2.969354093269995984e-02 -7.430940629627828635e-03
-9.994794080481959053e-01 -3.122127090567116195e-02 -8.135298298030342601e-03
-9.993577589236359859e-01 -3.552249701326051085e-02 -4.718026457562470716e-03
-9.993009517135370556e-01 -3.729786997516175429e-02 -2.552385611956034354e-03
-9.993800189464548955e-01 -3.520584826336415479e-02 4.048630369841111840e-04
-9.995253026388647433e-01 -3.069103484462908787e-02 2.695881735051950528e-03
-9.996396638354585473e-01 -2.684343113246123735e-02 -1.031481797778830735e-04
-9.996912895002471044e-01 -2.484668200942139610e-02 7.772211724604968699e-05
-9.996990426941201324e-01 -2.445524250923528098e-02 1.950155960970458881e-03
-9.997745949151509715e-01 -2.118336779002216383e-02 -1.436037980075297645e-03
-9.997724511269392433e-01 -2.130619803939350423e-02 1.062925666731864751e-03
-9.998885188540951319e-01 -1.421648220684615382e-02 4.569413347105384833e-03
-9.999061004408695830e-01 -1.344244007006951958e-02 2.670045729607482300e-03
-9.999266927377418179e-01 -1.170756523493620554e-02 3.095174669631539904e-03
-9.999011940166906420e-01 -1.170876644641575919e-02 7.781069489228877728e-03
-9.999168612657376443e-01 -1.080217378667398635e-02 7.044263321466578444e-03
-9.999646014799540295e-01 -8.237157296122076672e-03 1.727148949315847684e-03
-9.999435877835991526e-01 -1.062063842138797481e-02 -2.477066554647383567e-04
-9.999425652621742877e-01 -1.069527021848908944e-02 7.179427037464881185e-04
-9.999365841320996262e-01 -1.097703202734378811e-02 2.523994778100386097e-03
-9.998992143389278109e-01 -1.368548277466008836e-02 3.782430449689645584e-03
-9.998947263502783178e-01 -1.304917756660712615e-02 6.347696783837192963e-03
-9.998639854312035835e-01 -1.539638162492455026e-02 5.916092323566771866e-03
-9.998727693544894324e-01 -1.594789515970998842e-02 3.845306530279261198e-04
-9.998631188286064564e-01 -1.486452373394392748e-02 7.268269803999000134e-03
-9.998498108861605393e-01 -1.706439500970524312e-02 3.033209512003216986e-03
-9.998082271485152495e-01 -1.897238335852302962e-02 4.857554209670671488e-03
-9.998520832813243553e-01 -1.628218549029880613e-02 5.544388745943901187e-03
-9.997859855324868761e-01 -1.788034191692792346e-02 1.040743836391284753e-02
-9.998636300468407567e-01 -1.400994298324673842e-02 8.745342495865613894e-03
-9.999096482443964318e-01 -1.003978726929791523e-02 8.940706422631370526e-03
-9.999643626330618762e-01 -6.155439548179503055e-03 5.781180266280862290e-03
-9.999512852710861210e-01 -6.104621778333246124e-03 7.758782054838936001e-03
-9.999763891124542337e-01 -1.686427465722437936e-03 6.664469869778456845e-03
-9.999928236975448304e-01 -3.710985410197021727e-03 7.869351476526382713e-04
-9.999958631472292137e-01 -2.864525913878584497e-03 -3.260335912398763802e-04
-9.999886105069745179e-01 -2.825569948281143277e-03 -3.851381506636370085e-03
-9.999841334135634030e-01 1.443929791207498436e-03 -5.448495003455223334e-03
-9.999980263095886723e-01 1.183583697836883752e-03 -1.607674912421726190e-03
-9.999918436044321624e-01 3.969040295675412174e-03 7.730414032119732777e-04
-9.999834478503316637e-01 5.449684262349580206e-03 1.855568949043816121e-03
-9.999963560703424292e-01 2.601525744222528587e-03 7.470521032291389980e-04
-9.999796064752810576e-01 5.511904815935317337e-03 -3.231665407443513275e-03
-9.999737981674702292e-01 5.785327673607682485e-03 -4.355581180485370435e-03
-9.999673283480244868e-01 8.075619855938600405e-03 -4.059742504472730815e-04
-9.999761249454842682e-01 6.886102457378012916e-03 -6.077417211813108174e-04
-9.999978294751268315e-01 1.827284363970691460e-03 1.019916328901519570e-03
-9.999979829471218329e-01 4.382538647391910538e-04 -1.969830431664576151e-03
-9.999637070762208424e-01 -4.640867632317463055e-03 -7.147394028970109787e-03
-9.998872273914809483e-01 -1.183022961648919416e-02 -9.252924528244886246e-03
-9.999241349510570309e-01 -1.034236948827691252e-02 -6.693146281639117921e-03
-9.999441204290827612e-01 -5.343821418066998022e-03 -9.123487125417096416e-03
-9.998920047184517435e-01 -8.526156443801297807e-03 -1.197171892081226770e-02
-9.998526589924960906e-01 -1.237184820880441252e-02 -1.190109968753042848e-02
-9.999477305888159195e-01 -9.571195936336904936e-03 -3.600968735980352581e-03
-9.999207039839872468e-01 -1.218120635256184081e-02 -3.200409937621567173e-03
-9.999433723536257368e-01 -1.041212020003676360e-02 -2.208736925806555756e-03
-9.999545696842824238e-01 -7.988232180469167013e-03 -5.204364006185529037e-03
-9.999584364754312560e-01 -4.752894341896416255e-03 -7.782926309432939248e-03
-9.998931059737794502e-01 -6.383917091202399169e-03 -1.315526404352592230e-02
-9.999124626932851534e-01 -6.684305577854653645e-03 -1.142040947707427014e-02
-9.998531298811200729e-01 -1.454352574296350134e-02 -9.068801485485635666e-03
-9.998258255488488011e-01 -1.737554661539133377e-02 -6.815243394064385632e-03
-9.997774349450562204e-01 -2.087500346649591790e-02 -3.058315551516415688e-03
-9.997691052397167377e-01 -2.034029204307949076e-02 -6.931610005187415977e-03
-9.997717142298060411e-01 -1.768749007211884230e-02 -1.198793336920623252e-02
-9.996585697706538154e-01 -2.533380159187882327e-02 -6.401622151707376737e-03
-9.996996914690061686e-01 -2.418897499216286426e-02 -3.931766074002511317e-03
-9.995619367939468924e-01 -2.848582276367986332e-02 -8.033116300506702723e-03
-9.993157333841479195e-01 -3.619077051105969167e-02 -7.637516183658838581e-03
-9.992787198095176571e-01 -3.742882720353658127e-02 -6.415725265784389016e-03
-9.994052185840566205e-01 -3.325725293343437250e-02 -9.121549178358459575e-03
-9.993044872518608290e-01 -3.560627089616741348e-02 -1.108033053275058258e-02
-9.988993746441304777e-01 -4.351379163576200859e-02 -1.751079586963441223e-02
-9.988070380961954209e-01 -4.462804212549565525e-02 -1.982113074275627940e-02
-9.988174634204818325e-01 -4.576915914928950807e-02 -1.639809571856040704e-02
-9.987551835262451494e-01 -4.817097342552987410e-02 -1.294910584719632593e-02
-9.990323100612296114e-01 -4.099937769353317191e-02 -1.592271969899072825e-02
-9.988224294053194008e-01 -4.573631130001037937e-02 -1.618588504799023733e-02
-9.987542143601105815e-01 -4.744503050909118502e-02 -1.546049459689852711e-02
-9.984101464958828887e-01 -5.479676137200735486e-02 -1.321108440098587786e-02
-9.984054683399157248e-01 -5.372052378975941678e-02 -1.733968132467623643e-02
-9.981348565632192082e-01 -5.779108581826226942e-02 -1.967325537490543369e-02
-9.977980794397403042e-01 -6.383427668138448585e-02 -1.800600522193727265e-02
-9.979224524486053349e-01 -6.359803886115891758e-02 -1.030081810211108326e-02
-9.975670461813700429e-01 -6.868451392906781139e-02 -1.193584908166388237e-02
-9.974542432397491831e-01 -7.012964999741901073e-02 -1.291911050216169692e-02
-9.969669409008324878e-01 -7.710408713621763610e-02 -1.057908284021304331e-02
-9.970642251510686283e-01 -7.560337645453092670e-02 -1.212843279476737667e-02
-9.964615632398760026e-01 -8.303205240907782225e-02 -1.304108057827204660e-02
-9.960922289762812465e-01 -8.662219809640303581e-02 -1.723092685030328669e-02
-9.965533763922664878e-01 -8.236466052398480620e-02 -9.872682145094601944e-03
-9.954861104414959305e-01 -9.328633092964627727e-02 -1.746722462855885769e-02
-9.954554847867430611e-01 -9.313249097988680891e-02 -1.986847986527131432e-02
-9.955015355029530610e-01 -9.183988255094914510e-02 -2.328450809616645217e-02
-9.951446878432765875e-01 -9.589224025877181312e-02 -2.217584340725743328e-02
-9.950128221032810139e-01 -9.800715953341231079e-02 -1.855047219915631485e-02
-9.950184191000649436e-01 -9.842797877595048373e-02 -1.582144553603780091e-02
-9.947247209651665090e-01 -1.019320777251388199e-01 -1.151609783424880663e-02
-9.950157526077456627e-01 -9.900696360241302563e-02 -1.188750185130183455e-02
-9.942753439225414658e-01 -1.053957658203226178e-01 -1.755883665430562138e-02
-9.935847504421141396e-01 -1.110815956944011945e-01 -2.121939218636841734e-02
-9.930352405168052510e-01 -1.157581016112256000e-01 -2.193428479176140825e-02
-9.928200121531032263e-01 -1.178344291443523539e-01 -2.057937344692602893e-02
-9.924375926399100489e-01 -1.215994025223841313e-01 -1.677050434744813134e-02
-9.918976841513048592e-01 -1.257978062529649665e-01 -1.771823729740658326e-02
-9.911940342844184348e-01 -1.317560372426551940e-01 -1.322015487099368301e-02
-9.911784961588464560e-01 -1.322415012325670880e-01 -8.798496758463038303e-03
-9.909416014276730689e-01 -1.342087578637192746e-01 -4.774020936879052983e-03
-9.910315795442995457e-01 -1.335918957192906431e-01 -3.106952794273539799e-03
-9.908859520559442080e-01 -1.346311346769384354e-01 -4.418938081873658753e-03
-9.902750244747779984e-01 -1.390304398309643308e-01 -5.094323827248106382e-03
-9.899096319726420345e-01 -1.416910151451439559e-01 1.617427315031961729e-03
-9.895623505449024915e-01 -1.439858553143483211e-01 5.870871981052798623e-03
-9.898730712470114046e-01 -1.418889539930414390e-01 4.343596650884222303e-03
-9.890087998253985768e-01 -1.478565751690622543e-01 -2.577966968804338080e-04
-9.892598950272160074e-01 -1.461361885154489892e-01 -3.018923249214493839e-03
-9.890217664536627984e-01 -1.477612648558664088e-01 -1.610427658436520146e-03
-9.887536407216915846e-01 -1.494799619134318802e-01 -4.692372677768454417e-03
-9.890734355568853164e-01 -1.473080439875703307e-01 -5.841117080735386963e-03
-9.895178684691383619e-01 -1.441202214419792516e-01 -9.153641142646901790e-03
-9.884360670397720483e-01 -1.513886711619659431e-01 -8.697757467563741601e-03
-9.871512221711278290e-01 -1.596487338185467453e-01 -6.692202260487735074e-03
-9.868366111945109376e-01 -1.615913576911419680e-01 -6.463368803590443037e-03
-9.874060415843720628e-01 -1.578385632541906558e-01 -1.078592310321337122e-02
-9.872620644702131409e-01 -1.585016390778123674e-01 -1.381613677105719348e-02
-9.861136299816910533e-01 -1.653807882832430687e-01 -1.513746464567171206e-02
-9.862982751098684497e-01 -1.644582678343153304e-01 -1.300883860279521478e-02
-9.849780820719635788e-01 -1.717519042644348737e-01 -1.787458253793257346e-02
-9.844019081144316230e-01 -1.747125294394135664e-01 -2.069915170886081623e-02
-9.834713462143990226e-01 -1.798468785381362178e-01 -2.095831543268714126e-02
-9.835247276266086969e-01 -1.797395599882881667e-01 -1.930907186647515261e-02
-9.830070141769480241e-01 -1.826005816695410733e-01 -1.882225214919653819e-02
-9.829607132292714766e-01 -1.832089788957333154e-01 -1.492467163249506026e-02
-9.821988181220033809e-01 -1.874449075911056584e-01 -1.224450108726822702e-02
-9.815006835820060394e-01 -1.911192983686917923e-01 -1.139567568449929673e-02
-9.808419560899056533e-01 -1.947617917818758038e-01 -4.115962738595987241e-03
-9.801078364822293221e-01 -1.984056961255343254e-01 -4.883456332914007554e-03
-9.794641533240481257e-01 -2.013149003854927122e-01 -1.105996854173189187e-02
-9.799650458974701328e-01 -1.987679778903927164e-01 -1.264276264839868033e-02
-9.791307697436671953e-01 -2.030082968283559164e-01 -9.518756314484589157e-03
-9.786155807064150780e-01 -2.056619355823861850e-01 -3.840956012927707920e-03
-9.768436667026504372e-01 -2.139496266268291758e-01 -1.430892448768589145e-03
-9.770182992667904021e-01 -2.130406983465100712e-01 6.995943537627074063e-03
-9.763289168016334729e-01 -2.161179208976844457e-01 8.656207533384472838e-03
-9.764472599379229178e-01 -2.154683728068204907e-01 1.114308480575111615e-02
-9.768618465918351701e-01 -2.136540596231620848e-01 9.639239288524897517e-03
-9.775673054214906177e-01 -2.105337464387479207e-01 6.143648678899794706e-03
-9.783001715215003946e-01 -2.071711491300302077e-01 2.988093952597885381e-03
-9.785688480624956664e-01 -2.057334134810482329e-01 8.764222656022153599e-03
-9.780595802167091346e-01 -2.082452379760340311e-01 5.780821114039675496e-03
-9.790337172884979733e-01 -2.033247600665503974e-01 1.233134960415962350e-02
-9.792285184829382372e-01 -2.023728286686500288e-01 1.252144697199622167e-02
-9.793537694305659569e-01 -2.016633006993491517e-01 1.407647990826706164e-02
-9.800335309647919546e-01 -1.978998094440679867e-01 1.923495886778378572e-02
-9.798358317470333700e-01 -1.989618417788715232e-01 1.832944021188307251e-02
-9.812734317786405702e-01 -1.917739191696530843e-01 1.803485625503842629e-02
-9.813620344008707752e-01 -1.908997803435558971e-01 2.204248996263544896e-02
-9.800690528407794977e-01 -1.973216298676282732e-01 2.299708856692734768e-02
-9.802303168098838171e-01 -1.961257476105703890e-01 2.613918923653377885e-02
-9.814430818719817040e-01 -1.899679214560340834e-01 2.610949914774889080e-02
-9.824346614047416715e-01 -1.847196799027304159e-01 2.647292986052873082e-02
-9.836279839295862804e-01 -1.781533397451757761e-01 2.715542062573830795e-02
-9.840072802011295972e-01 -1.752680657035800005e-01 3.179336142750750771e-02
-9.849531844084163934e-01 -1.698663634165918368e-01 3.182268498375834254e-02
-9.855488787823635244e-01 -1.665814548553353203e-01 3.072566664826772639e-02
-9.862810595232643918e-01 -1.596609319310145492e-01 4.192969610814515496e-02
-9.874303094095940869e-01 -1.518365865295890071e-01 4.389847506755066575e-02
-9.892529718375313585e-01 -1.401076594414056298e-01 4.181437994271284403e-02
-9.901058678462246743e-01 -1.333640527469051318e-01 4.363989957522240032e-02
-9.903003327395194511e-01 -1.321362124877990263e-01 4.295710958144901420e-02
-9.914849557077874964e-01 -1.227027788669291519e-01 4.360793093144645777e-02
-9.928766885384584517e-01 -1.127299514805881198e-01 3.857305310387682679e-02
-9.939102403190595014e-01 -1.039601093339543314e-01 3.653451417811311858e-02
-9.942918016479816989e-01 -9.885681196212789401e-02 4.013956835082672925e-02
-9.948544954584274125e-01 -9.351559343211739150e-02 3.897957956328927664e-02
-9.949742605561945341e-01 -9.315098915503750021e-02 3.673084564414479114e-02
-9.953857936591118394e-01 -8.568685311641088820e-02 4.318479062188470413e-02
-9.957034004851134101e-01 -8.197087509243340675e-02 4.307615411311072062e-02
-9.960698903202817034e-01 -7.762308230221898198e-02 4.265526728909423138e-02
-9.965384485843685747e-01 -7.347667303131730221e-02 3.888881681698012904e-02
-9.969606360758546115e-01 -6.863494328547686818e-02 3.686157494116509142e-02
-9.971991055797785330e-01 -6.343537767729515164e-02 3.962244155738038620e-02
-9.971304708281630846e-01 -6.120537712391538321e-02 4.455072688030653483e-02
-9.976756392427108544e-01 -5.396075895605416395e-02 4.161245696977629999e-02
-9.980094239191441563e-01 -4.811727982349428556e-02 4.076712352847054049e-02
-9.983438207990446012e-01 -4.268177304912181003e-02 3.857360301041030948e-02
-9.987459457406456798e-01 -3.626594183098599822e-02 3.451605624160231089e-02
-9.990071698892382113e-01 -2.949870635119049636e-02 3.338475150297224442e-02
-9.992192352457137661e-01 -2.878948727730727339e-02 2.705782956140308226e-02
-9.994029021527016665e-01 -2.378232280773161580e-02 2.506553485647724719e-02
-9.995274016306288090e-01 -1.712896934441960478e-02 2.552670288263855086e-02
-9.994847912959763381e-01 -1.407132126006920177e-02 2.884771653916854556e-02
-9.995011026380503649e-01 -8.967197928514546168e-03 3.028491532441887624e-02
-9.995549350203836170e-01 -5.429531342242699919e-03 2.933416034833033134e-02
-9.995346547046404240e-01 -1.980035426149819207e-03 3.044001322924158592e-02
-9.996324623433155976e-01 6.271897033216163563e-03 2.637506649711881743e-02
-9.996489619431955242e-01 1.179380071042337302e-02 2.372550607501206638e-02
-9.996092576478877723e-01 1.209280077601863380e-02 2.520191829563607142e-02
-9.995502307863560754e-01 1.812479740842952436e-02 2.389285028687904849e-02
-9.995409329453210923e-01 2.326561555248871441e-02 1.940811291825439086e-02
-9.995998287497981361e-01 2.192890517721831495e-02 1.787025015825009777e-02
-9.996683284931736635e-01 2.126831869063933178e-02 1.452349846785974327e-02
-9.996524531426524973e-01 2.369996568518147398e-02 1.154664020779873866e-02
-9.996909160181284282e-01 2.163930087220209200e-02 1.224146356729514072e-02
-9.997184763497500848e-01 2.180519793869854089e-02 9.356373730536434591e-03
-9.996414851679780167e-01 2.618103722538192915e-02 5.612013202120286551e-03
-9.997340749725447395e-01 2.252015984998173223e-02 4.966085894783871420e-03
-9.998472196355328023e-01 1.747362825172259562e-02 5.001135029786569347e-04
-9.998222569028489826e-01 1.880512849545949369e-02 1.364609626727415759e-03
-9.998654730621135966e-01 1.578542555516833368e-02 4.460549412220704904e-03
-9.998031765824407779e-01 1.950003248545069401e-02 3.660216113588732594e-03
-9.998076847994332716e-01 1.747236999839331048e-02 8.907862119292076983e-03
-9.997861310006479485e-01 1.947620817534571891e-02 6.957719544562161219e-03
-9.998079986647422368e-01 1.955901786144775487e-02 1.204550100780025362e-03
-9.998706742637472056e-01 1.607002367872263984e-02 6.552955113397818977e-04
-9.999384578886708619e-01 1.081215292639676681e-02 -2.493620293108496453e-03
-9.999355739827628931e-01 1.132668125640533784e-02 -7.710646673645289977e-04
-9.999396612740263368e-01 1.095717668099201701e-02 8.089864041343132906e-04
-9.999608029362662132e-01 8.142010270117461257e-03 3.484329866406175522e-03
-9.999287368126069664e-01 1.193091586803751020e-02 4.634301400469340373e-04
-9.998897791127263623e-01 1.482397938550878910e-02 8.482294928108848053e-04
-9.998601652543247509e-01 1.666628773695317048e-02 -1.387447915831211635e-03
-9.999068305475573570e-01 1.362746861368631032e-02 8.139498680475635260e-04
-9.998738286909566453e-01 1.586175640475541090e-02 8.783928112881009102e-04
-9.999091305211129654e-01 1.326428672425079315e-02 2.414450395784452363e-03
-9.999195816003861870e-01 1.268115190932317567e-02 2.426941604232210441e-04
-9.999375030019058697e-01 9.635154107089522954e-03 -5.673994057012644518e-03
-9.999808692694589496e-01 3.796438267047017381e-03 -4.887581099617791663e-03
-9.999728462491089820e-01 2.804949168991496301e-03 -6.817575832795411822e-03
-9.999831310779614402e-01 4.262576716914772898e-03 -3.950739571167706868e-03
-9.999769022286286724e-01 1.179303859571198976e-03 -6.696613071774839242e-03
-9.999682523508615084e-01 2.252748964263894590e-03 -7.645900042673625663e-03
-9.999987047268152907e-01 -5.820774159402773013e-04 -1.513913858760879659e-03
-9.999970615222579795e-01 4.559880189137967971e-04 -2.389398296383712754e-03
-9.999995900978619900e-01 -8.357169417055247771e-04 4.019356971180624606e-04
-9.999727979035744063e-01 7.338166497208057845e-03 -7.713271331226865223e-04
-9.999689080028494326e-01 6.720712096384069342e-03 4.129797737490434328e-03
-9.999450565718936978e-01 1.008005404069474940e-02 2.883829212468424011e-03
-9.999354207814299400e-01 9.829632177549743610e-03 5.707252099426922756e-03
-9.999383351110919804e-01 1.068269324611216542e-02 3.040750783188387891e-03
-9.998787179822725690e-01 1.290975970926898711e-02 8.713647622399088577e-03
-9.998303540558377556e-01 1.396060523577094190e-02 1.201685718357945257e-02
-9.997961034486211318e-01 1.592541847544771960e-02 1.241663509656693899e-02
-9.997150075592305951e-01 1.867779823563021219e-02 1.486888736369527259e-02
-9.996501999619216150e-01 2.154016440177554045e-02 1.534729091344727049e-02
-9.996759205008900473e-01 1.921984165253455210e-02 1.669406866588902041e-02
-9.994880752763696252e-01 2.189859450244220976e-02 2.332550845181854265e-02
-9.991636371745045153e-01 2.836932461264104338e-02 2.944907993677564964e-02
-9.985855206782896509e-01 4.029730062840625182e-02 3.468611592029939572e-02
-9.981182652972238056e-01 4.841511879871047974e-02 3.762905908054769294e-02
-9.979528540497185629e-01 5.422029920757947402e-02 3.391609339320047350e-02
-9.977219814332413117e-01 5.944382429835364662e-02 3.189546403967388061e-02
-9.977594623059423684e-01 5.903925790319036054e-02 3.147161443485310683e-02
-9.975932685511159637e-01 6.246300841736203424e-02 3.010123214124409835e-02
-9.971746653012404371e-01 6.941307246017384969e-02 2.871503503512620389e-02
-9.970796606576561860e-01 7.108175598078900204e-02 2.792087474809285333e-02
-9.969451176533561387e-01 7.240867359591748875e-02 2.928237297157827365e-02
-9.962692738400777959e-01 8.065711036266158540e-02 3.069210986732419030e-02
-9.958544187842924833e-01 8.663263771052992501e-02 2.772731007551690330e-02
-9.952964302401764440e-01 9.290366160557875230e-02 2.745845317530978477e-02
-9.950123508886744572e-01 9.673397822793503020e-02 2.435159110378163141e-02
-9.949714134689591205e-01 9.715125964268367387e-02 2.436308854687433897e-02
-9.944401908226355724e-01 1.026406620925381097e-01 2.352960455071031326e-02
-9.936838940614750593e-01 1.092029784383410085e-01 2.582768208600308077e-02
-9.939029353098077779e-01 1.075846982075214509e-01 2.413563547733303324e-02
-9.931702200989641627e-01 1.143714440583183112e-01 2.306789174160699812e-02
-9.932925689626739274e-01 1.141979319166063628e-01 1.813134722978452379e-02
-9.929400423616939753e-01 1.166579403550182664e-01 2.147180111187781126e-02
-9.916431305298654131e-01 1.272050677255211482e-01 2.151309917355846008e-02
-9.913735577602003080e-01 1.290741024666466619e-01 2.276809376598950760e-02
-9.911342022168513344e-01 1.307929267589575673e-01 2.337187521150774216e-02
-9.911396793591747967e-01 1.307722294344546288e-01 2.325512962051350455e-02
-9.904104534718549679e-01 1.367487683780857222e-01 1.967101576750534403e-02
-9.897355868381547683e-01 1.416017558930340869e-01 1.929900842934088520e-02
-9.891685963842925533e-01 1.451691132926342387e-01 2.171306956041224590e-02
-9.894912403846307658e-01 1.441852972674808608e-01 1.085017565045631911e-02
-9.892835435566708080e-01 1.455148720317415434e-01 1.198054818141644322e-02
-9.892921790558167894e-01 1.454184026881698566e-01 1.243035347203663536e-02
-9.894444591016079427e-01 1.442279150688050293e-01 1.407167116185236225e-02
-9.889009422110729419e-01 1.481181438446293741e-01 1.166117430911344996e-02
-9.886861438952400105e-01 1.496146329637423888e-01 1.073366181894184340e-02
-9.889933666638300869e-01 1.478099429609945337e-01 6.662020358466240466e-03
-9.888815101978779554e-01 1.485987243407151936e-01 5.640830110945157898e-03
-9.886727210943657695e-01 1.500840586904236829e-01 1.032927066270282988e-03
-9.885532622930318647e-01 1.508609722252024221e-01 -1.858950358268720519e-03
-9.885720412656078260e-01 1.506873155891984006e-01 -4.323561530811206692e-03
-9.880554820438451902e-01 1.539443997054206481e-01 -6.893997991183022610e-03
-9.880961603285245420e-01 1.538357726501094480e-01 -7.576543979296431960e-04
-9.874574288671947864e-01 1.578853337482987729e-01 2.976967286934919035e-04
-9.885031274047697547e-01 1.511301469084129212e-01 -4.613780607001495560e-03
-9.886608903139876281e-01 1.500634765839979623e-01 -5.535172021083004795e-03
-9.879066391697485239e-01 1.548962759588196347e-01 -6.903414820959176586e-03
-9.882210256143045823e-01 1.530087773744140955e-01 -2.749499708798092135e-03
-9.884562987531593237e-01 1.513956198778194651e-01 -5.792490957829353124e-03
-9.886504742673308810e-01 1.500838224018219702e-01 -6.717678470812685210e-03
-9.890025014234794520e-01 1.474406234032429319e-01 -1.163426179291857793e-02
-9.902681701203011055e-01 1.384163242904285496e-01 -1.448840539880936681e-02
-9.913097859062925954e-01 1.306892339665502722e-01 -1.500912995297272630e-02
-9.917245458510552947e-01 1.276105760773244835e-01 -1.407151412473594751e-02
-9.913749662096330573e-01 1.306378425078433547e-01 -1.046288891392646928e-02
-9.912412186939050240e-01 1.314830968754419904e-01 -1.237267774523862808e-02
-9.910224336670504508e-01 1.332432484192756783e-01 -1.099155525130236961e-02
-9.912734530966013091e-01 1.309463033696938727e-01 -1.516734681315143676e-02
-9.917630684662535057e-01 1.264635131640197974e-01 -2.032332801050632659e-02
-9.925455660739019859e-01 1.201818138222592453e-01 -2.024037268859931946e-02
-9.925798357272288541e-01 1.203138763533994349e-01 -1.760348448761840309e-02
-9.930395290595361857e-01 1.159353329885266931e-01 -2.077340202539000591e-02
-9.937126038407780859e-01 1.105776708873507791e-01 -1.754655286729996794e-02
-9.943086358222903431e-01 1.053082594982744646e-01 -1.614153194085570994e-02
-9.947463333419790388e-01 1.011432492196188415e-01 -1.580560896410217533e-02
-9.954410229542572930e-01 9.392133577045901072e-02 -1.661307845979862613e-02
-9.960569180541302137e-01 8.735851365615744657e-02 -1.546440844658470044e-02
-9.962127035434046318e-01 8.567908332029952612e-02 -1.481167833740153900e-02
-9.968638121507523708e-01 7.904187756127059594e-02 -3.868265466871863290e-03
-9.970274257033103771e-01 7.702721595934097776e-02 -1.778266062513448546e-03
-9.966366782854039208e-01 8.194713472822795497e-02 2.011841772725955595e-04
-9.967947783562366437e-01 7.993010645455381202e-02 -3.374887106187860614e-03
-9.965197615042135082e-01 8.284514232066306216e-02 -9.224378895556051283e-03
-9.968060389722239734e-01 7.927329591882213700e-02 -9.669906101376746221e-03
-9.968826044504399686e-01 7.812473991691576414e-02 -1.102904480665228837e-02
-9.970457698042815009e-01 7.616106263135989651e-02 -9.963298406303628535e-03
-9.968125259803901628e-01 7.819186736806181537e-02 -1.583861644210366598e-02
-9.965921529854071537e-01 8.168421371534237418e-02 -1.148093030936367040e-02
-9.969557887172854072e-01 7.716520072971763677e-02 -1.116821582418077788e-02
-9.969309739953765570e-01 7.724761169098984248e-02 -1.270753655403892082e-02
-9.974180041573221800e-01 7.062884597320297220e-02 -1.299742332002487913e-02
-9.974442699689588521e-01 6.937779754227728357e-02 -1.707897714860555707e-02
-9.975801635978049919e-01 6.687483914264788498e-02 -1.901617956023279529e-02
-9.976007587925675990e-01 6.663386685392544417e-02 -1.878019817419671750e-02
-9.973811317823206846e-01 7.041541876329904248e-02 -1.651026474519628334e-02
-9.974841044122593203e-01 6.839439727396721957e-02 -1.864698277294923878e-02
-9.974326011078114007e-01 6.722845770176782976e-02 -2.466947286258713151e-02
-9.971392200836801667e-01 7.046708587756610187e-02 -2.734607276240613033e-02
-9.975120317429151395e-01 6.623141089587313013e-02 -2.414930277749117310e-02
-9.972146005166001581e-01 7.002535929654904456e-02 -2.568134793856279019e-02
-9.974153064832380622e-01 6.492555796029959858e-02 -3.078019579684987059e-02
-9.977734788827045120e-01 5.825231900583179023e-02 -3.247759910582603132e-02
-9.982999792520640403e-01 5.039127450650703055e-02 -2.929015234983870300e-02
-9.985306780878453470e-01 4.598340871152772902e-02 -2.867146963347285207e-02
-9.987821779612426898e-01 4.215327984379419607e-02 -2.563794301611496684e-02
-9.989807777694833524e-01 3.627399394778706154e-02 -2.686345516960209415e-02
-9.990108351793152153e-01 3.604105617454891192e-02 -2.604679783855053457e-02
-9.992222695781781683e-01 3.415708868402916876e-02 -1.970257577508611330e-02
-9.992653589381609303e-01 3.542532853272474525e-02 -1.462295492122732410e-02
-9.994470435603273195e-01 3.141440337247837500e-02 -1.089883066531213349e-02
-9.995408269776339116e-01 2.785631584214715711e-02 -1.192489155196454868e-02
-9.995712890925513294e-01 2.653901536499470373e-02 -1.236773438402724232e-02
-9.996370825101138502e-01 2.311924021655652889e-02 -1.382917928678617341e-02
-9.996165796629774558e-01 2.343640086378597637e-02 -1.474689704758422315e-02
-9.996820541236928204e-01 1.804753340870990375e-02 -1.761020995187006014e-02
-9.997296045329239211e-01 1.263080699212365890e-02 -1.952493160580747594e-02
-9.997876783136054879e-01 7.537768428409200722e-03 -1.917870580980890818e-02
-9.999006576359661391e-01 3.170970725595845079e-03 -1.373543608044252955e-02
-9.998430689677362260e-01 1.294939284028459765e-03 -1.766926819901740858e-02
-9.997372892946961853e-01 1.786332145907543276e-04 -2.292079873713191718e-02
-9.996969456873502358e-01 -7.737910569750403728e-03 -2.337058147208750589e-02
-9.996870801214325919e-01 -1.029106270457449089e-02 -2.280084246525136346e-02
-9.995851695976167850e-01 -1.374271656242592905e-02 -2.531144144220655312e-02
-9.995402119375405015e-01 -1.763963825490777459e-02 -2.466273447170997529e-02
-9.994885162451395688e-01 -2.396645160895743282e-02 -2.117445789655470270e-02
-9.994932759230086283e-01 -2.593098710259544512e-02 -1.846125261792965974e-02
-9.992651567033641324e-01 -3.061436382449063409e-02 -2.306404246658551316e-02
-9.992635659978353901e-01 -3.167563906478045727e-02 -2.165692230986571501e-02
-9.994171786451919726e-01 -2.545872057409898429e-02 -2.274201568005423946e-02
-9.993324434185195670e-01 -2.965344007423254685e-02 -2.133972168350919615e-02
-9.993489470233846150e-01 -2.951783309162988450e-02 -2.074662170089742672e-02
-9.992393248573261388e-01 -3.067843350446970360e-02 -2.407588226965845513e-02
-9.990569192287950262e-01 -3.558429439930478611e-02 -2.488117533731534770e-02
-9.989940836197638285e-01 -4.015519191616119532e-02 -1.996056498638832180e-02
-9.989811601459834822e-01 -4.110073917131339821e-02 -1.863903438490769476e-02
-9.988496011507649319e-01 -4.513772343043583046e-02 -1.618958985567499342e-02
-9.987959621312226810e-01 -4.806472755002576258e-02 -9.820924790696763246e-03
-9.987195713763952210e-01 -4.952852151278262782e-02 -1.030465320579892000e-02
-9.984230539994456421e-01 -5.423552428476604431e-02 -1.448985761582636048e-02
-9.981175840617804162e-01 -5.903436838615691573e-02 -1.662151118863035987e-02
-9.978143995062245253e-01 -6.410963871436690942e-02 -1.601315833304245775e-02
-9.978382358825688137e-01 -6.377800325449756169e-02 -1.585131508252968918e-02
-9.976176608574531812e-01 -6.689655002697139641e-02 -1.684925048475187717e-02
-9.976522845056267075e-01 -6.663442376161708702e-02 -1.580555898629193781e-02
-9.971926063073862645e-01 -7.314043437364842193e-02 -1.604449138205845532e-02
-9.970011112247870733e-01 -7.508858132743009839e-02 -1.872250320970829732e-02
-9.970161640698929073e-01 -7.565235005767011189e-02 -1.534709967228620187e-02
-9.965608375599297464e-01 -8.204427301309048792e-02 -1.163086546729041881e-02
-9.964991125043531905e-01 -8.257030632226461386e-02 -1.310366439398124097e-02
-9.961641987763429906e-01 -8.661263534291448185e-02 -1.245725374098854109e-02
-9.960312905849173504e-01 -8.776691334560268731e-02 -1.478782675474860434e-02
-9.954090056102493644e-01 -9.443096830105288109e-02 -1.561238426776342426e-02
-9.948635238034693185e-01 -9.951237865440035191e-02 -1.854449577985494563e-02
-9.943087343558366653e-01 -1.050245007072559550e-01 -1.788960158716649748e-02
-9.937188170111102004e-01 -1.108821713341343884e-01 -1.510296075532671298e-02
-9.937308867821060820e-01 -1.105283360458047676e-01 -1.680637413333682662e-02
-9.933482966750747378e-01 -1.139689309145647395e-01 -1.644040433562020745e-02
-9.931423637065570631e-01 -1.157367072046414092e-01 -1.653186720327544726e-02
-9.926111391462333344e-01 -1.200167478030405854e-01 -1.786475060402849604e-02
-9.923119223210714601e-01 -1.221491025937387065e-01 -1.991703287706049139e-02
-9.918364638271772726e-01 -1.249991004301828357e-01 -2.521302568082042783e-02
-9.913713532937289408e-01 -1.290178569924542440e-01 -2.317919697525611111e-02
-9.912198530303123478e-01 -1.314854776268277736e-01 -1.395760926331036759e-02
-9.908547813763245449e-01 -1.345858476797428538e-01 -9.669254488187385005e-03
-9.903303543376125173e-01 -1.386207881974873823e-01 -5.487161005866805254e-03
-9.896158555328811168e-01 -1.437239909670352533e-01 -1.978751717518332457e-03
-9.897187322413526500e-01 -1.429658385425688072e-01 4.200320468064096605e-03
-9.889527792424580577e-01 -1.479109747352942983e-01 9.735834805308195630e-03
-9.898513914312627726e-01 -1.414416589856976325e-01 1.373034999521294958e-02
-9.901735925180430442e-01 -1.393879962530291949e-01 1.128209566921905063e-02
-9.905401550889115780e-01 -1.366394841341223576e-01 1.264496152361443276e-02
-9.906652049006584582e-01 -1.352527491749332678e-01 1.700553560637035541e-02
-9.909926655804917051e-01 -1.317317211736317994e-01 2.409010633995788131e-02
-9.911122137746601890e-01 -1.304396502684968540e-01 2.611743085277385898e-02
-9.915585756464468936e-01 -1.275428933197598758e-01 2.333332791506113890e-02
-9.916237262724495460e-01 -1.262937127089925893e-01 2.706153043324606433e-02
-9.921104283458256345e-01 -1.230545319022017109e-01 2.396920840513715525e-02
-9.925521040686353658e-01 -1.184873859743870161e-01 2.830376397576549186e-02
-9.933415305458499489e-01 -1.117126090076484279e-01 2.815918424564313460e-02
-9.937554994463091429e-01 -1.074217158928398447e-01 3.017656883937001530e-02
-9.945702488856782431e-01 -9.863546047750917922e-02 3.318296581841592707e-02
-9.953042469344021148e-01 -9.169285377425714922e-02 3.101483165310945853e-02
-9.954340212616972217e-01 -8.969443649270221475e-02 3.265058318060147513e-02
-9.953030088906517081e-01 -9.191503348265142592e-02 3.039062962201644763e-02
-9.952840688908534128e-01 -9.243299952946727738e-02 2.942458274202329124e-02
-9.954565603943233976e-01 -8.934415178139715197e-02 3.292267082298951097e-02
-9.959100649467361732e-01 -8.470880603526972918e-02 3.142616820274849593e-02
-9.954207490634784383e-01 -9.048643565288619350e-02 3.081851135879882728e-02
-9.956223393893327556e-01 -8.823287157849338258e-02 3.084089862716044711e-02
-9.957995730877349239e-01 -8.538758708475191472e-02 3.304865527536587910e-02
-9.968754018804538708e-01 -7.363616248699905720e-02 2.858656850321001155e-02
-9.969132732360727056e-01 -7.328428588365495933e-02 2.816704256505768098e-02
-9.973891168087134496e-01 -6.626675615680756304e-02 2.870034693315044044e-02
-9.976952214506211725e-01 -6.031998992718614477e-02 3.107711766415961405e-02
-9.977750816503383469e-01 -5.886120116199552998e-02 3.130956354560350541e-02
-9.979830881177598201e-01 -5.504970793185330613e-02 3.161216265822604926e-02
-9.985417879290334753e-01 -4.797297542177656610e-02 2.475751250705063300e-02
-9.986905974741999703e-01 -4.538649509914646080e-02 2.360507578084792418e-02
-9.988607371202502527e-01 -4.167691264497518783e-02 2.324447890494119040e-02
-9.991675908932112771e-01 -3.484898561244232501e-02 2.120651857508928234e-02
-9.989307215815560470e-01 -3.738498218180363875e-02 2.719962156696235228e-02
-9.992613137562784686e-01 -2.623004782523830070e-02 2.808654981089700117e-02
-9.994162220321496370e-01 -2.304348039631079481e-02 2.522411477659075932e-02
-9.994739800484652159e-01 -1.727807035939316407e-02 2.744584356769625907e-02
-9.994840095728371177e-01 -1.358613202880253404e-02 2.910626185479636696e-02
-9.995459973299227752e-01 -8.666817140561403066e-03 2.885703292655997579e-02
-9.995250199617921050e-01 -2.908974870948514632e-03 3.068086109351918916e-02
-9.995582453007665347e-01 -5.523467452461560193e-04 2.971619194138035852e-02
-9.997123195198238665e-01 5.822942270826416203e-03 2.326831453200160771e-02
-9.996931934297653699e-01 1.086802621399755170e-02 2.225865875601248239e-02
-9.996842577532424334e-01 1.542351619498606718e-02 1.983791274043312028e-02
-9.995882372149454964e-01 1.678289910318755615e-02 2.327516250083086491e-02
-9.993305261898618452e-01 2.923799906186466679e-02 2.199276309508623253e-02
-9.989830897956019085e-01 3.612796966085805861e-02 2.697404635401633513e-02
-9.986161055756616056e-01 4.560309396431128787e-02 2.619684186590867658e-02
-9.984487229839513756e-01 4.653409403755768420e-02 3.057398782763806264e-02
-9.981547014176502808e-01 5.562604756372067222e-02 2.435113562442592014e-02
-9.976488012407611627e-01 6.412583340674762877e-02 2.418242742495914019e-02
-9.973414709180863369e-01 7.017601811870513573e-02 1.963057761011913205e-02
-9.971373486880390491e-01 7.373223878779294749e-02 1.675432556885115415e-02
-9.971745223341259567e-01 7.401003297863539832e-02 1.286583243053418708e-02
-9.969972795883705885e-01 7.651286435509570272e-02 1.192680546303498922e-02
-9.966779711734793379e-01 8.043886642979752866e-02 1.275355544395088275e-02
-9.962553624583456724e-01 8.555696535521481461e-02 1.246198522368392909e-02
-9.957556004677542427e-01 9.149883244796912229e-02 9.939329438152746943e-03
-9.957351668215156382e-01 9.188373882608034948e-02 8.300515966124463046e-03
-9.960344041351817390e-01 8.884673545050748855e-02 4.665393384020395662e-03
-9.952521547954272796e-01 9.731020094056506975e-02 1.978770119476220071e-03
-9.951197268620577407e-01 9.814609876137783684e-02 1.020367512564980192e-02
-9.950507056677676543e-01 9.870764491326307344e-02 1.144274751553444637e-02
-9.951620873250626165e-01 9.769951031479570669e-02 1.035703274897472291e-02
-9.948030476828281232e-01 1.016910471364377427e-01 5.086227916356662881e-03
-9.944663345972299950e-01 1.050445059095981848e-01 1.550339059968647640e-03
-9.945512576855329856e-01 1.042466134694899488e-01 -6.941507682710172655e-04
-9.941149694739599418e-01 1.083025683667118849e-01 -2.454297321222570494e-03
-9.944215775963231030e-01 1.054629412542069100e-01 -1.826594753207413501e-03
-9.942619609435813244e-01 1.066249841715819213e-01 -8.620219494347694869e-03
-9.938006820059459567e-01 1.111491318991474075e-01 -2.473366101134915826e-03
-9.942136704035107186e-01 1.073488177046427045e-01 -3.930850375869390789e-03
-9.941789922511435895e-01 1.077409065620614642e-01 -2.666573281693554107e-04
-9.942342883496007033e-01 1.071032612381963151e-01 -5.207113390620077276e-03
-9.940031688919968023e-01 1.092462122808821046e-01 -4.796673299630405986e-03
-9.939212296506704236e-01 1.096751395870366463e-01 -9.591441688811319644e-03
-9.947462494132366384e-01 1.019754637259619179e-01 -8.997043420817491671e-03
-9.947525963826615580e-01 1.017821968803162697e-01 -1.037781795726325403e-02
-9.953059879355481421e-01 9.587541109742397927e-02 -1.318858735438357965e-02
-9.961221849940152806e-01 8.658452634976840367e-02 -1.561266967583805308e-02
-9.963816838540714427e-01 8.371439098933394773e-02 -1.467936962360985240e-02
-9.967356986658646445e-01 8.006043644790897251e-02 -1.040751899116600793e-02
-9.968878731812278460e-01 7.871213413827408967e-02 -4.360177352187815172e-03
-9.965387972147704554e-01 8.312909549578929858e-02 -1.494615817192916987e-04
-9.964136176010689461e-01 8.461639446855567792e-02 -1.079713623559905636e-04
-9.963918997958650658e-01 8.485061379307867746e-02 -1.896990610070221212e-03
-9.969668370881391573e-01 7.782714395629290738e-02 -3.233444133853419482e-04
-9.969543780450296211e-01 7.789395524859887843e-02 -3.813525866953399596e-03
-9.971262632945726567e-01 7.575080339957192266e-02 -1.036327093951214078e-03
-9.968415877535453662e-01 7.939122178745150471e-02 -1.981400048050397777e-03
-9.971322162794589161e-01 7.562675519120524992e-02 -2.824944529822619611e-03
-9.971547551034166679e-01 7.528283859672198208e-02 -3.864161698569955859e-03
-9.972785577368999954e-01 7.371605697314637107e-02 -1.210108746796097288e-03
-9.972785418274637825e-01 7.371325337137557554e-02 1.381823298122006587e-03
-9.976179309828183683e-01 6.895684125869161463e-02 1.860366070791022799e-03
-9.976181706645320668e-01 6.897743263934509594e-02 -3.774754135814515840e-04
-9.977285160704366662e-01 6.734393959533289953e-02 -1.626400378346400067e-03
-9.978840321242625766e-01 6.501317677665975625e-02 -8.879395746358232158e-04
-9.980515162792440442e-01 6.238985886698224237e-02 -8.482465880879200325e-04
-9.978045507648218848e-01 6.607321561079730621e-02 -4.522367030096199197e-03
-9.978104224164271452e-01 6.589779470842460629e-02 -5.646656011744986825e-03
-9.979165552800394190e-01 6.397700330907418742e-02 -8.338761936847724487e-03
-9.980185210214652658e-01 6.217409882878882632e-02 -9.667282542156353797e-03
-9.979958040369280026e-01 6.238761203689157514e-02 -1.059264874601612699e-02
-9.982412203601301881e-01 5.866492444844633586e-02 -8.540242196875961686e-03
-9.979793197078059563e-01 6.305406820094337783e-02 -7.842515763473832321e-03
-9.978615969585835632e-01 6.520451918339816022e-02 -4.543918688410471945e-03
-9.980057509113249292e-01 6.305057132287805732e-02 -3.031465088621066329e-03
-9.977270051154876196e-01 6.730913520139185369e-02 3.216664594422963697e-03
-9.976024516120286512e-01 6.920307664022856686e-02 -5.710420540397751626e-04
-9.973649611818505845e-01 7.253516441953256066e-02 -1.351843531910308475e-03
-9.972480929341807077e-01 7.398417450427162423e-02 4.756729413945432958e-03
-9.968730526872930930e-01 7.896444111903651308e-02 -2.962577508198941355e-03
-9.969531640487091506e-01 7.776772030647408074e-02 -6.050899626636292543e-03
-9.969705361531905341e-01 7.691126601799259943e-02 -1.159526902138441687e-02
-9.971534693881780598e-01 7.379617792356379935e-02 -1.546369197001300384e-02
-9.976906538012311199e-01 6.637464197861896176e-02 -1.441559266819576572e-02
-9.978371118366590187e-01 6.387623180372695164e-02 -1.552315571620155842e-02
-9.983297116178350139e-01 5.504627444508158191e-02 -1.754245617209712962e-02
-9.985501119206284804e-01 4.988187314079684659e-02 -2.023650220963927118e-02
-9.986123791582333098e-01 4.807481881545504210e-02 -2.149816997548535322e-02
-9.983475962667600623e-01 5.233962137120161395e-02 -2.372096844423848480e-02
-9.983433182376970638e-01 4.958383456341194928e-02 -2.919084888191007116e-02
-9.981026182724228590e-01 5.510999949030076506e-02 -2.746078630752558231e-02
-9.985104803254074568e-01 4.461799339034824147e-02 -3.140221626578319769e-02
-9.986982395262409273e-01 3.914599442594330486e-02 -3.270262066668753326e-02
-9.989051853248911428e-01 3.224967071383065542e-02 -3.388854402093783441e-02
-9.991148936618782228e-01 2.591144474530408109e-02 -3.313714257148733106e-02
-9.988776379661086224e-01 2.936178295015628645e-02 -3.716710875501263306e-02
-9.990549935519674740e-01 2.216281993098040415e-02 -3.738947961231313399e-02
-9.992494803167382145e-01 1.921479713628413202e-02 -3.363497461496552793e-02
-9.993367437191076341e-01 1.440488511640855389e-02 -3.344571406027675026e-02
-9.994783618897928879e-01 7.362351493737446378e-03 -3.144588504421421543e-02
-9.995442860671599483e-01 2.569441632148294213e-03 -3.007759817906451374e-02
-9.995749077710043284e-01 -3.670582622917930270e-03 -2.892359431695494185e-02
-9.994425661478502088e-01 -1.172673489373984856e-02 -3.125835065435163956e-02
-9.993741836639836729e-01 -1.759711509691877854e-02 -3.068593131525268816e-02
-9.994098013231339506e-01 -2.040095992733492042e-02 -2.763862609244822563e-02
-9.992978830114492839e-01 -2.374883070063731755e-02 -2.897892108738349751e-02
-9.993215620598779880e-01 -2.747240680570277316e-02 -2.453010606654560527e-02
-9.993247346360505379e-01 -2.860759190651464973e-02 -2.305914269105684145e-02
-9.991968690520246499e-01 -3.510148515149500575e-02 -1.932734020975748410e-02
-9.989261437572611868e-01 -3.939372133402514742e-02 -2.438724646228897577e-02
-9.990946750021418854e-01 -3.657174710947221768e-02 -2.173433914793147098e-02
-9.992467163199783009e-01 -3.681346702641670465e-02 -1.228057018567423747e-02
-9.988733902552660027e-01 -4.579771480891748486e-02 -1.243235316597021169e-02
-9.988938052739561035e-01 -4.508318317427864597e-02 -1.336847868336909877e-02
-9.986639250698150505e-01 -5.010998398869684345e-02 -1.262529568286506476e-02
-9.984858814161430285e-01 -5.467335058313591706e-02 -6.067379725678694567e-03
-9.984818939927622150e-01 -5.470209292136259810e-02 -6.452297804382938796e-03
-9.986423395679242532e-01 -5.170097299530404533e-02 -6.366377613742858071e-03
-9.981788906401811712e-01 -5.971503277930557962e-02 -8.547571630620589070e-03
-9.984441637916480206e-01 -5.513117068043442426e-02 -8.357610476280075834e-03
-9.985826710195646605e-01 -5.206639493757325016e-02 -1.103555419622820506e-02
-9.986468573630290502e-01 -5.148013110528607689e-02 -7.368460132771266491e-03
-9.986384321027763633e-01 -5.093012455395721366e-02 -1.128929420398548308e-02
-9.986174844493795888e-01 -5.113319769417899036e-02 -1.218850568744880153e-02
-9.989698154460170398e-01 -4.373214111505100560e-02 -1.211822965853164534e-02
-9.989757388203693855e-01 -4.366607651739180113e-02 -1.186553154484731171e-02
-9.988923676037217980e-01 -4.402936715420966568e-02 -1.659809124367046460e-02
-9.988020048064437661e-01 -4.780638288253682977e-02 -1.044742352684260335e-02
-9.988857348180145701e-01 -4.625064376748602019e-02 -9.392041739825034846e-03
-9.990564429508266286e-01 -4.324949294890052809e-02 -3.968496939957686515e-03
-9.987869446645361027e-01 -4.906299181549494959e-02 -4.183995926685299058e-03
-9.988355851481659498e-01 -4.819759412253341035e-02 -2.123581549919529438e-03
-9.988888429062152685e-01 -4.712631502971226932e-02 -4.835250133205645437e-04
-9.989434137412173120e-01 -4.562271838915272354e-02 5.537836750903499076e-03
-9.988670387051762356e-01 -4.720568266161091764e-02 6.025481881784540417e-03
-9.988434075907888232e-01 -4.771172057514953824e-02 5.956740010145519272e-03
-9.987788138678311833e-01 -4.840362839686782742e-02 9.900183941079849365e-03
-9.985261879912148419e-01 -5.388237811363781604e-02 6.495023139562577583e-03
-9.984112404364335891e-01 -5.594121846146073163e-02 6.754194551037091647e-03
-9.985688971816462089e-01 -5.325993629146464486e-02 4.856009555482095758e-03
-9.987334941150446399e-01 -4.987083786601189533e-02 6.659680244900433553e-03
-9.989392177479462509e-01 -4.558835479087988002e-02 6.495015419176711387e-03
-9.990997729212559575e-01 -4.233192052108526032e-02 2.774205420502163545e-03
-9.989150509695706726e-01 -4.650622619137775166e-02 -2.436381669000847391e-03
-9.985740350438691015e-01 -5.288103123226275959e-02 -7.316923194535722083e-03
-9.985333048147589929e-01 -5.381791079487768803e-02 -5.908971531139735334e-03
-9.982813145780359276e-01 -5.713813616618054758e-02 -1.302669624895401099e-02
-9.982653065311947183e-01 -5.731862941455714844e-02 -1.345351084958860792e-02
-9.977379016763860964e-01 -6.509010196990500097e-02 -1.680484642563593103e-02
-9.971638342874379335e-01 -7.276326972690509709e-02 -1.923119822363865070e-02
-9.970034498938356027e-01 -7.564244823432259013e-02 -1.619832406299779107e-02
-9.965390195631093073e-01 -8.139397245818619231e-02 -1.688338038702039828e-02
-9.967593735988793391e-01 -7.828496379674299011e-02 -1.850028032472244427e-02
-9.962276351504159022e-01 -8.479207898448572200e-02 -1.846204455028463767e-02
-9.959090390020041150e-01 -8.832510058933637498e-02 -1.907635825518834774e-02
-9.960892124900250222e-01 -8.722412652385924670e-02 -1.408109861442806768e-02
-9.957714298277884346e-01 -9.147070576408847242e-02 -8.509652206639585145e-03
-9.959908955272709363e-01 -8.943110744395889322e-02 -2.063452568735464447e-03
-9.952505168813061687e-01 -9.715550533234737496e-02 -6.104226632832178076e-03
-9.954581463875604719e-01 -9.517142077441112513e-02 -2.350457513389331721e-03
-9.956212304999850771e-01 -9.333794078177051756e-02 -5.141919343959724421e-03
-9.954164420472798591e-01 -9.554052614942354360e-02 -4.261442574139846610e-03
-9.958082412442036402e-01 -9.145839905117732205e-02 1.163279901919227373e-03
-9.961913465526136546e-01 -8.717996700417020295e-02 -1.581050205162335548e-03
-9.962936032050309088e-01 -8.595661248366291696e-02 -3.249965611439574378e-03
-9.963099699613938709e-01 -8.573866072593715193e-02 3.920607499952769720e-03
-9.963565452975805536e-01 -8.526757763213704822e-02 1.766406329040351268e-03
-9.966991258165395218e-01 -8.114353226498596805e-02 2.573933563162033103e-03
-9.969902893134513500e-01 -7.749662747729733903e-02 2.163584722425541777e-03
