1.000000000000000000e+00 0.000000000000000000e+00 0.000000000000000000e+00
9.999628414672494525e-01 6.819456907895640393e-03 -5.273592725357205413e-03
9.998265557725263264e-01 1.081583573030624190e-02 -1.516168222597504174e-02
9.994497905862826936e-01 1.677542225879163559e-02 -2.861298060714025093e-02
9.990629785367808324e-01 2.507626338764388368e-02 -3.527531189683619922e-02
9.982565768678142160e-01 3.904669122254662839e-02 -4.426246453286807048e-02
9.978118077462211355e-01 4.857450944861578523e-02 -4.485662194416353832e-02
9.968480789274039022e-01 5.910348123396084313e-02 -5.292154287935274537e-02
9.959381073446381683e-01 6.621185040078968187e-02 -6.101869723723580413e-02
9.941781209586778578e-01 8.169691475378679235e-02 -7.025299858351856386e-02
9.930399187355969381e-01 8.893088728409567767e-02 -7.722061368434224304e-02
9.909800685593505021e-01 1.032428844151180025e-01 -8.543663106646297301e-02
9.880436476489752318e-01 1.185507716305895104e-01 -9.856710097147865224e-02
9.830846267075112888e-01 1.423027846583486689e-01 -1.153019864658793026e-01
9.804982386345506562e-01 1.593717964005250398e-01 -1.149949927345424588e-01
9.764556886647717260e-01 1.780134248207567715e-01 -1.218422083860482980e-01
9.708480637205026964e-01 1.995676318990779463e-01 -1.327660130627426049e-01
9.643125920593967892e-01 2.238820014768509725e-01 -1.413438825017424016e-01
9.573550691863876860e-01 2.491164992641020370e-01 -1.463292915720657561e-01
9.483736567225048431e-01 2.753889154821230756e-01 -1.573161609140058259e-01
9.399503153425742275e-01 3.007232549085903650e-01 -1.614278528048912198e-01
9.297002037403253594e-01 3.305362103115115358e-01 -1.624911322435900751e-01
9.219063338471780167e-01 3.513533180594934358e-01 -1.632163621330221526e-01
9.114322802101355592e-01 3.752300656035411075e-01 -1.688005349857707726e-01
8.997628692209017620e-01 4.010778549093836354e-01 -1.719399834495252688e-01
8.876420784878241710e-01 4.235552005399991216e-01 -1.808108361013303911e-01
8.741719217393003616e-01 4.492312442118504556e-01 -1.844309290012053348e-01
8.592280214254289783e-01 4.759900320482939318e-01 -1.875119319040896571e-01
8.441165341819972801e-01 5.033532609645194889e-01 -1.846694311483599305e-01
8.271422178159493210e-01 5.292505478675804120e-01 -1.890228482126547205e-01
8.082261627576394769e-01 5.565196382972659173e-01 -1.925003673326717291e-01
7.886303963135377071e-01 5.831446751072232315e-01 -1.949472131015830556e-01
7.718309861681887929e-01 6.042301750252819792e-01 -1.979465953846909487e-01
7.495581478641309969e-01 6.307278681487024086e-01 -2.008605746471616715e-01
7.245741409632343588e-01 6.576638947415657244e-01 -2.060838361498054105e-01
6.973991482501140649e-01 6.849112288476659760e-01 -2.110238604292394016e-01
6.723123860834983034e-01 7.081117171950824796e-01 -2.158098381460145931e-01
6.524790555311125173e-01 7.267942222055708834e-01 -2.145723078356359670e-01
6.257110414101123563e-01 7.509068863269114935e-01 -2.112452950357109338e-01
5.993540030041857314e-01 7.708292844898149143e-01 -2.158634475487634652e-01
5.700923827441933822e-01 7.919484828944796106e-01 -2.186602632623903530e-01
5.387764611604394238e-01 8.138873535544423055e-01 -2.175024944134518468e-01
5.107510924185443280e-01 8.326178584682973893e-01 -2.141981720941069922e-01
4.841055748223106470e-01 8.474822617176018813e-01 -2.177513303232423703e-01
4.558226997235899636e-01 8.631653090219338909e-01 -2.171896610309102527e-01
4.283539759672790881e-01 8.765695991655481079e-01 -2.194052008400746157e-01
3.948412319409672078e-01 8.927463620868928418e-01 -2.170354059349642595e-01
3.630385522638957529e-01 9.066231191932092592e-01 -2.150292126460446596e-01
3.333412438779784770e-01 9.175071824082958738e-01 -2.169428921638361651e-01
2.970258951057294650e-01 9.290655242593250929e-01 -2.204833383320632112e-01
2.622934295484847800e-01 9.403170915083575165e-01 -2.168085722268291438e-01
2.347648511204377952e-01 9.466435337725750410e-01 -2.207974581921672563e-01
2.047222988074143546e-01 9.532083704288160098e-01 -2.224468830484871984e-01
1.726450409449875045e-01 9.587804463098986707e-01 -2.256851319176672865e-01
1.387129669074779748e-01 9.643439221992318178e-01 -2.253875453747804791e-01
1.085297862274180042e-01 9.692658807438548907e-01 -2.207826327139109091e-01
7.612484280763723299e-02 9.714116232489502512e-01 -2.248655139652954993e-01
4.213187437686876508e-02 9.730391885028623067e-01 -2.267590697201833372e-01
1.058802928176603986e-02 9.736439503031064646e-01 -2.278275325086164815e-01
-2.236755436513571116e-02 9.748620147705188144e-01 -2.216839595009943431e-01
-6.009752927161594871e-02 9.728388609139294596e-01 -2.235461271278013640e-01
-9.539002385966116604e-02 9.710306251821330115e-01 -2.190897106669141559e-01
-1.307974308831970078e-01 9.680453407277386235e-01 -2.139632758305388682e-01
-1.616189468435944576e-01 9.635898049075495297e-01 -2.130118227636397799e-01
-1.941120820007339598e-01 9.567495700916702761e-01 -2.166813161592529013e-01
-2.224737214403189611e-01 9.519679041226039029e-01 -2.103867531615414843e-01
-2.553402571138576604e-01 9.437260331644683475e-01 -2.101964806640485017e-01
-2.816054464766936660e-01 9.368763052476180020e-01 -2.072708231922693323e-01
-3.097773778940847711e-01 9.276871049627561927e-01 -2.084097991512990355e-01
-3.383661309612028822e-01 9.185420896824122439e-01 -2.044231472388723936e-01
-3.676820774235909361e-01 9.076884998592654741e-01 -2.022659371887055024e-01
-3.979089571155049465e-01 8.955500652392311967e-01 -1.991446080411591324e-01
-4.204340501980727840e-01 8.857438259193045615e-01 -1.967056602932863718e-01
-4.497600415440211608e-01 8.716994130734444512e-01 -1.945663648303069815e-01
-4.742813196550528798e-01 8.588539008245585915e-01 -1.934612074855096842e-01
-4.991070964829188994e-01 8.463940202296098558e-01 -1.857667882282501293e-01
-5.182555334296262695e-01 8.359274944761057036e-01 -1.806556294456946876e-01
-5.420935967348594620e-01 8.204738132107637361e-01 -1.815414128972974994e-01
-5.643509671300421804e-01 8.053247142481060328e-01 -1.815492244374922182e-01
-5.843164072039642720e-01 7.905982463916199077e-01 -1.831086556035539381e-01
-6.061977498441954992e-01 7.743034921513354263e-01 -1.815996165206299751e-01
-6.285750191077484894e-01 7.556468821617069453e-01 -1.840958065458934700e-01
-6.477321423138523437e-01 7.400418706183087281e-01 -1.810556054351039612e-01
-6.669407604042184579e-01 7.228380872583640704e-01 -1.808180090313275812e-01
-6.849234821090020020e-01 7.068835161264940270e-01 -1.766226159733740864e-01
-7.011037871960418277e-01 6.916505208539925897e-01 -1.734158779615561641e-01
-7.159776395067839472e-01 6.764576614883762717e-01 -1.725719618940265432e-01
-7.334405711304106124e-01 6.580186246433739061e-01 -1.705181751793961586e-01
-7.538772951665113631e-01 6.368148897638106209e-01 -1.616658549835824354e-01
-7.682783649473050591e-01 6.202433856205912255e-01 -1.582609392862107667e-01
-7.801448163062212338e-01 6.070695970787014506e-01 -1.511310622657338065e-01
-7.953740127390349635e-01 5.875982258016005932e-01 -1.486893833648155749e-01
-8.057098093537407024e-01 5.724862487470314676e-01 -1.519579746203078285e-01
-8.154745090384737383e-01 5.594681616557960480e-01 -1.483129428044126230e-01
-8.257033039689241072e-01 5.460399944124952887e-01 -1.416135809856245986e-01
-8.374565061476841876e-01 5.296677249666505993e-01 -1.346058296598050541e-01
-8.474461790365298564e-01 5.157098818540905016e-01 -1.260092018658632851e-01
-8.588274722772462066e-01 4.963243212051747233e-01 -1.267973530663201176e-01
-8.690673844334204645e-01 4.790660032822363634e-01 -1.233599315452954398e-01
-8.783259569052326299e-01 4.646400409676073595e-01 -1.124863102966195127e-01
-8.851809906544890749e-01 4.522229864631887586e-01 -1.093115180939788211e-01
-8.912533931130728337e-01 4.408474116796552988e-01 -1.064000586311921737e-01
-8.994656671980526541e-01 4.242689037558520226e-01 -1.046777640068797810e-01
-9.069350301742461484e-01 4.055576394179359334e-01 -1.139819128832588874e-01
-9.152329215767943671e-01 3.866476754624260659e-01 -1.133679786232436315e-01
-9.219310975650598650e-01 3.678024636126260849e-01 -1.215089472337691073e-01
-9.281478625674504102e-01 3.527464835917889507e-01 -1.187917858407893795e-01
-9.355300706748639339e-01 3.305999476724343356e-01 -1.244475274691574651e-01
-9.413055719481308037e-01 3.125605175718702555e-01 -1.274745819744798336e-01
-9.466675388513142719e-01 2.947741911819070082e-01 -1.301106197557245769e-01
-9.521098877316702680e-01 2.766879210367931829e-01 -1.301175711271903568e-01
-9.556936012265005997e-01 2.611846167581111655e-01 -1.357658390602734522e-01
-9.607835531215271896e-01 2.423438079778217902e-01 -1.347756254230413342e-01
-9.664427104034170046e-01 2.200057512603108001e-01 -1.326121522928626340e-01
-9.696208971872596338e-01 2.037842796482028929e-01 -1.353045058590565397e-01
-9.729326461396884396e-01 1.881653886394364095e-01 -1.341487184616645123e-01
-9.760716081694078561e-01 1.695360522335917774e-01 -1.361681641729229619e-01
-9.787595426233046680e-01 1.500180076726540801e-01 -1.397296739790613029e-01
-9.806283467036092105e-01 1.323857875598375144e-01 -1.443678505949069213e-01
-9.833183607178391794e-01 1.072091720539504189e-01 -1.469395216407202720e-01
-9.854016774796344746e-01 8.592215507557020293e-02 -1.469726008875922307e-01
-9.858916487331041978e-01 6.601459707129563037e-02 -1.538172904992345935e-01
-9.886404943686618596e-01 4.083205168785167261e-02 -1.446469637933517349e-01
-9.901091527600476283e-01 2.240510948140732317e-02 -1.384987504558460314e-01
-9.918399737636567348e-01 5.601912702315449410e-03 -1.273660533554862861e-01
-9.929263685431369835e-01 -9.106526701653251329e-03 -1.183821084620063357e-01
-9.934184257243228178e-01 -2.267329189139807855e-02 -1.122754582575504895e-01
-9.942012458517570650e-01 -3.990245412729222230e-02 -9.985839566481259644e-02
-9.949688181709412937e-01 -4.854289423395960479e-02 -8.763937641590770211e-02
-9.955865634396855457e-01 -5.412576290580155963e-02 -7.666692739447968086e-02
-9.959073504799501597e-01 -6.088562726915318357e-02 -6.679453849570746171e-02
-9.960591425011383615e-01 -6.847531583522237231e-02 -5.636786362562834496e-02
-9.964152524863744143e-01 -7.068103458538070594e-02 -4.648501090858785101e-02
-9.960612135562704195e-01 -8.092859527734143354e-02 -3.623039315915290576e-02
-9.957771915684566766e-01 -8.646140002425975468e-02 -3.085824220566072557e-02
-9.957690635019468273e-01 -8.901996480411318580e-02 -2.279118274271978162e-02
-9.956045540032061325e-01 -9.240306501868379707e-02 -1.527303492094774992e-02
-9.951120343975020655e-01 -9.799205055540027853e-02 -1.223180258555874728e-02
-9.954639604736975622e-01 -9.510907741914241542e-02 -2.405609953915843410e-03
-9.959456005557240088e-01 -8.992215249774974939e-02 -2.527328940516240970e-03
-9.958428966691540429e-01 -9.107572572964074686e-02 1.468836829966036275e-03
-9.962245729786733950e-01 -8.579476687025482107e-02 1.326192384415424662e-02
-9.965146596495632059e-01 -8.198012878148107363e-02 1.542115795466243028e-02
-9.961260513761824864e-01 -8.698846347487436403e-02 1.288090300516797106e-02
-9.965823599679395350e-01 -8.149275279617666790e-02 1.351117039373380541e-02
-9.963916177308631550e-01 -8.321646151977588057e-02 1.669686430913200348e-02
-9.970171576125717028e-01 -7.606426817556885545e-02 1.307803304120677516e-02
-9.972910548922752083e-01 -7.314155231937573276e-02 7.802916786317377548e-03
-9.976162309050691235e-01 -6.726359915224625063e-02 1.541053782723622936e-02
-9.975759363476207620e-01 -6.699408749997175228e-02 1.881659079248649072e-02
-9.977549805677178307e-01 -6.322092307084978269e-02 2.209376261290743951e-02
-9.982878868358947555e-01 -5.544254254943586230e-02 1.863974207611109393e-02
-9.981626111651987765e-01 -5.644017206326228803e-02 2.204380069660187916e-02
-9.985280253749635460e-01 -4.953445888171713329e-02 2.209390018646916615e-02
-9.986383573689180393e-01 -4.741043736083992016e-02 2.176469885695146364e-02
-9.988348800637598668e-01 -4.293020868559976194e-02 2.204314074045887750e-02
-9.989940198069472421e-01 -3.904646511692449334e-02 2.205317336735972134e-02
-9.991980643612508040e-01 -3.530704270996795624e-02 1.888547949679654503e-02
-9.989910986652111857e-01 -3.902278204810296497e-02 2.222673272789493087e-02
-9.988263587824302014e-01 -3.997282625373234366e-02 2.735139093001463448e-02
-9.988952770056208630e-01 -3.725876256740489473e-02 2.863617715253564955e-02
-9.987993230718096305e-01 -3.665245962509318389e-02 3.250430621621996918e-02
-9.989868464341694621e-01 -2.996377667104941842e-02 3.357786852657575899e-02
-9.990804659314486136e-01 -2.590125104359782340e-02 3.416677205177108545e-02
-9.993896961947514868e-01 -1.673658417727715703e-02 3.066174186190076187e-02
-9.994586524301740660e-01 -1.342546716485939692e-02 3.003630194935687919e-02
-9.996120984021871214e-01 -1.161826130692431708e-02 2.531183997367653440e-02
-9.997064656169791785e-01 -4.730831789119034451e-03 2.376178265041950857e-02
-9.997430298940446214e-01 -2.061078229347232654e-03 2.257535407523354742e-02
-9.998295355214309454e-01 -4.561051494590011302e-03 1.789182068496541003e-02
-9.998149060664359711e-01 1.404943553553658284e-03 1.918854714276397450e-02
-9.997408215305845225e-01 8.046812715509332747e-03 2.129693101455531340e-02
-9.995967305659659852e-01 1.508053078328129223e-02 2.406188963019762969e-02
-9.995901004914666821e-01 1.885910603249646780e-02 2.154032861019029854e-02
-9.995701966988873588e-01 1.829056584933037508e-02 2.291064608964979085e-02
-9.995735452203724503e-01 1.488190265749845045e-02 2.512523102140466758e-02
-9.994013392898959403e-01 1.775580220003462537e-02 2.969368957117632726e-02
-9.993718663328092777e-01 1.870548198419976979e-02 3.009980758029667108e-02
-9.992576991861491509e-01 2.380936847509267096e-02 3.028506711510802266e-02
-9.992240895104657072e-01 2.817193933356531774e-02 2.752419699525938609e-02
-9.990780693313207061e-01 3.291602364005511566e-02 2.756025061307348922e-02
-9.987683085678809025e-01 4.073440979142235741e-02 2.833009576890546319e-02
-9.985317346625686152e-01 4.572192266252214643e-02 2.904998051844328785e-02
-9.986079982188025284e-01 4.503191442258986515e-02 2.746294405376058234e-02
-9.985257940631649953e-01 4.856706703440290956e-02 2.423838321231168436e-02
-9.981156571455369608e-01 5.431239772688054024e-02 2.855379543650189700e-02
-9.980152731640354880e-01 5.809941551291405298e-02 2.428977603643830280e-02
-9.978374411110181308e-01 6.142891478100845348e-02 2.338696905281038851e-02
-9.976113153417920376e-01 6.663757178453220964e-02 1.819665259565095977e-02
-9.973103148429758313e-01 7.069532914511368615e-02 1.934753223977492970e-02
-9.975416823856819715e-01 6.845510019086122055e-02 1.498372146091452722e-02
-9.974417195510797418e-01 6.821948223230832331e-02 2.135741418468530342e-02
-9.972901901948925119e-01 7.013272611323478900e-02 2.221931767996747700e-02
-9.970411416448293762e-01 7.320472249613456384e-02 2.345317258508272662e-02
-9.967717915231374404e-01 7.851546628519610882e-02 1.677312802052538174e-02
-9.968727590704953290e-01 7.775910735880980917e-02 1.407991838373786816e-02
-9.971730636097734246e-01 7.460555553166732523e-02 8.939408889980772488e-03
-9.971524468433831112e-01 7.476013396802573541e-02 9.896507544018558200e-03
-9.972871881769967972e-01 7.285285299214898369e-02 1.052363243944456732e-02
-9.965944925090298723e-01 8.221294926854200158e-02 6.361521488707467045e-03
-9.963446642519021568e-01 8.478863241707434995e-02 1.040280639605932825e-02
-9.959359103689426895e-01 8.957005515519901595e-02 9.428053290701950834e-03
-9.957489529589630406e-01 9.171508866127481285e-02 8.507979832092161382e-03
-9.953575131185778968e-01 9.576065066558719918e-02 9.661233568907101957e-03
-9.957667346450567170e-01 9.179143061076100452e-02 4.792093485699433671e-03
-9.954658570278468455e-01 9.501781496000999416e-02 4.400345449827350666e-03
-9.958711910502815456e-01 9.077633726330701369e-02 4.982513113199705732e-04
-9.957899157554749303e-01 9.165542369182029525e-02 1.322051066245050980e-03
-9.952851883918494291e-01 9.696901305983690600e-02 2.103596476009543526e-03
-9.962270377079316397e-01 8.678517728048677771e-02 -2.082585121572816562e-04
-9.961851764996918490e-01 8.725859055877216441e-02 1.026415502008799470e-03
-9.959670954739064941e-01 8.971740102658345983e-02 -5.947259369733983326e-04
-9.963732474664201977e-01 8.483806166471709320e-02 -6.548002036328935335e-03
-9.969387577242244669e-01 7.804431895615725201e-02 -4.713687622597638634e-03
-9.963225083010781580e-01 8.566805222733407665e-02 -1.570230993387110134e-03
-9.963491908424386700e-01 8.536605499152265242e-02 -9.736049536568574603e-04
-9.959334651984385056e-01 9.009015996321048658e-02 -5.633093263695326466e-04
-9.958901695216090255e-01 9.056454730546187326e-02 9.243201855533699374e-04
-9.955960462990212090e-01 9.374680616919948972e-02 2.650538033140315171e-04
-9.952826112811357095e-01 9.700306746425219062e-02 1.717538395239017520e-03
-9.953925307229933850e-01 9.580662969722741895e-02 3.849783033407732161e-03
-9.956302333336328747e-01 9.322208121017454274e-02 5.486655139366945939e-03
-9.958150428117403807e-01 9.134430486542749472e-02 2.939364797474997362e-03
-9.959880613398990334e-01 8.944400267585257691e-02 2.751988793895649658e-03
-9.956556382542539607e-01 9.304395027603167001e-02 3.562966881031569624e-03
-9.954811676170217671e-01 9.495925941931383785e-02 -7.304993820749167491e-05
-9.957468121749640799e-01 9.212993004076287795e-02 6.191808758452836594e-04
-9.955676996375102394e-01 9.403802521292173311e-02 1.351522385898699464e-03
-9.954058989628286058e-01 9.569186928891773580e-02 3.191214936477336159e-03
-9.947396964672204911e-01 1.022129951034017048e-01 6.742518091668296513e-03
-9.943239027637845728e-01 1.063274963685138935e-01 3.802825062015000469e-03
-9.940390112935962863e-01 1.088787062703278630e-01 5.647384049080697056e-03
-9.940983497642610356e-01 1.083003687817981758e-01 6.286709404520958965e-03
-9.943041223690195496e-01 1.063793759036761460e-01 6.539282626492663730e-03
-9.933296239516348214e-01 1.152034248174299003e-01 4.944762425587031877e-03
-9.929797669197965027e-01 1.181834233615226687e-01 4.886973969097758823e-03
-9.928763723134084174e-01 1.188701781691606923e-01 8.149334720503234597e-03
-9.926100839447085100e-01 1.213454147460463206e-01 7.300934071504958447e-04
-9.925654643557817458e-01 1.217067122664953899e-01 1.138693442276065464e-03
-9.928365312255267305e-01 1.194606589601857616e-01 2.189676463495540768e-03
-9.924326940803059882e-01 1.225857906656473845e-01 7.077656813873338393e-03
-9.925479605753684265e-01 1.216246273010890278e-01 7.484488549194053160e-03
-9.924790142463191245e-01 1.220386433958703387e-01 9.591526773795589628e-03
-9.930248905612552024e-01 1.174959896010649568e-01 9.812274643820886530e-03
-9.918887869661626722e-01 1.263668479356831742e-01 1.371407903731453048e-02
-9.915481429016546056e-01 1.291007138510136265e-01 1.285721207423979294e-02
-9.916864921831095581e-01 1.282598942993811719e-01 1.035966499657439005e-02
-9.910499041531899422e-01 1.333595775531179473e-01 5.944112676097005298e-03
-9.911188013334593094e-01 1.326143842028960351e-01 9.847266741595465944e-03
-9.908557625704472738e-01 1.346786150736749288e-01 8.157838706611656929e-03
-9.910537609721895569e-01 1.333179878204530933e-01 6.227272850200520939e-03
-9.905235875129216883e-01 1.371930761891663464e-01 6.411269391340140671e-03
-9.908100165664773806e-01 1.352486888615706262e-01 1.823522253577492501e-03
-9.899840951648505305e-01 1.411738780151605699e-01 1.203939657475984470e-03
-9.896176532701959072e-01 1.437130606224497897e-01 1.865085500294678782e-03
-9.903104164237361839e-01 1.388701285024076248e-01 -6.233485942456653932e-04
-9.894236743330794281e-01 1.450516069496867455e-01 9.198345484209607872e-04
-9.892429477817826777e-01 1.462175022602549279e-01 4.342169174665177177e-03
-9.897670971118412986e-01 1.425811632502731741e-01 5.632714847926953081e-03
-9.899932611412470829e-01 1.410886637708997360e-01 2.711826244244479756e-03
-9.904115417321950332e-01 1.381290445411455514e-01 2.316725682024805937e-03
-9.902779887104460332e-01 1.391025736762048493e-01 3.523669296049986716e-05
-9.906574163786177056e-01 1.363644768169890997e-01 1.623266775408707023e-03
-9.906825689835397908e-01 1.361885724187409108e-01 8.616350198630504673e-04
-9.907253937345501527e-01 1.357955762102640018e-01 -4.772619426244541913e-03
-9.907024837083302504e-01 1.359746726325929134e-01 -4.415810440687391140e-03
-9.907971784867002363e-01 1.353494154091870738e-01 -1.228434399002073171e-03
-9.904247981123234235e-01 1.379264902727186104e-01 -5.918171041745533961e-03
-9.904655285036224610e-01 1.375577482006371532e-01 -7.478298272117744547e-03
-9.905712157893441505e-01 1.368262593252165815e-01 -6.874837891777395814e-03
-9.911551072827740061e-01 1.323156966138383517e-01 -1.020450713998504941e-02
-9.905923314738420693e-01 1.365412293733966609e-01 -9.129499290635313680e-03
-9.899284488935375936e-01 1.414257590022960920e-01 -6.359487906426567957e-03
-9.900763577956986916e-01 1.400695903993417479e-01 -1.137268509719811284e-02
-9.907397180552344196e-01 1.356501413282237833e-01 -5.820003568854079969e-03
-9.899874981626075598e-01 1.407185112497877366e-01 -1.109397290471528762e-02
-9.905324062685458841e-01 1.366957717572960807e-01 -1.264279871326556143e-02
-9.905776247259814316e-01 1.365212222346769977e-01 -1.086036443839444830e-02
-9.903002131227360838e-01 1.383073508647219563e-01 -1.328859585767870610e-02
-9.908759937323301514e-01 1.339030205754560277e-01 -1.532215202606539324e-02
-9.916832185369522934e-01 1.274252090314359209e-01 -1.808956625577674837e-02
-9.919958046534427254e-01 1.236356769815236123e-01 -2.566252756072866931e-02
-9.924595422307914694e-01 1.187639603437423835e-01 -3.031833219477075500e-02
-9.929140427149630854e-01 1.140827189514151963e-01 -3.326950017437627083e-02
-9.934720707119076843e-01 1.092126571818518577e-01 -3.295243305160784619e-02
-9.937277386846234961e-01 1.067187011735625524e-01 -3.341141738884665507e-02
-9.938758753889790354e-01 1.022868813749913675e-01 -4.181101573855001974e-02
-9.948766749961091005e-01 9.340975139954030282e-02 -3.866578197757875729e-02
-9.954927100711262744e-01 8.640989000333754166e-02 -3.908475314750685381e-02
-9.956001593483889689e-01 8.550386678169435983e-02 -3.833320088180625085e-02
-9.958755998471875426e-01 7.977585124411656903e-02 -4.321603935658398232e-02
-9.964126607740488861e-01 6.961439634956580191e-02 -4.812139225522737984e-02
-9.970455696504791909e-01 6.093295542770297418e-02 -4.676889992007344371e-02
-9.971761643203690406e-01 5.580674348997888279e-02 -5.025263946303456380e-02
-9.969507795372563042e-01 4.766008288590789510e-02 -6.178740512023092601e-02
-9.970428704258907926e-01 3.503456300862603512e-02 -6.839677107344736828e-02
-9.970981510635733569e-01 2.873472861624618013e-02 -7.049551012788085602e-02
-9.975188614878237603e-01 1.602954975909118632e-02 -6.855070124564986711e-02
-9.976539056727083965e-01 4.988436319199530261e-03 -6.827755208215620375e-02
-9.976624663176304475e-01 -1.252936679305618334e-04 -6.833455732144834427e-02
-9.973616934768373410e-01 -9.099126062024613659e-03 -7.202001455666770524e-02
-9.973257875754756308e-01 -2.131107559978406146e-02 -6.990805141795049249e-02
-9.969448583068191150e-01 -2.890886611389852784e-02 -7.256205036012430831e-02
-9.967893218574117586e-01 -3.803606316096072582e-02 -7.045800091455267644e-02
-9.962411828691728477e-01 -5.110863306802052031e-02 -6.993881117918100687e-02
-9.958288756091606686e-01 -6.105493027031028835e-02 -6.780243319388641610e-02
-9.953474958319425969e-01 -6.593830155261677650e-02 -7.025330578583637020e-02
-9.948475303397438241e-01 -7.558367186260689374e-02 -6.756866074994208327e-02
-9.942260414955388370e-01 -8.402083558886776216e-02 -6.674654716581100711e-02
-9.932652479675722068e-01 -9.597937194257120941e-02 -6.490093353822758149e-02
-9.927265782471741407e-01 -1.022316347102629475e-01 -6.358189573027472896e-02
-9.924370784845318871e-01 -1.050291074810690561e-01 -6.354176255661350692e-02
-9.915190182896687077e-01 -1.162381211760813438e-01 -5.812709546718979742e-02
-9.902085776708869913e-01 -1.273639473730976968e-01 -5.714386474287218298e-02
-9.894029125454640861e-01 -1.330707516058355355e-01 -5.808679177685630024e-02
-9.890355370239629629e-01 -1.364506495399133712e-01 -5.647964568341428543e-02
-9.876745146896742655e-01 -1.459063504405134215e-01 -5.666051169076238847e-02
-9.862880343438916730e-01 -1.551711219241794781e-01 -5.619483823957246299e-02
-9.849273415971190326e-01 -1.628126013599233146e-01 -5.839702355469922335e-02
-9.836668753892398032e-01 -1.707036063202931053e-01 -5.709449011659597367e-02
-9.833291142397280193e-01 -1.721410681183372926e-01 -5.857755135130648244e-02
-9.818072263557711121e-01 -1.796595913073142925e-01 -6.145750858127830424e-02
-9.803076025512101888e-01 -1.882849777427121063e-01 -5.954658078365519802e-02
-9.783709938768762049e-01 -1.993273860166399625e-01 -5.530655178090907592e-02
-9.763232405170587658e-01 -2.090831655403278533e-01 -5.547236309612798427e-02
-9.742357803166981078e-01 -2.191834814439957979e-01 -5.313444140887016442e-02
-9.730393050321622939e-01 -2.248383202780621093e-01 -5.140295347723393415e-02
-9.717970128809595431e-01 -2.318068779110102340e-01 -4.331466246495010303e-02
-9.704599320572385723e-01 -2.375890731878746442e-01 -4.194014106936546499e-02
-9.695278274445553457e-01 -2.426147775579053922e-01 -3.396887002743882722e-02
-9.670144517215476521e-01 -2.527642855324197524e-01 -3.151648342475801834e-02
-9.648728139202779053e-01 -2.616376965902660889e-01 -2.379477092648202979e-02
-9.641989884130359734e-01 -2.640812172857792128e-01 -2.411314719766497611e-02
-9.635758190457206496e-01 -2.665021978466882713e-01 -2.232133354055327451e-02
-9.630747645804517143e-01 -2.684354964998460491e-01 -2.072207695395677021e-02
-9.636493271959625240e-01 -2.663644007057247021e-01 -2.073650542752630138e-02
-9.626436129689115440e-01 -2.700813820488640049e-01 -1.932210838587383045e-02
-9.624158604267217809e-01 -2.712245179963289066e-01 -1.389225781854379338e-02
-9.611915591155759664e-01 -2.756155682044668098e-01 -1.211889321694498839e-02
-9.598011707135936099e-01 -2.801897900268149888e-01 -1.659568440353728636e-02
-9.592272512555072295e-01 -2.822558331729076442e-01 -1.465426678717453475e-02
-9.578355459186733700e-01 -2.871660717132955010e-01 -9.313240918475476637e-03
-9.565711145921829139e-01 -2.912276784946761787e-01 -1.257633730683687008e-02
-9.572026643792604927e-01 -2.893247532556607604e-01 -7.366736935323940291e-03
-9.579388696561819128e-01 -2.867605757658834853e-01 -1.102345069343116553e-02
-9.568462014456454723e-01 -2.901249572725839720e-01 -1.651902976532100900e-02
-9.554640373562328648e-01 -2.945635547554185107e-01 -1.791111333934277197e-02
-9.553932892834458013e-01 -2.950863172025365855e-01 -1.215527222264458848e-02
-9.558570024368259199e-01 -2.935705198139641481e-01 -1.240013052988785808e-02
-9.560106529364833516e-01 -2.933199568582162686e-01 -2.656487399448983350e-03
-9.567221464799351427e-01 -2.909393848774929903e-01 -6.085332085186741929e-03
-9.558296156278901501e-01 -2.939108255598998909e-01 -2.488976811614377217e-03
-9.553693019860756142e-01 -2.954103333762429506e-01 1.501416123183915100e-03
-9.556833064464382854e-01 -2.943721633062597598e-01 3.803916052479571538e-03
-9.563407197783160285e-01 -2.921837205018645856e-01 6.412778896893238552e-03
-9.573238514833362078e-01 -2.887368244346551482e-01 1.273233518683526862e-02
-9.581561643657651173e-01 -2.859303350843279690e-01 1.343990047596842208e-02
-9.611410960644494184e-01 -2.755981131774968285e-01 1.592157282134311347e-02
-9.626400158320511657e-01 -2.700246003051192667e-01 2.027161726055069779e-02
-9.643564219878997257e-01 -2.639410767684014503e-01 1.875693545871459297e-02
-9.660674576270931180e-01 -2.578352167789272342e-01 1.531964276887054846e-02
-9.663436321284400998e-01 -2.567126422143553577e-01 1.669212792449088073e-02
-9.671721588892059351e-01 -2.530495389586435717e-01 2.332314549144211963e-02
-9.675789890365306123e-01 -2.507320754958587972e-01 3.040311845659768308e-02
-9.680602695472743102e-01 -2.482689359316646027e-01 3.495530528462977710e-02
-9.697940253077208528e-01 -2.407238304768310744e-01 3.939047402384309587e-02
-9.716045229520233750e-01 -2.339180463266237464e-01 3.559525057987951435e-02
-9.733733877172403570e-01 -2.259980768768153903e-01 3.832937276479125160e-02
-9.753339683021809980e-01 -2.162593764574591015e-01 4.422166926244915086e-02
-9.767902816853515358e-01 -2.101208360498714456e-01 4.159331010114918070e-02
-9.772476205183362463e-01 -2.087463531290695562e-01 3.757754412126144278e-02
-9.767094486981777735e-01 -2.117703251369279505e-01 3.452543829520653140e-02
-9.782053402662156394e-01 -2.054362889777840429e-01 3.017062975491138430e-02
-9.791646558389587307e-01 -2.012652059788160308e-01 2.699846284523858483e-02
-9.796578460405011013e-01 -1.987982560304253910e-01 2.738213780040150633e-02
-9.800648008312606851e-01 -1.961907973817599848e-01 3.133976144291908406e-02
-9.809198395810952986e-01 -1.916985919274751815e-01 3.237192665499954991e-02
-9.814495861220001727e-01 -1.881693548753343714e-01 3.672910819920373326e-02
-9.825421849705828770e-01 -1.811564905264263781e-01 4.234624613051580361e-02
-9.836633169330883941e-01 -1.746082049801755409e-01 4.380042944057697257e-02
-9.840557502571493087e-01 -1.723321738387890989e-01 4.399916127243218983e-02
-9.840070643134021244e-01 -1.712666915616381236e-01 4.896776239595377472e-02
-9.858787860364961464e-01 -1.599737041716053354e-01 4.951219348479437427e-02
-9.871586553735013370e-01 -1.503214992084317969e-01 5.404868616337121789e-02
-9.886630076730767991e-01 -1.417794633825376072e-01 4.943748930785686613e-02
-9.900547234965532128e-01 -1.331687182291491356e-01 4.536254937823612499e-02
-9.912396821543809633e-01 -1.248957061796935053e-01 4.295321729818081524e-02
-9.919676433502582213e-01 -1.175586248096714692e-01 4.669248470951693764e-02
-9.928781247578130076e-01 -1.091830848771514623e-01 4.766662647241918377e-02
-9.938391633854317675e-01 -9.841849218580606129e-02 5.096608445470923038e-02
-9.943713255213386670e-01 -9.189300122781753066e-02 5.273867117401561527e-02
-9.948494245473410436e-01 -8.509351018123281762e-02 5.507940866927007323e-02
-9.953067324967264096e-01 -7.803814838499141537e-02 5.722394610860984804e-02
-9.959842776817029453e-01 -7.261404600777907059e-02 5.236929748517286237e-02
-9.965886900493147182e-01 -6.507748108303139378e-02 5.075360769380684450e-02
-9.970208528244389745e-01 -5.469997000631195150e-02 5.438158724332575744e-02
-9.974615439851124421e-01 -5.101821506862553451e-02 4.967529203421400946e-02
-9.976415503399838069e-01 -4.534866533648384407e-02 5.152533653858269724e-02
-9.979802739410655876e-01 -3.594473939260995482e-02 5.237722179836393904e-02
-9.981043441488816059e-01 -3.071533962035363080e-02 5.333208166721262189e-02
-9.983058528645671892e-01 -2.163761313587619917e-02 5.401169022070290843e-02
-9.987726685320794662e-01 -9.320221389415057553e-03 4.864478385053854631e-02
-9.988982673743018736e-01 -4.657706073153593598e-03 4.669670261050786614e-02
-9.988510133134421709e-01 4.751461327677706376e-03 4.768754216081618619e-02
-9.987781086819244036e-01 1.452711212386447598e-02 4.723639944575700605e-02
-9.983810066110450077e-01 1.903856982670083450e-02 5.359965995318270032e-02
-9.981393341784406958e-01 2.807308438795091260e-02 5.412759530076099307e-02
-9.978778229760867369e-01 4.021232550422612628e-02 5.121371146279737885e-02
-9.976093005171832173e-01 4.669245540377733872e-02 5.094627636531488812e-02
-9.973740926106396953e-01 5.076670008686358371e-02 5.164965165683483433e-02
-9.969269875942403658e-01 5.750933508680709794e-02 5.319100292840544392e-02
-9.966941015752501798e-01 6.244190615665555499e-02 5.197981557858594864e-02
-9.961586083400223446e-01 7.222959748672796998e-02 4.950693973028404832e-02
-9.962959302894222047e-01 7.022348046185840353e-02 4.962969759477867809e-02
-9.957782166264049772e-01 7.597898449060669357e-02 5.150691318134632823e-02
-9.949827836602325171e-01 8.552411301000859001e-02 5.191253420291083026e-02
-9.948757432094734732e-01 8.794105498436197155e-02 4.988638381849102438e-02
-9.939245473802867936e-01 9.817007407484039383e-02 4.976600778433989958e-02
-9.932745306290867715e-01 1.029521334191331600e-01 5.297725900897563150e-02
-9.933868193557564563e-01 1.053161264426313998e-01 4.572926204236738013e-02
-9.924880181408275437e-01 1.130129095929015975e-01 4.685766679507571975e-02
-9.912722654214705109e-01 1.235776382340153107e-01 4.591174025434327510e-02
-9.902966511201969357e-01 1.319093281697920894e-01 4.373209934216108069e-02
-9.893257632932078716e-01 1.399492038423420237e-01 4.060515858785499616e-02
-9.876291059372759307e-01 1.510812783197989506e-01 4.199072549628005135e-02
-9.867149009269906568e-01 1.575812526272028780e-01 3.952059805204663490e-02
-9.853002896758658036e-01 1.652199179880674551e-01 4.342513945859964586e-02
-9.833706988666479631e-01 1.766767290489286990e-01 4.204077594437950760e-02
-9.817033476146024285e-01 1.872973439201116030e-01 3.432588886466857170e-02
-9.809028369958447957e-01 1.911347203500156633e-01 3.601621129276971062e-02
-9.796245237587425381e-01 1.977563844378523727e-01 3.504610161099496607e-02
-9.793398237662473971e-01 2.000101053313760036e-01 2.982434827818245676e-02
-9.775594124939432916e-01 2.088624080267570959e-01 2.746113419960487592e-02
-9.771133921741294026e-01 2.110346274738992278e-01 2.671758140486977032e-02
-9.763523255329108474e-01 2.147424140669833004e-01 2.493704672352682616e-02
-9.753898536748522030e-01 2.189853104250178151e-01 2.569224505218765942e-02
-9.746593189994392503e-01 2.228010580444736710e-01 1.997309871836251000e-02
-9.733867045673065821e-01 2.284519342076222481e-01 1.811246105497349088e-02
-9.725776546055554528e-01 2.320733617218184996e-01 1.531941954576747714e-02
-9.728628371468038827e-01 2.311471720251702111e-01 1.043595220150900227e-02
-9.725127043203479760e-01 2.324696837924253856e-01 1.330076075272442621e-02
-9.724692487883391800e-01 2.324931937620765554e-01 1.582716671176406104e-02
-9.708412544312884362e-01 2.394102323650161845e-01 1.224840968084318221e-02
-9.714586951629625711e-01 2.367726598557216289e-01 1.437829336681436740e-02
-9.716926682449175123e-01 2.360285989531969164e-01 1.019230923655901552e-02
-9.714918530473608538e-01 2.369561201125356398e-01 7.443172456295338822e-03
-9.722272897316743823e-01 2.339866615725690879e-01 4.935941324070632422e-03
-9.714884296853955048e-01 2.370843962678367278e-01 -1.115431235497690854e-03
-9.723557116808091427e-01 2.334676635786994692e-01 -4.152619390240495922e-03
-9.733128995041104847e-01 2.292872206875185281e-01 -9.454868743173465429e-03
-9.741651966605968660e-01 2.257302273585821695e-01 -6.932426032688870053e-03
-9.736879244800871192e-01 2.275757894681733340e-01 -1.187897915429578927e-02
-9.746927614986773403e-01 2.231427618321849826e-01 -1.346673397048956528e-02
-9.745752027512064597e-01 2.236804207556135626e-01 -1.304867633128527216e-02
-9.739639792236992610e-01 2.263444611693962438e-01 -1.274270283273486355e-02
-9.749674836112204312e-01 2.221568634650572249e-01 -9.206423737398909332e-03
-9.763990616837115999e-01 2.157530302312651582e-01 -9.773772706010947636e-03
-9.772234640047372523e-01 2.117825208299939643e-01 -1.350887634282866775e-02
-9.785985809475404862e-01 2.053022489209749002e-01 -1.399387182735778445e-02
-9.789982743546503663e-01 2.033565329085865458e-01 -1.444035429781920406e-02
-9.799621633901053341e-01 1.985508172487249201e-01 -1.586681533196195731e-02
-9.800400020820465574e-01 1.979397243873796397e-01 -1.847929598205623122e-02
-9.804009103302778749e-01 1.962124669343998096e-01 -1.774112132445173143e-02
-9.806241066084691038e-01 1.948392319846258547e-01 -2.034845969273243321e-02
-9.806849062479617851e-01 1.947913263794974204e-01 -1.770532195891320187e-02
-9.802068729567585681e-01 1.973247030413110836e-01 -1.604594664353324943e-02
-9.807587492389469030e-01 1.946454151598878413e-01 -1.501541737248160424e-02
-9.806503096563459199e-01 1.949096020706656829e-01 -1.830960971150068922e-02
-9.802441739879346194e-01 1.973170297680980900e-01 -1.368845515522489412e-02
-9.799508366027768202e-01 1.985581650949207189e-01 -1.646321900010127778e-02
-9.806534364601875442e-01 1.945808331834000260e-01 -2.138134273510892969e-02
-9.806213717309096856e-01 1.939809959542756757e-01 -2.744309524552891733e-02
-9.816112282003444101e-01 1.889767022578233702e-01 -2.696715824168096493e-02
-9.820791159383868152e-01 1.859035756961967545e-01 -3.099186403501434997e-02
-9.829827855920010293e-01 1.799525472691508032e-01 -3.690459568228308951e-02
-9.850114972528750679e-01 1.697230672038403665e-01 -3.076451633851795542e-02
-9.855338552575765299e-01 1.660254892418575878e-01 -3.403794742592730627e-02
-9.861479716342459456e-01 1.628817501079676822e-01 -3.133270290858203994e-02
-9.865460236220801038e-01 1.604508235584233278e-01 -3.134487587010984649e-02
-9.868724258938804672e-01 1.576455113921339801e-01 -3.508179847234239868e-02
-9.870290234245934213e-01 1.558492530287640676e-01 -3.853235210163460239e-02
-9.876746991960274613e-01 1.521739455768674198e-01 -3.663063933498009184e-02
-9.891880490230486878e-01 1.423324534666720598e-01 -3.533413592681197007e-02
-9.894033929447449971e-01 1.416807815557285244e-01 -3.174125019747202348e-02
-9.903078486429529592e-01 1.357775811395226517e-01 -2.923761495984413677e-02
-9.900477851457708534e-01 1.371036195528605728e-01 -3.174910021575887142e-02
-9.910535806734968034e-01 1.288059749095088469e-01 -3.495491519749704262e-02
-9.915864002675711664e-01 1.255612349090816371e-01 -3.147716599309086788e-02
-9.913724139267485747e-01 1.265630356548126667e-01 -3.409633090741269468e-02
-9.913761908697324987e-01 1.265335671706249998e-01 -3.409588576579454522e-02
-9.921135874242907882e-01 1.202535351375692563e-01 -3.535168823118337716e-02
-9.929508222933226547e-01 1.136351958556077180e-01 -3.370061739965578979e-02
-9.932923802581672401e-01 1.104951638345701981e-01 -3.407478452384509610e-02
-9.938734668124319382e-01 1.052280294522616871e-01 -3.380264235758186769e-02
-9.945423937446256080e-01 9.790328885297851225e-02 -3.606103226153781205e-02
-9.950477261101431381e-01 9.093235054000876894e-02 -4.014169444046424007e-02
-9.954050536288611140e-01 8.577146255243707496e-02 -4.256830704568587143e-02
-9.960064561027434094e-01 7.878061598686961209e-02 -4.200927580191931437e-02
-9.968342507927590024e-01 6.830201346989317468e-02 -4.069811528761935887e-02
-9.972736727826148062e-01 6.091189946095822150e-02 -4.165317927473285997e-02
-9.976946511034076037e-01 5.242282078534002410e-02 -4.309589710501250670e-02
-9.978404149912496468e-01 4.846132473546133773e-02 -4.433995484515267094e-02
-9.982197343941580092e-01 4.415431994895090140e-02 -4.009716985905260878e-02
-9.984759538973443371e-01 3.822098135871224156e-02 -3.981144561771956386e-02
-9.983263949395192460e-01 3.406684636202106375e-02 -4.673205158877846016e-02
-9.984283003696945435e-01 3.092573726856898825e-02 -4.673920511919017751e-02
-9.987434727819181068e-01 2.257386341042872530e-02 -4.474283913302146143e-02
-9.990405596820710610e-01 1.590131860040686074e-02 -4.080604651997969679e-02
-9.993047167495189287e-01 1.192906278145974136e-02 -3.532429345073327676e-02
-9.993091882667967107e-01 9.207593064233007829e-03 -3.600543918542462030e-02
-9.992764660903096230e-01 2.839173988810092357e-03 -3.792767677914592184e-02
-9.993868324850180285e-01 9.533905139986701555e-04 -3.500107606834865909e-02
-9.994756628489384065e-01 -5.482199926028429385e-03 -3.191190995189707030e-02
-9.993792964706280646e-01 -1.099166128879753256e-02 -3.346984255006155845e-02
-9.993131328566936533e-01 -1.726747494931328911e-02 -3.278905304657511038e-02
-9.993090279448434421e-01 -2.427637126495460484e-02 -2.814515149897338364e-02
-9.992872670820442949e-01 -2.689187404213081931e-02 -2.649169711683267009e-02
-9.992884782797413212e-01 -3.127387005691070754e-02 -2.108333930814455456e-02
-9.991313998965395404e-01 -3.774538824560870476e-02 -1.765662040739032074e-02
-9.988624914961343748e-01 -4.475003417535612649e-02 -1.646761497203874311e-02
-9.985036813353387330e-01 -5.124997777538058130e-02 -1.907519470503659526e-02
-9.984312066590097512e-01 -5.440024447040432698e-02 -1.325759661119474062e-02
-9.986509579103713952e-01 -5.067514599282441079e-02 -1.132778925986528337e-02
-9.987203298159365028e-01 -5.000077218640718024e-02 -7.592798142134026332e-03
-9.988703917967853840e-01 -4.668237573402263252e-02 -8.872493493958088367e-03
-9.987213069788185571e-01 -4.901245870143079719e-02 -1.239172797978683668e-02
-9.986311208522269389e-01 -5.160987652723398461e-02 -8.504711689213394557e-03
-9.985798666462279982e-01 -5.302903375848299489e-02 -5.118251491278522081e-03
-9.985454056046514371e-01 -5.368108943549356610e-02 -5.043666689476014944e-03
-9.984235247285955239e-01 -5.605102868183500092e-02 -2.961823095484645511e-03
-9.984769077274342486e-01 -5.511144537655853631e-02 -2.572599721535940871e-03
-9.983834504879047778e-01 -5.667274200903240494e-02 -4.325629369711908763e-03
-9.983284310614695123e-01 -5.742615965620935514e-02 -6.527243490243350536e-03
-9.982860477621272599e-01 -5.846685761617248511e-02 -2.572621540528776882e-03
-9.981910922462204905e-01 -6.002113039304776687e-02 -3.468753974711863506e-03
-9.980868036393732989e-01 -6.157988232306051829e-02 -5.538547958605987559e-03
-9.976359232204817795e-01 -6.845258447018716386e-02 -6.069054465849310458e-03
-9.975074122503989615e-01 -7.015955965188931664e-02 -7.524875239216823747e-03
-9.971082208328300167e-01 -7.582296457331845485e-02 -5.108714265809349668e-03
-9.969940548690184867e-01 -7.742024071606466717e-02 -2.997640938867053313e-03
-9.965290125640942076e-01 -8.324587335274416522e-02 -2.766950087992508037e-04
-9.969374564751496415e-01 -7.820210065339867900e-02 4.052603085175502176e-04
-9.968832923913529820e-01 -7.888732909986585773e-02 -7.180315580354948175e-04
-9.969514477551884024e-01 -7.802315720074176619e-02 -4.718809832216696513e-04
-9.972297719233543800e-01 -7.427350453932513030e-02 4.031563620667449888e-03
-9.973971495934699227e-01 -7.203898781564679887e-02 3.055355022730514136e-03
-9.976358126418445327e-01 -6.870644353162608242e-02 -1.494920763721742808e-03
-9.973446143407200815e-01 -7.281631775159676245e-02 -1.236506452556273552e-03
-9.972567409559498497e-01 -7.399615280788186811e-02 -1.893892316371614554e-03
-9.968266023081810978e-01 -7.960367025882297831e-02 7.336492676162514881e-05
-9.966214933366586148e-01 -8.210975195570519025e-02 -1.900649011167461402e-03
-9.968311083379773896e-01 -7.930969231530998753e-02 -6.143201348642636506e-03
-9.964048732785355522e-01 -8.469948775120744733e-02 -1.830326554629311403e-03
-9.965939347730530251e-01 -8.246432648897709938e-02 -4.345768786694779919e-04
-9.970358971367417888e-01 -7.680170912265125993e-02 -4.576252090506389980e-03
-9.970396494466157167e-01 -7.677027020223073372e-02 -4.276427390471020280e-03
-9.973011158202577109e-01 -7.337915603341257920e-02 -2.451256567361061525e-03
-9.970461450618892663e-01 -7.677818641460772142e-02 2.029645355394807393e-03
-9.970811417537254195e-01 -7.633707521877874935e-02 1.368378036294461749e-03
-9.969646849512847631e-01 -7.779910685763685718e-02 2.956462828879928215e-03
-9.969879765915167225e-01 -7.744722504111359318e-02 4.114196112192726115e-03
-9.971753255617140654e-01 -7.469430285678660408e-02 7.883909428548730933e-03
-9.973348418549854433e-01 -7.223522969655161996e-02 1.026205000396653196e-02
-9.974938706202001182e-01 -7.022687034888498714e-02 8.613339064406016349e-03
-9.974886676681506970e-01 -6.972126372893194812e-02 1.246307088922227538e-02
-9.979209681187162229e-01 -6.330716959221883988e-02 1.208174329961776185e-02
-9.982846132340669199e-01 -5.785089132205063767e-02 9.007220777992092434e-03
-9.983263549979770612e-01 -5.739157041903159007e-02 7.121883904697404524e-03
-9.985533715415230160e-01 -5.282725045262277180e-02 1.002349723410447813e-02
-9.986273347912917320e-01 -5.069720037140415525e-02 1.316301066210914285e-02
-9.987691913563482293e-01 -4.834496757204656547e-02 1.108563379488425663e-02
-9.989651738600067166e-01 -4.365198291259501928e-02 1.277147707814074717e-02
-9.991271504509811052e-01 -4.070797633046103342e-02 9.371376153298090206e-03
-9.990245546468685678e-01 -4.384428035281999481e-02 5.257676670054396706e-03
-9.987747729833599264e-01 -4.855521773330467167e-02 9.558682652565134510e-03
-9.987275912516236920e-01 -4.997280215407184228e-02 6.778073130657091827e-03
-9.988785830688938772e-01 -4.478421729351541453e-02 1.536148228800625869e-02
-9.990695380465497433e-01 -4.212113345606400411e-02 9.267850540025343239e-03
-9.990840251929072879e-01 -4.152737546847160705e-02 1.032533230459705374e-02
-9.992997041648115086e-01 -3.629060665778058997e-02 9.116901442635206437e-03
-9.993487207546706275e-01 -3.520128831854479889e-02 7.939041212172752437e-03
-9.993691818662703286e-01 -3.463356776673407605e-02 7.859966159250705853e-03
-9.994199130196652625e-01 -3.349773269875118420e-02 6.145250639035790968e-03
-9.993237031349232469e-01 -3.654997747265176233e-02 4.032402453977649778e-03
-9.991722630672053018e-01 -3.962402279903291108e-02 9.205987202415347181e-03
-9.992455362071948066e-01 -3.730091001650003707e-02 1.081781770589782150e-02
-9.993598209582004177e-01 -3.511506200043983117e-02 6.848744581328221163e-03
-9.994501940025586340e-01 -3.141998730880236207e-02 1.058861808043041683e-02
-9.995228444130049850e-01 -2.866329129078426519e-02 1.151190561090194298e-02
-9.995657654759936284e-01 -2.868806154033971129e-02 6.730555492555839910e-03
-9.995425881601645024e-01 -2.877110938304703464e-02 9.320004674076750803e-03
-9.994711999848699957e-01 -2.951413674210885685e-02 1.364774332856853734e-02
-9.994277179111920040e-01 -2.979911821473522557e-02 1.600855981074665937e-02
-9.994753742374072880e-01 -3.059155851617621075e-02 1.063755870519699290e-02
-9.995822559946817565e-01 -2.789759744027375810e-02 7.553959374313656307e-03
-9.996081712087927507e-01 -2.741463759091897212e-02 5.653886957763937932e-03
-9.997339132294249531e-01 -2.305840989389664961e-02 6.610854148881408279e-04
-9.996478897840176403e-01 -2.648041377149232614e-02 -1.705496781560688051e-03
-9.995705041226693455e-01 -2.918634639781831491e-02 -2.643682804313528603e-03
-9.994988447660632103e-01 -3.164942188780948962e-02 -6.308558935873231042e-04
-9.994836610373049046e-01 -3.210884221127058291e-02 -1.207537970124591183e-03
-9.994143642539741190e-01 -3.405441208946268644e-02 -3.354121626147035101e-03
-9.993981676452333707e-01 -3.439393253289466101e-02 -4.514920578000297322e-03
-9.993287149038432293e-01 -3.616013117118443282e-02 -5.881250328957912318e-03
-9.991376197878553134e-01 -4.118633563866566649e-02 -5.265651788959949987e-03
-9.990689328624056120e-01 -4.255768630304637701e-02 -7.080632604378125569e-03
-9.990577770069816177e-01 -4.250368481411828658e-02 -8.776081837048810286e-03
-9.990938176341501720e-01 -4.232847876168922829e-02 -4.457365300799490809e-03
-9.991336953714338165e-01 -4.159035314720539028e-02 1.458084575984356680e-03
-9.992425149126481498e-01 -3.891325571771856590e-02 4.238108640044636194e-04
-9.993571783084054250e-01 -3.547682081588997977e-02 -5.162360057695627308e-03
-9.992536962771191300e-01 -3.845015081753481306e-02 -3.696071725862287369e-03
-9.990779447879889474e-01 -4.289062608417151812e-02 1.918038832488494320e-03
-9.990625353284948718e-01 -4.267179305064271178e-02 7.293357047750542548e-03
-9.991167464022524536e-01 -4.154630340093775492e-02 6.297317181068748729e-03
-9.992301978070248225e-01 -3.767451486931113619e-02 1.093925610028066708e-02
-9.991622771550700000e-01 -3.819176149328253056e-02 1.470230857308622158e-02
-9.992103780939163293e-01 -3.568635294657129808e-02 1.746794744358706047e-02
-9.991429123264378154e-01 -3.583821950227032704e-02 2.071442584841584264e-02
-9.993218258630520712e-01 -2.816515384887357393e-02 2.371997676817675510e-02
-9.993275286231838583e-01 -2.817416479481571825e-02 2.346767584458943345e-02
-9.993977851183107886e-01 -2.047659028458214889e-02 2.801430889712777650e-02
-9.994425466278057391e-01 -1.814751122240358672e-02 2.802300802537576949e-02
-9.995799321232212709e-01 -1.441040747764793691e-02 2.514606424247200697e-02
-9.993662858671737981e-01 -1.621316270772169346e-02 3.168887957160936020e-02
-9.993503665510905520e-01 -1.338960183541354834e-02 3.346025273716863452e-02
-9.994304396692721415e-01 -1.068135816944967668e-02 3.201140271363027423e-02
-9.994568526438173395e-01 -9.945355765248917526e-03 3.141838081303929137e-02
-9.996078779641403012e-01 -3.726946632010669572e-03 2.775293068455448459e-02
-9.997323658402930135e-01 2.423198577465856922e-03 2.300760005331762767e-02
-9.997886402523922245e-01 4.149778674344108131e-03 2.013650985631963014e-02
-9.997587941690195823e-01 1.177462304477614081e-02 1.854013279806880632e-02
-9.997281578391330470e-01 1.136724260840199854e-02 2.035733298904861266e-02
-9.996775895450230598e-01 1.068650671103275711e-02 2.303346099996432875e-02
-9.997323356232288294e-01 1.245194463988077808e-02 1.949951119144661266e-02
-9.997600829358660457e-01 1.241507678214591806e-02 1.804625145885731946e-02
-9.996695993871271835e-01 2.029599699627738715e-02 1.577305459249063110e-02
-9.996833357146045484e-01 2.115918990699812777e-02 1.362136732869661561e-02
-9.997697080384727597e-01 1.848585425004529992e-02 1.090086305966035500e-02
-9.997863064339999051e-01 1.343702511954555749e-02 1.571026675724645702e-02
-9.997463022459123216e-01 1.665772581173430647e-02 1.516166107796181745e-02
-9.996993502587157021e-01 2.166703840919551385e-02 1.147924859289926706e-02
-9.995378921535450489e-01 2.855702691483140779e-02 1.041743326990672222e-02
-9.992884613659476223e-01 3.633789089214780471e-02 1.010708698069190739e-02
-9.993821950737509230e-01 3.329268253639405123e-02 1.126276910216730126e-02
-9.992614542447306736e-01 3.693702437931763866e-02 1.059371448294470393e-02
-9.992579389217387531e-01 3.725682135353295538e-02 9.773702372855300885e-03
-9.991512719613789839e-01 3.963478621700253224e-02 1.121801978244978300e-02
-9.993480079289024376e-01 3.463109178327190840e-02 1.021132042176494184e-02
-9.994054603478454979e-01 3.301935642325334874e-02 9.923329546800556053e-03
-9.993836418134071087e-01 3.247536667303630581e-02 1.333085080879096475e-02
-9.993874606808272887e-01 3.299426294585998398e-02 1.166647302053099543e-02
-9.993475710239402288e-01 3.523104049356425710e-02 7.951763416850119240e-03
-9.994149762128478054e-01 3.329783656905741657e-02 7.809217015146239539e-03
-9.992150745392645028e-01 3.896331351863456527e-02 7.149787599973375998e-03
-9.992805958652387632e-01 3.679732689905786114e-02 9.179972801183022488e-03
-9.992210119008013702e-01 3.828765703160926653e-02 9.562904271911292636e-03
-9.990451977458510990e-01 4.190868431969715230e-02 1.234421176414166738e-02
-9.989054529001561988e-01 4.316805025024694764e-02 1.801222385490317338e-02
-9.988945821022151561e-01 4.395285997943576550e-02 1.666686961655879790e-02
-9.990638107351456076e-01 3.968710018363286879e-02 1.721803560685189818e-02
-9.990942767519281897e-01 4.071135159815501836e-02 1.237887700011240308e-02
-9.988660844067543954e-01 4.547679519615928367e-02 1.408655961091579735e-02
-9.988336267885740138e-01 4.518362686372606046e-02 1.702499658800891644e-02
-9.986653254262093382e-01 4.989310790510854965e-02 1.335178486422257393e-02
-9.985517731153922272e-01 5.321507276995014052e-02 7.908032150890195039e-03
-9.984341253289333862e-01 5.496530726395967847e-02 1.039889092279926153e-02
-9.981705914019710635e-01 5.881266359292718765e-02 1.402018958886942605e-02
-9.979838060824534063e-01 6.140542524629057780e-02 1.605369896339672170e-02
-9.979885481811945347e-01 6.117838499030843480e-02 1.661588431707798283e-02
-9.978292602554245105e-01 6.329295346785002163e-02 1.818774725222090105e-02
-9.977516881052785891e-01 6.437189939174653430e-02 1.865079582574276709e-02
-9.974855054440920910e-01 6.529678425051885227e-02 2.755034074853424109e-02
-9.975861335392759432e-01 6.530243437317090338e-02 2.361192768630816091e-02
-9.971224965341606294e-01 7.194943043020678164e-02 2.387532768922950854e-02
-9.967747665460821027e-01 7.708660558613157632e-02 2.231019685659435189e-02
-9.968673557823711784e-01 7.424146949417646801e-02 2.727093680710435813e-02
-9.961448403191479617e-01 8.253285872243086574e-02 2.972892817404073837e-02
-9.955227463115435826e-01 9.058094681029224549e-02 2.701070803738639045e-02
-9.957908016760987913e-01 8.739175897875312016e-02 2.762941262876394619e-02
-9.957097475655445340e-01 9.023536268692827766e-02 2.048664273113826734e-02
-9.955389074891988210e-01 9.192757693880532210e-02 2.125156204037900384e-02
-9.953548423460535366e-01 9.430546556557807547e-02 1.937115309171097075e-02
-9.945960704598053592e-01 1.027353488968946321e-01 1.497093955626522740e-02
-9.943946545866955145e-01 1.042203102359496453e-01 1.781634702974293008e-02
-9.938413137214744397e-01 1.096856746981249714e-01 1.576452187329436400e-02
-9.938687272999010558e-01 1.094185393228415265e-01 1.589214872622621288e-02
-9.931405267084877364e-01 1.157279737890660742e-01 1.670193271829771911e-02
-9.930758275852021866e-01 1.161832897183024960e-01 1.737435249581963104e-02
-9.929358995009710531e-01 1.175345166065658725e-01 1.624688097879246548e-02
-9.922943633021923393e-01 1.219391533730785349e-01 2.197188735069594695e-02
-9.915098178062351497e-01 1.286182142732802958e-01 1.912224771666318907e-02
-9.914941930374457923e-01 1.289351985059896954e-01 1.774835105580633773e-02
-9.915585119954147819e-01 1.287328563923190172e-01 1.547879798997578785e-02
-9.921479649919540122e-01 1.242379636147353666e-01 1.440028462525215665e-02
-9.916650926749550621e-01 1.284590401018370631e-01 9.931923656190649180e-03
-9.916813254165703917e-01 1.282986425898097749e-01 1.037454821540797177e-02
-9.910573997309443106e-01 1.328832464516781220e-01 1.213661369406631406e-02
-9.905033996547548680e-01 1.370036401772767864e-01 1.153438238221472963e-02
-9.905322999327496047e-01 1.369347945249385357e-01 9.728770149534594208e-03
-9.903504127505361465e-01 1.385153204581708875e-01 4.426072665452949334e-03
-9.906234599300154375e-01 1.365159645287796486e-01 5.345671194639705151e-03
-9.907474065145815967e-01 1.356852325286878047e-01 3.019652267454579157e-03
-9.905904353927951211e-01 1.366879215619142274e-01 6.857520664873373133e-03
-9.897775922247248337e-01 1.421680917553802548e-01 1.133913261914083412e-02
-9.894194680046808354e-01 1.440980619055091116e-01 1.687866524433042151e-02
-9.898819140729850918e-01 1.415266346242120554e-01 1.019963140085601225e-02
-9.892181643523916268e-01 1.460634191976721841e-01 1.062664056372732320e-02
-9.892174431145273061e-01 1.461154471161263957e-01 9.957457234968446896e-03
-9.884129636785375927e-01 1.516533527402251502e-01 6.410805193443938274e-03
-9.879119302888607068e-01 1.549497451838089124e-01 4.540818443461068499e-03
-9.875663449453168097e-01 1.570458763578984340e-01 7.023650761162732008e-03
-9.870177109867633858e-01 1.605072518735100873e-01 5.786614734675429687e-03
-9.871855659647073011e-01 1.595596888549210002e-01 2.321356966931279516e-03
-9.869908981371250389e-01 1.607199208278796976e-01 4.254258304573788410e-03
-9.872850209616991224e-01 1.589575470384600731e-01 9.001791488638874461e-04
-9.877998523391108288e-01 1.557165767961317115e-01 1.955535388609283640e-03
-9.873198007216901217e-01 1.587305508981230739e-01 2.061068952618487667e-03
-9.883848133316820439e-01 1.519310284484353679e-01 -3.528221159426527323e-03
-9.880695159143376705e-01 1.539582754544616405e-01 -3.937780286745513718e-03
-9.882836834074559818e-01 1.526276402753229122e-01 4.353107054266298209e-04
-9.885648119696059943e-01 1.507966732040761926e-01 2.913543613064018597e-05
-9.887008809570320134e-01 1.498952830642546752e-01 -1.413181665504522049e-03
-9.888465625020526062e-01 1.489174464270585363e-01 -2.468797560160552497e-03
-9.888278487087133195e-01 1.490552486069738891e-01 -1.429498897092030185e-03
-9.887302329872841300e-01 1.496843064786523292e-01 -2.675771875880138349e-03
-9.888382492644897104e-01 1.489580255960993860e-01 -3.232396885349132342e-03
-9.888632428418220321e-01 1.486772434964566680e-01 -6.677516555794373726e-03
-9.899884419102253919e-01 1.406505654997498578e-01 -1.184603295855846290e-02
-9.904947630987233076e-01 1.365994997680818057e-01 -1.614701819364061652e-02
-9.908287880000311576e-01 1.341973077152602278e-01 -1.579305947993409759e-02
-9.902625840825296510e-01 1.380851491066547587e-01 -1.767855667959639457e-02
-9.905624586754884220e-01 1.352511615758355545e-01 -2.220729762738241769e-02
-9.910612754524575907e-01 1.315664005722272933e-01 -2.208745908989585491e-02
-9.914527352655697623e-01 1.275807428542115873e-01 -2.728833606065677805e-02
-9.926632779641676452e-01 1.190821781182671846e-01 -2.095415499932744979e-02
-9.927806737074608145e-01 1.178729160374490520e-01 -2.219312428113735108e-02
-9.933994076253689354e-01 1.117254611189396063e-01 -2.598198450910957705e-02
-9.936956583946797705e-01 1.094238072380887272e-01 -2.440069959959226958e-02
-9.941414164756269267e-01 1.047753605068961064e-01 -2.655170830220754744e-02
-9.944312299995006210e-01 1.008595822418691529e-01 -3.055976040115331721e-02
-9.949011475664543136e-01 9.667698539879007735e-02 -2.872790466145317551e-02
-9.955316744192425071e-01 8.981288323480765556e-02 -2.916087583406236708e-02
-9.960441252553562386e-01 8.297376581772321347e-02 -3.180377869841532340e-02
-9.966400635022117926e-01 7.595976753844675688e-02 -3.063858821744519859e-02
-9.970456660456623599e-01 6.817162999087647557e-02 -3.539200945055331199e-02
-9.973373675541876704e-01 6.334098388591151430e-02 -3.614029220895548927e-02
-9.976525513788223609e-01 5.689195294264379893e-02 -3.811454086094667043e-02
-9.981589746975422228e-01 5.039359234451503550e-02 -3.375163177156986771e-02
-9.983719469506561195e-01 4.447655533237899333e-02 -3.571158325364308384e-02
-9.983719509458881536e-01 3.996494663864163382e-02 -4.069737462800813305e-02
-9.986027306334210873e-01 3.191312289919098766e-02 -4.212083442359339236e-02
-9.989168029007349237e-01 2.283974140642892198e-02 -4.054124794706286811e-02
-9.989961577735002596e-01 2.025936640249452123e-02 -3.995322899193145399e-02
-9.989943995843217905e-01 1.905736956394792417e-02 -4.058364137187016329e-02
-9.993214121024219798e-01 1.359760385629168664e-02 -3.423223577392002503e-02
-9.994290881467770005e-01 7.517033260819708934e-03 -3.293960272279722323e-02
-9.995683218026293337e-01 -2.440578072561844225e-04 -2.937917303945570408e-02
-9.995705053113401739e-01 -4.347847324458034395e-03 -2.898148460575665497e-02
-9.994907595099089548e-01 -5.468457309437764827e-03 -3.143792238854298260e-02
-9.993987102705738090e-01 -1.036205363342948896e-02 -3.308883668465450317e-02
-9.992651091443406353e-01 -1.297362541661079005e-02 -3.606871350748709626e-02
-9.991265377289790806e-01 -1.487433452937284711e-02 -3.905049591892743865e-02
-9.987744480212805698e-01 -2.041900267653318224e-02 -4.508538842725028778e-02
-9.983396506998717390e-01 -3.032912934937766897e-02 -4.897052205884601384e-02
-9.981422954272950454e-01 -3.945937336369303300e-02 -4.642135318231566804e-02
-9.981465947140527595e-01 -4.288334317383198091e-02 -4.317893436898954246e-02
-9.979821313730117271e-01 -4.854756192018677696e-02 -4.092463431430876791e-02
-9.977776223246945797e-01 -5.058047622795015102e-02 -4.337577474521025350e-02
-9.972600287501363070e-01 -6.211626383964659326e-02 -4.017500186359346942e-02
-9.968395388882042019e-01 -7.019810679851939961e-02 -3.719120089643888905e-02
-9.962995249836021916e-01 -8.004687631345147603e-02 -3.130143391929823132e-02
-9.956919214102049054e-01 -8.791875250178537993e-02 -2.946041741774702363e-02
-9.952533332049257053e-01 -9.190822452395029651e-02 -3.199541643570422145e-02
-9.951388297642435043e-01 -9.537707918151183684e-02 -2.453462642703071322e-02
-9.941081999690132287e-01 -1.057271933457454016e-01 -2.388876066391592765e-02
-9.938135764683492246e-01 -1.079828082847976017e-01 -2.596755517295353324e-02
-9.939712225449808258e-01 -1.075717129790908499e-01 -2.120285196071343414e-02
-9.936607386030517075e-01 -1.103973127583483121e-01 -2.123194545328455432e-02
-9.934453889912699953e-01 -1.119696014441233234e-01 -2.300202299283421459e-02
-9.933714321940783076e-01 -1.133963662306863296e-01 -1.882783621685005931e-02
-9.939651761894255921e-01 -1.069628585220939593e-01 -2.433517405271287681e-02
-9.932943544192261998e-01 -1.126456507618870256e-01 -2.602514518178387221e-02
-9.927355272700978395e-01 -1.168863150102227022e-01 -2.852696430501046668e-02
-9.917928631664824080e-01 -1.252344459246992059e-01 -2.575413239747540925e-02
-9.913803460441675819e-01 -1.286080410333978463e-01 -2.500012915863595100e-02
-9.909718027575443733e-01 -1.325960248668436592e-01 -1.982940917520811114e-02
-9.905483476536590670e-01 -1.363816533067473691e-01 -1.463013095615882560e-02
-9.899726759909304175e-01 -1.409747883706355398e-01 -8.957391100015327928e-03
-9.886183765620671915e-01 -1.501378642141960318e-01 -9.610010519271157750e-03
-9.886228129604662795e-01 -1.500977331135479598e-01 -9.779021295993188881e-03
-9.880822361781034235e-01 -1.537028119114155489e-01 -8.304526059333398880e-03
-9.877370871786227413e-01 -1.560532916954657512e-01 -4.779303289232920970e-03
-9.870394585589172820e-01 -1.604555525504191282e-01 -2.673537566678917034e-03
-9.878034548638346957e-01 -1.556949742481434640e-01 -1.853231311236145469e-03
-9.872042000684723151e-01 -1.594228386796673613e-01 3.500103379763612119e-03
-9.870571215657329978e-01 -1.600049520977923356e-01 1.080180273643718825e-02
-9.872797561468867888e-01 -1.583487195743989440e-01 1.429653984087233751e-02
-9.872961137979684443e-01 -1.581499076211229926e-01 1.533021009079249194e-02
-9.879498349246752520e-01 -1.538695899346130547e-01 1.671220978829371026e-02
-9.887895773992223525e-01 -1.475936955196155420e-01 2.261189734438097398e-02
-9.899544817129487528e-01 -1.393333111113361500e-01 2.400787062029600960e-02
-9.907983375982074570e-01 -1.336408088947174388e-01 2.141993687771526211e-02
-9.921686112637306820e-01 -1.226685938044853319e-01 2.353483295959918342e-02
-9.921547037657585388e-01 -1.230500827537498038e-01 2.208498089875820386e-02
-9.927077687177139342e-01 -1.192890406846357221e-01 1.736191393829241217e-02
-9.931798028981503323e-01 -1.150376388585704901e-01 1.898015068219652268e-02
-9.934000201690288412e-01 -1.136896142215608474e-01 1.520187096293990764e-02
-9.935201836834115507e-01 -1.131300893783474815e-01 1.092029368042150839e-02
-9.942713493278874104e-01 -1.063969250706516961e-01 1.020801255466084224e-02
-9.945303870879744768e-01 -1.042309843564896144e-01 6.725794284521690279e-03
-9.949596482667826258e-01 -1.000528967509539957e-01 6.688902881805455954e-03
-9.944518706312712730e-01 -1.051477401300840997e-01 3.074919128705049833e-03
-9.950369315237488355e-01 -9.926527148251454435e-02 6.923602178467691201e-03
-9.953903806540698174e-01 -9.556392270496714969e-02 8.096435686026472525e-03
-9.957686607401964318e-01 -9.102459422441541714e-02 1.262232757371652830e-02
-9.966790799844259530e-01 -8.045437607616520714e-02 1.256704056231615352e-02
-9.965316686351579634e-01 -8.186741041101161520e-02 1.491261641933509449e-02
-9.968414221003930598e-01 -7.821861666068884167e-02 1.374964689665322988e-02
-9.968932422529782622e-01 -7.633862498695921650e-02 1.939854533232335948e-02
-9.970033906603161800e-01 -7.376321422403608885e-02 2.330778919279457781e-02
-9.969494428089211713e-01 -7.357323444888148878e-02 2.605404890772768101e-02
-9.972132625373126835e-01 -6.873820093704116618e-02 2.899645995576429630e-02
-9.974511727949798567e-01 -6.496707858690882464e-02 2.950360202292098138e-02
-9.978052783624400401e-01 -5.687288181599770009e-02 3.391353560808774148e-02
-9.978997536598226414e-01 -5.283763320612692299e-02 3.747388896646482864e-02
-9.983215337145744384e-01 -4.587773890660425818e-02 3.534649220401647057e-02
-9.982605295933837386e-01 -4.501140295468501751e-02 3.807774678256076184e-02
-9.984393896539744961e-01 -4.088659864279397399e-02 3.804073314126728972e-02
-9.986265379811042342e-01 -3.386212197094719267e-02 3.998025203530584937e-02
-9.989190186641541125e-01 -2.577041611537166099e-02 3.868728487714818975e-02
-9.991173707724214648e-01 -2.236664210535149744e-02 3.555613721156120760e-02
-9.992671221815284666e-01 -1.600873215709479672e-02 3.477017618319193371e-02
-9.995050137943074509e-01 -7.644238333708322508e-03 3.051752067155643483e-02
-9.993905659326995927e-01 -2.154429490085505404e-03 3.484079970372735285e-02
-9.994552970888530563e-01 4.810775694991505091e-03 3.264952727066078308e-02
-9.994791010397731101e-01 1.188688718719962609e-02 3.000424256845882209e-02
-9.994830145805891908e-01 1.560397830988717593e-02 2.811130391926363117e-02
-9.993022780153001383e-01 2.082523664704651750e-02 3.100472093871334961e-02
-9.992779244200291622e-01 2.698266423176128720e-02 2.675054155797029071e-02
-9.990950882553170098e-01 2.866089268324001002e-02 3.142584620206970158e-02
-9.987138861897543185e-01 3.466667008766861902e-02 3.699758977956368183e-02
-9.987709389908213664e-01 3.517647878197440597e-02 3.491780210701685844e-02
-9.986789628217900283e-01 3.891119583786172703e-02 3.356000855361220003e-02
-9.986546608523486634e-01 4.319267586808171744e-02 2.869297974574650661e-02
-9.986151990671522372e-01 4.557912287007519908e-02 2.627268016010901597e-02
-9.982549039739678776e-01 5.219869369318309166e-02 2.761284263358770169e-02
-9.978756344230522712e-01 5.634666972546294172e-02 3.270011056864020188e-02
-9.974109305767826505e-01 6.162200322415342657e-02 3.707007794816644108e-02
-9.968322666657396525e-01 6.865712828838013704e-02 4.014545227955119977e-02
-9.958660907670355833e-01 8.151328574667265903e-02 4.007917133495179918e-02
-9.956140487858879951e-01 8.471200401485989850e-02 3.970602846030849009e-02
-9.950646089179001619e-01 9.220821697239112158e-02 3.666190393665090530e-02
-9.946730095289471052e-01 9.672370102525340574e-02 3.563924988420139051e-02
-9.935161761609870856e-01 1.087339591623022045e-01 3.320481909139339632e-02
-9.932284492676625165e-01 1.116816467447932365e-01 3.200755380301505831e-02
-9.925819062195855302e-01 1.177208973432398303e-01 3.038051774720334358e-02
-9.923092966151694228e-01 1.199024951090775781e-01 3.075187164338087295e-02
-9.917861076183837055e-01 1.250708198963235707e-01 2.678866792326713847e-02
-9.909780863203438983e-01 1.313744938609812674e-01 2.651793303964804227e-02
-9.911668969466282952e-01 1.301163295814400378e-01 2.565051971810348649e-02
-9.911849465827459182e-01 1.300645937214894854e-01 2.521168611045309163e-02
-9.911109228914508629e-01 1.301888462430647042e-01 2.738665430996738148e-02
-9.911183205729267032e-01 1.306407719076847218e-01 2.484933257938336595e-02
-9.897275950982055148e-01 1.399149350486901811e-01 2.937898496643992843e-02
-9.892096851512703903e-01 1.428474239211432462e-01 3.253980088966747924e-02
-9.882655880921227265e-01 1.499179983922673265e-01 2.925316065311459046e-02
-9.885865297491577275e-01 1.486352236651869163e-01 2.458189945937706497e-02
-9.881468925745572340e-01 1.516695132386097489e-01 2.370872701180665870e-02
-9.880843308489772880e-01 1.526246509265186679e-01 1.987705560534148638e-02
-9.880624756639013739e-01 1.528155159119357898e-01 1.949329527892543906e-02
-9.877743494652113654e-01 1.541056144359060909e-01 2.352276465390936225e-02
-9.877968116081838890e-01 1.542101046644725748e-01 2.183412278208685109e-02
-9.877889756683481126e-01 1.552768680219960284e-01 1.273028412124836868e-02
-9.877740766580634935e-01 1.558153715254236571e-01 4.895899189491478495e-03
-9.871945997206313939e-01 1.594175668978694005e-01 5.734807947513816291e-03
-9.871643113112409385e-01 1.596159999076448288e-01 5.420463229473471839e-03
-9.865790436468497848e-01 1.632679780341785847e-01 2.320423936062110046e-03
-9.861512025574626916e-01 1.656800011684820828e-01 -7.481259119687413278e-03
-9.863360759669893563e-01 1.646698923396456016e-01 -4.999813244326713896e-03
-9.865506953867441142e-01 1.633292323313300931e-01 -6.427568473276983399e-03
-9.865570500096986217e-01 1.633664752092329198e-01 -4.075315762736354472e-03
-9.861873729528025656e-01 1.656024983123012551e-01 -3.210036919405698155e-03
-9.863461399868412860e-01 1.646151761056697249e-01 -4.812722407710631062e-03
-9.866746376453734424e-01 1.625156447264788084e-01 -7.864543536270132348e-03
-9.863255201385431326e-01 1.639955810529103719e-01 -1.635371926723775890e-02
-9.866561595509738547e-01 1.621289427594111154e-01 -1.496178932425578333e-02
-9.876031788557765312e-01 1.564411205524288140e-01 -1.289043424956929154e-02
-9.882587421438713271e-01 1.522886751278196005e-01 -1.236302451909914585e-02
-9.891695089936991536e-01 1.461807474649660099e-01 -1.322489897548110270e-02
-9.896274314330938404e-01 1.424853544723913290e-01 -1.831658486394013158e-02
-9.896791780323744847e-01 1.424245554902770772e-01 -1.582394183298424517e-02
-9.899710680226077031e-01 1.403624848252029989e-01 -1.599011902220072445e-02
-9.899361080362412135e-01 1.406621038362687870e-01 -1.551454562035463856e-02
-9.903144167974019529e-01 1.373225879262004456e-01 -2.049120156263257303e-02
-9.904944882922515070e-01 1.358129106909451156e-01 -2.180707589409936614e-02
-9.909334133388496557e-01 1.328038254003732765e-01 -2.035045077758962373e-02
-9.912012787639880029e-01 1.301660740878264610e-01 -2.401759294202706480e-02
-9.915465764481359301e-01 1.270309242591042831e-01 -2.643024244040758849e-02
-9.921131897072280603e-01 1.222641666554736412e-01 -2.762098967972194397e-02
-9.917255564502919229e-01 1.258116031183241501e-01 -2.553209723708765866e-02
-9.917494944519240629e-01 1.249210945100640707e-01 -2.876955366733660591e-02
-9.915891190062424698e-01 1.249811933442090822e-01 -3.362658511372714626e-02
-9.921198317636087394e-01 1.219522111341646842e-01 -2.873890068669726627e-02
-9.920721262214102776e-01 1.221431326084287394e-01 -2.956312438569147147e-02
-9.926936299582030943e-01 1.162584850851001994e-01 -3.230090793274549565e-02
-9.930074034145860429e-01 1.131489965447528556e-01 -3.366939763207464631e-02
-9.933317793109127658e-01 1.102444966018121253e-01 -3.373654061809337051e-02
-9.937321118226407624e-01 1.069408964557992947e-01 -3.256012187162607430e-02
-9.935001353778185607e-01 1.097002104133446149e-01 -3.038703342173888766e-02
-9.934532080936964160e-01 1.088253004742517349e-01 -3.475347904060856197e-02
-9.940817364801595168e-01 1.034188249378508867e-01 -3.325770304420332807e-02
-9.942781797577604497e-01 9.912465775316942063e-02 -3.981495502308559503e-02
-9.948259883805845583e-01 9.285646315565092290e-02 -4.121840929117297214e-02
-9.956095227323016328e-01 8.496909436201846577e-02 -3.926777597897542632e-02
-9.959138430918526019e-01 8.148676595461849803e-02 -3.893007943993827269e-02
-9.965413356231387354e-01 7.124759961589545443e-02 -4.276883586728839198e-02
-9.965788854267986219e-01 6.796287668014026895e-02 -4.702765187722393603e-02
-9.970906271337148796e-01 5.856937384748491654e-02 -4.878460084376767120e-02
-9.971644431888967430e-01 5.125472241950571745e-02 -5.510040328002168558e-02
-9.977408509854475138e-01 3.551203605320429890e-02 -5.702733998963773615e-02
-9.977631230989655320e-01 3.141125392492934154e-02 -5.900941721971678100e-02
-9.977410384479979966e-01 2.424274582083819907e-02 -6.265091911832589011e-02
-9.980659560005713526e-01 1.473571613344098336e-02 -6.039233621745149216e-02
-9.983558054726493491e-01 7.237441141969918300e-03 -5.686240570785884574e-02
-9.986075944118014691e-01 -1.287839579141874906e-03 -5.273748045411124491e-02
-9.985438233431321864e-01 -1.020306171724739974e-02 -5.297318572109012413e-02
-9.984966318424547405e-01 -1.856734139725206220e-02 -5.157284129486023466e-02
-9.982093364204476238e-01 -2.804181605402979865e-02 -5.283753619384948946e-02
-9.980319623555949926e-01 -3.575078442977829701e-02 -5.151806909419654606e-02
-9.976090156104584494e-01 -4.219412110371855568e-02 -5.473514559297440463e-02
-9.973539293604735123e-01 -5.077933365597241816e-02 -5.202525216207878195e-02
-9.968478072694787473e-01 -6.127277870876973037e-02 -5.039963994191293262e-02
-9.965145394500626308e-01 -6.803574700801881536e-02 -4.826942829227800352e-02
-9.962340407084212535e-01 -7.419024249702869944e-02 -4.487284093832376308e-02
-9.958633001969411369e-01 -7.944047225387572408e-02 -4.410812227744159014e-02
-9.953732347050110452e-01 -8.825700910587430670e-02 -3.798488526489361694e-02
-9.948538539319903284e-01 -9.542407686824021240e-02 -3.405998007946682560e-02
-9.940971823697553056e-01 -1.020534347200344888e-01 -3.682276479767652988e-02
-9.930892598891245537e-01 -1.108863118979305507e-01 -3.844444434316179882e-02
-9.923688772314637196e-01 -1.163555811848118043e-01 -4.080953257599174988e-02
-9.912137580367685885e-01 -1.257711894037646105e-01 -4.095023233868785167e-02
-9.906684402782486298e-01 -1.311874912805837401e-01 -3.695823550893700959e-02
-9.898544404692779519e-01 -1.368888785565801347e-01 -3.807425956807487799e-02
-9.889436717291036905e-01 -1.438227205884796689e-01 -3.613124306267979230e-02
-9.883719783839917117e-01 -1.477331464654256521e-01 -3.599690698777743142e-02
-9.871522888196541112e-01 -1.553045851081984730e-01 -3.756157833242368405e-02
-9.865344216971489999e-01 -1.597290307219955130e-01 -3.516389002463692764e-02
-9.864568231228754147e-01 -1.596265274319662031e-01 -3.771386309220849109e-02
-9.860534546182720961e-01 -1.628049501698507207e-01 -3.454215348430755145e-02
-9.851461835551842405e-01 -1.681583334709316202e-01 -3.478217138065404362e-02
-9.840500863113804675e-01 -1.750379012472663698e-01 -3.173623005452956558e-02
-9.833515781293863389e-01 -1.787023512400725545e-01 -3.294193393868724562e-02
-9.829042966956249572e-01 -1.817007863249797406e-01 -2.973205899388869228e-02
-9.830871326615860939e-01 -1.805235724161378119e-01 -3.083758967805928786e-02
-9.825473189711850797e-01 -1.835164375361507949e-01 -3.037286063768751196e-02
-9.808821425663361016e-01 -1.926798410889241919e-01 -2.728971533327613844e-02
-9.790720094135189067e-01 -2.009373260132026884e-01 -3.228341781685455103e-02
-9.777291009255592025e-01 -2.076576147839171438e-01 -3.039980050299383521e-02
-9.771836419177536426e-01 -2.096811596217085516e-01 -3.385216311733038608e-02
-9.763456762408898593e-01 -2.137142237147238999e-01 -3.279296744999022489e-02
-9.752650206498730823e-01 -2.180621002099196737e-01 -3.615366782985546257e-02
-9.735066880726283012e-01 -2.249491669588323250e-01 -4.101985570304018947e-02
-9.716424276933330884e-01 -2.327537254189178950e-01 -4.167402134608351461e-02
-9.694542909311032464e-01 -2.411195866479227956e-01 -4.494163787365138690e-02
-9.668751278802782956e-01 -2.513556845661022443e-01 -4.441660706653456636e-02
-9.658534382462157231e-01 -2.553301291859201849e-01 -4.397373088381546780e-02
-9.640379770556652961e-01 -2.620519612590199166e-01 -4.426710348283936780e-02
-9.625517207387120910e-01 -2.672228654500766187e-01 -4.567442560121548478e-02
-9.597912270056200290e-01 -2.763983680085794203e-01 -4.903846473878492596e-02
-9.596196724281277346e-01 -2.763393592313231895e-01 -5.259915534678912680e-02
-9.575745646353405194e-01 -2.835359420804848263e-01 -5.155919893480441496e-02
-9.547326969802524266e-01 -2.933014349581868352e-01 -4.959610663198851799e-02
-9.513689987774678336e-01 -3.036934951001480920e-01 -5.164608021459081433e-02
-9.491377317234823696e-01 -3.107679753139475642e-01 -5.060494100790104144e-02
-9.483484492546975231e-01 -3.134450486616885412e-01 -4.886152432617284908e-02
-9.452757103227183988e-01 -3.229004915718143853e-01 -4.678816347110170693e-02
-9.412298354104474685e-01 -3.343485842482243897e-01 -4.793171623280826493e-02
-9.397996043070394601e-01 -3.387327667352073024e-01 -4.513141618744449107e-02
-9.363253503761748142e-01 -3.480891381394312090e-01 -4.613912078417838764e-02
-9.338520127748994870e-01 -3.551762833728190905e-01 -4.207438898105191061e-02
-9.311175276612028151e-01 -3.624059047553935820e-01 -4.101387719873789139e-02
-9.283824664709677821e-01 -3.700790996554508272e-01 -3.387453221942986897e-02
-9.259187723900798028e-01 -3.761755661001989215e-01 -3.415257532414933683e-02
-9.244633427469295395e-01 -3.800755801482819107e-01 -3.016801716229362829e-02
-9.239160530186761866e-01 -3.819561017637300160e-01 -2.210636163211295024e-02
-9.227298837920997476e-01 -3.846657709703167893e-01 -2.453230839233159696e-02
-9.222919138816649820e-01 -3.858126652763110287e-01 -2.293993970428516785e-02
-9.231940341709128361e-01 -3.840497443076559270e-01 -1.478503341548826830e-02
-9.236427594515291828e-01 -3.829252692456961427e-01 -1.588455620610307664e-02
-9.226485657840772792e-01 -3.853677093872625581e-01 -1.453893585543857871e-02
-9.234603032520486421e-01 -3.835700301322874650e-01 -9.753381076847483441e-03
-9.226809360415845207e-01 -3.855613676433969905e-01 -1.533011842788005105e-03
-9.221589767399099857e-01 -3.867840572000835753e-01 -4.576333545772767394e-03
-9.235063220232909709e-01 -3.835603660840077311e-01 4.188924007706321812e-03
-9.233618677464044966e-01 -3.839167020494375637e-01 3.294755538381383651e-03
-9.242402723174039103e-01 -3.817583513548102325e-01 6.364634883240570182e-03
-9.257291903930076060e-01 -3.781108352644578785e-01 7.595439743267356353e-03
-9.277648475503094128e-01 -3.727194666620293750e-01 1.823774632207454671e-02
-9.291831982631879594e-01 -3.691935883984096001e-01 1.773998054151022102e-02
-9.289244112115464524e-01 -3.697846563288860189e-01 1.894135051499576741e-02
-9.308769882167700072e-01 -3.646881205385817393e-01 2.169415189095196678e-02
-9.281623581161658754e-01 -3.714447655640935042e-01 2.331205240473963394e-02
-9.290347130137178722e-01 -3.689506435358845260e-01 2.774803384677406587e-02
-9.315822109177807064e-01 -3.622678066926776075e-01 3.027621896413159805e-02
-9.334631220592004563e-01 -3.572107143508105320e-01 3.235945324476503099e-02
-9.364478764611829931e-01 -3.489210471269953984e-01 3.632501274432164973e-02
-9.372335679112010487e-01 -3.469911511154629702e-01 3.450230730210788327e-02
-9.386417300407445818e-01 -3.424717710594783471e-01 4.080217921466146314e-02
-9.390373550163562122e-01 -3.409151971191381469e-01 4.456123270259763902e-02
-9.406750378252389799e-01 -3.362091783702746417e-01 4.575905219477083286e-02
-9.436906658027547357e-01 -3.270581847086544425e-01 4.980863828472915922e-02
-9.453624450026537618e-01 -3.216653602876657359e-01 5.311565771927252710e-02
-9.485555476606609693e-01 -3.108513570749652510e-01 6.011519671825934358e-02
-9.513104763141451148e-01 -3.020305057378264713e-01 6.153032880389820020e-02
-9.556366422104414227e-01 -2.889775566024017084e-01 5.701411557982646872e-02
-9.594301891380040415e-01 -2.759974848814673587e-01 5.761189175305841265e-02
-9.626737643873052308e-01 -2.647018700175316486e-01 5.649931681061053090e-02
-9.644716463295102127e-01 -2.581725502090177482e-01 5.604825750655019478e-02
-9.669601004311960679e-01 -2.487369128654370043e-01 5.584032382171760095e-02
-9.696518309717304662e-01 -2.379474834862944088e-01 5.618141362355426327e-02
-9.716144138802154107e-01 -2.300771798403837831e-01 5.504499451232426621e-02
-9.723316778496485790e-01 -2.261129172080720007e-01 5.868633909775756302e-02
-9.749616741178430690e-01 -2.143381727284215665e-01 5.923606375131058865e-02
-9.761849614657258645e-01 -2.071817836202655139e-01 6.433241148286283906e-02
-9.783348282319628275e-01 -1.977252786283552610e-01 6.136536149281776598e-02
-9.806266079352451426e-01 -1.843045589457630307e-01 6.635748200883222203e-02
-9.815682116283623859e-01 -1.787776858963713855e-01 6.754565129763018261e-02
-9.836463247399898080e-01 -1.685041051243738874e-01 6.361056698274575316e-02
-9.846198650190313151e-01 -1.618344604136811582e-01 6.582825207253893696e-02
-9.860494182638158689e-01 -1.528956106342311549e-01 6.579898880378921844e-02
-9.874925808393645310e-01 -1.437069065376183896e-01 6.485952264798153233e-02
-9.883104955681579762e-01 -1.384897658090149808e-01 6.374150115727948707e-02
-9.888365836378175677e-01 -1.347565232618196940e-01 6.358396140825006704e-02
-9.912591413145893648e-01 -1.175861125176352051e-01 5.982349261401100071e-02
-9.919776426874346020e-01 -1.066379866043081631e-01 6.788759826888593474e-02
-9.927476100279600812e-01 -9.960892156002290609e-02 6.730731964872725681e-02
-9.941285330747966498e-01 -8.755252576434036094e-02 6.358493821131833146e-02
-9.950248361567993749e-01 -7.785033911309019450e-02 6.216855709723286688e-02
-9.954879133890073284e-01 -6.856672647304551393e-02 6.559304717499932214e-02
-9.962297601453389273e-01 -5.269760498244260849e-02 6.891485748097646302e-02
-9.966597698084398438e-01 -4.345422327245402477e-02 6.914523763964036673e-02
-9.970919154646166183e-01 -3.028444258561106134e-02 6.993278860542041786e-02
-9.972345080359299452e-01 -1.477600005668172969e-02 7.283567914560068468e-02
-9.971904346416087250e-01 1.073170399671068836e-03 7.490070796170433809e-02
-9.970219384761078718e-01 9.584088654477214766e-03 7.652078273189324986e-02
-9.968807530175642917e-01 2.099226827360328729e-02 7.607969277777827666e-02
-9.965313778514016674e-01 3.647624232752504081e-02 7.479791014475556388e-02
-9.965514682805745039e-01 4.668601864567628601e-02 6.859750074930455466e-02
-9.961540215376261109e-01 5.380166171550672394e-02 6.915617821221359263e-02
-9.953446935258990491e-01 6.386156905077518264e-02 7.218498166663619986e-02
-9.944994420762693910e-01 7.990146046283580494e-02 6.772478154473202117e-02
-9.941094695957645166e-01 8.621325539922346237e-02 6.567850988162728110e-02
-9.934096410765024254e-01 9.253376380932874790e-02 6.763739598531304242e-02
-9.925728260223317667e-01 1.030155307262034803e-01 6.470714882848403737e-02
-9.911957120476602157e-01 1.146386342083493132e-01 6.625008484274375054e-02
-9.901586796102881394e-01 1.246712076933415569e-01 6.358387183806851750e-02
-9.886355194127658397e-01 1.372594797110605058e-01 6.131618477768920744e-02
-9.879825623230737985e-01 1.390980818103896288e-01 6.739591842766309848e-02
-9.861381475710113698e-01 1.509104326855574552e-01 6.897553833718239602e-02
-9.849511515012424612e-01 1.592466535314937814e-01 6.716965148418374554e-02
-9.827422975081551160e-01 1.692775167485321419e-01 7.458370437436968869e-02
-9.811106858004393638e-01 1.774532366521256177e-01 7.702078400100974276e-02
-9.805012870652166646e-01 1.829667483221780744e-01 7.169675748345037680e-02
-9.783105828119436076e-01 1.950872876606598583e-01 6.963751560424757958e-02
-9.764187996864251984e-01 2.046370636194989046e-01 6.877521062411107167e-02
-9.735955632412214289e-01 2.161928967320274619e-01 7.329625319990645815e-02
-9.725783081786962825e-01 2.203167471810096867e-01 7.451171384011892607e-02
-9.712266703751429864e-01 2.262108221652107398e-01 7.448119772073000244e-02
-9.683603041467262473e-01 2.384739664711108542e-01 7.354263219866717660e-02
-9.644838829078770104e-01 2.542297123785362545e-01 7.168070079708049880e-02
-9.628864396984000429e-01 2.616589186032821646e-01 6.621438079585553749e-02
-9.594507498080865338e-01 2.731786524528252436e-01 6.948174069333805380e-02
-9.564789795533991112e-01 2.837965444840410689e-01 6.787866137676427936e-02
-9.527771973436044428e-01 2.966222177465516197e-01 6.504537922267156214e-02
-9.502882085706997328e-01 3.046621459208370131e-01 6.429095331366700694e-02
-9.470320283096491654e-01 3.136745550283842610e-01 6.883778221755780524e-02
-9.431119372784081412e-01 3.252209588245256189e-01 6.907409854180832087e-02
-9.408008088570767313e-01 3.328938737528623903e-01 6.383992553799318348e-02
-9.373584788719544481e-01 3.432219565872847711e-01 5.964729230498060086e-02
-9.349948235292562249e-01 3.500801167239975809e-01 5.682095226554044476e-02
-9.324596207127473502e-01 3.573442626309713543e-01 5.314284914179323582e-02
-9.297009428561933131e-01 3.650530818920689757e-01 4.891250259482865514e-02
-9.285950801400827403e-01 3.678569468665430775e-01 4.891290666473910309e-02
-9.266120642964457144e-01 3.734181261518162986e-01 4.414763891135364132e-02
-9.223301050586482086e-01 3.842475619690305932e-01 4.075557448787411191e-02
-9.215872879626518799e-01 3.864531630447769484e-01 3.648084231808579325e-02
-9.201548792390246145e-01 3.902755243560940279e-01 3.162343636464626240e-02
-9.192647222494964021e-01 3.918613484631233712e-01 3.737756664188857797e-02
-9.181906205780632213e-01 3.944237171569500155e-01 3.682314620114865433e-02
-9.155362936604399815e-01 4.009570068981967439e-01 3.204374976550169313e-02
-9.146664444544467809e-01 4.030021848145239338e-01 3.121798685594814882e-02
-9.123467750126065257e-01 4.086120667096103110e-01 2.568208084328874041e-02
-9.123704495524348479e-01 4.086738260216402074e-01 2.378854610197997724e-02
-9.114453739132269972e-01 4.110823962338693294e-01 1.669197572882510916e-02
-9.115415778575053363e-01 4.110695209550152551e-01 1.066906649342315785e-02
-9.118587267319903100e-01 4.103611438215061802e-01 1.083615819964039648e-02
-9.119236350610097075e-01 4.103420248603393272e-01 3.838580388375851735e-03
-9.107209408873042644e-01 4.130206614322834979e-01 1.152932345701326248e-03
-9.100475451653060599e-01 4.145039055977315923e-01 -7.723229913945864160e-05
-9.087287537773384161e-01 4.173555087526918950e-01 -5.143879024759014790e-03
-9.108425314778828552e-01 4.127401822342515736e-01 -3.384213390247839751e-03
-9.095927682530704494e-01 4.154280514493852716e-01 -7.781901457056704038e-03
-9.099808508331795887e-01 4.144634064416791164e-01 -1.244844878921503792e-02
-9.129424504966362486e-01 4.079834557688744590e-01 -9.252553412194068974e-03
-9.127696325880126915e-01 4.084058261766858600e-01 -7.503787164742706933e-03
-9.118495269181036145e-01 4.103708094246358296e-01 -1.123685347652450539e-02
-9.146984694219513212e-01 4.040067166959747103e-01 -1.026210059028415111e-02
-9.132774832571153301e-01 4.071896871451443634e-01 -1.099204544670796466e-02
-9.152131887885065487e-01 4.025922485010888785e-01 -1.744501364225537962e-02
-9.156550049526932522e-01 4.014129125805485088e-01 -2.106213545205518761e-02
-9.171005903061729692e-01 3.979112284198516591e-01 -2.435548439439706378e-02
-9.191312100368086435e-01 3.931976328792077258e-01 -2.436120475763812673e-02
-9.212718568154383281e-01 3.877695724818230882e-01 -2.988231511864196735e-02
-9.242981150426529124e-01 3.806203328351056014e-01 -2.830521097956982188e-02
-9.237427891012344183e-01 3.816417257413657338e-01 -3.238643127834161389e-02
-9.260168914752185954e-01 3.761358478043692055e-01 -3.185229767021231784e-02
-9.283261317963137360e-01 3.705532573457266943e-01 -3.001507205189252875e-02
-9.289572170755291403e-01 3.689950849373624386e-01 -2.968407293974900316e-02
-9.301116225932851700e-01 3.662394607068033547e-01 -2.758722488402665790e-02
-9.312629192345991402e-01 3.630906367078325925e-01 -3.024223739121673776e-02
-9.327771554421339095e-01 3.590598333440958023e-01 -3.166768887116811620e-02
-9.346648789351356124e-01 3.537038114639390884e-01 -3.598897098701259872e-02
-9.342138364150065488e-01 3.543649237022660214e-01 -4.086608493710409268e-02
-9.353154593635261138e-01 3.508964878818361943e-01 -4.535057383442539503e-02
-9.379626392256976697e-01 3.434936077601172810e-01 -4.731022282825534525e-02
-9.414804360135290429e-01 3.331666634598208776e-01 -5.113307621384081958e-02
-9.454458232524566297e-01 3.212846354069618937e-01 -5.392965075488811988e-02
-9.484994524825880458e-01 3.114795729450471895e-01 -5.770003017251870703e-02
-9.509407176090171054e-01 3.037877134935262902e-01 -5.852184180379862988e-02
-9.535944812311493157e-01 2.942986852330382597e-01 -6.360722469380587774e-02
-9.569306267450539139e-01 2.832317874257188617e-01 -6.374605866061888726e-02
-9.603062741953546366e-01 2.724445683059975587e-01 -5.988193783409295062e-02
-9.631642613397652930e-01 2.611888437118549122e-01 -6.399237035761749792e-02
-9.658739697540315028e-01 2.493802557870142267e-01 -6.997851880017685877e-02
-9.683769661177825672e-01 2.397236249334610270e-01 -6.912789290571570711e-02
-9.711815248059024741e-01 2.284261838063575689e-01 -6.802907270571081910e-02
-9.718925429652559567e-01 2.244387835492502037e-01 -7.107846167002764004e-02
-9.742301008515713567e-01 2.145599078187984121e-01 -6.956857596810554767e-02
-9.766625376531735681e-01 2.041007940210073923e-01 -6.688186207707713660e-02
-9.779887826087875213e-01 1.955162777983086575e-01 -7.287905279776189793e-02
-9.793463574748104694e-01 1.868795741011154976e-01 -7.718009569324882357e-02
-9.812209163803887746e-01 1.755664466145430980e-01 -7.988721123584621719e-02
-9.834657412967299228e-01 1.603506991724842068e-01 -8.415948912881686395e-02
-9.856345279384249869e-01 1.467385456744345340e-01 -8.362061449536503654e-02
-9.869509581521539454e-01 1.355993946042886866e-01 -8.683686438431723054e-02
-9.880011175016953917e-01 1.280753823222035293e-01 -8.631638819091390358e-02
-9.900035394345468864e-01 1.143367783249367164e-01 -8.258404029596538853e-02
-9.914461604636535252e-01 1.002417614540706686e-01 -8.358307770515585600e-02
-9.923755293857783322e-01 8.807007811721080659e-02 -8.622355274278060977e-02
-9.934777889818287022e-01 7.375030660114784142e-02 -8.696439622159544969e-02
-9.943682033088111494e-01 5.861375296033725923e-02 -8.829686043244584781e-02
-9.949243390124813402e-01 4.712262818886739368e-02 -8.891034206965101050e-02
-9.953481983819484347e-01 3.469390536483348692e-02 -8.987952141056698707e-02
-9.953763512921890433e-01 2.077842176230380172e-02 -9.377743966745778759e-02
-9.954166643001679526e-01 1.006511671862345136e-02 -9.510199616412279289e-02
-9.955416011566359247e-01 -6.339517709833149967e-03 -9.411037475416375586e-02
-9.948926835479682262e-01 -2.124179416089223837e-02 -9.867809488498466286e-02
-9.951517713116141417e-01 -3.265006626442171211e-02 -9.277368608153586937e-02
-9.947647429866375290e-01 -4.685758890109345542e-02 -9.081576906857666276e-02
-9.941160082775629681e-01 -5.729684932094990940e-02 -9.192640903987518708e-02
-9.935531014216154588e-01 -7.232980956596853084e-02 -8.729641687508270242e-02
-9.923779438461236557e-01 -8.594573135505903516e-02 -8.831409285296656919e-02
-9.910865359330981450e-01 -1.008750258008529327e-01 -8.701573741686476071e-02
-9.897873796956612180e-01 -1.162776981875582871e-01 -8.246496360442494289e-02
-9.884235759951639499e-01 -1.289159493070470286e-01 -7.999714136874674919e-02
-9.864844423734177026e-01 -1.435509824467332551e-01 -7.900373716657443923e-02
-9.846154003727708437e-01 -1.558020012547071953e-01 -7.910929055039242486e-02
-9.828008958548516416e-01 -1.685139213259344571e-01 -7.553467492740424671e-02
-9.803920658000161437e-01 -1.810473500065800379e-01 -7.780285535758166282e-02
-9.778999124175645763e-01 -1.959657686261351284e-01 -7.286431432961948396e-02
-9.752866037160622392e-01 -2.064018304916654112e-01 -7.883117908193509882e-02
-9.716102654568818942e-01 -2.225046547048326606e-01 -8.040647150950409883e-02
-9.687005935076515861e-01 -2.351663443260983422e-01 -7.947314342631955908e-02
-9.659440429576303666e-01 -2.450496679778709219e-01 -8.308306792477479497e-02
-9.623993078057219153e-01 -2.589351017987134851e-01 -8.209881512241737345e-02
-9.604326432396504964e-01 -2.672876445432203485e-01 -7.827185303464774535e-02
-9.557239668019399392e-01 -2.842979333979962497e-01 -7.593690883461062802e-02
-9.523447711179088282e-01 -2.939598155030644921e-01 -8.140696556082821500e-02
-9.483161071371078998e-01 -3.075921914117157319e-01 -7.799765956147508561e-02
-9.453656931797037588e-01 -3.178242215554039074e-01 -7.260509737331397040e-02
-9.407395365689600331e-01 -3.315598446996063653e-01 -7.125463816978369613e-02
-9.388960939990396160e-01 -3.376961759060617130e-01 -6.659915109299104075e-02
-9.375879113457892267e-01 -3.418944972315491881e-01 -6.353810408967615342e-02
-9.357621918540798278e-01 -3.477225718230878559e-01 -5.863584811147654757e-02
-9.335554294098632466e-01 -3.535652908586905951e-01 -5.887167965855638618e-02
-9.315248545751421139e-01 -3.594380376149802214e-01 -5.536941047040069841e-02
-9.274937205482619573e-01 -3.695127740761136037e-01 -5.670747228871569900e-02
-9.242209175630722306e-01 -3.780863318442613807e-01 -5.353924003144012317e-02
-9.203895266941412023e-01 -3.873963813379139864e-01 -5.298293929734140817e-02
-9.187057487159517866e-01 -3.913003067560633097e-01 -5.351491556023842827e-02
-9.151794790030725046e-01 -3.997843058875269473e-01 -5.117674089301837981e-02
-9.136156134716266752e-01 -4.042366569489249661e-01 -4.358055452388770457e-02
-9.120165008473941626e-01 -4.083000227991356867e-01 -3.894896936731252757e-02
-9.091027260299839874e-01 -4.150972158954711055e-01 -3.502232752292269019e-02
-9.066074680815731091e-01 -4.206518994180448723e-01 -3.339022107515185467e-02
-9.060963664194474632e-01 -4.221913747514849935e-01 -2.727354617285607935e-02
-9.086908582594522832e-01 -4.169811100938126680e-01 -2.019174670498508073e-02
-9.075065125307703040e-01 -4.194110399092577657e-01 -2.294205927404710868e-02
-9.039258941731271868e-01 -4.267991708571527432e-01 -2.757670380912240898e-02
-9.012133985404204850e-01 -4.322696365665967821e-01 -3.094189135597155346e-02
-8.996601046436152327e-01 -4.356787550791891839e-01 -2.820899645900942429e-02
-8.987757853662627916e-01 -4.377128497295029175e-01 -2.468962976607162740e-02
-8.978098567426840981e-01 -4.400215223932870123e-01 -1.784796652876473669e-02
-8.968832502313947019e-01 -4.419468301137629007e-01 -1.683638178744917974e-02
-8.928471447936134897e-01 -4.501197588226057977e-01 -1.470400061861606988e-02
-8.922970307317061867e-01 -4.512576685076832295e-01 -1.313599778889695119e-02
-8.918232242764767559e-01 -4.523775680586341608e-01 -2.429301446773718745e-03
-8.932157796060642418e-01 -4.496277397261031483e-01 7.040422462501671683e-04
-8.943103787153516837e-01 -4.474301707747376233e-01 3.900996275174632103e-03
-8.941781272021289695e-01 -4.477079181245602890e-01 1.768010029670249745e-03
-8.957952724898516905e-01 -4.443161163948178283e-01 1.157789589294274876e-02
-8.972799361784927763e-01 -4.413491467377420596e-01 9.983784630306472702e-03
-8.973350280945093793e-01 -4.411319696618826725e-01 1.387306266299082741e-02
-8.981721423974869944e-01 -4.395218155090089840e-01 1.036366044199986403e-02
-8.993786172690320102e-01 -4.370336615975792260e-01 1.094123294400078938e-02
-9.011882978056583449e-01 -4.332128106411912705e-01 1.365070418558019492e-02
-9.021403660791637025e-01 -4.310096128601158538e-01 1.932621755163575761e-02
-9.044428990142814317e-01 -4.258982020169961302e-01 2.436787280501884895e-02
-9.061497976501643459e-01 -4.220069001747704940e-01 2.833283915317137691e-02
-9.074404597257502703e-01 -4.192013206995008345e-01 2.867218402070915995e-02
-9.087795559478656360e-01 -4.159581364316571328e-01 3.314478643653667733e-02
-9.104748649341339872e-01 -4.124023650315587486e-01 3.098126941239454438e-02
-9.116754450641446628e-01 -4.099753856283396836e-01 2.771453490661380387e-02
-9.112719174241584730e-01 -4.106013659955115580e-01 3.146490336597435045e-02
-9.128901907326015808e-01 -4.066645682837329856e-01 3.543244283124192401e-02
-9.162816827962090294e-01 -3.990608183218405380e-01 3.432740165983817066e-02
-9.176306265119721362e-01 -3.954700359356797534e-01 3.946534614115855544e-02
-9.202474609157158536e-01 -3.890089202919005951e-01 4.262276937394090387e-02
-9.233903604703500578e-01 -3.808792978860576217e-01 4.776224989614852312e-02
-9.272476958539136449e-01 -3.713435559922670937e-01 4.812176056942063518e-02
-9.293177977964698355e-01 -3.658738855438510296e-01 5.004758258269642601e-02
-9.329038142562924296e-01 -3.566016159915365580e-01 5.025724599252377744e-02
-9.343567615972466767e-01 -3.524187052033198597e-01 5.271174790193233761e-02
-9.376569735754107793e-01 -3.440505088539148049e-01 4.928161060518754938e-02
-9.423018183183825558e-01 -3.315607785421518794e-01 4.620349618684642390e-02
-9.443301190645198018e-01 -3.250659608358644204e-01 5.072255175589301945e-02
-9.472862022873425047e-01 -3.154966723886537538e-01 5.577392728043893688e-02
-9.494792239773455211e-01 -3.086461823159347140e-01 5.680464517702554783e-02
-9.507349811376286652e-01 -3.043408744707538083e-01 5.898862720486036659e-02
-9.538263698328152129e-01 -2.939703732894397015e-01 6.161741774255827947e-02
-9.565783274112275025e-01 -2.842295737535886491e-01 6.458702264913092350e-02
-9.594470580700242834e-01 -2.734186704451287975e-01 6.858282879689688027e-02
-9.614677146441160671e-01 -2.657911267744305084e-01 7.024914005067955936e-02
-9.643272350790969005e-01 -2.559132203796209981e-01 6.768632309967655136e-02
-9.666689326249525704e-01 -2.466508429778428158e-01 6.866270761383512500e-02
-9.690052949912754121e-01 -2.373142244796422051e-01 6.863474483839371310e-02
-9.710257451938532069e-01 -2.286138141109422817e-01 6.960429039893901992e-02
-9.733548600529184913e-01 -2.191036535036268440e-01 6.763088370491282530e-02
-9.750213931963661596e-01 -2.112153451440872132e-01 6.871238491259262782e-02
-9.764412303087450784e-01 -2.034831715940354224e-01 7.181332642750723472e-02
-9.775952053844348955e-01 -1.981888179800436189e-01 7.091430066905438090e-02
-9.802538897123246331e-01 -1.838421998729369289e-01 7.283123339247191130e-02
-9.829746317530526634e-01 -1.691763913546588671e-01 7.169555888755685391e-02
-9.858724836144960868e-01 -1.508266115465810020e-01 7.284785984437441853e-02
-9.871767599020891959e-01 -1.443969739173487643e-01 6.805578463291621361e-02
-9.884201410787809561e-01 -1.349471569507030289e-01 6.938963008757816076e-02
-9.898613524928101537e-01 -1.228341600524781169e-01 7.131832427772416549e-02
-9.909085837903975902e-01 -1.159204443928103234e-01 6.828367574314983535e-02
-9.921447707087549528e-01 -1.037729399918570911e-01 6.985672653310666391e-02
-9.936118129687628864e-01 -8.936301873518333327e-02 6.891913587437611954e-02
-9.941176292693622019e-01 -8.409913352760624294e-02 6.824592420015206107e-02
-9.946050573362824609e-01 -7.743870154532725425e-02 6.902216097983164544e-02
-9.959503969670499002e-01 -6.165441182712819157e-02 6.543371483469986871e-02
-9.964689877982441102e-01 -5.033431342164563366e-02 6.720151868210981483e-02
-9.969641982111903111e-01 -4.015188384721099513e-02 6.671015337638060150e-02
-9.968907107917071020e-01 -3.504520520899821745e-02 7.057460834130135918e-02
-9.974559687823224552e-01 -2.298700399414348519e-02 6.747754417851392628e-02
-9.975321573796599450e-01 -1.515663799140031139e-02 6.855583390100292163e-02
-9.978083639191154264e-01 -2.521374980594265347e-05 6.617022857773989519e-02
-9.974669719424511527e-01 7.537619776442860270e-03 7.073086427692258649e-02
-9.971142070313724348e-01 2.264127868140159566e-02 7.246145076644111560e-02
-9.971536959431547276e-01 3.349855610261918970e-02 6.754542392635924652e-02
-9.970799654472657370e-01 4.423858956999643377e-02 6.224564363572634290e-02
-9.968994824507094732e-01 5.412417999562145476e-02 5.711414126226600774e-02
-9.969345726688156883e-01 5.554323000003673350e-02 5.510387933952853173e-02
-9.962984119727070764e-01 6.403227917158599292e-02 5.735304438706836233e-02
-9.951560915592557732e-01 7.591559145506682205e-02 6.245964111332859281e-02
-9.945646718348915005e-01 8.475053664624378202e-02 6.048545553823246601e-02
-9.939636861515729338e-01 9.228301884206012440e-02 5.933013799151833079e-02
-9.923535854474547779e-01 1.098873340406931742e-01 5.620645150462256351e-02
-9.914198711078309190e-01 1.175016220810473910e-01 5.727161566333287268e-02
-9.905622017122076572e-01 1.266526608722558511e-01 5.239902521614964170e-02
-9.896283795410516504e-01 1.342692491870873805e-01 5.106338159548651917e-02
-9.881496854638651683e-01 1.423818969425590664e-01 5.733781281547000591e-02
-9.870063424242050409e-01 1.504075383477985750e-01 5.653390681127747758e-02
-9.847964595670687382e-01 1.647204764757934092e-01 5.516455312045315251e-02
-9.838028829471852088e-01 1.717627533719592592e-01 5.127839747914994528e-02
-9.820454031246206306e-01 1.829263851752093717e-01 4.609548412069164325e-02
-9.809873445162579086e-01 1.896140694360860524e-01 4.135655074859668351e-02
-9.809385822268517074e-01 1.899665578582820369e-01 4.089296409003709276e-02
-9.793371153375427518e-01 1.984580389441643056e-01 3.890052657411880582e-02
-9.774104159379528589e-01 2.084553130597734949e-01 3.486101883506324828e-02
-9.768475475247618833e-01 2.112009806608780849e-01 3.410343107326540418e-02
-9.767975199993786939e-01 2.122355081942242927e-01 2.868315413749831025e-02
-9.759712738167483081e-01 2.163840273382341972e-01 2.565257646656178558e-02
-9.739957447602217711e-01 2.255380456440093939e-01 2.156172818412408279e-02
-9.734024935771137255e-01 2.277398410279824759e-01 2.494352286864565810e-02
-9.723251429133956680e-01 2.327895720131246682e-01 1.982071170418931924e-02
-9.712501625249547743e-01 2.373564550955699348e-01 1.830475306332457475e-02
-9.716581027684175753e-01 2.357796338869263819e-01 1.698601043697823415e-02
-9.698930948942181551e-01 2.428857606052257090e-01 1.771781055726504711e-02
-9.682531268707095240e-01 2.497711068609216878e-01 1.001523952562811959e-02
-9.680742268783023574e-01 2.505011706328725274e-01 9.026810305069040904e-03
-9.674859010933325454e-01 2.528853469466650350e-01 4.478947276050100797e-03
-9.675461195844176077e-01 2.526783009631771160e-01 2.865517006213280909e-03
-9.664067714306561196e-01 2.570009204135200731e-01 -2.916733687969037554e-03
-9.667560665235350736e-01 2.556464304843260038e-01 -5.257255031591983110e-03
-9.680130906804873536e-01 2.508700719253000311e-01 -3.858957470313567270e-03
-9.692622445646383866e-01 2.457591310274537533e-01 -1.154032930875295224e-02
-9.703264508285759371e-01 2.414638392910351816e-01 -1.272091122636528730e-02
-9.709716645897444876e-01 2.388738275805459277e-01 -1.238343680444948559e-02
-9.718949909189122938e-01 2.349745874850833749e-01 -1.439091213768673404e-02
-9.725817694661498258e-01 2.319443758701307812e-01 -1.692739518507440505e-02
-9.721604535664103430e-01 2.336065438550708473e-01 -1.822261473615266122e-02
-9.741753849891288120e-01 2.250767061960976811e-01 -1.796730643076736508e-02
-9.752132125621058023e-01 2.200372854437624981e-01 -2.329831980369504590e-02
-9.755596947178695189e-01 2.181621568731969552e-01 -2.624088501001112586e-02
-9.771550168118574575e-01 2.110226224187589927e-01 -2.524984381969789041e-02
-9.768889853844308080e-01 2.117150866584982527e-01 -2.940511863395699199e-02
-9.783464029752176883e-01 2.045669354561243103e-01 -3.147560113158236889e-02
-9.789754826785317388e-01 2.021187977161922888e-01 -2.747771125108894319e-02
-9.812547321928238864e-01 1.903015716456560591e-01 -3.040544647327736785e-02
-9.831376795136503866e-01 1.797431941650526610e-01 -3.365585105352522644e-02
-9.846383052284493065e-01 1.699856483210194225e-01 -3.990384393095888771e-02
-9.852155523343891774e-01 1.659892820479185738e-01 -4.240168939466985171e-02
-9.861282053649184087e-01 1.601027679340634724e-01 -4.379835553022241174e-02
-9.870753609816559360e-01 1.551216680847771201e-01 -4.024337740243463801e-02
-9.886908494785695556e-01 1.436769147980200556e-01 -4.298113929651641019e-02
-9.886898625829461107e-01 1.427916231207199960e-01 -4.585780253801758494e-02
-9.895670703512108313e-01 1.356208025527109728e-01 -4.862140813466427763e-02
-9.902090442179928287e-01 1.327650332413002898e-01 -4.312220667026427784e-02
-9.908430314383885884e-01 1.280890080185782820e-01 -4.270038726780153726e-02
-9.910258845153662177e-01 1.275252336095548944e-01 -4.006296312185902986e-02
-9.922284339146091314e-01 1.192619305334793461e-01 -3.548741592634560571e-02
-9.925220183248525396e-01 1.173615876085374321e-01 -3.356085064498663673e-02
-9.928843177199156989e-01 1.138809209252969745e-01 -3.481231522410545287e-02
-9.936381283355100180e-01 1.067286105409676333e-01 -3.594862258713301534e-02
-9.936914673382943874e-01 1.046799627762979440e-01 -4.024180717582338807e-02
-9.945947582900205308e-01 9.488982508428470131e-02 -4.215706232677579601e-02
-9.950855539178905529e-01 8.977691713506273652e-02 -4.177170751287505313e-02
-9.957514278051640133e-01 8.096905639505100338e-02 -4.385357494397704170e-02
-9.961093390663859903e-01 7.735104101375002428e-02 -4.222595360282335730e-02
-9.966979419659911521e-01 6.787457638290285422e-02 -4.456775292618903039e-02
-9.972523019648212861e-01 5.683540597782796300e-02 -4.751434851277407112e-02
-9.978559978230340244e-01 4.732601512550592415e-02 -4.520714702627984943e-02
-9.977841591816584144e-01 4.334877601456425117e-02 -5.047460424472986762e-02
-9.979975059204831966e-01 3.749384356490276932e-02 -5.094330438669805033e-02
-9.983080316822631195e-01 2.464296996316009403e-02 -5.266714732041623964e-02
-9.985814294567630922e-01 2.078699468482686150e-02 -4.902101603187036805e-02
-9.987504204698087751e-01 1.349623090873103975e-02 -4.811943218214373430e-02
-9.989616011394618633e-01 9.966292122892442609e-03 -4.445697751623384208e-02
-9.991806931722846397e-01 8.180444629103634027e-03 -3.963651205509695352e-02
-9.993571154122307121e-01 -3.577587433979453196e-04 -3.585049473235332046e-02
-9.994005493021828057e-01 -4.902162213195959857e-03 -3.427157565775234421e-02
-9.989415588603040019e-01 -1.572622753982807348e-02 -4.322590128090322142e-02
-9.984813784301251882e-01 -2.559653146443285898e-02 -4.878304844358423431e-02
-9.979774990941591151e-01 -3.457078011548297275e-02 -5.334607737135112215e-02
-9.968518543724547154e-01 -4.803506885032618468e-02 -6.307967378145158677e-02
-9.968468201948537111e-01 -5.185104328192936124e-02 -6.006595522849910579e-02
-9.962147861920459535e-01 -6.008253683877885776e-02 -6.281895598662852465e-02
-9.955856082586893585e-01 -7.192540506696586122e-02 -6.029979480549764459e-02
-9.954984760615974704e-01 -7.479216117667956965e-02 -5.821468285006377308e-02
-9.946359807980704737e-01 -8.544067559138045220e-02 -5.830256575971540928e-02
-9.940903279685266991e-01 -9.354323915406728696e-02 -5.508279793743996872e-02
-9.936582989437989788e-01 -1.015655033059703755e-01 -4.824588686650874148e-02
-9.928920627599936433e-01 -1.075353796377492566e-01 -5.100515773927148666e-02
-9.922624866667841825e-01 -1.142236245030251174e-01 -4.866367646659893603e-02
-9.918427423445019819e-01 -1.191575025248192976e-01 -4.527136235284064808e-02
-9.906537766173030279e-01 -1.292071166284526618e-01 -4.371095970511958834e-02
-9.891226490988415110e-01 -1.404229932404267023e-01 -4.379269482397358387e-02
-9.882870886548962286e-01 -1.468564436238354587e-01 -4.149514817178474174e-02
-9.876099793910774194e-01 -1.511790970021397174e-01 -4.208849276903841446e-02
-9.879957510956246525e-01 -1.492582400213755545e-01 -3.982970802141293232e-02
-9.877281053069368877e-01 -1.526771692948853953e-01 -3.290750468752930147e-02
-9.874911543441763362e-01 -1.545504987170207012e-01 -3.123131958003927053e-02
-9.867781736439524831e-01 -1.591928896316245068e-01 -3.043832691120621631e-02
-9.866621700437681053e-01 -1.607833274216174391e-01 -2.542667137658819951e-02
-9.861593618099082637e-01 -1.646573949839631457e-01 -1.943417416072342960e-02
-9.853549024127959965e-01 -1.690297473321363264e-01 -2.246536607430262705e-02
-9.854723665113875875e-01 -1.681654414244238838e-01 -2.376196570772780292e-02
-9.849503045498758658e-01 -1.706357525008085907e-01 -2.750217242747280896e-02
-9.847889352394642026e-01 -1.723416574045111005e-01 -2.211646527695449935e-02
-9.843835269430732948e-01 -1.750497445096972637e-01 -1.861963227948781885e-02
-9.846687025674036864e-01 -1.741539400987328345e-01 -9.898653317400632132e-03
-9.841985103085684194e-01 -1.770685899333898916e-01 1.972920880440702518e-04
-9.830329919347888801e-01 -1.834168444135265141e-01 2.104769368403363629e-03
-9.830861314880906532e-01 -1.829933124989168713e-01 7.425483060769061741e-03
-9.840158850520531741e-01 -1.778495246984541367e-01 9.072856516822481315e-03
-9.842917149085018691e-01 -1.761518629553752990e-01 1.184792697981332243e-02
-9.846025092854240324e-01 -1.745229485651703938e-01 9.983553127889613008e-03
-9.844545076683101081e-01 -1.751214206407684937e-01 1.348490141242378836e-02
-9.852278305798181091e-01 -1.703746385138627806e-01 1.728110748098360405e-02
-9.856043925176741771e-01 -1.677958749194114751e-01 2.070164625878851208e-02
-9.866409592488993852e-01 -1.622532246002976186e-01 1.461303490685293346e-02
-9.874176358631837624e-01 -1.574419681358155687e-01 1.478077169481816638e-02
-9.872137441409940539e-01 -1.585643347677716808e-01 1.632198703961846784e-02
-9.878080425082494953e-01 -1.549433628991494782e-01 1.509495237412621614e-02
-9.879780397460296015e-01 -1.537628496826647928e-01 1.601284442571739366e-02
-9.880700798970823984e-01 -1.529212522317769940e-01 1.823842087725612016e-02
-9.886516761965439271e-01 -1.489587875920215798e-01 1.947241567758694822e-02
-9.887859584924276746e-01 -1.477099822047805988e-01 2.200276529310491586e-02
-9.881830123313251057e-01 -1.519691027976887154e-01 1.999395485302087050e-02
-9.888755838720040270e-01 -1.476135450086484557e-01 1.831265181327996344e-02
-9.889688755392812558e-01 -1.473154711486147350e-01 1.545145411068199297e-02
-9.890781244202745404e-01 -1.463988871794159041e-01 1.708396604585627615e-02
-9.893464090329699978e-01 -1.437736482650708858e-01 2.286598747195188117e-02
-9.896044908303539556e-01 -1.415446372611570414e-01 2.545780473060783519e-02
-9.896525237546871523e-01 -1.408881161480164124e-01 2.717449904517786619e-02
-9.903422240556916112e-01 -1.356690291805500992e-01 2.856967370034020973e-02
-9.902812023947846765e-01 -1.353529741220692306e-01 3.198038585543544476e-02
-9.907690376043926106e-01 -1.323931865592006540e-01 2.913401477259767655e-02
-9.916212592103824663e-01 -1.250830854004122972e-01 3.227278742559201719e-02
-9.917640890639560780e-01 -1.226814950772533996e-01 3.678689011858770480e-02
-9.924375205608473305e-01 -1.170248273665527722e-01 3.705388570357927291e-02
-9.924629612698810943e-01 -1.158565236642532248e-01 3.993205904891825031e-02
-9.928307041094825980e-01 -1.113061721325623171e-01 4.356790141859050863e-02
-9.934380432474280154e-01 -1.057905609959018667e-01 4.346543961902790687e-02
-9.939741457538364688e-01 -1.019898098698955174e-01 4.016851033236473051e-02
-9.946176347920260286e-01 -9.423947395690368545e-02 4.306640435263333483e-02
-9.953800680346261975e-01 -8.772358915020259107e-02 3.902723440342763944e-02
-9.957130282958582823e-01 -8.439493598098327110e-02 3.785621492286463802e-02
-9.963043518047421943e-01 -7.572242764935716020e-02 4.054362673030283831e-02
-9.968644632727422517e-01 -6.907602963494501036e-02 3.859762951220991473e-02
-9.972777739600946489e-01 -6.352984034036998628e-02 3.743038790989990788e-02
-9.978420302559375399e-01 -5.306590292768971484e-02 3.866944155829267482e-02
-9.981075717034280093e-01 -4.469559769108011338e-02 4.223283209183486403e-02
-9.982845481524499354e-01 -3.647165690519659637e-02 4.580188463393283782e-02
-9.983825230707921161e-01 -3.324016806334149920e-02 4.612442226969777626e-02
-9.985427134377369285e-01 -2.390208202871745707e-02 4.838567524290072336e-02
-9.989118292708141222e-01 -1.118225308732446500e-02 4.527856088076687158e-02
-9.988837299980122264e-01 -1.149511487090243422e-02 4.581691604424212305e-02
-9.990135623811706722e-01 3.455177653868936674e-03 4.427185662192492654e-02
-9.990225715387055505e-01 9.117362518302432606e-03 4.325284452715381228e-02
-9.987551108642769293e-01 1.529249401186356591e-02 4.748053986624678480e-02
-9.984707850035782206e-01 2.178883723115191198e-02 5.080720071360594198e-02
-9.982977754411299642e-01 3.312058365298328061e-02 4.800637254892261424e-02
-9.980283238805282009e-01 3.824050568397447530e-02 4.977109439890498727e-02
-9.980701528835643765e-01 4.313971697469298761e-02 4.466506380944566118e-02
-9.976771888375297603e-01 4.786146198003221608e-02 4.847206062251378095e-02
-9.971436424784843044e-01 6.075253158976380574e-02 4.487448491636281123e-02
-9.965347835692168754e-01 7.041513249324522772e-02 4.427377829995505359e-02
-9.963978751498344666e-01 7.205092522133563215e-02 4.472104389384336937e-02
-9.961211032226516826e-01 7.601513598386402948e-02 4.432245481489412858e-02
-9.963728859304150642e-01 7.611633353010878456e-02 3.804483094622200523e-02
-9.960005718122599827e-01 8.065008422021775758e-02 3.845072274902270465e-02
-9.954397968038843914e-01 8.819095406513720314e-02 3.635931321838006131e-02
-9.947321532885058382e-01 9.373544000713582292e-02 4.149269691101318408e-02
-9.939249453758782771e-01 1.022402339969404605e-01 4.074519434626372449e-02
-9.936362197311192634e-01 1.063874930176724326e-01 3.699726233278396309e-02
-9.933822903531845938e-01 1.084418860787924044e-01 3.784198485280259455e-02
-9.928444675829419808e-01 1.151253371787510638e-01 3.171833711830909786e-02
-9.925237253897324363e-01 1.189417739677857133e-01 2.737776249766278591e-02
-9.927613955615656183e-01 1.165035912167499133e-01 2.918488697558356201e-02
-9.916207283276012863e-01 1.255897992446372013e-01 3.025832814370028184e-02
-9.907772664514357119e-01 1.318000547775405873e-01 3.145134060567088968e-02
-9.900341473285677596e-01 1.377239403549026520e-01 2.940299857917151594e-02
-9.889801677468650354e-01 1.447737465606891427e-01 3.096486822531561295e-02
-9.881593734419485964e-01 1.511377060197321154e-01 2.642876117379787740e-02
-9.878524628858796897e-01 1.543068325847349320e-01 1.835608260100814876e-02
-9.882425964955295905e-01 1.525023699653867693e-01 1.093757420862065399e-02
-9.886633790196669436e-01 1.497931444298051529e-01 1.033294623609953659e-02
-9.892984166435780935e-01 1.457458042164616607e-01 6.843708649264382271e-03
-9.888477425417205868e-01 1.483768009328178539e-01 1.282575554583063188e-02
-9.893491093159642036e-01 1.449839851461737217e-01 1.296213464329155039e-02
-9.889436276345756616e-01 1.480002598380527612e-01 9.298246260021916787e-03
-9.886439389772696540e-01 1.502578206232038083e-01 2.404608015396927576e-03
-9.890488745018549688e-01 1.475488882045488115e-01 3.417935322965319402e-03
-9.895847772635620876e-01 1.438513550457864165e-01 5.365541125300378293e-03
-9.892995336476465562e-01 1.457723474333505742e-01 6.073567770500212445e-03
-9.888976822487296481e-01 1.485497416972918761e-01 3.792231881491581191e-03
-9.886206056584435631e-01 1.504297247948342964e-01 -4.781895145217198925e-04
-9.880964928614530685e-01 1.538277125516667454e-01 -1.545422549712159328e-03
-9.878512623555754102e-01 1.553824637147375454e-01 2.491219142630154895e-03
-9.883031683957971270e-01 1.524858105235944450e-01 2.226583885865024860e-03
-9.879025336328997042e-01 1.550580004840505510e-01 2.373452723545330274e-03
-9.873908004529120541e-01 1.582993673047361216e-01 -8.661573119316339463e-04
-9.880796473697167626e-01 1.539425511118958645e-01 -5.780476192529309873e-04
-9.883439898557788705e-01 1.522361892855715326e-01 -5.771619543885875541e-04
-9.882032752477027948e-01 1.531306397462576241e-01 -2.307962156870871535e-03
-9.881099147629385238e-01 1.537142930262536400e-01 -3.277985728440519029e-03
-9.891031866238284564e-01 1.472163072620737978e-01 -1.509224079730937113e-03
-9.893738700301418776e-01 1.453826181645094806e-01 1.808937371058572802e-03
-9.890601522589870243e-01 1.474648199389597680e-01 3.764937136136062810e-03
-9.897679265953743810e-01 1.426864551626415289e-01 2.446090222852420268e-04
-9.901149102189892304e-01 1.402574175135840040e-01 5.951705380706205119e-04
-9.894215877999396058e-01 1.449637128295657718e-01 -5.520523773354230751e-03
-9.891116020214212323e-01 1.467462971984448139e-01 -1.112634841444825815e-02
-9.889707625005305092e-01 1.478308092859765555e-01 -9.105788166280244858e-03
-9.905891623958732461e-01 1.361174500110375329e-01 -1.432425303369056976e-02
-9.906270142409362434e-01 1.351566312994764985e-01 -1.976959292637120100e-02
-9.912714489197786971e-01 1.306536382733542723e-01 -1.762312214364768898e-02
-9.913261316498492848e-01 1.302989881009456730e-01 -1.716704630369844664e-02
-9.907450161385737974e-01 1.345552252074570243e-01 -1.786721638427938089e-02
-9.906899995701903272e-01 1.343170763848839655e-01 -2.218740236620395795e-02
-9.909525215367662732e-01 1.314531582798520448e-01 -2.707767423126275497e-02
-9.914592448085139953e-01 1.277050399684196980e-01 -2.645792581223142467e-02
-9.918252179451061412e-01 1.238505276724100601e-01 -3.072160644181852474e-02
-9.930079982618819079e-01 1.138159904319269028e-01 -3.132202135308224250e-02
-9.933440065640711802e-01 1.099697290882970246e-01 -3.426917969985080609e-02
-9.935728761303509460e-01 1.082025309680905018e-01 -3.324432993745071035e-02
-9.945274424330687868e-01 9.955906753829725508e-02 -3.167320104000743985e-02
-9.945061047960139788e-01 9.970377235150434947e-02 -3.188728034675165912e-02
-9.947654167258578317e-01 9.711774589270880109e-02 -3.177959192656874127e-02
-9.949741842853337959e-01 9.537155319242889007e-02 -3.050693007832895251e-02
-9.947494125921254593e-01 9.700129084595524032e-02 -3.262497568083071869e-02
-9.948704072746393789e-01 9.530635581314668425e-02 -3.390581957584779677e-02
-9.954369187831574317e-01 8.752607402194458042e-02 -3.800737705458786392e-02
-9.960407619031902415e-01 8.204554182102211102e-02 -3.422518457279498383e-02
-9.967721568556101586e-01 7.312780302717827863e-02 -3.313042803996945479e-02
-9.973565741314727173e-01 6.419554063879279182e-02 -3.404159461042748080e-02
-9.977020679624820643e-01 5.752492734713113287e-02 -3.579804419116237868e-02
-9.977926806033877716e-01 5.516945222467165011e-02 -3.696121943377653207e-02
-9.980925662518753683e-01 4.745418359698207189e-02 -3.948877704838574254e-02
-9.981898559227326828e-01 4.018430045542166484e-02 -4.474670662276422628e-02
-9.982664863027200797e-01 3.302721401625978437e-02 -4.871611544788809200e-02
-9.985167355665544031e-01 2.647139905465750731e-02 -4.757760247157015454e-02
-9.986149275340233666e-01 1.999369390637661947e-02 -4.866737295637692251e-02
-9.989362322308135145e-01 1.648895938314582504e-02 -4.306451656651848203e-02
-9.992190817164866568e-01 7.085541460012952097e-03 -3.887230584198683725e-02
-9.992403333128987430e-01 4.979818533489638321e-03 -3.865219280986558620e-02
-9.990776027101627710e-01 -2.700193773566002958e-03 -4.285659024670635669e-02
-9.991092048481878818e-01 -4.170531160781561567e-03 -4.199330966856728437e-02
-9.991040093499747865e-01 -8.929814150143086660e-03 -4.136993475224120392e-02
-9.992081761735125411e-01 -1.283020805351051119e-02 -3.766219535791835021e-02
-9.990582996691214079e-01 -1.930946171721585267e-02 -3.885476938547242215e-02
-9.991046723248682149e-01 -2.827332622271291548e-02 -3.147231752034767432e-02
-9.989983008795009223e-01 -3.256976221836142826e-02 -3.068614390217459797e-02
-9.989520860591263318e-01 -3.821686990394486394e-02 -2.518401232910189719e-02
-9.990127209425628818e-01 -3.851451732764080843e-02 -2.214157199166286866e-02
-9.988310916696406805e-01 -4.272445590730872961e-02 -2.260763256808982422e-02
-9.986253141741621153e-01 -4.565060313728081659e-02 -2.575923667666710909e-02
-9.984700317567106742e-01 -4.985842785104534908e-02 -2.391164533183313609e-02
-9.983308387932542383e-01 -5.188923428067319238e-02 -2.535897512910524967e-02
-9.982031280569604315e-01 -5.368245504498910664e-02 -2.662222958179295829e-02
-9.979717345922999305e-01 -5.618866064001424437e-02 -2.992131967763601852e-02
-9.980003194423721080e-01 -5.691361904146190892e-02 -2.749975210605277304e-02
-9.975809164581048716e-01 -6.199730599505347273e-02 -3.144333486947258754e-02
-9.973157881573074812e-01 -6.757981789535012773e-02 -2.818192574885140106e-02
-9.972000972727871337e-01 -6.990998590033316307e-02 -2.654418751023918804e-02
-9.972242045996110305e-01 -6.629952159822388724e-02 -3.388647379321375191e-02
-9.969731901002676366e-01 -7.156443401200830723e-02 -3.038130757276611901e-02
-9.966350714245250098e-01 -7.540109728989369264e-02 -3.214409448532069141e-02
-9.962946276131983137e-01 -7.891500572633310118e-02 -3.419752601418490912e-02
-9.956811436978262320e-01 -8.354867119571916800e-02 -4.048102684973071269e-02
-9.946439775406665795e-01 -9.576768847886285574e-02 -3.888369328467276148e-02
-9.939797525838208747e-01 -1.026884422869955710e-01 -3.820168926724105962e-02
-9.938352579769382800e-01 -1.063900885182634259e-01 -3.118754049560542446e-02
-9.930844167574620629e-01 -1.141643558407147291e-01 -2.738383776311460391e-02
-9.925302911581551646e-01 -1.194458214002563218e-01 -2.482640552504253653e-02
-9.917374849811690929e-01 -1.260670797215723837e-01 -2.374627978817236279e-02
-9.913848487380921837e-01 -1.292319412702602754e-01 -2.133589727086146123e-02
-9.907426053894899942e-01 -1.347609456122428884e-01 -1.638934480141601702e-02
-9.902486195323370044e-01 -1.384774482217720482e-01 -1.522172934030305812e-02
-9.896500459894554957e-01 -1.426905909413654916e-01 -1.523859987013296939e-02
-9.886646968577049721e-01 -1.491054326224676430e-01 -1.759887519528954836e-02
-9.888367823039174720e-01 -1.480027980101128737e-01 -1.723435531835883217e-02
-9.888404299747689530e-01 -1.481976218232113063e-01 -1.523490045058700261e-02
-9.881643934338062429e-01 -1.527611149310002525e-01 -1.397163324802190403e-02
-9.876801844849796286e-01 -1.564172121903368295e-01 -4.641362680185581041e-03
-9.879038016754757567e-01 -1.550068245225358077e-01 -4.358477979332375969e-03
-9.879301910607557469e-01 -1.548998172056035016e-01 -1.326017219229515265e-04
-9.879180897360935187e-01 -1.549364184643445552e-01 3.547898001740892437e-03
-9.872951030274250694e-01 -1.588958825422429055e-01 -7.152396784287713867e-04
-9.869463629766390689e-01 -1.609376038983349744e-01 5.999816444031877069e-03
-9.870918137905156931e-01 -1.599824976447130620e-01 7.442119478187320114e-03
-9.870938267895568163e-01 -1.599811471067423552e-01 7.200224415696806698e-03
-9.875190247474805449e-01 -1.573602442949717517e-01 6.630445393680971071e-03
-9.867720633520986606e-01 -1.619428279792001213e-01 7.446405380933114604e-03
-9.867667977378891120e-01 -1.619577058068336350e-01 7.811652269018309891e-03
-9.874000884022993141e-01 -1.581549331183018658e-01 5.302450164881429909e-03
-9.871322186396105369e-01 -1.596201838677666351e-01 9.561025182457544638e-03
-9.876181302169350085e-01 -1.565571162999344068e-01 1.001656605905385661e-02
-9.876289440950412057e-01 -1.567597804111171000e-01 3.933632992219826541e-03
-9.873963388158226717e-01 -1.581962781645811500e-01 4.737202918237534005e-03
-9.874330216918849601e-01 -1.577956505004119436e-01 8.751788711558808331e-03
-9.876156693704669642e-01 -1.566898111703678431e-01 7.976599481337580053e-03
-9.876307228757804646e-01 -1.564921983984102483e-01 9.786752690426172088e-03
-9.872620731854031551e-01 -1.587836771092739907e-01 1.006857429053315683e-02
-9.872777146242834867e-01 -1.585703354335749327e-01 1.175569594259267235e-02
-9.876601956795006965e-01 -1.563688951629520207e-01 8.725818204302210335e-03
-9.868954360577929519e-01 -1.612643443014934452e-01 5.589552803365982481e-03
-9.859777266160997256e-01 -1.667507770472055617e-01 6.491109213696760055e-03
-9.857960789379293098e-01 -1.674822310465060027e-01 1.248305239895993075e-02
-9.862069453263946350e-01 -1.653726704874201869e-01 6.911895812937648119e-03
-9.870392401265932758e-01 -1.601918695163246087e-01 9.598796906095653086e-03
-9.876802119719964024e-01 -1.559335622628238993e-01 1.313608196139758044e-02
-9.881158389035009648e-01 -1.531292477385727269e-01 1.336248505783404865e-02
-9.877952146716256765e-01 -1.550189249483847065e-01 1.515850819734975222e-02
-9.883605341045207382e-01 -1.507877489039867180e-01 2.016291489021210248e-02
-9.885860628664967509e-01 -1.484890659806599456e-01 2.546816474629001736e-02
-9.893114136492621169e-01 -1.434791056985448843e-01 2.601359026991950998e-02
-9.896440776468615752e-01 -1.415291901026475285e-01 2.396083725807425860e-02
-9.900061807221990362e-01 -1.383731918852808829e-01 2.721499120746336681e-02
-9.902406208219901584e-01 -1.362186261104144092e-01 2.946239407204796421e-02
-9.907273298401372275e-01 -1.323693206404714662e-01 3.062278230912748173e-02
-9.920123380443327532e-01 -1.218393051974888952e-01 3.266096953228036365e-02
-9.929203856245951698e-01 -1.140108496052883724e-01 3.332668675035058148e-02
-9.937762247886884337e-01 -1.056041166580168056e-01 3.544883339380145576e-02
-9.945853636643300355e-01 -9.710981350142014468e-02 3.700909007530311934e-02
-9.956577154838844868e-01 -8.625604127707436897e-02 3.500918583727852251e-02
-9.956827020496101799e-01 -8.507109016594872897e-02 3.713355132246704687e-02
-9.959237157699772913e-01 -8.185826522105452141e-02 3.788417842951789793e-02
-9.963801576570824325e-01 -7.578803434134863404e-02 3.850700569290524400e-02
-9.972250401170563716e-01 -6.448941979138048120e-02 3.719365919002573517e-02
-9.975589244308055159e-01 -5.870458596115953054e-02 3.781531537541272386e-02
-9.978883671832562419e-01 -5.083246650733304339e-02 4.043391322349555034e-02
-9.980676472653774445e-01 -4.134778962497565741e-02 4.638282650905928978e-02
-9.981972212943137635e-01 -3.762537571861169355e-02 4.676187898363672740e-02
-9.984743093933393654e-01 -2.791238606269560996e-02 4.764438118621758950e-02
-9.988215884720568205e-01 -1.777639225606960499e-02 4.516048054070867512e-02
-9.991737353579538405e-01 -1.107382535389392526e-02 3.910564224525364674e-02
-9.994304809309171311e-01 -8.832787830885500957e-04 3.373377669290974351e-02
-9.995418367632715739e-01 5.027142275165328092e-03 2.984758783571921439e-02
-9.996407505992921383e-01 4.238085948655774537e-03 2.646587397850190537e-02
-9.995683023115911059e-01 7.815324098339092307e-03 2.832249771053846343e-02
-9.996460722594405768e-01 1.269790450628142421e-02 2.337792714595076857e-02
-9.995600411388514406e-01 1.800737871757680450e-02 2.356888859624656912e-02
-9.996522349988862244e-01 1.973503892299213053e-02 1.749203570299034255e-02
-9.995615807644431250e-01 2.209703697003861586e-02 1.970789859541122180e-02
-9.995054706162227465e-01 2.471231656635146032e-02 1.944607066063036918e-02
-9.996133109958347251e-01 2.318747948340497272e-02 1.534937742038119772e-02
-9.996808798634279070e-01 2.203310643643565866e-02 1.235778209103783297e-02
-9.997860845495321058e-01 1.952290702258214702e-02 6.831942542955407767e-03
-9.997743311865582294e-01 2.025708772106473918e-02 6.400882175029208240e-03
-9.997955019162070300e-01 1.956471759950793171e-02 5.119607382203591670e-03
-9.998191334058375013e-01 1.688744207504918465e-02 8.749225676573995844e-03
-9.998119509681896444e-01 1.763856103544331200e-02 8.060895479331097596e-03
-9.997841219642484845e-01 2.038921767577947519e-02 4.002925225920539280e-03
-9.996408994964289807e-01 2.674466703105731966e-02 1.681932724753896786e-03
-9.995989088818283408e-01 2.811629429773032304e-02 -3.395501513932141623e-03
-9.996156203789312578e-01 2.765969681048306705e-02 1.893865991447889283e-03
-9.995892199158387115e-01 2.861899893895365407e-02 1.542202670808267336e-03
-9.994704985634608185e-01 3.185810432763551414e-02 6.619508160211343833e-03
-9.993158152836141284e-01 3.617541372598721827e-02 7.699025315474354939e-03
-9.994736978249011417e-01 3.092563195749323257e-02 9.796264690710248385e-03
-9.994710090129768076e-01 2.919373240863608332e-02 1.433395537373130524e-02
-9.993500555700173260e-01 3.410478520405282182e-02 1.167750701109885637e-02
-9.992019751935278249e-01 3.765950526541735066e-02 1.331197106938859613e-02
-9.992537736059259323e-01 3.693379271338442099e-02 1.130597357995133910e-02
-9.990724674229122249e-01 4.093354913115455213e-02 1.336726031021548758e-02
-9.987684560647699383e-01 4.689257263375964241e-02 1.620777795815307037e-02
-9.986855999723764921e-01 4.997231473052552581e-02 1.139624399161748639e-02
-9.982746668230388920e-01 5.707245789250633278e-02 1.380066845002008921e-02
-9.982055301137084946e-01 5.827957039210081985e-02 1.375665822190312235e-02
-9.977376852611785640e-01 6.532660684393332140e-02 1.587388815731019184e-02
-9.977053855609281374e-01 6.548915057735307799e-02 1.718049065920981833e-02
-9.975265028785488264e-01 6.806343238951334529e-02 1.755789587915853114e-02
-9.976590409824015460e-01 6.630460292076061080e-02 1.673834137744061729e-02
-9.971128920367574588e-01 7.443408394874630185e-02 1.501606235609719703e-02
-9.970721195954797000e-01 7.539795628846995834e-02 1.274248590676775421e-02
-9.967295914108523780e-01 7.978231801185571570e-02 1.284281022923046585e-02
-9.963640308518715294e-01 8.468678561985917841e-02 9.322053659826207844e-03
-9.960807384709723378e-01 8.741662027242726174e-02 1.347335589863065536e-02
-9.957349319131832965e-01 9.076594113953924403e-02 1.653855204956472882e-02
-9.951358880948429908e-01 9.725959910192322200e-02 1.565787309271242378e-02
-9.947066759317638729e-01 1.012065578859431547e-01 1.777346135459370938e-02
-9.940602120152911558e-01 1.077745118030115357e-01 1.513221305249928816e-02
-9.938272471224197657e-01 1.098928056118454039e-01 1.519896476248624659e-02
-9.929451379568914327e-01 1.177550655119009165e-01 1.391876002684152604e-02
-9.928924421188406457e-01 1.178861658639829141e-01 1.635495691410422670e-02
-9.922745957448174670e-01 1.231654725452566018e-01 1.488043323178453621e-02
-9.922957422868103894e-01 1.231448138577830587e-01 1.358487918027368076e-02
-9.918905469659851093e-01 1.264701471388124387e-01 1.258884329572946235e-02
-9.908500461077112131e-01 1.344178339272046052e-01 1.216824929323322146e-02
-9.905115632171158646e-01 1.370050854956900988e-01 1.079276989480835308e-02
-9.905642829752480116e-01 1.366041755182269279e-01 1.103334602497452188e-02
-9.909300145536037441e-01 1.339964903809976460e-01 1.013316567609682389e-02
-9.910940138426661550e-01 1.325092519749817843e-01 1.319045297372568350e-02
-9.913121973761401806e-01 1.304834224396460296e-01 1.656013225057667571e-02
-9.900077125275836831e-01 1.402243605729283638e-01 1.489603448595145513e-02
-9.899474819347876542e-01 1.409868207889319602e-01 1.125759150828646235e-02
-9.902326334519001572e-01 1.388840940123666767e-01 1.227086161101540070e-02
-9.900866808367815297e-01 1.401061753788108155e-01 9.932673114100020600e-03
-9.895092858394195501e-01 1.443069575239433744e-01 6.849022006801723864e-03
-9.895422636247780401e-01 1.442243316126627095e-01 2.341910788457463380e-03
-9.891184151002150315e-01 1.470841921950002684e-01 3.321930251924457705e-03
-9.889307185341008610e-01 1.482202106316958812e-01 -6.843763560091345802e-03
-9.891425544776716317e-01 1.466849729039692574e-01 -8.975504182824818253e-03
-9.886435869731465820e-01 1.498057977783622263e-01 -1.192119484686079110e-02
-9.887384254741263812e-01 1.488796026955978014e-01 -1.520604909306999541e-02
-9.891610541272098933e-01 1.458009845556527684e-01 -1.739298564142388939e-02
-9.892651034067296845e-01 1.444723177586681173e-01 -2.196221048758167232e-02
-9.892424073209606927e-01 1.446960529724435618e-01 -2.150688073581910609e-02
-9.900244411103086284e-01 1.388018017746346922e-01 -2.420123979608251874e-02
-9.905755836978721307e-01 1.344445787812451887e-01 -2.616682019040261417e-02
-9.912301685186971634e-01 1.290785876763721196e-01 -2.831087300015359617e-02
-9.911795366461237933e-01 1.281089854894932600e-01 -3.393005055997087155e-02
-9.914203142554202097e-01 1.265939993625185278e-01 -3.255386567618381854e-02
-9.915132946960620863e-01 1.249977113697210845e-01 -3.573503898569198312e-02
-9.919399473454088012e-01 1.212466943019310656e-01 -3.680236970418843123e-02
-9.923906586418397291e-01 1.180137931427854697e-01 -3.512206817828695399e-02
-9.924406660910980449e-01 1.176527025346629091e-01 -3.491991236301382473e-02
-9.926973398887982691e-01 1.151419271493572399e-01 -3.597724827479927695e-02
-9.928337285237155418e-01 1.134238648985439885e-01 -3.763308121233737563e-02
-9.937736777958154910e-01 1.046272503460658615e-01 -3.830209208635722978e-02
-9.943858063849604356e-01 9.587390887283155083e-02 -4.477830817136446706e-02
-9.947105327336103198e-01 9.258287721752220256e-02 -4.449047242785102857e-02
-9.951042178934343951e-01 8.926517549798783369e-02 -4.241885411689687996e-02
-9.958491855825525318e-01 8.127114199156823537e-02 -4.098092512229012385e-02
-9.969124143501241209e-01 6.708820761073029659e-02 -4.080252052195405127e-02
-9.970171925446215111e-01 6.438652970855091029e-02 -4.255734684008109781e-02
-9.973530302757779298e-01 6.145992547256018401e-02 -3.885415922539631195e-02
-9.976456946472582743e-01 5.386174195007464166e-02 -4.245015825079648253e-02
-9.979611745539972434e-01 4.746229292773406633e-02 -4.267153700058658877e-02
-9.980439184410582198e-01 3.915039401840780808e-02 -4.874032609893492324e-02
-9.984127747328239710e-01 3.357929075062845298e-02 -4.521502207529202316e-02
-9.988126385932566409e-01 2.244702473501603707e-02 -4.323747904351523536e-02
-9.986958395189985405e-01 1.562394947864045175e-02 -4.860605092541802480e-02
-9.986449319446989437e-01 -4.348161805570252558e-04 -5.203986143617095328e-02
-9.986389198473422102e-01 -8.670697279546285205e-03 -5.143114907656747004e-02
-9.984393424004700535e-01 -2.212859469158914502e-02 -5.127612661150346418e-02
-9.982595695626368393e-01 -2.502840090554887473e-02 -5.339894428166631207e-02
-9.980319749253659944e-01 -2.957044286593308105e-02 -5.529739870352198133e-02
-9.980247064610707763e-01 -3.582381240390507260e-02 -5.160790707242295106e-02
-9.977836018299497400e-01 -4.240399697288891462e-02 -5.128178289760130376e-02
-9.972718922692854759e-01 -4.848286038091197125e-02 -5.566167153111429428e-02
-9.972297374528443781e-01 -5.158547521877560049e-02 -5.358942039403486596e-02
-9.968173585388491187e-01 -6.203247867629374523e-02 -5.007156353091050949e-02
-9.960892360310421578e-01 -7.370214523750646951e-02 -4.872641691332961489e-02
-9.955435442487751141e-01 -7.943836297127050694e-02 -5.081962331569058605e-02
-9.949312042287087321e-01 -8.683335413098278166e-02 -5.071393870000982795e-02
-9.937561008167231646e-01 -1.003680635021414053e-01 -4.873499619878669809e-02
-9.934034052149360861e-01 -1.046967862078449774e-01 -4.677919795989188972e-02
-9.923065694781560975e-01 -1.135502961558900042e-01 -4.933597547037616576e-02
-9.914027672536652736e-01 -1.221065739236347619e-01 -4.701673855449940015e-02
-9.914452268077152963e-01 -1.213325870627212227e-01 -4.811238482348096507e-02
-9.901554027762836663e-01 -1.316379244924820724e-01 -4.757910431879493196e-02
-9.889618815860746759e-01 -1.410546712571045802e-01 -4.536532084824474592e-02
-9.882273515868195135e-01 -1.458013024965502391e-01 -4.635426240774846024e-02
-9.867430247029148616e-01 -1.560021982458649203e-01 -4.473872068792741907e-02
-9.866656123634607312e-01 -1.561636396374343760e-01 -4.586853849259205779e-02
-9.858285417633122494e-01 -1.609433650344885836e-01 -4.732182713235655314e-02
-9.839611964161353308e-01 -1.718765903964652175e-01 -4.773717087388091446e-02
-9.832693556375291521e-01 -1.749789336467267864e-01 -5.063381223914417001e-02
-9.822899769754105392e-01 -1.802934398912788838e-01 -5.099718200073970892e-02
-9.808377517387180111e-01 -1.889644837474243888e-01 -4.743168149227853375e-02
-9.790696868146113729e-01 -1.984544461639885793e-01 -4.514882948287388120e-02
-9.769657883531559506e-01 -2.088424024132951584e-01 -4.384900121279208113e-02
-9.747230308865560966e-01 -2.195060861403109465e-01 -4.161882652136073002e-02
-9.730923545324008384e-01 -2.269334690960756185e-01 -3.990620999271651814e-02
-9.723418184891863270e-01 -2.306065777271737727e-01 -3.704091952161205070e-02
-9.702785031644787228e-01 -2.393453912208824141e-01 -3.568536529893497761e-02
-9.702362878340835550e-01 -2.397659333078928090e-01 -3.396878410190495856e-02
-9.694838912367992334e-01 -2.436902500364307445e-01 -2.675970294348765238e-02
-9.682224597116271259e-01 -2.488916057321467756e-01 -2.445960016281248720e-02
-9.663468424369854315e-01 -2.563328583092461810e-01 -2.161667625298123452e-02
-9.650264379640681733e-01 -2.612704880147757591e-01 -2.148815834832328714e-02
-9.638500409898943522e-01 -2.657744838137260923e-01 -1.889595372024805223e-02
-9.617783386322852346e-01 -2.732371203632045220e-01 -1.799828271101729799e-02
-9.622436688483754219e-01 -2.716802530269710747e-01 -1.664321680170288351e-02
-9.628226475117827032e-01 -2.696032929111668586e-01 -1.693070212011848000e-02
-9.630605028618640651e-01 -2.691007089259306317e-01 -9.965496919766426986e-03
-9.628638286524313639e-01 -2.698806466612250765e-01 -7.597293327831936699e-03
-9.640262666479093578e-01 -2.657869833159101081e-01 -3.266756509331703549e-03
-9.637889008929907408e-01 -2.665454965646361085e-01 -8.030429853522893374e-03
-9.616971951553275888e-01 -2.740355884804476783e-01 -6.560187710979029432e-03
-9.614718498551839687e-01 -2.749034678447342950e-01 1.635424632311609228e-05
-9.611717349438940738e-01 -2.759405411423714316e-01 2.397634480966791184e-03
-9.612901340606508915e-01 -2.755342637453080390e-01 1.477366510261289524e-03
-9.624220625965757003e-01 -2.714491125999136112e-01 7.693359617449309872e-03
-9.635400844996534486e-01 -2.674545303366565041e-01 7.656033546295226526e-03
-9.656757430996705249e-01 -2.594553588376938280e-01 1.238188931424425224e-02
-9.658258313521368432e-01 -2.586766607839541821e-01 1.633658222575592664e-02
-9.667098530840693149e-01 -2.550897909997041912e-01 2.003232017055898637e-02
-9.686293446044449418e-01 -2.474388436548753956e-01 2.304879459986692788e-02
-9.696520828732376751e-01 -2.431772958578339860e-01 2.529182792281236408e-02
-9.714983254178851668e-01 -2.353818845099557855e-01 2.804296627988075302e-02
-9.738930551811288971e-01 -2.249461763204857745e-01 3.052164601142814265e-02
-9.740359259811173231e-01 -2.239218431899112349e-01 3.336254041049614705e-02
-9.745286361554794663e-01 -2.216001161049296064e-01 3.445811844644472433e-02
-9.761597845617117075e-01 -2.146064752922570706e-01 3.249879640953368815e-02
-9.760228892233872022e-01 -2.156541320872257528e-01 2.954066800471516138e-02
-9.769933563802638554e-01 -2.111441572999622207e-01 3.003601976158466400e-02
-9.779198233177418542e-01 -2.064164558325851662e-01 3.263590128561495718e-02
-9.799027641582320758e-01 -1.963021471081798641e-01 3.544116403784701441e-02
-9.806664500295703135e-01 -1.925467541072268807e-01 3.491557714889598207e-02
-9.821576612495953595e-01 -1.847643912472987371e-01 3.504974228305225703e-02
-9.831120798280724715e-01 -1.801494562064256677e-01 3.220012582182838617e-02
-9.840336266260273357e-01 -1.746132061465446583e-01 3.446862560667952879e-02
-9.852995506297954620e-01 -1.671754568165652599e-01 3.517383156604814848e-02
-9.861127611236087942e-01 -1.625286322065863653e-01 3.414824016109621607e-02
-9.870141893799797561e-01 -1.561277282591545801e-01 3.777775488276989557e-02
-9.884080997686776060e-01 -1.472085405110522549e-01 3.713637305306639880e-02
-9.895047860584811339e-01 -1.398280870662526321e-01 3.644750611638867405e-02
-9.893611220220200897e-01 -1.405408615842887177e-01 3.758819916956598894e-02
-9.895540861454799053e-01 -1.369049538063752958e-01 4.516393017716210934e-02
-9.903808153959503535e-01 -1.288157920259702105e-01 5.052097386458129225e-02
-9.910052015850565610e-01 -1.222146724315320704e-01 5.451881447904894512e-02
-9.920674178661990084e-01 -1.137496748954100467e-01 5.350968742304874903e-02
-9.932811656049965743e-01 -1.031185047229736529e-01 5.252748543331318271e-02
-9.940467869598910156e-01 -9.622821641220717648e-02 5.109943601056671225e-02
-9.947925659259874154e-01 -8.705166223545485193e-02 5.300750606823288746e-02
-9.953040157379330344e-01 -8.298357510910275847e-02 4.983652493231971459e-02
-9.962295541839775170e-01 -7.218056453872515044e-02 4.813188210418495316e-02
-9.969224637010792867e-01 -6.555253247424938645e-02 4.299422313363303327e-02
-9.971580549913872105e-01 -6.015621323839706602e-02 4.535504140845835613e-02
-9.974779693230529931e-01 -5.419353745530255256e-02 4.583445901794435534e-02
-9.980251232637840086e-01 -4.807627487830062885e-02 4.042971031683188776e-02
-9.986030140858922488e-01 -3.733222189526892026e-02 3.739467388219906707e-02
-9.986767394205845472e-01 -3.246586599767027626e-02 3.988450660310734197e-02
-9.985809045534085326e-01 -2.712302174784725350e-02 4.583181384040367623e-02
-9.988796304271607696e-01 -1.480923690076861067e-02 4.494670971964000866e-02
-9.989107206046123899e-01 -1.162459016519617680e-02 4.519156413407554584e-02
-9.988488684081260338e-01 -1.218602734181305214e-03 4.795299358880254076e-02
-9.987657700920445913e-01 7.799826464180771232e-03 4.905237775876250539e-02
-9.986936984297155595e-01 1.428716856173657505e-02 4.905925086781962735e-02
-9.987640132961271844e-01 1.959560007002917464e-02 4.567816337483718292e-02
-9.985181838373300423e-01 2.669444101953478976e-02 4.742235519387213299e-02
-9.984051745450766013e-01 3.222286982886815587e-02 4.635547982155635571e-02
-9.977271982891189328e-01 4.256355148929674703e-02 5.223809426202716266e-02
-9.975805533039318052e-01 4.772472978959327317e-02 5.055122578442632769e-02
-9.969606940292377040e-01 5.709716606227117214e-02 5.300306533548817395e-02
-9.966487555900113149e-01 6.381463245090970848e-02 5.117604248653589288e-02
-9.957297021010917959e-01 7.322207071308371729e-02 5.622211000303741629e-02
-9.951530217708631776e-01 7.871611107528576901e-02 5.894297361878854391e-02
-9.945796951549926712e-01 8.571091768164446068e-02 5.886344870730315926e-02
-9.938602287579069161e-01 9.300718640276216254e-02 5.992950865965976370e-02
-9.922700193106691602e-01 1.097309683635288441e-01 5.795998935022488724e-02
-9.914651410067021331e-01 1.176015100198668367e-01 5.627429221037609508e-02
-9.898234352110518719e-01 1.257211831181492823e-01 6.666174725231545362e-02
-9.887688301638826172e-01 1.337838892161125615e-01 6.661913244723484395e-02
-9.872751479940182762e-01 1.447924996013777721e-01 6.574915584974440341e-02
-9.864232484940662626e-01 1.520228261780273149e-01 6.211499258409859670e-02
-9.847514996050178437e-01 1.621913356348512747e-01 6.291654698696685921e-02
-9.836698893524156162e-01 1.705809251252796144e-01 5.740848133509982715e-02
-9.825525358502816831e-01 1.768950209912390492e-01 5.743433475580094622e-02
-9.813876471371637544e-01 1.841478787009340756e-01 5.447826813097129961e-02
-9.802612799210711492e-01 1.899105370470180465e-01 5.497133708654607792e-02
-9.782265641786169752e-01 1.993398653841516044e-01 5.776196350847410954e-02
-9.764300542066154387e-01 2.088555172603299981e-01 5.444042014410264974e-02
-9.748272483930420229e-01 2.164592175377415550e-01 5.345353199033982261e-02
-9.739912316151950744e-01 2.218062284718520516e-01 4.629378854662218046e-02
-9.723148777342492943e-01 2.290383491827417128e-01 4.631684631414930559e-02
-9.708069956244376186e-01 2.367052966771532596e-01 3.878681074748773633e-02
-9.693719561394128492e-01 2.420780668421086690e-01 4.142773484847749738e-02
-9.690472667652888505e-01 2.435593968722225555e-01 4.032681460276944796e-02
-9.684171124065534819e-01 2.462321735049690652e-01 3.921798222219129854e-02
-9.669543312047443884e-01 2.514694141119614978e-01 4.198204684070192677e-02
-9.651365803918012798e-01 2.579738704431084884e-01 4.428205692240543695e-02
-9.645817856371970977e-01 2.610476162404678502e-01 3.789667444182212575e-02
-9.626195225680415080e-01 2.677849027554212724e-01 4.068092592560015874e-02
-9.604958036296362689e-01 2.759960059424907963e-01 3.569387425821994586e-02
-9.586232350500540900e-01 2.822296672346873425e-01 3.725513369123215068e-02
-9.586867057136372328e-01 2.825128280586034490e-01 3.326167629246485485e-02
-9.565565330113652287e-01 2.897214256105739572e-01 3.257501343306872660e-02
-9.556643787041081417e-01 2.933760593030992347e-01 2.522141349580781303e-02
-9.550819203783540434e-01 2.947483915276569166e-01 3.069116742004622880e-02
-9.559470411515873511e-01 2.920703271479014873e-01 2.932942612448674255e-02
-9.539267013350021251e-01 2.990340742366633942e-01 2.454602822092229880e-02
-9.522467572329746943e-01 3.044914881089282321e-01 2.260715661980075911e-02
-9.510406203517201007e-01 3.086744071348830332e-01 1.555265923110911441e-02
-9.507343823553480178e-01 3.097367252266340354e-01 1.293567217904224853e-02
-9.487402737854383483e-01 3.159706302175276371e-01 7.381722612108019069e-03
-9.488352196513034631e-01 3.157627526545336849e-01 2.376153576884656136e-03
-9.487157453011026975e-01 3.160721176641366759e-01 6.073483041392017598e-03
-9.487669247764383140e-01 3.159370298070698913e-01 5.015156183402100579e-03
-9.489400675898440607e-01 3.154550353762443637e-01 -9.513012244566658102e-04
-9.474507502360609568e-01 3.198696868015288852e-01 -4.527192385758554635e-03
-9.478339650733693666e-01 3.187454579388988574e-01 -3.484799031904190891e-03
-9.486851463097996096e-01 3.162133961357526668e-01 -2.370103940295259764e-03
-9.499892643300434925e-01 3.122596885949206480e-01 -3.784268407101970544e-03
-9.491695493917242654e-01 3.147111873788241421e-01 -5.837051032767355020e-03
-9.481993334595097966e-01 3.176506573271595801e-01 -4.014983624287474760e-03
-9.491907614848589247e-01 3.146900820147612854e-01 -2.662093344912950556e-03
-9.489261094995348200e-01 3.154813397064111791e-01 -3.286206688339067018e-03
-9.484141713226329484e-01 3.170340003174486609e-01 1.960699993818967868e-04
-9.473250139598161645e-01 3.202734624940666297e-01 5.131466353338318999e-04
-9.472074364708262806e-01 3.206010198239237496e-01 -3.618641576906890447e-03
-9.462790281134535464e-01 3.233245014372856940e-01 -4.159795237710282867e-03
-9.466963063032363124e-01 3.219813160427014709e-01 -9.704225680747311303e-03
-9.476972909340033446e-01 3.189789358392003393e-01 -1.105981459579669264e-02
-9.482788023680942535e-01 3.173807816067381049e-01 -6.065368676479420025e-03
-9.473887488513451638e-01 3.199232178759826017e-01 -1.018476326015213713e-02
-9.477287405441121582e-01 3.188355075391042792e-01 -1.241731402439478701e-02
-9.475456252454921291e-01 3.192205791130620085e-01 -1.598581150140340051e-02
-9.483873384579406540e-01 3.164874565045045496e-01 -1.992943510253465667e-02
-9.509338577746847543e-01 3.083449130964283080e-01 -2.546073896977657167e-02
-9.511822058728948148e-01 3.071797400020952473e-01 -2.988402811759011818e-02
-9.520177980095353432e-01 3.047188894183530672e-01 -2.843496560616089186e-02
-9.536142957354367677e-01 3.003265732571050450e-01 -2.058545272006499088e-02
-9.547354129310784421e-01 2.965551461619132523e-01 -2.313813184585235272e-02
-9.575829308421806019e-01 2.867577573145473346e-01 -2.837174767419175028e-02
-9.599770539578211803e-01 2.781919068573392995e-01 -3.245544335032876648e-02
-9.616790017852335781e-01 2.716675259237238405e-01 -3.701742752319400753e-02
-9.640447397868435742e-01 2.629703225184866211e-01 -3.826730013898303057e-02
-9.652118855570848144e-01 2.578980816005990162e-01 -4.306544735130581059e-02
-9.679236560293479341e-01 2.477872425758253228e-01 -4.153691973674852184e-02
-9.692725128416237457e-01 2.421672990379332424e-01 -4.319528228106560286e-02
-9.704689099058451118e-01 2.369663650666918031e-01 -4.513395705906343008e-02
-9.720973307827518450e-01 2.297962494221913177e-01 -4.712218854734327722e-02
-9.732549740030080887e-01 2.241099419474497367e-01 -5.049284257522991537e-02
-9.739214718315490904e-01 2.187504938225030560e-01 -6.020985273686144112e-02
-9.759135092260442512e-01 2.095846245626790394e-01 -6.055696386941041703e-02
-9.773389199292814578e-01 2.027291088335767266e-01 -6.090634003547667347e-02
-9.786931949519259710e-01 1.959197515253375543e-01 -6.144200013116100229e-02
-9.803921390710714778e-01 1.860536816343213162e-01 -6.492549338914292700e-02
-9.814657616663383655e-01 1.781727231879471629e-01 -7.056541694528814523e-02
-9.839802655703183687e-01 1.652543106864403089e-01 -6.688712992447147510e-02
-9.851279329499665893e-01 1.585883926171507696e-01 -6.612651360078920793e-02
-9.869349004585384888e-01 1.468285237997160042e-01 -6.633946945082475066e-02
-9.886667596364876465e-01 1.313349453728910599e-01 -7.272694969318524438e-02
-9.906437918178371271e-01 1.187529065992760646e-01 -6.725074789179588675e-02
-9.913966719134643668e-01 1.114296538130346292e-01 -6.867393548727045161e-02
-9.928041218342781304e-01 1.002215284911274346e-01 -6.554127694586758812e-02
-9.936984189981755700e-01 8.889469956265536044e-02 -6.827314868957629068e-02
-9.944936417356531333e-01 7.828447980377742366e-02 -6.967047557463894314e-02
-9.953223956755574697e-01 6.504199553820036450e-02 -7.143462701798354575e-02
-9.959357596793996237e-01 5.465903045679345457e-02 -7.158485482360668617e-02
-9.966820822321975637e-01 4.366032553471144856e-02 -6.869236583540412611e-02
-9.969922635565409141e-01 3.739875707057994242e-02 -6.788075977105392789e-02
-9.972583084105678397e-01 3.112515526080402578e-02 -6.713515583590078106e-02
-9.973820512518537518e-01 1.983979865089005937e-02 -6.953750476431705407e-02
-9.972191147758608931e-01 7.716197879849237898e-03 -7.412513487891010666e-02
-9.973411675603496285e-01 -2.731695025221074491e-04 -7.287358209225948402e-02
-9.974146825079240886e-01 -1.114364440622768113e-02 -7.099160685772906709e-02
-9.972669583597196796e-01 -2.162087133594060157e-02 -7.064835179513929975e-02
-9.972970875640247979e-01 -2.945567213434332685e-02 -6.731211214514189189e-02
-9.968129438877008086e-01 -4.260379169581448439e-02 -6.744560599964245784e-02
-9.968036719339771201e-01 -5.053189259853921311e-02 -6.187895394087405965e-02
-9.965669658052801472e-01 -6.087252058453060388e-02 -5.611466781187668396e-02
-9.960632599494971817e-01 -7.121663860393108447e-02 -5.278455607889925155e-02
-9.955031288029461134e-01 -7.715848865099679543e-02 -5.495566443247698607e-02
-9.944982959790013011e-01 -8.679282832731022301e-02 -5.865305918341806590e-02
-9.937342335298088303e-01 -9.599493742448689249e-02 -5.724755168033589248e-02
-9.926932533825680860e-01 -1.042223774523555885e-01 -6.080985145757540622e-02
-9.917951243189938593e-01 -1.114764073621678092e-01 -6.257379136389516761e-02
-9.904114847454149606e-01 -1.213174003953153973e-01 -6.608492224256175274e-02
-9.896596832746684669e-01 -1.281199771642593799e-01 -6.449046746306004441e-02
-9.879729192897366286e-01 -1.375831193202761982e-01 -7.057218991024820365e-02
-9.868662412714862553e-01 -1.466940707110665210e-01 -6.764546673898710893e-02
-9.848317849107937061e-01 -1.580644370753090389e-01 -7.156833886094694785e-02
-9.834971151292847269e-01 -1.668343096478169252e-01 -6.999839666233899360e-02
-9.806180270666584597e-01 -1.816002944148215892e-01 -7.355036510495245594e-02
-9.793726647828413512e-01 -1.914773302391080956e-01 -6.454187183730669686e-02
-9.767989901393432373e-01 -2.043478383377299312e-01 -6.407598279708152933e-02
-9.753854150393699296e-01 -2.119559468286779658e-01 -6.081123590908681098e-02
-9.739259471940281410e-01 -2.194259212379900958e-01 -5.762423131838766144e-02
-9.730344905484489271e-01 -2.242159976210290617e-01 -5.413967185186441960e-02
-9.714754109729242249e-01 -2.303053327733351474e-01 -5.652448243266745137e-02
-9.714095353193962223e-01 -2.312026455352464704e-01 -5.393411651249315625e-02
-9.699334462366686616e-01 -2.375286156699874807e-01 -5.300286866082699888e-02
-9.683633405580619469e-01 -2.444634486790315808e-01 -5.010090117642321955e-02
-9.666592718886485303e-01 -2.517198897826853354e-01 -4.697857364373828060e-02
-9.666455529372065536e-01 -2.526903179218238926e-01 -4.176141057043786242e-02
-9.646495812461008956e-01 -2.601649562224202517e-01 -4.201687954141241493e-02
-9.635461966245542076e-01 -2.648331530324877781e-01 -3.797584963276685183e-02
-9.612385837603680816e-01 -2.727602882783221605e-01 -4.027713243331999121e-02
-9.595953446477925031e-01 -2.783156293992875008e-01 -4.143937944982115096e-02
-9.584611204807204077e-01 -2.828663452882064222e-01 -3.659164333001765218e-02
-9.582099045714818075e-01 -2.841224306440712777e-01 -3.329054383179494425e-02
-9.565976540681027096e-01 -2.891483518714801360e-01 -3.625184191371219611e-02
-9.558756491454207804e-01 -2.918020443552606369e-01 -3.396097005182487777e-02
-9.538646522479639067e-01 -2.984847787483191350e-01 -3.238980176026542979e-02
-9.514531075343544142e-01 -3.062442999928668974e-01 -3.084558354607093433e-02
-9.487994916530012590e-01 -3.149314019924496777e-01 -2.444940934026653551e-02
-9.473985018257193857e-01 -3.189625110323013324e-01 -2.643921867555885583e-02
-9.472015447603577831e-01 -3.198101111936520469e-01 -2.303830224913512928e-02
-9.474777249379493504e-01 -3.194346548455928025e-01 -1.573210345370744390e-02
-9.454822652794148130e-01 -3.251747547289733364e-01 -1.801949043481250803e-02
-9.445628896305918731e-01 -3.280402313710644169e-01 -1.380547709088729078e-02
-9.409263899533338860e-01 -3.383664024000005988e-01 -1.287413919001687175e-02
-9.403310113981668827e-01 -3.402348638614793308e-01 -4.226521924212484765e-03
-9.404382958764699874e-01 -3.399069215148997625e-01 -6.255671762634127699e-03
-9.428860220089348987e-01 -3.330762824710891690e-01 -5.116315857283895534e-03
-9.424568448361303474e-01 -3.343160093938774557e-01 -2.817553142974681124e-03
-9.420058174839935905e-01 -3.355712709174343278e-01 -4.122996176617902894e-03
-9.415105468504221253e-01 -3.369826153946499647e-01 -8.026386163026521907e-04
-9.408604287767454721e-01 -3.387944316760025387e-01 -1.541423480319276205e-04
-9.405347207170017265e-01 -3.396657146820656892e-01 4.656023215359074777e-03
-9.405133202141789939e-01 -3.397566739622405740e-01 3.662972286278881259e-04
-9.389293728141728801e-01 -3.441083875752237176e-01 1.042891774066313434e-03
-9.389549675561665865e-01 -3.439800377618937866e-01 6.429596639505906659e-03
-9.408647298082222221e-01 -3.385620402434501020e-01 1.222057230937935272e-02
-9.408081128716950792e-01 -3.382095005101748431e-01 2.223658983345783852e-02
-9.429088674623447019e-01 -3.316461399510165498e-01 3.055721063770037299e-02
-9.444796739226656301e-01 -3.269939391040050936e-01 3.214260335509062233e-02
-9.471915226945396560e-01 -3.190785017779745325e-01 3.189305005109149826e-02
-9.498671070457751497e-01 -3.113762362988212740e-01 2.823749445714038991e-02
-9.503239512482821727e-01 -3.095453189044831688e-01 3.265150820230451612e-02
-9.559174715976541670e-01 -2.913545425521052445e-01 3.652883913198533977e-02
-9.570997226990555218e-01 -2.860532387772079521e-01 4.619203348381518276e-02
-9.584462559131363690e-01 -2.819353188177080027e-01 4.351194047175582086e-02
-9.597346889752154109e-01 -2.773251404613836235e-01 4.472283222076627734e-02
-9.621525500817709187e-01 -2.696406620766838014e-01 3.945151604115930410e-02
-9.639316906896648884e-01 -2.618319344665779869e-01 4.774696523690252076e-02
-9.657261953502317420e-01 -2.545477667884497586e-01 5.077784021856015378e-02
-9.673615793362649873e-01 -2.474905635699074513e-01 5.440620260278528769e-02
-9.699575242728347702e-01 -2.375152378068464687e-01 5.262083172710128182e-02
-9.703619740917202030e-01 -2.360677024972927529e-01 5.166931467044208470e-02
-9.716951114634062581e-01 -2.299304786620229857e-01 5.422752476330579274e-02
-9.734418985329249541e-01 -2.211081084751258807e-01 5.934740023965451305e-02
-9.748877322339922769e-01 -2.148190742250952745e-01 5.870872370275444230e-02
-9.766518586901885568e-01 -2.047850836647315542e-01 6.491730419533674190e-02
-9.784512301343063490e-01 -1.940026101569453376e-01 7.068392936971529261e-02
-9.802154351943144217e-01 -1.856517948531993811e-01 6.863783174393127406e-02
-9.820740840417452322e-01 -1.742199216268550677e-01 7.195799379099999948e-02
-9.840473863564901391e-01 -1.655985233930087897e-01 6.502238698917742199e-02
-9.851539996854840053e-01 -1.548595956950377106e-01 7.409550046769144971e-02
