1.000000000000000000e+00 0.000000000000000000e+00 0.000000000000000000e+00
9.999621263782717540e-01 2.747927095524765450e-03 -8.258026778919402844e-03
9.998461338809295773e-01 9.018219678421056373e-03 -1.504596131177113848e-02
9.995885004588744849e-01 1.692653748207026410e-02 -2.315865434801927039e-02
9.994794728671808626e-01 1.926620570231068336e-02 -2.587658909067261023e-02
9.992817554369506361e-01 2.619640622371019120e-02 -2.738106717421513042e-02
9.990238357277446690e-01 3.409951394239943423e-02 -2.808202523916298807e-02
9.983813995739686531e-01 4.289291615256989737e-02 -3.734675856944810746e-02
9.974433594907251566e-01 5.122567950152871752e-02 -4.982647050501649855e-02
9.964835218512054782e-01 5.961721422883901889e-02 -5.887598628609142654e-02
9.952519863473733297e-01 7.190626411598050050e-02 -6.559708187158960757e-02
9.939054104502925702e-01 8.454779939890781637e-02 -7.073690356213811758e-02
9.918807491774843665e-01 1.003989373026175774e-01 -7.805535476060354583e-02
9.886755459307005056e-01 1.187176235650294204e-01 -9.179759468041036319e-02
9.859059088702816220e-01 1.329201000344594485e-01 -1.015962341244481676e-01
9.827648077053109388e-01 1.527654753292063405e-01 -1.040963570264606675e-01
9.795761493773084139e-01 1.711787748999756553e-01 -1.054912510451030822e-01
9.754034983552747340e-01 1.890344922431160812e-01 -1.133754227367265860e-01
9.701776275158287000e-01 2.094256808981378726e-01 -1.220502648545922775e-01
9.649554752200127927e-01 2.307464945186473715e-01 -1.249679910222432494e-01
9.590724730616633220e-01 2.544836969812397376e-01 -1.241694482198213434e-01
9.527817671055611726e-01 2.761008580697500436e-01 -1.263931700929364355e-01
9.449617819396303187e-01 2.979662888386964692e-01 -1.351419095838073958e-01
9.365476813913460319e-01 3.215976927288788367e-01 -1.394753726091153279e-01
9.283275926839851255e-01 3.442221992077337811e-01 -1.404242626156754770e-01
9.173049956119461168e-01 3.721182947873035718e-01 -1.417022764833594795e-01
9.079524386921676848e-01 3.934584502474627321e-01 -1.442665347765335893e-01
8.974418938343911023e-01 4.140112293929285037e-01 -1.522917162869844576e-01
8.853118212006315657e-01 4.399760552321027030e-01 -1.504794580896323675e-01
8.742978247438324413e-01 4.597525546261381768e-01 -1.556628413834041103e-01
8.596256685093578431e-01 4.865939795026308912e-01 -1.557884049797099157e-01
8.446090575557645419e-01 5.098089197157568142e-01 -1.634944198990276043e-01
8.303796936533814899e-01 5.315780561739495980e-01 -1.670160327284084256e-01
8.138420299525843671e-01 5.547993525753776023e-01 -1.727971353354207373e-01
7.974439396618477893e-01 5.788459026314773936e-01 -1.703543514606596643e-01
7.817360549085041743e-01 5.994101819819627197e-01 -1.720354472846238603e-01
7.631541086600200918e-01 6.214266390138071250e-01 -1.772703031929103168e-01
7.475098511374849153e-01 6.412344182422289318e-01 -1.733420453480022383e-01
7.278742231934212104e-01 6.626018033474208035e-01 -1.765162524955311285e-01
7.080204205328083367e-01 6.831545427023648642e-01 -1.789049395773353313e-01
6.888217419352029580e-01 7.029687068618298840e-01 -1.770864963466406150e-01
6.673248095357019460e-01 7.242396549470675460e-01 -1.736506326855072890e-01
6.488737620185771604e-01 7.406419256324481282e-01 -1.743915148598824405e-01
6.290941355630554899e-01 7.576048999701109343e-01 -1.739982920332581728e-01
6.095378644918681976e-01 7.733553409452824656e-01 -1.743133094605320843e-01
5.863803752037259898e-01 7.915911069414520718e-01 -1.718766882895086390e-01
5.659653577568372063e-01 8.058429866323912893e-01 -1.740698591979796261e-01
5.431653730229143440e-01 8.211134822013462786e-01 -1.753398081596831137e-01
5.205672760827250167e-01 8.354897862266369435e-01 -1.759731503146813592e-01
4.942901875216862972e-01 8.501161612758766362e-01 -1.816032614805621337e-01
4.673004727884832454e-01 8.648776538624857180e-01 -1.833492130932268815e-01
4.429825672058676500e-01 8.770955362954206969e-01 -1.856606783494066104e-01
4.194623104610659681e-01 8.882820811962541807e-01 -1.870998034441348490e-01
3.889809253318874949e-01 9.020031907240043667e-01 -1.873075163778661900e-01
3.657704174341641079e-01 9.124439851089191089e-01 -1.834611614964146709e-01
3.338467060066321879e-01 9.245855653432558663e-01 -1.835427229498564350e-01
3.056467613799370153e-01 9.349255625042279805e-01 -1.802616735943486925e-01
2.841361632033324036e-01 9.415554864603664642e-01 -1.809417801281933136e-01
2.582816320177306335e-01 9.490940871008817226e-01 -1.803081623218077967e-01
2.368934405880416261e-01 9.545169793607580777e-01 -1.810493162211144202e-01
2.126650035271687444e-01 9.596925932420381500e-01 -1.837491324553181815e-01
1.908051940715134176e-01 9.643372837114442264e-01 -1.834311918388187301e-01
1.614173002871343854e-01 9.703726798706223677e-01 -1.797813622179981752e-01
1.350029945187625480e-01 9.749892755841468306e-01 -1.765506287370457172e-01
1.083547048451601602e-01 9.796935040564046515e-01 -1.687006734015191467e-01
8.320008200858597380e-02 9.827741174597316443e-01 -1.650236384263616130e-01
5.840811248566739333e-02 9.846822184431051062e-01 -1.642846368890978070e-01
3.251362946660906611e-02 9.854620267898089869e-01 -1.667557452128723694e-01
9.553019302452926687e-03 9.859189099244667354e-01 -1.669510820238337134e-01
-1.640938007784531472e-02 9.862359610246278496e-01 -1.645277549090809754e-01
-4.032857672372076874e-02 9.849902991975852951e-01 -1.678324681687705100e-01
-5.801926500625056993e-02 9.848320105902026445e-01 -1.635227716327767311e-01
-7.702347518237880053e-02 9.847802463522969951e-01 -1.558052368868889925e-01
-9.792951074717839988e-02 9.825938812928736166e-01 -1.578578366653601295e-01
-1.230675968622593763e-01 9.796288375844993679e-01 -1.586875181539227353e-01
-1.454512666620681183e-01 9.764500784061264094e-01 -1.593398715212718530e-01
-1.638712267933476185e-01 9.730748656612014935e-01 -1.620850031038934547e-01
-1.817429416200220249e-01 9.690392257939535181e-01 -1.671301995214677927e-01
-2.104582088101185355e-01 9.643189307736166338e-01 -1.606124646611327700e-01
-2.328160265122443673e-01 9.594116974011497323e-01 -1.591411773894127191e-01
-2.582989278443046932e-01 9.529058660436434680e-01 -1.589090808366973029e-01
-2.822939628057662964e-01 9.459470711479694982e-01 -1.596692793907514840e-01
-3.090088492108646889e-01 9.375370323865986899e-01 -1.598057121570400085e-01
-3.287913399296755745e-01 9.313229408254397601e-01 -1.566328706110372282e-01
-3.547561646338703856e-01 9.221726851140542580e-01 -1.540961511171380083e-01
-3.728551344201523343e-01 9.147939637441249161e-01 -1.553417973903163662e-01
-3.956579274626146336e-01 9.050407259591508602e-01 -1.560644423699246719e-01
-4.143093328673235209e-01 8.958054436417596245e-01 -1.608738810793803597e-01
-4.294645415373237740e-01 8.883842284625519392e-01 -1.622765909843056908e-01
-4.514553461261243683e-01 8.786656200322512378e-01 -1.553538537507654360e-01
-4.700557983682891461e-01 8.688352260144847072e-01 -1.554764217447419383e-01
-4.881727870833410532e-01 8.591136228807594311e-01 -1.536591491452897196e-01
-5.080694681812609748e-01 8.481087355280317874e-01 -1.502564770357038559e-01
-5.294272655605362088e-01 8.358615188837027477e-01 -1.450596836268482626e-01
-5.434495022666118169e-01 8.279430939342599105e-01 -1.384662105895889672e-01
-5.581031302073945488e-01 8.179060526375701023e-01 -1.398234777144543861e-01
-5.801250514588780494e-01 8.027821413791185190e-01 -1.378251708288625865e-01
-5.968483192491437217e-01 7.908201635287154252e-01 -1.355565279129749834e-01
-6.116816438596948124e-01 7.799356960809494810e-01 -1.324609216899681752e-01
-6.266624626796499786e-01 7.676112335294633660e-01 -1.344141790870416742e-01
-6.441830329650474196e-01 7.533351592830532795e-01 -1.323418956613789943e-01
-6.566755969586971498e-01 7.444135881776958730e-01 -1.209363055035488077e-01
-6.685795009395102406e-01 7.332871023426309476e-01 -1.236587893242949293e-01
-6.820213026550725477e-01 7.202246733850025118e-01 -1.269778816063761029e-01
-7.003508413822893131e-01 7.017331597097167251e-01 -1.306877646965945161e-01
-7.125832935901585952e-01 6.888305305598734218e-01 -1.331824688424616820e-01
-7.235132043051797357e-01 6.762679723073533600e-01 -1.385290324979623344e-01
-7.378209553642413043e-01 6.607997659920961109e-01 -1.377095748044210310e-01
-7.540902034123374564e-01 6.417777132804706186e-01 -1.395326192777789354e-01
-7.679506835418355992e-01 6.241436624309737446e-01 -1.438626294705555864e-01
-7.769858364765176439e-01 6.129607295233219233e-01 -1.434300311015570539e-01
-7.869620924467209955e-01 5.988361243897754038e-01 -1.486135291099908995e-01
-7.988149207927124351e-01 5.832670595330951002e-01 -1.472897800876522834e-01
-8.116498594657149956e-01 5.657315208508452153e-01 -1.455072901199754576e-01
-8.217965481782389947e-01 5.504196067144511151e-01 -1.472708714315505152e-01
-8.314500057259903709e-01 5.336871938067987431e-01 -1.544955890587879355e-01
-8.397456034757760923e-01 5.183099796529481162e-01 -1.618088597922404392e-01
-8.539124324896077978e-01 4.941796464235663211e-01 -1.631565366659468996e-01
-8.654952437093752504e-01 4.727406762372448057e-01 -1.656328989874916169e-01
-8.759250201111924428e-01 4.558094179132421431e-01 -1.580922343215605264e-01
-8.855029090832183813e-01 4.360164467796248666e-01 -1.605436918735403951e-01
-8.961584146740443346e-01 4.130668275990785898e-01 -1.620984664240628648e-01
-9.047350094033089762e-01 3.968028946395501522e-01 -1.549259370868001917e-01
-9.135057993844707402e-01 3.802942778864704110e-01 -1.445110244225508711e-01
-9.200959590800097398e-01 3.651403140128278157e-01 -1.417603485705244970e-01
-9.282196964008423423e-01 3.464656728544348585e-01 -1.355350575816819947e-01
-9.357033679444167751e-01 3.282400039715601681e-01 -1.292970426606446510e-01
-9.423638959778749546e-01 3.127107132138769452e-01 -1.190055229883994065e-01
-9.477187804981509478e-01 2.994452064774214550e-01 -1.102800882384360054e-01
-9.518775643464666425e-01 2.885341953081438926e-01 -1.033302304266425359e-01
-9.552604641475341829e-01 2.805758532219431167e-01 -9.356629884195680202e-02
-9.587046499668736566e-01 2.701653825129359809e-01 -8.885986762528706728e-02
-9.601628926915275475e-01 2.668984419503923067e-01 -8.277956890196477846e-02
-9.621440821833532331e-01 2.609804786040336166e-01 -7.853642888456116578e-02
-9.652159342256534380e-01 2.499400565223557358e-01 -7.673450460069219936e-02
-9.677974863584090093e-01 2.427163078773262872e-01 -6.675952968311249514e-02
-9.714653771306123176e-01 2.284899138455592227e-01 -6.361914166585123931e-02
-9.742554982696653987e-01 2.172371607309004915e-01 -6.028477840088800055e-02
-9.750429437689693835e-01 2.157034621294626753e-01 -5.256699248487221865e-02
-9.766980787943119191e-01 2.103478962711148315e-01 -4.259858652300944903e-02
-9.778533397986199915e-01 2.066851266113010899e-01 -3.292595303877951518e-02
-9.780283220764008911e-01 2.062437804812054520e-01 -3.039931458041049764e-02
-9.787624081336036008e-01 2.028358243123938864e-01 -2.969496382271575793e-02
-9.795166838410811483e-01 1.988744903225084237e-01 -3.155974127805403345e-02
-9.799854480813259272e-01 1.968674976597211967e-01 -2.952497218533047668e-02
-9.814119885872292226e-01 1.896748058867628872e-01 -2.922311957287008349e-02
-9.823978602859063658e-01 1.841680269987002738e-01 -3.125053677182388495e-02
-9.838634667241893395e-01 1.763003139795667751e-01 -3.051052595702541045e-02
-9.849484523727344287e-01 1.702691945799377493e-01 -2.974830369919191295e-02
-9.856155547342890788e-01 1.657081166384227200e-01 -3.320862076112928579e-02
-9.865725659871416031e-01 1.583279556310014380e-01 -4.008547077583805157e-02
-9.874401732098890827e-01 1.523909058751604650e-01 -4.170048772678015825e-02
-9.884598471384136165e-01 1.473669085643475318e-01 -3.507333819063539193e-02
-9.885594294301015550e-01 1.457184794975216191e-01 -3.894089670678515386e-02
-9.893089893321619366e-01 1.415765613633655773e-01 -3.498306885424620760e-02
-9.898518173636058348e-01 1.360563152381748520e-01 -4.101308372701135962e-02
-9.909102385099038957e-01 1.270429935692770351e-01 -4.423789539726750292e-02
-9.920073082783683605e-01 1.179817521748637993e-01 -4.474171297910375239e-02
-9.922448027457154707e-01 1.163108456414610331e-01 -4.384122494098957601e-02
-9.927242010929022697e-01 1.119665295265023924e-01 -4.429640204250961250e-02
-9.941418678793664254e-01 1.007638860667993963e-01 -3.909731328670243422e-02
-9.942780098984554948e-01 9.686980818903327684e-02 -4.502769857123731928e-02
-9.949796199969006549e-01 9.031887716611801398e-02 -4.310534155074340068e-02
-9.953849558241408824e-01 8.391207292712982158e-02 -4.655714850794858556e-02
-9.958713076837369949e-01 7.928528805267388846e-02 -4.420628838390728427e-02
-9.960590573930935276e-01 7.218357682398114650e-02 -5.153542392285426904e-02
-9.965024001978538548e-01 6.864604006047085594e-02 -4.765188369404395330e-02
-9.970903039249131572e-01 6.017069166268575187e-02 -4.680200966959359443e-02
-9.969703021719424907e-01 5.987116804696696742e-02 -4.965555623364863863e-02
-9.974111539927621450e-01 5.208153630917539828e-02 -4.958344384608071725e-02
-9.976524222219013138e-01 4.080633190537696908e-02 -5.499547573488033220e-02
-9.983001285172663497e-01 2.934488762006385448e-02 -5.035618689943911763e-02
-9.983040703941116201e-01 1.994951887647414268e-02 -5.469016928934521127e-02
-9.986639407345989650e-01 1.021841449023613325e-02 -5.065503124201840845e-02
-9.988706709333268208e-01 -1.344757818577542799e-03 -4.749303948475280812e-02
-9.987705657276263471e-01 -8.938923911614184842e-03 -4.875927751475184202e-02
-9.986256654717410308e-01 -1.756076669614588595e-02 -4.938030201827207227e-02
-9.984524852648662963e-01 -3.165893230964673261e-02 -4.572046572662492869e-02
-9.981588638876465192e-01 -4.129165177090979300e-02 -4.442855122645709282e-02
-9.978567654351029326e-01 -4.633148618985999390e-02 -4.620912633484662579e-02
-9.976890287297786042e-01 -5.252531186304165711e-02 -4.310113395775829609e-02
-9.975533240658488454e-01 -5.687758238116807225e-02 -4.064874387527578348e-02
-9.971317195430999814e-01 -6.233457802475025206e-02 -4.292724600592984219e-02
-9.966114282330731378e-01 -7.051887809908892468e-02 -4.234103344159396293e-02
-9.965516531538138878e-01 -7.083899823443608190e-02 -4.320478092133057252e-02
-9.957071676396915816e-01 -8.074490650453582108e-02 -4.524942792983744494e-02
-9.954307351953723959e-01 -8.437505888051127778e-02 -4.470475588537747846e-02
-9.950548888855772489e-01 -8.827013112745776824e-02 -4.554301699526731168e-02
-9.947449271650893321e-01 -9.169260256627564942e-02 -4.555228705279203844e-02
-9.945022232059432810e-01 -9.488667790098859189e-02 -4.429289684536557442e-02
-9.940358987872799368e-01 -9.990300162924861671e-02 -4.372683931328714968e-02
-9.926121915535474072e-01 -1.132964697256344383e-01 -4.341614200960743075e-02
-9.920500257945216172e-01 -1.188803104695652924e-01 -4.128234783335071184e-02
-9.916677065393451063e-01 -1.211834981141094864e-01 -4.370050037264857495e-02
-9.909382353884000905e-01 -1.268314101854167708e-01 -4.421788334625005590e-02
-9.890719141964712247e-01 -1.406475940557108117e-01 -4.421557424804333641e-02
-9.886409201682827552e-01 -1.431521726921345383e-01 -4.578865163299334490e-02
-9.874996853343132042e-01 -1.515138480888352235e-01 -4.345042381169933465e-02
-9.863660345735462132e-01 -1.597600122127807443e-01 -3.948161897036590873e-02
-9.858969194155368099e-01 -1.623425139271028050e-01 -4.064709575660545304e-02
-9.841933703350917995e-01 -1.733399209339044622e-01 -3.628629821802493993e-02
-9.828796552228621364e-01 -1.816723855382983144e-01 -3.070409241849880733e-02
-9.807788982941227918e-01 -1.926820669963452692e-01 -3.076340895912991688e-02
-9.790686926110191424e-01 -2.017106772884982857e-01 -2.715347713157706400e-02
-9.781623516128394868e-01 -2.064600703050151753e-01 -2.393045662904251525e-02
-9.769899208878641828e-01 -2.116648244933500012e-01 -2.624328767483779037e-02
-9.755729013118167314e-01 -2.188376851325260775e-01 -1.917276221853365936e-02
-9.751611543762070955e-01 -2.208105756687058496e-01 -1.741911813379705062e-02
-9.739241677515860784e-01 -2.262183407185486272e-01 -1.723342087388021054e-02
-9.729291910112591868e-01 -2.306636726359811151e-01 -1.425034708481504389e-02
-9.727215079079396531e-01 -2.316348344603803011e-01 -1.257714184540779240e-02
-9.722147936524806466e-01 -2.339651996481253438e-01 -7.661160137175521134e-03
-9.723611661203463985e-01 -2.333984847351328329e-01 -6.238827766087299241e-03
-9.718076444829979454e-01 -2.357493937599260125e-01 -3.484033992907299444e-03
-9.717701345452059991e-01 -2.359273235164979221e-01 -1.056719262141910844e-03
-9.721491836427493816e-01 -2.343626249514542681e-01 -3.712286602381722166e-04
-9.721536652210210905e-01 -2.343341486215295699e-01 2.184270034055949342e-03
-9.710208557762967096e-01 -2.389770883118710054e-01 2.908943534343330639e-03
-9.706991179034446526e-01 -2.402934689598564266e-01 1.511399341111495679e-03
-9.703375574048119789e-01 -2.417539620918376375e-01 2.440540921355683311e-04
-9.710371459037748787e-01 -2.388972303373776696e-01 3.871399232397157702e-03
-9.704882081902070912e-01 -2.411114367014554338e-01 4.233906843727166212e-03
-9.717529640808663105e-01 -2.358028217569906881e-01 9.655014588100719122e-03
-9.731911184925826630e-01 -2.296275802118944165e-01 1.304740298510875286e-02
-9.712768582623897418e-01 -2.376304811102668557e-01 1.237062964473083573e-02
-9.703222181777485522e-01 -2.414653188941378592e-01 1.301176721277576796e-02
-9.715616386652622394e-01 -2.358704794691678097e-01 2.081136140274386995e-02
-9.719665638763591575e-01 -2.342626123251111969e-01 2.005095343913740683e-02
-9.730994657312295182e-01 -2.297502541350901206e-01 1.709573034772546296e-02
-9.733571237576865709e-01 -2.285900250612115381e-01 1.795894108319318061e-02
-9.734284665579084894e-01 -2.280643382941089647e-01 2.058377028799184688e-02
-9.740387761002385902e-01 -2.254440314555406499e-01 2.057826135168830048e-02
-9.740980657674508381e-01 -2.251870692653047401e-01 2.058532510950083702e-02
-9.742766511472210622e-01 -2.243106408563817766e-01 2.167387687670741317e-02
-9.757164296569964534e-01 -2.178705571412844488e-01 2.258058346964817928e-02
-9.757734562884033958e-01 -2.174811733113297396e-01 2.383515858189487122e-02
-9.769809615211498821e-01 -2.114422534649356700e-01 2.829112882521621353e-02
-9.773826168977525208e-01 -2.098557774710301804e-01 2.614931210314695026e-02
-9.792118702898828797e-01 -2.010337784059774424e-01 2.701012457951901605e-02
-9.807964476724406744e-01 -1.922388585209589273e-01 3.290233682982346419e-02
-9.829727310572474730e-01 -1.808379438043947740e-01 3.259236585913176387e-02
-9.841772565839934650e-01 -1.740817875597460429e-01 3.302534048575345854e-02
-9.839764741595211639e-01 -1.739074032344156695e-01 3.932591643306494050e-02
-9.846544926478756343e-01 -1.685507702305431565e-01 4.523475072202565173e-02
-9.869157529422308839e-01 -1.552428706175947581e-01 4.355412920343405131e-02
-9.882212848942276695e-01 -1.456758701118064658e-01 4.687480773605896128e-02
-9.894522042038723653e-01 -1.373066421757130895e-01 4.616531423678481294e-02
-9.898495420404062051e-01 -1.346037480105219397e-01 4.560405427113507770e-02
-9.912886172206215596e-01 -1.228351406101973187e-01 4.752284008514189029e-02
-9.918863888969166043e-01 -1.183737722126422115e-01 4.635791521158220962e-02
-9.925193803304038775e-01 -1.132702554094377478e-01 4.555374422721459454e-02
-9.929004042515319206e-01 -1.096192056423596906e-01 4.617826015487348779e-02
-9.940209565600082176e-01 -1.002771242551815656e-01 4.320706928925055479e-02
-9.941327728323005042e-01 -9.570945248328681376e-02 5.039588779231871096e-02
-9.946632333741428633e-01 -9.210322925446948195e-02 4.649797876019795551e-02
-9.955908618445512559e-01 -8.221801109494734916e-02 4.515583132347550377e-02
-9.957390948445353773e-01 -7.614188120854174791e-02 5.202003453702697122e-02
-9.963002226190613708e-01 -6.774868063437922139e-02 5.287719537760780103e-02
-9.968202100241986274e-01 -6.250691084739640191e-02 4.942033775335090418e-02
-9.972102444605017713e-01 -5.558147242686657663e-02 4.982412159355607134e-02
-9.973882945327542382e-01 -4.456669031673907155e-02 5.683674380254671171e-02
-9.979678043440320945e-01 -3.621230894989074800e-02 5.243038628420571001e-02
-9.980934930293449137e-01 -2.714759235350884189e-02 5.542925938465254054e-02
-9.981126170527996333e-01 -1.831935615502373188e-02 5.861416537236156105e-02
-9.982472176418579757e-01 -5.916118992668249407e-03 5.888554623499637347e-02
-9.980396602048809962e-01 -9.591778405324598994e-04 6.257741056308582794e-02
-9.977368468999240347e-01 1.429852792269313382e-02 6.570199676432615654e-02
-9.976702891421486141e-01 2.574760197839649073e-02 6.317492348472786290e-02
-9.975551157802209357e-01 3.449263580420363490e-02 6.077881820119589162e-02
-9.973054169595022556e-01 3.962649915681239893e-02 6.173865553623855695e-02
-9.969078652825070774e-01 4.496464613372692931e-02 6.444303285968186468e-02
-9.961701515851407729e-01 5.320107937587120056e-02 6.938796948309991497e-02
-9.953254310035436481e-01 6.508105920365822583e-02 7.135655810966322343e-02
-9.945791439309464854e-01 7.704983911515210504e-02 6.982596163271412304e-02
-9.936247146884263914e-01 8.645310630302310839e-02 7.235884924742838620e-02
-9.935688837674371277e-01 8.963979908874851465e-02 6.917800187153509694e-02
-9.932000264045171001e-01 9.791847725638630484e-02 6.297376856018356561e-02
-9.921334205301326481e-01 1.065394028156825268e-01 6.573163615647539815e-02
-9.913208397999732080e-01 1.130777151005705888e-01 6.705549546024647256e-02
-9.899452090977389762e-01 1.235032355756549988e-01 6.895977348631197879e-02
-9.885723752874733261e-01 1.331579998366026196e-01 7.066556885033814517e-02
-9.873943055304352789e-01 1.423074166139076946e-01 6.928997939128685168e-02
-9.861946464192387074e-01 1.502049456092121316e-01 6.970373285156002130e-02
-9.845481152767786570e-01 1.595804968999781082e-01 7.210471868019695252e-02
-9.826162701656920850e-01 1.713971668608262333e-01 7.133227525925545098e-02
-9.800679031613334091e-01 1.852032671476191161e-01 7.187956473466332319e-02
-9.796054658145684213e-01 1.898060348251564000e-01 6.593039657017517319e-02
-9.780149830624570439e-01 1.989584348868844998e-01 6.246799483016321486e-02
-9.766363433320504051e-01 2.066983604856031109e-01 5.879844248578418309e-02
-9.754611082173895165e-01 2.128374053725740067e-01 5.635495764816303432e-02
-9.738066541012752042e-01 2.194556275107527876e-01 5.949658890059746075e-02
-9.719407462154207034e-01 2.283427223013652918e-01 5.648719294773199562e-02
-9.710606459231047038e-01 2.316434525732858352e-01 5.815968324824517116e-02
-9.694218288119279547e-01 2.399828282230313525e-01 5.127938789027719491e-02
-9.679912876544858324e-01 2.455454854296414413e-01 5.196438473204433028e-02
-9.663249439971489663e-01 2.522666156767422452e-01 5.077078746387946040e-02
-9.631132585015450553e-01 2.648277792789248686e-01 4.774006993454964903e-02
-9.623843183942446533e-01 2.674457661607088088e-01 4.784560093983700191e-02
-9.597110495682890097e-01 2.780019737432683491e-01 4.086097617018592115e-02
-9.587674575583546854e-01 2.818606747585187255e-01 3.632544024999467130e-02
-9.559832218192960696e-01 2.911133128869647924e-01 3.673055856518104428e-02
-9.539058662286686863e-01 2.979026934602931331e-01 3.629874441301494947e-02
-9.532675699358904575e-01 3.000265772025350053e-01 3.556695532728745140e-02
-9.497558480269849834e-01 3.115250141661092265e-01 3.026565391955269788e-02
-9.487685030146610909e-01 3.143159353091261043e-01 3.230844548764925939e-02
-9.477645655179998130e-01 3.173467857546651838e-01 3.214593394379722940e-02
-9.451190848367768682e-01 3.252125204235069567e-01 3.141253224804790856e-02
-9.440394109507910247e-01 3.281660992133696997e-01 3.311520907669925767e-02
-9.423366794946960168e-01 3.332530610195927889e-01 3.072450065598845287e-02
-9.412744545529408979e-01 3.362154784362593740e-01 3.100916655604533598e-02
-9.396650394770642567e-01 3.412747977343676964e-01 2.368841258989395557e-02
-9.371705381631355580e-01 3.482804617575925299e-01 2.030066550290822447e-02
-9.379398262842575384e-01 3.464812959275955229e-01 1.481919648288100924e-02
-9.375768865547726705e-01 3.474689426689968608e-01 1.466050545939579300e-02
-9.391280672990852674e-01 3.434576419849145190e-01 8.679640942073438975e-03
-9.388158768162881973e-01 3.443762607985921265e-01 5.454834680614716047e-03
-9.356038214788849894e-01 3.530118007480304021e-01 5.307782036059797114e-03
-9.350349384406216879e-01 3.545551397485235401e-01 5.758255563525155676e-04
-9.365349985721571624e-01 3.505739509862114134e-01 3.408050953547266245e-04
-9.348969270771813056e-01 3.549009296907339461e-01 -3.616713534756620194e-03
-9.340322229619473227e-01 3.571719064651220354e-01 -3.471379185802162416e-03
-9.335350637945697416e-01 3.583899458105855307e-01 -8.303381496472247297e-03
-9.353040978256796922e-01 3.536505434117716007e-01 -1.172828094611744892e-02
-9.353868276676851057e-01 3.534090994677032693e-01 -1.238974894256557671e-02
-9.375825704912331693e-01 3.472943171476929880e-01 -1.804427286210152220e-02
-9.389176399495131609e-01 3.438400050575286526e-01 -1.441288259422439377e-02
-9.387217627277570919e-01 3.443104878758105336e-01 -1.586678900897964956e-02
-9.393328306566270935e-01 3.426169027976995185e-01 -1.635561223164323091e-02
-9.399580373624124574e-01 3.404241815484496669e-01 -2.429567219560056779e-02
-9.401031543381562772e-01 3.396854879239569192e-01 -2.863291113267054516e-02
-9.416576468381011589e-01 3.350737996398880369e-01 -3.172444065703121374e-02
-9.418329572771925173e-01 3.338715928117369502e-01 -3.847668639408072938e-02
-9.443575217691714263e-01 3.267056641458385147e-01 -3.810899337167180517e-02
-9.453339452386744224e-01 3.240392337930486089e-01 -3.663771573280601157e-02
-9.467177932634393001e-01 3.202027898218224311e-01 -3.457757276021472537e-02
-9.483706296734405461e-01 3.153659378787594947e-01 -3.372668411861964866e-02
-9.499360487630579275e-01 3.101880457235889343e-01 -3.748192710584086207e-02
-9.532734949067639407e-01 2.996865912099564988e-01 -3.817861050448993071e-02
-9.549034865472899591e-01 2.941065565521492897e-01 -4.075144397369757227e-02
-9.573319828512344420e-01 2.860675215323386089e-01 -4.099833106601814131e-02
-9.599858094113427054e-01 2.777672192169176602e-01 -3.567397912336802562e-02
-9.621628534011897882e-01 2.690766437847488812e-01 -4.290010337077210939e-02
-9.630352291685310151e-01 2.651811175772909590e-01 -4.735121865753690040e-02
-9.642092775832599161e-01 2.616270937845243671e-01 -4.303194538532562063e-02
-9.645574855410420367e-01 2.599552113286737187e-01 -4.530078058820331127e-02
-9.657582962264278370e-01 2.539943222101960218e-01 -5.289436348171049768e-02
-9.683345528004431157e-01 2.439946428499930320e-01 -5.286609731535872603e-02
-9.698738041226215856e-01 2.370182961793215470e-01 -5.627741638482140069e-02
-9.718110266500865624e-01 2.282797668574153283e-01 -5.892107280035208811e-02
-9.737332641245239895e-01 2.199443569951151645e-01 -5.888995209744495030e-02
-9.757341493551684453e-01 2.107126565206292046e-01 -5.952362957819059414e-02
-9.766055352039269000e-01 2.057633482566304517e-01 -6.247471151018937907e-02
-9.784836745025025095e-01 1.969067870180501723e-01 -6.162331068865611883e-02
-9.800522175355452781e-01 1.885141706365865144e-01 -6.292912668809567955e-02
-9.817684407980014072e-01 1.791390818049077849e-01 -6.356048043393958125e-02
-9.824167436591202396e-01 1.745320238467887031e-01 -6.630181873951544735e-02
-9.840783564736714784e-01 1.649712783976121644e-01 -6.613835768507714263e-02
-9.859547397884482756e-01 1.511382219093666268e-01 -7.106691214486328401e-02
-9.866764008474868675e-01 1.464928953669090705e-01 -7.077802373231589783e-02
-9.888488380065721950e-01 1.326706670602279536e-01 -6.764973393149370517e-02
-9.899487837366088838e-01 1.212989603546504869e-01 -7.271853222718421828e-02
-9.911250996234586275e-01 1.112993514947070439e-01 -7.268774577750936050e-02
-9.918023069163218741e-01 1.035389026144285102e-01 -7.488589225504210800e-02
-9.930413241725025708e-01 8.866077919261684814e-02 -7.751265890552551385e-02
-9.939055308136223177e-01 7.335252860119254037e-02 -8.228742510829824275e-02
-9.946014970097906138e-01 6.117853221261285168e-02 -8.381567518883667467e-02
-9.951036800500479007e-01 5.181323719663391558e-02 -8.416693225485755159e-02
-9.956824873888884264e-01 3.652729181352275256e-02 -8.533556948607158577e-02
-9.965733236373567339e-01 2.582111070838024811e-02 -7.858052196570562697e-02
-9.964953321511235140e-01 1.286809293906958362e-02 -8.265278701680804641e-02
-9.965198377821602449e-01 5.537891786082417556e-04 -8.335420988574716861e-02
-9.964457787676034295e-01 -9.677976544699762318e-03 -8.367893912557981817e-02
-9.959375832392355354e-01 -2.597027814057817005e-02 -8.622002873976919446e-02
-9.958261058069843852e-01 -3.782196040520703628e-02 -8.306554368474851346e-02
-9.952179168399813980e-01 -4.912281854534203407e-02 -8.442905316360764523e-02
-9.945464328718871538e-01 -5.968687919769367911e-02 -8.552711669357752899e-02
-9.938268509453547228e-01 -7.167477366063200461e-02 -8.468137620595098114e-02
-9.932789821487799653e-01 -8.410541109042490859e-02 -7.951830989524842630e-02
-9.921270811340016094e-01 -9.717178038676117791e-02 -7.900327919843674884e-02
-9.902230277652660506e-01 -1.120405506308752575e-01 -8.309806552750531594e-02
-9.884397478694516570e-01 -1.272869820170976496e-01 -8.237054776434322989e-02
-9.868247181002610668e-01 -1.397046832657001247e-01 -8.160634371442825052e-02
-9.850400533935362857e-01 -1.515495469079145008e-01 -8.202954462923536805e-02
-9.841542176676669751e-01 -1.598530136791873613e-01 -7.673009746411697807e-02
-9.823406533193720369e-01 -1.702795814681161424e-01 -7.753530185633492056e-02
-9.802239212929829693e-01 -1.824179819698174276e-01 -7.671220240755037556e-02
-9.771454067471087024e-01 -1.970293289592222885e-01 -7.978919711634452350e-02
-9.740918722451005207e-01 -2.111271375941022044e-01 -8.105784831678229663e-02
-9.727437247141931254e-01 -2.188640234694381459e-01 -7.660420129345682505e-02
-9.705763902355875050e-01 -2.299782572767433420e-01 -7.135467742330080243e-02
-9.683278196552655981e-01 -2.407170012603667697e-01 -6.630668732435018864e-02
-9.673032867154668368e-01 -2.447013808146248637e-01 -6.667535932352437744e-02
-9.651819483492236618e-01 -2.532036858595150819e-01 -6.566367206323325822e-02
-9.621573942112188194e-01 -2.663843599300264042e-01 -5.738064707523485297e-02
-9.604614382606878609e-01 -2.734514675495453018e-01 -5.232721582721386322e-02
-9.585981989146818982e-01 -2.788566109247609948e-01 -5.769316071018101150e-02
-9.571493576545757609e-01 -2.855276066181397510e-01 -4.836434593648241548e-02
-9.563428787265219055e-01 -2.881776193461916269e-01 -4.860015407104853469e-02
-9.531822250061486868e-01 -2.986546093521321721e-01 -4.742454119793501621e-02
-9.520786694220042534e-01 -3.029657951021854645e-01 -4.192792646656301470e-02
-9.515867017691775898e-01 -3.045420680668422531e-01 -4.167606724900020654e-02
-9.501038374587031932e-01 -3.089350161421648422e-01 -4.314939936360426276e-02
-9.483531383612864296e-01 -3.147353738607246432e-01 -3.959780473049524102e-02
-9.469744417847607565e-01 -3.187436782684379688e-01 -4.052025339748678567e-02
-9.442832417212699836e-01 -3.271049129602154326e-01 -3.649043545079303646e-02
-9.435756431853925541e-01 -3.294409190892098049e-01 -3.367050499475596204e-02
-9.405608092709059065e-01 -3.387524079418051670e-01 -2.433487300233719286e-02
-9.399685012206240309e-01 -3.400737794952376492e-01 -2.844392973240189582e-02
-9.377832190175663385e-01 -3.460876841733402376e-01 -2.803506564099044959e-02
-9.383033925056202262e-01 -3.445700202785291211e-01 -2.929608575972368623e-02
-9.370576200450712046e-01 -3.479989137124130383e-01 -2.863195179049130012e-02
-9.320103300272120084e-01 -3.609992420807386360e-01 -3.219173698513359133e-02
-9.278071874449846934e-01 -3.716783280500005060e-01 -3.207895523180521319e-02
-9.268823040411756642e-01 -3.738842472882769608e-01 -3.316293252423896387e-02
-9.244120218435913916e-01 -3.801446420381657254e-01 -3.086228934412140607e-02
-9.250925170841406420e-01 -3.786771997531890865e-01 -2.841529798807691104e-02
-9.226966462028431959e-01 -3.845669027878153567e-01 -2.718845824874365283e-02
-9.197034618667150330e-01 -3.917024292289813525e-01 -2.673509014898199643e-02
-9.196694246776999648e-01 -3.920529695365786993e-01 -2.241950688608869077e-02
-9.188940911692569102e-01 -3.939470834557132761e-01 -2.096092912137675554e-02
-9.180563139520239169e-01 -3.962326624415175025e-01 -1.312621479395284160e-02
-9.199462103489430831e-01 -3.918783603541865501e-01 -1.141650705688053782e-02
-9.201759784312313339e-01 -3.914156455980122296e-01 -8.365225314987796701e-03
-9.181979606455963339e-01 -3.959998353383543113e-01 -9.831144009658648875e-03
-9.192865262043463659e-01 -3.934969515211249602e-01 -8.511628607082093179e-03
-9.207975310526543833e-01 -3.899475128624604325e-01 -8.535804489275662654e-03
-9.199481551321695427e-01 -3.919316211122472748e-01 -9.220205455360759930e-03
-9.213443596325271434e-01 -3.886530901196523224e-01 -8.565189231492633185e-03
-9.201040594530829342e-01 -3.915497586956597220e-01 -9.865201754619804669e-03
-9.194843505898209202e-01 -3.931233591878753320e-01 -1.602969936475948098e-03
-9.209742129523853515e-01 -3.896135597305376286e-01 2.790926601902228577e-03
-9.189818595892362829e-01 -3.942892704426264605e-01 2.886014270376166448e-03
-9.184031307818887324e-01 -3.956442572332344310e-01 1.152053179024872722e-03
-9.195507328405805314e-01 -3.929606070482222768e-01 2.902965379118538618e-03
-9.194416079829338395e-01 -3.931982779689120466e-01 4.718037952179270772e-03
-9.176043558453956805e-01 -3.974177850672128143e-01 7.833666295167192317e-03
-9.187757098646561760e-01 -3.943896320211348061e-01 1.755076826186619324e-02
-9.218991885573331047e-01 -3.867442317336244328e-01 2.303913586888067105e-02
-9.238693477109121144e-01 -3.817735745081610177e-01 2.672793910104730858e-02
-9.248635985974972273e-01 -3.795431800426861124e-01 2.396486922565391892e-02
-9.285632920393676049e-01 -3.706107607022104400e-01 2.044243326151077081e-02
-9.292518872127917273e-01 -3.686414568326855656e-01 2.438078784218481246e-02
-9.303768726504152431e-01 -3.656180189368349320e-01 2.687667149246520185e-02
-9.315074420158747648e-01 -3.630045911357330790e-01 2.283787753436889237e-02
-9.322435789879295331e-01 -3.606992327255054143e-01 2.860051487328448341e-02
-9.357061628178371393e-01 -3.507222143660445046e-01 3.805157576504257511e-02
-9.363746072311717183e-01 -3.479435599834215798e-01 4.623733711097100657e-02
-9.393182635254057056e-01 -3.400834139395647604e-01 4.499431809480029798e-02
-9.432799589750466840e-01 -3.290698456870438382e-01 4.399969222096643262e-02
-9.455277938947079797e-01 -3.227133770467077722e-01 4.281687139371957718e-02
-9.483318236202927798e-01 -3.144237943730771589e-01 4.247878343415829178e-02
-9.493709784630516291e-01 -3.107194826217267725e-01 4.634830804830177703e-02
-9.523100634366816752e-01 -3.020031333906668114e-01 4.358517691271758532e-02
-9.547845053412092886e-01 -2.937280425434926068e-01 4.593911769294943548e-02
-9.568766962752252025e-01 -2.864729957178498987e-01 4.816874541526625086e-02
-9.583881796787044882e-01 -2.801374176371272950e-01 5.491030589999040118e-02
-9.614428558612506670e-01 -2.698143284342409132e-01 5.317781834140007657e-02
-9.627800726783999341e-01 -2.642108535257426949e-01 5.698397928785600697e-02
-9.663079583363634040e-01 -2.500185857595577099e-01 6.115271131917278391e-02
-9.693710183757952015e-01 -2.383280583405114894e-01 5.932607309435893733e-02
-9.716491424052026149e-01 -2.294133349488471085e-01 5.716190461346191271e-02
-9.739591077048542767e-01 -2.183417875684384724e-01 6.107813119146868197e-02
-9.755602143585865305e-01 -2.101719317263011644e-01 6.410963572081598838e-02
-9.773446638276273024e-01 -2.004688137842176587e-01 6.789463350534215291e-02
-9.795009550974466128e-01 -1.875631501749523422e-01 7.347082779577057687e-02
-9.809331166419249515e-01 -1.794711691735273729e-01 7.456768100863858661e-02
-9.822281270743994375e-01 -1.721925666447153558e-01 7.468363493417427834e-02
-9.844780513764220808e-01 -1.595106392457312505e-01 7.320752097909344336e-02
-9.860079412485364125e-01 -1.515886521928041242e-01 6.934867652975967856e-02
-9.880270404015174535e-01 -1.357436317495077926e-01 7.332293652945159890e-02
-9.897100559053191304e-01 -1.231740517560498821e-01 7.281605135931572270e-02
-9.908146507897859223e-01 -1.157403972170379380e-01 6.993216149501077505e-02
-9.917418936038421284e-01 -1.062192822695372102e-01 7.187141064992359774e-02
-9.918711981477398298e-01 -1.028920371035627057e-01 7.486503951515670330e-02
-9.928989076790945001e-01 -9.402218554094583791e-02 7.288077118103455931e-02
-9.936149283500411711e-01 -8.213115522116261336e-02 7.735545772373086937e-02
-9.942095204989207513e-01 -7.037293290844827409e-02 8.121021706868335188e-02
-9.945406391805529100e-01 -6.276678817395016374e-02 8.336226440412548844e-02
-9.950908932080663183e-01 -4.416645579014233380e-02 8.856330441839586898e-02
-9.961640426112091662e-01 -3.028924681744495084e-02 8.209617398139430755e-02
-9.961452682327560648e-01 -1.723911255329647202e-02 8.600835852941103588e-02
-9.966405819443016068e-01 -5.928600754235084994e-03 8.168489462689819403e-02
-9.969269039943847721e-01 7.398968018200469468e-03 7.798732588312197456e-02
-9.968696329121067290e-01 1.417901948219394380e-02 7.778116746512948876e-02
-9.965553192525349324e-01 2.318266019307528222e-02 7.962461718846265690e-02
-9.964148898982987390e-01 3.404719884312271128e-02 7.744788579007626239e-02
-9.956421052402159022e-01 4.743603968104780771e-02 8.029097257050862857e-02
-9.945635244607977654e-01 6.362271416147687042e-02 8.243522378026540975e-02
-9.942598993802491680e-01 7.355419875777319261e-02 7.769846829820618861e-02
-9.936489007222881753e-01 8.457947601865969944e-02 7.421720559514309590e-02
-9.925074370991444628e-01 9.598697337034853283e-02 7.560097575004379178e-02
-9.909465478166461505e-01 1.069091014890932168e-01 8.121208884157642138e-02
-9.894331909358849986e-01 1.206386540243080119e-01 8.042571552706501148e-02
-9.882430599367784119e-01 1.342798287832046578e-01 7.310678088483472947e-02
-9.864099397535034397e-01 1.477491747082061158e-01 7.187232657327713437e-02
-9.845711381384989469e-01 1.603829236040711370e-01 6.997864553102348117e-02
-9.831005298512278667e-01 1.708593060748538894e-01 6.573024059704209165e-02
-9.816572059895608549e-01 1.790522786569408720e-01 6.549374187817212645e-02
-9.791499920777825272e-01 1.925908526330718795e-01 6.460708341107743169e-02
-9.771501118481310533e-01 2.029471644272620168e-01 6.316744412865324398e-02
-9.747519550746740480e-01 2.141392468339179123e-01 6.326948463656290045e-02
-9.716369604393148007e-01 2.293051711364281209e-01 5.779942837993168325e-02
-9.707428329431188052e-01 2.339780186021467867e-01 5.396904000183549988e-02
-9.665522207393889564e-01 2.498605508148473431e-01 5.784918430652704474e-02
-9.641576026261114984e-01 2.587958389141599702e-01 5.852221352361287876e-02
-9.618549634333970477e-01 2.684723702922788280e-01 5.251317972392713362e-02
-9.591989192490180116e-01 2.786716156850632120e-01 4.774496900049837733e-02
-9.566069879624335970e-01 2.877955692976322810e-01 4.557190776137334115e-02
-9.542801213018110573e-01 2.958810908968157460e-01 4.247172997947017831e-02
-9.524769010109296330e-01 3.018686088930372380e-01 4.078129018013008922e-02
-9.496670423758453161e-01 3.106685159142089647e-01 4.021939117449180312e-02
-9.491494398338136129e-01 3.127683099709375747e-01 3.593525718581594419e-02
-9.476916101819992111e-01 3.173788766758529611e-01 3.393048977078461093e-02
-9.446367100331347633e-01 3.259126259587851182e-01 3.797978435111790813e-02
-9.403486721612523969e-01 3.384755189007561671e-01 3.433242197527494599e-02
-9.385797867030331032e-01 3.437632582599103870e-01 2.991360061305153167e-02
-9.374018231171450388e-01 3.472436421836053166e-01 2.645169452898362902e-02
-9.376118155229441475e-01 3.466349699768391801e-01 2.698699953617711769e-02
-9.376670485020203172e-01 3.468085925218262755e-01 2.245714769676823014e-02
-9.352096045440403405e-01 3.536600961616621630e-01 1.753707257156520566e-02
-9.336799038345658941e-01 3.579395479146184056e-01 1.100609439624094382e-02
-9.338309086258769209e-01 3.576047762761089821e-01 8.869892221338521177e-03
-9.341504531517939025e-01 3.567739861310815219e-01 8.675863435601208554e-03
-9.313965319042039059e-01 3.639941368929908161e-01 2.964028876394174741e-03
-9.324176848985892274e-01 3.613814607434141513e-01 -8.471023854018139461e-04
-9.336199448283274416e-01 3.582589262132466201e-01 -2.087412936667602283e-03
-9.350924010574748202e-01 3.543779901354509598e-01 -4.296337446481342248e-03
-9.347674544240366368e-01 3.552289869727802141e-01 -4.710614203442048051e-03
-9.355967192240215446e-01 3.530249162346659753e-01 -5.674895399792661763e-03
-9.352589956264182325e-01 3.538422283268121138e-01 -9.290076199353097808e-03
-9.371612169473203524e-01 3.486459091061329674e-01 -1.322499937643674232e-02
-9.347199646339146017e-01 3.549210362347330339e-01 -1.815661306432437422e-02
-9.352113021580252816e-01 3.533977414145418883e-01 -2.213308775168583084e-02
-9.377189080536642019e-01 3.461398324931994064e-01 -2.950394571670659702e-02
-9.399618138813904400e-01 3.398530481992325658e-01 -3.117228075653628860e-02
-9.423532796642255516e-01 3.330327720275266801e-01 -3.254974918523256822e-02
-9.445584365754027267e-01 3.257165715124615835e-01 -4.144988103283583913e-02
-9.467313757516038208e-01 3.188047044361112525e-01 -4.542334610082591345e-02
-9.483268972150180609e-01 3.145239785664099008e-01 -4.184232950787220018e-02
-9.484664133645542838e-01 3.140075970515716075e-01 -4.255243035950840441e-02
-9.507550646963877083e-01 3.073152198141475555e-01 -4.027629785848348826e-02
-9.527491545188339073e-01 3.009383842379931284e-01 -4.129352312111852358e-02
-9.570988742038729624e-01 2.868485949502381227e-01 -4.098348644419826797e-02
-9.607991556769777119e-01 2.743995429540028175e-01 -3.962184615354646944e-02
-9.630837098043989464e-01 2.655837130635768095e-01 -4.398950975910645433e-02
-9.648666779508029423e-01 2.596581078663879327e-01 -4.012453649801369510e-02
-9.663211368232779153e-01 2.533180307865761649e-01 -4.531504985209763164e-02
-9.677602384756471832e-01 2.477242888847947244e-01 -4.552818318011049581e-02
-9.696739527080014964e-01 2.402243407417256338e-01 -4.499677190884000116e-02
-9.719709006639315474e-01 2.303208657365027334e-01 -4.716868749620055368e-02
-9.732606625881147222e-01 2.247024307609545024e-01 -4.767093759395499980e-02
-9.748420023266436418e-01 2.179002105742613715e-01 -4.693172421760205548e-02
-9.764846577288573970e-01 2.101912887285873888e-01 -4.793071436172907651e-02
-9.780696371601075301e-01 2.031826831453810989e-01 -4.578864546798994128e-02
-9.793964998022974822e-01 1.971577945862061088e-01 -4.371862335652128284e-02
-9.810516480685322893e-01 1.894772936490979609e-01 -4.044795253775344823e-02
-9.819754973460154135e-01 1.822720604572787562e-01 -5.001036514923594412e-02
-9.841622267411005431e-01 1.711991028890823829e-01 -4.599561273956097318e-02
-9.861243109246847771e-01 1.594174217168404517e-01 -4.631357078596386873e-02
-9.868231844624516524e-01 1.538031476113642937e-01 -5.024552028678514609e-02
-9.874519662509279039e-01 1.487927756589145778e-01 -5.290881043537325884e-02
-9.886846458411581162e-01 1.371087160511642311e-01 -6.085959175595771070e-02
-9.892221726324230691e-01 1.319185257139110778e-01 -6.353750549735165398e-02
-9.911378132017951703e-01 1.188806578491813926e-01 -5.927261590609399916e-02
-9.920001992174628525e-01 1.108774992023217471e-01 -6.034735717922887904e-02
-9.929579520298339457e-01 1.024448941591784568e-01 -5.949426622355649674e-02
-9.938343301141552288e-01 9.626271500085242794e-02 -5.501665585659052532e-02
-9.946928843966927891e-01 8.542150445468912889e-02 -5.735199082832960482e-02
-9.945346373845187493e-01 7.947308928053840871e-02 -6.771190653285816263e-02
-9.958108470654769562e-01 6.709815302297036932e-02 -6.211774034416221724e-02
-9.961811980016130885e-01 5.854998322545841571e-02 -6.476835027659100241e-02
-9.970101459750164707e-01 4.812449844429698975e-02 -6.045510783267402100e-02
-9.975293025468363606e-01 3.984657014444401013e-02 -5.785810126295043432e-02
-9.976695632275938141e-01 2.885356921556716733e-02 -6.182987069702083893e-02
-9.975648632015052808e-01 1.808958979865800745e-02 -6.735821827121486749e-02
-9.979888538898432637e-01 8.194630155334911223e-03 -6.285789090752939845e-02
-9.979068732057370106e-01 -2.491902160490267609e-03 -6.461951648616036381e-02
-9.978423996645586769e-01 -1.205215831340641398e-02 -6.453921276807519924e-02
-9.976396960532358804e-01 -2.266326555633228074e-02 -6.481845666182937948e-02
-9.976918736422177858e-01 -3.183376051562399056e-02 -5.997962867173125406e-02
-9.973283945671478357e-01 -4.141966874706833057e-02 -6.017061856378617957e-02
-9.971545042431351202e-01 -4.389250522920735281e-02 -6.128916351432105863e-02
-9.971802071324366024e-01 -4.877433779831748251e-02 -5.703259818773236817e-02
-9.964939798358755096e-01 -5.723294275054538471e-02 -6.102587519490107471e-02
-9.963418939592838530e-01 -6.373973222945533701e-02 -5.692183890260965606e-02
-9.957536027552447155e-01 -7.361892110081537377e-02 -5.527237879773021223e-02
-9.945194185344644611e-01 -8.567302336897135440e-02 -5.992727411056841119e-02
-9.932915943628719546e-01 -9.510972881665082090e-02 -6.577208416320129425e-02
-9.919345560498885606e-01 -1.093736762399056678e-01 -6.405664879519434862e-02
-9.901984522286295665e-01 -1.234384562192442497e-01 -6.534517411474778659e-02
-9.896441071065352757e-01 -1.298458375127369280e-01 -6.119328919021927576e-02
-9.880462422238985853e-01 -1.399488877980182011e-01 -6.464480763258635687e-02
-9.872382500852441289e-01 -1.468115252820150762e-01 -6.170115573972926454e-02
-9.849756555506611333e-01 -1.612783869391230807e-01 -6.174349267954709619e-02
-9.837638391229645007e-01 -1.707701711343778128e-01 -5.519308010403892184e-02
-9.827106653011800086e-01 -1.771984179049282682e-01 -5.367017348301485191e-02
-9.814041117474067155e-01 -1.847779731299296069e-01 -5.199123503273315322e-02
-9.793977572499262818e-01 -1.944274050063654613e-01 -5.457138385467229930e-02
-9.784144058423774881e-01 -1.988160126543158379e-01 -5.636898374524667438e-02
-9.769689488524183618e-01 -2.069121203274815746e-01 -5.214466541497335406e-02
-9.753832272353561983e-01 -2.143641484285654375e-01 -5.172611109827796039e-02
-9.746432220045413430e-01 -2.183911432723487367e-01 -4.874337917347289217e-02
-9.731136348000182235e-01 -2.256487028544840734e-01 -4.617938041716671688e-02
-9.701512278273706213e-01 -2.385328245638284328e-01 -4.368873003732500621e-02
-9.692706731034094192e-01 -2.429180160701812641e-01 -3.879713922540509174e-02
-9.687384633633753239e-01 -2.451194182693265666e-01 -3.823975243979629152e-02
-9.668107087348014606e-01 -2.525381954723273648e-01 -3.874960134245746673e-02
-9.657352815743304175e-01 -2.562598015073768165e-01 -4.106456379304757737e-02
-9.653803800923396183e-01 -2.583009369503768693e-01 -3.635059812149406266e-02
-9.650797511248981886e-01 -2.593167260613722935e-01 -3.709350128608453895e-02
-9.632851810179534624e-01 -2.658114248747478481e-01 -3.776194831045417283e-02
-9.630754537424455197e-01 -2.679366120487644554e-01 -2.637537905094132148e-02
-9.617293440626401013e-01 -2.725195748817769714e-01 -2.845643086210960029e-02
-9.601152327966726574e-01 -2.783295655394452117e-01 -2.667229009334423639e-02
-9.608949307163655584e-01 -2.764252556547764916e-01 -1.643254959463449211e-02
-9.622160256559975089e-01 -2.720331506119334497e-01 -1.176024957074464986e-02
-9.610963152609811599e-01 -2.761659861887308387e-01 -5.122435097015664435e-03
-9.630666886166744378e-01 -2.692587455424514387e-01 -1.516524967093196320e-03
-9.625460021179673697e-01 -2.711060843766958106e-01 -2.589102422205011647e-03
-9.621938305144925874e-01 -2.723647457049906406e-01 -7.045943000599818630e-04
-9.599076177299608048e-01 -2.803111767679193900e-01 -1.740195681777325287e-03
-9.593194885753107970e-01 -2.823007285139668698e-01 3.526492154864759032e-03
-9.588827279571155993e-01 -2.837658658324890837e-01 4.567935777309142797e-03
-9.582870769541176337e-01 -2.858064713967795600e-01 7.468091307689258239e-04
-9.574275793343769436e-01 -2.886685475939314571e-01 1.708403019368256830e-03
-9.565902021508226882e-01 -2.912262136594084838e-01 1.106780287481270303e-02
-9.570911744616433792e-01 -2.894293854324062609e-01 1.439212562055588833e-02
-9.586450225737647157e-01 -2.839047088634320537e-01 1.994632562463934805e-02
-9.591241594409064541e-01 -2.819347068460961725e-01 2.436569028183790953e-02
-9.591708931011658779e-01 -2.818980530042456412e-01 2.290643037794702977e-02
-9.596627346742252485e-01 -2.796911176205862382e-01 2.864146557596215087e-02
-9.621835593267955566e-01 -2.707780434079104515e-01 2.969963786177211643e-02
-9.624850214521730729e-01 -2.692718812240751936e-01 3.339545788469992782e-02
-9.635429569776181591e-01 -2.655313689929453824e-01 3.283414790993752913e-02
-9.653242412317678545e-01 -2.590283164592013243e-01 3.245704370607685463e-02
-9.663716378252632522e-01 -2.556060178996704124e-01 2.813254949209237354e-02
-9.671992796143732418e-01 -2.518091311508031671e-01 3.343253195176376646e-02
-9.684925735066420849e-01 -2.464709942684547295e-01 3.569598491852093991e-02
-9.708962749923271129e-01 -2.362334609680042663e-01 3.942327654581488650e-02
-9.728645638327892975e-01 -2.274801747807905505e-01 4.227682987378778012e-02
-9.733043203459638137e-01 -2.251315437222388693e-01 4.465991359072568612e-02
-9.749623598048539064e-01 -2.170451314983931068e-01 4.837176826842013583e-02
-9.773521335163812829e-01 -2.058967715053448000e-01 4.888094467033998747e-02
-9.785180399314163946e-01 -1.992969758325160712e-01 5.275586629939148925e-02
-9.799273707291668023e-01 -1.926421355546842351e-01 5.129694065639055223e-02
-9.821497762328720293e-01 -1.798850492161101211e-01 5.498369561253738796e-02
-9.836274961401312300e-01 -1.721098906054922828e-01 5.343365041623934081e-02
-9.853199445272177170e-01 -1.614525341529147451e-01 5.547708393415119732e-02
-9.865729607099894549e-01 -1.518846381012762536e-01 6.004057665463416460e-02
-9.876740614118142414e-01 -1.439831388857026329e-01 6.139075761264996267e-02
-9.885925117105363036e-01 -1.356875560263664238e-01 6.537395556798442087e-02
-9.896788947420639415e-01 -1.269318070314626179e-01 6.651332854862314348e-02
-9.904703424290816072e-01 -1.209928301145783702e-01 6.579708976948196730e-02
-9.913360249189143714e-01 -1.141734224549681015e-01 6.494102303538695775e-02
-9.918546604776993236e-01 -1.074086263173861383e-01 6.846707803737066278e-02
-9.932060505219745261e-01 -9.490906596713563625e-02 6.733521825258576010e-02
-9.942340694572058268e-01 -8.531964983461567953e-02 6.495532022929158267e-02
-9.948816241550625383e-01 -7.134442240663631252e-02 7.155801362427614831e-02
-9.957192577638146469e-01 -6.189090865322884050e-02 6.864908614581403945e-02
-9.959615190128893181e-01 -5.048503401111498201e-02 7.424241516700627597e-02
-9.963614674989225151e-01 -3.316295178996224446e-02 7.851157506347859749e-02
-9.967061831522301407e-01 -2.167852008173093772e-02 7.814633006558077688e-02
-9.968214065167922966e-01 -1.091017588210363432e-02 7.891814899390245386e-02
-9.966677000306397582e-01 2.479322630315318118e-03 8.153141434463187509e-02
-9.966857999600863272e-01 1.633553998055996964e-02 7.969058309642537696e-02
-9.963824507369285488e-01 2.461345186332520446e-02 8.134010489345848416e-02
-9.963022906387442035e-01 3.768918917967121335e-02 7.720941157457295034e-02
-9.960108287055003951e-01 4.721512729292864224e-02 7.571778745891297180e-02
-9.963219505578708723e-01 5.158778703750888095e-02 6.841997740656892424e-02
-9.953998009388421719e-01 6.322452784996675235e-02 7.198554040997612313e-02
-9.949815473974978897e-01 7.308284324135394527e-02 6.834208611285977342e-02
-9.946115510964670392e-01 7.748681349974459454e-02 6.887436786552031398e-02
-9.939935238788679683e-01 8.635283319894251908e-02 6.723157781154642798e-02
-9.929429609083730845e-01 9.718626240622878221e-02 6.796417577232867491e-02
-9.927714149656716724e-01 1.030498608115089643e-01 6.152776584092818635e-02
-9.917773561059078924e-01 1.131799922465024644e-01 5.973263192275581057e-02
-9.905972389903129338e-01 1.226892012063773574e-01 6.053504895250901713e-02
-9.892574290445109719e-01 1.339365447233757944e-01 5.857271723581011086e-02
-9.874808287753229497e-01 1.448384728551707912e-01 6.247761159465591713e-02
-9.859271008960082128e-01 1.532636706375809232e-01 6.676841771229866107e-02
-9.848336681236006251e-01 1.623140021357401264e-01 6.129301130492257471e-02
-9.833484099705820380e-01 1.720354025180156621e-01 5.856404317589741088e-02
-9.822798822598280966e-01 1.771361419994156861e-01 6.122942415336575517e-02
-9.813931941222744371e-01 1.833055890828299006e-01 5.715314271049420913e-02
-9.791775971282309365e-01 1.951847959973082303e-01 5.580457663352834247e-02
-9.778910217924520198e-01 2.019565983585168145e-01 5.424669482702854095e-02
-9.771720932010833360e-01 2.064037649197783542e-01 5.032105004132129966e-02
-9.751743140960251743e-01 2.161696092665533753e-01 4.801852797559841290e-02
-9.736908203464610390e-01 2.230704473140324995e-01 4.653798125969757504e-02
-9.722280478400154857e-01 2.297055273331181091e-01 4.481088530953126342e-02
-9.706933773096892981e-01 2.363604257850912271e-01 4.345271065408742861e-02
-9.700491243949327380e-01 2.398815298901254278e-01 3.823047824810350825e-02
-9.682797887656110492e-01 2.465721896751374986e-01 4.045278223388882460e-02
-9.664972886650836648e-01 2.536240323986562184e-01 3.946977040386286106e-02
-9.643602564665368915e-01 2.612009649553925228e-01 4.223000394798046009e-02
-9.625911799402245839e-01 2.677831790916179178e-01 4.135711367201134331e-02
-9.614506649798787441e-01 2.722875219389656598e-01 3.836855161875703246e-02
-9.610640742920685264e-01 2.740229465646358831e-01 3.559903619893914350e-02
-9.582174643963500271e-01 2.838331726845857439e-01 3.546889509746992131e-02
-9.563643204115035434e-01 2.898839517514038566e-01 3.653221456362124725e-02
-9.538824821095741591e-01 2.978465296621962688e-01 3.735875614541100953e-02
-9.533516844819615033e-01 3.000781624040920192e-01 3.276711233769297876e-02
-9.518354914044059312e-01 3.054205333437941539e-01 2.697251628286287395e-02
-9.502217187539112597e-01 3.108674985284267667e-01 2.097867761291416153e-02
-9.488433241408871233e-01 3.153482617818159084e-01 1.586950186769830323e-02
-9.488233250138777830e-01 3.155151348069402117e-01 1.358376559884628965e-02
-9.483513447547942121e-01 3.171197463473295342e-01 8.050737478421759324e-03
-9.454560217012081269e-01 3.257142723505004334e-01 4.810885349151526255e-03
-9.458113634881688547e-01 3.247165839420805278e-01 1.601723379400501676e-04
-9.462789670928237751e-01 3.233310280526338065e-01 -3.630924635239681821e-03
-9.471720056529705500e-01 3.205742934037461023e-01 -9.865855444261002749e-03
-9.468819946435154122e-01 3.214720026101778316e-01 -8.382168936911304352e-03
-9.454914524611018889e-01 3.256207537597261559e-01 -4.130268878146661597e-03
-9.457709981216284589e-01 3.248341501072167237e-01 -1.229111082826144993e-04
-9.451986618860057643e-01 3.264858074507837049e-01 -2.555027512642753414e-03
-9.438840564756224571e-01 3.301483182411190098e-01 -9.219368457348789403e-03
-9.437304005741722346e-01 3.305796917846469118e-01 -9.487848651018411170e-03
-9.435775500798911919e-01 3.308276306935941657e-01 -1.464604538334994890e-02
-9.431260491274067181e-01 3.321998482704390243e-01 -1.251148187891937442e-02
-9.415869084654362453e-01 3.364601004727532096e-01 -1.444698711505860989e-02
-9.417716114270864303e-01 3.352896678405501429e-01 -2.543799535099588310e-02
-9.429856814092224537e-01 3.305662190186752225e-01 -3.878145549525316427e-02
-9.445253973862413055e-01 3.261032332355621177e-01 -3.909573845243527468e-02
-9.458201016529733662e-01 3.218452211369041138e-01 -4.289534745156400874e-02
-9.478803816530367854e-01 3.152254378129650259e-01 -4.642981222943266123e-02
-9.509197900626410460e-01 3.064194159579279320e-01 -4.311283047251050771e-02
-9.535130206666442287e-01 2.983065104285980706e-01 -4.273367516924746895e-02
-9.548296882059021939e-01 2.945027854869261552e-01 -3.960299985447630206e-02
-9.565680949016519552e-01 2.876388850260358510e-01 -4.734314963597707066e-02
-9.598981839975837538e-01 2.756389573615597999e-01 -5.117288381293654681e-02
-9.610901896701995462e-01 2.711449325067603056e-01 -5.278347677985248398e-02
-9.642820048179727710e-01 2.596969101591338758e-01 -5.213206803457041960e-02
-9.660978174904001348e-01 2.521331683388802203e-01 -5.553282915001309800e-02
-9.690495686186286761e-01 2.403873385864004619e-01 -5.618615222712960294e-02
-9.715652734216099207e-01 2.286605666812520643e-01 -6.144337146701490948e-02
-9.735051416413219583e-01 2.210975362892028950e-01 -5.834073742055374823e-02
-9.754979547548678909e-01 2.097241868817099619e-01 -6.647953812959669917e-02
-9.780881730798675067e-01 1.962960729852245845e-01 -6.936426232764596189e-02
-9.799025939068741753e-01 1.846431538327634458e-01 -7.548401046054277475e-02
-9.821909914720429180e-01 1.711127204924415002e-01 -7.759714546562584969e-02
-9.829491625973643121e-01 1.650963364601917838e-01 -8.095781279824570964e-02
-9.853557188042517678e-01 1.489884459357651014e-01 -8.292511440475715256e-02
-9.871854137820778030e-01 1.369566888336312405e-01 -8.190145515166227796e-02
-9.890330901289162702e-01 1.205512106153387303e-01 -8.532864057491119925e-02
-9.901531140312737067e-01 1.074540567788860312e-01 -8.972436401542403794e-02
-9.910333692460714383e-01 9.478382959932253604e-02 -9.417490091645465411e-02
-9.922501556980526383e-01 7.935975086537441769e-02 -9.561215410073914400e-02
-9.938686423036289241e-01 6.113619592717448037e-02 -9.212769733808338912e-02
-9.945518973824086784e-01 5.092897677589134503e-02 -9.095486744181849326e-02
-9.950620071559089785e-01 3.085970912883533382e-02 -9.433613325484802026e-02
-9.953219600595647476e-01 1.760222291462500491e-02 -9.499675448910603615e-02
-9.958143671020275312e-01 2.541639905006760555e-03 -9.136362429029500076e-02
-9.964131247624448129e-01 -1.008281185117831415e-02 -8.401932007034226824e-02
-9.961119095045315452e-01 -2.374524685697302490e-02 -8.483661644392388734e-02
-9.956481815207365305e-01 -3.502298372157856832e-02 -8.636037164436974334e-02
-9.953350267772713700e-01 -5.077125966575767035e-02 -8.203955017701626551e-02
-9.950896429597002601e-01 -6.125811442118288264e-02 -7.774361474396158933e-02
-9.936906840430984600e-01 -8.159986243498978942e-02 -7.694355403531244475e-02
-9.926529999641168223e-01 -9.193169078380158954e-02 -7.866771618856595316e-02
-9.916725749855846983e-01 -1.024618550246818582e-01 -7.801984320067675838e-02
-9.902754193670075811e-01 -1.139969306562242379e-01 -7.974532772715800522e-02
-9.892298263789183199e-01 -1.265469629766730886e-01 -7.355433616651432804e-02
-9.873968449527965596e-01 -1.408418737539446075e-01 -7.218767722989380409e-02
-9.864610967704399158e-01 -1.487932173504423750e-01 -6.895727948134534879e-02
-9.847117375278507945e-01 -1.617605538811032473e-01 -6.462461115752846097e-02
-9.830102130137955418e-01 -1.708958266315420693e-01 -6.697432916852588680e-02
-9.810207456685958727e-01 -1.822687374072987088e-01 -6.615456978343838002e-02
-9.790593473901504362e-01 -1.934504089927431836e-01 -6.340154924511966217e-02
-9.779725592163732717e-01 -1.998962967762994147e-01 -6.009298435969329805e-02
-9.754886535540432391e-01 -2.121484386102707731e-01 -5.843756935497636945e-02
-9.730627080080227476e-01 -2.225843861665639523e-01 -6.004315258229891983e-02
-9.715583934547128431e-01 -2.301721235026938928e-01 -5.563366288834608459e-02
-9.696823991021029654e-01 -2.382469562421814790e-01 -5.435490260196557816e-02
-9.683652675193592518e-01 -2.441399384913618686e-01 -5.161803710746346030e-02
-9.660500644063032549e-01 -2.538255042659532390e-01 -4.816543224899355602e-02
-9.647509301077582533e-01 -2.599931072479783056e-01 -4.073388602676458053e-02
-9.631601652349507381e-01 -2.656201161639608066e-01 -4.205321005742524570e-02
-9.608717182558834669e-01 -2.736668227833938816e-01 -4.280226272521137770e-02
-9.605360502368526232e-01 -2.745012014987014415e-01 -4.494006149906385611e-02
-9.594867964537699967e-01 -2.781135159291694414e-01 -4.514401673764459333e-02
-9.569998015400307256e-01 -2.874633956176727567e-01 -3.893839361087162582e-02
-9.564719582519183305e-01 -2.893278290187796808e-01 -3.808966913393415504e-02
-9.544069039746357896e-01 -2.965408194252461827e-01 -3.422026333695480510e-02
-9.538619664670402454e-01 -2.981668201527222783e-01 -3.526923106381723433e-02
-9.520645657835667963e-01 -3.045333572159837909e-01 -2.885340516866145844e-02
-9.516560873489141592e-01 -3.062179940962537761e-01 -2.410920005601165442e-02
-9.515588373410698297e-01 -3.065947340349332029e-01 -2.314022829443445825e-02
-9.501057864401265540e-01 -3.112218763108468567e-01 -2.097522882599799771e-02
-9.500631829119208227e-01 -3.114023179919443995e-01 -2.021303467031903764e-02
-9.492342928763199961e-01 -3.143479860273755699e-01 -1.181621471211225134e-02
-9.491073155641429615e-01 -3.148506181776847268e-01 -8.025821388656335237e-03
-9.492284641299083559e-01 -3.145131532945031338e-01 -6.842611186194468877e-03
-9.476813525021789975e-01 -3.191765124817625976e-01 -5.141011244562843086e-03
-9.486199383145514918e-01 -3.164000631988165280e-01 -3.351814367939648202e-03
-9.475370782122717328e-01 -3.196452291139538771e-01 6.594411901105889234e-04
-9.463294372824087031e-01 -3.231819005743804540e-01 3.751950504552102345e-03
-9.462195962694397444e-01 -3.232875802743252480e-01 1.239508001028942312e-02
-9.467604406543361772e-01 -3.216040879166895405e-01 1.467993919875636329e-02
-9.467627631818851253e-01 -3.215464549897336655e-01 1.575339661283559067e-02
-9.475499502135833474e-01 -3.191677567901444745e-01 1.676475031280706685e-02
-9.495291875964054773e-01 -3.133135104958599260e-01 1.513234851681570514e-02
-9.503831300232644663e-01 -3.104632244992867607e-01 1.960903823443343671e-02
-9.522047920538860843e-01 -3.047368899363093742e-01 2.101151957029494255e-02
-9.551062767188727154e-01 -2.945132595053082669e-01 3.215530037075922665e-02
-9.574426672520437442e-01 -2.872283151873587514e-01 2.834531935738750230e-02
-9.600763115427786154e-01 -2.777146346974049274e-01 3.358692025166219730e-02
-9.627860318376737503e-01 -2.684589712434912734e-01 3.119071957993949443e-02
-9.642876461551231904e-01 -2.620131385602922358e-01 3.871013369801684645e-02
-9.657285125168576512e-01 -2.570957993162878985e-01 3.564005967873177388e-02
-9.674315132409792017e-01 -2.503225564980984252e-01 3.761527294070989014e-02
-9.685760381428055732e-01 -2.459934099927089113e-01 3.671136639041493177e-02
-9.707770066738227177e-01 -2.359873510832328214e-01 4.361190372853373382e-02
-9.718762453419553804e-01 -2.313689945482959864e-01 4.387455768494647607e-02
-9.719398694035598085e-01 -2.306726246916788181e-01 4.607662321489722212e-02
-9.740232964495290080e-01 -2.212088777768718428e-01 4.842804187684107697e-02
-9.756911441363373960e-01 -2.127944195279729556e-01 5.239610113954734638e-02
-9.767759767565293849e-01 -2.063860729286204621e-01 5.756305640465310403e-02
-9.789752112757766911e-01 -1.962651933698016105e-01 5.556559043619942184e-02
-9.802317883262586795e-01 -1.900811957560391563e-01 5.490724377102394055e-02
-9.808435531330588208e-01 -1.873182694807178361e-01 5.345853927246895648e-02
-9.812388815640255002e-01 -1.835278262189727339e-01 5.905776572160699456e-02
-9.835233785233933324e-01 -1.702347444545234401e-01 6.084341659146933617e-02
-9.847413189447355997e-01 -1.618203674223829269e-01 6.402131850166363491e-02
-9.862675670275260487e-01 -1.542640759807815676e-01 5.898225932155347351e-02
-9.883474066231222599e-01 -1.420366163418797789e-01 5.472685761666652021e-02
-9.900026096759124705e-01 -1.299432308597072983e-01 5.485995907398952265e-02
-9.908432052963102032e-01 -1.217682285412866605e-01 5.832895341020734314e-02
-9.915949712212099865e-01 -1.137749900898317457e-01 6.160106097254644530e-02
-9.923784895915713777e-01 -1.050387709257463442e-01 6.443458939241140937e-02
-9.930242888538762802e-01 -9.944178880473339421e-02 6.335707270463392105e-02
-9.943267640542877706e-01 -8.578068857644513545e-02 6.289662950475591319e-02
-9.954176024181590199e-01 -7.428845441308974673e-02 6.020837478131832454e-02
-9.965739051512609858e-01 -6.003080206325375756e-02 5.689270656612469002e-02
-9.969370203281173737e-01 -5.081146760830867332e-02 5.945416832227139181e-02
-9.973603684685757864e-01 -4.047018719148992583e-02 6.028669239542081698e-02
-9.976419849882680602e-01 -2.730065019517855310e-02 6.296959959123619999e-02
-9.981103049672133132e-01 -1.698377312114410231e-02 5.905418438858242580e-02
-9.983384771622758613e-01 -1.174503442972915992e-02 5.641245609854986937e-02
-9.984504646378939974e-01 -5.484118386169090260e-03 5.537707180171606847e-02
-9.984981693950845116e-01 8.851356227039374608e-03 5.406556204680523781e-02
-9.982186798874070899e-01 2.387006913518728568e-02 5.467826599265068060e-02
-9.975734129324463906e-01 3.474768923121708541e-02 6.033166842796201801e-02
-9.969449016648717077e-01 4.676914034592037639e-02 6.255826757908972136e-02
-9.963951329558770054e-01 5.804763545972796424e-02 6.186466934498194292e-02
-9.957675710251669976e-01 6.615783078715867238e-02 6.379743239434834678e-02
-9.946801883089466667e-01 7.995774061089205853e-02 6.494697247303155008e-02
-9.937853769662368109e-01 9.058593524698702049e-02 6.469033455341180461e-02
-9.932283873905752847e-01 9.896597218928994411e-02 6.085337402404298462e-02
-9.921434180720927198e-01 1.091559354783776248e-01 6.112647567394121489e-02
-9.911780321166878682e-01 1.167209630703059803e-01 6.278814995393018628e-02
-9.898470033531824308e-01 1.286258099439721303e-01 6.048418933140582709e-02
-9.890173336553381711e-01 1.357744128559546515e-01 5.839562213421607001e-02
-9.873677092358609242e-01 1.467187010725323759e-01 5.982186675049028929e-02
-9.862803112059753685e-01 1.536431184943680139e-01 6.037355474975137498e-02
-9.836580462362970456e-01 1.686692719590196787e-01 6.298850066427805205e-02
-9.824955395028588390e-01 1.741203477114273979e-01 6.621665969960119358e-02
-9.821713415909907319e-01 1.771295230344253901e-01 6.296518406798941314e-02
-9.794152321606421907e-01 1.925838895333634448e-01 6.047540567943851531e-02
-9.777779177707922598e-01 1.999006599917988458e-01 6.316720625175957504e-02
-9.748441305184943895e-01 2.132863046152440323e-01 6.471398543979776929e-02
-9.723556908111756769e-01 2.250363147653616225e-01 6.231447654647830070e-02
-9.705898824347375387e-01 2.334574399267709266e-01 5.876163909631955395e-02
-9.692576143810771594e-01 2.392573823147967627e-01 5.740738898299262150e-02
-9.665977239556048373e-01 2.509619055170700386e-01 5.202872316004227699e-02
-9.655249902839975196e-01 2.556605706035774972e-01 4.898154422507590422e-02
-9.642306778458265004e-01 2.608838702644598606e-01 4.689170445011431321e-02
-9.612612847378685377e-01 2.711209491773949876e-01 4.970109984009879467e-02
-9.588304776453422384e-01 2.799741481096983953e-01 4.752491321442731814e-02
-9.565116207068294907e-01 2.876713190375687623e-01 4.827791972322011821e-02
-9.552248850929145885e-01 2.921470011671454814e-01 4.685695746190378375e-02
-9.545402150746917780e-01 2.954099542405250745e-01 3.982414602459753011e-02
-9.523636066587222171e-01 3.029888334640543079e-01 3.466054383553545531e-02
-9.490233453265894958e-01 3.136781954908275383e-01 3.099524500183827025e-02
-9.479640958319502930e-01 3.164103661789874899e-01 3.533523442456727032e-02
-9.450047382443148569e-01 3.255401856660729010e-01 3.145882251144764552e-02
-9.429836067560759538e-01 3.314028988002050147e-01 3.088788341751978403e-02
-9.416729376299564080e-01 3.353428459551617280e-01 2.823613683840315441e-02
-9.400312847004158590e-01 3.393422478375492934e-01 3.446807159011203159e-02
-9.371188346579636397e-01 3.468636960283990045e-01 3.865089550555355496e-02
-9.362909825954004450e-01 3.497813723104480910e-01 3.181529601091304116e-02
-9.345604891609146092e-01 3.547939584835839155e-01 2.679486439708545983e-02
-9.347324496782027925e-01 3.542770657305699955e-01 2.762306737540650217e-02
-9.343347208437745577e-01 3.554688943560660452e-01 2.570058767583291090e-02
-9.330627536192426241e-01 3.590606534087795176e-01 2.166495975417052564e-02
-9.313991349393286878e-01 3.633141973881593434e-01 2.232646270294550220e-02
-9.324039702122998152e-01 3.609566197120814834e-01 1.825323431920333750e-02
-9.317106204990704965e-01 3.628109355946331216e-01 1.683954226026735529e-02
-9.303937830473539838e-01 3.661270438432170371e-01 1.784437624831683097e-02
-9.315145863790731395e-01 3.633879620626020990e-01 1.515882490981418015e-02
-9.320644157014655873e-01 3.621741226311050443e-01 9.265826025697618956e-03
-9.314900202254242645e-01 3.637561600839693821e-01 2.797110225568777420e-03
-9.293121743275085667e-01 3.692933988229298303e-01 -1.137435266977349958e-03
-9.309401468326670148e-01 3.651485368026843314e-01 4.124852751938475059e-03
-9.308584776030139896e-01 3.653633371816228936e-01 3.485949194655759732e-03
-9.312176476179755413e-01 3.644593847223874805e-01 -1.753573624192521045e-03
-9.313521040720363908e-01 3.640312233141069775e-01 -8.034433020848403412e-03
-9.326338058316576696e-01 3.605819269779202418e-01 -1.322435910880051697e-02
-9.335035349811041661e-01 3.581238544501721410e-01 -1.784602581324114950e-02
-9.355640227900140493e-01 3.525102433339398211e-01 -2.136617190569514366e-02
-9.373987083260554298e-01 3.471575187228096993e-01 -2.766486488414495251e-02
-9.380415894186548975e-01 3.452458218010198143e-01 -2.972078408043506495e-02
-9.396582687428516323e-01 3.407442214983444351e-01 -3.058985896656225140e-02
-9.414658256977000983e-01 3.353222216184550963e-01 -3.465736394281525995e-02
-9.442001159521430376e-01 3.277385061421454471e-01 -3.276642725453802335e-02
-9.462239285437510361e-01 3.220340642100610884e-01 -3.089279289781195897e-02
-9.502652932511244099e-01 3.095936099711953937e-01 -3.387765651564223629e-02
-9.506406778011922132e-01 3.086099918983794543e-01 -3.228313955372333344e-02
-9.508887972528955457e-01 3.073271693135227745e-01 -3.688540097697267511e-02
-9.533180850379220361e-01 2.997575083190904266e-01 -3.647041908984643976e-02
-9.568212299564320400e-01 2.882908791506766932e-01 -3.716893136377493606e-02
-9.593847291679589162e-01 2.795876884901980497e-01 -3.757249625309463242e-02
-9.625211311021819593e-01 2.682874589196566628e-01 -3.968549117380216346e-02
-9.649697589239445428e-01 2.591201315435261998e-01 -4.111141613667734784e-02
-9.677491573529641844e-01 2.483580602207839660e-01 -4.218849610287683100e-02
-9.698225294391871198e-01 2.392662824226373663e-01 -4.686079865271258749e-02
-9.710452615116712538e-01 2.342619016617947802e-01 -4.682401614486106367e-02
-9.724749584368361788e-01 2.277471658036184232e-01 -4.923119664311204069e-02
-9.737935447816231660e-01 2.195826471170481686e-01 -5.924205180368061208e-02
-9.760565983777662602e-01 2.096879917184258646e-01 -5.783156774475950446e-02
-9.769632469124419627e-01 2.058070794961836536e-01 -5.644721015696506361e-02
-9.775514277548669195e-01 2.020227033051200660e-01 -5.983360954729347037e-02
-9.789215535756261577e-01 1.949087905276297439e-01 -6.101788900540529997e-02
-9.813056604242509362e-01 1.816193463641360140e-01 -6.366821415960123576e-02
-9.832640774700933672e-01 1.711376463243851065e-01 -6.247949726075352483e-02
-9.842545833506166630e-01 1.663421573322832192e-01 -5.977649564441363944e-02
-9.860168684362361491e-01 1.559439274926644747e-01 -5.875588627708538264e-02
-9.883034483172915552e-01 1.415977688210115215e-01 -5.662502232922736467e-02
-9.891715836312028332e-01 1.358731749866453342e-01 -5.548049786634091235e-02
-9.901169996938541384e-01 1.309288265980329546e-01 -5.025929101672300947e-02
-9.921105491345596494e-01 1.162696701055352666e-01 -4.688335430075122462e-02
-9.924077234296820871e-01 1.135554102274643207e-01 -4.724516998383764682e-02
-9.927404623359088465e-01 1.093365456189798191e-01 -5.011906890157832861e-02
-9.938024310911304227e-01 9.936154548885162141e-02 -4.984012498012002634e-02
-9.942317447582800227e-01 9.392851256924403258e-02 -5.177546837799801294e-02
-9.948282782087289888e-01 9.143259323178369591e-02 -4.423578341766359195e-02
-9.956673693553149684e-01 8.282646503774190871e-02 -4.226455875731068013e-02
-9.963264035007012298e-01 7.634915264947067515e-02 -3.878828513908180037e-02
-9.969050846293064927e-01 7.048629894524675865e-02 -3.481322008007534108e-02
-9.970799506951901758e-01 6.595118226769125513e-02 -3.849727341313431694e-02
-9.973415685518797202e-01 6.155620087674706920e-02 -3.899559419522807824e-02
-9.975711175369211814e-01 5.477631506880197704e-02 -4.302845093218507500e-02
-9.976822448688603684e-01 5.305539966847672845e-02 -4.260621623319818529e-02
-9.981848525348413492e-01 4.786536594171267311e-02 -3.655042587564458212e-02
-9.985141331155115152e-01 4.020059326972756641e-02 -3.678946851727961376e-02
-9.987976437572950728e-01 3.634759511005047905e-02 -3.289598371341451860e-02
-9.990364636168158619e-01 3.056286589448681951e-02 -3.149733540363801321e-02
-9.991784506471291794e-01 2.694270393363229835e-02 -3.027442787554614559e-02
-9.993800422426913910e-01 1.883099361849264325e-02 -2.974813162084558038e-02
-9.996067253791449669e-01 9.411633535883461715e-03 -2.641669899400464483e-02
-9.997093206603380189e-01 1.054942010008138101e-03 -2.408707820823820928e-02
-9.996525538341690664e-01 -7.225491579566480430e-03 -2.534935784836737926e-02
-9.996087929626478186e-01 -1.024997152831877943e-02 -2.602355066254573995e-02
-9.995490888878764135e-01 -1.140964159751667317e-02 -2.777525999015628341e-02
-9.994865930919976105e-01 -1.636927758797645030e-02 -2.754311271108662168e-02
-9.995663410423412110e-01 -1.890433052866708971e-02 -2.257835697818248721e-02
-9.994282299942308656e-01 -2.323151055794841352e-02 -2.456697324510670466e-02
-9.993164168390940016e-01 -2.563258789675258720e-02 -2.664011424554581231e-02
-9.992764369311674111e-01 -2.570588756419084700e-02 -2.803276930068539230e-02
-9.990296717459263842e-01 -3.309659880468278359e-02 -2.905781109176883842e-02
-9.988275039008780443e-01 -3.773600590412543032e-02 -3.032552750086711657e-02
-9.986725762171652088e-01 -4.104540862967922393e-02 -3.111890537984179916e-02
-9.984892477695501700e-01 -4.510769296786350940e-02 -3.137745141177288033e-02
-9.983538444755950536e-01 -4.876732255372109859e-02 -3.018900128782072909e-02
-9.982510031923645943e-01 -4.899213458415798556e-02 -3.308673016102396669e-02
-9.981635000379062150e-01 -4.885167687030639305e-02 -3.582132329604447579e-02
-9.979506271398164152e-01 -4.973046152967767336e-02 -4.026727415473426580e-02
-9.977385019664541943e-01 -5.665663426563077171e-02 -3.616536678388981851e-02
-9.977075986124191997e-01 -5.886837063805522990e-02 -3.337796957110426149e-02
-9.972280143015994636e-01 -6.613145515084814519e-02 -3.410197107860136329e-02
-9.971653722547143550e-01 -6.452870825761049256e-02 -3.869486363606854801e-02
-9.968274530880193440e-01 -6.881462914980761292e-02 -3.999502321287232848e-02
-9.962007954978802093e-01 -7.517694395043143796e-02 -4.395939672009718108e-02
-9.958429903549271822e-01 -8.106135676373479870e-02 -4.154300696233631518e-02
-9.946588431996673529e-01 -9.471677937525835311e-02 -4.101882169652695115e-02
-9.937461132892169147e-01 -1.048043360009354302e-01 -3.853232047821976425e-02
-9.934093933614971395e-01 -1.097507667632228873e-01 -3.305408323775617385e-02
-9.926941972968185146e-01 -1.158596587556412899e-01 -3.368673601294175368e-02
-9.922526561554546598e-01 -1.206112240698690996e-01 -2.979303389947241670e-02
-9.919859829074585411e-01 -1.234876853302462885e-01 -2.673250985887083361e-02
-9.918595395478927434e-01 -1.244393075880118882e-01 -2.700996728461210403e-02
-9.907801083778858819e-01 -1.319502815263626783e-01 -3.072338109627799352e-02
-9.898422640364836766e-01 -1.382744184190080050e-01 -3.305304360372877948e-02
-9.891339426225188580e-01 -1.431061814646023833e-01 -3.368516799313649862e-02
-9.877502036458091217e-01 -1.513192662772862296e-01 -3.810565866376004751e-02
-9.875560955067372859e-01 -1.538444925331539370e-01 -3.263214085754471278e-02
-9.874410589072847300e-01 -1.543571077858665874e-01 -3.367587765880637740e-02
-9.865495152928759337e-01 -1.601855994672681804e-01 -3.256768095687387343e-02
-9.863741061327602200e-01 -1.625196136386335144e-01 -2.556411752333508092e-02
-9.862983848283485289e-01 -1.628698349952831248e-01 -2.624764953346402779e-02
-9.858333628608378918e-01 -1.655994166513883314e-01 -2.663531590692565926e-02
-9.841479354563458237e-01 -1.759891929694971935e-01 -2.192421160371474387e-02
-9.841597597961990740e-01 -1.758933221623399656e-01 -2.216150662666583823e-02
-9.837440541480818590e-01 -1.786489975255289575e-01 -1.822628702891373326e-02
-9.841050677908527167e-01 -1.764740744696647878e-01 -1.985302264620063956e-02
-9.830231529238594446e-01 -1.826286519441380762e-01 -1.767150519522066310e-02
-9.838509409427350638e-01 -1.784081113280738817e-01 -1.441865658909511488e-02
-9.834327639503681606e-01 -1.806324153667184795e-01 -1.523007399306989564e-02
-9.832798411297337671e-01 -1.816035699213057741e-01 -1.345077142782503260e-02
-9.836113493079082781e-01 -1.795296119225696929e-01 -1.666906684341608325e-02
-9.829475205055984155e-01 -1.834266007261294018e-01 -1.299537646057171390e-02
-9.833339073955740250e-01 -1.813589960651035005e-01 -1.278150404469303135e-02
-9.832347637479993407e-01 -1.820009293955950069e-01 -1.118422037675039123e-02
-9.832890625224597336e-01 -1.815870203918328596e-01 -1.299227766307866315e-02
-9.832297211467057041e-01 -1.818744388378239485e-01 -1.345472711270482430e-02
-9.825759171697784344e-01 -1.852478441626978500e-01 -1.509400588408599947e-02
-9.827648978969670823e-01 -1.843391000374254296e-01 -1.386641443195752235e-02
-9.809076496029918157e-01 -1.941286889551035733e-01 -1.158709335392590044e-02
-9.795907580842359019e-01 -2.007849143457213770e-01 -9.348287612084079864e-03
-9.800617087492515811e-01 -1.984495183554384756e-01 -9.841815706642238065e-03
-9.800705458130810621e-01 -1.985218134693685077e-01 -7.130248346937695207e-03
-9.791762361035044604e-01 -2.028857878699045492e-01 -7.161100946917008450e-03
-9.788242838388775402e-01 -2.046372227760775431e-01 -5.162755658072716754e-03
-9.787780913976221742e-01 -2.049182659852676891e-01 -1.406309651511248714e-03
-9.786145878147483046e-01 -2.056358406562667218e-01 -5.235954792220358020e-03
-9.784822477550427777e-01 -2.063182920236504014e-01 -2.297578373714724738e-03
-9.782069161837150251e-01 -2.075540714705897682e-01 -5.706333855203543463e-03
-9.780580866357161396e-01 -2.083089249353737571e-01 -3.129961532177277187e-03
-9.776165957228991621e-01 -2.103762181330688930e-01 2.768437653018988604e-03
-9.783891425608027825e-01 -2.065374887696731498e-01 9.847710263211337245e-03
-9.796132600244726873e-01 -2.002546732481632619e-01 1.599851866614460105e-02
-9.795352184536817441e-01 -2.008219380320269420e-01 1.346592017463688930e-02
-9.808757618523390454e-01 -1.941832629563973178e-01 1.325240266104358959e-02
-9.807297369809979681e-01 -1.947958618238566919e-01 1.495931788576919733e-02
-9.799942840318600634e-01 -1.983839596798272764e-01 1.596977599430451228e-02
-9.794343309821221810e-01 -2.006887379661481396e-01 2.079537686976596148e-02
-9.802835385497867815e-01 -1.960278777403809680e-01 2.484514642176191904e-02
-9.809886141593343600e-01 -1.917977479514127725e-01 2.958021185099456163e-02
-9.822625083302738425e-01 -1.843512439014170223e-01 3.427841779669711653e-02
-9.836908041639012001e-01 -1.764729100657598249e-01 3.478131936395987417e-02
-9.847868377891759728e-01 -1.692871169293674871e-01 3.920181961157221534e-02
-9.859951948436821434e-01 -1.629612200537158828e-01 3.545621117726999172e-02
-9.867871709475628528e-01 -1.582616592102146780e-01 3.470378752981356091e-02
-9.883613931576492595e-01 -1.481236774316798399e-01 3.465774211331375254e-02
-9.892241103623076182e-01 -1.427038624510830189e-01 3.273061922473258223e-02
-9.901031119974742500e-01 -1.364133551430277702e-01 3.297348130545078165e-02
-9.906632731783315826e-01 -1.319305720740172050e-01 3.436029187037713956e-02
-9.918841973538018442e-01 -1.229634360227304796e-01 3.233819235082443372e-02
-9.920796427254333638e-01 -1.210402132754905824e-01 3.357492424450349983e-02
-9.925314588240922165e-01 -1.173053968702385402e-01 3.347795370743478216e-02
-9.933738286076067014e-01 -1.100170007815761408e-01 3.323736513397970715e-02
-9.945045075479949093e-01 -9.896598572040571362e-02 3.415471338661112827e-02
-9.948461227887178682e-01 -9.513841797493806374e-02 3.506992633346688731e-02
-9.953115794333766697e-01 -8.782300484236477134e-02 4.052167656676858298e-02
-9.956000774825610744e-01 -8.405252527216605651e-02 4.142083240602574545e-02
-9.961275293355453808e-01 -7.671501061753706330e-02 4.295089269365074541e-02
-9.962873023333229661e-01 -7.167669913131172188e-02 4.768740768841764344e-02
-9.969292180330531217e-01 -5.916391904862899204e-02 5.130099514308127107e-02
-9.972841167881056901e-01 -4.891445469237482024e-02 5.506172682560670634e-02
-9.976569654976897850e-01 -4.097344014403899587e-02 5.478853549461881745e-02
-9.977801525062477417e-01 -3.471103820580097310e-02 5.683254697860397331e-02
-9.978582776156086354e-01 -3.071527390141104083e-02 5.775341642301036471e-02
-9.979723743315360718e-01 -2.032916348079061991e-02 6.031494616572513623e-02
-9.983420306763673979e-01 -1.001285480412488806e-02 5.668297587191115788e-02
-9.984954980161062643e-01 -1.304518111731770708e-03 5.481848115667062316e-02
-9.983638531830891782e-01 3.346957038581015349e-03 5.708276230233204351e-02
-9.981455678125229491e-01 9.730429408055345231e-03 6.008969651609315926e-02
-9.978450665786736673e-01 2.268614622105313838e-02 6.156776222355110628e-02
-9.977033433618912595e-01 3.494251114755862753e-02 5.802660435738719868e-02
-9.974694533901912186e-01 4.108802024639451184e-02 5.802147361040499440e-02
-9.971830253766613694e-01 5.029860522344549445e-02 5.564253264975435598e-02
-9.968223099056073844e-01 5.965632439722307057e-02 5.278666951928590034e-02
-9.962080607675533050e-01 7.181733228454559304e-02 4.911004983013253500e-02
-9.955103780612665210e-01 8.157232966735555868e-02 4.801113041245758106e-02
-9.949858250689753714e-01 8.782711462335135444e-02 4.785010227960913298e-02
-9.942920135375855617e-01 9.484676762660448901e-02 4.886214252216898590e-02
-9.939569914409509543e-01 1.012216284208462685e-01 4.247007870015002268e-02
-9.942237606415895712e-01 1.019095373339072713e-01 3.366877554962525998e-02
-9.941010955971136820e-01 1.031969411282145088e-01 3.336809170909840055e-02
-9.933531232593322269e-01 1.099426579596383957e-01 3.409121576771217271e-02
-9.928999797802697813e-01 1.134910214538304984e-01 3.562926807578504357e-02
-9.921272508009515434e-01 1.202150770447542871e-01 3.509814782434190344e-02
-9.911135167972094928e-01 1.277624624061340086e-01 3.702400124409858939e-02
-9.902517273318910407e-01 1.351179168018960541e-01 3.383329016867089173e-02
-9.890759841885380377e-01 1.438161418413757275e-01 3.233637585327087810e-02
-9.888687062860517241e-01 1.445364833399533089e-01 3.532581347196492999e-02
-9.883133255130390760e-01 1.466756724146650870e-01 4.150956767591907487e-02
-9.873146342494387717e-01 1.525123377947814052e-01 4.415683809202768095e-02
-9.870315184960237742e-01 1.568983031138197204e-01 3.393715223027812811e-02
-9.872058482819785485e-01 1.569230870389862476e-01 2.828045661429262614e-02
-9.866344193461318302e-01 1.614980966279470909e-01 2.170054588825075237e-02
-9.866087810998930285e-01 1.619955033754129914e-01 1.898937295015847709e-02
-9.861806853246811722e-01 1.649172771229764634e-01 1.581056364641850870e-02
-9.854459657906038395e-01 1.693742185194508920e-01 1.444468322739637413e-02
-9.848302660172066902e-01 1.732507983275274610e-01 9.671305740107525445e-03
-9.852425546643645005e-01 1.710490125410201734e-01 6.274548700849164745e-03
-9.852312688238361593e-01 1.711556481022603604e-01 5.011709290378378936e-03
-9.852632784426693657e-01 1.710422613607539277e-01 9.182451687920496070e-04
-9.863442157696922230e-01 1.646727588296081346e-01 -2.827859111992173189e-03
-9.866868873988374755e-01 1.624883999820896929e-01 -6.821468152333491977e-03
-9.880938169278592476e-01 1.534688520424679070e-01 -1.086034008540463780e-02
-9.883880406792922013e-01 1.516498171825604591e-01 -9.562456093583450445e-03
-9.883140895140984927e-01 1.521963480069639107e-01 -8.459237639807987499e-03
-9.878403084020517255e-01 1.549857364145204308e-01 -1.228711203455452178e-02
-9.879611413328378555e-01 1.545312321271184453e-01 -7.273792598140618910e-03
-9.883133290792244230e-01 1.522072628482573076e-01 -8.351003723257905895e-03
-9.883507999448997161e-01 1.518078985737845998e-01 -1.082057097115812251e-02
-9.884327490371188629e-01 1.512182166774616587e-01 -1.156625069123497912e-02
-9.884584293368237073e-01 1.509554988158274269e-01 -1.274352511900243498e-02
-9.884079543438117899e-01 1.506331984551840253e-01 -1.895737184363116556e-02
-9.885302186476969677e-01 1.494151702690537653e-01 -2.198045429604057743e-02
-9.888325685860905878e-01 1.478004876354689634e-01 -1.911004418897341295e-02
-9.896244519145077634e-01 1.429058738243152438e-01 -1.487890846007839003e-02
-9.901433261196371793e-01 1.389484615105376353e-01 -1.759390025955926556e-02
-9.905575194383609006e-01 1.359081301612856951e-01 -1.802241351943978387e-02
-9.909258247585593926e-01 1.324705683303686876e-01 -2.275049628998380979e-02
-9.915069505453442122e-01 1.276064954252380812e-01 -2.511127538230255654e-02
-9.917738158255594572e-01 1.242570641558029404e-01 -3.073934104898211339e-02
-9.915732340169420844e-01 1.251778883134933851e-01 -3.336232427646105420e-02
-9.919658917486634531e-01 1.214970193132252629e-01 -3.524444291369407262e-02
-9.926697021162385060e-01 1.162242676611230791e-01 -3.314828707637652166e-02
-9.934269162241845530e-01 1.083216932980861358e-01 -3.700540463806081121e-02
-9.931878139483873991e-01 1.092063659160804473e-01 -4.064434711777861059e-02
-9.944986845928452945e-01 9.730353770258157176e-02 -3.878678760129217196e-02
-9.949974288958134405e-01 9.302397059690031833e-02 -3.642367850858169859e-02
-9.958865741972211527e-01 8.235224481165769050e-02 -3.778976257616821488e-02
-9.964369319525756552e-01 7.566236646441423797e-02 -3.726491589509697833e-02
-9.971866104380620044e-01 6.565262930652564222e-02 -3.617489620998723399e-02
-9.973676651299359097e-01 5.991138852701721057e-02 -4.084596795868141589e-02
-9.979456409749412060e-01 5.221049505600831864e-02 -3.712935037836179175e-02
-9.982637935553019259e-01 4.306106653781006238e-02 -4.018917984612273980e-02
-9.984019780155075630e-01 3.644800780056870609e-02 -4.318634410206800833e-02
-9.987345095765022274e-01 3.174128444521207709e-02 -3.901150369474810919e-02
-9.988983705394746115e-01 2.842632004200824208e-02 -3.733653463820275908e-02
-9.989641230448592646e-01 2.219949178482776703e-02 -3.972267240885172385e-02
-9.991223974669219965e-01 1.935387503535571790e-02 -3.714686522040231559e-02
-9.994182812642471436e-01 9.912819064919368289e-03 -3.263222405358497807e-02
-9.994756602835038750e-01 1.712968083007651576e-03 -3.233414862610663881e-02
-9.993847262969010048e-01 -7.555083228651997274e-03 -3.425079000593933554e-02
-9.992061246511060313e-01 -1.254276709809401882e-02 -3.781304880867321361e-02
-9.991789802802832909e-01 -1.523980355780021889e-02 -3.753852628747496312e-02
-9.989174054121289226e-01 -2.034293453851860473e-02 -4.183550594279247109e-02
-9.990416039245254565e-01 -2.465337351396053311e-02 -3.616783358452279468e-02
-9.989074228439329683e-01 -3.030433765674186639e-02 -3.557576521086550786e-02
-9.988684764978228436e-01 -3.240261090916624065e-02 -3.481184887167650815e-02
-9.989465207741081709e-01 -3.458418980707231305e-02 -3.016305331078040705e-02
-9.987504530227990784e-01 -3.674667329200869553e-02 -3.387096057336361904e-02
-9.986664000446615619e-01 -4.232937354980417788e-02 -2.955795606210297882e-02
-9.984080922154959792e-01 -4.711403678518951560e-02 -3.100929206017537937e-02
-9.981396532371824559e-01 -5.164019304234860469e-02 -3.241219547702670067e-02
-9.977977511040531100e-01 -5.709717005507605747e-02 -3.375779066772300469e-02
-9.975367704628829157e-01 -6.231493484978951197e-02 -3.220664314963536667e-02
-9.968618818964720685e-01 -7.052480255069187853e-02 -3.595369771079431204e-02
-9.963090419693786393e-01 -7.882196167422544919e-02 -3.399145332082817439e-02
-9.952033015196917187e-01 -9.149551992063816030e-02 -3.462638018725180261e-02
-9.951578257266667782e-01 -9.234038787242324076e-02 -3.367762441216082953e-02
-9.942442244989457834e-01 -1.001507265415262360e-01 -3.805630090962090761e-02
-9.935252863967477532e-01 -1.079574976032158656e-01 -3.539367053884746872e-02
-9.927912899152145920e-01 -1.151938112181334767e-01 -3.310390134536483203e-02
-9.917673413757197576e-01 -1.224746219497651473e-01 -3.738362782828275749e-02
-9.911727830883387824e-01 -1.276310163711569801e-01 -3.587291196225583095e-02
-9.906812932612506506e-01 -1.322688976421458329e-01 -3.248910404498261961e-02
-9.903367728843187612e-01 -1.351663257600713708e-01 -3.103495790319672418e-02
-9.896747032149328938e-01 -1.399988812182952624e-01 -3.072983931153187506e-02
-9.889496588820553269e-01 -1.461892280148989198e-01 -2.464365385447273710e-02
-9.886861889554878768e-01 -1.478760743187555460e-01 -2.514586021117830306e-02
-9.879502014341202676e-01 -1.528578959883132304e-01 -2.426707588182624650e-02
-9.879877796414342495e-01 -1.525785013220841979e-01 -2.449440884916707223e-02
-9.871808590579149723e-01 -1.574709106979720608e-01 -2.601714255820974930e-02
-9.862867390643410559e-01 -1.626034759725670242e-01 -2.825961599709175126e-02
-9.860868810465089895e-01 -1.646733456293402176e-01 -2.270198641281944915e-02
-9.845083873884185044e-01 -1.738658822452428532e-01 -2.266976118275455809e-02
-9.834482573515103132e-01 -1.792787213713175898e-01 -2.624296345766480645e-02
-9.831570327907180884e-01 -1.809094450414503452e-01 -2.596246373053761464e-02
-9.818760872169632892e-01 -1.876082294476643375e-01 -2.687991088539957996e-02
-9.816280765458729185e-01 -1.896016121301987156e-01 -2.139102597521717192e-02
-9.809638757876361082e-01 -1.923747651865206909e-01 -2.649249358105598695e-02
-9.806126887448556317e-01 -1.943094345699997449e-01 -2.535007682973949503e-02
-9.786813055573702069e-01 -2.038410396722510065e-01 -2.513485165530577811e-02
-9.785013808173719241e-01 -2.052545780601226499e-01 -2.014035651783149111e-02
-9.777564535597265127e-01 -2.091958270311960744e-01 -1.514765453438767645e-02
-9.779519573735196980e-01 -2.084667804540407121e-01 -1.231253397202040911e-02
-9.772976840080028760e-01 -2.114379093671071297e-01 -1.353792208969739098e-02
-9.766304421003200176e-01 -2.146589673982635393e-01 -1.070211255974909056e-02
-9.765670502639870465e-01 -2.149575442514180812e-01 -1.049182741785708618e-02
-9.766557257982430018e-01 -2.146435235170214562e-01 -8.472250097610052599e-03
-9.751148427783957739e-01 -2.215890260038732018e-01 -7.026724056825283012e-03
-9.746453195611213260e-01 -2.237167696888376911e-01 -4.163633635515887228e-03
-9.753520617264714865e-01 -2.204894953441581817e-01 -8.530296094255040984e-03
-9.761635811803399676e-01 -2.170102214438149046e-01 -3.354775712929866996e-03
-9.752066751759304042e-01 -2.212642290879730800e-01 -3.756272322072262693e-03
-9.745822940430044490e-01 -2.240042187903301951e-01 -3.389699357998188743e-03
-9.745928119948878976e-01 -2.239834987296488722e-01 -5.206468634987668903e-04
-9.739056465726310119e-01 -2.269250321321193697e-01 -3.584608093023320362e-03
-9.727211193325371319e-01 -2.319773768077226239e-01 3.853184410402415994e-04
-9.741519694514960692e-01 -2.258779892448649906e-01 2.665013600201129179e-03
-9.744099399572957454e-01 -2.247055360511481248e-01 5.720045166618864529e-03
-9.737142056656347133e-01 -2.275269564757120000e-01 1.059045219005674832e-02
-9.735581904441175105e-01 -2.279383285359035394e-01 1.511939538713581721e-02
-9.733145630099194756e-01 -2.289719894908033848e-01 1.518609149130006886e-02
-9.743783925626733344e-01 -2.245102249917220738e-01 1.348832395892989380e-02
-9.751757771564594224e-01 -2.203710513499912982e-01 2.165251834637733214e-02
-9.764161619379324586e-01 -2.145637263157112173e-01 2.395650850115322791e-02
-9.769857333967585378e-01 -2.123133507758335758e-01 2.054132489199955378e-02
-9.767388912544271440e-01 -2.136511844508240665e-01 1.828490907500242291e-02
-9.770285771241632444e-01 -2.115577683494325179e-01 2.566122494138814089e-02
-9.775588340335342741e-01 -2.083277670070777521e-01 3.127772181577085503e-02
-9.778243955986913871e-01 -2.064133561782541815e-01 3.539782756673218178e-02
-9.795225268609472069e-01 -1.989872460039853186e-01 3.065491361096921163e-02
-9.792699628809976575e-01 -1.993568190456780076e-01 3.587794510008758542e-02
-9.810625208675779474e-01 -1.912875403537944163e-01 3.042096822919490920e-02
-9.816619709725942222e-01 -1.884151682847533538e-01 2.897459800087308357e-02
-9.816502167806548940e-01 -1.885186583887904499e-01 2.869835460351567030e-02
-9.815126732234780160e-01 -1.888308131042787941e-01 3.123819057264309515e-02
-9.829669440591756180e-01 -1.807967745814370586e-01 3.299305175431888060e-02
-9.837656094031882459e-01 -1.760491459554331117e-01 3.481310513726026956e-02
-9.847935260305457073e-01 -1.703361242867658665e-01 3.416641883656657691e-02
-9.845811937753428111e-01 -1.715624299701672406e-01 3.415016561730258721e-02
-9.854826937486258487e-01 -1.658754621517916916e-01 3.618314156825982314e-02
-9.865783795677762757e-01 -1.587975438268179884e-01 3.803247982028520879e-02
-9.882844902564494882e-01 -1.484048977579954798e-01 3.563398391690708600e-02
-9.896460922170514651e-01 -1.384928684361985685e-01 3.768774010297609028e-02
-9.904934737999072647e-01 -1.327981746827804344e-01 3.587967820037638034e-02
-9.913760246269736065e-01 -1.252153849207553460e-01 3.866152344646814343e-02
-9.921126946216531906e-01 -1.196258434714483898e-01 3.744445108685686557e-02
-9.927545345401848076e-01 -1.139330542551650199e-01 3.818011903843120114e-02
-9.938377842168828469e-01 -1.046462725802634330e-01 3.654646944739811665e-02
-9.943520042505156198e-01 -1.007588246777816610e-01 3.334335030134884942e-02
-9.946800342694166464e-01 -9.612308173228148456e-02 3.704066478442435278e-02
-9.951057497178086297e-01 -9.185565708654207240e-02 3.642956741577357827e-02
-9.952574982870787679e-01 -9.199814557081072153e-02 3.160508788796340812e-02
-9.951815632686137336e-01 -9.104857458009689430e-02 3.638463289440487664e-02
-9.951309065607097937e-01 -8.951138034501608665e-02 4.125796795470618172e-02
-9.958723190238492062e-01 -8.081066319056552649e-02 4.132782654839759623e-02
-9.966617394723668033e-01 -6.922966081258492832e-02 4.327423727966599187e-02
-9.972122951802732116e-01 -6.158913563221626863e-02 4.212416363201622327e-02
-9.975790395843366909e-01 -5.440788531357870772e-02 4.331131890562948950e-02
-9.979738714036284764e-01 -4.807699889200313381e-02 4.167472439746323920e-02
-9.982643483961965991e-01 -4.190179213798122387e-02 4.138307622378455813e-02
-9.985287195022998219e-01 -3.708327089615912064e-02 3.956331276993568097e-02
-9.988147519068906188e-01 -2.175778666236261732e-02 4.353985112965055859e-02
-9.988221517896620494e-01 -1.387446154298895007e-02 4.649555891480468967e-02
-9.990604115518897377e-01 -4.902478659702277225e-03 4.306144545444251515e-02
-9.987354820885905315e-01 3.415880973790166170e-03 5.015772526117356911e-02
-9.982260675054757115e-01 1.574204259959709890e-02 5.741895035848419704e-02
-9.978941121874094211e-01 2.504531440946665410e-02 5.983395985901308195e-02
-9.975511703388441065e-01 2.674016796118020706e-02 6.462705126916719334e-02
-9.972366491719862891e-01 2.871538169013623798e-02 6.851658386342496243e-02
-9.969201251035906264e-01 3.853429769433702745e-02 6.830374744789804997e-02
-9.966698148101990062e-01 4.562108757467014247e-02 6.758717668564019621e-02
-9.967706398569660120e-01 5.042015481385722642e-02 6.249903417458842897e-02
-9.961133085801551212e-01 6.192727081738283457e-02 6.263640609412174376e-02
-9.956273218226067145e-01 6.954836259373395335e-02 6.236418093287245806e-02
-9.951802775118977484e-01 7.687616845315640990e-02 6.087938597322309353e-02
-9.942883169541358868e-01 8.919728728136340490e-02 5.860559885002670361e-02
-9.935021778357741029e-01 9.594768322352047185e-02 6.121678101443549930e-02
-9.919436353005285367e-01 1.099196983660628013e-01 6.297232665367070992e-02
-9.907201838487480483e-01 1.194275708068977537e-01 6.488915476452293551e-02
-9.888459630367094633e-01 1.306547651145009425e-01 7.150541283809241921e-02
-9.874149799448851406e-01 1.406536337507226786e-01 7.230659072818833299e-02
-9.863355628753790461e-01 1.496624124977715686e-01 6.887198266337229979e-02
-9.843911377480309977e-01 1.618772722772797157e-01 6.906422340812166938e-02
-9.826703534542784446e-01 1.717418428393110708e-01 6.974056390956666351e-02
-9.812155126683289597e-01 1.809392219879181196e-01 6.691147755811355236e-02
-9.789171950040818082e-01 1.925249885909526559e-01 6.822964435688770590e-02
-9.775009155538997296e-01 1.997967537124336057e-01 6.762579060337491066e-02
-9.753610760619604303e-01 2.104961434865517123e-01 6.604676337441497957e-02
-9.714544261226893962e-01 2.272810091536250354e-01 6.796816162463001354e-02
-9.695778085538556690e-01 2.353584502479357798e-01 6.727037383183197272e-02
-9.672391901516318446e-01 2.459092936929819229e-01 6.306344571859104353e-02
-9.655181871147124895e-01 2.534819306030057784e-01 5.934282671903781670e-02
-9.647947710710877978e-01 2.577191704184489951e-01 5.245863842494649654e-02
-9.624959391847657253e-01 2.658794973141288542e-01 5.394154126827030438e-02
-9.606876681237398463e-01 2.736576876103593015e-01 4.680495827233298323e-02
-9.602909842852247468e-01 2.756496016065281829e-01 4.311093180809520697e-02
-9.597753341119862336e-01 2.771614420561448466e-01 4.486505205191108209e-02
-9.587133823934942400e-01 2.814502574249981293e-01 4.067471839536985351e-02
-9.574355806292529358e-01 2.860102715134955065e-01 3.892638178696736229e-02
-9.549679931625852936e-01 2.942906392162208951e-01 3.780451531011447264e-02
-9.516753562795872146e-01 3.046876510125711701e-01 3.846402621405927563e-02
-9.486095738234663344e-01 3.132072743716755037e-01 4.517864139159970260e-02
-9.465710651635313999e-01 3.192077673638082924e-01 4.593092388830719713e-02
-9.439727716839741989e-01 3.264398959690726909e-01 4.850186185132233235e-02
-9.423544667149492682e-01 3.317639555078402691e-01 4.359778328495528960e-02
-9.399877694256471017e-01 3.389626914584114581e-01 3.908089837889686807e-02
-9.389706803031808713e-01 3.421373487613688646e-01 3.572289877657428003e-02
-9.370043548503841357e-01 3.476103024638141914e-01 3.449559388797446974e-02
-9.357413385551026641e-01 3.512995297669485595e-01 3.125407186479726984e-02
-9.335563142632908873e-01 3.575816633822115898e-01 2.465748086181430640e-02
-9.327073159008298919e-01 3.599799662328480587e-01 2.171441781998411508e-02
-9.321716857636217490e-01 3.615680327270428540e-01 1.801485919111498607e-02
-9.330358148959612130e-01 3.595133290244523772e-01 1.394143534227303138e-02
-9.342984714458143491e-01 3.563870982206372440e-01 8.638976504541026613e-03
-9.354976312192946342e-01 3.533091814519561669e-01 4.102904716338002904e-03
-9.364228273502321898e-01 3.508736350007034543e-01 1.015265857237847985e-04
-9.359734840688413993e-01 3.520694111752120103e-01 -8.924450615609563764e-04
-9.357766510154057471e-01 3.525889104317324607e-01 1.774624106389138638e-03
-9.382811013897979224e-01 3.458655171785603444e-01 2.376639017699262897e-03
-9.391611479695969322e-01 3.434703564831858014e-01 2.117067561195945004e-03
-9.404484405620308074e-01 3.399335205446367691e-01 1.400671430117503280e-03
-9.403659993987173449e-01 3.401631299013384568e-01 -9.283623552195740918e-04
-9.410377983095968846e-01 3.381866092318094319e-01 -8.815282969746511196e-03
-9.417556161011427784e-01 3.360368113450975525e-01 -1.325333025832188712e-02
-9.416204605756834933e-01 3.363646208570512108e-01 -1.448377915195805422e-02
-9.420149977069449676e-01 3.350583356729299189e-01 -1.853876012202946080e-02
-9.430587556380152225e-01 3.320477053229147213e-01 -1.960955528874122958e-02
-9.442038301957130786e-01 3.286593290289671065e-01 -2.149889266882688485e-02
-9.453511407669018540e-01 3.253885879506668299e-01 -2.082108003658811324e-02
-9.472016592441437899e-01 3.199507404468311389e-01 -2.098976681746742706e-02
-9.466669187913998584e-01 3.215704945859320651e-01 -2.035170207486248009e-02
-9.467665074243107881e-01 3.213439778645461598e-01 -1.926806191553866177e-02
-9.488467195281677924e-01 3.151308837399290352e-01 -1.955655567606830528e-02
-9.500369258013379170e-01 3.111829798018137527e-01 -2.439308738107274360e-02
-9.512545837130991222e-01 3.069657596184584003e-01 -2.977867745071954494e-02
-9.527574680285080255e-01 3.019242848225455744e-01 -3.309023638641750420e-02
-9.529754159153946969e-01 3.001376957981258253e-01 -4.189571349672252532e-02
-9.540161101099104979e-01 2.969543034580134910e-01 -4.088317366440488015e-02
-9.558754856410552891e-01 2.909105248297658708e-01 -4.090419385404256425e-02
-9.584539620753503852e-01 2.827156711906307907e-01 -3.791941751226433205e-02
-9.594075160162609528e-01 2.795398148431554874e-01 -3.734622460684408618e-02
-9.601507857884220565e-01 2.768665767802073185e-01 -3.814967352386462035e-02
-9.621817570568512723e-01 2.697580192640889885e-01 -3.790656666391629959e-02
-9.632828919906335496e-01 2.650895376197756059e-01 -4.258682427059158615e-02
-9.673453134749628868e-01 2.509730253165404767e-01 -3.543465716466499132e-02
-9.678410274629136723e-01 2.485799460762609658e-01 -3.862364414490718212e-02
-9.685541589312485211e-01 2.458635390878552707e-01 -3.813123762731353977e-02
-9.697425081265080848e-01 2.402234877792668866e-01 -4.349912603215820572e-02
-9.712639884599365558e-01 2.326195229167305756e-01 -5.034334707254508462e-02
-9.736723390195963779e-01 2.218770278851167899e-01 -5.227610507787255195e-02
-9.755612558779197530e-01 2.119251999913947804e-01 -5.803426843490810255e-02
-9.766187271090330801e-01 2.054167516571173691e-01 -6.340229524788738857e-02
-9.784276580821821279e-01 1.963741825689344356e-01 -6.416018538413871541e-02
-9.792124407243298911e-01 1.915529208518710336e-01 -6.671210992129847361e-02
-9.809883427956169744e-01 1.805805263676788786e-01 -7.108147760133919080e-02
-9.816498648256044568e-01 1.741703406329379589e-01 -7.764191778978020431e-02
-9.836725207483277833e-01 1.628334802286775518e-01 -7.663981755558230136e-02
-9.850645470178672758e-01 1.529259687077642038e-01 -7.912975683648935943e-02
-9.868573336034481835e-01 1.403133780906060946e-01 -8.015479558773903890e-02
-9.884043129714827902e-01 1.318530936887852278e-01 -7.531074155530462222e-02
-9.905810622705158996e-01 1.168956057436176255e-01 -7.130643589657614800e-02
-9.914100477864223881e-01 1.103815283124967572e-01 -7.015744181986610650e-02
-9.923945908439821828e-01 1.011945137390120458e-01 -7.009049677675711909e-02
-9.934735437156385629e-01 9.052044734037166529e-02 -6.940027252978379912e-02
-9.944708530636306998e-01 7.862832713310508037e-02 -6.960847553761913276e-02
-9.951232884088260233e-01 7.067227965171632431e-02 -6.881207034314223980e-02
-9.960543943916293497e-01 6.250504188250564919e-02 -6.299836563020508318e-02
-9.959215771567235809e-01 6.280725780269420799e-02 -6.477261336832429439e-02
-9.962186196449991371e-01 5.589739098049605059e-02 -6.651296561650020533e-02
-9.965746602840988011e-01 4.484273740385093243e-02 -6.948457848268647929e-02
-9.974854934790741146e-01 2.943230632486409232e-02 -6.447061611082748056e-02
-9.977957330531344038e-01 1.820381389337682315e-02 -6.381478615939624455e-02
-9.977942024068596760e-01 1.035632529867133202e-02 -6.557062565844773427e-02
-9.975365012820627264e-01 4.083956186335202174e-03 -7.003057096469576803e-02
-9.976894494119431522e-01 -4.951190136178959880e-03 -6.775897820911415403e-02
-9.976889905341531639e-01 -1.650494470131222413e-02 -6.591127172618051200e-02
-9.973831804416970481e-01 -2.528768224432274836e-02 -6.773001865558382628e-02
-9.970230971574490786e-01 -3.352556814261937329e-02 -6.943350079240172279e-02
-9.964213459208854928e-01 -4.419556007995713298e-02 -7.205057235645276337e-02
-9.960033517257486091e-01 -5.200340146097730959e-02 -7.261543051529389947e-02
-9.951554772264427084e-01 -6.445309845927561787e-02 -7.423884064761097912e-02
-9.949085680813081201e-01 -7.613107178271778797e-02 -6.603810731561823855e-02
-9.940239270589721343e-01 -8.391256618670214773e-02 -6.982223428020868650e-02
-9.936050775856686279e-01 -9.346849741930583766e-02 -6.334524649776578087e-02
-9.932966674642027538e-01 -9.922463957007829349e-02 -5.929782268241285542e-02
-9.924214683159600092e-01 -1.065723617847066790e-01 -6.117181932713420395e-02
-9.913371526919831922e-01 -1.165334512960413682e-01 -6.058576505458675848e-02
-9.904267407744863361e-01 -1.261485412772679060e-01 -5.604861209704618819e-02
-9.890599414374817711e-01 -1.361907022937195733e-01 -5.667940645351846746e-02
-9.868700082736029389e-01 -1.512138852032970104e-01 -5.676246961936153718e-02
-9.866946479910970735e-01 -1.533288606844551982e-01 -5.407367514409276016e-02
-9.855826559039123635e-01 -1.607947210931111315e-01 -5.264899054870708639e-02
-9.842845805851353491e-01 -1.688536047438454757e-01 -5.169482301359545895e-02
-9.823292350998066302e-01 -1.806687746956221197e-01 -4.886816612425415318e-02
-9.809355584880207202e-01 -1.885486747554945275e-01 -4.706226950542041071e-02
-9.797649848211602563e-01 -1.946604493579914275e-01 -4.656086158235133582e-02
-9.784239497295313948e-01 -2.014898543647711815e-01 -4.569948611849892345e-02
-9.771728198710817326e-01 -2.075700790832216147e-01 -4.525452683941777465e-02
-9.760005696852841472e-01 -2.127618752201042296e-01 -4.642523342040016238e-02
-9.744135616863585092e-01 -2.209352998453046613e-01 -4.130174244328384259e-02
-9.729885634111137271e-01 -2.266535996097500949e-01 -4.383413290290453374e-02
-9.717169702960765099e-01 -2.320714684823117491e-01 -4.369202561793899403e-02
-9.707418964848151255e-01 -2.371124772851437301e-01 -3.791929948981075799e-02
-9.696412769202429338e-01 -2.419007470534436932e-01 -3.577502377334496053e-02
-9.675963188104453883e-01 -2.503940842072550632e-01 -3.256065099111266764e-02
-9.670814999045286298e-01 -2.526210032098105684e-01 -3.059462073419227240e-02
-9.657695204733147687e-01 -2.579502699076585137e-01 -2.740293658508157620e-02
-9.644023245528030586e-01 -2.628630604064441934e-01 -2.883049211358954325e-02
-9.626390766334570470e-01 -2.693108588059777708e-01 -2.824356310636810460e-02
-9.622922365816279910e-01 -2.709003817996225028e-01 -2.463054858384008949e-02
-9.610715751012280927e-01 -2.754494980574371810e-01 -2.165712049187638183e-02
-9.614629496059484692e-01 -2.741337572245651777e-01 -2.096923945177725165e-02
-9.618058062064004377e-01 -2.728332333735680737e-01 -2.217311949677307908e-02
-9.613192853007068717e-01 -2.748017700287018195e-01 -1.868818194036685545e-02
-9.598718706152380431e-01 -2.800036676288240045e-01 -1.561945368647199225e-02
-9.587936514770539764e-01 -2.836585372023180396e-01 -1.589331256827704320e-02
-9.578174790400617589e-01 -2.872182779845309231e-01 -9.558595655892315746e-03
-9.582077072889487734e-01 -2.857564585204373508e-01 -1.346347788967950515e-02
-9.565338859800431859e-01 -2.913393775396371788e-01 -1.281878285426298232e-02
-9.545851139782569605e-01 -2.977841215009550679e-01 -9.586775785009231735e-03
-9.538056303922400891e-01 -3.003517343915865223e-01 -6.609401673027452337e-03
-9.528140863874641209e-01 -3.035123924271593832e-01 -5.057027110565109548e-03
-9.519139722854427221e-01 -3.062425629238563207e-01 -8.678197939133144856e-03
-9.510484358158397544e-01 -3.089156987227338336e-01 -8.831359866388591509e-03
-9.499454034231514798e-01 -3.123139332381349442e-01 -7.985406026584420877e-03
-9.494577182620723699e-01 -3.138149872328922507e-01 -7.086896598692755608e-03
-9.472266287859947287e-01 -3.205129953455087000e-01 -5.758693438935702513e-03
-9.469773324240231549e-01 -3.212728803665499955e-01 -4.206808025237889284e-03
-9.458882552924223752e-01 -3.244925525401438637e-01 -1.442451727254765934e-04
-9.464414189179823911e-01 -3.228738688402594259e-01 1.065057404526078546e-03
-9.474495419368216265e-01 -3.197540971778154439e-01 9.834228940676955147e-03
-9.478553761047311399e-01 -3.186235509193767745e-01 7.017693808299479627e-03
-9.495082112137278596e-01 -3.136408597273295240e-01 7.974785570934710827e-03
-9.504344032578996293e-01 -3.107416522917523793e-01 1.068175752098538163e-02
-9.508127717395737921e-01 -3.094869991847400414e-01 1.314913534896265321e-02
-9.529677051487234207e-01 -3.027228882988778902e-01 1.454081087011131236e-02
-9.524737850755604640e-01 -3.043630023040040933e-01 1.252521197211150551e-02
-9.550216599479608437e-01 -2.961999356047056442e-01 1.411582681476639470e-02
-9.540109924906052807e-01 -2.992140723576605099e-01 1.827551471604304395e-02
-9.549502040570130301e-01 -2.961254098273633506e-01 1.949047884829511329e-02
-9.542891545750000759e-01 -2.983395384500253655e-01 1.804878404903095812e-02
-9.559212444994378277e-01 -2.928357105005954253e-01 2.149070689311234628e-02
-9.567504992903846928e-01 -2.901009153924583583e-01 2.167880323211991006e-02
-9.571385988077305562e-01 -2.890508707681301859e-01 1.831191633952572798e-02
-9.585444170367911632e-01 -2.842739621014241935e-01 1.951780146696811130e-02
-9.600372329586727149e-01 -2.792576427565360841e-01 1.853941220731186723e-02
-9.613600153629481282e-01 -2.741779188405529255e-01 2.476730479071227731e-02
-9.627585438929158190e-01 -2.692423375151065668e-01 2.458819950534750151e-02
-9.627418676118694174e-01 -2.692677750452819319e-01 2.495979514747169101e-02
-9.623324405682424088e-01 -2.706832913011243402e-01 2.543342966019636678e-02
-9.637461262546501706e-01 -2.652766485265250496e-01 2.866589746735423438e-02
-9.647844228000731492e-01 -2.619323941888835883e-01 2.413437791376173841e-02
-9.650637620175319675e-01 -2.611482189300517454e-01 2.129724840320859625e-02
-9.658571518382657040e-01 -2.580063664710854909e-01 2.350972064359466498e-02
-9.668717104925509398e-01 -2.544987108894420369e-01 1.973654988677637362e-02
-9.675072263390723792e-01 -2.516904777137930482e-01 2.411846392812803247e-02
-9.690423867229265298e-01 -2.458479725617886691e-01 2.270808185871845200e-02
-9.705044008665596467e-01 -2.399756511099163103e-01 2.308516072951917811e-02
-9.717793079772975018e-01 -2.345108559912707225e-01 2.548852694451666373e-02
-9.729340601106909459e-01 -2.295007635804628687e-01 2.699526286681899409e-02
-9.738327326796343275e-01 -2.257884995672979067e-01 2.587261578122046490e-02
-9.734014245212697647e-01 -2.276997211514637798e-01 2.534824946673534460e-02
-9.747140707526553705e-01 -2.213041312648623138e-01 3.093528551579386929e-02
-9.770567612677304448e-01 -2.099197913654448910e-01 3.596938358229889027e-02
-9.777823194238015603e-01 -2.058649325052104018e-01 3.951449751881759564e-02
-9.793826551264532831e-01 -1.984221331610982464e-01 3.792495196266457841e-02
-9.801508652524638654e-01 -1.929842443756095427e-01 4.540256562561158921e-02
-9.810722277976963168e-01 -1.890033995696263347e-01 4.213109174581670946e-02
-9.820518384097347564e-01 -1.821265281914295486e-01 4.903207971644008706e-02
-9.825051985418792322e-01 -1.788590686967322096e-01 5.189411225290249674e-02
-9.833513785338736657e-01 -1.744493026111599010e-01 5.086784481749717646e-02
-9.851037957204789031e-01 -1.637504774494324411e-01 5.250069921819031787e-02
-9.868967571363121971e-01 -1.529552332782543045e-01 5.137623912953238892e-02
-9.876102772793917683e-01 -1.469289419081744041e-01 5.511675753109587794e-02
-9.889295630432756168e-01 -1.377069471522324173e-01 5.527338218593628311e-02
-9.897346182046562468e-01 -1.315529334522168026e-01 5.585017437746424979e-02
-9.910146514560577158e-01 -1.234163115042105907e-01 5.155972283500299957e-02
-9.914369413737451620e-01 -1.188914589019003654e-01 5.401520807929044432e-02
-9.927082725238446370e-01 -1.081550358271295281e-01 5.322409470683065608e-02
-9.931864703149884122e-01 -1.034367161898345905e-01 5.367971047656640293e-02
-9.933845051998402287e-01 -9.845445214106859910e-02 5.910986569647403571e-02
-9.947073797105433490e-01 -8.594848554893066983e-02 5.630379064979636194e-02
-9.950898866423630862e-01 -8.422981203175385068e-02 5.197582610669716774e-02
-9.957818543951778567e-01 -7.566107446759082200e-02 5.190308756461538969e-02
-9.964682178845191141e-01 -6.766916210054288450e-02 4.971926478286600726e-02
-9.966620506395398316e-01 -6.583628830537327503e-02 4.827390585608059420e-02
-9.969074658184099436e-01 -6.318744912666943159e-02 4.672131108241393133e-02
-9.971633279808723715e-01 -5.656078772925236808e-02 4.966089809757277818e-02
-9.978474550766622819e-01 -4.891246241568832781e-02 4.368131784030343523e-02
-9.984258395469421954e-01 -3.899932079575903210e-02 4.031036833859236168e-02
-9.984985820204539397e-01 -3.556976447225104060e-02 4.165817450604848704e-02
-9.984822547525670222e-01 -3.297479761980336155e-02 4.411212605566577905e-02
-9.986871884453581982e-01 -2.625542111974732765e-02 4.398388898529399793e-02
-9.986814004533661748e-01 -1.955619895671347266e-02 4.746625798967178678e-02
-9.989137312994811335e-01 -1.170509608473152552e-02 4.510408115297727394e-02
-9.991095418551577678e-01 -6.591812381067991243e-03 4.167374950170783798e-02
-9.991539331926624357e-01 4.055102961779129093e-03 4.092681138550513520e-02
-9.989880893366795966e-01 1.479031296687613461e-02 4.247439348545075516e-02
-9.990712792563496425e-01 1.735949443148120455e-02 3.943674658391307236e-02
-9.989639411599597896e-01 2.670545070773576099e-02 3.684960153193179988e-02
-9.990734253469748527e-01 2.956131133979733594e-02 3.128017708406515690e-02
-9.989405590926366818e-01 3.454911542453571738e-02 3.039979986267637643e-02
-9.986152615008260236e-01 4.053076303193203084e-02 3.353873526633751462e-02
-9.984017920175011218e-01 4.732725061596381594e-02 3.088726201206404981e-02
-9.981854562698766475e-01 5.016280909278743316e-02 3.330941934612539901e-02
-9.979125468839893376e-01 5.245440095119863894e-02 3.767113799826408288e-02
-9.974716253337360117e-01 6.033375187805237183e-02 3.755296364041985080e-02
-9.975711996299798656e-01 6.033811231231123173e-02 3.480005631240939284e-02
-9.973814584511864201e-01 6.144502842396035863e-02 3.814138044322581966e-02
-9.967032363865593325e-01 6.936920099773424830e-02 4.207853262794650218e-02
-9.965570771128975380e-01 7.236179567476730412e-02 4.046965456925068205e-02
-9.959710611290121252e-01 7.756215651957984458e-02 4.500875226173407101e-02
-9.957686948238184677e-01 7.900846177575876483e-02 4.692973372339957067e-02
-9.952684216689899888e-01 8.711770717962499799e-02 4.302678796501979014e-02
-9.943718951447776400e-01 9.758260378932828716e-02 4.125772813947874151e-02
-9.942057135212288843e-01 9.971144313903994305e-02 4.015791143409160047e-02
-9.931231332807129997e-01 1.101306644256071499e-01 3.972039016245643150e-02
-9.922081535589696299e-01 1.179945957554129760e-01 4.000357346213690574e-02
-9.911933819190874573e-01 1.255319019745691766e-01 4.215983692700301516e-02
-9.900683945815784703e-01 1.340968532283264569e-01 4.222130543347429182e-02
-9.888612851551132898e-01 1.433091841265010102e-01 4.019784773488651458e-02
-9.881925793765790056e-01 1.484874901576321571e-01 3.777461869605371059e-02
-9.868400545950246627e-01 1.578471463875743275e-01 3.508582932235251861e-02
-9.864809651204520247e-01 1.607315757735100770e-01 3.194833912983062463e-02
-9.852013605335228075e-01 1.688772965556217531e-01 2.930474729914069737e-02
-9.839084994534339490e-01 1.755703685135969472e-01 3.315329327855653235e-02
-9.830665151821487147e-01 1.798178274125605824e-01 3.529597995362410146e-02
-9.810426368352392901e-01 1.904436186973948175e-01 3.586925408013174471e-02
-9.793488170761863731e-01 1.989424809086239865e-01 3.602519066823368227e-02
-9.788916709969807117e-01 2.021643474565405219e-01 3.001172300645987140e-02
-9.788471547265742423e-01 2.031524589598178998e-01 2.423543959921142799e-02
-9.786632527312544294e-01 2.041549783867324108e-01 2.321665303982326303e-02
-9.782222455859044263e-01 2.066697912204878140e-01 1.920588563279740368e-02
-9.776265379645994180e-01 2.090168908240124523e-01 2.362884008284121817e-02
-9.759181253255945210e-01 2.173717050657485439e-01 1.825882963841652523e-02
-9.740246129953078480e-01 2.258973279388131472e-01 1.569970629019689159e-02
-9.740475206680735409e-01 2.257511621395554280e-01 1.636675107948540320e-02
-9.740719485404075728e-01 2.258711986473867506e-01 1.288685261064207929e-02
-9.738371661250253553e-01 2.271513736225310998e-01 6.592239747582401103e-03
-9.738433237672053933e-01 2.272160614819982161e-01 1.439609984964625167e-03
-9.733234497881042557e-01 2.294372696299369907e-01 1.780527255334680981e-04
-9.745141176808487238e-01 2.243250498808185833e-01 -7.326479356040767506e-04
-9.750993218846208954e-01 2.217434884747192803e-01 -3.341876249915065773e-03
-9.732102152190164057e-01 2.299021478680531583e-01 -2.628654534080757717e-03
-9.739779127373431322e-01 2.266334043560622458e-01 -2.087089869713101321e-03
-9.753466555786456382e-01 2.206069510093183472e-01 -5.612938199434530998e-03
-9.757356270642072449e-01 2.188886507911526613e-01 -5.270207540418924731e-03
-9.764927113820867088e-01 2.154363275538857259e-01 -7.014544729500040397e-03
-9.775318641610697412e-01 2.106352552521984223e-01 -8.017123165327431564e-03
-9.773574855306033093e-01 2.113379242277619308e-01 -1.042390167591124295e-02
-9.769205957459313749e-01 2.132095903932733072e-01 -1.295571749522787114e-02
-9.775929965726043447e-01 2.098830886839385956e-01 -1.615712458478115940e-02
-9.793011665486041073e-01 2.015850867724639228e-01 -1.824030319477920256e-02
-9.803322300176021686e-01 1.963236060041110287e-01 -2.014426171974257468e-02
-9.799736378105883272e-01 1.974929346013567233e-01 -2.546057207850681986e-02
-9.816047491208951259e-01 1.893777507511463232e-01 -2.425313718347116981e-02
-9.827084443264499924e-01 1.836111235405194220e-01 -2.389768581971344480e-02
-9.837793493146583801e-01 1.771529100372135346e-01 -2.819696953133856224e-02
-9.850649094317919241e-01 1.702126815575463192e-01 -2.597687220146557147e-02
-9.852603512951584319e-01 1.689873602031947974e-01 -2.655829261393288093e-02
-9.858228419552073074e-01 1.665333311678618700e-01 -2.049401062423317210e-02
-9.864362271497831847e-01 1.620836618634253490e-01 -2.593235394160665896e-02
-9.868444922149469667e-01 1.592554391201940756e-01 -2.785110418708237889e-02
-9.870356836461607886e-01 1.573722457675749420e-01 -3.153674445898570905e-02
-9.876188088341368854e-01 1.539309262453762706e-01 -3.023886813926215944e-02
-9.881830791645844769e-01 1.500604690361137805e-01 -3.124241463126094243e-02
-9.895022684267141821e-01 1.409310356738689152e-01 -3.199585595836519636e-02
-9.908267592032926618e-01 1.317887426430280340e-01 -2.990135954106123983e-02
-9.910840935894290604e-01 1.299183852868488476e-01 -2.955610484656033543e-02
-9.916912702608465802e-01 1.243428039029627202e-01 -3.297457167928339455e-02
-9.913885009871524767e-01 1.271584180984138557e-01 -3.129868394624583938e-02
-9.918418216264313081e-01 1.235852658565878698e-01 -3.124921973927273847e-02
-9.922105855282022935e-01 1.193812205747077221e-01 -3.558523705512265517e-02
-9.923973804031305246e-01 1.167572317892129063e-01 -3.892581678470205531e-02
-9.931012715442156802e-01 1.100190385534015464e-01 -4.056731040918209324e-02
-9.935488905356625322e-01 1.061432739410816534e-01 -3.992791689447835329e-02
-9.940742965973263789e-01 1.010031740000161549e-01 -4.018311493710378934e-02
-9.943436660647441139e-01 9.427062497061981794e-02 -4.892601097069965849e-02
-9.949802793596161932e-01 8.601315901878761605e-02 -5.114696299233362914e-02
-9.958761992266041974e-01 7.455518394912535873e-02 -5.169286277678308145e-02
-9.966126640505029721e-01 6.417639406047036255e-02 -5.142586879382430448e-02
-9.969329847607211192e-01 5.680683439637509297e-02 -5.382972519867937344e-02
-9.972016708764321891e-01 4.502844588205171666e-02 -5.967662005453392565e-02
-9.975411300276059157e-01 3.720825277653870555e-02 -5.939084224481650659e-02
-9.978003916294616582e-01 2.927591974236039979e-02 -5.947546807788695739e-02
-9.977412799952332101e-01 2.223012088828276930e-02 -6.338921313548341596e-02
-9.981776621481760481e-01 1.180691145003585039e-02 -5.917755939827742950e-02
-9.983541716726335169e-01 7.259225402779928560e-04 -5.734503218553305137e-02
-9.986129121340205916e-01 -7.099673748584615224e-03 -5.217162026702927557e-02
-9.985823167871871187e-01 -1.642555578715081122e-02 -5.063189995307194186e-02
-9.985739996320178724e-01 -2.512168185817729299e-02 -4.710519795046195363e-02
-9.981691510860991601e-01 -3.817219961632295488e-02 -4.691759050107397605e-02
-9.979304532081649803e-01 -4.312683080503772193e-02 -4.769610423687080381e-02
-9.977327420787941437e-01 -4.978318609594967192e-02 -4.528841990404906814e-02
-9.976023869928710708e-01 -5.457792489919274098e-02 -4.255301105577259657e-02
-9.974225288759839270e-01 -5.769739789836275667e-02 -4.265372597630139040e-02
-9.972697075793639510e-01 -6.522133628802878613e-02 -3.463146826438181364e-02
-9.972275961975021197e-01 -6.877105066777791653e-02 -2.841997010684432778e-02
-9.968444489436082412e-01 -7.259270051733869578e-02 -3.211658980236518912e-02
-9.968249667660570301e-01 -7.488066348407196315e-02 -2.707217580364754128e-02
-9.963946496820690335e-01 -7.982738966455797669e-02 -2.872839793482231605e-02
-9.957824992544239695e-01 -8.715585092525060529e-02 -2.865489019064547394e-02
-9.956532395453869810e-01 -9.037844723964957860e-02 -2.250319332229184718e-02
-9.951543477041198127e-01 -9.547574207426204329e-02 -2.349974014330982741e-02
-9.942782507544047910e-01 -1.034798129933237332e-01 -2.650885667262206993e-02
-9.940874153032842608e-01 -1.059032268623035511e-01 -2.397390936356447871e-02
-9.942940400349801200e-01 -1.030647717155438875e-01 -2.751446470635602812e-02
-9.931060392685392424e-01 -1.131766643548304113e-01 -3.051997108488065102e-02
-9.923639766198369960e-01 -1.198830746410828041e-01 -2.901409124722321292e-02
-9.916075419272889491e-01 -1.268307889619442186e-01 -2.506919899583540112e-02
-9.916489979771145880e-01 -1.264385140152232134e-01 -2.540861976200145186e-02
-9.913794641028438326e-01 -1.294032092617161955e-01 -2.053286518799766341e-02
-9.907613337979137569e-01 -1.342587147569406780e-01 -1.914700677821954550e-02
-9.904653846729912781e-01 -1.369674218024622692e-01 -1.477423466565341847e-02
-9.906603056707599109e-01 -1.355161799718101745e-01 -1.508491335296130616e-02
-9.899010848080010971e-01 -1.411186786433019646e-01 -1.346817176565684102e-02
-9.898321027226476554e-01 -1.417591420334465002e-01 -1.169550681516137031e-02
-9.886844013401255848e-01 -1.496185786907662796e-01 -1.083818497952222792e-02
-9.881723490655508479e-01 -1.531425471576831898e-01 -7.924617575762703259e-03
-9.877360231423709669e-01 -1.559926387715472040e-01 -6.623895653669771393e-03
-9.874877740044046837e-01 -1.575924650014773609e-01 -5.704552347533764674e-03
-9.871066038151923294e-01 -1.599325543742020628e-01 -6.493189407263151060e-03
-9.863845371132829998e-01 -1.643580880822298473e-01 -5.656374621688804206e-03
-9.869554677878433768e-01 -1.609925919995749133e-01 -5.663973686933420834e-04
-9.868606573816522953e-01 -1.615651615332444058e-01 -1.665044897909809078e-03
-9.867877505021306339e-01 -1.620023976088433570e-01 -2.278050006786855146e-03
-9.864705256424528557e-01 -1.639034239315020347e-01 -3.405960579567804750e-03
-9.861828335913257471e-01 -1.656314127288704419e-01 -3.112033168769245701e-03
-9.854652847346845324e-01 -1.698727453926570374e-01 -1.205750281968292689e-03
-9.856489793923928211e-01 -1.688069361049655825e-01 -5.819192247959726044e-04
-9.854300104604253319e-01 -1.700659634160886780e-01 -2.300754768563698267e-03
-9.859330761587148384e-01 -1.671303106294140806e-01 1.860002033805775376e-03
-9.864540676134201380e-01 -1.640035053953316502e-01 3.354656019207911000e-03
-9.869814068724511724e-01 -1.607495446135890071e-01 5.226608617379517943e-03
-9.868137443392431818e-01 -1.618332669637418397e-01 2.942575099131831875e-03
-9.869461688413283529e-01 -1.610326002938944623e-01 2.406763209037500982e-03
-9.863798913372688881e-01 -1.644832384273121895e-01 -7.290752106649863590e-05
-9.859080121840674282e-01 -1.672864578231794963e-01 8.146127592030162493e-04
-9.860725554132176995e-01 -1.662589187865264329e-01 4.349535736642656455e-03
-9.858791466417042848e-01 -1.673030314686878850e-01 7.213526480325090952e-03
-9.867866701730150236e-01 -1.617116743803392320e-01 1.007139928186482139e-02
-9.867603875135835256e-01 -1.617033874445670816e-01 1.248932636988236630e-02
-9.874060572550715786e-01 -1.577181547861822020e-01 1.242146915395790120e-02
-9.872270151444830777e-01 -1.586150553127683716e-01 1.497050234408660481e-02
-9.877415210784543653e-01 -1.553350557360229367e-01 1.541879214433104078e-02
-9.883905128504172355e-01 -1.511787344854103876e-01 1.513986434883685464e-02
-9.882235528955858328e-01 -1.517475796258949683e-01 1.967009762104648257e-02
-9.886754522693141922e-01 -1.490277792649458144e-01 1.765225782782122235e-02
-9.889426461225765408e-01 -1.464140338655498530e-01 2.356702455748814484e-02
-9.895063959866450265e-01 -1.424361312504228150e-01 2.427080797557624320e-02
-9.904585055177436148e-01 -1.352543990812337116e-01 2.642399857389902615e-02
-9.911198244112909839e-01 -1.300979864371297201e-01 2.749616216979983152e-02
-9.918005579724719079e-01 -1.254654273253421048e-01 2.429220067926675039e-02
-9.927103707924523901e-01 -1.185107723865649193e-01 2.193963833648264472e-02
-9.934900737363934198e-01 -1.117160975865942596e-01 2.229390313448671376e-02
-9.937458652296424777e-01 -1.079989983361903799e-01 2.837962568228949434e-02
-9.933496269386333788e-01 -1.102769094183425752e-01 3.309914450592994078e-02
-9.945759656719599384e-01 -9.941377318314469080e-02 3.058727634315282218e-02
-9.951109383463484503e-01 -9.504049279631798797e-02 2.686180050183274715e-02
-9.953779218568656884e-01 -9.158904865442754617e-02 2.888373499758188634e-02
-9.961955425497708294e-01 -8.156378536615956076e-02 3.068910869071222319e-02
-9.967192484044514744e-01 -7.575081598364119539e-02 2.850587912905106977e-02
-9.971768814639896394e-01 -7.026252614322653356e-02 2.648538920770885166e-02
-9.972646623512282371e-01 -6.732176394093204730e-02 3.051237025733886943e-02
-9.977170911204819026e-01 -5.936344502392559147e-02 3.219656783475528805e-02
-9.976004438202304980e-01 -6.090364175573709932e-02 3.292616586596693040e-02
-9.980147494451836465e-01 -5.644449961840659891e-02 2.793939398613009759e-02
-9.983934345504554830e-01 -5.014637985703188083e-02 2.638033037243087825e-02
-9.984732924615145055e-01 -5.097848701642870850e-02 2.126757024924946088e-02
-9.986573910481839622e-01 -4.868201725597039176e-02 1.770615370141107384e-02
-9.987659872215804979e-01 -4.504762483919445837e-02 2.091042009194676518e-02
-9.989003803328245779e-01 -4.414354277703959328e-02 1.579269462069095298e-02
-9.991634449106008287e-01 -3.487137200732127323e-02 2.136421004593279382e-02
-9.990404246410790057e-01 -3.624333709317891644e-02 2.459028511223043667e-02
-9.991666462949903016e-01 -3.208929430583857406e-02 2.522542001293230987e-02
-9.992577682712278087e-01 -3.110348906023658808e-02 2.272701484814348971e-02
-9.993239315034763148e-01 -3.036619789824901439e-02 2.072692993761605235e-02
-9.995061676403081963e-01 -2.289521653980985255e-02 2.152351391078890369e-02
-9.996241543750796765e-01 -1.880089225603084543e-02 1.995264824435976497e-02
-9.995599699355245393e-01 -2.048424044409498032e-02 2.145446604683529102e-02
-9.996047157054531729e-01 -2.141242616483922390e-02 1.821955210349974694e-02
-9.996819608870347595e-01 -1.943065514593853016e-02 1.607664189883279207e-02
-9.996480295076551892e-01 -1.741731774659023221e-02 2.001214413134592973e-02
-9.996980308110365865e-01 -1.282243790173550994e-02 2.096339786847091838e-02
-9.996934837522691852e-01 -1.115180687812475369e-02 2.210446855841223177e-02
-9.997960002564021398e-01 -4.947575835947156178e-03 1.958343910474522748e-02
-9.997486374571095125e-01 -1.535526913971109464e-03 2.236818853497262241e-02
-9.997291283645598492e-01 5.917064441570988632e-03 2.250977681671026756e-02
-9.997383600480460597e-01 1.137027361103124315e-02 1.984842727900437698e-02
-9.998378759583410602e-01 8.022647143156001748e-03 1.612112859347612087e-02
-9.998112654529098808e-01 1.190691971998647167e-02 1.535221684310572425e-02
-9.997239111141810186e-01 1.934590129234478942e-02 1.333676532861123240e-02
-9.996671550880450452e-01 2.440988850212065520e-02 8.352718136418977105e-03
-9.996970092013982567e-01 2.388826737171375822e-02 5.939023987818713851e-03
-9.997118821480103223e-01 2.366823851506310097e-02 3.999839296090620597e-03
-9.997432035135684902e-01 2.202776916259190434e-02 5.323151527142667983e-03
-9.996528494865760672e-01 2.509816602572640526e-02 8.018362361475472183e-03
-9.994150003696419260e-01 3.260039760523242985e-02 1.033938275934665613e-02
-9.993339528732397836e-01 3.468653384826220903e-02 1.133696348297127260e-02
-9.994023034029116959e-01 3.300891673247428881e-02 1.027030320500256846e-02
-9.994404930543024923e-01 3.319779717717074446e-02 4.079081780726883343e-03
-9.995909636720106128e-01 2.825068043912153798e-02 4.453784484100398351e-03
-9.994335368731311897e-01 3.363752709388963258e-02 1.074186234601597241e-03
-9.993336318573334820e-01 3.650024651566443484e-02 2.365525041348051985e-04
-9.994308174521601140e-01 3.360820798496490236e-02 2.925950030376463142e-03
-9.994485472847589591e-01 3.305661978852977162e-02 3.145301019875289435e-03
-9.994539276964188312e-01 3.294152416392593513e-02 2.595014152168707410e-03
-9.994519145226031798e-01 3.294038576481001651e-02 3.291389331476085329e-03
-9.995703728263602983e-01 2.922656256058711946e-02 2.215743196919637333e-03
-9.995295209780218348e-01 3.060705613493602817e-02 1.994120138754893259e-03
-9.995275606104171429e-01 3.060665785196274233e-02 2.814210908862607285e-03
-9.994041025413977763e-01 3.449367358535775779e-02 1.287618903118260870e-03
-9.992454544607914935e-01 3.883277539169938120e-02 7.542735378762763622e-04
-9.992571051886576239e-01 3.849917321083006633e-02 -1.755858708940534214e-03
-9.993356922010997456e-01 3.634002753171162309e-02 -2.758322404163277616e-03
-9.992614593759003849e-01 3.840429939856255387e-02 -1.295100010175697942e-03
-9.992238512580404741e-01 3.934468949344412797e-02 -1.929293083193047396e-03
-9.993029536870713381e-01 3.614760692159048328e-02 -9.326797076641198114e-03
-9.993785521039619812e-01 3.383827763613150158e-02 -9.874839243344564824e-03
-9.995955380726997408e-01 2.741302775258704777e-02 -7.570859706615590788e-03
-9.996555222642453664e-01 2.592672543160423268e-02 -4.083313126224600957e-03
-9.997256569418863092e-01 2.203171508318739827e-02 -7.952749986178089120e-03
-9.996133220401808295e-01 2.472548567806402350e-02 -1.272354214589521346e-02
-9.997680394055553643e-01 1.848865504657196124e-02 -1.104847020573051369e-02
-9.997458810818957708e-01 1.494992407273855635e-02 -1.687319995123819777e-02
-9.998073712711039729e-01 8.092987242029012554e-03 -1.788171738423761925e-02
-9.997299635537373330e-01 8.921887936352101631e-03 -2.145767441714579310e-02
-9.997461714611458605e-01 8.334384127118824384e-03 -2.093233367196109529e-02
-9.998412406836199029e-01 4.128453040096579513e-03 -1.733439174104590280e-02
-9.998080180861803612e-01 5.414788173633291145e-03 -1.883185790406511836e-02
-9.998541108412983824e-01 1.033470711584070709e-02 -1.360083794586018635e-02
-9.998937231769189360e-01 7.774397364273509525e-03 -1.233422085071490988e-02
-9.998901566629945226e-01 7.338567473813921958e-03 -1.287835178779416639e-02
-9.999205356850172643e-01 2.688025003876311735e-03 -1.231782130472582580e-02
-9.999707007459652797e-01 3.625499680300456502e-04 -7.648399125554677068e-03
-9.999749810994288390e-01 -2.017114471677400669e-03 -6.782345671942272176e-03
-9.999812731712393044e-01 -4.095862237654420909e-03 -4.550710530981493494e-03
-9.999770636463680695e-01 -2.150969668799458927e-03 -6.424735993971580385e-03
-9.999380994646386300e-01 1.142263169203800843e-03 -1.106906231770985252e-02
-9.999415742203267010e-01 1.919334253961142234e-03 -1.063935952137186162e-02
-9.999205852073669298e-01 -1.788142452984316016e-03 -1.247627982758662060e-02
-9.998716822910203028e-01 -1.136709128002309343e-03 -1.597994295432950129e-02
-9.999243819491406837e-01 -1.976339613793738625e-03 -1.213903605196384877e-02
-9.999401047209969251e-01 -5.497249613929675385e-03 -9.465670233637700146e-03
-9.999184816264409248e-01 -5.242766399212086398e-03 -1.164367660065050887e-02
-9.998864023522446853e-01 -9.348378542715493275e-03 -1.182463168616931098e-02
-9.998832062070015514e-01 -7.924623646782855135e-03 -1.306927639366576265e-02
-9.997778026137925655e-01 -1.086580593867329629e-02 -1.806409529523331225e-02
-9.997296659101638783e-01 -1.584487743844311541e-02 -1.701666116529334735e-02
-9.996852245946827864e-01 -1.616014527973197445e-02 -1.919200976960450458e-02
-9.996136432389912674e-01 -2.075009325988513842e-02 -1.849404376415495627e-02
-9.996392636907077689e-01 -2.226388698347223777e-02 -1.502310192333275278e-02
-9.996980745711709915e-01 -2.052989749768433653e-02 -1.350240003864308473e-02
-9.998011949766274498e-01 -1.874144000757678105e-02 -6.808882302658744896e-03
-9.998680954417612510e-01 -1.328751219254731449e-02 -9.341602268068533582e-03
-9.999498771421759802e-01 -8.351867147566079813e-03 -5.524621410671328933e-03
-9.999437179434597089e-01 -9.096182577086929857e-03 -5.463728658389135906e-03
-9.999479541641038693e-01 -6.423568596335377939e-03 -7.928341082988411490e-03
-9.999514818539925187e-01 -3.858179191505072426e-03 -9.065331603662480503e-03
-9.998975909121406991e-01 -2.110394231262637324e-03 -1.415576638956850611e-02
-9.998492790422731646e-01 -3.711512755649896099e-03 -1.696100497162852938e-02
-9.997952675659602662e-01 -6.885576736160069558e-03 -1.902744521996835650e-02
-9.997498240650308787e-01 -6.163177538607716305e-03 -2.150200892149593812e-02
-9.996817146118144315e-01 -1.282144295466809344e-02 -2.172813716282904692e-02
-9.995398850343995001e-01 -1.897942816333879693e-02 -2.366075867866411497e-02
-9.993197596877273492e-01 -2.485878971831740475e-02 -2.724133850545202434e-02
-9.991580892958559224e-01 -2.615031285046566512e-02 -3.161179886872120259e-02
-9.990635787486813468e-01 -3.268150983720511521e-02 -2.835342222027229658e-02
-9.988424369981471207e-01 -3.902840083304150165e-02 -2.811764541207413884e-02
-9.988249574559470156e-01 -4.077262470285800827e-02 -2.619788994833624138e-02
-9.984307295539515126e-01 -4.449809355263734112e-02 -3.400044287047030572e-02
-9.982430274502657186e-01 -5.037797967363859264e-02 -3.119213503412895938e-02
-9.982237327971551499e-01 -5.036342191728999940e-02 -3.182667105827131221e-02
-9.976147801353421052e-01 -6.116286864473939600e-02 -3.199821785708828470e-02
-9.971365747446909733e-01 -6.735482446865599659e-02 -3.438038626835634298e-02
-9.967921877046593826e-01 -7.098340504563327436e-02 -3.696921437013770545e-02
-9.967522017552138403e-01 -7.506974411977831996e-02 -2.914813372915409442e-02
-9.964954901069345006e-01 -7.873606641769285985e-02 -2.823830594133413738e-02
-9.960390699881359611e-01 -8.430610639604245449e-02 -2.826098659351863190e-02
-9.959305695310606277e-01 -8.652676262619408976e-02 -2.520817120905327613e-02
-9.956740062580815565e-01 -8.980509631452056329e-02 -2.384008736143047869e-02
-9.955126925971425900e-01 -9.213212994663529110e-02 -2.159123168695951944e-02
-9.955943425272836267e-01 -9.157546576031619368e-02 -2.014623991152957039e-02
-9.955640867155929330e-01 -9.249816979862379718e-02 -1.721248369513062731e-02
-9.950535867030656512e-01 -9.753937513341713605e-02 -1.882715416147359364e-02
-9.948360943517932098e-01 -9.936116864631194812e-02 -2.070109689695841249e-02
-9.949339413958749878e-01 -9.839408900958290793e-02 -2.061764727652760920e-02
-9.942177937654946840e-01 -1.057278421965515414e-01 -1.877854548804571561e-02
-9.937516959415851892e-01 -1.093220854846238405e-01 -2.250067401618214072e-02
-9.942309573208937268e-01 -1.045532927196790723e-01 -2.394669848084673980e-02
-9.943925331017477998e-01 -1.033254556369270494e-01 -2.252492431261923778e-02
-9.949655160392922859e-01 -9.789290312157063190e-02 -2.146237024176242056e-02
-9.944247332837565789e-01 -1.022741053353757035e-01 -2.568052284284305653e-02
-9.937376074438100115e-01 -1.089262872093137852e-01 -2.491311927824901851e-02
-9.931160249700378140e-01 -1.151967551747811319e-01 -2.122028528364015842e-02
-9.924686763875779638e-01 -1.201177953023097045e-01 -2.403484238052642358e-02
-9.922853111363251211e-01 -1.220012453242834416e-01 -2.203609386095127173e-02
-9.915377348431005933e-01 -1.288497270409466045e-01 -1.583351050989599204e-02
-9.917547652321926366e-01 -1.276542066099923822e-01 -1.126592446884313453e-02
-9.917726889703790683e-01 -1.278087690165086443e-01 -7.203045929946289179e-03
-9.910110796701391278e-01 -1.337762331723962028e-01 -9.955631002690999709e-04
-9.907035961937977753e-01 -1.359968252421655810e-01 -3.358539145651449030e-03
-9.901023767591111691e-01 -1.402812959217172861e-01 -4.298064188356071069e-03
-9.903627038217285294e-01 -1.383416540800592454e-01 -6.582811328976244727e-03
-9.902193570789048493e-01 -1.393995748770153753e-01 -5.780584957576050641e-03
-9.905045564368797351e-01 -1.374268884146639669e-01 -3.821755357689918513e-03
-9.900623799560482885e-01 -1.406167691663971209e-01 -1.854673066171310877e-03
-9.906486569236104822e-01 -1.364370132656807788e-01 4.602102016893739288e-04
-9.905147883086599103e-01 -1.373894050889557239e-01 -2.153458034464301226e-03
-9.903496519971725087e-01 -1.384828184326966916e-01 -5.487045767044999856e-03
-9.902115026590737612e-01 -1.395751117288875631e-01 8.792394609715217801e-06
-9.900175851719318354e-01 -1.407458546152354495e-01 7.471100519851962309e-03
-9.895546094260070369e-01 -1.440977007866669490e-01 4.190415655919595833e-03
-9.897792619027282468e-01 -1.424410021209389088e-01 6.899684663103781632e-03
-9.894265082956755775e-01 -1.446598950790202454e-01 1.042743844945627323e-02
-9.890423050234985469e-01 -1.468552458455918142e-01 1.512903096680175835e-02
-9.895525459219395303e-01 -1.433499493189874796e-01 1.538124938522373274e-02
-9.904441291702076322e-01 -1.372751076715504059e-01 1.326663435259023242e-02
-9.910851819219194114e-01 -1.328360153198554494e-01 1.023654470090320373e-02
-9.914605493396008162e-01 -1.297538906315605922e-01 1.303605237541650280e-02
-9.915748196354833288e-01 -1.288921726524450972e-01 1.289250115875610440e-02
-9.916030396032011751e-01 -1.287370820035832752e-01 1.225590713091228266e-02
-9.921708929080580441e-01 -1.245068440186695852e-01 9.746625391752056222e-03
-9.927936406446823403e-01 -1.193892115612394667e-01 1.034576912803549312e-02
-9.936798067962328007e-01 -1.110101633529999299e-01 1.664984605362011469e-02
-9.932990449965689583e-01 -1.148838730108376893e-01 1.259901503167831782e-02
-9.935395333124478201e-01 -1.124149679614481340e-01 1.555966021679045137e-02
-9.940168981229426937e-01 -1.082533296772505843e-01 1.454837200155968679e-02
-9.944649768152917790e-01 -1.035123159454693076e-01 1.801784560296812790e-02
-9.944573246805494815e-01 -1.030361338266985727e-01 2.093363216440147223e-02
-9.946594605705679770e-01 -9.982229089657862486e-02 2.623166693220525814e-02
-9.952880464687305917e-01 -9.445481257477730819e-02 2.190948097704182793e-02
-9.952631303305573551e-01 -9.423035195833032174e-02 2.391599048249786960e-02
-9.955100203620016464e-01 -9.288153562101043870e-02 1.824423444212313131e-02
-9.957586562402104269e-01 -9.019885308159553139e-02 1.813554010519350876e-02
-9.961406996597557129e-01 -8.543567936305299093e-02 2.011177735212190537e-02
-9.961190102210187858e-01 -8.517515211459729396e-02 2.218430438213095379e-02
-9.964412546609503485e-01 -8.180555845812352567e-02 2.031524062580949974e-02
-9.971385343182486150e-01 -7.392225909628528935e-02 1.582008140547275926e-02
-9.974549851624618935e-01 -6.994635584931044314e-02 1.382359618247553518e-02
-9.978099371048814170e-01 -6.412636186681554273e-02 1.622255216701136774e-02
-9.976771900044022479e-01 -6.412348441825724277e-02 2.298772287693364932e-02
-9.976853455534312465e-01 -6.230027363272112179e-02 2.725177678776633666e-02
-9.979111686825996586e-01 -5.991241421583053811e-02 2.416266135850311803e-02
-9.983042930525192205e-01 -5.239388553269139215e-02 2.536634563041205784e-02
-9.982728268957206108e-01 -4.870049730515887965e-02 3.285813554190419872e-02
-9.986693636793606554e-01 -4.285089496865634312e-02 2.869381741131999883e-02
-9.988255167450628136e-01 -3.945177886602697914e-02 2.812786039885215028e-02
-9.992446442344627977e-01 -3.240809103038749805e-02 2.144500592122232027e-02
-9.993495545658240831e-01 -3.036889113101308782e-02 1.944813358665663586e-02
-9.991745276007988341e-01 -3.141347506639600301e-02 2.575827333045192444e-02
-9.992959488081862851e-01 -2.547268442939398803e-02 2.754597530541258096e-02
-9.994742304456804005e-01 -2.289801472831013568e-02 2.295594238260525652e-02
-9.994564367496374668e-01 -2.231759896568339882e-02 2.426494421511586272e-02
-9.996162268526967987e-01 -1.644642732954870387e-02 2.229227836757807432e-02
-9.995209319262446934e-01 -1.963655292476315650e-02 2.392371352334391604e-02
-9.995533333602903969e-01 -1.937146234827865493e-02 2.275767677148460288e-02
-9.996732660794708236e-01 -1.477363768484184908e-02 2.085982495115072666e-02
-9.997314099033539625e-01 -1.361644478179726246e-02 1.875452086052610545e-02
-9.997863097039958458e-01 -9.653365699441420270e-03 1.828056380057384647e-02
-9.997114345889731579e-01 -1.121463908870190540e-02 2.124408067073714837e-02
-9.998209690719703779e-01 -7.121518720905863076e-03 1.753126745725883118e-02
-9.998653882964707584e-01 -7.181584544319995732e-03 1.475336240606167464e-02
-9.998746739145255580e-01 -5.207585817105508941e-04 1.582393320376980148e-02
-9.999229012913918302e-01 5.475922276408773728e-03 1.114617587387617750e-02
-9.999027993328669650e-01 3.927833082158853871e-03 1.337891948308270879e-02
-9.999437082468787263e-01 9.660711739995478733e-03 4.391164085815663087e-03
-9.999911005807904374e-01 3.924636532858031580e-03 1.558025710556667533e-03
-9.999796565281421357e-01 5.470704527123811459e-03 -3.284705523545657958e-03
-9.999976483696889629e-01 -1.624550437986137588e-04 -2.169833972266444790e-03
-9.999905636233720196e-01 1.482622950392334989e-03 -4.087271802740353316e-03
-9.999845134638135624e-01 5.446273838154025090e-03 1.158599023885761164e-03
-9.998873182378263946e-01 1.362003596797882986e-02 6.314842030571424930e-03
-9.999468079189463010e-01 1.004264093400463777e-02 2.357663111382624771e-03
-9.998169082785589579e-01 1.642178891139068828e-02 9.823794807245338559e-03
-9.997726109823932283e-01 1.863508324277240655e-02 1.036784364734379127e-02
-9.998054085384548983e-01 1.716095226317341724e-02 9.730311424427009331e-03
-9.998025235877402439e-01 1.751843335478583952e-02 9.383523100614939508e-03
-9.997479357709735392e-01 1.933302490798524328e-02 1.141627278803487161e-02
-9.997756354219944352e-01 1.717691893314351320e-02 1.239614749716785001e-02
-9.996795154738400413e-01 2.142774250183975687e-02 1.348148431497145014e-02
-9.995484458146445261e-01 2.738008526210646693e-02 1.238012875302500586e-02
-9.995508448926766487e-01 2.915738336124663183e-02 6.927307037001277645e-03
-9.995343489085068978e-01 3.050059602162340927e-02 9.116640801217568493e-04
-9.994764450678460532e-01 3.177592480134336372e-02 6.095782166732240971e-03
-9.994710728060202110e-01 3.129759768026520866e-02 8.835564852433945224e-03
-9.994166660911704136e-01 3.272278351797772850e-02 9.776460760625292623e-03
-9.991901795243240958e-01 3.914238675581915156e-02 9.321527908413385771e-03
-9.993999411290347412e-01 3.379993634038917782e-02 7.573256997118099458e-03
-9.992146433776594172e-01 3.893098155858831788e-02 7.382911228271065059e-03
-9.992128586437563076e-01 3.957995592122725420e-02 2.668792280142030793e-03
-9.991948561805347184e-01 3.925675711710316373e-02 8.281224525582563806e-03
-9.991212596759999620e-01 4.052301224961423615e-02 1.070636448655897660e-02
-9.992755479461419288e-01 3.768527331389157076e-02 5.313361578005934734e-03
-9.992776391437566685e-01 3.771213477942900183e-02 4.693309806596780362e-03
-9.991892002383874205e-01 3.985463824281963718e-02 5.708092865771768193e-03
-9.991547202655243209e-01 4.102044621177996370e-02 2.683344839833137763e-03
-9.991996940653763426e-01 3.989827550775845721e-02 -2.851570025980389167e-03
-9.993033886305321412e-01 3.727420709462875986e-02 -1.844832138692926527e-03
-9.993105723451508604e-01 3.621652558155421392e-02 -8.171645952366518931e-03
-9.992528159439223456e-01 3.768733560499187146e-02 -8.573627067372687621e-03
-9.994372980047198096e-01 3.313042237454226491e-02 -5.243555434470383719e-03
-9.995065849813951075e-01 3.130463015237075486e-02 -2.576645235602787517e-03
-9.996154989388477130e-01 2.772681702984731295e-02 -3.320602057519383976e-04
-9.994930246136406460e-01 3.183851467624108228e-02 1.873328509757284837e-04
-9.993773569403775481e-01 3.507714503645566195e-02 3.811137322837483774e-03
-9.996088729346441770e-01 2.720203241955728921e-02 6.494833459320253910e-03
-9.996173293998867893e-01 2.595453390648794212e-02 9.570224425498471965e-03
-9.995583907848479832e-01 2.816278355435472558e-02 9.482262106021868350e-03
-9.994447428579193993e-01 3.193962793427707753e-02 9.492017797621132499e-03
-9.993553307660657525e-01 3.463525742790349998e-02 9.452728311098694200e-03
-9.992321852186064612e-01 3.870972226836439517e-02 6.052243157318891974e-03
-9.993953272655716757e-01 3.475591338856331980e-02 -1.019206776537101046e-03
-9.995396404342232755e-01 2.913700284269105448e-02 -8.460206649652550134e-03
-9.994416219539177249e-01 3.048749978034966807e-02 -1.367440986482121312e-02
-9.995582458401477410e-01 2.530046014499574142e-02 -1.559592098205185746e-02
-9.995692590448989057e-01 2.042849622385155620e-02 -2.107145056015967063e-02
-9.995345908412651692e-01 1.468669504967002291e-02 -2.673829040712698973e-02
-9.996225241804272965e-01 1.192693896778484683e-02 -2.475057038283686936e-02
-9.995989853534072989e-01 6.254897630456827951e-03 -2.761844144351635957e-02
-9.996515725084269555e-01 3.246444695217836664e-03 -2.619594856746872494e-02
-9.997048768669068997e-01 -1.554040953257883675e-03 -2.424412478508230009e-02
-9.996842818837251565e-01 -5.327761604045477134e-03 -2.455575251056603403e-02
-9.997188281940017074e-01 -1.077616392133892362e-02 -2.112278920413591943e-02
-9.996146461037885844e-01 -1.316980781117855701e-02 -2.443662968476107561e-02
-9.995450389736121322e-01 -1.937010061723148935e-02 -2.312028645810078331e-02
-9.994990143861132159e-01 -2.031705301141637637e-02 -2.426872445858790917e-02
-9.995534144513584796e-01 -2.282510250456342218e-02 -1.928781187568358313e-02
-9.995219042015340838e-01 -2.731800607997621547e-02 -1.448180913877972209e-02
-9.993006129286824413e-01 -3.481688384025015404e-02 -1.364194984433133272e-02
-9.989192224324432434e-01 -4.574787507528435548e-02 -8.218991864285381255e-03
-9.990865540451040472e-01 -4.266631708970268499e-02 -2.382409038502849609e-03
-9.989582498418585477e-01 -4.544221403514932950e-02 -4.177708480838470198e-03
-9.988645315746569331e-01 -4.749889648195183139e-02 -3.679046666664344874e-03
-9.985812679300621886e-01 -5.318345101956790943e-02 -2.646667850897695302e-03
-9.987457693922254798e-01 -5.006214672146268307e-02 8.382397181410936385e-04
-9.984959852741447373e-01 -5.456475266348941033e-02 5.337425662428782643e-03
-9.985972091384635041e-01 -5.261907338861908368e-02 5.905927110824209236e-03
-9.986730459038770658e-01 -5.137065138597737141e-02 3.638203530744895959e-03
-9.985144551979221461e-01 -5.441085658096985606e-02 2.893859926757382135e-03
-9.987722390376602144e-01 -4.909618270852392913e-02 6.603978034449215981e-03
-9.986202486243950238e-01 -5.125217745874977721e-02 1.143881614959145476e-02
-9.984269186563182741e-01 -5.503160333707694807e-02 1.073517201818981193e-02
-9.987986905959042039e-01 -4.722529726057676097e-02 1.307593977700471227e-02
-9.988590718475246488e-01 -4.658191929601677300e-02 1.052200610912318660e-02
-9.988341703578255126e-01 -4.682472090885136939e-02 1.173792434067160405e-02
-9.991984809276706070e-01 -3.796723864535279935e-02 1.268533680107456971e-02
-9.991892885073465624e-01 -3.666772271358518381e-02 1.662158661965599735e-02
-9.991154397421768696e-01 -4.096867283855731151e-02 9.483633710494196456e-03
-9.994233934943617115e-01 -3.274197708713438848e-02 8.993155598833312003e-03
-9.994273824886034108e-01 -3.355085067081090694e-02 4.391008665182064875e-03
-9.995680596317304545e-01 -2.925442471191936483e-02 2.811788442693996873e-03
-9.995406311726705573e-01 -3.017195768747812923e-02 2.865826139351732114e-03
-9.997082910888666074e-01 -2.386411415888338786e-02 3.724269623818946690e-03
-9.997792408731820402e-01 -2.036482612806991485e-02 5.174630616960534252e-03
-9.997619162088688949e-01 -1.704534702136675101e-02 1.362353645073485602e-02
-9.997249229636522294e-01 -1.868007893052411536e-02 1.418332673478092318e-02
-9.998524145078623304e-01 -1.175601993292599116e-02 1.252912022172990303e-02
-9.999053697520559059e-01 -8.043075661403059282e-03 1.116217315890761716e-02
-9.998795811491100194e-01 -1.590438551810772864e-03 1.543785840120947758e-02
-9.998882881717263693e-01 -2.443665494481083063e-03 1.474698082947301613e-02
-9.998264063701154392e-01 4.728007942861366456e-03 1.802323450507082453e-02
-9.998151046794558905e-01 8.487543249272035475e-03 1.725549064996481641e-02
-9.999176283981656699e-01 8.038849196391532198e-03 1.000736125573356040e-02
-9.999108036479635864e-01 6.071652176039751651e-03 1.189763487777369469e-02
-9.999483490249824191e-01 4.266519272782364272e-03 9.226595070065750706e-03
-9.998813529348362650e-01 9.000171825513826954e-03 1.250244369613299350e-02
-9.999047989985645479e-01 4.086049033736771641e-03 1.318071545685974011e-02
-9.998640379761527530e-01 8.601566226993786340e-03 1.406956826801187069e-02
-9.998770887877820313e-01 8.185247624927866061e-03 1.337322592310534811e-02
-9.998404468013168955e-01 9.643207119642491221e-03 1.503740823249130783e-02
-9.997949023790229095e-01 1.387926432633443050e-02 1.474968977722528572e-02
-9.997115600807267022e-01 2.132665440967906195e-02 1.104555005036707803e-02
-9.997233128358071763e-01 2.292212650730633336e-02 5.282764602170913516e-03
-9.996784338706449224e-01 2.447561194294355785e-02 6.633776895616415314e-03
-9.996805414963306768e-01 2.346680863522748045e-02 9.389225395270213437e-03
-9.996654050287858695e-01 2.402707901908395297e-02 9.581814570022564870e-03
-9.995399272374289046e-01 2.838983427758292460e-02 1.067637029869671940e-02
-9.994928579556068282e-01 2.926794982512907414e-02 1.254781777957475648e-02
-9.994493240299866521e-01 3.148374911831885309e-02 1.048121821736013037e-02
-9.994011558145226015e-01 3.336740589945594304e-02 9.164041885700205392e-03
-9.993715203489518251e-01 3.356981624790217333e-02 1.138707351183650823e-02
-9.995020260719162941e-01 3.088218428087128806e-02 6.482618486547960662e-03
-9.994001060528109326e-01 3.357505501911729751e-02 8.495735505700135332e-03
-9.992492841070230725e-01 3.760573054698375384e-02 9.311879486541725648e-03
-9.992455583513341066e-01 3.811988588687549584e-02 7.431169131527415317e-03
-9.989649458804490401e-01 4.546527929671374119e-02 1.406695948145963125e-03
-9.990240632875889704e-01 4.416709072504986650e-02 -4.717949726177307016e-04
-9.989170625816436999e-01 4.593496735392471608e-02 7.396923464522493080e-03
-9.986448737821107535e-01 5.190741626332224384e-02 3.750950914285064615e-03
-9.985998151432070591e-01 5.263531268387658391e-02 5.288335939810144548e-03
-9.986762197329638324e-01 5.108769575421617803e-02 5.990736241773950664e-03
-9.984199880393278548e-01 5.608764698585508301e-02 3.425903604315322717e-03
-9.982064941177588580e-01 5.982557045050680700e-02 2.174777829142585019e-03
-9.983452982369723783e-01 5.747836910177715752e-02 1.713482830308892283e-03
-9.984442453066425527e-01 5.565231646913966490e-02 -3.455751972754269458e-03
-9.986163826094763829e-01 5.251784804548344232e-02 -2.688782260765650196e-03
-9.987358263201019382e-01 5.007264165854406757e-02 4.417386368150408305e-03
-9.986321010387447794e-01 5.203425764204836629e-02 5.137736255600251420e-03
-9.985276013195858447e-01 5.355383064413021116e-02 8.640034643534045058e-03
-9.981977833772607278e-01 5.887502162777005082e-02 1.161683371342711081e-02
-9.986015185247077985e-01 5.203179458550365871e-02 9.366612101831947243e-03
-9.988599047634911798e-01 4.702558424950008947e-02 8.216992272741179687e-03
-9.988618631976408091e-01 4.736331074853997181e-02 5.632843776125979682e-03
-9.988051798546164761e-01 4.874552473846019418e-02 3.481433334439383229e-03
-9.987534358597148776e-01 4.985650585018245456e-02 2.436604929055480318e-03
-9.987765352843079869e-01 4.932566560861441352e-02 3.527766330628173165e-03
-9.987327099955615184e-01 5.028844581198672198e-02 -2.019920562911856586e-03
-9.986067940961820266e-01 5.234974355185037509e-02 -6.633927538619063813e-03
-9.987142733296489050e-01 4.984550757315586028e-02 -9.233609990168985260e-03
-9.985830893696125976e-01 5.267607660790922519e-02 -7.555033352010839809e-03
-9.986732881474238432e-01 5.128020387986922946e-02 -4.694483093654075109e-03
-9.985675314969086891e-01 5.309828574206319762e-02 -6.594771059454929835e-03
-9.988041128437770144e-01 4.812474214870053613e-02 -8.624809850439608266e-03
-9.987372176899751430e-01 4.948550072948744438e-02 -8.671170824919742504e-03
-9.988911802048157096e-01 4.692840971994934746e-02 -3.764091262916399380e-03
-9.991362612407796995e-01 4.103646941923000391e-02 -6.540160696662314366e-03
-9.989163381717190981e-01 4.490931675571882553e-02 -1.222033259355908945e-02
-9.989333765255041797e-01 4.340913210015918955e-02 -1.574136221139391112e-02
-9.990669032491807933e-01 3.981127707740349936e-02 -1.674571735641600806e-02
-9.990470172628054257e-01 3.622893197664638770e-02 -2.434247276283356756e-02
-9.994640910203075324e-01 2.702093842470766616e-02 -1.847792058088355144e-02
-9.993090137648596993e-01 2.980561180224404819e-02 -2.220707943514689531e-02
-9.991691825029204166e-01 3.255238521599675139e-02 -2.452184338631633806e-02
-9.993297296935810259e-01 2.856317779901296899e-02 -2.289694291216906943e-02
-9.993943244233363110e-01 2.100555473809560814e-02 -2.774500111219343340e-02
-9.994774744427448177e-01 1.771196714483840376e-02 -2.703883109338695717e-02
-9.994269175560639429e-01 1.869697548185040789e-02 -2.821867563367469120e-02
-9.994451051669114294e-01 1.074044858504060070e-02 -3.153028605001868129e-02
-9.994508949998812675e-01 1.222332600505708980e-03 -3.311267002023513678e-02
-9.993906209422563913e-01 -3.331583882034799306e-03 -3.474653789377152996e-02
