1.000000000000000000e+00 0.000000000000000000e+00 0.000000000000000000e+00
9.999657373189093645e-01 2.678051235781329226e-03 -7.832775381839055320e-03
9.998279383452204350e-01 1.215868417197991068e-02 -1.400931444006308681e-02
9.995700559686463427e-01 1.854375490932677617e-02 -2.271196971454995592e-02
9.990348242546451818e-01 2.723607836030460250e-02 -3.446183508778675325e-02
9.986159036059197858e-01 3.022657917706600070e-02 -4.304222692024609054e-02
9.977997049495324067e-01 4.387285708460035571e-02 -4.970839162503616626e-02
9.966435238153982246e-01 5.476969407894424768e-02 -6.084382008111145768e-02
9.958124715918071912e-01 6.495974342009580571e-02 -6.432539745558407684e-02
9.951858581535092396e-01 7.339413375626320513e-02 -6.494930688877086078e-02
9.944226736743584372e-01 8.047727929348209852e-02 -6.816859503970308654e-02
9.928178290052187549e-01 9.080335096637409675e-02 -7.789425544054955075e-02
9.909218931947032516e-01 1.067841052370139682e-01 -8.167595903433121085e-02
9.890680037172711048e-01 1.181572161061900800e-01 -8.822336884481501995e-02
9.873383686614295440e-01 1.281173812996910799e-01 -9.353549695502812178e-02
9.848872251496773034e-01 1.424576115279498623e-01 -9.850375598090450879e-02
9.821964126362143777e-01 1.552942160103537306e-01 -1.057067715167541166e-01
9.788516854248946464e-01 1.739807114033282420e-01 -1.076108647521203110e-01
9.747607661722268446e-01 1.939518363997109474e-01 -1.105628443059286925e-01
9.704457113227662468e-01 2.136179372989363001e-01 -1.122608886447084287e-01
9.651929330709297927e-01 2.331393240503909225e-01 -1.185270743595788212e-01
9.592551260188281192e-01 2.521210051662302609e-01 -1.275327898791386305e-01
9.538581539635933026e-01 2.704872302757246882e-01 -1.303506479060990708e-01
9.460620464514400973e-01 2.931019526739395142e-01 -1.380502195705303747e-01
9.390010213908586145e-01 3.141396423903840551e-01 -1.399763577898095190e-01
9.316393110175724690e-01 3.316652401011187523e-01 -1.484802295506797154e-01
9.247828560514006480e-01 3.509829335635155645e-01 -1.469274142063705657e-01
9.144157772508306747e-01 3.755229743325705916e-01 -1.510837461854697417e-01
9.037378386538303943e-01 3.967570088957783625e-01 -1.607538869940912385e-01
8.942688369388618330e-01 4.178329663078746425e-01 -1.603086920760886380e-01
8.852193383203939003e-01 4.349546329743207429e-01 -1.649278875598366723e-01
8.700344227300961242e-01 4.632210476538768940e-01 -1.687198356287741841e-01
8.588909290137243246e-01 4.828342100819660865e-01 -1.708142751982797414e-01
8.472557777228774123e-01 5.015641744676977432e-01 -1.749029597250987556e-01
8.308414180662322401e-01 5.269657293517211460e-01 -1.789124881430678160e-01
8.148693142770087050e-01 5.508218345531894489e-01 -1.805085257991315417e-01
7.990108212502322615e-01 5.732248160839749085e-01 -1.816453648545500177e-01
7.832313202706746580e-01 5.942023444159989509e-01 -1.829543495377252138e-01
7.615156996046915650e-01 6.199446914551386412e-01 -1.891095987094381092e-01
7.372867140174836909e-01 6.487778254651581644e-01 -1.884029078062345597e-01
7.136477485358520001e-01 6.737868286578361232e-01 -1.916199937894386696e-01
6.949070251081008731e-01 6.932118896516138440e-01 -1.912106791577984355e-01
6.731806923286766109e-01 7.128109634224922830e-01 -1.967950932616207849e-01
6.533030400675612359e-01 7.314535645240138884e-01 -1.953735991288473861e-01
6.272649730531767442e-01 7.523726500913648918e-01 -2.011816902244670524e-01
6.053602877090590306e-01 7.703504979141738707e-01 -2.002474860340673068e-01
5.841120044725842675e-01 7.873900263360621432e-01 -1.970536372299201699e-01
5.578971716097418376e-01 8.057840951555000908e-01 -1.986523626942100773e-01
5.322787484351133580e-01 8.225010911156687143e-01 -2.004278238455892702e-01
5.069315789106391135e-01 8.369944321639211093e-01 -2.060599878790715656e-01
4.825868067898121394e-01 8.528851161995290031e-01 -1.992409973053451688e-01
4.525144510442298262e-01 8.680997149896108045e-01 -2.040430832744252743e-01
4.240273541890681175e-01 8.834875187285695652e-01 -1.991246587866849771e-01
4.021270151472331467e-01 8.933435614742213371e-01 -2.005770863433890272e-01
3.726839797652274355e-01 9.055811847944618131e-01 -2.025571320908742257e-01
3.473095048071302982e-01 9.149406416504304307e-01 -2.055717715053343442e-01
3.152980492551205605e-01 9.259192994606021410e-01 -2.079918615282702610e-01
2.848411834948337273e-01 9.359256606127467348e-01 -2.071441079605918500e-01
2.539939158253843310e-01 9.443520998383557741e-01 -2.090125015545653830e-01
2.206701824573275017e-01 9.516157074155101592e-01 -2.138509759982695213e-01
1.926627547116682992e-01 9.574690833937991030e-01 -2.147883638511416948e-01
1.616349566659843195e-01 9.641710771553059223e-01 -2.103527961429965953e-01
1.301573235306225373e-01 9.677509638895271937e-01 -2.156783882726897306e-01
1.012095134860679507e-01 9.703115348339663715e-01 -2.196637966745789983e-01
7.015840537151200873e-02 9.741644812688267097e-01 -2.146657508014293281e-01
4.056025143899254920e-02 9.755732377086865359e-01 -2.158975378569934489e-01
1.407426849646780526e-02 9.755696716379590461e-01 -2.192390335621713648e-01
-1.817384883243093607e-02 9.745060342954150467e-01 -2.236240684704668691e-01
-4.860753013545758561e-02 9.744935834499423022e-01 -2.190880817957486515e-01
-7.693979911298717833e-02 9.720499658926337050e-01 -2.218088245293174665e-01
-1.126388269641078743e-01 9.676638801395515133e-01 -2.256969946191705045e-01
-1.485447235606843497e-01 9.627491602088069644e-01 -2.259392466935720156e-01
-1.833027525529182244e-01 9.579402514315004113e-01 -2.207953780112038855e-01
-2.140392983150165296e-01 9.517142964112839110e-01 -2.200615822030742574e-01
-2.417530251860471879e-01 9.447733416325913014e-01 -2.212664251743469424e-01
-2.666458019591778639e-01 9.387063727892388521e-01 -2.184728474068418635e-01
-2.963976703893785314e-01 9.310811294891847556e-01 -2.126884447428546432e-01
-3.240115613099448511e-01 9.228104680912966318e-01 -2.084163408678761931e-01
-3.554883506524940118e-01 9.116302993067355587e-01 -2.062965175530872552e-01
-3.833636476691825723e-01 9.003650730032495275e-01 -2.058520632320732513e-01
-4.111013990575237975e-01 8.881701551674791029e-01 -2.053032828885863748e-01
-4.306957600187995561e-01 8.794285448688127227e-01 -2.027476743729938469e-01
-4.593607779297173566e-01 8.656964265876683218e-01 -1.988904088266019998e-01
-4.877862891920035082e-01 8.503920256098737029e-01 -1.972256586583465698e-01
-5.098998371267785545e-01 8.378159153699342721e-01 -1.951068152695296098e-01
-5.296161743907848996e-01 8.261715024758400361e-01 -1.922170064039060433e-01
-5.582004389397388078e-01 8.067179068605501158e-01 -1.939549182011290063e-01
-5.820490429228605267e-01 7.908922704053863439e-01 -1.889665278092165779e-01
-6.077940561623059734e-01 7.719056207162815486e-01 -1.864084697569952931e-01
-6.281660029652822441e-01 7.557009322257348671e-01 -1.852662764208680146e-01
-6.512328727539138384e-01 7.364046892023623503e-01 -1.833136605636091210e-01
-6.724665144421670959e-01 7.179614359929041845e-01 -1.797781468209954103e-01
-6.906056159113760362e-01 7.012622544275121106e-01 -1.769043571847588869e-01
-7.073516906512307134e-01 6.846160444334520312e-01 -1.759388386166372276e-01
-7.229106275866411524e-01 6.694308060374094538e-01 -1.710632572760264758e-01
-7.398458148458236794e-01 6.518924148045589506e-01 -1.663263871556137363e-01
-7.542356563843930495e-01 6.350879383307934667e-01 -1.667090355068542307e-01
-7.704606374632516630e-01 6.174635323960703248e-01 -1.585219491182310592e-01
-7.855312561930356541e-01 5.978184995168600580e-01 -1.598552578328006069e-01
-7.971967411169142981e-01 5.830665268868913120e-01 -1.565592444405832784e-01
-8.094998089225561300e-01 5.668766384069886533e-01 -1.528428985802067208e-01
-8.234426254654858557e-01 5.488724180953727938e-01 -1.438100308913114189e-01
-8.358651184491698860e-01 5.293687592390990959e-01 -1.452523126663287922e-01
-8.466114068268953963e-01 5.104460810796683790e-01 -1.506450739998059507e-01
-8.569322758665394169e-01 4.929858602369278642e-01 -1.504394574582346711e-01
-8.687397189759407112e-01 4.704170623618300073e-01 -1.549164396854922909e-01
-8.795693282163169480e-01 4.503397561408374883e-01 -1.534663354762235421e-01
-8.880459392416445441e-01 4.340984171072057030e-01 -1.514364202964895711e-01
-8.983064863795565680e-01 4.134103415530956949e-01 -1.487862936366411981e-01
-9.066607957961865250e-01 3.951726862150201081e-01 -1.476643640013279579e-01
-9.153151043535443510e-01 3.747044660587690035e-01 -1.476307482118492387e-01
-9.221407678192672375e-01 3.575073746157731436e-01 -1.478001907884758104e-01
-9.300783838136493786e-01 3.371403803898095353e-01 -1.459129146418264023e-01
-9.373092910924611942e-01 3.163478787633474121e-01 -1.462030342888148426e-01
-9.446525954712978734e-01 2.941236446698957674e-01 -1.453367478127196299e-01
-9.488232593254558589e-01 2.795930716515160896e-01 -1.468405655309347191e-01
-9.548674084306778553e-01 2.578716562584373873e-01 -1.474125372657383859e-01
-9.616867831041758796e-01 2.344307046825296614e-01 -1.421294823699425780e-01
-9.670179262072409188e-01 2.103288500932624094e-01 -1.436597343854141284e-01
-9.713759585955152875e-01 1.911945461190414641e-01 -1.409730700305082685e-01
-9.754530483482851677e-01 1.673238548808572146e-01 -1.431575778694867962e-01
-9.789556417771305696e-01 1.455032346209020888e-01 -1.430897417181604681e-01
-9.824357900344866668e-01 1.291323937930033416e-01 -1.347024742788530682e-01
-9.847804359980936173e-01 1.164580785193051748e-01 -1.290155877331480017e-01
-9.879466065470198233e-01 9.934398543346978361e-02 -1.187109389102081886e-01
-9.894739418353248883e-01 8.784617302387714988e-02 -1.149973048467732989e-01
-9.914761874700126487e-01 7.247093674857474355e-02 -1.082725444783426000e-01
-9.926358191567337119e-01 6.425153821523338360e-02 -1.026931403587546532e-01
-9.935086074286927360e-01 5.487873904519052770e-02 -9.964427611603031421e-02
-9.944761376386573870e-01 4.121746238597447098e-02 -9.653156508663154889e-02
-9.957008228573415165e-01 2.820517315890348070e-02 -8.822895873862962590e-02
-9.964958225176009377e-01 2.048007242727691718e-02 -8.109655870121892929e-02
-9.966018582140245829e-01 8.986464248515619105e-03 -8.187789244769740071e-02
-9.974391694560816868e-01 4.308920944605294095e-03 -7.139009857652164892e-02
-9.981406496990640198e-01 -5.404638103881668695e-03 -6.071278581199956309e-02
-9.983785165787179006e-01 -8.609009408026196963e-03 -5.626927821504784655e-02
-9.989571581898527564e-01 -9.980697264195028881e-03 -4.455323675661261584e-02
-9.991581194386272013e-01 -1.187120839743053408e-02 -3.927003669861372365e-02
-9.991900237721704769e-01 -1.531163123770371004e-02 -3.721369781568286544e-02
-9.993250879739196124e-01 -1.765027760137065013e-02 -3.221560548506334498e-02
-9.995628354718200104e-01 -1.601945338060521001e-02 -2.485003329493545854e-02
-9.997746195238208511e-01 -1.513153086929802660e-02 -1.489147911082464547e-02
-9.995997521421534637e-01 -1.960110485087739052e-02 -2.039955145875463338e-02
-9.993861962256389564e-01 -2.379700574593296078e-02 -2.570881093304294360e-02
-9.994730139518006595e-01 -2.007106553495711931e-02 -2.551188673043857519e-02
-9.993284285880951190e-01 -2.391087470904458209e-02 -2.776637547867241013e-02
-9.991941451053028000e-01 -2.893608015197431799e-02 -2.781678227866790296e-02
-9.991920154361147999e-01 -3.402848644157042274e-02 -2.138663327449305540e-02
-9.990212148327944908e-01 -3.622276886268074175e-02 -2.538765633464629135e-02
-9.990095801734156788e-01 -3.701824168834570716e-02 -2.468842368106223192e-02
-9.988098192635946893e-01 -4.430122759159365459e-02 -2.040479503136830713e-02
-9.986700087203969067e-01 -4.699537373239497107e-02 -2.120514143699706033e-02
-9.982768622241243728e-01 -5.423782015522408267e-02 -2.239586418966149628e-02
-9.981536307348468640e-01 -5.918084327868897154e-02 -1.367358168936313838e-02
-9.980969957025355166e-01 -5.975639759442494259e-02 -1.521741512270637434e-02
-9.980694878144311666e-01 -5.909902625103360257e-02 -1.909482137775684457e-02
-9.978689477240149097e-01 -6.281335563253796772e-02 -1.766508121264647596e-02
-9.973671292063454041e-01 -6.991669410514969596e-02 -1.924772851667870543e-02
-9.969012540393934474e-01 -7.447773338736697613e-02 -2.531732388586943605e-02
-9.960068862314206406e-01 -8.454589201608700422e-02 -2.867550850067896243e-02
-9.962508839247806725e-01 -8.232027010784694065e-02 -2.659999037451231743e-02
-9.961793646921403012e-01 -8.469373380123729200e-02 -2.129917493111765231e-02
-9.959715768757103627e-01 -8.739858437766269417e-02 -2.005281857692278041e-02
-9.958334059265505633e-01 -8.815735933024626547e-02 -2.332633045273448114e-02
-9.953374788433339004e-01 -9.329947704742003189e-02 -2.446468680630068879e-02
-9.954748700526416805e-01 -9.129237397772095586e-02 -2.637225135598375916e-02
-9.953127581881962005e-01 -9.348458349673552381e-02 -2.476198909544734608e-02
-9.954115590879523134e-01 -9.192677791183241631e-02 -2.655759031422092256e-02
-9.950178098627459056e-01 -9.372709017771238549e-02 -3.398235969466514850e-02
-9.942457641048156880e-01 -1.002844554708798019e-01 -3.766163403702790791e-02
-9.936634127749497392e-01 -1.059343258379972647e-01 -3.756262564257848574e-02
-9.929197847062524174e-01 -1.124414662949047572e-01 -3.830441170180267502e-02
-9.922699148365911048e-01 -1.177357815985209527e-01 -3.922642038311979773e-02
-9.915855473509784801e-01 -1.229263635344147870e-01 -4.058597921826504612e-02
-9.913706519053334665e-01 -1.248148546802024250e-01 -4.006860196158337079e-02
-9.902457337771921608e-01 -1.320584159067003660e-01 -4.442940464629481501e-02
-9.903130864743597828e-01 -1.312453330725787681e-01 -4.532839917206894081e-02
-9.898047566914274231e-01 -1.351284861287738726e-01 -4.502050999714573426e-02
-9.889053550851406582e-01 -1.417972006668373197e-01 -4.426921049288025378e-02
-9.877344055475726359e-01 -1.503999677983864081e-01 -4.195955294306849548e-02
-9.876769759371271107e-01 -1.510570506552433301e-01 -4.093859971708470324e-02
-9.865715309041823700e-01 -1.592057901840696899e-01 -3.647109639026031164e-02
-9.863708147929114434e-01 -1.597199495671173530e-01 -3.952421465613550206e-02
-9.863721862686748443e-01 -1.590226064594101596e-01 -4.221055431542914543e-02
-9.853784710194648522e-01 -1.648930885254062673e-01 -4.288995587596273334e-02
-9.843802408237007917e-01 -1.712062978534335256e-01 -4.103602177005998691e-02
-9.827795570688119264e-01 -1.796999293834151135e-01 -4.303821287350449026e-02
-9.814812855254695378e-01 -1.873238664104337481e-01 -4.005328215284065241e-02
-9.800283533933813462e-01 -1.945774805162158172e-01 -4.103706671602734557e-02
-9.794457645681975411e-01 -1.973998433381433937e-01 -4.146451916642544810e-02
-9.781757751133710599e-01 -2.037146231231214966e-01 -4.089639957005436477e-02
-9.768079501755503324e-01 -2.108896611510721331e-01 -3.703767507739984949e-02
-9.751821864406814422e-01 -2.185103988976624945e-01 -3.567798756361178353e-02
-9.744132307580849472e-01 -2.228867671275644169e-01 -2.898887268439854711e-02
-9.730677968920242726e-01 -2.284004261309643402e-01 -3.118201518812679582e-02
-9.708727272807360364e-01 -2.371413143657390976e-01 -3.420752381858239294e-02
-9.705266936662466648e-01 -2.388277091500168869e-01 -3.223774905131961133e-02
-9.700516828569420991e-01 -2.408117609991690111e-01 -3.177166330060830768e-02
-9.688313823032272953e-01 -2.460506503406263978e-01 -2.872003306302842868e-02
-9.671908643964969299e-01 -2.525949726794262662e-01 -2.715919184425475905e-02
-9.651777720376101266e-01 -2.606933525235567983e-01 -2.169917307247037214e-02
-9.648295478763891930e-01 -2.622623433657079173e-01 -1.795596235700511537e-02
-9.646404590863230100e-01 -2.626087016031098953e-01 -2.248253446382075110e-02
-9.637373934637323281e-01 -2.658966212474604407e-01 -2.256619306471567554e-02
-9.636281070274730354e-01 -2.666666232539623427e-01 -1.760094373022649122e-02
-9.645571511835930867e-01 -2.633522406366443080e-01 -1.658641959763374960e-02
-9.631902924474702310e-01 -2.685394517467145081e-01 -1.228955778172139725e-02
-9.630947527150640619e-01 -2.690728233175781470e-01 -6.951468508053709056e-03
-9.625340840160694356e-01 -2.711183370541255244e-01 -4.795233745807106485e-03
-9.611195375990957412e-01 -2.761001774119681285e-01 -4.235128544850791550e-03
-9.615353415516580959e-01 -2.746780908438319901e-01 -1.320313304492045335e-03
-9.619098983127560842e-01 -2.733666506045256961e-01 -1.781726705189154436e-04
-9.625325660660996041e-01 -2.710645203005086490e-01 7.422609614065809637e-03
-9.629576807300898045e-01 -2.695684188228117950e-01 6.736670420704462744e-03
-9.627291278146933307e-01 -2.701295380121266354e-01 1.351551629053754019e-02
-9.628156422542497594e-01 -2.696593686518291566e-01 1.642784149623290751e-02
-9.630099022465291592e-01 -2.692558513373230489e-01 1.064071305896359398e-02
-9.633393578428071091e-01 -2.679095524347359092e-01 1.420434689967515693e-02
-9.642299222355568133e-01 -2.648782183652129696e-01 1.000982199623206073e-02
-9.641067176648775439e-01 -2.651639041464734503e-01 1.365104128110179726e-02
-9.646338782270231782e-01 -2.631844711666346259e-01 1.467736907963651527e-02
-9.654108909258698468e-01 -2.603886868635946761e-01 1.339975622418413011e-02
-9.648930989394619573e-01 -2.621962451347308876e-01 1.531165132568496241e-02
-9.663759736762592700e-01 -2.565916517809532782e-01 1.667968254250525029e-02
-9.677128831442768364e-01 -2.516806768020205531e-01 1.373399775530660845e-02
-9.678486890444112367e-01 -2.511380725474615661e-01 1.409232437550844881e-02
-9.683962540658667129e-01 -2.487341568819546322e-01 1.843974975167203198e-02
-9.689713807927842204e-01 -2.464926704283889880e-01 1.832584754930701582e-02
-9.680142718608526486e-01 -2.502815023198086686e-01 1.753707915022582192e-02
-9.683753420101541831e-01 -2.477470835456471177e-01 2.950576264479125993e-02
-9.699898812332449216e-01 -2.409596976060566220e-01 3.252791072932428168e-02
-9.720963212262691000e-01 -2.322049496519700551e-01 3.331087217954847857e-02
-9.735430873091547310e-01 -2.252039924509302016e-01 3.869147018043943287e-02
-9.748042033068677892e-01 -2.189814116060945504e-01 4.247255175373187280e-02
-9.770871993343194228e-01 -2.075301066025911911e-01 4.724268301670822567e-02
-9.788195434462013678e-01 -1.999546894480718484e-01 4.393671158148971384e-02
-9.810139117039063938e-01 -1.878124449905730631e-01 4.835495737022838664e-02
-9.824601209682111147e-01 -1.802649824313354299e-01 4.771433875477015113e-02
-9.829876012086206094e-01 -1.783071372533822363e-01 4.406758386608079781e-02
-9.851955196414680094e-01 -1.653871555413741756e-01 4.513189761746563833e-02
-9.862680270357191414e-01 -1.601531168377561265e-01 4.032827001981616200e-02
-9.868306260119639184e-01 -1.570894732603252686e-01 3.857751032223204896e-02
-9.875869839823477880e-01 -1.520013029813932492e-01 3.959247836830270817e-02
-9.878596004713623424e-01 -1.494732613064834736e-01 4.232216156586870309e-02
-9.887451853479836128e-01 -1.414789917578790912e-01 4.864837908550048023e-02
-9.890937967153897725e-01 -1.386042317866541251e-01 4.982308392842774158e-02
-9.906195734101020944e-01 -1.278265883139694803e-01 4.830357602406209344e-02
-9.913262833724457712e-01 -1.189949213437294373e-01 5.578906938173703450e-02
-9.921304349761138619e-01 -1.111872801651735271e-01 5.757256764068968691e-02
-9.926653498944306708e-01 -1.046395426448032545e-01 6.054817265174042284e-02
-9.938258874332110970e-01 -9.271685092027520669e-02 6.094015953253718171e-02
-9.947009169395331085e-01 -8.390014184146424303e-02 5.942107352272823356e-02
-9.952393003928360349e-01 -7.725242238180415888e-02 5.942062041131375427e-02
-9.961163470427554234e-01 -6.590238006744443544e-02 5.838759535865367667e-02
-9.965222742987605020e-01 -5.661579635993593124e-02 6.113935408678833339e-02
-9.968661792012813994e-01 -4.858346760948512727e-02 6.242979814875367073e-02
-9.971391969659511023e-01 -3.967504646682855352e-02 6.433758545859112610e-02
-9.976359095085403084e-01 -2.872630820817369951e-02 6.242918814464221838e-02
-9.978491739063958255e-01 -1.917241829905776823e-02 6.268537932234079235e-02
-9.980538412835631146e-01 -9.349779943372106897e-03 6.165325383719921087e-02
-9.981546135627470395e-01 3.364649489649620268e-04 6.072286501805033987e-02
-9.980721568081535322e-01 5.534610581175720967e-03 6.181706934349218141e-02
-9.979035534366846871e-01 1.469283034924395888e-02 6.302881063376912507e-02
-9.978183284868025194e-01 2.480165163462162009e-02 6.118393120151841696e-02
-9.972318195488947268e-01 3.950556701420198519e-02 6.299222542470572783e-02
-9.966940405083246635e-01 5.092747797289659539e-02 6.330397972172338572e-02
-9.963640119801852046e-01 5.964568144015527928e-02 6.083716337752663461e-02
-9.962298248957280888e-01 6.706981038817586005e-02 5.502534435140028768e-02
-9.958894141713816595e-01 7.282119496846481410e-02 5.386427617857919570e-02
-9.949157377553619064e-01 8.747575444878748219e-02 4.990670250930299284e-02
-9.947335297268095067e-01 8.962011064178317110e-02 4.973381553783307041e-02
-9.940588194098846087e-01 9.801397814269968700e-02 4.733218043548000770e-02
-9.928842980062213552e-01 1.096203519645475299e-01 4.652054216076935422e-02
-9.922475125807163066e-01 1.161189351656330415e-01 4.428632114668068498e-02
-9.914681433374401553e-01 1.239227461841149736e-01 4.042381790240156397e-02
-9.911633209874920469e-01 1.266475599601094570e-01 3.944208425980236937e-02
-9.908097868786193141e-01 1.294846235839537674e-01 3.911150470767647130e-02
-9.907115924573022259e-01 1.312564311932014338e-01 3.552887718006449841e-02
-9.907472132818603283e-01 1.319723995676456707e-01 3.167422288362251731e-02
-9.902509045363369067e-01 1.352936365232906557e-01 3.314799054203545342e-02
-9.901197061842128555e-01 1.369413404247356580e-01 3.016700204554385867e-02
-9.898717263206343597e-01 1.377393379929528761e-01 3.437806773477831979e-02
-9.892355992816532773e-01 1.430476592589308704e-01 3.082705840461815242e-02
-9.886004211925711882e-01 1.469448407768590981e-01 3.280902700116309495e-02
-9.879007949828834123e-01 1.502694088972349185e-01 3.835538357544816812e-02
-9.861073401498370306e-01 1.606672687617566320e-01 4.217053634656759559e-02
-9.847078879259386630e-01 1.711329175546877357e-01 3.261764992633078841e-02
-9.829067274709430979e-01 1.807451981762856763e-01 3.500785000700755434e-02
-9.827464529685296935e-01 1.818557809948583848e-01 3.373270248815084249e-02
-9.819284505508797389e-01 1.865798861197146552e-01 3.169345617299273304e-02
-9.814043447160474276e-01 1.902754886676472912e-01 2.531326805721663409e-02
-9.804424428527909186e-01 1.957696122944578287e-01 2.017141046840825389e-02
-9.803517903238746500e-01 1.964404784910833701e-01 1.793087470357894800e-02
-9.807828654829798820e-01 1.946869664743761108e-01 1.272661023461208081e-02
-9.810422983123356921e-01 1.937265855742067999e-01 5.101941938588153841e-03
-9.801167099612849709e-01 1.982040159757445796e-01 9.295904485361911052e-03
-9.811796244577646320e-01 1.930737634185480667e-01 3.012904524167460581e-03
-9.810164056474653949e-01 1.939057727965397271e-01 2.715564427789172314e-03
-9.815491375375748895e-01 1.911711260107807897e-01 3.860355616598499032e-03
-9.824624907649777139e-01 1.864542625229919925e-01 1.507814573959721446e-03
-9.822363343973602445e-01 1.876322924052970242e-01 -2.432595603736736889e-03
-9.822104011533665524e-01 1.877803663273158175e-01 1.128356564451875928e-03
-9.821945000322659380e-01 1.878336682828586901e-01 -3.533904724689139899e-03
-9.810188797702062979e-01 1.938384181210686397e-01 -5.351301096611023149e-03
-9.809649415687189400e-01 1.939780180061210224e-01 -8.962320179980139481e-03
-9.811515637007797164e-01 1.931128070454342371e-01 -7.004572693777407627e-03
-9.807762306815061004e-01 1.949363097931998134e-01 -8.822225612823104274e-03
-9.818632347961822049e-01 1.893902223789442618e-01 -8.714529880763925707e-03
-9.821717466543209429e-01 1.876080518335759562e-01 -1.191176755393943965e-02
-9.826019099930697331e-01 1.852474088187751056e-01 -1.330019802919106542e-02
-9.832870562912391366e-01 1.811677049053749267e-01 -1.802329177033378665e-02
-9.840662202598767783e-01 1.766716423180142159e-01 -2.002040093331498849e-02
-9.837648430340589778e-01 1.782663209542571792e-01 -2.068487192135573527e-02
-9.834405043286474912e-01 1.799148265441836980e-01 -2.180461256860057734e-02
-9.834231331444117652e-01 1.796167988408133853e-01 -2.483461854520244150e-02
-9.839503188649786347e-01 1.759650057973252413e-01 -2.963272569773415382e-02
-9.847666822038720902e-01 1.715820945075516857e-01 -2.818116666895447223e-02
-9.854381079484296757e-01 1.673743758253961045e-01 -2.995939693500179052e-02
-9.858728725843953766e-01 1.654704924496673279e-01 -2.596549480924455547e-02
-9.865799791844659383e-01 1.608718125656580233e-01 -2.793235266852806681e-02
-9.871871955743415361e-01 1.575544942049020292e-01 -2.525933360524533142e-02
-9.866977564843639747e-01 1.602256548963321980e-01 -2.748251267193664235e-02
-9.871946831674833778e-01 1.579428340207043868e-01 -2.237700437585894014e-02
-9.880241923400109316e-01 1.516326625217322144e-01 -2.856121336490726956e-02
-9.886061622782388314e-01 1.476609695948145062e-01 -2.922508986434931705e-02
-9.891816436812047586e-01 1.437022983748620919e-01 -2.948452421836056728e-02
-9.893541784444033205e-01 1.418933212560106183e-01 -3.232037977362339082e-02
-9.899219757323970414e-01 1.372177948116455326e-01 -3.501100953632053231e-02
-9.906008046645723431e-01 1.310514384111199637e-01 -3.918645810136730384e-02
-9.914132896944528595e-01 1.248489670405503182e-01 -3.889005838238470542e-02
-9.927049059162312838e-01 1.149698283636738094e-01 -3.631694343679026798e-02
-9.930169655838536613e-01 1.093106157160575603e-01 -4.436786658594307070e-02
-9.934179774376887817e-01 1.078880565084125998e-01 -3.848248434832225034e-02
-9.941829635978113311e-01 1.008647096635238716e-01 -3.776979560140249909e-02
-9.947109871287569405e-01 9.472998241505703465e-02 -3.970257958622541022e-02
-9.958162943659540911e-01 8.493307642065851815e-02 -3.370893542257908521e-02
-9.958531172627859140e-01 8.347970001032681275e-02 -3.616241797161678234e-02
-9.960282805394524708e-01 8.030084999427476722e-02 -3.846361773911391446e-02
-9.960897633546346164e-01 8.101574869200332818e-02 -3.523696707724125604e-02
-9.964415171108630398e-01 7.384618085981918545e-02 -4.063319706340042664e-02
-9.967505129642394435e-01 6.832759858811182641e-02 -4.265871978771224038e-02
-9.971940761781508122e-01 6.430128104094826047e-02 -3.833186424965254885e-02
-9.977447275082489409e-01 5.756952178844700063e-02 -3.451406804610969437e-02
-9.979945705755752794e-01 5.245517542902165126e-02 -3.543026556516973985e-02
-9.983147657826013655e-01 4.563380291810194972e-02 -3.584963755124460916e-02
-9.982872108372471409e-01 4.099769181478478408e-02 -4.173543027549594941e-02
-9.982873485819041548e-01 3.805579772188862758e-02 -4.443127462034033442e-02
-9.985780212025547886e-01 3.405900829840145805e-02 -4.101136138402851350e-02
-9.988083193656318581e-01 2.683942341525250019e-02 -4.076271275984869741e-02
-9.986648604443013610e-01 2.186643897031305406e-02 -4.680136566421277955e-02
-9.989280965956941483e-01 1.505517755620265977e-02 -4.377227196939972170e-02
-9.989732037799209374e-01 5.791109834770713505e-03 -4.493343514924619253e-02
-9.990663185363856114e-01 1.160798044005211145e-03 -4.318745254385429611e-02
-9.991889136270277749e-01 -9.000792978221601459e-03 -3.924936756171086560e-02
-9.990910175702948370e-01 -1.530894935779633127e-02 -3.978425482569675903e-02
-9.989539138221538161e-01 -1.764571803585045229e-02 -4.218671625865983571e-02
-9.989035708508653411e-01 -2.875674480305993180e-02 -3.694208377203949539e-02
-9.989108387177669801e-01 -2.982596562397671694e-02 -3.588258411422902416e-02
-9.986815160590303275e-01 -3.801596651611718197e-02 -3.449677489553691634e-02
-9.983834281674793809e-01 -4.371652637805287234e-02 -3.632364834153937322e-02
-9.980613752280088624e-01 -5.029236843058923490e-02 -3.666307025332005837e-02
-9.980686041215568460e-01 -5.349224802643975929e-02 -3.158563902583570032e-02
-9.975076943573366606e-01 -5.935076595653410170e-02 -3.815623456286000581e-02
-9.971821244424849962e-01 -6.704191055911390418e-02 -3.366310368921563573e-02
-9.965218489916908284e-01 -7.581292082781043717e-02 -3.459215508465393607e-02
-9.958875871761955212e-01 -8.468271784932566992e-02 -3.219879684977356576e-02
-9.953241726788620847e-01 -9.003416697941246660e-02 -3.498073187537881212e-02
-9.941752709469162674e-01 -9.944213982846412947e-02 -4.155482406854180133e-02
-9.930872350378947555e-01 -1.097078289212027880e-01 -4.173664841435612005e-02
-9.919718614357467823e-01 -1.177359524236253618e-01 -4.615283058857188453e-02
-9.909849661939341692e-01 -1.267204139323531709e-01 -4.348270249729207365e-02
-9.906023878470396893e-01 -1.302241524046523213e-01 -4.181615964315973238e-02
-9.901383848011751088e-01 -1.324674356326278057e-01 -4.558913662042971687e-02
-9.890856137551653493e-01 -1.405003315918932905e-01 -4.437699119438127948e-02
-9.888264209744725974e-01 -1.431476331889684483e-01 -4.160620274860021145e-02
-9.873571139922036055e-01 -1.511214224296167641e-01 -4.783573430145477562e-02
-9.865252610127280830e-01 -1.553828934461218003e-01 -5.122575799702065030e-02
-9.853218832309497133e-01 -1.603013174827855325e-01 -5.868804564467693108e-02
-9.839869401210037392e-01 -1.688631611732598625e-01 -5.705214286171748916e-02
-9.811511065442861668e-01 -1.832945389259012792e-01 -6.120156002037766690e-02
-9.795463977015891333e-01 -1.915194818584988468e-01 -6.171835756179404331e-02
-9.770971082110039285e-01 -2.039768762848661043e-01 -6.061920349103991357e-02
-9.761038713965473068e-01 -2.084640245781583523e-01 -6.135140977700628828e-02
-9.736402537575932215e-01 -2.192126977341402883e-01 -6.301160420087016656e-02
-9.708175302959610731e-01 -2.320190558719618379e-01 -6.066707003795798747e-02
-9.688368935763365108e-01 -2.392980252834420452e-01 -6.396515980156346204e-02
-9.673591901029969797e-01 -2.456636956620552592e-01 -6.217361791726565973e-02
-9.662784146014343767e-01 -2.497952254903018365e-01 -6.251706660122617609e-02
-9.635976115959850041e-01 -2.614768252844867913e-01 -5.576311646670617517e-02
-9.604618039444998701e-01 -2.730003326506207362e-01 -5.462557885035428801e-02
-9.577932176623170646e-01 -2.828668135197441869e-01 -5.117157636880172861e-02
-9.563812871293239093e-01 -2.879914352989733639e-01 -4.894669490556852187e-02
-9.541615385160557850e-01 -2.961448111121695037e-01 -4.328996523968840077e-02
-9.511797652548962256e-01 -3.055737337082345406e-01 -4.337924918731204948e-02
-9.493712642973226590e-01 -3.115508862360951703e-01 -4.037647432609698522e-02
-9.461948594574992599e-01 -3.220343217910343614e-01 -3.176783250278072263e-02
-9.440652564477758357e-01 -3.281622634373514980e-01 -3.240882719105975945e-02
-9.442036971863225769e-01 -3.281295439060839536e-01 -2.846739027558154583e-02
-9.431628331667963883e-01 -3.313017899715762216e-01 -2.613437765615623729e-02
-9.412749329488367955e-01 -3.366786423669430039e-01 -2.547555629314775597e-02
-9.393275439310465602e-01 -3.424049914737034017e-01 -2.055720283007048121e-02
-9.386919639226236622e-01 -3.442967239312088035e-01 -1.780938738024747878e-02
-9.365796115416268330e-01 -3.501428062746844150e-01 -1.478708727137796781e-02
-9.364056091221281131e-01 -3.507389858065509403e-01 -1.125657790471625876e-02
-9.360034258925060691e-01 -3.518172242861026255e-01 -1.105617108026158042e-02
-9.347108851680142605e-01 -3.554028626274202685e-01 -2.092315662393312917e-03
-9.342800103938769807e-01 -3.564410513429385197e-01 8.405391273777337510e-03
-9.350102870442936753e-01 -3.543885541252893567e-01 1.282682559192126898e-02
-9.366096714323570716e-01 -3.500556240743683545e-01 1.494640821312561915e-02
-9.349101404675025373e-01 -3.545893352523971087e-01 1.447218961062197995e-02
-9.344500700536885196e-01 -3.556161138420850798e-01 1.844607905149966975e-02
-9.345285132272173056e-01 -3.549464062910899775e-01 2.587505362868299311e-02
-9.364916219243808460e-01 -3.500464888446270240e-01 2.123462900135878600e-02
-9.354480952324414345e-01 -3.524455583707574724e-01 2.681419864744145898e-02
-9.377139468824060575e-01 -3.463588399821155295e-01 2.698369002611711656e-02
-9.368326727511698815e-01 -3.483596491213460933e-01 3.146601041809948818e-02
-9.390685884132419226e-01 -3.416583098542940733e-01 3.768020011841855671e-02
-9.412192533425872698e-01 -3.355494953043778317e-01 3.889556930807292617e-02
-9.424678133744630593e-01 -3.325897723941783068e-01 3.374130915643475115e-02
-9.442606970178677450e-01 -3.268394825332593401e-01 3.934082847723154031e-02
-9.441816900859121287e-01 -3.264272420102653505e-01 4.434189754319089322e-02
-9.457506812615432690e-01 -3.210847872338461473e-01 4.960060987697983287e-02
-9.479516791284604560e-01 -3.136999641814288142e-01 5.458900093847107726e-02
-9.518033218567552023e-01 -3.014168685406067860e-01 5.673024246005153176e-02
-9.555152397439312661e-01 -2.886753693478804617e-01 6.047454585773646280e-02
-9.560168141600240421e-01 -2.867908946167265771e-01 6.150485161108929649e-02
-9.595118673375466756e-01 -2.752702161555417582e-01 5.969336096418062509e-02
-9.622174484368921643e-01 -2.647324350397060044e-01 6.367364216761346729e-02
-9.658762669753724328e-01 -2.526744702991395863e-01 5.690924205492633309e-02
-9.680908927892890592e-01 -2.440333967130420001e-01 5.698892406613204065e-02
-9.695109089525264512e-01 -2.386570335141871280e-01 5.560063493348020580e-02
-9.723712896255232163e-01 -2.269989385891398037e-01 5.445704472904346755e-02
-9.761451536890628500e-01 -2.095914061723777866e-01 5.667534194966458022e-02
-9.777865361008825085e-01 -2.011280213312761356e-01 5.900018570205417534e-02
-9.803533717411392345e-01 -1.895169282300815661e-01 5.468649926468091560e-02
-9.823005185156873376e-01 -1.786477746107935638e-01 5.630876295664057063e-02
-9.828870130093579904e-01 -1.746671634399053208e-01 5.851935199217433992e-02
-9.852125572784679042e-01 -1.604466376760185498e-01 6.010912182259624259e-02
-9.866717393782693524e-01 -1.494944245928535587e-01 6.426748211029684188e-02
-9.878352632039624215e-01 -1.423199424792195578e-01 6.266211105805492843e-02
-9.892702071519755558e-01 -1.321610092135208914e-01 6.227309445700258267e-02
-9.906247857794218126e-01 -1.213706283807997333e-01 6.270341136145364536e-02
-9.918587626169023119e-01 -1.068642652606213300e-01 6.925487460870019540e-02
-9.927881757708931776e-01 -9.649486593680743629e-02 7.113643807241594452e-02
-9.934907607248693040e-01 -8.536332259691607749e-02 7.542695658634064604e-02
-9.947644156747942334e-01 -7.485334103593462018e-02 6.957548896089971180e-02
-9.958762278611166252e-01 -6.276090993002114704e-02 6.551046134183051428e-02
-9.962752357281744464e-01 -5.596881572615799993e-02 6.559847499774484891e-02
-9.965792627757270594e-01 -4.908310475412940022e-02 6.648785937413642655e-02
-9.967756613482807726e-01 -3.581598669165000914e-02 7.180188148336327791e-02
-9.972064513837071154e-01 -2.553940793217012589e-02 7.019292073353340655e-02
-9.976822631811499420e-01 -1.747843212006124775e-02 6.576184393548256679e-02
-9.977342254408583244e-01 -9.209980708681880096e-03 6.664537220830803188e-02
-9.978950220654951853e-01 -4.940825430424211281e-03 6.466163590341764134e-02
-9.976716826926392834e-01 2.884367825299431753e-03 6.813888843925720862e-02
-9.972195725826077384e-01 1.628190425445660144e-02 7.271889829484516621e-02
-9.972474268826074795e-01 2.485694401513491303e-02 6.985496587555835302e-02
-9.969849092791166489e-01 3.657405856919912490e-02 6.843568685617600067e-02
-9.967853327088704862e-01 4.098545525950332558e-02 6.884190068830403630e-02
-9.968413020460215046e-01 4.813899986685248739e-02 6.316699560020504201e-02
-9.957118728664174911e-01 6.379105731667729373e-02 6.699687832757332540e-02
-9.953901832739429079e-01 7.077028303043769730e-02 6.472993477405110385e-02
-9.946819319272429682e-01 7.956600913933564723e-02 6.539968570511647816e-02
-9.936629104125289658e-01 8.880696416298923535e-02 6.890107513342444423e-02
-9.923488348222544442e-01 1.019274472157582906e-01 6.967496091546628023e-02
-9.918117093969792686e-01 1.055096966961617116e-01 7.195312137124483531e-02
-9.904671037878779449e-01 1.196785992389585995e-01 6.820530162944878072e-02
-9.889224904021339801e-01 1.318885381506383625e-01 6.810092105595938472e-02
-9.872171058287118051e-01 1.456895629264446101e-01 6.462933533694649457e-02
-9.865607213640369411e-01 1.498711226489867765e-01 6.508919605264652797e-02
-9.849620160148950809e-01 1.576747340445901202e-01 7.062945035351514411e-02
-9.832768873900861184e-01 1.693768966667012210e-01 6.691818049299187721e-02
-9.820557342281888147e-01 1.775580670803855732e-01 6.355848257055436712e-02
-9.806803665821631766e-01 1.845026352272406966e-01 6.499853308580905153e-02
-9.796682670394605275e-01 1.893327702236409504e-01 6.635662604923746322e-02
-9.768419111210596695e-01 2.039117747756727939e-01 6.480649540634438044e-02
-9.753212730796190222e-01 2.127269814217363497e-01 5.912409415748884345e-02
-9.737522045520097258e-01 2.208477881266729392e-01 5.507187312108909744e-02
-9.718450475652005149e-01 2.298674652673196039e-01 5.175098372048887035e-02
-9.691223316137168586e-01 2.406653734670820555e-01 5.368516483102479808e-02
-9.663630184104441412e-01 2.509316192528449618e-01 5.635469590959926722e-02
-9.654964066674068812e-01 2.550513784843062570e-01 5.258797904076107504e-02
-9.647078502428005908e-01 2.593400615257433484e-01 4.562355190748093592e-02
-9.628614927476930596e-01 2.661008599932697671e-01 4.569562800099507410e-02
-9.603741149277454925e-01 2.741464166624631438e-01 5.025250404693645118e-02
-9.573836795503174457e-01 2.850351313136261777e-01 4.659910376631616613e-02
-9.579143395853043641e-01 2.830930808424494960e-01 4.752302623414919602e-02
-9.579543452607379717e-01 2.827378906839899675e-01 4.881362510488890943e-02
-9.545964437270019198e-01 2.937396923579969066e-01 4.962494601351075119e-02
-9.533362641788751812e-01 2.987687401557597155e-01 4.344214196049173832e-02
-9.507267090652701258e-01 3.071306024953252556e-01 4.230283733859726419e-02
-9.476485329308423911e-01 3.169171377592379657e-01 3.906146580771080457e-02
-9.459059564625378336e-01 3.225077851247792893e-01 3.536470424219158304e-02
-9.444386755016300761e-01 3.272561462085400441e-01 3.064335178356545134e-02
-9.432212116781713007e-01 3.311509756404149574e-01 2.593817931381647846e-02
-9.423156547945659156e-01 3.338958795608945040e-01 2.355334985393234964e-02
-9.404947540410492079e-01 3.394256069828915368e-01 1.612101029226153948e-02
-9.396803825315123149e-01 3.417119802854793886e-01 1.528768226145093244e-02
-9.393431755649540582e-01 3.426473913059298049e-01 1.507235097306607041e-02
-9.380499159797239805e-01 3.462897977221477963e-01 1.207241064061939477e-02
-9.360129682125212236e-01 3.518535592397626366e-01 8.877389670423367282e-03
-9.352623007919442788e-01 3.538886970973798562e-01 6.872454950386206428e-03
-9.349436832040554091e-01 3.547445655065965542e-01 6.050977521964159313e-03
-9.340410578618200121e-01 3.571647635204391880e-01 -8.036296082027973020e-04
-9.344276162950492237e-01 3.561022875424186829e-01 -6.016863786400291139e-03
-9.347884735950436896e-01 3.551112208589429775e-01 -8.157352989588804656e-03
-9.357169723628346869e-01 3.525951401823591014e-01 -1.050841374051723551e-02
-9.355076459934981159e-01 3.527393743959186811e-01 -2.000975121670409140e-02
-9.372866479688797270e-01 3.478157666351210375e-01 -2.275838925046537800e-02
-9.395670682983037203e-01 3.416861877887177323e-01 -2.154728441284074064e-02
-9.393187969484093625e-01 3.422077432607552039e-01 -2.395976568070347021e-02
-9.411173743456949792e-01 3.372990863963549746e-01 -2.296576213002148037e-02
-9.404422071263942584e-01 3.387579455029194331e-01 -2.848721898611968062e-02
-9.437385043100154913e-01 3.295764929808723820e-01 -2.714742776373488611e-02
-9.448549970567221568e-01 3.265224263911108427e-01 -2.514262639930892398e-02
-9.462966304782343130e-01 3.223337269721468501e-01 -2.497333902908313932e-02
-9.464042198972405506e-01 3.216690416976019651e-01 -2.912202384593114146e-02
-9.473697455703816717e-01 3.184005793773527215e-01 -3.334139180216824649e-02
-9.490622757393750719e-01 3.133493618031344408e-01 -3.306034486436608411e-02
-9.511961861818598596e-01 3.064931535799000351e-01 -3.588557489025027969e-02
-9.530825666645441618e-01 2.999787774808156393e-01 -4.057544290438774848e-02
-9.540631289668864978e-01 2.956813868714097127e-01 -4.833296931810071584e-02
-9.552218710966297044e-01 2.913298552329279256e-01 -5.175041132996718862e-02
-9.577542159387384402e-01 2.820560062136538981e-01 -5.613629994807276674e-02
-9.600106333225274513e-01 2.729198557402828795e-01 -6.240472669426160718e-02
-9.622298786256520131e-01 2.637200221342675954e-01 -6.756792650141262013e-02
-9.648319335914365968e-01 2.529152195922884649e-01 -7.164667488452541866e-02
-9.680444699179556745e-01 2.387937714582789028e-01 -7.659930508996184995e-02
-9.710760542730060285e-01 2.227672635331518769e-01 -8.594218502587230857e-02
-9.731821052707926301e-01 2.132131549653219493e-01 -8.635251352169480421e-02
-9.751035626922126553e-01 2.042438962480468967e-01 -8.635675383938520855e-02
-9.776508185994715605e-01 1.914501858683747559e-01 -8.686610010055466347e-02
-9.797631725127730062e-01 1.802898688866187704e-01 -8.694656459982265384e-02
-9.827364913150128389e-01 1.649772426518024693e-01 -8.373478324163650954e-02
-9.856944124397045703e-01 1.498436630065126673e-01 -7.715839169770626060e-02
-9.872596972147578143e-01 1.420692836021832661e-01 -7.165629261015257767e-02
-9.882556886630610160e-01 1.343362333271685971e-01 -7.283189999248959601e-02
-9.902009652157596209e-01 1.176631605662127322e-01 -7.521598763931031106e-02
-9.919618016407704131e-01 1.064454517954501883e-01 -6.841904107533221258e-02
-9.933621138804249462e-01 9.386044620335635968e-02 -6.649768812247353056e-02
-9.938912083988972190e-01 8.444156059258033087e-02 -7.106267707752292329e-02
-9.944376905938947520e-01 7.282437671677603752e-02 -7.609405608901279039e-02
-9.949240106359923397e-01 6.215826719639788028e-02 -7.913645677907413245e-02
-9.957081866271422221e-01 4.743369394320644944e-02 -7.946865859829847778e-02
-9.961223734065963731e-01 3.912977990550984414e-02 -7.879780088461256493e-02
-9.965178586911301872e-01 2.930786628702187341e-02 -7.805909376838852942e-02
-9.961139679345649700e-01 1.326347409415342890e-02 -8.706928287032435210e-02
-9.961510616002876572e-01 -3.299237047179222337e-03 -8.759106354806486805e-02
-9.960254133448809277e-01 -2.034862927527260335e-02 -8.671404773491178664e-02
-9.960377701901275138e-01 -3.047728802656526209e-02 -8.354586728636140269e-02
-9.954701206175545769e-01 -4.255434283855486638e-02 -8.501990180502544403e-02
-9.954885349079052315e-01 -5.179803197042977259e-02 -7.949564266516460920e-02
-9.943290301544605025e-01 -6.801096504063242065e-02 -8.175760057446848639e-02
-9.941681806730948701e-01 -7.722956792442346730e-02 -7.526777944206744508e-02
-9.934598704909382016e-01 -9.045724517233394435e-02 -6.967774437077797756e-02
-9.929726877404712049e-01 -9.771407669471945945e-02 -6.676238442670695550e-02
-9.915569799058780998e-01 -1.132671092703844418e-01 -6.312948835525812596e-02
-9.904909574613242063e-01 -1.236566545726811850e-01 -6.030513718456134709e-02
-9.892481470071781136e-01 -1.333879421468395499e-01 -5.996478221919922941e-02
-9.888768033954443704e-01 -1.367096435869660509e-01 -5.859313617701449733e-02
-9.871608934078563991e-01 -1.467678527309350667e-01 -6.302842843970543618e-02
-9.857485074086912435e-01 -1.562912182471259404e-01 -6.223303041557375070e-02
-9.844183961258373694e-01 -1.646486538348538864e-01 -6.173537859418815055e-02
-9.827488162673390093e-01 -1.736028367104667514e-01 -6.377173489914055027e-02
-9.807563565208936573e-01 -1.822032737681968106e-01 -7.013523845508523591e-02
-9.797156096322762187e-01 -1.880813555662871617e-01 -6.915738139680803476e-02
-9.768746152765270807e-01 -2.011355932095194865e-01 -7.252913240332321820e-02
-9.730720569111021012e-01 -2.174956201920795196e-01 -7.633114324552174590e-02
-9.698460597740032885e-01 -2.317165103612230104e-01 -7.553870031147920383e-02
-9.667916178894226942e-01 -2.433127013854159693e-01 -7.818512168890671965e-02
-9.657507208272447796e-01 -2.481610613418928080e-01 -7.577367033097975879e-02
-9.647751428322336453e-01 -2.522524811924100607e-01 -7.468350381228981705e-02
-9.612865508619782284e-01 -2.651044696645937226e-01 -7.515187008565359095e-02
-9.578002240537679679e-01 -2.767260768866418030e-01 -7.772660750946290553e-02
-9.550405214660127040e-01 -2.864676857739781313e-01 -7.637986426163399789e-02
-9.519351086664946671e-01 -2.972627767621001116e-01 -7.385395502483561858e-02
-9.479496323096379129e-01 -3.100408321592619254e-01 -7.256854087883626847e-02
-9.473941138345207680e-01 -3.121682835969119552e-01 -7.067794480878553109e-02
-9.461124743930530157e-01 -3.164319181123733116e-01 -6.886249360137720876e-02
-9.438093677585034369e-01 -3.244217084104275006e-01 -6.304322733824785363e-02
-9.430803388463249171e-01 -3.266508351901063478e-01 -6.243975029344343147e-02
-9.420784117167360083e-01 -3.305627895231143532e-01 -5.671441142748322173e-02
-9.398850824225923883e-01 -3.371077671299108625e-01 -5.453807152648926238e-02
-9.388642156968503016e-01 -3.407565597194537887e-01 -4.918300036754107152e-02
-9.344856919940106588e-01 -3.529241821335609153e-01 -4.670148732245620049e-02
-9.310967827109593031e-01 -3.618647667500970444e-01 -4.596398122448177442e-02
-9.281527385488750337e-01 -3.698059265380423399e-01 -4.214363674378219377e-02
-9.249886310880769402e-01 -3.778159699739993549e-01 -4.063422976001076353e-02
-9.214053871801365370e-01 -3.865061471280643590e-01 -4.031285319380958215e-02
-9.191864274578610550e-01 -3.922376204552513457e-01 -3.529838382005472119e-02
-9.191532796108254910e-01 -3.920415717555341684e-01 -3.821871049273923432e-02
-9.154992580445800998e-01 -4.007175083030841134e-01 -3.586923835708413777e-02
-9.143905041676357870e-01 -4.036312611466336686e-01 -3.117412467178179436e-02
-9.123676777515549174e-01 -4.083489600855668145e-01 -2.891993209282862562e-02
-9.094223663080321929e-01 -4.148412668571266337e-01 -2.928648270751835897e-02
-9.075325953836776982e-01 -4.193775088656941930e-01 -2.251906733191944010e-02
-9.065607625368559130e-01 -4.217869425330446065e-01 -1.560044537980022523e-02
-9.073976815794638773e-01 -4.200899897635592128e-01 -1.240415048293152731e-02
-9.085621086667980961e-01 -4.175090161096822738e-01 -1.418207081212465893e-02
-9.078867573134902225e-01 -4.191051683019260121e-01 -9.618145430862007350e-03
-9.077618472823336671e-01 -4.194381735959845647e-01 -6.329461051305926289e-03
-9.055661213605165072e-01 -4.242001558716877452e-01 -2.059715222505763971e-03
-9.077404477920705261e-01 -4.195321728456593013e-01 -2.241566973589892257e-04
-9.083035420191127862e-01 -4.182527318591406362e-01 7.024441963799504807e-03
-9.111178444007000943e-01 -4.119604062224085927e-01 1.236578037327844271e-02
-9.095984214268436618e-01 -4.152846419898792996e-01 1.301510851461835060e-02
-9.104696399528147133e-01 -4.131846283902313455e-01 1.798646402746181816e-02
-9.116072766709669706e-01 -4.105821677431860106e-01 1.986131846032377149e-02
-9.150279583164662167e-01 -4.029564970096458087e-01 1.870594320850529901e-02
-9.177758291682968084e-01 -3.966452349577666570e-01 1.897630841696895665e-02
-9.196210415650608594e-01 -3.922570838005313143e-01 2.077343167537510846e-02
-9.205386376989794783e-01 -3.900823753352430923e-01 2.108014007410386609e-02
-9.219441809713905256e-01 -3.862876810709927611e-01 2.829788266932426952e-02
-9.243920489302263066e-01 -3.807563836693945714e-01 2.288955417580684770e-02
-9.267997548927687790e-01 -3.745400634186167865e-01 2.760381874107013800e-02
-9.291363354073026715e-01 -3.684407364685517994e-01 3.093718689547839129e-02
-9.316052966596490847e-01 -3.618129501498318912e-01 3.468394465964677598e-02
-9.345060068122528207e-01 -3.543819494033061401e-01 3.334625600756930403e-02
-9.356926243686646272e-01 -3.508513036723992506e-01 3.718455476075126220e-02
-9.378445253696517936e-01 -3.445829649828165420e-01 4.135507557227195707e-02
-9.390995464874922760e-01 -3.403945796060176554e-01 4.715493514109676126e-02
-9.396725344258660684e-01 -3.387754281212113083e-01 4.739992926218125624e-02
-9.430861211728464033e-01 -3.294019519195697243e-01 4.563921580341473438e-02
-9.432556787569499335e-01 -3.284544204333195161e-01 4.885114241163906329e-02
-9.456005178209769824e-01 -3.210833666068815817e-01 5.239416457243452341e-02
-9.475239075928354460e-01 -3.147275044120111942e-01 5.608082416687479310e-02
-9.495992796332615171e-01 -3.077420245830217449e-01 5.963280015179475008e-02
-9.508023884217767785e-01 -3.044005011867688126e-01 5.757750816113124670e-02
-9.520628329233385978e-01 -3.000562939614970226e-01 5.951973720694547776e-02
-9.547601149457068948e-01 -2.915759061529209495e-01 5.845194878666592347e-02
-9.568622948900132874e-01 -2.834785363765986999e-01 6.367483628999728862e-02
-9.590231548818609619e-01 -2.764857693391639115e-01 6.188880721548790931e-02
-9.612601014914926578e-01 -2.675220850817456864e-01 6.641512064040683283e-02
-9.631687242216178113e-01 -2.605676641857836984e-01 6.641173117529436398e-02
-9.675940853509895634e-01 -2.434275027221322607e-01 6.711746420520586787e-02
-9.700346814894577063e-01 -2.340029592230430944e-01 6.538615106772686925e-02
-9.724545892124161206e-01 -2.237791393459377387e-01 6.523025118388653398e-02
-9.753434389909438895e-01 -2.110862608904946758e-01 6.440328663869551717e-02
-9.759286224781048569e-01 -2.079664505875261915e-01 6.567568902093125216e-02
-9.769380009018190369e-01 -2.033874675645897245e-01 6.500536361229203308e-02
-9.786859191710967076e-01 -1.948806763463626635e-01 6.477198822599915251e-02
-9.807686961600867726e-01 -1.851131329580705254e-01 6.185393538546322262e-02
-9.825618626699158531e-01 -1.756110725264019568e-01 6.109790369013989864e-02
-9.843930371994530359e-01 -1.640444989020897748e-01 6.371630446139384119e-02
-9.865518786487241787e-01 -1.501362708329891382e-01 6.461043064526703072e-02
-9.875958380503498946e-01 -1.448890618042193157e-01 6.051146248126375304e-02
-9.888049046769337158e-01 -1.364207310535213991e-01 6.045048618170553723e-02
-9.892101380813487221e-01 -1.326906340848029164e-01 6.210084579469049570e-02
-9.907636592733416459e-01 -1.191816299332368323e-01 6.467710226499377713e-02
-9.919525029870908117e-01 -1.085606152359664539e-01 6.515244950256973699e-02
-9.932463323973531599e-01 -9.985181259688824529e-02 5.908769244753125233e-02
-9.939779370840767792e-01 -9.114802600789352616e-02 6.082692438573501781e-02
-9.945125637897085369e-01 -8.189688207285261701e-02 6.509745139138195524e-02
-9.954248822809994568e-01 -7.216067363480753449e-02 6.262713325484871307e-02
-9.961053939594237683e-01 -6.008515553929221625e-02 6.452778609806397725e-02
-9.959460048627214457e-01 -5.595196676879652525e-02 7.043401146707739535e-02
-9.964064406565252829e-01 -4.609819266006700417e-02 7.105757418618249832e-02
-9.967132335907606944e-01 -3.663344324270180474e-02 7.225467523682813087e-02
-9.967827933557092956e-01 -2.973243525729293152e-02 7.443159636979729266e-02
-9.968960461705258513e-01 -1.640051615986506950e-02 7.700203755551128515e-02
-9.965719212663958215e-01 3.955350376440465443e-04 8.273008835168589592e-02
-9.963526580065314997e-01 9.544977388380646716e-03 8.479559306740477864e-02
-9.967489714439735637e-01 1.979491844346745189e-02 7.810036390524995042e-02
-9.963589046192855569e-01 3.521118942447631905e-02 7.764742732365829958e-02
-9.960335178008700163e-01 4.782454280177123040e-02 7.503373957521519699e-02
-9.951540686138918845e-01 6.119468792447757544e-02 7.696497758148039547e-02
-9.944712113673948028e-01 7.264010855823646584e-02 7.583167069739035759e-02
-9.934267243929200131e-01 8.795983738086116110e-02 7.325590653614934278e-02
-9.924894880721615298e-01 9.927502245885977405e-02 7.147799291035177027e-02
-9.913309465732368375e-01 1.094833339557968743e-01 7.263863639996297195e-02
-9.900857236765603364e-01 1.217623351661069331e-01 7.003007066671283753e-02
-9.893173849788815533e-01 1.252648018422443665e-01 7.456445922941214166e-02
-9.876827530034903990e-01 1.368962345170466610e-01 7.577742294587147542e-02
-9.861649547471346144e-01 1.484619548507901676e-01 7.374108251907217360e-02
-9.852800930721788975e-01 1.564008625078731896e-01 6.900670589288815382e-02
-9.835523432604479366e-01 1.673397905193788338e-01 6.798676037317070986e-02
-9.817518483833819198e-01 1.766842254569332138e-01 7.032787386069226654e-02
-9.804914727723492707e-01 1.839783601206812780e-01 6.919864152512283928e-02
-9.795595746976036855e-01 1.885010636473746226e-01 7.021684849992669564e-02
-9.779457385532680513e-01 1.975993686796134186e-01 6.765086105362183577e-02
-9.756210183680952275e-01 2.090458930070391852e-01 6.680913211388035677e-02
-9.732280542145181901e-01 2.193239942458163338e-01 6.873250511751283209e-02
-9.711778659080513298e-01 2.287478563075056037e-01 6.699244845954720196e-02
-9.681463529748161045e-01 2.392685155281701337e-01 7.377827796293716378e-02
-9.646584082348989009e-01 2.546551541562833143e-01 6.771207147214046429e-02
-9.615831258711536877e-01 2.659689242126526687e-01 6.795910650371296546e-02
-9.601522583824964041e-01 2.718612314360335791e-01 6.480068100032845835e-02
-9.570513484736350440e-01 2.829472671971116626e-01 6.319475461262827332e-02
-9.544485527826087612e-01 2.927702063322886183e-01 5.756372885039588022e-02
-9.505388607032770887e-01 3.057702621261957354e-01 5.459338121712839498e-02
-9.482033756640714239e-01 3.130211188747555329e-01 5.411241713819426452e-02
-9.446866579140625886e-01 3.237558538744093051e-01 5.243359092210136962e-02
-9.442129154342407960e-01 3.262579876677993429e-01 4.491894732354917430e-02
-9.424998761037751693e-01 3.314445275222543952e-01 4.287802101362425677e-02
-9.401507532074843132e-01 3.386070628124960291e-01 3.823393914673130917e-02
-9.391450550254666352e-01 3.419206811898106158e-01 3.311841161604263395e-02
-9.350418802750793956e-01 3.533699994647129250e-01 2.874615225292100062e-02
-9.336978929262970128e-01 3.567093573589394939e-01 3.109171556059158598e-02
-9.309254687735261102e-01 3.641620138016615771e-01 2.763720052071741776e-02
-9.290005235736336076e-01 3.688117145759298166e-01 3.059349831313259993e-02
-9.281919250171118962e-01 3.713092305371074042e-01 2.427388481201411125e-02
-9.261739283911204490e-01 3.767800714968116971e-01 1.544822756915361153e-02
-9.254902319925771836e-01 3.783677202439338361e-01 1.748469126316052474e-02
-9.239238286420407009e-01 3.823295098693356153e-01 1.374483055997157734e-02
-9.230109285043729406e-01 3.846565867700402763e-01 9.494824450948248160e-03
-9.240575007523121887e-01 3.821271892106524737e-01 9.826603599797568978e-03
-9.215753571229962082e-01 3.880532251170273339e-01 1.065697891929050060e-02
-9.205483728025898316e-01 3.904962060032067805e-01 1.016966088775857202e-02
-9.216898787223805067e-01 3.879045191388663105e-01 4.226955442846156569e-03
-9.219621926717079807e-01 3.872759831883321180e-01 -1.744664564650534599e-03
-9.235677523968227609e-01 3.833691003113631757e-01 -7.124294002966199968e-03
-9.239658815017200988e-01 3.823126634974456928e-01 -1.113970772291182978e-02
-9.229834436659313246e-01 3.846239577613547733e-01 -1.288370179821918086e-02
-9.252819098684150756e-01 3.787920955755719188e-01 -1.923412423433016466e-02
-9.249742265004607944e-01 3.796281032214334772e-01 -1.746995994660511392e-02
-9.250329098786017612e-01 3.795012416451890025e-01 -1.711546602934570921e-02
-9.252101388662993253e-01 3.786672800061097743e-01 -2.443984492951241025e-02
-9.257963580538820514e-01 3.768520719425625387e-01 -2.972600513214837537e-02
-9.282375636828502641e-01 3.703910147845986822e-01 -3.443164019276254151e-02
-9.289660147411928914e-01 3.686246840979711670e-01 -3.373428572934759201e-02
-9.340471108414214463e-01 3.548371437349763791e-01 -4.057848044342053651e-02
-9.369259839811422408e-01 3.466916533774340725e-01 -4.443664093357307249e-02
-9.409876673367465472e-01 3.353031736943284935e-01 -4.597835114413239416e-02
-9.435444276346437453e-01 3.277168096488908833e-01 -4.822471334701137341e-02
-9.451244927144438757e-01 3.230390744858115393e-01 -4.884124128320956743e-02
-9.477969017783731687e-01 3.131483878786368025e-01 -6.015927219110098201e-02
-9.515769114895016312e-01 3.015020374396682468e-01 -5.998267090009550689e-02
-9.558292582300805806e-01 2.867957290429595796e-01 -6.433239607296874218e-02
-9.571965166071290110e-01 2.811472461383752730e-01 -6.878279574784394723e-02
-9.603457467263560865e-01 2.680645174641086426e-01 -7.666472536548021854e-02
-9.644562012113572225e-01 2.532234347101084970e-01 -7.551256111656937109e-02
-9.666668728446988768e-01 2.430259395700257452e-01 -8.058268361887256648e-02
-9.697037785109345887e-01 2.308996904847091802e-01 -7.974919478946565499e-02
-9.735635952548680194e-01 2.149338274360576284e-01 -7.731361275631699892e-02
-9.768208869614509737e-01 1.985892710837225961e-01 -7.989540279364892861e-02
-9.793715405412081187e-01 1.855054056093887460e-01 -8.011959351414534025e-02
-9.810402263791941913e-01 1.732800565810356519e-01 -8.679928377848193655e-02
-9.838594528116706428e-01 1.586571637429499138e-01 -8.275566670485530463e-02
-9.849909130460687834e-01 1.495512760428600041e-01 -8.618199420791047838e-02
-9.864646226433047005e-01 1.379834044319282749e-01 -8.858977125437551836e-02
-9.880191246892189305e-01 1.271032119453716913e-01 -8.753857385863066110e-02
-9.897491699393140552e-01 1.119123032268275197e-01 -8.872562315035355252e-02
-9.907857800223809353e-01 1.010946273537773887e-01 -9.013009340303591854e-02
-9.921154613962455127e-01 8.906410479707435601e-02 -8.817321377266765237e-02
-9.924887225936784851e-01 7.924270855258090662e-02 -9.320272523552111665e-02
-9.932052042655689084e-01 6.813932932907384998e-02 -9.434232022101578241e-02
-9.942053862347520754e-01 5.029715070118034870e-02 -9.500455796994930480e-02
-9.950785229869421045e-01 4.136978860850047679e-02 -9.004050565734059153e-02
-9.958873914696094731e-01 2.853451452106645775e-02 -8.598897510112323006e-02
-9.964658233662307962e-01 1.557162065644919491e-02 -8.254335910096978479e-02
-9.966667072712638298e-01 3.015628980456337010e-03 -8.152545097211222336e-02
-9.964174134439471864e-01 -1.300513759257904481e-02 -8.356568268769382080e-02
-9.961363143963277711e-01 -2.347295173075701624e-02 -8.462554287273867104e-02
-9.962792977682857209e-01 -3.342709150673497942e-02 -7.943682500977955474e-02
-9.958779790506041563e-01 -4.335153520778724928e-02 -7.967254243270195657e-02
-9.952696309706990929e-01 -5.726794808657136027e-02 -7.847778376325370564e-02
-9.940895614565811167e-01 -7.279168036445246570e-02 -8.054398781209404223e-02
-9.924788526502599240e-01 -9.033693562458185167e-02 -8.261346231989213917e-02
-9.910011874232019791e-01 -1.084516359690460702e-01 -7.845321868881915961e-02
-9.889908817134657193e-01 -1.254717351105684164e-01 -7.844678398980529932e-02
-9.873355368275655852e-01 -1.392169284950277863e-01 -7.607366661943332220e-02
-9.859781446979196673e-01 -1.490978636870435581e-01 -7.494627022895551660e-02
-9.841905017877756734e-01 -1.627177835948322993e-01 -6.994281353503577214e-02
-9.826271316341326223e-01 -1.724006793391425763e-01 -6.871640263706961516e-02
-9.818991772665389695e-01 -1.788676669842380051e-01 -6.229270733691290307e-02
-9.815285685214371059e-01 -1.820174864260235559e-01 -5.891792432606100111e-02
-9.803717193867921287e-01 -1.888390858509415293e-01 -5.666665229394979297e-02
-9.784181085176132386e-01 -1.989724784474669605e-01 -5.574922145683008923e-02
-9.765516497519851624e-01 -2.092736447914408104e-01 -5.051172725836962363e-02
-9.754883184499983928e-01 -2.141740653924658622e-01 -5.051759999887763669e-02
-9.729881534326406678e-01 -2.248181842078864345e-01 -5.244859419415575513e-02
-9.712990730027979414e-01 -2.314428009466023006e-01 -5.488495679212105488e-02
-9.700587182650968199e-01 -2.378005646862670630e-01 -4.936590214900103690e-02
-9.684522413718268385e-01 -2.450268953632178948e-01 -4.541028804686615683e-02
-9.679120802299405746e-01 -2.482045167445250666e-01 -3.925226445462612346e-02
-9.670220516271406108e-01 -2.523607160014662010e-01 -3.438659723813290020e-02
-9.658095214816017071e-01 -2.580697275949385694e-01 -2.473865499483941452e-02
-9.651343870909463440e-01 -2.610271655144105196e-01 -1.950514835952595755e-02
-9.646394562750817414e-01 -2.631878328987427573e-01 -1.424433562727239928e-02
-9.644254024802321190e-01 -2.638846797974673808e-01 -1.576502190309776036e-02
-9.635628147881759586e-01 -2.670719680875318636e-01 -1.480820417252341238e-02
-9.623177885912378438e-01 -2.717159455682865432e-01 -1.072080773774711920e-02
-9.619291885130257791e-01 -2.731979845673661034e-01 -7.423917879655246577e-03
-9.599769238945152772e-01 -2.799965864514125102e-01 -6.799572676617383037e-03
-9.605259171791974415e-01 -2.781718791795840251e-01 -3.222598223473876686e-03
-9.605322214311859952e-01 -2.781486870279207269e-01 -3.343138597642935847e-03
-9.603773347432670304e-01 -2.787022593519928315e-01 -6.653051087094816705e-04
-9.599199128704747341e-01 -2.802683444116936262e-01 1.852850668110625921e-03
-9.594561215889186867e-01 -2.817200792682826860e-01 8.818433942339620052e-03
-9.595475424193931069e-01 -2.813252122979860714e-01 1.116493904488723501e-02
-9.613364031589649583e-01 -2.748610409664715148e-01 1.684474580240974406e-02
-9.616770650741561788e-01 -2.734911363685324504e-01 1.948943875102937193e-02
-9.629126936280199001e-01 -2.692786832113662210e-01 1.697505599371495338e-02
-9.631774609619210281e-01 -2.682467794206286893e-01 1.824448811790070277e-02
-9.652343271970619254e-01 -2.605311403102175127e-01 2.112429973873036770e-02
-9.676195850864273140e-01 -2.517752576178207136e-01 1.793252463950804898e-02
-9.687083824653804909e-01 -2.473039338416195831e-01 2.109149984016648466e-02
-9.692155708868424036e-01 -2.453927700199146356e-01 2.008937247206431589e-02
-9.697839071309203307e-01 -2.431557450208619020e-01 1.986138067943758398e-02
-9.707231446515343087e-01 -2.390937141771171948e-01 2.303887361964411865e-02
-9.706939337428945880e-01 -2.389628534248574854e-01 2.549625667888097413e-02
-9.710088809500883045e-01 -2.369508880384258720e-01 3.156021787962442343e-02
-9.712723798551907706e-01 -2.351096348221245191e-01 3.678914767105116723e-02
-9.725101500010434608e-01 -2.301852783428811888e-01 3.519607070006454397e-02
-9.740867322726062261e-01 -2.230664325432457074e-01 3.736873383994954168e-02
-9.751742568711861958e-01 -2.182938612910604870e-01 3.718839117388562931e-02
-9.770427177767745386e-01 -2.097307981451930203e-01 3.742375632574377470e-02
-9.790039169398149221e-01 -1.994766499778091173e-01 4.195729384376289256e-02
-9.801908582267102599e-01 -1.924902489116719351e-01 4.661977514223751562e-02
-9.800835471510723762e-01 -1.920229968950199484e-01 5.063029927198363367e-02
-9.811609355486637929e-01 -1.854615500414681373e-01 5.410406753951391146e-02
-9.822629957731747741e-01 -1.790771065979140375e-01 5.559510038092391887e-02
-9.833318215260475892e-01 -1.731359693750760542e-01 5.552011382888664276e-02
-9.837275024293271608e-01 -1.714697312860750666e-01 5.365025964663357183e-02
-9.844866538917065313e-01 -1.671396113208490908e-01 5.338910723616623749e-02
-9.856079302456598468e-01 -1.607484641502950895e-01 5.231593647564889565e-02
-9.872563945678173303e-01 -1.498917242530013461e-01 5.345372303133578279e-02
-9.882053660013566665e-01 -1.423053745607712472e-01 5.656282579807879463e-02
-9.897817324089063229e-01 -1.333687089756198374e-01 5.044727602762839186e-02
-9.902611967619775468e-01 -1.283130901891232911e-01 5.402343132303995266e-02
-9.907749120577622470e-01 -1.267472693761433622e-01 4.796062334083635303e-02
-9.913176618480709079e-01 -1.209485442889952633e-01 5.158256633976399108e-02
-9.918126264141997606e-01 -1.163909941630346528e-01 5.254397023802778038e-02
-9.923517042415439526e-01 -1.093308304375783108e-01 5.731389861269448743e-02
-9.928095282175647407e-01 -1.007561607741833398e-01 6.463324057905639464e-02
-9.939191993659153290e-01 -8.779320352350714063e-02 6.646049775652403124e-02
-9.946305797955093952e-01 -7.571590900820246439e-02 7.054877928291930500e-02
-9.950745542137389155e-01 -7.051919980147774991e-02 6.966845338226147766e-02
-9.954196236815033849e-01 -6.275010647973081057e-02 7.212639226616204824e-02
-9.962467099200662535e-01 -5.266588494678460519e-02 6.869364454684417920e-02
-9.968186887828766052e-01 -4.496516148948723202e-02 6.580771258670128909e-02
-9.971030290317079992e-01 -3.395790140648327626e-02 6.806195374861068181e-02
-9.972753088478191197e-01 -2.262468698369159148e-02 7.021467950777607325e-02
-9.969916942098626667e-01 -1.212743568761984712e-02 7.655394540528304148e-02
-9.974798023571569416e-01 -3.653944344589378848e-03 7.085698145198969511e-02
-9.972040394654088091e-01 7.519584230085077023e-03 7.434769072316232963e-02
-9.970729756886049788e-01 1.549197732210548170e-02 7.486988317136537840e-02
-9.968645996237228690e-01 2.556817779997284240e-02 7.488162604487162699e-02
-9.963718422367852101e-01 3.199314381273532515e-02 7.886450750514498176e-02
-9.959773360546645415e-01 4.386520087671343104e-02 7.813456341421534668e-02
-9.956977612820970824e-01 5.442413173384656744e-02 7.499334403109615688e-02
-9.941596006557378296e-01 7.259924396871056396e-02 7.985022501282539042e-02
-9.926682543282732141e-01 8.937193784897126680e-02 8.137821545005181900e-02
-9.911305715819606066e-01 9.782127406131382874e-02 8.995114948842658498e-02
-9.897715562170125159e-01 1.116897954889865263e-01 8.875627755462708879e-02
-9.881605760796364768e-01 1.267141694681814257e-01 8.649980157740927433e-02
-9.858799012483020485e-01 1.438825301620307306e-01 8.566596884340395290e-02
-9.831109573122279732e-01 1.624608058291281965e-01 8.425765481880584384e-02
-9.819763125825728967e-01 1.713076502029819426e-01 7.985130349984038978e-02
-9.796909426085405048e-01 1.854656888337766485e-01 7.621125355011255931e-02
-9.782539269777210666e-01 1.933891651190071115e-01 7.496602602134458393e-02
-9.764597158600943905e-01 2.012705703858795325e-01 7.756675041597753395e-02
-9.734178559281077003e-01 2.173797890336318650e-01 7.213684513000748200e-02
-9.709815423905234777e-01 2.279760986278143720e-01 7.226176131115427670e-02
-9.686650841586538219e-01 2.366284530964150035e-01 7.546488868628860314e-02
-9.662204207088154195e-01 2.445713295484192862e-01 8.125874154649301295e-02
-9.639106019184577878e-01 2.560524834971770747e-01 7.289373413075185548e-02
-9.606776870162002657e-01 2.678625900321098263e-01 7.313025239783958742e-02
-9.581028410179587285e-01 2.766771004113054988e-01 7.408608146251878523e-02
-9.558840323498902780e-01 2.845484636317957561e-01 7.292398646436025478e-02
-9.537521627269460733e-01 2.926236220884442241e-01 6.876224945894214569e-02
-9.504961593397663888e-01 3.030105993407566367e-01 6.885961687236237527e-02
-9.465104175985488144e-01 3.165354986779330138e-01 6.263645800336092861e-02
-9.446086446347438104e-01 3.221275913297866889e-01 6.283583220213670439e-02
-9.410225541333032684e-01 3.327603367843240401e-01 6.121379886682284943e-02
-9.392853076038000237e-01 3.382568120378578458e-01 5.766678689124246637e-02
-9.366725011490923958e-01 3.464979801025912520e-01 5.083102814372555261e-02
-9.308499834213803670e-01 3.608183340841764064e-01 5.769277619818933417e-02
-9.271454781902388476e-01 3.701661291825887323e-01 5.812329452301777388e-02
-9.230104574481891033e-01 3.803053712495544358e-01 5.847681893954119470e-02
-9.207066834463373262e-01 3.858590608903589847e-01 5.841238308316307887e-02
-9.180763193485599327e-01 3.927428103812898308e-01 5.374918560943566653e-02
-9.136356790937366634e-01 4.035034541247619622e-01 4.954620391819312269e-02
-9.113125445414842485e-01 4.095518971411113429e-01 4.215100980338221115e-02
-9.096221471493847188e-01 4.136201104733562839e-01 3.880684797410111075e-02
-9.061135496744908702e-01 4.216022594812330881e-01 3.478200253224878608e-02
-9.048173147272565719e-01 4.246104722911569485e-01 3.180552641177675222e-02
-9.022990912093383775e-01 4.298626330441373544e-01 3.277933004545667550e-02
-8.995226479346987158e-01 4.359890127307982644e-01 2.779576111192370511e-02
-8.970814186806539414e-01 4.413481227926641104e-01 2.137242241596059439e-02
-8.990147504630280340e-01 4.375562650943567444e-01 1.780480455652905941e-02
-8.973547552452829645e-01 4.409789103433504609e-01 1.708980995729848448e-02
-8.966359915783096435e-01 4.425289732469858683e-01 1.456104923474569116e-02
-8.938714102004242656e-01 4.481284259965678807e-01 1.322246176193283759e-02
-8.916381937254771461e-01 4.525017112357644367e-01 1.495160606348124206e-02
-8.895152589963839507e-01 4.566988957860689813e-01 1.373827860969805033e-02
-8.870877752664738658e-01 4.615250628273780409e-01 8.361405051072920772e-03
-8.855579931661622384e-01 4.645109223086595351e-01 4.081840288478483063e-03
-8.856804008715690735e-01 4.642933825983465712e-01 1.378412991298586486e-03
-8.834384242331827508e-01 4.685283040021072654e-01 4.218607136238363559e-03
-8.817563985309326835e-01 4.717025534919397911e-01 -1.540270915150760561e-03
-8.833275391178817548e-01 4.687397980293353528e-01 -3.934232452091373199e-03
-8.819118409658428526e-01 4.713271018178679661e-01 -9.071142420482965207e-03
-8.818049173992584810e-01 4.715599431847553591e-01 -7.164175144926362634e-03
-8.825845126909501737e-01 4.700910458439858108e-01 -7.681429054608712552e-03
-8.818986254641596467e-01 4.713410207172102906e-01 -9.616358686271328157e-03
-8.835449631530954973e-01 4.681189143265203079e-01 -1.459444813713482725e-02
-8.852642708139251138e-01 4.646633796708078412e-01 -1.987793412157783102e-02
-8.866124546097082781e-01 4.620917780319024337e-01 -1.973732141815890198e-02
-8.853803116965744957e-01 4.642671659360282366e-01 -2.361609900789269495e-02
-8.867698112867226090e-01 4.615887876938759016e-01 -2.398146608954920475e-02
-8.878816504781941177e-01 4.592453484051550738e-01 -2.756633096770335495e-02
-8.882448111593531648e-01 4.583842695371133646e-01 -3.008379641554409165e-02
-8.908943160128781624e-01 4.530055384539535268e-01 -3.306535634997428974e-02
-8.921240539100416811e-01 4.503846394405190412e-01 -3.561414027113751074e-02
-8.954005022672442138e-01 4.436518022507338621e-01 -3.782904821375841775e-02
-8.970639062949194997e-01 4.405251609956067904e-01 -3.484176360956065671e-02
-8.972838350427766452e-01 4.399142227061743626e-01 -3.684038520215925788e-02
-8.994561779850280825e-01 4.353529181096865153e-01 -3.803207274107501396e-02
-9.010095993656234148e-01 4.316912768226048303e-01 -4.271254425017347728e-02
-9.028207264394774167e-01 4.275384424597482580e-01 -4.610460098822718317e-02
-9.063297189291549261e-01 4.199114416546124162e-01 -4.733751074355350974e-02
-9.113018559500023485e-01 4.089286635214138266e-01 -4.802388598059156855e-02
-9.146861106644785799e-01 4.013663563464098250e-01 -4.748036471499927913e-02
-9.154185689598801634e-01 3.991792940731837547e-01 -5.162124516080624642e-02
-9.178332162800628691e-01 3.934430845045060465e-01 -5.277067901656765786e-02
-9.187108498858316263e-01 3.915287940423817781e-01 -5.172616314545518124e-02
-9.220713341437113408e-01 3.832196622065636160e-01 -5.410326847391799809e-02
-9.242091887928254312e-01 3.771005763307359593e-01 -6.027063490957213637e-02
-9.256914575966517233e-01 3.725167239554575405e-01 -6.577715863480855518e-02
-9.275865173505336569e-01 3.670273518422599301e-01 -6.981543497714273738e-02
-9.300458781348573956e-01 3.602172624512373078e-01 -7.251349937595510942e-02
-9.339797124102212633e-01 3.490480465066421734e-01 -7.646814764812538689e-02
-9.374784859555359562e-01 3.399412345927340651e-01 -7.465966030970834499e-02
-9.438277808446096095e-01 3.218034997068067171e-01 -7.504430152544884491e-02
-9.466600888643170730e-01 3.121398982690562485e-01 -8.002112087692721254e-02
-9.518222120840901246e-01 2.966463002222085588e-01 -7.768828021445095544e-02
-9.560634037106867655e-01 2.832476481889125153e-01 -7.558807802557829247e-02
-9.582287329419836297e-01 2.755644917103532987e-01 -7.656321517999040149e-02
-9.619622542861621106e-01 2.614771936926874596e-01 -7.910953397706757539e-02
-9.654612829992715861e-01 2.470514168720802373e-01 -8.276550384570365015e-02
-9.690046992460070729e-01 2.314676870336684622e-01 -8.632857677208237435e-02
-9.727759762845717972e-01 2.147002297343662269e-01 -8.723950886203377109e-02
-9.761014661336097076e-01 1.947102168919934984e-01 -9.650844946059926321e-02
-9.786377239764254554e-01 1.804460296439956424e-01 -9.852643020559125053e-02
-9.812397798398284632e-01 1.661935349244035021e-01 -9.771502041753031553e-02
-9.832613674805307236e-01 1.509738384687765722e-01 -1.020000262969499166e-01
-9.859516327943557146e-01 1.319230318023307258e-01 -1.024485898767577702e-01
-9.876145525647316292e-01 1.156907632435410227e-01 -1.059866285279352227e-01
-9.891571042371339884e-01 1.014886335722025856e-01 -1.061522631149290075e-01
-9.901193050602824508e-01 8.616266839200457939e-02 -1.106335361915231075e-01
-9.912424287361283337e-01 7.198552351444918729e-02 -1.107093261430605463e-01
-9.917103226506926994e-01 5.901794894210717068e-02 -1.141382536084350197e-01
-9.924087903642055952e-01 4.109214646085597444e-02 -1.159148472013907388e-01
-9.934359141224611278e-01 2.371605433534540799e-02 -1.119046745117937003e-01
-9.940136817113022216e-01 5.504478160638606732e-03 -1.091170190614452196e-01
-9.940224238926386180e-01 -6.656311410981944482e-03 -1.089731015553364601e-01
-9.935982702694685642e-01 -2.561085564391267846e-02 -1.100299237215987408e-01
-9.936088356711832992e-01 -3.856599245872301823e-02 -1.060856654861854487e-01
-9.934101491763606129e-01 -5.479610224132971941e-02 -1.006662051944043346e-01
-9.930218063688419639e-01 -7.111021219833023321e-02 -9.408002554609429247e-02
-9.919337941302873718e-01 -8.542245137800867638e-02 -9.365027632319668227e-02
-9.899430049006618937e-01 -1.058644160570584025e-01 -9.383812585309730947e-02
-9.875026952885981313e-01 -1.216283127712834977e-01 -1.002247607378771027e-01
-9.848399497094117994e-01 -1.392929677234791275e-01 -1.033816481719723734e-01
-9.823413648131067433e-01 -1.562914206934063188e-01 -1.028516276353374642e-01
-9.796946339439642770e-01 -1.709669947212897612e-01 -1.047317217673075784e-01
-9.782545127845813093e-01 -1.808055118235918635e-01 -1.016242957904036209e-01
-9.764626640470271957e-01 -1.934883705662986675e-01 -9.530444811435551111e-02
-9.751502462780919922e-01 -2.023019711642105312e-01 -9.031019399356050859e-02
-9.737314005434369868e-01 -2.093259693761798379e-01 -8.960926068685858004e-02
-9.708873302544458461e-01 -2.221506294517493763e-01 -8.959303123214015785e-02
-9.681292784417578901e-01 -2.348041828340631798e-01 -8.713619918064366421e-02
-9.652676513241054135e-01 -2.484598767060231805e-01 -8.078410322267573496e-02
-9.622096814589800040e-01 -2.614354621365706510e-01 -7.618430352832233909e-02
-9.601926115406684836e-01 -2.701071352189350350e-01 -7.122010817001463157e-02
-9.577096443017718563e-01 -2.782727595304563817e-01 -7.318830577867997678e-02
-9.549196041987381145e-01 -2.879293310100354275e-01 -7.228602502456774048e-02
-9.528259621426702353e-01 -2.951595883022269939e-01 -7.073558386260596353e-02
-9.501256441232587280e-01 -3.048291579873615431e-01 -6.588219907420306276e-02
-9.477383880463373655e-01 -3.111146063855207422e-01 -7.070833927833145016e-02
-9.455213890507870866e-01 -3.186498083067545450e-01 -6.672047784561963013e-02
-9.414221236139137527e-01 -3.306294750012492289e-01 -6.639695060175639096e-02
-9.381049138149972766e-01 -3.395562752731415279e-01 -6.826951216211771256e-02
-9.357909171614920973e-01 -3.457259914594453254e-01 -6.905735226048546893e-02
-9.329776239604261612e-01 -3.533190643678146836e-01 -6.869069544686226547e-02
-9.298653489138575257e-01 -3.614567635736345985e-01 -6.855261227469881813e-02
-9.252026785909914786e-01 -3.733456094027682304e-01 -6.791965222249217449e-02
-9.206393974608743092e-01 -3.850590395718722081e-01 -6.444110104361978897e-02
-9.166379321562565519e-01 -3.949273276887115269e-01 -6.170353855538288773e-02
-9.130997873962124478e-01 -4.033673318084221582e-01 -5.952808777083318931e-02
-9.095444381964847835e-01 -4.117413998601279213e-01 -5.655045323253273665e-02
-9.072674739578650005e-01 -4.172663500067776421e-01 -5.248373967530919892e-02
-9.021535342444269023e-01 -4.278416540763440024e-01 -5.541244473179193081e-02
-8.981662033377905141e-01 -4.362519509410363039e-01 -5.460518105362006935e-02
-8.953794677824858939e-01 -4.423805693353835000e-01 -5.094172946553553183e-02
-8.926799618685081761e-01 -4.481711814047362741e-01 -4.759303602123239607e-02
-8.868217357170629089e-01 -4.603225667177168745e-01 -4.062465719476374137e-02
-8.861996965536930171e-01 -4.620086559111488134e-01 -3.461385296195495370e-02
-8.847397352249968261e-01 -4.649681485759747379e-01 -3.225276478070097930e-02
-8.852908107360970558e-01 -4.642626879008564522e-01 -2.683945214267788315e-02
-8.869891628994013288e-01 -4.614933613596647333e-01 -1.655662369531856609e-02
-8.855295787231483029e-01 -4.645025688581901346e-01 -8.645703141779360196e-03
-8.858545174386759369e-01 -4.639473704690611489e-01 -3.825030734795734771e-03
-8.848000220558391860e-01 -4.659659783388711007e-01 -2.155803327473422050e-03
-8.850089706934093359e-01 -4.655713758240207500e-01 -1.560543186183793816e-03
-8.845992541506095819e-01 -4.663381388810785566e-01 3.594339047443237487e-03
-8.833896817263390266e-01 -4.686097955589326181e-01 5.248733992868357193e-03
-8.825143896630295304e-01 -4.702621039200589048e-01 4.682429564416347098e-03
-8.835236557062606799e-01 -4.683278809573265256e-01 7.413855248622078231e-03
-8.857315269753438525e-01 -4.640972162263841128e-01 9.667242284273434155e-03
-8.880334406111274337e-01 -4.597276347332915902e-01 6.865105529870322784e-03
-8.864281677540180038e-01 -4.628371045700805375e-01 5.190137559366036178e-03
-8.854778933952313080e-01 -4.646273484557973399e-01 7.095549352078419844e-03
-8.852696532926800366e-01 -4.649511965981702466e-01 1.086486085167375458e-02
-8.860164230579966604e-01 -4.635454125050686991e-01 1.002836343858868294e-02
-8.872885096614310241e-01 -4.610863407645983680e-01 1.088606716130435630e-02
-8.890061583357344865e-01 -4.576858312366441917e-01 1.384737607047792536e-02
-8.901864469400811997e-01 -4.554561670203218782e-01 1.130438431233465532e-02
-8.911336922073596067e-01 -4.534953301468985787e-01 1.492473334307753419e-02
-8.913652716336357695e-01 -4.530323937627860897e-01 1.515329157014311603e-02
-8.911842679044158499e-01 -4.532384181115632904e-01 1.911953215805286752e-02
-8.907773714707063473e-01 -4.539901556521995230e-01 2.021466217381524474e-02
-8.921018354572871623e-01 -4.509517735966346863e-01 2.822822670926085006e-02
-8.930984967124721008e-01 -4.489691654923848030e-01 2.831577876551404430e-02
-8.944629266166146397e-01 -4.455730412233093740e-01 3.742669939429740106e-02
-8.973684381885297379e-01 -4.396629397416434437e-01 3.776778467280435259e-02
-8.977137320746712001e-01 -4.388769612892415850e-01 3.869222272895917608e-02
-9.041422702426024083e-01 -4.248970845533346918e-01 4.460093530273638585e-02
-9.089276840249953526e-01 -4.145078036972499325e-01 4.509730164237830963e-02
-9.127937457737310689e-01 -4.056480168803288655e-01 4.751089112955521332e-02
-9.147848173448808184e-01 -4.009917601651218355e-01 4.872747647095426737e-02
-9.176961950563947701e-01 -3.939423080035111546e-01 5.141179263411320421e-02
-9.207115092336993767e-01 -3.864981588435359439e-01 5.393988247709327610e-02
-9.235475308029890140e-01 -3.796120350475790661e-01 5.435698801148962367e-02
-9.255268255919153475e-01 -3.745695181951830821e-01 5.565781288944715577e-02
-9.269103466627884869e-01 -3.694906571207160484e-01 6.568017048068194863e-02
-9.271759875241012416e-01 -3.679293601180972928e-01 7.051734116631316884e-02
-9.304910792960091603e-01 -3.590463880242275585e-01 7.260898025048231896e-02
-9.352386054045869201e-01 -3.465169174724164747e-01 7.248998743774415221e-02
-9.389883168367266775e-01 -3.350815352077518572e-01 7.759721258938287458e-02
-9.431780753116368876e-01 -3.218708325765279876e-01 8.254881783774961623e-02
-9.485351622531876803e-01 -3.064517503875663351e-01 7.980220893126147019e-02
-9.522705144264178578e-01 -2.958187004504618245e-01 7.531391348414658016e-02
-9.556221896709408137e-01 -2.838141757976715973e-01 7.896686696588182952e-02
-9.595335135141191962e-01 -2.704348306521694445e-01 7.848860179052734309e-02
-9.610374364574149064e-01 -2.629893919446855688e-01 8.510961865075461485e-02
-9.638783857839273717e-01 -2.519368496044988026e-01 8.640777199261118202e-02
-9.668729414984092996e-01 -2.382139427566066503e-01 9.171071464098719261e-02
-9.698970460360498702e-01 -2.228047225161246536e-01 9.827410056820939932e-02
-9.722824565786269968e-01 -2.112388854353204060e-01 1.002246538861223113e-01
-9.759646723360498877e-01 -1.908329807738904094e-01 1.052414184883879722e-01
-9.788890094492447291e-01 -1.752936032150089196e-01 1.051117700531286892e-01
-9.806217245258784798e-01 -1.627859867552626794e-01 1.090035812258978581e-01
-9.827540631336965093e-01 -1.492501919565394353e-01 1.091735152325004482e-01
-9.839943073814463315e-01 -1.366081424862846672e-01 1.144265867026052208e-01
-9.854158222126315758e-01 -1.239378580977942290e-01 1.165979846351674343e-01
-9.872085597596497175e-01 -1.048630074020707736e-01 1.200959399146348111e-01
-9.897215304136856018e-01 -8.367852831818231585e-02 1.159707762710536771e-01
-9.908832781177526750e-01 -6.719297811420099631e-02 1.167709628015324019e-01
-9.918707949635344745e-01 -5.012851030329385643e-02 1.169593240647756743e-01
-9.925780187296506796e-01 -3.544852085363283528e-02 1.163284314785877072e-01
-9.931621967992204647e-01 -1.950830654503365319e-02 1.151012662404452130e-01
-9.929929989515547950e-01 -5.960732332789004523e-03 1.180228735967813053e-01
-9.934612028652533011e-01 1.279903401243276048e-02 1.134506384693391851e-01
-9.935915874434866346e-01 3.056453947522470502e-02 1.088190697537675805e-01
-9.927667758986652435e-01 4.315052428989354233e-02 1.120365334217796466e-01
-9.917575826529527738e-01 6.070288936207419994e-02 1.128365206340277288e-01
-9.904122655764650007e-01 7.991866419774862340e-02 1.126790806347601898e-01
-9.890044160762556658e-01 9.549021567643262154e-02 1.129243447059876809e-01
-9.867641815413350503e-01 1.158623156927847120e-01 1.134565902275523480e-01
-9.841084689372273653e-01 1.370099670419122617e-01 1.129549210536753279e-01
-9.814515029972413762e-01 1.565262036895211373e-01 1.106910945674554891e-01
-9.786422647160999411e-01 1.708548358129140798e-01 1.143152067036433545e-01
-9.761768550421701107e-01 1.836321107135738540e-01 1.155768978169679634e-01
-9.724064396041279812e-01 2.034259715227299536e-01 1.142086421287985265e-01
-9.688732831272638402e-01 2.200552873459742931e-01 1.134030654110765590e-01
-9.655591255790245686e-01 2.365334162406154406e-01 1.083860729372803366e-01
-9.623534063553453866e-01 2.483463463825349993e-01 1.104537745889819927e-01
-9.588550713986463414e-01 2.626318229561324658e-01 1.078030621083099078e-01
-9.555782003098270971e-01 2.750979258652525572e-01 1.057896812776562140e-01
-9.504315513268745130e-01 2.904224677952141342e-01 1.110616021042610257e-01
-9.466434488227029043e-01 3.015486407222011667e-01 1.137304767671579731e-01
-9.408222209216843268e-01 3.192245344957411191e-01 1.137948525441358910e-01
-9.348638269410549650e-01 3.373296959802964956e-01 1.106269603523179906e-01
-9.282748428331347723e-01 3.558051590933532515e-01 1.082059505058979992e-01
-9.236606332661601027e-01 3.675671105606577171e-01 1.083765500539244919e-01
-9.193916443920951975e-01 3.780921853629286566e-01 1.084680893297728654e-01
-9.130148751152749043e-01 3.929574666394806681e-01 1.094910504348417662e-01
-9.056852920121679640e-01 4.095639205505919311e-01 1.095060259110919448e-01
-9.005062643318754168e-01 4.215014376586788680e-01 1.068879263287871861e-01
-8.946079977158528651e-01 4.345854647706668406e-01 1.039808962731890440e-01
-8.895486099960691062e-01 4.462556049766695510e-01 9.777130357640408109e-02
-8.827273970159330574e-01 4.600281488748577674e-01 9.574166814545757853e-02
-8.751023501053308840e-01 4.743942547244514585e-01 9.563467017430793415e-02
-8.680364158906275218e-01 4.872812696236039076e-01 9.523532520131836043e-02
-8.607586729201970321e-01 5.012207356159200655e-01 8.872599995598728917e-02
-8.564278600804667851e-01 5.093027200700085411e-01 8.451083816790565251e-02
-8.510314097233920849e-01 5.188677961410922412e-01 8.075748617543240804e-02
-8.435861014177831185e-01 5.320466457398580484e-01 7.272466889118757438e-02
-8.388397821462334480e-01 5.395982828690061295e-01 7.198287462379547585e-02
-8.348522186080037377e-01 5.456603739318546253e-01 7.263986948914641362e-02
-8.281801877920836885e-01 5.570999183373700481e-01 6.129665014062085637e-02
-8.222247761800596244e-01 5.653981489478558942e-01 6.535573699184157870e-02
-8.170738419621771387e-01 5.736514827196327326e-01 5.757025712050917871e-02
-8.123071489543906010e-01 5.804848237070697747e-01 5.651978911485465440e-02
-8.058400523113200542e-01 5.899758872392538711e-01 5.050033036621052324e-02
-8.048447728208913965e-01 5.911386617524687637e-01 5.272565861379074903e-02
-7.988263333610551298e-01 5.988276672007220025e-01 5.728817456908218836e-02
-7.930537857300822280e-01 6.067036737442952354e-01 5.455608106489116121e-02
-7.879585585877419973e-01 6.134573039862516453e-01 5.283433408488250049e-02
-7.818338479424912224e-01 6.213472034687127499e-01 5.160918228125681989e-02
-7.796522548553992404e-01 6.247058301059823515e-01 4.341667922356449300e-02
-7.796243957045912998e-01 6.255462174054968738e-01 2.962688639555263737e-02
-7.758719802034711455e-01 6.304669926743290409e-01 2.310979191560449605e-02
-7.728814830232063615e-01 6.342784446489548866e-01 1.857657033430945570e-02
-7.744104486469037818e-01 6.323707581636953678e-01 1.989226873913223920e-02
-7.743121327837247936e-01 6.324048204131310635e-01 2.246965199732647162e-02
-7.700064593288569181e-01 6.377432537729849082e-01 1.932914390475747382e-02
-7.673232120990668426e-01 6.409444751390108719e-01 2.013178816559047998e-02
-7.674282939605004961e-01 6.406651758643585604e-01 2.453501623457017555e-02
-7.641696624628032675e-01 6.447249419230864920e-01 1.935193192498356127e-02
-7.655503174141257139e-01 6.431791559680936077e-01 1.591558566297803998e-02
-7.635182864568885730e-01 6.456398136323958648e-01 1.375057468265080893e-02
-7.635590440771531373e-01 6.456115674992147779e-01 1.277932415560863698e-02
-7.655495945191197471e-01 6.432694353482233396e-01 1.175894929809625372e-02
-7.640280101346963448e-01 6.451446664465785297e-01 7.041314520506529277e-03
-7.619846657865561035e-01 6.475801065941118040e-01 4.404050004284548910e-03
-7.617895538315415660e-01 6.478168577152081387e-01 3.164734225643475903e-03
-7.614448385160121902e-01 6.482244200432960568e-01 2.623007108132052474e-03
-7.612142662163031703e-01 6.484969408405982794e-01 -2.140017984702864088e-03
-7.630579978659577378e-01 6.462965000018873196e-01 -6.583842981687822518e-03
-7.622013765233078830e-01 6.472762683794585081e-01 -9.083778934619337470e-03
-7.600145771894650792e-01 6.497285214107316742e-01 -1.518920771864507024e-02
-7.607693237064619973e-01 6.488458696144957516e-01 -1.513587451844530460e-02
-7.603880885033822423e-01 6.491864774053609510e-01 -1.915446511152854234e-02
-7.686245794470789594e-01 6.392759143757724694e-01 -2.329339519573787182e-02
-7.703889043512313073e-01 6.370449746214167375e-01 -2.597416860843155054e-02
-7.729969257872185695e-01 6.336943829034688003e-01 -3.011980935715164245e-02
-7.794717314745128744e-01 6.254041455675344308e-01 -3.596520280637519051e-02
-7.840101736559945689e-01 6.198085952771529294e-01 -3.413757685704842809e-02
-7.889439585947649602e-01 6.132848645110200447e-01 -3.806739446894263912e-02
-7.927260064715160315e-01 6.079527602236095563e-01 -4.448529399350856922e-02
-7.979588097321199669e-01 6.009356575944744261e-01 -4.623953735808637028e-02
-8.025176016111508215e-01 5.947056825418088888e-01 -4.786096217835923705e-02
-8.079832412293600497e-01 5.871139617114982112e-01 -4.960140496384993214e-02
-8.104850090055298883e-01 5.832732992660746296e-01 -5.391038965067043720e-02
-8.138862718902842852e-01 5.781116234107018803e-01 -5.810429369447647763e-02
-8.190980464597564792e-01 5.700806024154412288e-01 -6.392588470242921428e-02
-8.229997255736186679e-01 5.639851060507881098e-01 -6.776631601338943545e-02
-8.267393913135364647e-01 5.585164766906690614e-01 -6.753773643865607079e-02
-8.325906072993047857e-01 5.491456075717020546e-01 -7.233259628584916279e-02
-8.426430564118873034e-01 5.331727122161775689e-01 -7.536286081807704040e-02
-8.483188790428184411e-01 5.241956388410317080e-01 -7.465945344895347224e-02
-8.528309270288706445e-01 5.166565031664304142e-01 -7.579901081534275165e-02
-8.599225520395116229e-01 5.040813060373974253e-01 -8.022009651491357474e-02
-8.650461749208446793e-01 4.941224553284865872e-01 -8.682244594154905903e-02
-8.691040971348777955e-01 4.864189306479730357e-01 -8.974806408002593272e-02
-8.752412085978746870e-01 4.749588491254860823e-01 -9.147098541812738459e-02
-8.823291592394536531e-01 4.615565565844812479e-01 -9.198273010123272919e-02
-8.906187159102485484e-01 4.451078121424846823e-01 -9.315235556905089587e-02
-8.960442791473239854e-01 4.335951209380531912e-01 -9.539362653249633395e-02
-9.007791447659900808e-01 4.222827683055472847e-01 -1.013618241439867285e-01
-9.050082881991569073e-01 4.123935479734114340e-01 -1.043627491373573940e-01
-9.120925449178480804e-01 3.966758732648138497e-01 -1.036120870584769232e-01
-9.198558420679753267e-01 3.785785319769786605e-01 -1.026817820365166223e-01
-9.236823566810126174e-01 3.688954698195772153e-01 -1.035715201886620029e-01
-9.305756289746552889e-01 3.495167837183087434e-01 -1.089359466858403208e-01
-9.353405429828601791e-01 3.362322642385907057e-01 -1.099361498209714683e-01
-9.402987886508574755e-01 3.201929820460521769e-01 -1.153891948850969962e-01
-9.451462171855742334e-01 3.037795036695815076e-01 -1.200694221830129055e-01
-9.501775265855425534e-01 2.874461120220021537e-01 -1.205712465646121556e-01
-9.556389571263097515e-01 2.659155558442664602e-01 -1.266614619455731783e-01
-9.603311413631530069e-01 2.476990769054380481e-01 -1.280987566686017654e-01
-9.650697031231431078e-01 2.274158887128877315e-01 -1.300865376584447730e-01
-9.693155255180947449e-01 2.070661286811215918e-01 -1.324803985713462751e-01
-9.731435028426812517e-01 1.858175669349752535e-01 -1.358807586518516741e-01
-9.762631743268753715e-01 1.669083830816324721e-01 -1.380283747504921499e-01
-9.798300272969580060e-01 1.408937548101985848e-01 -1.417113048509819062e-01
-9.822150235579649724e-01 1.201098040934777678e-01 -1.443166976172345073e-01
-9.845347935319995747e-01 1.022819897753327045e-01 -1.422310143521772208e-01
-9.864346720193848395e-01 8.243046461150391191e-02 -1.419573275955418323e-01
-9.882697638613394675e-01 6.316447980251968519e-02 -1.390436926239959348e-01
-9.898813529865380101e-01 4.767657943187481040e-02 -1.336483297549022897e-01
-9.901196112423152895e-01 3.500188502170435700e-02 -1.357867772817048235e-01
-9.906458595566109970e-01 2.347897596760913780e-02 -1.344230041089027605e-01
-9.903937805975858710e-01 3.741488601279790993e-03 -1.382251289083501755e-01
-9.906005365450740729e-01 -1.997182556569808420e-02 -1.353208341054581154e-01
-9.900467130295155238e-01 -3.995723985837976860e-02 -1.349479526822387754e-01
-9.888920463858998922e-01 -5.828801682405722329e-02 -1.367298532177770032e-01
-9.877144543192166726e-01 -7.672140335246090126e-02 -1.361396635733148341e-01
-9.857335661360452361e-01 -9.539066835393131272e-02 -1.386722115045956605e-01
-9.839942746686157760e-01 -1.159423395989191419e-01 -1.353242991177996402e-01
-9.815999859446495890e-01 -1.382744940045113058e-01 -1.316877217952110157e-01
-9.790599962333238482e-01 -1.557685476197408492e-01 -1.310637534647985658e-01
-9.754133543732006473e-01 -1.754629917946563256e-01 -1.333474817991379402e-01
-9.715961760642440881e-01 -1.983340476440501043e-01 -1.290910525707794076e-01
-9.678497022802556859e-01 -2.167870434676909541e-01 -1.275553021947959942e-01
-9.634472253029116029e-01 -2.375649708198641075e-01 -1.238238738855636789e-01
-9.578927988472016875e-01 -2.610933628189923139e-01 -1.194640701449708187e-01
-9.545392595878686715e-01 -2.757539702521466518e-01 -1.132014650302671510e-01
-9.492134545953042624e-01 -2.950660383218813854e-01 -1.092239528273258736e-01
-9.436633720399584258e-01 -3.135245024999961938e-01 -1.058387824172988129e-01
-9.393877678368793838e-01 -3.285289694258586857e-01 -9.807833117135004997e-02
-9.344350305318855909e-01 -3.417646112080284237e-01 -1.001406286215904828e-01
-9.301966329008450884e-01 -3.548839901327665580e-01 -9.376352338124346875e-02
-9.259881648738160775e-01 -3.662648341162169086e-01 -9.162974594946454721e-02
-9.202546037500001219e-01 -3.812231044886592590e-01 -8.832003978838118274e-02
-9.172105930543000829e-01 -3.896138240517137974e-01 -8.322149035139647655e-02
-9.131022362456699959e-01 -3.992558703655562646e-01 -8.269870901895144677e-02
-9.074079825867364946e-01 -4.121838948709480865e-01 -8.194638613789609338e-02
-9.032697598317406262e-01 -4.218165845789980106e-01 -7.857817814056916594e-02
-8.998327057619419644e-01 -4.304066200833074896e-01 -7.107223875667519064e-02
-8.946123405673552798e-01 -4.415794752616211682e-01 -6.838382104854810739e-02
-8.941448593919330001e-01 -4.434755741240598015e-01 -6.192257652273645829e-02
-8.901906462062516567e-01 -4.515871066124675370e-01 -6.024714547554212152e-02
-8.869474410108449947e-01 -4.579007865290180002e-01 -6.042455271666204164e-02
-8.824238022802265435e-01 -4.661395622366269476e-01 -6.357799803755689871e-02
-8.782598428487107256e-01 -4.742777554287622710e-01 -6.099409162465272566e-02
-8.744980482357386231e-01 -4.813106837009509809e-01 -5.994338460152432574e-02
-8.687697912255510913e-01 -4.918391808766537920e-01 -5.773465127477594994e-02
-8.648911114732914518e-01 -4.993624255733900008e-01 -5.099561492467753754e-02
-8.612738594092177458e-01 -5.061573409658809419e-01 -4.485648852006240278e-02
-8.575847886304650558e-01 -5.127558269882160902e-01 -4.037092324162007417e-02
-8.524369063154837445e-01 -5.214390928960261906e-01 -3.811315058999167893e-02
-8.510326124951136384e-01 -5.240603211231180669e-01 -3.323087925358762795e-02
-8.519774081910710395e-01 -5.227748282495519039e-01 -2.899989542112323820e-02
-8.512839748162059905e-01 -5.240644970149738180e-01 -2.592327591871503023e-02
-8.481237321031658283e-01 -5.294864025821932607e-01 -1.817425117859931133e-02
-8.481435237824200835e-01 -5.295454961294056018e-01 -1.530194383675179993e-02
-8.499659009308775381e-01 -5.266641901442392637e-01 -1.352098223425720822e-02
-8.496207393542882791e-01 -5.272739710932047297e-01 -1.125955402888145947e-02
-8.502525373274462117e-01 -5.263579158228484101e-01 -4.241012839196825479e-03
-8.470502085714231022e-01 -5.315120941904820651e-01 -9.256178066242904713e-04
-8.482699817508028151e-01 -5.295331241075351691e-01 5.720795836437902321e-03
-8.490010592918632026e-01 -5.283503847183332880e-01 6.564393818873155879e-03
-8.485080694713320604e-01 -5.291175901609858068e-01 8.285578329247821755e-03
-8.521669427338686154e-01 -5.231346312757767514e-01 1.190287669021211289e-02
-8.517346690170759516e-01 -5.238098591504013468e-01 1.308832521959435100e-02
-8.550289496945404633e-01 -5.183241614329401337e-01 1.629656617966197818e-02
-8.548548674192754104e-01 -5.185240793121013159e-01 1.886674425988445203e-02
-8.555053766333262644e-01 -5.174011675277675470e-01 2.016436503528369617e-02
-8.569329716754077175e-01 -5.148897948068008601e-01 2.354571175720954895e-02
-8.586817115556824032e-01 -5.119007731786576754e-01 2.496669734468193874e-02
-8.618360276131232789e-01 -5.064402969864523207e-01 2.751193215772302497e-02
-8.626350777015142635e-01 -5.051378701787282433e-01 2.639079648552480895e-02
-8.671103192093899681e-01 -4.969036519000495367e-01 3.473433872852935839e-02
-8.700843090064840357e-01 -4.915933442975782830e-01 3.590680059373162203e-02
-8.717060366115048087e-01 -4.881771188808896045e-01 4.256413664112762563e-02
-8.730927644715724689e-01 -4.857892095422848833e-01 4.144741114024699108e-02
-8.752730858195496566e-01 -4.815185894909785325e-01 4.513194706536202694e-02
-8.784210848281335249e-01 -4.752298368292348640e-01 5.032911167380310635e-02
-8.840527244300366849e-01 -4.643143232772051210e-01 5.350709697613535015e-02
-8.875783893214883591e-01 -4.570967715995937763e-01 5.715911342358469260e-02
-8.911610166314553050e-01 -4.489998175943694658e-01 6.504788139709619110e-02
-8.951977653633844678e-01 -4.414092136862248217e-01 6.147265649267975862e-02
-8.990869907247611703e-01 -4.337660694747267343e-01 5.907284137150281556e-02
-9.052099018224505356e-01 -4.207700489052748072e-01 5.956190128196846290e-02
-9.086727648744900021e-01 -4.132793925555028336e-01 5.927875299009078419e-02
-9.122990860589684781e-01 -4.057798944845557587e-01 5.525463986192992449e-02
-9.148833228605496304e-01 -3.997352261146890351e-01 5.657097307698778083e-02
-9.214494287162088293e-01 -3.833760183063949500e-01 6.287925091159801694e-02
-9.258186800024099661e-01 -3.724131495941563896e-01 6.456190227344008048e-02
-9.290296564929849676e-01 -3.633774521404505853e-01 6.971905265278312280e-02
-9.321860348944405184e-01 -3.551377181350759416e-01 7.004583634704790451e-02
-9.360064693710637984e-01 -3.443562549921281857e-01 7.287441723723374343e-02
-9.394550932913668939e-01 -3.331134170732686361e-01 8.037164426032336606e-02
-9.426030623017584986e-01 -3.237910014786956059e-01 8.160193966219089767e-02
-9.451541241340284394e-01 -3.147288513209546834e-01 8.734674821590421301e-02
-9.483502001618313582e-01 -3.053025190557284163e-01 8.615272645928649664e-02
-9.509792907493427316e-01 -2.958822158859397700e-01 8.995624272916792619e-02
-9.537451688941894767e-01 -2.866535319448961783e-01 9.055345485809516981e-02
-9.581614076447522166e-01 -2.715630868066724046e-01 9.044462133797233350e-02
-9.632973128757306158e-01 -2.530123246524091929e-01 8.968318236671711519e-02
-9.658109405561290384e-01 -2.436399341591831413e-01 8.859363478726856034e-02
-9.685964696369054883e-01 -2.319303162804373097e-01 8.960597060364421107e-02
-9.722168726570539210e-01 -2.177719783657350583e-01 8.584719350485477130e-02
-9.744775441514733627e-01 -2.062380365761218581e-01 8.865331878886949235e-02
-9.765849004433624359e-01 -1.962540825712692782e-01 8.812655676077810196e-02
-9.800096389215267045e-01 -1.772380786143344378e-01 9.037584913087987060e-02
-9.824502874062970292e-01 -1.580567723222897625e-01 9.904298826359185515e-02
-9.849749495936839239e-01 -1.415883982189964918e-01 9.887921004907364309e-02
-9.867477601662383302e-01 -1.319256509138962141e-01 9.446959454664166644e-02
-9.884012824241276141e-01 -1.210798453912702299e-01 9.166569521461738479e-02
-9.896999005796747184e-01 -1.047196325571484732e-01 9.761111585727404172e-02
-9.916322801195281977e-01 -8.705018499567578061e-02 9.532948492368042981e-02
-9.926045191943659862e-01 -7.585447285320669197e-02 9.477548085229910158e-02
-9.931242542668492490e-01 -6.153708669993090963e-02 9.958627955593227221e-02
-9.942866138672344922e-01 -4.445066840932387908e-02 9.704788386469907768e-02
-9.948917414734778086e-01 -3.286975775838546499e-02 9.544645545008434429e-02
-9.952117353705245417e-01 -1.564104094760689415e-02 9.648307592089794271e-02
-9.954601373033560296e-01 1.496522297630639015e-03 9.516774486214167605e-02
-9.957208369683383520e-01 1.549563034588794658e-02 9.110391916688620473e-02
-9.959398854691843272e-01 2.663991257770460114e-02 8.598885476047403442e-02
-9.950371383676446246e-01 3.964666252097697602e-02 9.126477678666260196e-02
-9.945471507377666720e-01 5.466707854776244047e-02 8.881159451247779002e-02
-9.940987778842735878e-01 6.398507938364092484e-02 8.759881945473467491e-02
-9.933846441147204942e-01 7.836081267652260374e-02 8.394376415074984721e-02
-9.922181452032090565e-01 9.013479515666651676e-02 8.590049405631280943e-02
-9.909931994787507525e-01 1.045320618214902880e-01 8.369916532462118308e-02
-9.904552541637885454e-01 1.073018116941174549e-01 8.651435960132491942e-02
-9.891232953422153251e-01 1.200715280586281547e-01 8.495856891871743366e-02
-9.881358016299277569e-01 1.330635244412617935e-01 7.669262401895124426e-02
-9.872461004957121533e-01 1.409722570762955152e-01 7.397284819974962733e-02
-9.860558517044316629e-01 1.523379120944307608e-01 6.698537232205080405e-02
-9.842415085527808083e-01 1.643300341409215937e-01 6.530172160053972219e-02
-9.826473469870780075e-01 1.736512799103752669e-01 6.518777921869504943e-02
-9.803880566296571120e-01 1.867369107958512242e-01 6.299687705381258607e-02
-9.783395408193059639e-01 1.978110985572486824e-01 6.101257213989684514e-02
-9.762841843854723756e-01 2.063107919445262839e-01 6.561303717215036246e-02
-9.731647273905477125e-01 2.188707203251038513e-01 7.103551096805474363e-02
-9.705752769740660924e-01 2.304077167602236742e-01 6.997098230009603237e-02
-9.674237441221952283e-01 2.430411111378825151e-01 7.086847112475330723e-02
-9.644820706437571278e-01 2.555773110241649770e-01 6.674275852658016761e-02
-9.616926961568847965e-01 2.664038921918760461e-01 6.462311183857438746e-02
-9.593359383603570212e-01 2.752893624633125924e-01 6.237264186667303145e-02
-9.566678248019950814e-01 2.849468253844575916e-01 5.993331170605221275e-02
-9.547805285636467021e-01 2.924180294011266557e-01 5.372020698235008274e-02
-9.522063934881568326e-01 3.014666861402485187e-01 4.920206693510093682e-02
-9.498519434249852456e-01 3.087699410098241337e-01 4.942095855769113033e-02
-9.473138157215883481e-01 3.161836738960049908e-01 5.122929830982757282e-02
-9.427244340172220571e-01 3.287081562085736874e-01 5.675924741785527000e-02
-9.383940504431280694e-01 3.413845689578947629e-01 5.360228181060372465e-02
-9.371454202674416312e-01 3.446067811274312054e-01 5.481468940507112225e-02
-9.334736498084190703e-01 3.546931236421270173e-01 5.310137039532547565e-02
-9.325369383162536163e-01 3.577024340931879709e-01 4.923260826929936468e-02
-9.302367680117367144e-01 3.643602771437007837e-01 4.360236367439933314e-02
-9.278473802312445784e-01 3.709647338615763013e-01 3.852826750263629169e-02
-9.272947136825469006e-01 3.716483619773755520e-01 4.474406399276475987e-02
-9.246905490300881825e-01 3.781842723357493052e-01 4.386418721589645936e-02
-9.236255939343234189e-01 3.813785137556541249e-01 3.829116921057645201e-02
-9.200602064626013377e-01 3.899080959471189489e-01 3.822192250490284715e-02
-9.166710468938058520e-01 3.981234569659979350e-01 3.481274156743058290e-02
-9.171579662509226072e-01 3.971944929745968578e-01 3.252417375873199040e-02
-9.136994874003026013e-01 4.051711726516236678e-01 3.145774514128409083e-02
-9.131322163391130120e-01 4.066928438681132740e-01 2.811598103181691538e-02
-9.103685499894472732e-01 4.129503567396226038e-01 2.647882495798150812e-02
-9.077874298446240164e-01 4.187084853226531456e-01 2.460098755878157087e-02
-9.087612516560445997e-01 4.166198741393739025e-01 2.410166010946253670e-02
-9.095573080063096283e-01 4.147912875323254700e-01 2.556781758445979963e-02
-9.090078215468337941e-01 4.164249704406227659e-01 1.717691446997353377e-02
-9.075371334361989062e-01 4.198096554211771525e-01 1.167161744670680047e-02
-9.071379165439905634e-01 4.207315821077043938e-01 9.260571960417244425e-03
-9.082467582863361644e-01 4.183860405628050394e-01 6.400715392347466545e-03
-9.085251678924243235e-01 4.178149563772723396e-01 3.564208237984107814e-03
-9.098378428785345307e-01 4.149561576127350770e-01 -2.551298078033132060e-03
-9.090292879929500192e-01 4.167274607611805570e-01 -1.999805275634382404e-03
-9.087821015714924178e-01 4.172699435030831072e-01 -9.530573537464537802e-04
-9.093245470217045101e-01 4.160872151966427124e-01 5.654426151625343948e-04
-9.089934892429413216e-01 4.168051891018855759e-01 -2.071963654717182829e-03
-9.113203175197563954e-01 4.116594700753083980e-01 -5.637538603200826191e-03
-9.097833735230279606e-01 4.149714058981824882e-01 -9.641980216849060925e-03
-9.123296029003586938e-01 4.091155058889703877e-01 -1.670990875300969528e-02
-9.125927598496342830e-01 4.086296854710285142e-01 -1.400918856533983278e-02
-9.128321565618141564e-01 4.081849452121054100e-01 -1.106919155563428417e-02
-9.144933428693375888e-01 4.043694355256804429e-01 -1.368605282734373929e-02
-9.153137398921284973e-01 4.022532236177406295e-01 -1.982736521258826601e-02
-9.175923937855813284e-01 3.966648315356909316e-01 -2.610044965455019308e-02
-9.191489079928654160e-01 3.930114039678595517e-01 -2.659594836898771658e-02
-9.200026385153575736e-01 3.908992888385481312e-01 -2.815873440793247029e-02
-9.210367296934649506e-01 3.883626058648303458e-01 -2.942536591141113253e-02
-9.217068046103177315e-01 3.866067433875334802e-01 -3.149310337363216833e-02
-9.236313446516898340e-01 3.821620530538484828e-01 -2.928015645575247905e-02
-9.280939558257300659e-01 3.711284967983454752e-01 -3.008772565162555132e-02
-9.320893611515465027e-01 3.608632372356000428e-01 -3.141926383241849807e-02
-9.328214888166905805e-01 3.583624116871994558e-01 -3.768919392896637188e-02
-9.344455389871553219e-01 3.530747095696382676e-01 -4.636602008468718172e-02
-9.360636823534052020e-01 3.492264491092424983e-01 -4.272813390565301933e-02
-9.368797803944077796e-01 3.468731266978470895e-01 -4.399243890290240738e-02
-9.400659066816676734e-01 3.380381556728160319e-01 -4.479196445302181806e-02
-9.404047656168517122e-01 3.365083934681105116e-01 -4.900001711669780408e-02
-9.435660123392284326e-01 3.269391187258940401e-01 -5.285846185533175229e-02
-9.462740190609200130e-01 3.193952211120859030e-01 -5.051927809514372009e-02
-9.488119496314895152e-01 3.115689654138491527e-01 -5.177536064080537348e-02
-9.507082443903670521e-01 3.051498407543435931e-01 -5.511290943462816838e-02
-9.535516430197844562e-01 2.949192350115373285e-01 -6.133460362947006778e-02
-9.562802724162868806e-01 2.854527931723828682e-01 -6.359849226110482479e-02
-9.590735829796891432e-01 2.748494999400890038e-01 -6.808553384214020843e-02
-9.631440224382838977e-01 2.607673500463615346e-01 -6.598489393284399929e-02
-9.652642821360694070e-01 2.511834693732261092e-01 -7.191491852130989237e-02
-9.669527899367061918e-01 2.420863534823346208e-01 -7.997827759357670208e-02
-9.706206025601694654e-01 2.259643917320645345e-01 -8.267868561694462215e-02
-9.736941003724673971e-01 2.124638227963319415e-01 -8.233436948471985206e-02
-9.760702985737909065e-01 1.998758266111211046e-01 -8.565309108236787705e-02
-9.789980763920643758e-01 1.845113130579791594e-01 -8.670852191421347943e-02
-9.819358853250723662e-01 1.700741446359941844e-01 -8.292604106182596690e-02
-9.849982552693945514e-01 1.499818736618867276e-01 -8.534577097627524256e-02
-9.868052516170977562e-01 1.368082981446293867e-01 -8.659625278887096711e-02
-9.885145398187610288e-01 1.214848418660856022e-01 -8.989140069891576879e-02
-9.908733287879843976e-01 1.035751523197448870e-01 -8.626853304707046699e-02
-9.925262232956651998e-01 8.979994898649662494e-02 -8.262984129243571008e-02
-9.931310305827685259e-01 8.103436229956141601e-02 -8.440505760070012020e-02
-9.941919481948140458e-01 6.687449150585196567e-02 -8.432199031180319382e-02
-9.953722441532085741e-01 5.477863610784650811e-02 -7.895202177041864278e-02
-9.958754528547891782e-01 4.445657270403428896e-02 -7.909311408100673513e-02
-9.957995356679478771e-01 3.102957403444216861e-02 -8.614218681751953377e-02
-9.961649293565003616e-01 2.020807568770378176e-02 -8.512986053041442236e-02
-9.964817643817237558e-01 1.255866055349107516e-02 -8.286373876317107423e-02
-9.965023541429371967e-01 1.867750334420114483e-04 -8.356464146898050227e-02
-9.965811194060520961e-01 -1.031950496577919638e-02 -8.197320353961608241e-02
-9.961371072739949595e-01 -2.063405080355796423e-02 -8.535294734594302268e-02
-9.955998401035091039e-01 -3.763459034037514028e-02 -8.581737696348316902e-02
-9.951636481497382336e-01 -5.217295611845402387e-02 -8.323053555007906001e-02
-9.942606396806938918e-01 -7.035244753527630790e-02 -8.059987051482959963e-02
-9.932884395716142789e-01 -8.343452808774674823e-02 -8.010481216595331799e-02
-9.918634822954059960e-01 -9.707101651832009126e-02 -8.236550253638802443e-02
-9.907479085396824203e-01 -1.089401512121652982e-01 -8.093609129797935120e-02
-9.898703304449752993e-01 -1.203597526248682825e-01 -7.530129145303890437e-02
-9.884673095382379149e-01 -1.318228401424928475e-01 -7.453282754121742792e-02
-9.868397508299207033e-01 -1.432674734074185496e-01 -7.497841596185149393e-02
-9.842497282877047393e-01 -1.595883284876485897e-01 -7.605303094299878386e-02
-9.824775793884611419e-01 -1.696049283950353814e-01 -7.727871684489881488e-02
-9.804872597780840415e-01 -1.820900407479744132e-01 -7.408087522507617040e-02
-9.789833753868426580e-01 -1.918605364471783203e-01 -6.914557577833262136e-02
-9.776225505960440820e-01 -1.996235556024516244e-01 -6.636723471605304736e-02
-9.752165418044929091e-01 -2.105562982862263233e-01 -6.796151285240026318e-02
-9.723318402517501235e-01 -2.225631960119556496e-01 -7.096789195135538852e-02
-9.702355064022691877e-01 -2.322751098535975334e-01 -6.849350896093160668e-02
-9.672694181763304977e-01 -2.435513435215904687e-01 -7.122247674226050984e-02
-9.642072285404451604e-01 -2.549750481028374982e-01 -7.274730773151298624e-02
-9.622629793525362407e-01 -2.616866582538908137e-01 -7.463294854561521030e-02
-9.585399883037951652e-01 -2.751835570308310830e-01 -7.399409596429826208e-02
-9.556141369762166660e-01 -2.847321335869774650e-01 -7.569186790143342392e-02
-9.522089024978038774e-01 -2.977456028070453176e-01 -6.816001348634205537e-02
-9.482331147483462619e-01 -3.098278203786885010e-01 -6.971877291003091004e-02
-9.460408570966239994e-01 -3.169623517600089202e-01 -6.739131789407726281e-02
-9.407269009244059177e-01 -3.326714078734100410e-01 -6.605041747673200125e-02
-9.385679633459531601e-01 -3.397201935475676615e-01 -6.066624691613085180e-02
-9.345829791224087302e-01 -3.512136819181506109e-01 -5.660061733289281638e-02
-9.303146565864895967e-01 -3.627627275570773357e-01 -5.401729561455072964e-02
-9.262367926331350754e-01 -3.734565064323369099e-01 -5.114358821254549881e-02
-9.247399414257770900e-01 -3.775531308177167422e-01 -4.805932736280384143e-02
-9.179994020538507771e-01 -3.936559951656173340e-01 -4.808409413986895753e-02
-9.152885969495234697e-01 -3.999977848150880200e-01 -4.741920714025289058e-02
-9.130459005520945581e-01 -4.053560680960937024e-01 -4.509618863320840471e-02
-9.116111114896263690e-01 -4.086801357455646655e-01 -4.411068729224885965e-02
-9.082743324442469346e-01 -4.165063821350470930e-01 -3.949930539414860109e-02
-9.045688968692467968e-01 -4.246675781718816101e-01 -3.758434836336114332e-02
-9.026038725975692456e-01 -4.290364907406346573e-01 -3.512781176446355680e-02
-9.001794966502084661e-01 -4.341484099551075060e-01 -3.452616860784393782e-02
-8.984700104090811434e-01 -4.374274846311274056e-01 -3.753479065252698921e-02
-8.942376885975185097e-01 -4.460711299790764417e-01 -3.687177341929646218e-02
-8.920889460097622958e-01 -4.507330193536060459e-01 -3.189172108399170036e-02
-8.900790748483601300e-01 -4.551475770467448556e-01 -2.449383315068154668e-02
-8.870686330622123972e-01 -4.611849817313835587e-01 -2.043715004951019917e-02
-8.869534358626749437e-01 -4.616328837071143054e-01 -1.444671470096562174e-02
-8.860955964354210179e-01 -4.634897853810234780e-01 -3.440491050510662008e-03
-8.853415367315247142e-01 -4.649321990725659992e-01 -2.904781412709622063e-03
-8.827945575934845746e-01 -4.697592853884711150e-01 -8.322382354519763936e-05
-8.822598931402964029e-01 -4.707572401623550395e-01 -2.264037477627964950e-03
-8.840702078113827911e-01 -4.673216220530900245e-01 -5.513009738934468440e-03
-8.840868733513405076e-01 -4.673025589153507187e-01 -4.329301923828319208e-03
-8.852308625089616578e-01 -4.651480637581883459e-01 -1.903397820522243714e-03
-8.862625879459937739e-01 -4.631117221038691945e-01 8.135249963773041187e-03
-8.869132715636648401e-01 -4.618138951506746692e-01 1.062069803356686243e-02
-8.881026528061910508e-01 -4.593683422902911651e-01 1.595081781992096007e-02
-8.883038328918402282e-01 -4.589271486366629516e-01 1.738381797611951787e-02
-8.873617589269203743e-01 -4.607389843567217258e-01 1.757047246855679076e-02
-8.889013850307295739e-01 -4.578775167382870825e-01 1.423136581567040898e-02
-8.900540261733635994e-01 -4.553885798828168907e-01 2.061786441726190175e-02
-8.919149870646517764e-01 -4.516226486889047265e-01 2.290553652441534166e-02
-8.941164315981904309e-01 -4.471453932501129325e-01 2.483603491661980078e-02
-8.965946345001775120e-01 -4.421393375129259451e-01 2.511756763496118122e-02
-8.978852336650502419e-01 -4.396036313034053511e-01 2.346868336681267805e-02
-8.987440371333554889e-01 -4.372842034267631628e-01 3.227546920804613695e-02
-8.997292546123494272e-01 -4.350516849492766513e-01 3.489017918969634924e-02
-9.027848126429728337e-01 -4.282152642779404883e-01 4.014093262101002535e-02
-9.067148749459759127e-01 -4.195799022759962860e-01 4.267160812464401709e-02
-9.099985883358416849e-01 -4.121439816899606368e-01 4.516561464397723935e-02
-9.135908023762918662e-01 -4.033597297724891839e-01 5.150533589788329480e-02
-9.158423122306647013e-01 -3.979851691373498812e-01 5.329812119707113410e-02
-9.221782407771389467e-01 -3.833924137091576090e-01 5.096640796577438237e-02
-9.253556796331046108e-01 -3.755169002881100226e-01 5.199951190668039569e-02
-9.282330175293641572e-01 -3.678962585865032109e-01 5.509839945969724484e-02
-9.305874003894448743e-01 -3.605588897623449585e-01 6.328035434717521612e-02
-9.345156962258278632e-01 -3.492948501715630316e-01 6.836334939265183153e-02
-9.363437218616389446e-01 -3.440243957348857462e-01 7.005480754817799971e-02
-9.396076086100221270e-01 -3.345272580270701734e-01 7.231239154425952997e-02
-9.449318352856886927e-01 -3.194474449582010434e-01 7.111387351211830021e-02
-9.459456151475829078e-01 -3.168572385378109479e-01 6.919833773546654743e-02
-9.503333681226594498e-01 -3.038423859851279163e-01 6.742640553742287879e-02
-9.527530858417552206e-01 -2.955775003411045265e-01 6.996802863774939651e-02
-9.547382463078022408e-01 -2.886557294673530172e-01 7.178284751614200099e-02
-9.574983654369239039e-01 -2.789808549435701668e-01 7.325700768973467114e-02
-9.601355022505446701e-01 -2.706635132587164039e-01 6.986491401787410516e-02
-9.629126606757925089e-01 -2.612994390262624034e-01 6.724460846457469554e-02
-9.668653569781623380e-01 -2.453380747811412244e-01 7.057362769390936041e-02
-9.681630527215120408e-01 -2.411906786201992725e-01 6.698795599391273170e-02
-9.710028964041893529e-01 -2.297398202165730485e-01 6.612878708783585802e-02
-9.725158867467206258e-01 -2.221922267826648700e-01 6.959519158680094186e-02
-9.744866828338751841e-01 -2.116489862361601859e-01 7.470233066412922118e-02
-9.763269617497378761e-01 -2.028532203409955936e-01 7.507503831193096389e-02
-9.783952345867025224e-01 -1.927275331589543561e-01 7.482572765154330008e-02
-9.808879022900820477e-01 -1.797973440719796978e-01 7.437650696518438576e-02
-9.833878325465286174e-01 -1.647169090221056731e-01 7.626753863291002578e-02
-9.856136515136709741e-01 -1.494795670339419957e-01 7.887722082599200879e-02
-9.870103373248002576e-01 -1.378863965084341503e-01 8.244976051056092381e-02
-9.887020532720054433e-01 -1.237061338557366025e-01 8.464673504557736206e-02
-9.903750926476957428e-01 -1.082623584092006902e-01 8.623494156616416662e-02
-9.910337169703917759e-01 -9.933544280807342364e-02 8.935697715808980923e-02
-9.923360452732117309e-01 -8.540365285188426803e-02 8.930519058214084205e-02
-9.937034154826623888e-01 -7.089702359655368491e-02 8.675921654322998888e-02
-9.942242960532374774e-01 -5.883037210400725997e-02 8.976115063195372334e-02
-9.950388896813329165e-01 -4.698373876191486165e-02 8.769357947075813453e-02
-9.955567433576572034e-01 -4.169625738984082675e-02 8.442878836158558553e-02
-9.960978789393938326e-01 -2.571295943388171579e-02 8.442681280291525203e-02
-9.961772401896877849e-01 -1.240045051512124463e-02 8.647058885914592208e-02
-9.960929242263039107e-01 1.450949215208951343e-03 8.829954125007527521e-02
-9.963067741769648933e-01 1.337445152910101721e-02 8.481723550692933655e-02
-9.961125789045446322e-01 3.408143185032814354e-02 8.122938694618236921e-02
-9.950501483684015547e-01 5.516700517502796941e-02 8.265489118521900103e-02
-9.941621803459848028e-01 6.880058659388792186e-02 8.311477443201757687e-02
-9.932657250005307858e-01 8.346917219412977595e-02 8.035000939338757253e-02
-9.918288967122537159e-01 1.001678956890020011e-01 7.900543831141047801e-02
-9.906966417698080951e-01 1.119476812319405989e-01 7.738157109036616910e-02
-9.889917156476949467e-01 1.255768958375448052e-01 7.826785143922360133e-02
-9.861380995350462753e-01 1.444690622236093624e-01 8.161106624232021545e-02
-9.837363873726279184e-01 1.590368754823975050e-01 8.348664514142425941e-02
-9.814256085766407400e-01 1.719672573789369496e-01 8.503566822588520813e-02
-9.793210515198492727e-01 1.842001044650390384e-01 8.366975042132540619e-02
-9.764911375593204879e-01 1.990307564978015531e-01 8.277586403793477099e-02
-9.733800153967382407e-01 2.158201528077164366e-01 7.715590584020538822e-02
-9.714509383894347483e-01 2.250255832457991045e-01 7.514377981822105423e-02
-9.693545126624864006e-01 2.346274460710386922e-01 7.281357498548167440e-02
-9.668079763723833597e-01 2.450092413711587036e-01 7.247644316225149153e-02
-9.652234606770226932e-01 2.513200241803801860e-01 7.198571206550938295e-02
-9.628046331315993633e-01 2.605571005685611841e-01 7.153504090543266747e-02
-9.579015561357775432e-01 2.770014735702844288e-01 7.546402545714486765e-02
-9.555609360340251435e-01 2.871155671148978294e-01 6.684291193312955071e-02
-9.514491225321000112e-01 3.011278269115296724e-01 6.377009656784325686e-02
-9.487876534183454780e-01 3.101989346306781026e-01 5.982169920126461510e-02
-9.462734044333641625e-01 3.175745955462195291e-01 6.093477165526457046e-02
-9.427667887313907480e-01 3.282952399451337100e-01 5.842125932048321257e-02
-9.403298902446309837e-01 3.361157970089257430e-01 5.297069359226490304e-02
-9.384527118450758376e-01 3.425378504798816115e-01 4.443370571757703641e-02
-9.369347756684852646e-01 3.461701307449326359e-01 4.816110869545927459e-02
-9.332842840998151202e-01 3.552671651961742394e-01 5.259003912877433656e-02
-9.318937117713469442e-01 3.588936362145416226e-01 5.262597910346609315e-02
-9.301490202634369320e-01 3.630159628915125558e-01 5.515647417959453763e-02
-9.286408281859110936e-01 3.668972984142157556e-01 5.488725257674421931e-02
-9.262704384814605119e-01 3.737833790104603260e-01 4.805295089058448516e-02
-9.246243778851150896e-01 3.779848797120819448e-01 4.687447302019504686e-02
-9.221984874748970773e-01 3.840547858937273795e-01 4.529786697041593424e-02
-9.155314231013350623e-01 3.991769601136276324e-01 4.959832747482068732e-02
-9.124347887854480366e-01 4.062982858375844830e-01 4.883119291203485979e-02
-9.102174177436497260e-01 4.115383138231511473e-01 4.626548259009499731e-02
-9.063501054913370991e-01 4.199429585704183565e-01 4.666287633387060374e-02
-9.046563148297566137e-01 4.236705848717500777e-01 4.582808901605946866e-02
-9.046259460887527970e-01 4.242927830488850138e-01 4.034300608284962369e-02
-9.011207670872156683e-01 4.314571934249255003e-01 4.273265449808481831e-02
-9.013399058371514005e-01 4.314147080801566392e-01 3.831122827115117369e-02
-8.986070223275184343e-01 4.372197768913906879e-01 3.666486830460790464e-02
-8.990433779107216417e-01 4.362231179912332002e-01 3.782092551874281783e-02
-8.962101503481515463e-01 4.422130330427960221e-01 3.542634903800066792e-02
-8.939047168508280627e-01 4.469435267428965020e-01 3.429092425745741690e-02
-8.898049766435732755e-01 4.550475851889148604e-01 3.433402317930567965e-02
-8.844934042707476296e-01 4.650672526573523258e-01 3.720073645563203718e-02
-8.794248671474564905e-01 4.744853291233511183e-01 3.841356543896320974e-02
-8.764124170738676334e-01 4.800340251831908822e-01 3.832279196695629470e-02
-8.732651862078975036e-01 4.860021057763187491e-01 3.478353522170667123e-02
-8.692204710595942130e-01 4.929912081767741650e-01 3.762270583851181488e-02
-8.671481464802981431e-01 4.968304071359562757e-01 3.483769746104359299e-02
-8.647396143070256169e-01 5.012145897308426523e-01 3.177044266392806127e-02
-8.614323816371703968e-01 5.071325448245144196e-01 2.740182985572433769e-02
-8.571047902396179419e-01 5.145356557613486315e-01 2.498927504286718726e-02
-8.545048430869047751e-01 5.189548482737642576e-01 2.252476280816962870e-02
-8.535394531309488109e-01 5.207405608536178621e-01 1.731174571826831279e-02
-8.518997805519292754e-01 5.235956004403218289e-01 1.069754339201803989e-02
-8.528360504975677214e-01 5.221661188356896410e-01 3.638915103710131140e-03
-8.554383493326427335e-01 5.178911452722086972e-01 -3.744157666942218160e-03
-8.563839338363452569e-01 5.161906060041352440e-01 -1.240334016760359648e-02
-8.589579765111874377e-01 5.118816850736254143e-01 -1.297543056723501551e-02
-8.583006588700624606e-01 5.129585525884591268e-01 -1.391147141178778433e-02
-8.583934955462468874e-01 5.128393782047028227e-01 -1.250622629127954959e-02
-8.605168055921883496e-01 5.090959933364627155e-01 -1.822426302566843709e-02
-8.637584384446701513e-01 5.033573130761876957e-01 -2.351175134272541142e-02
-8.664633911647968700e-01 4.984389287180568950e-01 -2.828167799580818750e-02
-8.706015267445339489e-01 4.908246646707120631e-01 -3.382539986179483593e-02
-8.757379888239227306e-01 4.814022967874231340e-01 -3.653534110165045090e-02
-8.801931523860995199e-01 4.730187805324755912e-01 -3.890084078813695750e-02
-8.811005573759796983e-01 4.711597995385857218e-01 -4.086904422106710233e-02
-8.831512110645495239e-01 4.670719352854317830e-01 -4.344851399558954247e-02
-8.900938518660669319e-01 4.537383313259619744e-01 -4.306378074789669191e-02
-8.919731845724689911e-01 4.492024015773491974e-01 -5.100066941835214307e-02
-8.965837714504939493e-01 4.390115521859201397e-01 -5.836459606169253772e-02
-9.019659844382528213e-01 4.278904171832783598e-01 -5.802742476659916021e-02
-9.061957267834579444e-01 4.184317673223125200e-01 -6.102613429340209700e-02
-9.088559498622726940e-01 4.114570713554877024e-01 -6.843953320674929508e-02
-9.138148334693391162e-01 3.997250498479539838e-01 -7.184959090020792694e-02
-9.189192009715725362e-01 3.882440911235055525e-01 -6.967106004241596651e-02
-9.227047820168663428e-01 3.789602928113482982e-01 -7.074609930445811823e-02
-9.262855009216394153e-01 3.703366851979100760e-01 -6.961278007436984272e-02
-9.288973064440310123e-01 3.634854837083300594e-01 -7.090928023218089071e-02
-9.317672790218743950e-01 3.545421475100371533e-01 -7.816413884784392807e-02
-9.367673739734094784e-01 3.409975108051238046e-01 -7.866138764724700527e-02
-9.396490722480707047e-01 3.323472248728379097e-01 -8.127098182884365252e-02
-9.451984673796653968e-01 3.161497804289735702e-01 -8.154264497477993479e-02
-9.487196905171879635e-01 3.054012540525972152e-01 -8.161526950401563896e-02
-9.526308597241427423e-01 2.920053536081133050e-01 -8.501381211575582963e-02
-9.555905820546797269e-01 2.813924625472027929e-01 -8.754970764785618975e-02
-9.590875856713739767e-01 2.693213544187039177e-01 -8.727566002449384241e-02
-9.631914788206897837e-01 2.536296877432634989e-01 -8.907405131191545311e-02
-9.658991674063701627e-01 2.418135146411598546e-01 -9.254756967964014591e-02
-9.688589980688143699e-01 2.295710555599513036e-01 -9.278686562753225842e-02
-9.710872663354589429e-01 2.182563132893672875e-01 -9.671470023054060117e-02
-9.732445526314749129e-01 2.068182802497889328e-01 -1.001062950137435320e-01
-9.766630965295852729e-01 1.887802144284975725e-01 -1.024268396577176221e-01
-9.791905088557752990e-01 1.724494920817205290e-01 -1.069913614310604166e-01
-9.824377886576299845e-01 1.548677252723857367e-01 -1.040769430810381813e-01
-9.840171220061345592e-01 1.418451333348023091e-01 -1.076582236338933796e-01
-9.859189633012891418e-01 1.245136666590502955e-01 -1.116251583865193464e-01
-9.883674821181536174e-01 1.053187659604229443e-01 -1.097164938341713553e-01
-9.905814070959801931e-01 8.462153298015420710e-02 -1.076461935434254724e-01
-9.922219274416178569e-01 6.354377123557419793e-02 -1.070414251431355962e-01
-9.930991396522829140e-01 4.409385894427632346e-02 -1.086731864010264947e-01
-9.937458283656805946e-01 2.845675194867303137e-02 -1.079790388568809961e-01
-9.940056643133154957e-01 1.447359815297808057e-02 -1.083664396645670908e-01
-9.941727622281032462e-01 6.485623973689808724e-03 -1.076033758188162659e-01
-9.944654603332320209e-01 -1.471383733143941108e-02 -1.040287545492689092e-01
-9.938288052771686587e-01 -2.825024782970224704e-02 -1.072672371059443103e-01
-9.931714225981520539e-01 -4.533449135285812226e-02 -1.074957677813306589e-01
-9.927177768380422984e-01 -5.851834517955696591e-02 -1.052950594575864651e-01
-9.918594221943445310e-01 -7.304056156084406948e-02 -1.043072076787554953e-01
-9.910641013234653407e-01 -8.647080471501289445e-02 -1.015616929214483988e-01
-9.898809973511112359e-01 -1.045854419613691105e-01 -9.590373626557616160e-02
-9.881474520442753429e-01 -1.193692891822343977e-01 -9.651743941771299962e-02
-9.865848291456249530e-01 -1.339205571228989089e-01 -9.335785672908579469e-02
-9.846517700247255922e-01 -1.465874963823834976e-01 -9.472606774048877853e-02
-9.815292527125801803e-01 -1.676856896134682751e-01 -9.209704475809758761e-02
-9.790718238441230570e-01 -1.816814542825276879e-01 -9.170737683957530528e-02
-9.766306109180660222e-01 -1.966216261237880569e-01 -8.679064030162444987e-02
-9.731858053778132955e-01 -2.124598825682209591e-01 -8.814882846723923193e-02
-9.707065374946542979e-01 -2.234730598920121047e-01 -8.825326638126844425e-02
-9.676406830150925398e-01 -2.373369866667695005e-01 -8.568951236141639227e-02
-9.637315499209616609e-01 -2.530475071765999062e-01 -8.478495141206823793e-02
-9.601444453963493553e-01 -2.674919685014726656e-01 -8.105997557195132597e-02
-9.563995163747560646e-01 -2.817422301730110878e-01 -7.695004413221966100e-02
-9.532602639166293246e-01 -2.923359258231332247e-01 -7.638458033063749708e-02
-9.485737141798804561e-01 -3.061510813260780450e-01 -8.049504893359608892e-02
-9.470635166546151895e-01 -3.124410199743072880e-01 -7.383314256267335673e-02
-9.445940104183141450e-01 -3.182488944507839701e-01 -8.037303918386848323e-02
-9.410047546222486403e-01 -3.298151136833259445e-01 -7.571044051308797873e-02
-9.364125674066816618e-01 -3.436448846873708107e-01 -7.099101764795796854e-02
-9.322460555371476776e-01 -3.554049120760982561e-01 -6.785770434423125941e-02
-9.285803383838751035e-01 -3.649424324917631135e-01 -6.749521279667429485e-02
-9.245973852316774488e-01 -3.750794784556301109e-01 -6.659645401006053511e-02
-9.212283531764481337e-01 -3.835930667261492899e-01 -6.476656506175662575e-02
-9.165722648157241803e-01 -3.952450616348094914e-01 -6.063540204733670197e-02
-9.128479244958944694e-01 -4.044295416086530759e-01 -5.608422025935361210e-02
-9.089795280580014181e-01 -4.132781030897573205e-01 -5.438248051260601013e-02
-9.034951150035600564e-01 -4.255002049596368074e-01 -5.144103137385312718e-02
-9.014255437561056183e-01 -4.302697732638610106e-01 -4.795767067116441656e-02
-8.966367316569018309e-01 -4.403033071231638451e-01 -4.664328500121310561e-02
-8.932601331753086127e-01 -4.472986772235068575e-01 -4.483586348807035854e-02
-8.889240080888556328e-01 -4.562923197465669767e-01 -4.014291310364721116e-02
-8.871131923182721257e-01 -4.597918902212974057e-01 -4.026944736564714439e-02
-8.863263587876681893e-01 -4.613502261208041189e-01 -3.976909930506912494e-02
-8.833885130561031085e-01 -4.667699968704756563e-01 -4.183935628239245780e-02
-8.802261403959923403e-01 -4.730441404131172645e-01 -3.783133179908576560e-02
-8.785764878042845449e-01 -4.763024730296915310e-01 -3.520420283211395107e-02
-8.763561009868062746e-01 -4.810354492396338721e-01 -2.459486280143909770e-02
-8.732551351719980426e-01 -4.865559150680760503e-01 -2.624570280594217681e-02
-8.714417905944912279e-01 -4.895283747578418332e-01 -3.084157006904909501e-02
-8.683298718983397668e-01 -4.951892582151073974e-01 -2.812220762108959271e-02
-8.661731647940724699e-01 -4.990138147061622398e-01 -2.700532826477861081e-02
-8.646201445378149941e-01 -5.018756312526303498e-01 -2.351346107421209419e-02
-8.623779268811090359e-01 -5.058521883349182957e-01 -2.044263186266514001e-02
-8.600564027716749438e-01 -5.099818435400090832e-01 -1.488387774390607932e-02
-8.611839693722382894e-01 -5.080601791139701673e-01 -1.539648646962298896e-02
-8.599089502112162720e-01 -5.103732748870141167e-01 -8.703111805263341605e-03
-8.619556122554127287e-01 -5.069397372594665052e-01 -6.682203475074656104e-03
-8.627045008471643239e-01 -5.056629817731301824e-01 -6.776402910391044615e-03
-8.593547307850371020e-01 -5.113772539526665328e-01 -1.666537286830914108e-03
-8.616567459926683936e-01 -5.074777188833577979e-01 3.747469413226055604e-03
-8.632384039653064889e-01 -5.047293674852496581e-01 8.231051454969249420e-03
-8.629409212296079712e-01 -5.049752763023211966e-01 1.824729041783556410e-02
-8.660830225563396212e-01 -4.994402702958490314e-01 2.143924541445161799e-02
-8.688669928837567946e-01 -4.942388654303464524e-01 2.825100858792092134e-02
-8.672507269128492124e-01 -4.969099947116974447e-01 3.092993262213908703e-02
-8.690779978497689129e-01 -4.937809096792559749e-01 2.973001461632371334e-02
-8.698082678347973662e-01 -4.924764422667127217e-01 3.000929686300053689e-02
-8.721581521561854178e-01 -4.882007322697110019e-01 3.162640587533233072e-02
-8.758111938653901918e-01 -4.817163851136075925e-01 3.006831937942731556e-02
-8.782268491505954566e-01 -4.772059729362919112e-01 3.149742363746372426e-02
-8.800232823289316775e-01 -4.738495536511176387e-01 3.202576991259668132e-02
-8.834134481166373565e-01 -4.672789716663658943e-01 3.508659954400297765e-02
-8.889134721772965486e-01 -4.567781295775940609e-01 3.444715426507283934e-02
-8.910098549788376676e-01 -4.523437538991730289e-01 3.855637116567216249e-02
-8.934561303024041168e-01 -4.475759903245371540e-01 3.757530053824532229e-02
-8.961702620152923737e-01 -4.425117020399751411e-01 3.259266957696349554e-02
-8.990213706180479880e-01 -4.363895765462700305e-01 3.639697566342974672e-02
-9.031193768515087816e-01 -4.274262668119115927e-01 4.101469354404431444e-02
-9.064760981708636089e-01 -4.204316227858125310e-01 3.922195075300461548e-02
-9.074766096381238212e-01 -4.185075532824606981e-01 3.657401022511606870e-02
-9.084506445956630483e-01 -4.161297030876086600e-01 3.941476893908397311e-02
-9.101983298039010295e-01 -4.121037232724535926e-01 4.134669539963113649e-02
-9.124338381818110078e-01 -4.067819884324410662e-01 4.464227253005421253e-02
-9.169671038012936481e-01 -3.965117805620698155e-01 4.415615533314625613e-02
-9.218961480450252877e-01 -3.848508323979077939e-01 4.469179672132127246e-02
-9.228667905606199318e-01 -3.826053796439834453e-01 4.393219782766459580e-02
-9.279194810427012774e-01 -3.695356334496835427e-01 4.908034786298585278e-02
-9.310278497356045957e-01 -3.615312223697310645e-01 4.982315269354299636e-02
-9.319463048966835084e-01 -3.594407688922677258e-01 4.773307792222798024e-02
-9.364223687989566836e-01 -3.475498732494352594e-01 4.818984482189688640e-02
-9.387982166456581012e-01 -3.410186882925494434e-01 4.862294722090660520e-02
-9.417342334757452527e-01 -3.339718772886165477e-01 3.999308710157212232e-02
-9.447857249856278505e-01 -3.245624039854092535e-01 4.515759505487070002e-02
-9.484144533605897154e-01 -3.138379226160687985e-01 4.489779047449389549e-02
-9.512123966344117054e-01 -3.039377232990691513e-01 5.307415602124782028e-02
-9.531813152218767682e-01 -2.962087211140193022e-01 6.087531143351851415e-02
-9.555836286681222980e-01 -2.886350861155386194e-01 5.957973900982625748e-02
-9.580348896734250941e-01 -2.794617140051897097e-01 6.379914158919280931e-02
-9.602586232508766306e-01 -2.733265733889110316e-01 5.653309099364377255e-02
-9.626753484885021139e-01 -2.639777046413825379e-01 5.976599918644222992e-02
-9.647398313246539070e-01 -2.558581474147511026e-01 6.175513060523792064e-02
-9.671312012148569615e-01 -2.467731987346535316e-01 6.132094180276929235e-02
-9.676693396254943957e-01 -2.437137317518939805e-01 6.495918710543394092e-02
-9.705299442836674562e-01 -2.318289532083495363e-01 6.577988786428506929e-02
-9.730823215489050604e-01 -2.197752769781349258e-01 6.935166391712552225e-02
-9.757300025256625542e-01 -2.081140988363186228e-01 6.811397939001731516e-02
-9.781184329673806577e-01 -1.962296386720435715e-01 6.912517792435270148e-02
-9.803425664215117408e-01 -1.852358188801015992e-01 6.794243149796506953e-02
-9.830229848962936945e-01 -1.699755748864248406e-01 6.909519099703453904e-02
-9.843001675989548893e-01 -1.609773455312826784e-01 7.238442428333521916e-02
-9.863369538931573421e-01 -1.479048845945409862e-01 7.255059683391537617e-02
-9.883156230842267131e-01 -1.336946872446576895e-01 7.319829511110678699e-02
-9.900817187004037345e-01 -1.208096171248021350e-01 7.171650541859610206e-02
-9.913834386014770406e-01 -1.067662141679509291e-01 7.589389982289326819e-02
-9.926792352118827267e-01 -9.398988390293179507e-02 7.585425863089399756e-02
-9.936338609484348661e-01 -8.370399781667599293e-02 7.540173706904598760e-02
-9.941585798537546648e-01 -7.450559940818508864e-02 7.808754498012428213e-02
-9.948369127680471991e-01 -6.651852709599950786e-02 7.664746174276114432e-02
-9.954994786327484579e-01 -5.420830124866987676e-02 7.773209762939732592e-02
-9.967696080094031741e-01 -4.024689059018061316e-02 6.950227844754579276e-02
-9.970858638001610652e-01 -3.316316262764990724e-02 6.870236657761466526e-02
-9.974078783625485167e-01 -2.274476253789572966e-02 6.826587913418105669e-02
-9.977191614061262648e-01 -1.306760278011543860e-02 6.622494130754674746e-02
-9.977553953365780881e-01 -4.301836243092403700e-04 6.696279693024434487e-02
-9.979605464253026303e-01 1.014668736423164457e-02 6.302239716363494670e-02
-9.976482783911281293e-01 2.586127115359664747e-02 6.347548640373491813e-02
-9.974871918340094679e-01 3.682553297908641027e-02 6.052447580210170569e-02
-9.970057761988232459e-01 4.999999637340141884e-02 5.898739151474308856e-02
-9.967736022666691120e-01 5.902929666320330671e-02 5.438711042358392728e-02
-9.958978305189253311e-01 7.090131510329392150e-02 5.621872208352642064e-02
-9.951641490781876209e-01 8.206132643578356589e-02 5.398411819153749874e-02
-9.948958847295172880e-01 8.934217003628056042e-02 4.690612940680250614e-02
-9.943863754124878662e-01 9.396306690931882644e-02 4.864882631654345729e-02
-9.937412946688635174e-01 9.747472273623794536e-02 5.456141223861323691e-02
-9.930452163759010409e-01 1.054386751082534018e-01 5.238238223328093440e-02
-9.927005783245635984e-01 1.103082095179986621e-01 4.876156962511939835e-02
-9.919618539611518848e-01 1.188501175386857817e-01 4.343224256224216540e-02
-9.911105704847604780e-01 1.271630889854294399e-01 3.910774205723950570e-02
-9.905388998710216164e-01 1.311325257968137814e-01 4.045958699476825959e-02
-9.897396381133225507e-01 1.386211302899925946e-01 3.463611507410960244e-02
-9.884188453839142241e-01 1.478891181417901213e-01 3.401505964691924760e-02
-9.881403321433513964e-01 1.511890575752503629e-01 2.684366272189378858e-02
-9.874464554255684146e-01 1.557871522120714003e-01 2.607470484786911236e-02
-9.867177387462017224e-01 1.601174155958312861e-01 2.739610704381279307e-02
-9.853631878198945149e-01 1.689134075025372217e-01 2.297124263436080283e-02
-9.851403759930206228e-01 1.704211509278412695e-01 2.133307346759456477e-02
-9.854677651524609283e-01 1.687939375947649367e-01 1.902418532190026240e-02
-9.842654067937535167e-01 1.753979891223139131e-01 2.138185418218696565e-02
-9.841690725989340471e-01 1.762080736387496571e-01 1.902578815471829207e-02
-9.826417566908152157e-01 1.841393576607839588e-01 2.253673300177672784e-02
-9.823144611572572904e-01 1.859726276273383216e-01 2.173730713731688094e-02
-9.822978255612266896e-01 1.860355642248752439e-01 2.194948947503830294e-02
-9.815796531272122927e-01 1.898306796427122189e-01 2.158070841647541718e-02
-9.804491990853804184e-01 1.960973665607848304e-01 1.628557824105972968e-02
-9.786443264074364823e-01 2.049887725186661513e-01 1.532692694438104325e-02
-9.782467218553280164e-01 2.069965372079686505e-01 1.363135725448763429e-02
-9.778347724955813725e-01 2.091398999315232099e-01 9.984441684510850928e-03
-9.775571316150554191e-01 2.104280143702886297e-01 1.010615254256952075e-02
-9.761380959970779037e-01 2.170127723296031153e-01 7.739719023792727276e-03
-9.751383503937213204e-01 2.213328575457760294e-01 1.081632909723244905e-02
-9.752067756061685300e-01 2.211362066768426948e-01 8.399531475035422468e-03
-9.744063214286348140e-01 2.247317136498114820e-01 5.292145905055159125e-03
-9.750769730721474682e-01 2.218330815992420324e-01 3.874232657101563289e-03
-9.745998772871342641e-01 2.238198179912528063e-01 7.732883994655647200e-03
-9.743329470264160408e-01 2.249317206981548134e-01 9.003254850915966626e-03
-9.736395440797799283e-01 2.280293760182200702e-01 5.354532971384282428e-03
-9.735357420288827113e-01 2.285246429700685811e-01 -2.162351327021892929e-03
-9.739289911033330860e-01 2.267849204920180106e-01 -5.563216910705163359e-03
-9.739117535007754123e-01 2.268827361129571452e-01 -4.488842297855150099e-03
-9.741261948362164302e-01 2.259561475018734555e-01 -4.690969858725047362e-03
-9.737675838363988312e-01 2.273402229411158326e-01 -9.651164914763308775e-03
-9.737951313910060414e-01 2.270252152993217365e-01 -1.351380779209956917e-02
-9.725425080180455373e-01 2.324287765767773795e-01 -1.174577591874947750e-02
-9.735047982743361139e-01 2.284258645957123190e-01 -1.049101691867375050e-02
-9.757712077204304668e-01 2.185332484932140940e-01 -1.066765255260632150e-02
-9.758342964348002413e-01 2.184321093718265550e-01 -5.904984385045688317e-03
-9.757850059116803809e-01 2.186050944298012499e-01 -7.447433899192505875e-03
-9.770737496807623268e-01 2.125078248542585924e-01 -1.293606014662890095e-02
-9.771360776535876758e-01 2.121398699224837647e-01 -1.420531353910151583e-02
-9.783519690920897682e-01 2.064133403768464159e-01 -1.486563471203715577e-02
-9.786026563600723760e-01 2.050276714723763272e-01 -1.733564288266720849e-02
-9.798492121362337715e-01 1.986664559733921365e-01 -2.066858590679123212e-02
-9.810682766350180550e-01 1.924530966531980136e-01 -2.160721894350298850e-02
-9.810325075483722346e-01 1.923573509488664679e-01 -2.395617702479353045e-02
-9.818550865153670149e-01 1.886883509778465584e-01 -1.890304371375028936e-02
-9.810910842566080703e-01 1.922920371331758305e-01 -2.200196752109657289e-02
-9.814516060636254702e-01 1.905174811540427948e-01 -2.135097305774543222e-02
-9.825183120414021642e-01 1.851162442289123744e-01 -1.974265237308223467e-02
-9.835707722269173559e-01 1.796088094997375928e-01 -1.814500455549571817e-02
-9.837998408341137591e-01 1.782222950902132286e-01 -1.935759118970115447e-02
-9.838795295488323989e-01 1.773643656229740018e-01 -2.286881737969200662e-02
-9.837634852170676902e-01 1.778767992513325680e-01 -2.385957053437896130e-02
-9.845460207552074738e-01 1.732293478113617335e-01 -2.570517016119296463e-02
-9.848563450724064916e-01 1.710426554034104318e-01 -2.832700771433635523e-02
-9.855221235097263444e-01 1.669834556834750294e-01 -2.937174443295366422e-02
-9.857642418116886462e-01 1.651861836658690408e-01 -3.134348541851308956e-02
-9.868102166168926104e-01 1.594361204500474860e-01 -2.803122636798316761e-02
-9.863811038211391935e-01 1.610837151087125829e-01 -3.323228081487368535e-02
-9.867501547310087995e-01 1.580318969189254685e-01 -3.674345524813305702e-02
-9.875464128408439901e-01 1.527682261678341424e-01 -3.760294384917343274e-02
-9.886382928482644328e-01 1.452877317703893112e-01 -3.854647583516593312e-02
-9.894997779789735937e-01 1.389761739386718986e-01 -3.969688133394556201e-02
-9.903972136099259416e-01 1.333251305345086180e-01 -3.657593090919805667e-02
-9.907514203138483300e-01 1.301653270068056922e-01 -3.832284830220698824e-02
-9.912139886477843165e-01 1.263093901899349503e-01 -3.925298176257005500e-02
-9.917050833931796427e-01 1.235567607539056756e-01 -3.542293470637481595e-02
-9.927499331994987797e-01 1.132183889746598004e-01 -4.036331154441703817e-02
-9.932856351610288570e-01 1.064835636628362892e-01 -4.522088242973728439e-02
-9.937538381121032716e-01 1.025666542705306744e-01 -4.397068597055167616e-02
-9.939524659213053726e-01 1.012426084148913275e-01 -4.252599531576368996e-02
-9.947774095631291003e-01 9.351819397266640521e-02 -4.089356041457459234e-02
-9.953646356025639408e-01 8.559472178063629033e-02 -4.384993088684283058e-02
-9.956969644982222034e-01 8.015479403025356497e-02 -4.650585633306814071e-02
-9.964099391930857363e-01 7.540169350896949729e-02 -3.849478393987660479e-02
-9.969413102735833476e-01 6.901080252345123678e-02 -3.668192488641394688e-02
-9.973299052191245684e-01 6.361871654411457855e-02 -3.585735128752808032e-02
-9.976143622231912200e-01 5.855805423808165683e-02 -3.655911893184015521e-02
-9.978221022082125469e-01 5.654296986543898978e-02 -3.397021459709618357e-02
-9.982824239670067268e-01 4.847560134973703111e-02 -3.289906685447979706e-02
-9.983612968720106950e-01 4.346611421299981931e-02 -3.722161293503495338e-02
-9.985796115083730440e-01 3.439298778440840615e-02 -4.069290883018270716e-02
-9.989167706824348958e-01 2.582328871105210588e-02 -3.871012623758068177e-02
-9.992281975716286180e-01 1.559268058724497079e-02 -3.605423765508869449e-02
-9.992037095343628827e-01 6.693194680561991711e-03 -3.933419324508776599e-02
-9.994367489314555097e-01 4.710323513415807031e-03 -3.322692418772373729e-02
-9.995552735013699674e-01 9.308096684229093601e-04 -2.980636685381828424e-02
-9.996350924915032854e-01 -3.219473754074711133e-03 -2.682065472989199686e-02
-9.996343492377086637e-01 -3.829264982418339579e-03 -2.676817560789443440e-02
-9.995744592647174409e-01 -5.510549518554109377e-03 -2.864550439851951125e-02
-9.994090818392892261e-01 -8.587586250280956901e-03 -3.328319883547872782e-02
-9.992354848084324948e-01 -1.101807984492195885e-02 -3.751104811385755355e-02
-9.989405072317200096e-01 -1.487981491018332443e-02 -4.354865378063352277e-02
-9.990625627420410826e-01 -1.904210811473509152e-02 -3.887704779244548214e-02
-9.990580237393198448e-01 -2.343828010701106898e-02 -3.652044957508509410e-02
-9.987715967431844977e-01 -3.313073961252554350e-02 -3.684674582025786183e-02
-9.984350670980234321e-01 -4.203444675855445845e-02 -3.688567636487802975e-02
-9.980775772095344944e-01 -4.964210390367024966e-02 -3.710582768384305258e-02
-9.977281722156974286e-01 -5.633572696680152342e-02 -3.694335238045131503e-02
-9.971121682210895010e-01 -6.768964343924729898e-02 -3.443061230304424181e-02
-9.969287600290789308e-01 -6.942915228951718198e-02 -3.623080397338747372e-02
-9.959893052231372224e-01 -8.111763867004001538e-02 -3.775266327948564871e-02
-9.953075415037179186e-01 -8.842007626683602572e-02 -3.930418521372351648e-02
-9.953774388691407626e-01 -8.863271266049520258e-02 -3.698685540384091808e-02
-9.944269221223124289e-01 -9.819869477805390212e-02 -3.836852898679064816e-02
-9.934088842207269288e-01 -1.087170137437652312e-01 -3.632396975072012257e-02
-9.926695175968691665e-01 -1.173284412493488804e-01 -2.900510640978647831e-02
-9.924123921893656108e-01 -1.208793225682875949e-01 -2.249141270029682976e-02
-9.916088268524434479e-01 -1.272905103362337864e-01 -2.256304350917522766e-02
-9.909772570553775362e-01 -1.325286210509723506e-01 -2.000677245380403854e-02
-9.904790670034469002e-01 -1.351628893011425914e-01 -2.611975623910860883e-02
-9.904574799150841491e-01 -1.358151860254784848e-01 -2.341465786126896084e-02
-9.905310114903844720e-01 -1.360500875576179935e-01 -1.840433213687361208e-02
-9.901778555866680431e-01 -1.380355967697289299e-01 -2.222653505907559723e-02
-9.892899594864620338e-01 -1.436145483364692499e-01 -2.608195042345683168e-02
-9.887596811051074797e-01 -1.468106822950945856e-01 -2.830101006790700091e-02
-9.873426908424527415e-01 -1.568738931324337449e-01 -2.334572858616988655e-02
-9.861283722038445276e-01 -1.645201067323738275e-01 -2.199996619865586880e-02
-9.859062242045967261e-01 -1.660791168791157235e-01 -2.016617222261331624e-02
-9.853862507830637441e-01 -1.692188754584330601e-01 -1.946636707414359929e-02
-9.845891764623033726e-01 -1.741476005214913081e-01 -1.602489218296016329e-02
-9.834885625165463718e-01 -1.801198976792155737e-01 -1.752427608320178062e-02
-9.824728344238394806e-01 -1.856229878596281357e-01 -1.706652771012969610e-02
-9.824370606803661810e-01 -1.861614719105367799e-01 -1.270269837896388643e-02
-9.821998932763605916e-01 -1.871967134916854014e-01 -1.551742567518705866e-02
-9.816082801931357293e-01 -1.903778825624972970e-01 -1.419424062486376523e-02
-9.825452383032156067e-01 -1.856386542403268280e-01 -1.196558247349499213e-02
-9.819721634917027986e-01 -1.886000505663736337e-01 -1.267759800539351549e-02
-9.811983810955628993e-01 -1.926630473128913279e-01 -1.143317664170533619e-02
-9.817302970760861669e-01 -1.900900371353761997e-01 -8.451748751015356054e-03
-9.812239455936568877e-01 -1.928128774725015593e-01 -4.774231080202097008e-03
-9.805089395556376708e-01 -1.964693237090459899e-01 -1.433402351860534052e-03
-9.811696707198725997e-01 -1.930969095881001629e-01 -4.437463035098732078e-03
-9.818893417023526471e-01 -1.894363818742159089e-01 -2.684810503349636425e-03
-9.814478621836922878e-01 -1.917195666200625093e-01 1.931795906350394082e-03
-9.811356700078710524e-01 -1.933180107428226768e-01 9.869201367588337128e-04
-9.822937102633598760e-01 -1.873301914617681863e-01 2.548811889634168201e-03
-9.818194059435521037e-01 -1.896608978883614072e-01 7.708971174446944095e-03
-9.816656716156092477e-01 -1.905798261715389019e-01 3.445199425792308881e-03
-9.815003139619344896e-01 -1.913095800836222826e-01 7.603199669749202000e-03
-9.809199223344698959e-01 -1.944045475820000146e-01 1.734439991827700644e-03
-9.808128237089832613e-01 -1.949238178337665828e-01 3.307645937238043801e-03
-9.803654354501126766e-01 -1.969892460647576782e-01 8.881458946661428128e-03
-9.800229553895235535e-01 -1.986411493719701660e-01 9.835195659815823208e-03
-9.802762666589326379e-01 -1.970894881324611603e-01 1.463574942441466312e-02
-9.796364671318018580e-01 -2.001795897965135962e-01 1.550982066460035447e-02
-9.797126593688383345e-01 -1.993682527989816267e-01 2.038223108945549922e-02
-9.803661801575737078e-01 -1.963038494045461213e-01 1.862745155601309641e-02
-9.807797707316679992e-01 -1.936993631295478024e-01 2.348677575072561849e-02
-9.814244848657660558e-01 -1.905786104911629530e-01 2.204096795576796289e-02
-9.819469312372450798e-01 -1.874041864519815637e-01 2.568901987462977529e-02
-9.822704205084602513e-01 -1.859191992220488587e-01 2.406040239378084630e-02
-9.833076744658126866e-01 -1.803110777137411913e-01 2.437136022290865497e-02
-9.842758563048336073e-01 -1.751774662959307560e-01 2.266990569263231323e-02
-9.846908847381372620e-01 -1.728417880084802682e-01 2.257450900367355059e-02
-9.862082083453943548e-01 -1.638713988771239860e-01 2.322854055318761615e-02
-9.865607865070431526e-01 -1.613832217501179334e-01 2.555975251645485960e-02
-9.872819362280408351e-01 -1.561313772176525227e-01 2.995667187031623643e-02
-9.884036665882972583e-01 -1.489828351635130443e-01 2.936558250467890055e-02
-9.892484160226717727e-01 -1.428303902952642035e-01 3.141785791213787260e-02
-9.899925540255112288e-01 -1.375545118913452936e-01 3.152031133238235999e-02
-9.907375241958652490e-01 -1.327031161225132039e-01 2.879360817856033844e-02
-9.904851490283600457e-01 -1.341726012203979246e-01 3.060904048206722350e-02
-9.912934371296454605e-01 -1.279109559905623750e-01 3.124323292399162205e-02
-9.921196499338593711e-01 -1.212758743334166195e-01 3.147686917751321700e-02
-9.922215484630516613e-01 -1.195962121640303522e-01 3.454237435018642915e-02
-9.930820634111366951e-01 -1.136040377536755991e-01 2.970132464001780381e-02
-9.934551736452044146e-01 -1.088505608205949937e-01 3.461797615239123327e-02
-9.941339410467164850e-01 -1.035389649476770313e-01 3.126372994819446444e-02
-9.948366823755353527e-01 -9.598358125008264741e-02 3.297208614927355647e-02
-9.951207144613595235e-01 -9.300020275872517006e-02 3.295082504093770764e-02
-9.954219939420576591e-01 -9.195218279657693672e-02 2.607452730050545397e-02
-9.960558297850652387e-01 -8.506880313415983441e-02 2.522129159502433868e-02
-9.963357605799054717e-01 -8.244915470593548734e-02 2.274246854854053423e-02
-9.964943287754882695e-01 -8.058168780533143949e-02 2.248722091527712019e-02
-9.965037855754061979e-01 -7.930747899660210709e-02 2.627850758281015039e-02
-9.970818895961410799e-01 -7.150608838112311461e-02 2.673229591800926203e-02
-9.971911698041833194e-01 -7.041489676797091368e-02 2.552536106224429641e-02
-9.973946999956361248e-01 -6.634319086155177070e-02 2.832709666871037479e-02
-9.978146450004923285e-01 -6.213061376224161825e-02 2.248892882641864016e-02
-9.978177676529400575e-01 -6.158632435735407473e-02 2.380878148473711611e-02
-9.979291150047101544e-01 -5.823258844324871730e-02 2.732175004663061485e-02
-9.977799741130097821e-01 -6.062324837388392146e-02 2.756766167052979860e-02
-9.980173323041612310e-01 -5.402064098685079030e-02 3.229870106342371677e-02
-9.984838315723104651e-01 -4.619344715636407306e-02 2.993718105454606579e-02
-9.986243312731221122e-01 -4.293371085122375808e-02 3.010270328193009534e-02
-9.989631316466951461e-01 -3.613425455653314355e-02 2.769491758922271868e-02
-9.993331408008282457e-01 -2.578224619363740644e-02 2.585692517389509212e-02
-9.993872449869675156e-01 -2.369373324465690045e-02 2.576378587858495564e-02
-9.993865304110131076e-01 -1.960613466976987573e-02 2.902057038583580328e-02
-9.994913601982698959e-01 -1.525613752053467734e-02 2.800539837960140666e-02
-9.995816294172786831e-01 -7.251346458205352660e-03 2.800027298972770223e-02
-9.996285194102072502e-01 -4.715634134976791694e-03 2.684431253579377952e-02
-9.996481738463276479e-01 -8.250089147775448509e-04 2.651186543941766102e-02
-9.996244798204071413e-01 2.579073030862584926e-03 2.728147484586910740e-02
-9.995570686754514655e-01 7.751527927343279667e-03 2.873345584388367277e-02
-9.994856102395008879e-01 1.141213367764987163e-02 2.997180982997162818e-02
-9.994132657465655267e-01 1.107777902602273545e-02 3.241046614237471507e-02
-9.994469346641937646e-01 1.723813163601098375e-02 2.843769991115477347e-02
-9.992818777385735762e-01 2.435352915059851159e-02 2.902870324630479545e-02
-9.988938832199385498e-01 3.238006343422267924e-02 3.409652338517157877e-02
-9.987461395414749532e-01 3.810562778000312067e-02 3.246754069770633327e-02
-9.984997696059290107e-01 4.347128495959153710e-02 3.329397555887862736e-02
-9.983300818168924229e-01 4.903493062977835187e-02 3.053939338235942685e-02
-9.978214953879406268e-01 5.379483628707391191e-02 3.818914126902991230e-02
-9.976438318213450840e-01 5.731822813617800522e-02 3.770195104254533969e-02
-9.969708625758905152e-01 6.774190648584245411e-02 3.821210366725902308e-02
-9.963930364872980450e-01 7.427457211446863994e-02 4.103945077957887877e-02
-9.954511703370346742e-01 8.541563417140768388e-02 4.220389471056894271e-02
-9.946896174222763509e-01 9.544334186451357283e-02 3.851188279152863853e-02
-9.939952614976703682e-01 1.005879023360323615e-01 4.307581509700465772e-02
-9.936487383526363404e-01 1.061907201770331266e-01 3.722562659583218692e-02
-9.932118152066715666e-01 1.106441442785225104e-01 3.589143337269126710e-02
-9.921032211132290168e-01 1.187914583658803841e-01 4.024698350443210726e-02
-9.914778549622701442e-01 1.248654532962162472e-01 3.715256655438271827e-02
-9.909992751431399016e-01 1.290730919703167445e-01 3.550500042707724346e-02
-9.895991254726964614e-01 1.399830069171333347e-01 3.314151251536071735e-02
-9.886741388655084783e-01 1.465829109593698443e-01 3.220137508331954307e-02
-9.890206266650373168e-01 1.444241660154387263e-01 3.130321907205933785e-02
-9.885694697448935697e-01 1.473209625135785683e-01 3.204635293859110085e-02
-9.868270895487735173e-01 1.587363611954927811e-01 3.122649783906028195e-02
-9.866241159469563149e-01 1.603858148575540432e-01 2.914233017936689735e-02
-9.858409138562275187e-01 1.654448954468811517e-01 2.730769650267514739e-02
-9.856060183671634389e-01 1.669020300012589442e-01 2.691691086738741759e-02
-9.849563619827799155e-01 1.708075956329464795e-01 2.618704638956398378e-02
-9.842333768403292993e-01 1.740369355340507518e-01 3.155687203306076910e-02
-9.833966972298917586e-01 1.786865713485342178e-01 3.165558860887165288e-02
-9.832421166895384257e-01 1.797023736156898865e-01 3.069247577533092478e-02
-9.823790824663740651e-01 1.842531381264737034e-01 3.133928242269583969e-02
-9.822853114780649708e-01 1.849943361085982230e-01 2.987797939697717925e-02
-9.807431481142939722e-01 1.922021050064696424e-01 3.465919301339655256e-02
-9.785352294021379960e-01 2.031570535257463672e-01 3.458392429746624808e-02
-9.784176748665337486e-01 2.041109349977797971e-01 3.221197167890198915e-02
-9.767675095530199414e-01 2.116582315291694605e-01 3.355676986101092940e-02
-9.746216485673560026e-01 2.211230553387363851e-01 3.488936947017323015e-02
-9.732001877123765965e-01 2.284461436484758468e-01 2.633980475609131594e-02
-9.733180035246510320e-01 2.280169117114941024e-01 2.569792238298497164e-02
-9.728086770595436583e-01 2.305001679991764418e-01 2.264909658110235424e-02
-9.729651493497378789e-01 2.298760682294705704e-01 2.226752328292753297e-02
-9.726335213490555631e-01 2.311880569030329846e-01 2.315484141199043375e-02
-9.720137103536267142e-01 2.340731813759307500e-01 1.997808301549940102e-02
-9.711119094942242125e-01 2.379254331990259264e-01 1.825318021692107912e-02
-9.706355255829969275e-01 2.400468558689071163e-01 1.562736576385147930e-02
-9.697426332006224836e-01 2.440097425473757853e-01 7.648662185353719001e-03
-9.678567360433918410e-01 2.513765200557503965e-01 7.950773870641726637e-03
-9.685879871782526740e-01 2.486546067443997088e-01 2.868598740310130887e-03
-9.691963993181237358e-01 2.462891988997230330e-01 3.622136967580506794e-05
-9.694164988616940093e-01 2.454194882791170818e-01 9.786532197719490216e-04
-9.681984149490286962e-01 2.501695197707732299e-01 -2.659288361571216647e-03
-9.687485369922799183e-01 2.480434688710664581e-01 8.606714964466254808e-04
-9.677045625258436923e-01 2.520847608926406469e-01 -1.088166013611377870e-03
-9.683959064707365894e-01 2.493750381182656961e-01 -4.635724039391974846e-03
-9.693231097652262873e-01 2.457233222593171451e-01 -5.726170904626521306e-03
-9.704595628055381340e-01 2.411923363006523713e-01 -5.875809181580461671e-03
-9.709458176681343700e-01 2.391472817891034386e-01 -8.533936955623032741e-03
-9.706296806773621055e-01 2.404071990461667252e-01 -9.079259265577009283e-03
