1.000000000000000000e+00 0.000000000000000000e+00 0.000000000000000000e+00
9.998713574925314207e-01 6.318433694339524280e-03 -1.474268133064358943e-02
9.997254023667890843e-01 9.670107507289298077e-03 -2.134502079094380972e-02
9.996373475179476387e-01 1.540273934226338987e-02 -2.208914026801302860e-02
9.993894793630794249e-01 2.124506997747299328e-02 -2.773656337317731424e-02
9.990702354710861988e-01 2.685471707546084955e-02 -3.372670178272579866e-02
9.986363481248841101e-01 3.721975638018373833e-02 -3.660786266997962529e-02
9.982990639564466306e-01 3.882570425661930474e-02 -4.349190081695620408e-02
9.974393212615877413e-01 5.099968975279278033e-02 -5.013815052883947854e-02
9.965567072710018737e-01 6.236082363695768377e-02 -5.464301608266886046e-02
9.954983990136073713e-01 7.084111244581992040e-02 -6.296409755119339313e-02
9.940105929557985220e-01 8.226891513482517682e-02 -7.193588087459261426e-02
9.919120645782668610e-01 9.614059378319245175e-02 -8.287006671620723852e-02
9.896876984111758757e-01 1.111111759403385496e-01 -9.040228171748548869e-02
9.875548742196880170e-01 1.269138889341374643e-01 -9.288833034863483440e-02
9.842665649379469528e-01 1.417954045997131818e-01 -1.054201147089489227e-01
9.796178267155698505e-01 1.632816037872453496e-01 -1.169959087978229978e-01
9.757727395284324645e-01 1.803610537950468273e-01 -1.238445143347784577e-01
9.715906401004987814e-01 2.006133795024534483e-01 -1.255623863541194818e-01
9.674981984161958870e-01 2.186362188833908260e-01 -1.270647585579238459e-01
9.621149458531593757e-01 2.387705629370241722e-01 -1.316186265174533743e-01
9.549458963913624032e-01 2.617627750023152622e-01 -1.398520651775045920e-01
9.470252617893059055e-01 2.827017746386619179e-01 -1.523905461185387777e-01
9.371643191728874500e-01 3.102259735940274821e-01 -1.596336575931200097e-01
9.267700192674040993e-01 3.392560313645929804e-01 -1.612535183588693910e-01
9.143655817029756605e-01 3.692314578536818326e-01 -1.661437219644968377e-01
9.016514165297160321e-01 3.968830311585420101e-01 -1.717806955900501031e-01
8.882611302515619478e-01 4.233835362393028601e-01 -1.781532264915656472e-01
8.720609124302132198e-01 4.525063247558243074e-01 -1.864076728772444680e-01
8.582124285442975786e-01 4.749006290350242243e-01 -1.947841142121597702e-01
8.403442844369239939e-01 5.055120858545433249e-01 -1.956503152874315421e-01
8.221728427560723862e-01 5.341246895329604394e-01 -1.968315626985666089e-01
8.023252267005539506e-01 5.615660709072489709e-01 -2.022815156980150020e-01
7.802590596787699617e-01 5.909698003102865638e-01 -2.048182820120749981e-01
7.542936722799892246e-01 6.218109653610515153e-01 -2.106946031878576264e-01
7.282373190429801690e-01 6.514475632414569173e-01 -2.128062886624284555e-01
7.075068566417975768e-01 6.749087632596697528e-01 -2.096002046907376182e-01
6.830146818136274556e-01 6.978349965607807404e-01 -2.156786949540144827e-01
6.563634719728427269e-01 7.237631013059766527e-01 -2.129647925731255886e-01
6.302702889323239521e-01 7.461897253485776371e-01 -2.143835205506921804e-01
6.095666704523157176e-01 7.632639187171225137e-01 -2.141417795563488047e-01
5.819253632236096596e-01 7.851582569806939693e-01 -2.118712330334889260e-01
5.541460023777113886e-01 8.022137694762602189e-01 -2.222055674503305434e-01
5.243917005793561348e-01 8.221032106700140174e-01 -2.217198528690821901e-01
4.959561347444785828e-01 8.388665231146984480e-01 -2.243446157850352007e-01
4.670907645736679936e-01 8.549969319483732288e-01 -2.254029766033237847e-01
4.387640705833357191e-01 8.696316425617722778e-01 -2.263336794616127856e-01
4.117119178527568479e-01 8.816140303212872675e-01 -2.307596927793198749e-01
3.816389618180150434e-01 8.955539247463228936e-01 -2.287682407234519488e-01
3.530658616793460047e-01 9.067653967150385297e-01 -2.304800425857934099e-01
3.190011854123159241e-01 9.202671928033119286e-01 -2.265978258358654074e-01
2.865541901862470042e-01 9.298554967195704624e-01 -2.307715069920775741e-01
2.564129516356276062e-01 9.375442146788335318e-01 -2.350814346199326110e-01
2.272256253046901209e-01 9.455225385894765466e-01 -2.331430484641608958e-01
1.940617002817495718e-01 9.531562011324461459e-01 -2.320201485253098606e-01
1.557911946335539810e-01 9.610117802130193621e-01 -2.284414542020943018e-01
1.238632697446757081e-01 9.664630332416214165e-01 -2.249602901018459278e-01
9.527674816371035915e-02 9.696189009496651856e-01 -2.253032722991029912e-01
5.950623581306239279e-02 9.725733021467193318e-01 -2.248559902883585093e-01
2.678696190374907360e-02 9.749243755258485411e-01 -2.209184388750241312e-01
-7.972128841272047017e-03 9.758909530698859358e-01 -2.181131096838683781e-01
-3.943710714946843665e-02 9.754077825070047725e-01 -2.168511188941483203e-01
-7.520603707749284883e-02 9.730501770422582686e-01 -2.179849541975144855e-01
-1.056946905903991957e-01 9.707611197345432652e-01 -2.155261384926794033e-01
-1.349912537644530897e-01 9.676408363514058530e-01 -2.131867935492744170e-01
-1.631947910578397387e-01 9.649510597884437546e-01 -2.055162945447494838e-01
-1.931186001049970957e-01 9.602097208584736698e-01 -2.017486872678996013e-01
-2.240963956572366578e-01 9.532537021897371510e-01 -2.027022922056973819e-01
-2.522578755136352102e-01 9.461767599999031386e-01 -2.027696666043840301e-01
-2.823202342873228909e-01 9.378830903949280096e-01 -2.016696023277424477e-01
-3.063343703691989162e-01 9.306988303097118997e-01 -1.998974123224410426e-01
-3.354640756565703819e-01 9.208678948771860107e-01 -1.986610399430660256e-01
-3.699975321276722795e-01 9.081516557960632730e-01 -1.958632961673271722e-01
-3.972716620364912243e-01 8.960541749050418003e-01 -1.981468569726515527e-01
-4.156195227403598480e-01 8.893056964393684094e-01 -1.907768989787300140e-01
-4.368891862015990002e-01 8.805043429256370624e-01 -1.839564523402584251e-01
-4.588183114876870361e-01 8.698474791364735337e-01 -1.812488761641971036e-01
-4.815426383224852280e-01 8.586889000002961847e-01 -1.754140694174923520e-01
-5.048047198172403993e-01 8.463828362324148369e-01 -1.697301512219211994e-01
-5.218926572834013955e-01 8.367994974839312317e-01 -1.655134123477882691e-01
-5.424574101747234867e-01 8.242211681591253836e-01 -1.624791006563755247e-01
-5.635032118620372232e-01 8.097095834338993159e-01 -1.638125602093807032e-01
-5.835781289523959137e-01 7.954729026506968115e-01 -1.632772568716943096e-01
-6.016059373625814999e-01 7.819076880762658721e-01 -1.633728787277710370e-01
-6.218670271807562600e-01 7.671443674118981759e-01 -1.573879078697554834e-01
-6.363680471584408638e-01 7.559783150200982682e-01 -1.534031585723698576e-01
-6.543705846781991964e-01 7.405607863113475853e-01 -1.528688749944457914e-01
-6.692875329470053813e-01 7.273092834492248526e-01 -1.519060157360241081e-01
-6.855072532439560051e-01 7.118838007063861273e-01 -1.526476112051105560e-01
-6.981132210049605380e-01 6.995661697413270153e-01 -1.524635626501089913e-01
-7.122444406816136331e-01 6.858380760760091066e-01 -1.494457192923402955e-01
-7.282324927501747647e-01 6.692649283468109500e-01 -1.475192356946945782e-01
-7.415187160101521791e-01 6.554029434993254855e-01 -1.435165766454923053e-01
-7.526084004449465903e-01 6.439076382279995681e-01 -1.377083183421300705e-01
-7.605217558035356484e-01 6.352754044759292285e-01 -1.342827286235857287e-01
-7.716992223278127394e-01 6.230879597249936452e-01 -1.274430700488760893e-01
-7.822391980927132504e-01 6.112225817306693454e-01 -1.204525775848000607e-01
-7.939516182827428548e-01 5.974010972189406354e-01 -1.129282369229298172e-01
-8.034699582123937533e-01 5.864399743423395206e-01 -1.025875852539059191e-01
-8.106419809977907232e-01 5.769992155304674020e-01 -9.965698000036095350e-02
-8.206896841333486403e-01 5.636746446906532038e-01 -9.348457817459941699e-02
-8.284123191388335083e-01 5.525848218347509944e-01 -9.155912238376889833e-02
-8.373575252797089696e-01 5.389262036479549600e-01 -9.160213204325484693e-02
-8.452710050831856448e-01 5.258081205614882903e-01 -9.509351790163243778e-02
-8.527815655246278048e-01 5.133817989758768796e-01 -9.593101097170256275e-02
-8.577412953945696694e-01 5.038858692214467361e-01 -1.018770360022571708e-01
-8.667584280234315042e-01 4.885746016697239402e-01 -1.001235015376689269e-01
-8.742846657622566076e-01 4.739764971937080462e-01 -1.047503352729176607e-01
-8.801280969283009625e-01 4.619957598476924221e-01 -1.092450478156087312e-01
-8.898198566958535061e-01 4.429945443425156726e-01 -1.094371322584732353e-01
-8.964165629340282715e-01 4.277074734408100043e-01 -1.162053907382625678e-01
-8.996431883328307455e-01 4.205638130121997498e-01 -1.173381560324261164e-01
-9.067308661327994068e-01 4.038584720317268673e-01 -1.213981102608667206e-01
-9.129015669610855976e-01 3.892490296781179193e-01 -1.228655855299750077e-01
-9.206438155143802371e-01 3.702276125078861613e-01 -1.238810321166250311e-01
-9.254597668794949383e-01 3.565525823395584992e-01 -1.280410339530027308e-01
-9.317287790799669844e-01 3.386065228049946474e-01 -1.312521832625775930e-01
-9.389124352057507394e-01 3.173888413968061206e-01 -1.330706330495114997e-01
-9.450485560428195653e-01 2.966139929127010744e-01 -1.374896268873611049e-01
-9.511999196812908064e-01 2.760033699118738526e-01 -1.379887104325726033e-01
-9.564384230543060417e-01 2.563502800722381458e-01 -1.396785900402587044e-01
-9.614380646203519731e-01 2.338468243459875529e-01 -1.447499322778589836e-01
-9.655616925348780022e-01 2.179594069570676140e-01 -1.420716256325770255e-01
-9.697075727063330097e-01 2.034183651073325494e-01 -1.352339597493835699e-01
-9.739983296684435743e-01 1.845097197223425078e-01 -1.314665294205561719e-01
-9.786608110574260833e-01 1.649309395821484392e-01 -1.225595010277990143e-01
-9.814345713020968809e-01 1.514908605030706179e-01 -1.176296310891045971e-01
-9.837715241129778576e-01 1.370740702202769001e-01 -1.157770106637218133e-01
-9.849042206697335988e-01 1.298019036476899812e-01 -1.145214847418824511e-01
-9.870496445891446813e-01 1.202780340637484846e-01 -1.061424593889120499e-01
-9.888158095355940036e-01 1.108764885533551070e-01 -9.974831725146436623e-02
-9.903124945616166297e-01 1.018061153705810962e-01 -9.442830870979523894e-02
-9.919109633417095839e-01 9.129821589468505028e-02 -8.818902177577662982e-02
-9.929492424125507810e-01 8.610578985845862565e-02 -8.147160222858704226e-02
-9.944830009171667928e-01 7.688936818458927402e-02 -7.135553529410773588e-02
-9.955883082210726931e-01 6.871517539764591953e-02 -6.389187269381967071e-02
-9.960322449756148222e-01 6.431133984890873012e-02 -6.151296346649204327e-02
-9.967010800368250045e-01 6.036574473652833728e-02 -5.424905415781668128e-02
-9.973281692576105861e-01 5.341471570408398706e-02 -4.983389040736199704e-02
-9.979434622134654154e-01 5.068624623808260649e-02 -3.923998246370181964e-02
-9.983443978326841384e-01 4.549509353226025010e-02 -3.519495995867371468e-02
-9.984398327214631941e-01 4.539326731261768971e-02 -3.251733611722217726e-02
-9.988144045756666145e-01 4.095985934982107612e-02 -2.630780227109833641e-02
-9.989080717776529506e-01 4.004756938409530231e-02 -2.405995913448588999e-02
-9.991539878739914560e-01 3.361716256195561303e-02 -2.369008622626573093e-02
-9.992139471336362044e-01 2.747654415584855139e-02 -2.857538748477757296e-02
-9.992221761953757886e-01 2.055684252930595202e-02 -3.365241037290368081e-02
-9.992182944104442965e-01 1.975572356556585737e-02 -3.424233351018534516e-02
-9.993201259260783287e-01 2.113270339424797029e-02 -3.021126807514239176e-02
-9.994560790853298515e-01 1.974055140765713229e-02 -2.641746632208465465e-02
-9.996303778303663456e-01 1.632736365059876682e-02 -2.173823322931475732e-02
-9.996903574532499670e-01 1.165892227531769437e-02 -2.198373540947794885e-02
-9.997498593448489457e-01 3.402122866769845613e-03 -2.210588568899006165e-02
-9.997900236006356245e-01 -1.899520736477270690e-03 -2.040407682241890397e-02
-9.998059636769734970e-01 6.399322792549526698e-04 -1.968886280496598071e-02
-9.999006258337869157e-01 -8.234010454194378228e-04 -1.407431274817476721e-02
-9.998662999359168024e-01 -4.459269190871115868e-03 -1.573286497800943998e-02
-9.998000471114345533e-01 -8.895903361613806751e-03 -1.790962476629314945e-02
-9.996490045777903788e-01 -1.695506171841507786e-02 -2.035729932131049094e-02
-9.995269594559261783e-01 -2.408329711238855683e-02 -1.912794255787818656e-02
-9.996321143337806303e-01 -2.250880004768206558e-02 -1.513327580078980931e-02
-9.995167821731341107e-01 -2.565220301639401651e-02 -1.755542100637568978e-02
-9.993482922429099968e-01 -2.958276856420937947e-02 -2.068518432596897633e-02
-9.992237332797163640e-01 -3.580871598788321758e-02 -1.642232784456964037e-02
-9.992086952663348232e-01 -3.589561713877818111e-02 -1.713225370919340546e-02
-9.989457889733255325e-01 -4.262013562977289005e-02 -1.705464368548552725e-02
-9.987523222274327095e-01 -4.769230744898873831e-02 -1.480772780759330269e-02
-9.983895183395046224e-01 -5.437241610773094203e-02 -1.618753256155609083e-02
-9.981133121613406933e-01 -5.922811246079672659e-02 -1.618248913812943279e-02
-9.981338540702292539e-01 -5.895809591406400013e-02 -1.589900814527122827e-02
-9.977431461373020838e-01 -6.549222441270972916e-02 -1.481246025809866869e-02
-9.974128239142528995e-01 -7.095669035950061265e-02 -1.152530949828269383e-02
-9.967323571999963105e-01 -7.939449160241447701e-02 -1.487108082809632074e-02
-9.963603280761252901e-01 -8.460346067134100201e-02 -1.041043858351688341e-02
-9.962415437325699008e-01 -8.606567232131824563e-02 -9.773061915223773058e-03
-9.961684553968348510e-01 -8.690695432339751170e-02 -9.778338944229145527e-03
-9.960764709342072587e-01 -8.781711431770260201e-02 -1.094735783816590084e-02
-9.957965881254314811e-01 -9.128446417678866276e-02 -7.505185191076377965e-03
-9.950284533745658022e-01 -9.913853494820337731e-02 -9.484409210620197567e-03
-9.950764648250027822e-01 -9.866617697253075858e-02 -9.372343781210970906e-03
-9.948395476372505764e-01 -1.007140122172840158e-01 -1.228773342815658171e-02
-9.938169275762054333e-01 -1.101257101021194951e-01 -1.415163218116391800e-02
-9.934419001018782724e-01 -1.138502045913737104e-01 -1.055216547428294155e-02
-9.937189261771036675e-01 -1.111523313231833621e-01 -1.295689484925900518e-02
-9.931825756426273522e-01 -1.158064944927676559e-01 -1.331365486235795009e-02
-9.929070141340204936e-01 -1.180935892221789268e-01 -1.376922687331528540e-02
-9.924265658151015801e-01 -1.219984086304245346e-01 -1.435011858524377557e-02
-9.925895804832380875e-01 -1.210588324536610999e-01 -1.052188140517661998e-02
-9.925787008479940443e-01 -1.215330034225826222e-01 -4.156670558614643587e-03
-9.925922735471153224e-01 -1.214861067681860113e-01 1.315519646141044552e-03
-9.929548913708589053e-01 -1.181745126239840404e-01 8.683008117337024517e-03
-9.933433980255149676e-01 -1.145562260048995779e-01 1.207439866415288554e-02
-9.937227816819886872e-01 -1.102810559987243838e-01 1.879224647338596094e-02
-9.939510699298531593e-01 -1.082144888770874419e-01 1.873290300384894413e-02
-9.941577155385153963e-01 -1.060753314074317777e-01 1.996214878494990269e-02
-9.938193929979555197e-01 -1.094528702228515366e-01 1.852322928251827136e-02
-9.942590349606014177e-01 -1.049669378068899539e-01 2.075909899519649826e-02
-9.946611171556457576e-01 -1.016519743734990849e-01 1.778102621178354048e-02
-9.953534835423811789e-01 -9.470732874365739296e-02 1.737790103457676968e-02
-9.949446592748356633e-01 -9.877302914728328109e-02 1.813947194693810161e-02
-9.959471107356367980e-01 -8.860650065397304709e-02 1.543591149822971798e-02
-9.959564968766485560e-01 -8.806900194245743940e-02 1.773510464830017203e-02
-9.965104229987227225e-01 -8.295407435833318521e-02 9.253373755631170983e-03
-9.965924939234414026e-01 -8.139740339695679394e-02 1.333755404208810530e-02
-9.969869654419839522e-01 -7.612858310442863208e-02 1.488140403548188391e-02
-9.970669088662293955e-01 -7.468584271215497616e-02 1.672216465402202867e-02
-9.971229339355572874e-01 -7.491165531647320242e-02 1.158124319546177672e-02
-9.975892564021192621e-01 -6.884895519358404103e-02 8.690426504201842831e-03
-9.978299743997063320e-01 -6.509896165616162189e-02 9.873907926094094983e-03
-9.980883066375081381e-01 -6.099438637308120942e-02 9.972144419995129447e-03
-9.980534318499496571e-01 -6.156876216343493136e-02 9.932843409417172267e-03
-9.978949094455982216e-01 -6.436311445718675972e-02 7.947698879819668077e-03
-9.978450341708837712e-01 -6.497263121955799969e-02 9.158148552027685352e-03
-9.981772313211717540e-01 -5.926741674283306921e-02 1.138485770866218272e-02
-9.982965620717610955e-01 -5.698217788527160099e-02 1.253125607558964148e-02
-9.982967450935812392e-01 -5.620522578553769494e-02 1.563995427519588796e-02
-9.984714242597910738e-01 -5.283938892147135163e-02 1.621236464318923098e-02
-9.987597314694082185e-01 -4.602970131272630938e-02 1.898136987063055170e-02
-9.989638726056918605e-01 -4.054016644821224757e-02 2.068098579651161256e-02
-9.990590749414347549e-01 -3.664303575044196293e-02 2.320085806798575026e-02
-9.994216548576847492e-01 -2.710079739087124101e-02 2.054092558062139973e-02
-9.994489034471862876e-01 -2.548031251300769684e-02 2.127604580436509921e-02
-9.994314754987380089e-01 -2.722414441633093721e-02 1.988966593463389193e-02
-9.994715491430551380e-01 -2.581377531040924406e-02 1.975597440487454268e-02
-9.995657302889240370e-01 -2.141381226270733587e-02 2.024417335662431414e-02
-9.996872896443688150e-01 -1.567819197231672124e-02 1.948189633678664920e-02
-9.997696969108158527e-01 -1.597356714208835599e-02 1.433266857870344954e-02
-9.998627550480686521e-01 -1.439135889969118606e-02 8.208952392407459220e-03
-9.998416213195824298e-01 -1.610937180838947769e-02 7.566205756395718088e-03
-9.998044848535750928e-01 -1.549479711208606898e-02 1.228537440213628082e-02
-9.998823287881646316e-01 -1.292136931750084532e-02 8.270057499977740562e-03
-9.999115933136388801e-01 -1.291110187268496023e-02 3.183721760727641938e-03
-9.998833698415620086e-01 -1.502890195296218735e-02 2.721379517125452167e-03
-9.999612418477450415e-01 -8.570686926736317129e-03 -2.021101453654868853e-03
-9.999603696787527918e-01 -8.319410776157339094e-03 -3.173830254677512033e-03
-9.999295365662023150e-01 -1.084355462567556522e-02 -4.833835435392288930e-03
-9.999537124557303924e-01 -9.621713183590651849e-03 -1.495970543747586132e-04
-9.998944268524831980e-01 -1.435981284563061199e-02 -2.226620129721084904e-03
-9.998242115256111839e-01 -1.817482726899389764e-02 -4.609633467243834035e-03
-9.998122878921494872e-01 -1.761111151904142663e-02 -8.078660123777066382e-03
-9.998238313347650452e-01 -1.698958121952304917e-02 -7.980441312444380708e-03
-9.998770733704382963e-01 -1.494881155940099710e-02 -4.732681317407939209e-03
-9.999023376365655524e-01 -1.206520797485297752e-02 -7.054997101185856920e-03
-9.998428727613959399e-01 -1.480261228623935485e-02 -9.753950162980125002e-03
-9.998384787158692832e-01 -1.531287544395112943e-02 -9.410600888305583472e-03
-9.998750668556343202e-01 -1.279123569864731337e-02 -9.287736977054081300e-03
-9.999439689551098409e-01 -8.512115978225438806e-03 -6.295235289024970343e-03
-9.998890484205228413e-01 -1.127354817625157365e-02 -9.737821217106314500e-03
-9.999158662106021334e-01 -7.930073873830528058e-03 -1.026652932127917160e-02
-9.999325022571919908e-01 -2.719737496892427227e-03 -1.129695204337026818e-02
-9.998770879202040218e-01 -7.903850590481134933e-03 -1.354124896027258593e-02
-9.997707124356359776e-01 -8.531692302968327951e-03 -1.964077571746477083e-02
-9.997225800850896293e-01 -1.415401736822198553e-02 -1.882694639957290320e-02
-9.996638767660672720e-01 -1.494957759716124442e-02 -2.118185260057572558e-02
-9.996527769511921457e-01 -1.471725664549405725e-02 -2.185761082473071729e-02
-9.996416103218037641e-01 -1.487515873319825849e-02 -2.225775879945173993e-02
-9.994532954540087388e-01 -1.870795280263730376e-02 -2.726078117727876587e-02
-9.992173967885471519e-01 -2.583880419582944288e-02 -2.994958618696035024e-02
-9.992898023839114074e-01 -2.430389788620543681e-02 -2.879650964223735843e-02
-9.988464371983295509e-01 -3.368859258846247651e-02 -3.421843821640350308e-02
-9.984720876913087961e-01 -4.276484910385448812e-02 -3.499551027310012635e-02
-9.979910540329499646e-01 -5.196110197847667728e-02 -3.624814497668005231e-02
-9.975391289651110993e-01 -5.915004824328666533e-02 -3.764287576668345903e-02
-9.970900817719723364e-01 -6.799378710924630642e-02 -3.447088365714665731e-02
-9.963882929353683471e-01 -7.664449631756381498e-02 -3.655159542550601853e-02
-9.961101589847317639e-01 -7.935624413597433535e-02 -3.830360229260994925e-02
-9.955783743773904959e-01 -8.754895216793610879e-02 -3.404275884545338721e-02
-9.956091348493331106e-01 -8.663198380680252331e-02 -3.545952576992478927e-02
-9.955099363551794811e-01 -9.001653261961320429e-02 -2.927487615062938225e-02
-9.950622785679302806e-01 -9.410593800140086562e-02 -3.154619008492589444e-02
-9.943596937665031277e-01 -1.003710031387348156e-01 -3.427082236712865326e-02
-9.937905125339395740e-01 -1.065353596449732237e-01 -3.210393226638471459e-02
-9.927389385225292573e-01 -1.151271317665836236e-01 -3.485931342830957125e-02
-9.929098979805164316e-01 -1.149164207384048147e-01 -3.040031281878101746e-02
-9.924725210930295249e-01 -1.203489757924050829e-01 -2.268142402336466995e-02
-9.922314087307636532e-01 -1.228737124471621783e-01 -1.946562093886956488e-02
-9.926535319216396314e-01 -1.188326968938724360e-01 -2.275486085467427408e-02
-9.917918498091339297e-01 -1.258639495136879005e-01 -2.252156391286131223e-02
-9.923163384254695130e-01 -1.218958968102943907e-01 -2.120619866414121674e-02
-9.912260593230054484e-01 -1.296255985046429748e-01 -2.584824763707006465e-02
-9.907042450922575183e-01 -1.342760899166592914e-01 -2.179584150357474423e-02
-9.905467872794306849e-01 -1.359415417237732626e-01 -1.835722467487796092e-02
-9.905752169102451932e-01 -1.355461381698268297e-01 -1.969802835684645800e-02
-9.897918286018002609e-01 -1.407684556781312046e-01 -2.228017586203553252e-02
-9.885008461481256115e-01 -1.501026993599720583e-01 -1.831078746578914535e-02
-9.885389750651782936e-01 -1.496861834988512663e-01 -1.961553907443470274e-02
-9.885495782928480635e-01 -1.492396716049185779e-01 -2.229977158544791532e-02
-9.872247354694348997e-01 -1.577380743894899462e-01 -2.249554854976153553e-02
-9.870348029968083470e-01 -1.586110147128360348e-01 -2.459414237263936320e-02
-9.868435067663187121e-01 -1.600559952674987518e-01 -2.284731211024509240e-02
-9.865481673628483383e-01 -1.615408696626151053e-01 -2.504573983413366234e-02
-9.870321199469532791e-01 -1.583600777178735541e-01 -2.626229498348448335e-02
-9.864815533848511064e-01 -1.613375489697117249e-01 -2.871181436641561877e-02
-9.861213138139750534e-01 -1.643863950778806926e-01 -2.327865222462529443e-02
-9.856848511439737504e-01 -1.669197383509323784e-01 -2.373190414402241710e-02
-9.846024200520619996e-01 -1.731231918944942105e-01 -2.421699774773625885e-02
-9.843426785918119037e-01 -1.745530822385842340e-01 -2.451001239948859267e-02
-9.841136471235339966e-01 -1.751718195388076993e-01 -2.889967717905805172e-02
-9.821003346421527391e-01 -1.863184375385071312e-01 -2.764779574591390288e-02
-9.812082410725487813e-01 -1.914931360613376377e-01 -2.368109880396550293e-02
-9.803806834208517174e-01 -1.962543090835568438e-01 -1.838449685484327273e-02
-9.785204618981899749e-01 -2.052946113823978513e-01 -1.875783039392166576e-02
-9.780144423681347288e-01 -2.075840339454574912e-01 -1.991600868095183552e-02
-9.774342145138843474e-01 -2.105672546191016958e-01 -1.684682771501652340e-02
-9.769742692171964338e-01 -2.124145096208701344e-01 -2.003450689091550510e-02
-9.770523599974014761e-01 -2.119949025219654559e-01 -2.066095847856549636e-02
-9.751619029691065421e-01 -2.199684333878828280e-01 -2.594570439981957674e-02
-9.751653803154767264e-01 -2.202952153162590354e-01 -2.285885844352045226e-02
-9.744762291457905734e-01 -2.231050610912577448e-01 -2.490459515948894795e-02
-9.738711770550124713e-01 -2.253965873778754347e-01 -2.777295940952498321e-02
-9.722742814497876696e-01 -2.320149624938596944e-01 -2.918573641880825922e-02
-9.705832141419831194e-01 -2.395411727421353221e-01 -2.425446826092420710e-02
-9.701550180170542825e-01 -2.411337110059923738e-01 -2.556956574603761606e-02
-9.690136336001946571e-01 -2.464539858886181378e-01 -1.652388276450841853e-02
-9.679706478014091786e-01 -2.505576326902636541e-01 -1.592876820449080563e-02
-9.662504280550495706e-01 -2.570438999687092996e-01 -1.698740097249362702e-02
-9.655906318455277360e-01 -2.593772895744933527e-01 -1.892568123464249616e-02
-9.651403497751062099e-01 -2.612288166264232214e-01 -1.623695263033849215e-02
-9.649727828615699554e-01 -2.617994516156016416e-01 -1.698833434518894417e-02
-9.644310217433217369e-01 -2.635014839390624752e-01 -2.097141742771869988e-02
-9.628671441465054270e-01 -2.694868729706997867e-01 -1.623933221472183622e-02
-9.625201607914897206e-01 -2.707678697091788766e-01 -1.548317425904466478e-02
-9.635126815297830882e-01 -2.672943459496979757e-01 -1.403827168019271612e-02
-9.613995223127922429e-01 -2.746997402228169016e-01 -1.584421753606216413e-02
-9.602865404642588754e-01 -2.784757832373275233e-01 -1.735011219168545657e-02
-9.590094329260880901e-01 -2.827082582890063644e-01 -1.941587842414284337e-02
-9.579403961506255394e-01 -2.865293352813794159e-01 -1.584819872256683360e-02
-9.579350797093404424e-01 -2.865660591506499211e-01 -1.550176641277840710e-02
-9.573880662147947751e-01 -2.885529645175045621e-01 -1.205426330274430267e-02
-9.582512834170713312e-01 -2.857571937370846360e-01 -9.865697891392176747e-03
-9.585044254207067960e-01 -2.849408752250842669e-01 -8.831308850526797816e-03
-9.579680719017350521e-01 -2.867664100439796804e-01 -7.888423490867237792e-03
-9.583891834867609427e-01 -2.854419472636612887e-01 -3.618796222124813847e-03
-9.582559680633836452e-01 -2.858998971534004174e-01 2.603164233918808627e-03
-9.585464010986574079e-01 -2.847819783308288000e-01 9.383487110280520210e-03
-9.604380117080623114e-01 -2.782105391674927763e-01 1.255984807848271878e-02
-9.602946371004383863e-01 -2.787943410720202242e-01 1.039007102083658839e-02
-9.592555882220409336e-01 -2.822026194418192357e-01 1.379950232784230013e-02
-9.595610874769646692e-01 -2.811511042620900014e-01 1.402156172790778275e-02
-9.588614115387166237e-01 -2.834467232768040357e-01 1.558129416601792758e-02
-9.608572657216075674e-01 -2.763070575109581872e-01 2.019290028383950025e-02
-9.624876797395122141e-01 -2.702568402345550957e-01 2.405691469379525604e-02
-9.641572322838006803e-01 -2.637614364878985707e-01 2.882298963845620482e-02
-9.658462679512753724e-01 -2.573322573723287321e-01 3.035003735872547972e-02
-9.673144015686493402e-01 -2.512791145778549562e-01 3.408348558658692157e-02
-9.687431313064338578e-01 -2.445908697418184286e-01 4.137730157422994659e-02
-9.711404417206835893e-01 -2.346915603554531327e-01 4.249874270730662901e-02
-9.716677257332360096e-01 -2.331530719270460128e-01 3.874925801784247226e-02
-9.725810353391493024e-01 -2.293689089977380136e-01 3.841955822119218211e-02
-9.741282478153336921e-01 -2.225146800574387684e-01 3.951459467688936411e-02
-9.744384213128531869e-01 -2.210309776850383490e-01 4.018829687758957575e-02
-9.759503779370987120e-01 -2.148359625754676649e-01 3.696482245158462521e-02
-9.762224147801316088e-01 -2.136589454475208705e-01 3.660165322896023754e-02
-9.780368201171190101e-01 -2.052028688219042774e-01 3.654846409206670421e-02
-9.794664508515555923e-01 -1.978272929957583248e-01 3.885695539734353859e-02
-9.812392604825200815e-01 -1.881924661715212721e-01 4.187049907002692029e-02
-9.822976918043876404e-01 -1.812019270723649322e-01 4.750932177390337213e-02
-9.842486911061636423e-01 -1.689244702107722818e-01 5.214467490491254964e-02
-9.859135435915142853e-01 -1.578810454581267841e-01 5.520950955605056359e-02
-9.872461548120657904e-01 -1.499507259739262521e-01 5.347746636087228472e-02
-9.882650260255214647e-01 -1.410480696716640836e-01 5.863199323309568889e-02
-9.894877505775646620e-01 -1.316703286989031607e-01 5.980757711209300914e-02
-9.907158915683880185e-01 -1.202302397879202178e-01 6.345661761314476401e-02
-9.923876255106415245e-01 -1.052817693030319440e-01 6.389507415575351734e-02
-9.935057810551379820e-01 -9.634719203503928908e-02 6.052695500825393260e-02
-9.943313574389311960e-01 -8.657328611304790367e-02 6.172721021717471335e-02
-9.950523397128638869e-01 -7.765091858164943628e-02 6.197747026189627528e-02
-9.959705058328948146e-01 -6.711288848831886700e-02 5.948648823142353714e-02
-9.963414119131859259e-01 -6.314161042654432843e-02 5.759304194380334557e-02
-9.966949476789961349e-01 -5.729721809186930775e-02 5.758680934752047342e-02
-9.967749914711228065e-01 -5.675008272985953423e-02 5.673689298656550695e-02
-9.972884675426300083e-01 -5.073693622650470719e-02 5.330578095128079424e-02
-9.972444106149545018e-01 -4.640231824529827270e-02 5.788299389676988815e-02
-9.975459821264773819e-01 -4.056988471040661598e-02 5.706249731463213654e-02
-9.980747863238825790e-01 -3.036712391734323543e-02 5.407946949428901751e-02
-9.983317818163101043e-01 -2.044193042425815343e-02 5.399825205384944926e-02
-9.980161569127512511e-01 -1.196163084426074552e-02 6.181181991099901629e-02
-9.983582296613665585e-01 -4.809126971974525544e-04 5.727691251879579726e-02
-9.984289875659168034e-01 8.780830276621709798e-03 5.533971793147159784e-02
-9.985503334169820722e-01 1.976722918249756988e-02 5.006514315203570986e-02
-9.986344723340925267e-01 2.223503037058861126e-02 4.727392845297540697e-02
-9.988618305843373069e-01 2.704153509832264365e-02 3.929158773353995382e-02
-9.989563246528982976e-01 2.696551597814245832e-02 3.686668517895887870e-02
-9.986840243307547604e-01 3.712378372097507179e-02 3.538466098134995103e-02
-9.983701596482436047e-01 4.535519690959745331e-02 3.464044444968958358e-02
-9.979493680849680359e-01 5.244667287745444217e-02 3.669380423659839713e-02
-9.976113297355672094e-01 5.820542633519090042e-02 3.719937078423708049e-02
-9.978624473105945913e-01 5.724717028239678651e-02 3.151710392038971353e-02
-9.974807985542835098e-01 6.285224851317318395e-02 3.288892738663998921e-02
-9.966718906206480932e-01 7.206771841047265870e-02 3.809746328200886573e-02
-9.966121813110596639e-01 7.347474531218499416e-02 3.695473111913311071e-02
-9.960808494090189757e-01 7.955716152009245645e-02 3.864750729637611570e-02
-9.951823731536927342e-01 8.958027643049572275e-02 3.984279935914521870e-02
-9.951511176161869088e-01 9.143692525603522303e-02 3.624323683580247396e-02
-9.946249570852151445e-01 9.588419775016075730e-02 3.908255123473870773e-02
-9.949039324118661431e-01 9.542895501492586197e-02 3.255012002626503365e-02
-9.946037104476612711e-01 9.855332064876538845e-02 3.241500652608750310e-02
-9.935320183783714620e-01 1.095910465058638761e-01 2.973148747414099125e-02
-9.932939259068507276e-01 1.116370858395674820e-01 3.007271501305141398e-02
-9.928175805462753356e-01 1.157102889959125275e-01 3.040413040836465949e-02
-9.916136789274532237e-01 1.251607830860145820e-01 3.220435656790496259e-02
-9.911192792677854246e-01 1.298496559134940109e-01 2.866481220154119477e-02
-9.911872464712152553e-01 1.291842205216133521e-01 2.931398872079694212e-02
-9.915554071400626279e-01 1.275466858312482576e-01 2.344670394964004645e-02
-9.910474531225682560e-01 1.313500882591486785e-01 2.391924768761569814e-02
-9.898406437936443369e-01 1.410213588046562438e-01 1.812475199836813267e-02
-9.898260741074120794e-01 1.411051270136170488e-01 1.826790977702292401e-02
-9.889131358019211948e-01 1.471835462241745662e-01 1.969375520533599849e-02
-9.884620192160423757e-01 1.500211716926710681e-01 2.089294322871711185e-02
-9.880013820795012780e-01 1.532595114595854680e-01 1.910030321187338245e-02
-9.873301122058750767e-01 1.577416097498800795e-01 1.722975628291066597e-02
-9.864386252344423678e-01 1.628114593409674404e-01 2.076771525066529664e-02
-9.860777796694061292e-01 1.654549990544004479e-01 1.659175623109465647e-02
-9.858882562631994251e-01 1.670013621908204016e-01 1.161558741044242324e-02
-9.851613667813881037e-01 1.714311064711047938e-01 8.275730052787588775e-03
-9.845150443433349219e-01 1.752164639645414079e-01 5.417450781157255937e-03
-9.851473117604818697e-01 1.715246026260500434e-01 8.007204818180915784e-03
-9.845156389417758502e-01 1.752189225026519470e-01 5.226506817931259735e-03
-9.839409629705870852e-01 1.784563624355135492e-01 3.679476157610059653e-03
-9.846815652076922332e-01 1.742459045885329794e-01 6.372623083090630733e-03
-9.837827836650907543e-01 1.791772461959385832e-01 8.184100416228717867e-03
-9.839345318771731685e-01 1.784170720833971324e-01 6.341598073836773007e-03
-9.837301588565245947e-01 1.794740510854623550e-01 8.004376728668717925e-03
-9.835202749402816025e-01 1.807503381691593636e-01 4.149041371992836721e-03
-9.838989972451658295e-01 1.787118911602264826e-01 2.203116076747955836e-03
-9.835740512542082703e-01 1.805017196405727109e-01 1.115993161987104305e-03
-9.832838433786972310e-01 1.820591074807315080e-01 -2.719418407161722229e-03
-9.833282601549956370e-01 1.818315294119841885e-01 -1.690619441204847589e-03
-9.827671002643818543e-01 1.848481385116826636e-01 -1.512428598612828700e-04
-9.826584895451438983e-01 1.852957175956749525e-01 -6.915239272594179976e-03
-9.821476941587992116e-01 1.876201351950725904e-01 -1.358757386598060182e-02
-9.824793767275322720e-01 1.859839621134921628e-01 -1.201126843051299013e-02
-9.831212247093880086e-01 1.824033532309853323e-01 -1.420227939008320180e-02
-9.835145629814732171e-01 1.798374685847199950e-01 -1.891084030340152780e-02
-9.845678728911839706e-01 1.739004360857761833e-01 -1.961562189633843031e-02
-9.844172900775053359e-01 1.748554817006459372e-01 -1.865985372533238151e-02
-9.855131325981573154e-01 1.684977183091366515e-01 -1.929805814773932759e-02
-9.858296762683668168e-01 1.667022456707518974e-01 -1.871473533223135671e-02
-9.862765985667287794e-01 1.640384854214136379e-01 -1.870500098323916657e-02
-9.861336443976702615e-01 1.642090276327461129e-01 -2.399711032355862292e-02
-9.870131990601783700e-01 1.581889377746237835e-01 -2.795059423973396406e-02
-9.869568183596963973e-01 1.583919185444761235e-01 -2.877967519591556264e-02
-9.867592114592405039e-01 1.591826883661617287e-01 -3.109921527673300753e-02
-9.879281152006191835e-01 1.526399764103104906e-01 -2.644064222163475253e-02
-9.883848192587892934e-01 1.495286927936003984e-01 -2.714129452149278282e-02
-9.884277410019247645e-01 1.497049924757166972e-01 -2.447543324749221552e-02
-9.887063426157478574e-01 1.482168474877680886e-01 -2.217126428740947078e-02
-9.890762415376616046e-01 1.446631367588323280e-01 -2.829834168920287302e-02
-9.900592576537132761e-01 1.378583781095242822e-01 -2.788843411844519130e-02
-9.906047647262683498e-01 1.346567033621037801e-01 -2.387054963540653774e-02
-9.909805408005942784e-01 1.314771341238268054e-01 -2.591065000563281748e-02
-9.916876481694697487e-01 1.264637982627025703e-01 -2.371807294450426276e-02
-9.924730562302420678e-01 1.200979582586335082e-01 -2.395295140328274064e-02
-9.927108149103919255e-01 1.173902089288226674e-01 -2.729116498027898616e-02
-9.932579875628921862e-01 1.118829434024453673e-01 -3.034481950351642504e-02
-9.937652475334187718e-01 1.075160972028517681e-01 -2.951190588705620774e-02
-9.940909033192453226e-01 1.037602168141812525e-01 -3.189238733283408789e-02
-9.949092218799427956e-01 9.477770466628429591e-02 -3.424701556987930218e-02
-9.953445940298778494e-01 9.011551555580929462e-02 -3.418134210556562219e-02
-9.963198641440382808e-01 7.892169104817883807e-02 -3.343839255103069757e-02
-9.966759727125231727e-01 7.436246479502228723e-02 -3.327552175178695448e-02
-9.972964773134040950e-01 6.419659239646560711e-02 -3.575702834013803205e-02
-9.974411276327872500e-01 6.341976237306121145e-02 -3.300245222177863869e-02
-9.980604706413330751e-01 5.242912707371024522e-02 -3.356359352030892362e-02
-9.983044661236035733e-01 4.563104655966906953e-02 -3.613906269695933704e-02
-9.987489776727840329e-01 3.816013690888817728e-02 -3.231585750460506251e-02
-9.986692268198118505e-01 3.511991626484441825e-02 -3.776768592915057121e-02
-9.988295913842651919e-01 2.767439919323919431e-02 -3.966870715595022245e-02
-9.989617446559564407e-01 1.686611822528373550e-02 -4.232018715505073830e-02
-9.990628468328497380e-01 6.989265940369568386e-03 -4.271545069462606703e-02
-9.989836162348546544e-01 -2.226151834427259057e-03 -4.502011022584011951e-02
-9.988763080180057541e-01 -8.589986909826766853e-03 -4.660863758858772160e-02
-9.990138199712337297e-01 -1.407706322881094839e-02 -4.211003793359418407e-02
-9.988953353814641334e-01 -1.601066221155654848e-02 -4.417917146801587230e-02
-9.986586815727349631e-01 -2.769134047640280788e-02 -4.374995873105710920e-02
-9.982244191401717925e-01 -3.632789819302492673e-02 -4.720513284920684755e-02
-9.980787313156685991e-01 -4.244781238365316622e-02 -4.513381204543820413e-02
-9.978285769015575735e-01 -5.027154853166206083e-02 -4.255506938765192537e-02
-9.974615116949718807e-01 -5.626062699041260717e-02 -4.364981057209233600e-02
-9.968511236838578649e-01 -6.583717494793854541e-02 -4.419655058156986283e-02
-9.966452024050767022e-01 -6.899244311947463904e-02 -4.402743223074714191e-02
-9.965836109398698017e-01 -7.036932208794535737e-02 -4.323536030801259505e-02
-9.961800578353120494e-01 -7.786611404044703477e-02 -3.952457510387515083e-02
-9.953920630991217600e-01 -8.868061694747750301e-02 -3.647492510326165449e-02
-9.948077909946961839e-01 -9.509957216534650759e-02 -3.624309052282743970e-02
-9.941440571226517475e-01 -1.019602853401321008e-01 -3.580118904031326377e-02
-9.929344101942119138e-01 -1.125733785897442135e-01 -3.753029191966087558e-02
-9.924491024796893157e-01 -1.167813781480065566e-01 -3.750893268280663939e-02
-9.916529061715532167e-01 -1.241551915847643184e-01 -3.478553243214266982e-02
-9.911111947587417648e-01 -1.292097396956466693e-01 -3.167765484404366089e-02
-9.905278929966043755e-01 -1.338346992783899236e-01 -3.070500716697728907e-02
-9.905194108601639291e-01 -1.339043150784275937e-01 -3.067510575292297856e-02
-9.898470899416019764e-01 -1.385290404138745934e-01 -3.181940486594828782e-02
-9.887101565496900779e-01 -1.469363575306076586e-01 -2.935922438225565742e-02
-9.878652126798362909e-01 -1.534971579606219938e-01 -2.368490767729639762e-02
-9.868767703348171327e-01 -1.591651351699977512e-01 -2.721637207614166498e-02
-9.852951943619564501e-01 -1.676964943045480549e-01 -3.273067585310061173e-02
-9.842972281517976540e-01 -1.730777016007826463e-01 -3.468583746187869910e-02
-9.835960972995035911e-01 -1.781785818391605491e-01 -2.812724072750165741e-02
-9.833869791236855562e-01 -1.803846702288560977e-01 -2.028426114255496571e-02
-9.831784122946214399e-01 -1.809736017677536224e-01 -2.467379805507341831e-02
-9.821963666496389411e-01 -1.866355600268523596e-01 -2.138916032079257040e-02
-9.820932926599551527e-01 -1.873518904457267542e-01 -1.980062514659235509e-02
-9.801971806379122798e-01 -1.975428032801017919e-01 -1.379706162366853110e-02
-9.786014315495751292e-01 -2.050781733111659011e-01 -1.679916931948710265e-02
-9.785130682647955602e-01 -2.059321784819296286e-01 -1.020510588754472078e-02
-9.773025245499417091e-01 -2.117548877627022375e-01 -6.298730276189431349e-03
-9.771087395212266768e-01 -2.127248848294168992e-01 -2.581763225687090917e-03
-9.768713994529610867e-01 -2.137885399635528483e-01 4.093909152372393959e-03
-9.779548591966777948e-01 -2.085888909377127121e-01 9.746754765993920905e-03
-9.787851100220361644e-01 -2.046675402629006268e-01 9.536122575566729001e-03
-9.785879072877949891e-01 -2.055625343438531039e-01 1.047775952311695569e-02
-9.780215744027611624e-01 -2.083082388137487695e-01 9.028229334936339542e-03
-9.782955363315576358e-01 -2.068605801968013969e-01 1.210682786541280274e-02
-9.788079016581030523e-01 -2.042019680689203254e-01 1.538438462517304449e-02
-9.797102245297650835e-01 -1.995329155293726342e-01 1.882878081172081192e-02
-9.805086751572051895e-01 -1.952499792440221815e-01 2.191380899282010380e-02
-9.811338054219983507e-01 -1.917857725512654155e-01 2.438657085408326916e-02
-9.819036075139936370e-01 -1.880435614805965328e-01 2.247122737050957775e-02
-9.833603103924509758e-01 -1.792677761203964326e-01 2.942101657323048861e-02
-9.850957406702059993e-01 -1.693106987650597195e-01 3.033646071308017389e-02
-9.854156391295739725e-01 -1.672345383861602586e-01 3.144295174262937836e-02
-9.858223190513845102e-01 -1.652600455796227330e-01 2.904314825127750702e-02
-9.872780005243619872e-01 -1.564092896117850462e-01 2.860621709916902691e-02
-9.879863371695166707e-01 -1.501579285883041237e-01 3.654621975576137494e-02
-9.884459500840701018e-01 -1.467843249945464112e-01 3.780208841094440803e-02
-9.901367415488472323e-01 -1.350900523475039583e-01 3.714758352038171479e-02
-9.911796507490999719e-01 -1.275044811005419387e-01 3.613224800853075819e-02
-9.920147793188364149e-01 -1.213848077026601219e-01 3.424088332124866629e-02
-9.939477318693737962e-01 -1.055859745151214169e-01 3.032391986237312556e-02
-9.942617247925700230e-01 -1.035058304629699333e-01 2.702216614918253809e-02
-9.948891142859517256e-01 -9.785355772593874735e-02 2.490709224422476761e-02
-9.951319928222358557e-01 -9.509682450176673574e-02 2.586392413885327951e-02
-9.957119880655427302e-01 -8.869566646419348166e-02 2.628207233791074460e-02
-9.960412422071255323e-01 -8.343805150929388403e-02 3.065888857273876139e-02
-9.962133509570364476e-01 -8.098471707870559533e-02 3.163016050759057812e-02
-9.967204001064466912e-01 -7.334019460556602532e-02 3.420076214435987388e-02
-9.973764549727027751e-01 -6.522915810150922700e-02 3.139101951096588683e-02
-9.973648552133469458e-01 -6.173943572203789698e-02 3.810012998826294017e-02
-9.975750721906150309e-01 -5.912186396229834884e-02 3.672346333404698238e-02
-9.976891610308595837e-01 -5.440102301082685998e-02 4.070502427100623766e-02
-9.975864167597998655e-01 -5.587872305550767305e-02 4.121822105038597944e-02
-9.981769525406136712e-01 -4.739077931271555577e-02 3.737536093117811015e-02
-9.984440475689769778e-01 -4.253045898655876539e-02 3.606488677263258030e-02
-9.985842940240217125e-01 -3.857549782401455130e-02 3.662472977471133151e-02
-9.987928243349178947e-01 -3.359815151709235476e-02 3.583420701826355720e-02
-9.986969575969312229e-01 -3.402897109984336782e-02 3.803219869306596890e-02
-9.990283950324483353e-01 -2.676983806700825377e-02 3.500962277299484587e-02
-9.988974012096628607e-01 -2.719231764611032900e-02 3.826998467774162666e-02
-9.990458102258130690e-01 -2.106922147836951323e-02 3.825688155310770500e-02
-9.988917940509046689e-01 -2.120587658173100909e-02 4.201816989947273345e-02
-9.991913000350943763e-01 -5.730341102049682847e-03 3.979875374207765548e-02
-9.991589962753976151e-01 4.998217197032247400e-03 4.069827639863536628e-02
-9.993143309647194439e-01 7.509345919781937849e-03 3.625616338886304690e-02
-9.993041771356790948e-01 1.322698849130820448e-02 3.487463275334618668e-02
-9.991950227167628595e-01 2.054765999553086545e-02 3.445478042192891277e-02
-9.991374684958821417e-01 2.665943691526199977e-02 3.183747730109356272e-02
-9.991252741883516197e-01 3.173250737472028266e-02 2.723537875180718701e-02
-9.989377517341733181e-01 3.606055717906034297e-02 2.868860116581932115e-02
-9.989285031745867016e-01 3.613234395684419842e-02 2.891938322955179066e-02
-9.986529032183707466e-01 4.412909789782214209e-02 2.729529152838038042e-02
-9.982371862264252105e-01 5.218114323636847962e-02 2.827860914414324217e-02
-9.974738095985807851e-01 6.371639485420246829e-02 3.140464386503699634e-02
-9.972905653649802860e-01 6.682030251205806071e-02 3.076697687228092948e-02
-9.971083157654405671e-01 7.202082948119974126e-02 2.424949450139458895e-02
-9.970253437227898363e-01 7.377356445368336846e-02 2.231493607428583492e-02
-9.966259416588001407e-01 7.750014190458982821e-02 2.702761060108579624e-02
-9.965630873119813993e-01 7.905767194796466113e-02 2.473719526836674551e-02
-9.963730581327892022e-01 8.085127237872949402e-02 2.652983450328054438e-02
-9.961883957647544863e-01 8.395806958570221912e-02 2.365912129859329069e-02
-9.961008197459374491e-01 8.682177213490113732e-02 1.565783409348325828e-02
-9.957908216046704730e-01 9.045896584996790390e-02 1.475960929178015378e-02
-9.958868613504546774e-01 8.900538577629500681e-02 1.695380937423870277e-02
-9.957903132048325778e-01 8.964327321034917806e-02 1.912502723485168948e-02
-9.956363205922258430e-01 9.043382397672991568e-02 2.302328406783984982e-02
-9.955081131321245058e-01 9.208739863404458159e-02 2.198951363344939930e-02
-9.951990181916803291e-01 9.483034609089546763e-02 2.421054934169939582e-02
-9.949869029522049324e-01 9.639510035468380755e-02 2.662853101249709059e-02
-9.938856624758494185e-01 1.073403425502599123e-01 2.587222075126809073e-02
-9.932760001890088564e-01 1.137967663451338457e-01 2.128647819656038012e-02
-9.929821011171250378e-01 1.152000124894771854e-01 2.674948162062928611e-02
-9.927590836781626793e-01 1.167957688180659009e-01 2.807456059590620126e-02
-9.929769597732521769e-01 1.170135963705387916e-01 1.745297908574486301e-02
-9.933111749128969992e-01 1.143828666174922792e-01 1.579558521310264405e-02
-9.934216860776893254e-01 1.133463055034628075e-01 1.630949263264485152e-02
-9.929451910056119601e-01 1.176172615662933602e-01 1.503523569567957047e-02
-9.926665397519287559e-01 1.201031529037250439e-01 1.372604735173796157e-02
-9.924409001579356238e-01 1.218165820578255426e-01 1.489331739854004785e-02
-9.918523557734262308e-01 1.260240499148106430e-01 1.862456047432524409e-02
-9.921430217743015811e-01 1.244192645705122224e-01 1.311876890339100203e-02
-9.915431327552082230e-01 1.290760156526777891e-01 1.347698899588711634e-02
-9.910118529769269546e-01 1.332313721650443539e-01 1.203909649632941593e-02
-9.907430714111257197e-01 1.356462970175819072e-01 5.317861650193416584e-03
-9.913399223935449589e-01 1.308656173045098514e-01 1.092608537139106925e-02
-9.908155924649639790e-01 1.347628525197014926e-01 1.111153369965941877e-02
-9.899935785895419560e-01 1.406731359590115416e-01 1.112717588598478163e-02
-9.894778573844605907e-01 1.442932202021188770e-01 1.063330691491433735e-02
-9.896184236136505996e-01 1.432880154132045170e-01 1.113333490584540557e-02
-9.897962882061080991e-01 1.420350918478730795e-01 1.137415491191265567e-02
-9.895439068189312293e-01 1.441701623903184626e-01 4.225103982221797838e-03
-9.893374070590615910e-01 1.456289107050896259e-01 1.935484172741210127e-03
-9.900472574322164432e-01 1.407353688961714422e-01 -1.216901789416529808e-04
-9.901505163395600828e-01 1.399546317735276546e-01 -3.832346935461531084e-03
-9.905849216600981499e-01 1.368997318459676815e-01 8.501110156812268989e-05
-9.908227438189608494e-01 1.351498631067661327e-01 2.199011280956301041e-03
-9.908386067732191105e-01 1.350336329027682636e-01 -2.191837443932887711e-03
-9.905167267570667011e-01 1.373539124716048609e-01 -3.247701497268194043e-03
-9.901591534890865631e-01 1.397681275104501464e-01 -7.053514320502168519e-03
-9.904901796573111206e-01 1.373343025276707041e-01 -8.277931192057714008e-03
-9.906321626454468454e-01 1.361993319812545011e-01 -9.883881739476593417e-03
-9.909702116790667370e-01 1.337346137727121742e-01 -9.650049608565414161e-03
-9.899760707484704936e-01 1.406259301708678855e-01 -1.310564066398629823e-02
-9.906450207801626995e-01 1.357581050271312317e-01 -1.386399872147365403e-02
-9.913408093214697292e-01 1.306300575422083277e-01 -1.338725414449356763e-02
-9.919646714489676054e-01 1.257368690550403345e-01 -1.401289049042158535e-02
-9.921649970845560773e-01 1.239164678380209744e-01 -1.591723360510717555e-02
-9.920521677364568802e-01 1.242751138390509741e-01 -1.970338402905177921e-02
-9.922852481793466017e-01 1.223628640591237909e-01 -1.993355260040277632e-02
-9.932639765448688651e-01 1.137561683806958684e-01 -2.205080374041655522e-02
-9.934632600286242843e-01 1.121817214219454073e-01 -2.111973574874860884e-02
-9.938778328664629180e-01 1.083504496907490150e-01 -2.161167012602054766e-02
-9.938389653337944551e-01 1.091429299529001751e-01 -1.928633560488410628e-02
-9.940609601126532135e-01 1.067335688734456778e-01 -2.123166947128313220e-02
-9.944982859563322730e-01 1.016604825587756888e-01 -2.526532300014866506e-02
-9.948414990221600140e-01 9.807403617063323309e-02 -2.592115529877302496e-02
-9.948213693360157261e-01 9.590956813014167581e-02 -3.364266829025523708e-02
-9.953712691533498358e-01 9.194269655581045753e-02 -2.797513849814813394e-02
-9.958308714107222404e-01 8.437256937578718752e-02 -3.467242223320935596e-02
-9.962642277924752543e-01 7.906187270134222567e-02 -3.473960981634589829e-02
-9.965281225529256659e-01 7.558192455726822634e-02 -3.491569027620968629e-02
-9.967183784190621898e-01 7.304323360892367445e-02 -3.488827785555598943e-02
-9.969327765429857324e-01 6.929835462927599887e-02 -3.637044018160968256e-02
-9.973327663326706505e-01 6.414244229682486420e-02 -3.483004519020233697e-02
-9.980178868603998277e-01 5.380947019482690968e-02 -3.263234612189092054e-02
-9.979228310020312742e-01 5.150843876161315116e-02 -3.869025583230677190e-02
-9.981292396150702739e-01 4.705979931770475078e-02 -3.903111746294122414e-02
-9.980634915511321648e-01 4.607314639316464899e-02 -4.179191148671987377e-02
-9.984713075448800046e-01 3.786061224863204733e-02 -4.026976294874732437e-02
-9.987137060957066437e-01 3.627107504828685353e-02 -3.543125910025973768e-02
-9.991155221542626919e-01 2.521204991144831986e-02 -3.365349215659600712e-02
-9.992579277791121539e-01 1.775975684000852955e-02 -3.417918128056716270e-02
-9.992519033939067929e-01 1.471027038306830202e-02 -3.576692852792077992e-02
-9.992586194333661354e-01 1.342847754100369786e-02 -3.608211674219282544e-02
-9.994201738101446963e-01 2.171818130927503920e-03 -3.397985995273378884e-02
-9.994157549070916691e-01 -2.053943507358328008e-03 -3.411688227677267538e-02
-9.993763108670561390e-01 -1.156300487409187873e-02 -3.336641517494567943e-02
-9.994375212502123462e-01 -1.181202519892234418e-02 -3.138707766081236944e-02
-9.994537268131951091e-01 -1.589208702566726264e-02 -2.897793950123459319e-02
-9.993108352959310103e-01 -2.073980756219509156e-02 -3.078548982829215283e-02
-9.993275723284887890e-01 -2.447005852713374577e-02 -2.730660853646896952e-02
-9.992579091836997218e-01 -2.867233975631528278e-02 -2.572079490309662347e-02
-9.990189703925143050e-01 -3.312037960587499441e-02 -2.939674772143189077e-02
-9.989817530063258566e-01 -3.771601946521709742e-02 -2.475864503349460219e-02
-9.989156484127137414e-01 -3.954671747048533331e-02 -2.456859698198233036e-02
-9.988719277856850098e-01 -4.171554579146864727e-02 -2.268736585195122585e-02
-9.987969646409621260e-01 -4.421452639815941915e-02 -2.120685023312066445e-02
-9.985843211678155917e-01 -4.994420441198793581e-02 -1.830194979346605813e-02
-9.987447023959337145e-01 -4.638787600697165392e-02 -1.890015277520886577e-02
-9.986241012791976512e-01 -4.893619288538914730e-02 -1.884634577551106208e-02
-9.989004059630350874e-01 -4.249323162004323140e-02 -1.980746301714112617e-02
-9.989373940194647972e-01 -4.186071177916925873e-02 -1.928198638221410161e-02
-9.988659060555296065e-01 -4.423719650793851710e-02 -1.760691599369577920e-02
-9.986805634058666392e-01 -4.966951722706759720e-02 -1.304234115742788913e-02
-9.983801871386329685e-01 -5.535945132660357454e-02 -1.312876272745642538e-02
-9.984694241029519191e-01 -5.358375250189169325e-02 -1.369751538963004216e-02
-9.985879859827156979e-01 -5.255657465022682551e-02 -7.737706806980384003e-03
-9.982297913578920268e-01 -5.868409821978855245e-02 -9.669109745310041498e-03
-9.985213286942848931e-01 -5.366049275978873601e-02 -8.702822042896777091e-03
-9.983721250623215360e-01 -5.615595396322326655e-02 -9.981994705568403292e-03
-9.982316360859982973e-01 -5.898790034707976360e-02 -7.352537033580271511e-03
-9.982723812095353200e-01 -5.860808216948171223e-02 -4.168585468656692272e-03
-9.980963991187526974e-01 -6.147763185900943783e-02 -4.910227813272083006e-03
-9.976960312429744571e-01 -6.783957019939897137e-02 -6.732953345995329464e-04
-9.978062235895162058e-01 -6.620051231947661485e-02 -5.135237455857906939e-04
-9.976469464099609885e-01 -6.855285858924577147e-02 -1.052271625288010194e-03
-9.977021420040005362e-01 -6.775216050825774716e-02 -3.346133379953271370e-04
-9.977516415280553996e-01 -6.695227081873628139e-02 3.014411240679968837e-03
-9.978868210428113450e-01 -6.479237470332716020e-02 4.885899847262467621e-03
-9.982408386469276973e-01 -5.907888834738320161e-02 4.994442910990162625e-03
-9.984091060463679002e-01 -5.605075773008805912e-02 6.131965849336658801e-03
-9.986069179705232557e-01 -5.205673289877826154e-02 8.622732852839602030e-03
-9.987024565382109920e-01 -5.015432311495961887e-02 8.830558289993593879e-03
-9.986661609806597451e-01 -5.067469484482145514e-02 9.899787488738079691e-03
-9.987265100050454203e-01 -4.803389059127825822e-02 1.543163318263412673e-02
-9.989785856509910689e-01 -4.031184603253241960e-02 2.041500247861897238e-02
-9.991772771565859967e-01 -3.249769224591941841e-02 2.426315798265703955e-02
-9.993117515741868351e-01 -2.405858395875003913e-02 2.823543733759652577e-02
-9.993334308925849729e-01 -2.065625041765701067e-02 3.010058916618131575e-02
-9.994464821904620599e-01 -1.261858620394469034e-02 3.078202057243988737e-02
-9.994734299890442042e-01 -2.125462102788364463e-03 3.237865880850741146e-02
-9.994456928869693835e-01 4.607972156923316465e-03 3.297129017855194438e-02
-9.992468013141472261e-01 1.431794009471987206e-02 3.606742726468152582e-02
-9.990333265757592729e-01 1.685943728880406195e-02 4.059808410301513071e-02
-9.988527243058974436e-01 2.238178252924238540e-02 4.233584378389523145e-02
-9.986245208797194239e-01 2.800344793491765100e-02 4.432726018247293287e-02
-9.981141932780815962e-01 3.935226365786439334e-02 4.711145788012158220e-02
-9.978427203414060864e-01 4.670960042185540173e-02 4.613189379738737855e-02
-9.975374600063242614e-01 5.307371998862723400e-02 4.585007149641201485e-02
-9.966628401482103827e-01 6.262549066071615433e-02 5.235708588600620356e-02
-9.959728759111355911e-01 7.159036427688145188e-02 5.397113798571897408e-02
-9.956494158745017309e-01 7.501167240293353522e-02 5.527678752983498922e-02
-9.954058679070345583e-01 7.615083161887263585e-02 5.803656252646839653e-02
-9.949687876185621116e-01 8.206558445296395499e-02 5.746638242732595575e-02
-9.942412287911616131e-01 9.221103949835755820e-02 5.460344870244464993e-02
-9.936399392953123577e-01 1.024010213518807555e-01 4.683732791533549988e-02
-9.926446789954227468e-01 1.117399753609369939e-01 4.659133593369482740e-02
-9.921513729490329947e-01 1.179346036891016775e-01 4.155858178428682020e-02
-9.921779324462236538e-01 1.184328894703872426e-01 3.945420592802874327e-02
-9.914896088695343002e-01 1.246358856790811404e-01 3.760697758253894740e-02
-9.909558882200177887e-01 1.288525433019576116e-01 3.746308773386868712e-02
-9.893739573110902352e-01 1.396449973785237608e-01 4.047815227450080738e-02
-9.891372758143882615e-01 1.426466131230675338e-01 3.548840417011143999e-02
-9.874848848342008267e-01 1.539180147532600296e-01 3.439302778601322635e-02
-9.873008925503843347e-01 1.556286528982370743e-01 3.188578606924769021e-02
-9.856178162043904845e-01 1.656653482469853389e-01 3.335485398769826720e-02
-9.848070923068577009e-01 1.699336187862974246e-01 3.574338711603408658e-02
-9.832581053933222570e-01 1.789545117607539704e-01 3.433386705260013660e-02
-9.822117315737609600e-01 1.846902027572110971e-01 3.390688526095017585e-02
-9.828338148103928917e-01 1.817400652248043480e-01 3.175334141863207782e-02
-9.821902650450036187e-01 1.844646725292345413e-01 3.570856221125574131e-02
-9.812271433428367828e-01 1.899090078265507908e-01 3.358415417863816477e-02
-9.804826083414436289e-01 1.930088870049100902e-01 3.743605024522684427e-02
-9.801100118348684553e-01 1.950548510838541749e-01 3.657872809718511198e-02
-9.784950488400304680e-01 2.033818434412026921e-01 3.439910879984954539e-02
-9.767071890075896823e-01 2.125884383775906439e-01 2.914199798426232377e-02
-9.754843875575086587e-01 2.186733567589174976e-01 2.474278899805297527e-02
-9.736302075017092550e-01 2.271814675585404342e-01 2.080463369016759961e-02
-9.741043508104562099e-01 2.251523661778525032e-01 2.066781752601769967e-02
-9.737369728422884396e-01 2.269477177729754547e-01 1.819543996103718461e-02
-9.730301525394344786e-01 2.298217136472932298e-01 1.985787367593721403e-02
-9.728286677106688929e-01 2.308449103546047487e-01 1.774946774731105820e-02
-9.717020015333859284e-01 2.358920238471692021e-01 1.225586065716951535e-02
-9.710694932833766613e-01 2.386851089931268100e-01 7.313734699816114466e-03
-9.704240484139767808e-01 2.413114192480136644e-01 6.782178687774314749e-03
-9.705306895808603063e-01 2.409774060370609983e-01 3.211873082855469519e-04
-9.715433666239349231e-01 2.368600378033012821e-01 -9.176542259966315174e-04
-9.716946301621810500e-01 2.362390532026088785e-01 8.296299373955649467e-04
-9.714575208998164069e-01 2.371905266092974307e-01 -3.312399314506759770e-03
-9.716881410761127880e-01 2.362515130217934245e-01 -2.722480345661497901e-03
-9.718541539122707018e-01 2.354942913512208524e-01 -6.478819448034240161e-03
-9.731418656779450282e-01 2.299311312860593537e-01 -1.125242267845349281e-02
-9.727559460898814736e-01 2.316856494486931040e-01 -8.225698185359932302e-03
-9.736117425035658579e-01 2.280026519765636084e-01 -9.746717919822770262e-03
-9.740867127714205598e-01 2.256277251395624739e-01 -1.572382733759386531e-02
-9.740397710670433140e-01 2.254067200869835086e-01 -2.093724074122278386e-02
-9.749498666647753442e-01 2.211372882263582806e-01 -2.389749859038416829e-02
-9.754328276326693636e-01 2.188794121000311454e-01 -2.495265405526980382e-02
-9.763199664835733316e-01 2.146311626420321639e-01 -2.707065477745938462e-02
-9.786282978807715471e-01 2.033224417960659558e-01 -3.076804990563293540e-02
-9.800142088134576879e-01 1.959266871764503704e-01 -3.442263156719240630e-02
-9.806290209270956959e-01 1.936296030475996854e-01 -2.956913734189942425e-02
-9.806058514901468959e-01 1.939231419724459504e-01 -2.839036416770517740e-02
-9.815059889537854909e-01 1.892496712040176443e-01 -2.881994704382308953e-02
-9.819891210151834304e-01 1.858665558672345230e-01 -3.392673677281788508e-02
-9.826930483798085314e-01 1.818143726794023973e-01 -3.546745573320728151e-02
-9.843020787393020887e-01 1.734397472438869714e-01 -3.268188572845048129e-02
-9.853749022567005467e-01 1.667019323685519638e-01 -3.531007822845256411e-02
-9.853644794673821483e-01 1.655126091798675425e-01 -4.077318676262703390e-02
-9.862942514888515255e-01 1.599421824061916797e-01 -4.052384135760053741e-02
-9.872344287816207098e-01 1.543741824441373645e-01 -3.920240211452343665e-02
-9.877572328789994138e-01 1.511999618358332020e-01 -3.839601960472630721e-02
-9.881193773636116617e-01 1.473295854260642523e-01 -4.375069515094926614e-02
-9.894077946687180880e-01 1.390294536505002065e-01 -4.174997882071310173e-02
-9.901286381218117327e-01 1.308533659267183680e-01 -5.022659314130033942e-02
-9.904832027871909306e-01 1.275616503960379788e-01 -5.168253508557370257e-02
-9.917055181103621164e-01 1.207118299681024104e-01 -4.414581838726346769e-02
-9.927514410283593271e-01 1.109890033484346450e-01 -4.610912601457820698e-02
-9.938027203023943601e-01 1.024004747464525439e-01 -4.324730852262660685e-02
-9.938232835968819900e-01 1.013272861414969833e-01 -4.525589329774205166e-02
-9.942889230933827927e-01 9.728108533721879780e-02 -4.388577942013927036e-02
-9.945064168274165839e-01 9.156402914640783541e-02 -5.072523568084708750e-02
-9.944249388894976782e-01 9.063327152096187223e-02 -5.389513076090480387e-02
-9.947085542478988351e-01 8.926061239632981925e-02 -5.086717280082901638e-02
-9.955644693298408843e-01 7.972651133313198024e-02 -4.995102434528565782e-02
-9.960693700284050101e-01 6.679948456548977231e-02 -5.816935719013083261e-02
-9.962164234812623809e-01 6.168438556163451103e-02 -6.122017140929465751e-02
-9.964973353107597909e-01 5.706278722143267451e-02 -6.113046912546296618e-02
-9.969218543465491189e-01 4.927784461343372863e-02 -6.097987842552524129e-02
-9.971445618467770222e-01 4.294446148537991309e-02 -6.211707715456904477e-02
-9.974011640288905634e-01 3.421279342803716650e-02 -6.340692471668082919e-02
-9.977249599874570274e-01 2.333246870322443905e-02 -6.324978622894940339e-02
-9.976846561875094554e-01 1.307706859207117406e-02 -6.674093808136064010e-02
-9.976958814848202461e-01 4.404023803827662384e-03 -6.770205600047221606e-02
-9.979705077475248265e-01 -3.778914085548160107e-03 -6.356587835202145986e-02
-9.979160556580751740e-01 -9.247830006821729232e-03 -6.385968152869141157e-02
-9.978796164535982394e-01 -1.868636054649460213e-02 -6.234682336657105389e-02
-9.977083536297546296e-01 -2.620946836940917651e-02 -6.237900491778809731e-02
-9.970997058202103469e-01 -3.842260763470171925e-02 -6.569562794213890111e-02
-9.966705331256521250e-01 -4.451623156780062929e-02 -6.830951130956450235e-02
-9.964408684714465281e-01 -5.161671973563609211e-02 -6.664342188004489242e-02
-9.959019147715918452e-01 -6.357423435813434887e-02 -6.432517750713839799e-02
-9.950247446524759232e-01 -7.746152500414425768e-02 -6.265385218696942204e-02
-9.948548082407001614e-01 -8.559424129309406437e-02 -5.419936809831221725e-02
-9.940089127243583178e-01 -9.548249036810330104e-02 -5.319220386910311626e-02
-9.937399213388343755e-01 -9.689075115149198281e-02 -5.561642017964400775e-02
-9.925170145711306180e-01 -1.097993681746050887e-01 -5.342386575303258861e-02
-9.922708086600435795e-01 -1.128483659718836768e-01 -5.161320995346910245e-02
-9.920363771303283285e-01 -1.157315122754984105e-01 -4.969988283317285094e-02
-9.909064486303406083e-01 -1.257085568277747922e-01 -4.797711421251773384e-02
-9.900302810248641228e-01 -1.311832621754341066e-01 -5.129355936348592437e-02
-9.885776046093002201e-01 -1.427219597964489994e-01 -4.842309958949179982e-02
-9.869708149749424342e-01 -1.533864521513520762e-01 -4.859260655901562892e-02
-9.855359870646037690e-01 -1.633305980475522889e-01 -4.518814598039568725e-02
-9.847443804787179289e-01 -1.689061683573455375e-01 -4.182398637168734112e-02
-9.836456936783996019e-01 -1.751307260906879992e-01 -4.207627044591796817e-02
-9.826512176405941545e-01 -1.802397628586652478e-01 -4.370637169723305682e-02
-9.821560111380517322e-01 -1.833079203577682725e-01 -4.204534079783560363e-02
-9.814284351009352481e-01 -1.891409620047996842e-01 -3.199933404660834646e-02
-9.801771449432703509e-01 -1.959262937919829251e-01 -2.942254159969693098e-02
-9.783210161821378481e-01 -2.055850276145257671e-01 -2.495635410327921161e-02
-9.781199687461423764e-01 -2.063556591698801068e-01 -2.643298257524331549e-02
-9.771500603293373777e-01 -2.106898499484061993e-01 -2.806386755110856779e-02
-9.758036002325873870e-01 -2.165271381648536664e-01 -3.038694114515791064e-02
-9.750365248913306360e-01 -2.203643541267052142e-01 -2.726463649657382901e-02
-9.742911172061757830e-01 -2.236003187804429804e-01 -2.756356695888717914e-02
-9.735140102800695638e-01 -2.268543734091690578e-01 -2.841828494395830240e-02
-9.721677131867012545e-01 -2.334366384059641530e-01 -1.993255655503964330e-02
-9.712944244187657894e-01 -2.371010625373995151e-01 -1.924216094661022197e-02
-9.704456043158135037e-01 -2.409012602953783111e-01 -1.421074604753798376e-02
-9.701414040597857724e-01 -2.422964727473089774e-01 -1.086779015810387591e-02
-9.689309552870011277e-01 -2.471556778877757876e-01 -9.322453017392632116e-03
-9.689065689740605780e-01 -2.473589344102990750e-01 -5.800994092538057367e-03
-9.695158113532230670e-01 -2.450209730388502871e-01 -1.961570701630245810e-03
-9.692315737732866143e-01 -2.461506509175058754e-01 2.165612839495631783e-04
-9.701965581320869392e-01 -2.423085279021582328e-01 2.291153697386316863e-03
-9.706795490158676154e-01 -2.403771101805975974e-01 3.024894428305408695e-04
-9.710861116551784411e-01 -2.386920331723041688e-01 4.232087129571719501e-03
-9.713874887686981818e-01 -2.374215295043622664e-01 6.115351313109811289e-03
-9.720382891664417491e-01 -2.347081754474818760e-01 7.326002710599018725e-03
-9.708944625956088537e-01 -2.394208537212362820e-01 6.452199165383666439e-03
-9.715494905055570563e-01 -2.367039199040815445e-01 7.929400378144393913e-03
-9.720311230977118910e-01 -2.345950567292151567e-01 1.098584165962963356e-02
-9.716249450650457087e-01 -2.360307368401304007e-01 1.531310011275665781e-02
-9.713538128907243108e-01 -2.369777556332044732e-01 1.770161428646113352e-02
-9.728225724260297635e-01 -2.309784192706532679e-01 1.628637468695704263e-02
-9.723300478016344561e-01 -2.329700286802203479e-01 1.729963712658020084e-02
-9.736743813830649463e-01 -2.272257288233942296e-01 1.807486616915349870e-02
-9.742611938354419632e-01 -2.247806346650451093e-01 1.699488280499865389e-02
-9.757460130350027461e-01 -2.181826763215793386e-01 1.777839678923794423e-02
-9.761902336321021112e-01 -2.156765113783440102e-01 2.315823753445583888e-02
-9.759642573494977658e-01 -2.159324732058922336e-01 2.944434055037376680e-02
-9.768211745516393041e-01 -2.116016246135260515e-01 3.232923252109352191e-02
-9.772252581677641770e-01 -2.093223462312559791e-01 3.485662158009842498e-02
-9.785922711784185157e-01 -2.027062745152682366e-01 3.560009808128383746e-02
-9.786909693022856072e-01 -2.023321113410705141e-01 3.501053050955207913e-02
-9.795058722074896362e-01 -1.983365501645764084e-01 3.508408614442154461e-02
-9.803463643973077124e-01 -1.939425773239726869e-01 3.615683121083368423e-02
-9.814651118361737980e-01 -1.887586483072414001e-01 3.311254837356517045e-02
-9.827169892144974606e-01 -1.828800254901838118e-01 2.867488632220356257e-02
-9.837279629716783047e-01 -1.777734409937997695e-01 2.599869713782646322e-02
-9.835764896212454422e-01 -1.777579855460381941e-01 3.129570853880219578e-02
-9.848702634049045779e-01 -1.698588430560188378e-01 3.433033001017569974e-02
-9.859867643994918440e-01 -1.630418816712684849e-01 3.531967096786888666e-02
-9.864235036317653416e-01 -1.611390137863551175e-01 3.166896883216171327e-02
-9.871763074744343003e-01 -1.559651541312567224e-01 3.402708572099094608e-02
-9.879013484698634384e-01 -1.501304031320127852e-01 3.888215406034761096e-02
-9.882838094604499135e-01 -1.473231665513411448e-01 3.988772670969133877e-02
-9.897136293332400303e-01 -1.376336637467714397e-01 3.903768278374658562e-02
-9.905993293384220966e-01 -1.320197598484311174e-01 3.582995622878300257e-02
-9.917204250162867663e-01 -1.223834091627450105e-01 3.889645299953840840e-02
-9.916366603606513452e-01 -1.222701914503370318e-01 4.131305372242402574e-02
-9.924331857885776431e-01 -1.145656804445796539e-01 4.417138305864894143e-02
-9.926964695491776736e-01 -1.128860012314831934e-01 4.255002371444138731e-02
-9.928389131904590270e-01 -1.083444044061563083e-01 5.032312798865805348e-02
-9.937596102769199469e-01 -9.935320965888122524e-02 5.070317008742163817e-02
-9.941299975062799499e-01 -9.714354147838466513e-02 4.763103083406954041e-02
-9.948422450987325361e-01 -8.717084572225430872e-02 5.186700356899523467e-02
-9.959389091434120989e-01 -7.134824962370250878e-02 5.491039835882655096e-02
-9.964170419866855699e-01 -6.449907297566175035e-02 5.470816517575800147e-02
-9.967687205748378965e-01 -6.005426269881291440e-02 5.334452619679218993e-02
-9.971499621192165819e-01 -5.096771200479959657e-02 5.562625866096170685e-02
-9.975418929221500086e-01 -4.004260875964499311e-02 5.750475364463709937e-02
-9.979426237454377402e-01 -3.016235725196211859e-02 5.657550006953923627e-02
-9.979938089021205272e-01 -2.163077088480088936e-02 5.950212241858421347e-02
-9.981971657416848220e-01 -1.375527568300528511e-02 5.842299272164022672e-02
-9.980807097095049096e-01 -8.271622080476199665e-03 6.137192001444947975e-02
-9.984177137891774301e-01 -4.845675802761215817e-03 5.602342026859283980e-02
-9.984513362805755854e-01 6.695549323184999888e-03 5.522801855658520526e-02
-9.983047895118807302e-01 1.766717517866276538e-02 5.545677147970562437e-02
-9.983280993421403959e-01 2.508602778106869963e-02 5.207429757499707629e-02
-9.981755048881764125e-01 3.466627041407937398e-02 4.943628340725129966e-02
-9.980369468096969010e-01 4.131678245235542030e-02 4.706603061524521070e-02
-9.976167849163609658e-01 5.222496975335454844e-02 4.509254749678811430e-02
-9.969085680402063332e-01 6.290770552590463360e-02 4.707401092891257133e-02
-9.958543201933314215e-01 7.453108438700160876e-02 5.214715918499098629e-02
-9.951210291674724706e-01 8.330564596600265048e-02 5.286154083332009201e-02
-9.942684893114485112e-01 8.949388045944335623e-02 5.848976473610000698e-02
-9.938702695434111778e-01 9.758251317536449643e-02 5.195744613249173027e-02
-9.932772826463092120e-01 1.046773309478810782e-01 4.942602456594782229e-02
-9.922377893379848990e-01 1.162559354289131597e-01 4.414478620971717254e-02
-9.923127642584746999e-01 1.174358722208838912e-01 3.904137680492243689e-02
-9.920205013402975114e-01 1.222130955808108654e-01 3.097288160156504502e-02
-9.919985616284221486e-01 1.234501007909447751e-01 2.643788029441539525e-02
-9.922510105052736451e-01 1.217184065149216343e-01 2.495189087105511433e-02
-9.923493030625688549e-01 1.220827843348010755e-01 1.840352350306617701e-02
-9.919751996272426764e-01 1.253611345235679519e-01 1.642633440556454799e-02
-9.917607801775506493e-01 1.274209297825875664e-01 1.320972032960233793e-02
-9.913285058607426148e-01 1.306572548573508852e-01 1.401821680887485252e-02
-9.905324903454985064e-01 1.362563895915121226e-01 1.672175754173050796e-02
-9.904302676259233440e-01 1.374299427124980877e-01 1.268586257037847970e-02
-9.906146265965540820e-01 1.361714988023866035e-01 1.183299548032336335e-02
-9.905071567023124857e-01 1.366738087938083601e-01 1.469278147026286188e-02
-9.898036533271589166e-01 1.417316093401796429e-01 1.417441588392904205e-02
-9.884430136632035291e-01 1.509779596121135770e-01 1.364183698864701068e-02
-9.884751795552790821e-01 1.508669362635560174e-01 1.249088516046385419e-02
-9.887673834929736616e-01 1.492543247697963593e-01 7.889438770352107111e-03
-9.890169061633630188e-01 1.477293256827876822e-01 4.651997555450182106e-03
-9.891718119459625980e-01 1.467368646265828913e-01 2.730283407369567782e-03
-9.898497542688354800e-01 1.421144053879659919e-01 9.976025595907730189e-04
-9.895608063600145332e-01 1.441106000128556108e-01 -1.257345735234513670e-03
-9.902761867720494271e-01 1.391106209636210900e-01 -1.159518600784363454e-03
-9.895371777340525865e-01 1.442703103582385349e-01 -1.512232293365585369e-03
-9.895628289515272513e-01 1.440278360715890604e-01 -4.628760376945685595e-03
-9.895586315392145282e-01 1.441235263821784574e-01 -1.469465848066146916e-03
-9.901981048828196741e-01 1.396490699360381782e-01 2.426051878326208888e-03
-9.892517487767474860e-01 1.462214288631226156e-01 5.537387732383266831e-04
-9.900961572142917833e-01 1.403843297015138492e-01 1.369214249166732060e-03
-9.902443733204314702e-01 1.393412444221080460e-01 -3.660922312848724838e-04
-9.899966295103700409e-01 1.410285273005728035e-01 4.202787996955824681e-03
-9.890115321412368266e-01 1.478220036678394578e-01 2.209030078956107125e-03
-9.888086211604376619e-01 1.491542793609742235e-01 3.247609271421253788e-03
-9.886771022318573410e-01 1.500578259960677896e-01 -5.212102790961713368e-04
-9.885465977052318998e-01 1.509116728647357519e-01 1.151714504062149088e-03
-9.878105230713569718e-01 1.556574755460827797e-01 1.075222011365609869e-03
-9.877352726015810047e-01 1.561231137555781912e-01 -2.154041681536023566e-03
-9.872423062926575232e-01 1.591564060889389953e-01 -4.679992936785202368e-03
-9.873705663865656179e-01 1.582117552342973410e-01 -8.272873500102310290e-03
-9.878629249154232683e-01 1.552040595253502686e-01 -6.211021328830709787e-03
-9.884021469518391445e-01 1.518145637264723680e-01 -3.683665567873908517e-03
-9.884987048682094546e-01 1.511802870240665786e-01 -3.855715244969420627e-03
-9.891376669952418599e-01 1.469857067406225848e-01 1.383060824584610854e-03
-9.888055915922281391e-01 1.491842828004613652e-01 -2.754428620067625455e-03
-9.882388745635000138e-01 1.527242445406601923e-01 -7.698505222679380595e-03
-9.883913424093696554e-01 1.515587719002752243e-01 -1.060792068590439736e-02
-9.872821003660668948e-01 1.587838169678806866e-01 -7.860599106888351700e-03
-9.873376217981413294e-01 1.583109597026325921e-01 -1.010425073892752719e-02
-9.867882342532252604e-01 1.616758260363099498e-01 -1.048538350400536438e-02
-9.873778009770441955e-01 1.579595247804123359e-01 -1.157160049855917965e-02
-9.873290713552616005e-01 1.579538311932011940e-01 -1.522916118092935631e-02
-9.872188034748516916e-01 1.573995021512077930e-01 -2.498932186231476657e-02
-9.875284638098967838e-01 1.546235278368608967e-01 -2.965018292585995183e-02
-9.878299374061468852e-01 1.526394518411017254e-01 -2.988725570250383781e-02
-9.885883630104917996e-01 1.473098595258215682e-01 -3.151014824719667456e-02
-9.890118946439778735e-01 1.449768320937774302e-01 -2.893485817122850440e-02
-9.897985260220293346e-01 1.395125627067622387e-01 -2.889910620590289622e-02
-9.904025507571670994e-01 1.348468086960565859e-01 -3.031767354997881581e-02
-9.909356906646771268e-01 1.315441098189426838e-01 -2.725141723882458164e-02
-9.908026810099764825e-01 1.329805342228135012e-01 -2.502519624276352064e-02
-9.908524068268808049e-01 1.328267951328770957e-01 -2.384504153906366608e-02
-9.912061362563011624e-01 1.288508061930449533e-01 -3.013139750050019064e-02
-9.912949214179934687e-01 1.274779844495556036e-01 -3.292078674540994954e-02
-9.919954251408058532e-01 1.222821378170190210e-01 -3.149906672562042403e-02
-9.932257207056582882e-01 1.110867363624921111e-01 -3.409458670309327422e-02
-9.939661868272696710e-01 1.034966901504840719e-01 -3.632754885334778944e-02
-9.941895152487536524e-01 1.025310428408867935e-01 -3.278153812507614978e-02
-9.939541910396738622e-01 1.039295318685724556e-01 -3.540839896098844919e-02
-9.943048383110322241e-01 1.011228817643399086e-01 -3.364650775102210473e-02
-9.951009426623260712e-01 9.430991574380169495e-02 -2.966124967051063724e-02
-9.956275563133132334e-01 8.747281063074804908e-02 -3.277670825543568811e-02
-9.957834528075106828e-01 8.446677880143513284e-02 -3.578707222296453883e-02
-9.963356876235860415e-01 7.766467269123554507e-02 -3.582502380324956853e-02
-9.968679014516713677e-01 7.057835645386209555e-02 -3.568079026079611776e-02
-9.970293296796221005e-01 6.512555563595218144e-02 -4.112437150919007883e-02
-9.972778263014736577e-01 6.102226875792934879e-02 -4.139149744739657050e-02
-9.974169129815528834e-01 5.936459909063045159e-02 -4.043985955678029015e-02
-9.977200400545566117e-01 5.402311880716338666e-02 -4.045071663207381457e-02
-9.980900619268789908e-01 4.700019470228535695e-02 -4.009047437754258147e-02
-9.983999742879428041e-01 3.916452945819078046e-02 -4.078807616029987010e-02
-9.988099627916984247e-01 3.335879395023370886e-02 -3.557928171857844407e-02
-9.989735471112501930e-01 2.929336775889348349e-02 -3.455122212335307724e-02
-9.992297316648963701e-01 2.159272196793414478e-02 -3.276787675460670485e-02
-9.993168952483025835e-01 1.329831928150285864e-02 -3.448091787437777139e-02
-9.993379954980429192e-01 7.907645141891878060e-03 -3.551163267026290205e-02
-9.993406267219624439e-01 4.725214314220231582e-04 -3.630598702428923519e-02
-9.991548561977807719e-01 -8.461179306638285172e-03 -4.022459697043982707e-02
-9.991688692394323779e-01 -1.639264876665664367e-02 -3.732141535678908800e-02
-9.991252473497614917e-01 -1.862439656647249531e-02 -3.744206454448995719e-02
-9.990862863176340758e-01 -2.468335733648582830e-02 -3.489069440468172550e-02
-9.989720085183776410e-01 -3.252206792984635442e-02 -3.157969685596192372e-02
-9.987870032804642140e-01 -3.646978727345079330e-02 -3.308342030362442648e-02
-9.986572666195432380e-01 -4.042231689831171648e-02 -3.239963137103511054e-02
-9.984442396723420821e-01 -4.282982698860467868e-02 -3.570353233154206080e-02
-9.983409906397066047e-01 -4.661979800865896639e-02 -3.379196403302098944e-02
-9.982594738584371630e-01 -5.076961748243630917e-02 -3.000841053505984637e-02
-9.981179658825420908e-01 -5.176471155981481748e-02 -3.287821101036952215e-02
-9.982491762380775180e-01 -4.997710429440321150e-02 -3.163711644696955150e-02
-9.982203774421671838e-01 -5.186796537343436181e-02 -2.942495812422610268e-02
-9.981939415586041919e-01 -5.221716639009331418e-02 -2.970283662725425877e-02
-9.980956380590468857e-01 -5.427104285027769398e-02 -2.932212690262187699e-02
-9.975639936792369822e-01 -6.037497042458711549e-02 -3.494248856013361382e-02
-9.976397758986035313e-01 -6.294823775991344184e-02 -2.743050892425712151e-02
-9.978540714691654934e-01 -6.148957042515754839e-02 -2.250157291613569255e-02
-9.975088586714424554e-01 -6.722321635308760313e-02 -2.138111334352156903e-02
-9.975543277250685792e-01 -6.652957458258169920e-02 -2.142929992552218554e-02
-9.972048605060505055e-01 -7.194299139648620278e-02 -2.016700501764685446e-02
-9.973394347716625363e-01 -7.104948013668931084e-02 -1.631132022023178835e-02
-9.970313412470906966e-01 -7.556864047093252157e-02 -1.476214898106208151e-02
-9.963711955362547501e-01 -8.348163264574445797e-02 -1.659197571393856638e-02
-9.957163767208477845e-01 -9.114285935480084810e-02 -1.555352700725561206e-02
-9.950095134620791093e-01 -9.851382956689694326e-02 -1.584706271648333303e-02
-9.950764786747359203e-01 -9.840186054543967331e-02 -1.182841240142503726e-02
-9.955490418855316159e-01 -9.381364738786447666e-02 -9.007816233678358001e-03
-9.951819771543839455e-01 -9.713841487873896285e-02 -1.330401447891571207e-02
-9.947194493122537562e-01 -1.012904290814625463e-01 -1.653790616902735613e-02
-9.946700825843455274e-01 -1.021348470321451207e-01 -1.413987399117335592e-02
-9.945143268950856763e-01 -1.034480098932876596e-01 -1.548544683954392043e-02
-9.939210112620971982e-01 -1.094930561000043018e-01 -1.150348016590298401e-02
-9.937385009832938598e-01 -1.104085848728622171e-01 -1.713978194734349855e-02
-9.938147994891288750e-01 -1.094862441956322430e-01 -1.857263351686579828e-02
-9.934682386414126487e-01 -1.130659237656392591e-01 -1.539453528346090144e-02
-9.940468945244812504e-01 -1.084752586615038150e-01 -1.019440218006258635e-02
-9.938331473604626876e-01 -1.107488664543014173e-01 -5.513602108825068140e-03
-9.941169444194343230e-01 -1.083087385690292004e-01 8.684208756976090002e-04
-9.943279526821660053e-01 -1.063488576142294223e-01 -1.370827459254389535e-03
-9.941019411468146050e-01 -1.084480537078444662e-01 -6.216235176639222206e-04
-9.940096561265582276e-01 -1.092736978085575988e-01 -2.024516241727515251e-03
-9.941045096495620959e-01 -1.084117951042889993e-01 -1.772780109648551365e-03
-9.935913171391844712e-01 -1.129942040400010034e-01 2.939459096957638268e-03
-9.944135478507486470e-01 -1.050637191982097957e-01 1.016599633287472611e-02
-9.943142873081779465e-01 -1.060400651363327812e-01 9.728276667295641597e-03
-9.942155210116214725e-01 -1.067906199370237119e-01 1.145853394750996970e-02
-9.942453453019304277e-01 -1.063689938187729750e-01 1.272270545618242078e-02
-9.942934854073264273e-01 -1.056248183295221132e-01 1.496326763679218380e-02
-9.946970082519420719e-01 -1.017415947083663841e-01 1.505145942722514382e-02
-9.947714927784904182e-01 -1.003280200183343379e-01 1.907884574559623805e-02
-9.951952594636650495e-01 -9.586801693775826028e-02 1.989360953838746268e-02
-9.952709581368403002e-01 -9.545542205625121013e-02 1.800053104648136407e-02
-9.955951992660584393e-01 -9.137969111216436013e-02 2.097589395875514365e-02
-9.955060487867706254e-01 -9.173012063863722476e-02 2.352293926014894371e-02
-9.956521101712167976e-01 -8.867981520843205845e-02 2.850969735715408460e-02
-9.958196641972434371e-01 -8.720385670164924885e-02 2.717941722860757470e-02
-9.964452863295005791e-01 -7.994824170878570002e-02 2.655384949597002289e-02
-9.966203900160108820e-01 -7.723747126960442411e-02 2.796798509467383551e-02
-9.966600959050208042e-01 -7.400155111470127500e-02 3.453202531877633263e-02
-9.969781613737237480e-01 -6.927273551127188789e-02 3.515495665072027043e-02
-9.973164469098704243e-01 -6.388993148106979214e-02 3.574938492989678668e-02
-9.976153333221914332e-01 -5.937958316455881069e-02 3.518165646101965860e-02
-9.977974208144757551e-01 -5.500629615936233202e-02 3.707629416012749729e-02
-9.981191769094226451e-01 -4.880710270564075914e-02 3.709464383820287176e-02
-9.982641228779174369e-01 -4.202775797511633382e-02 4.126070852294982938e-02
-9.987204129225850657e-01 -3.395608888684843729e-02 3.747743482296334028e-02
-9.988368569007450848e-01 -2.705679735443823619e-02 3.991115630598408154e-02
-9.987504078566239452e-01 -2.249822776138572442e-02 4.462611466941263094e-02
-9.990491243011987432e-01 -1.649130672953343091e-02 4.035989933390389528e-02
-9.990530250666248557e-01 -3.807173746667124464e-03 4.334277573755602325e-02
-9.990690419069019335e-01 -5.754378917283440274e-03 4.275481615701873239e-02
-9.993777302680584285e-01 -5.401986440376497535e-03 3.485697167660321144e-02
-9.992205572494122778e-01 -6.923388209246596550e-04 3.946943713211589072e-02
-9.992287113213864647e-01 4.629483552769406846e-03 3.899471974031948340e-02
-9.992232299159079512e-01 1.000934473060523591e-02 3.811545102056585616e-02
-9.993602351865125133e-01 1.211442476354297748e-02 3.365113396729978168e-02
-9.995118138527293583e-01 1.435334251786119300e-02 2.775163556820469876e-02
-9.994471989658302302e-01 1.846498098460776574e-02 2.764739958876514386e-02
-9.992250121337085123e-01 2.515546374585435341e-02 3.027566146836689620e-02
-9.991065630877231651e-01 2.621395994234063803e-02 3.315029164962234737e-02
-9.987489596616772047e-01 3.595077833084815710e-02 3.475766337971275544e-02
-9.983932543324869346e-01 4.480141110556168371e-02 3.469555182332412918e-02
-9.981488127350113260e-01 5.030847260880263322e-02 3.417664790118681711e-02
-9.977445998499135937e-01 5.546534847248796307e-02 3.780670249834461316e-02
-9.973698204412937418e-01 6.463480018271537675e-02 3.279972257018649168e-02
-9.971397658633728289e-01 6.962790225192364013e-02 2.939864528596711907e-02
-9.971334551488892917e-01 7.025687847706964251e-02 2.808703321134263173e-02
-9.961851916366193382e-01 8.286241403893071511e-02 2.736643993712439479e-02
-9.958392348605533684e-01 8.630731631582631846e-02 2.924556806684447396e-02
-9.956017675765800323e-01 8.862176453976917945e-02 3.038652763524170991e-02
-9.952291062025205859e-01 9.447776266023831526e-02 2.435192429953335000e-02
-9.949522709442910617e-01 9.807395240529026559e-02 2.124890614606218461e-02
-9.942624513622141391e-01 1.031140600032528637e-01 2.845534028591109946e-02
-9.936539706314925224e-01 1.095198908285601597e-01 2.563626238477493408e-02
-9.924900956572375588e-01 1.201035822219843618e-01 2.320726390951062881e-02
-9.925382329103933365e-01 1.200382702292027010e-01 2.141745628367896018e-02
-9.923956043715219666e-01 1.213231435360790228e-01 2.077731470278776707e-02
-9.914944666517021554e-01 1.282323555591841635e-01 2.225360934442764324e-02
-9.919187549825733141e-01 1.253919095905791092e-01 1.934140961199863618e-02
-9.922478299734102114e-01 1.231860399866766542e-01 1.641588055722395870e-02
-9.918699528810757116e-01 1.252955644346287478e-01 2.224985091486277045e-02
-9.915309511682003363e-01 1.286549498666015312e-01 1.772891553006060092e-02
-9.900104231116907405e-01 1.394949661380502914e-01 2.050742334450108423e-02
-9.898538823294388278e-01 1.408650385048175746e-01 1.861102934014710955e-02
-9.896162633949303622e-01 1.427931344637258793e-01 1.642588837989861564e-02
-9.889212029087824929e-01 1.475706351434631358e-01 1.605614842372743434e-02
-9.883358962508381751e-01 1.512143948262240356e-01 1.806656649595916528e-02
-9.882513354116736481e-01 1.520833966705503471e-01 1.516497181037878769e-02
-9.875186195636724840e-01 1.567670984534952072e-01 1.520166813405127507e-02
-9.865736292601554602e-01 1.628808605619316840e-01 1.193050969181070307e-02
-9.861756048354312076e-01 1.653491150836914614e-01 1.083440429764669435e-02
-9.867493726794499542e-01 1.619998826670968339e-01 9.041643924691474682e-03
-9.870669759102281837e-01 1.601965213242590724e-01 5.991446345665587397e-03
-9.870270605828697086e-01 1.605539330410455656e-01 -2.325613156148563510e-04
-9.867714221590563328e-01 1.621143046842524471e-01 1.072595308195687042e-03
-9.874386375410526551e-01 1.579843309038782007e-01 2.434356963321298965e-03
-9.879023158905209101e-01 1.550392740789784674e-01 3.446091280227216516e-03
-9.875903426951455621e-01 1.570514880451176487e-01 -4.276394397845113826e-04
-9.875350703492317139e-01 1.573884748879561812e-01 -1.841346709334274910e-03
-9.879476879097084385e-01 1.546458016799470148e-01 -6.639262197752452375e-03
-9.877757977751422391e-01 1.558449789815736786e-01 -3.369527302707764002e-03
-9.877443238519645341e-01 1.559671980989221496e-01 -5.951611315589032218e-03
-9.869638125972753917e-01 1.608416501035693780e-01 -5.695093247884660745e-03
-9.858325280379652833e-01 1.677244974754291129e-01 -1.660596316297085172e-03
-9.859922444098569994e-01 1.667550803383568980e-01 -3.474928202346413454e-03
-9.861386594775308767e-01 1.659070726720505151e-01 -2.329270255234192327e-03
-9.863584719533754486e-01 1.645688673332613150e-01 -3.753759186828664260e-03
-9.863722731486586071e-01 1.642443848697246467e-01 -9.672582173193102970e-03
-9.867017869891639981e-01 1.624128686942796496e-01 -6.456133345083495817e-03
-9.864334933521597959e-01 1.638166746275481478e-01 -1.063477004850502984e-02
-9.880204013691636922e-01 1.534729688491430211e-01 -1.617939742724955332e-02
-9.885026830184144853e-01 1.499237103124861914e-01 -1.963072753339047474e-02
-9.895240918209735614e-01 1.426222653688199726e-01 -2.238302896161322234e-02
-9.902941342382460821e-01 1.365561924711839181e-01 -2.588383531138176846e-02
-9.909486056434410051e-01 1.313435472154599049e-01 -2.774477526715083547e-02
-9.918626745417327140e-01 1.256695257539287569e-01 -2.038734490646874897e-02
-9.926772471930195296e-01 1.187189795542065995e-01 -2.230976321479124017e-02
-9.929096538388726412e-01 1.160102228391993034e-01 -2.592462784352415200e-02
-9.937228561509230396e-01 1.083175673121307830e-01 -2.796835228031428755e-02
-9.945138148027529157e-01 1.002597101192018031e-01 -2.983792508799873802e-02
-9.948013907956996249e-01 9.616914432188458650e-02 -3.349220418797788784e-02
-9.947919544252026292e-01 9.598827090415246177e-02 -3.428204269321754455e-02
-9.955490811709580834e-01 8.776031020879386524e-02 -3.435395358126047682e-02
-9.959666041173167450e-01 8.250613413291188469e-02 -3.526046684124086589e-02
-9.963099616504159650e-01 7.684269628087408988e-02 -3.823218048024957377e-02
-9.970073292518653041e-01 6.685740374075414827e-02 -3.881381596979632115e-02
-9.976415795714363988e-01 5.819202513343443850e-02 -3.640063307723051533e-02
-9.983621202228013525e-01 4.284961068925788319e-02 -3.790814049457012780e-02
-9.985192404833197477e-01 3.946769628114672746e-02 -3.743883910773196377e-02
-9.986778241748327511e-01 3.468054398470900995e-02 -3.794605000774876197e-02
-9.987898963190776636e-01 3.268798466138323616e-02 -3.674612893958989490e-02
-9.988824601839527695e-01 2.648259030701808833e-02 -3.914770089138074755e-02
-9.991477076473417318e-01 2.396534592755447668e-02 -3.360892470371973362e-02
-9.993061751041627527e-01 1.905073121467357189e-02 -3.200433276995901660e-02
-9.996108853636392899e-01 8.121228971032633942e-03 -2.668637138713890813e-02
-9.996604019074861736e-01 7.142712906215219031e-03 -2.506195159803369446e-02
-9.996672538561153232e-01 6.451530499000657226e-04 -2.578767725315144616e-02
-9.995235779196013359e-01 -9.602292892271718436e-03 -2.933347072937556033e-02
-9.995248541285467470e-01 -1.373220125228604219e-02 -2.759586764884057117e-02
-9.993020593745470803e-01 -1.773819016125872255e-02 -3.287537415265399943e-02
-9.991771876284993859e-01 -1.982727529401802705e-02 -3.538172399450620342e-02
-9.990531456318013648e-01 -2.674043317179040230e-02 -3.431910409705237613e-02
-9.989021163292318706e-01 -3.204760036010414342e-02 -3.416947128114246335e-02
-9.988920691253884154e-01 -3.475434091449801366e-02 -3.173026069656906950e-02
-9.988537780176415248e-01 -3.575846884432362649e-02 -3.181982816059487906e-02
-9.985240923640464894e-01 -4.420714240768863768e-02 -3.155003841964117151e-02
-9.982390887902583554e-01 -4.841347231979956783e-02 -3.427676802541414908e-02
-9.983505427693390999e-01 -4.812319963634476006e-02 -3.131119507298392446e-02
-9.982156369934376272e-01 -5.180612026480446719e-02 -2.969355929631362079e-02
-9.980383423508635277e-01 -5.377255646561070190e-02 -3.206273396712500806e-02
-9.975202472953471622e-01 -6.208840604395032131e-02 -3.314250592029660547e-02
-9.972633026539720058e-01 -6.751309234804561688e-02 -3.013182863291705843e-02
-9.970352394089613268e-01 -7.099535617666845322e-02 -2.967204623728311036e-02
-9.967265444516469897e-01 -7.553537817031831525e-02 -2.882085611508430553e-02
-9.965822475190924123e-01 -7.774694273621053642e-02 -2.791552127601914374e-02
-9.958152345042351472e-01 -8.641156066587461770e-02 -2.975063876105181124e-02
-9.958174164088045011e-01 -8.735295406555798614e-02 -2.678010769790764925e-02
-9.956159756083374779e-01 -8.985420098253321664e-02 -2.598251818871301355e-02
-9.952145037730836252e-01 -9.511238794568099841e-02 -2.240010242977491170e-02
-9.941587926595381042e-01 -1.044424428502163937e-01 -2.720497726992927856e-02
-9.933584508145986147e-01 -1.133258198689807011e-01 -1.990693643436149823e-02
-9.932984280295308332e-01 -1.138342754803376849e-01 -2.000074928679234851e-02
-9.931629536236711298e-01 -1.147976330537748418e-01 -2.118703325089889289e-02
-9.934774387171548815e-01 -1.133855529945188706e-01 -1.209688718068764948e-02
-9.931576580379847252e-01 -1.159390149437939110e-01 -1.400180949723336260e-02
-9.926256373478319350e-01 -1.203508754540197900e-01 -1.449311735533363558e-02
-9.927994906450799961e-01 -1.193337066416452902e-01 -1.042484790385936680e-02
-9.923850773013400683e-01 -1.226780108359235705e-01 -1.104552562826958788e-02
-9.924647294963089283e-01 -1.216675292975290812e-01 -1.451938810297603855e-02
-9.915984149476998466e-01 -1.282371736458222666e-01 -1.696615750254111543e-02
-9.909175600682320617e-01 -1.335445695640586905e-01 -1.575680168799919664e-02
-9.910368623708838420e-01 -1.325270874646141406e-01 -1.680917076313751674e-02
-9.907813234750152409e-01 -1.349596954642144075e-01 -1.175964868734375758e-02
-9.908486941697985939e-01 -1.339266786446199620e-01 -1.680921370257627487e-02
-9.906195290628301287e-01 -1.359863489793086966e-01 -1.344251363535358540e-02
-9.906939744207020615e-01 -1.356722589354666386e-01 -1.088700398041744441e-02
-9.911233661183069810e-01 -1.325660097918513469e-01 -1.003821912938244500e-02
-9.912787718884770172e-01 -1.313819581273414916e-01 -1.025754071993534126e-02
-9.909457162943265951e-01 -1.335785831726860884e-01 -1.354212658910827760e-02
-9.908586698763161005e-01 -1.346836613879215105e-01 -7.710215499048430482e-03
-9.905774029316187779e-01 -1.369135005749038125e-01 -3.337948612426072832e-03
-9.904102897134994254e-01 -1.381567489839196083e-01 -4.587639212379071921e-04
-9.915123296622053717e-01 -1.299475204544155438e-01 4.120935831469277159e-03
-9.913371710062314213e-01 -1.312349305227004659e-01 5.295888948064377336e-03
-9.916060825530521594e-01 -1.289872809168294832e-01 8.927403535325973208e-03
-9.919292640642476400e-01 -1.260222933970528980e-01 1.395553484656012963e-02
-9.922916154378648157e-01 -1.230572110020017040e-01 1.463943479480471488e-02
-9.923866378935711774e-01 -1.215902255971674784e-01 1.961168751480658196e-02
-9.925657099149024498e-01 -1.196776602199997597e-01 2.214970600529189357e-02
-9.924997992415487413e-01 -1.198419169760231856e-01 2.412682685582246897e-02
-9.926911270391318709e-01 -1.183425927835932839e-01 2.365158253493389318e-02
-9.933312012301311889e-01 -1.129332302118985637e-01 2.322176753300641758e-02
-9.942923151595260967e-01 -1.036110949801180153e-01 2.544746609387719960e-02
-9.938797158419534483e-01 -1.071378915933280940e-01 2.691882477676160387e-02
-9.945176699418853961e-01 -1.007827564967729017e-01 2.788334103937655656e-02
-9.947892149600142675e-01 -9.778683650307490316e-02 2.884775477408783873e-02
-9.954346185363202038e-01 -9.157923532992404136e-02 2.689245874248243073e-02
-9.956983838653117314e-01 -8.996929296652951547e-02 2.214260905204952154e-02
-9.962509825936153307e-01 -8.348540398202702884e-02 2.267614303852117860e-02
-9.968441385157025270e-01 -7.695286927700473179e-02 1.949511998078480579e-02
-9.972695874048057574e-01 -7.120148900844766593e-02 1.958974956241803927e-02
-9.971040817582310645e-01 -7.304749564538053075e-02 2.115546719332828465e-02
-9.970800012911462673e-01 -7.282227491037965295e-02 2.298755272145413045e-02
-9.971516223140171054e-01 -7.372867865559236400e-02 1.589856639659923548e-02
-9.973302047135634840e-01 -7.181916989483144720e-02 1.321021976475674278e-02
-9.975660059937966340e-01 -6.821055659087964240e-02 1.447148822367974423e-02
-9.977542118266503612e-01 -6.644112210799943408e-02 8.494135176481419636e-03
-9.978274204903068156e-01 -6.531425694886788813e-02 8.632903040227209515e-03
-9.981978529648317666e-01 -5.969479899301387282e-02 6.133316317114506297e-03
-9.983848458533065573e-01 -5.635916518724969071e-02 7.168287670691022434e-03
-9.986119939791389122e-01 -5.249328791724012372e-02 4.310510636930124997e-03
-9.986251105073391532e-01 -5.210706324236960563e-02 5.725637654063509517e-03
-9.985684693061750439e-01 -5.335519686185351967e-02 3.778278517843155875e-03
-9.986090672188553397e-01 -5.259308507846623126e-02 3.733441223253643974e-03
-9.986350959145636752e-01 -5.220433499056083282e-02 1.641014444697564897e-03
-9.986533179567419483e-01 -5.184491551870316906e-02 1.922389798384024299e-03
-9.987225677882726194e-01 -4.987363898059767042e-02 8.117460631824190143e-03
-9.989246522347727808e-01 -4.632749417269050457e-02 1.828321122130836633e-03
-9.989704324390670243e-01 -4.527745627716414645e-02 2.840315196542887808e-03
-9.987513207316747188e-01 -4.993230526683837406e-02 1.613875600271299539e-03
-9.986092013533494072e-01 -5.237320964328776723e-02 6.062197501929785133e-03
-9.985962656880433830e-01 -5.280885399113767475e-02 4.094320087125661103e-03
-9.985936546765465938e-01 -5.263171874258550098e-02 6.376158166609574920e-03
-9.983794685857911855e-01 -5.665405815308435789e-02 5.366079220535172750e-03
-9.984269752423488020e-01 -5.513350658032219881e-02 1.019372532551587537e-02
-9.984410850912387447e-01 -5.527456990063786546e-02 7.756417158985319527e-03
-9.984919203349211791e-01 -5.484317669904748699e-02 2.480219915928257371e-03
-9.985723850210069807e-01 -5.305726185956104873e-02 6.177328445721677608e-03
-9.986453531164252162e-01 -5.194360054066892579e-02 3.059674417497308067e-03
-9.989816158217091902e-01 -4.510180538781000115e-02 1.264487096672199228e-03
-9.991302498260518083e-01 -4.162632554106412974e-02 2.456308263527217338e-03
-9.992657611534606632e-01 -3.822573130674829928e-02 2.602421956782314996e-03
-9.993423782083367124e-01 -3.621904637720221865e-02 1.741358967066127406e-03
-9.994684109816012185e-01 -3.241342722387762637e-02 -3.507928372132715269e-03
-9.994103562589039536e-01 -3.429449835646072170e-02 -1.693377631681881748e-03
-9.993731953010791536e-01 -3.539708364609824021e-02 5.507444350871307497e-04
-9.994398511986802847e-01 -3.345125935058472499e-02 1.018542671963545889e-03
-9.992813725970728367e-01 -3.790470455486228546e-02 1.100508451470682061e-04
-9.990449086486570263e-01 -4.346677919921226180e-02 -4.466545712576326654e-03
-9.990202912814261094e-01 -4.424316735287647795e-02 -1.019883172546728282e-03
-9.992235374059931230e-01 -3.937122430887974450e-02 1.506468697777835902e-03
-9.993173529499425056e-01 -3.689424700959233888e-02 1.919138547460668516e-03
-9.993693478430385468e-01 -3.446569684440196207e-02 8.547687347636143823e-03
-9.993366038834828879e-01 -3.363669228097886099e-02 1.396301424528184620e-02
-9.994697596980046672e-01 -3.098243195566190850e-02 1.001643770330361630e-02
-9.993814804138945185e-01 -3.331028278133710274e-02 1.127485283543708250e-02
-9.993401310885138278e-01 -3.531145709301357349e-02 8.511407659655611732e-03
-9.995999257679814010e-01 -2.747259455848376566e-02 6.729452825727380051e-03
-9.996188986518711461e-01 -2.713643377689512956e-02 5.070700027939145822e-03
-9.995194106273004309e-01 -3.050032950794898112e-02 5.542405043117128172e-03
-9.994544448447743035e-01 -3.286414640352572358e-02 3.286512191206245395e-03
-9.993063801056294437e-01 -3.718701735462102281e-02 -1.981182028964550979e-03
-9.991362343148314507e-01 -4.154588917663250280e-02 -8.746410472781464621e-04
-9.991279844840871283e-01 -4.175274045018579488e-02 -1.411065888834719343e-04
-9.990537495611269136e-01 -4.347094721444437482e-02 -1.386678357535884275e-03
-9.989830028674561158e-01 -4.507418435541587359e-02 -1.148270232902420286e-03
-9.990999003419396285e-01 -4.240477833853595335e-02 -1.124521703828725407e-03
-9.989977329594553757e-01 -4.471588423545942714e-02 -2.014917455109212652e-03
-9.987400073306406112e-01 -5.018403099737541589e-02 3.732012938122966292e-05
-9.986579546874879698e-01 -5.173128888430097300e-02 2.490755847026077628e-03
-9.986116280687452607e-01 -5.248291583566381396e-02 4.516680729524267732e-03
-9.985827626466753371e-01 -5.281435157433028021e-02 6.568941372635721775e-03
-9.986313327143611085e-01 -5.109432714616443660e-02 1.117460013034819039e-02
-9.986770631397995368e-01 -5.073789306813087513e-02 8.356458646470643278e-03
-9.988181428845943621e-01 -4.757141471714945030e-02 9.965872719552761744e-03
-9.988941057444399307e-01 -4.652118375335995842e-02 6.810698463327727326e-03
-9.988354126427629875e-01 -4.645775963429451400e-02 1.302058776570060375e-02
-9.987879544818166755e-01 -4.737872046807668769e-02 1.333864732338171932e-02
-9.988580358475843690e-01 -4.645782314294383264e-02 1.115058601367683623e-02
-9.988663534088138007e-01 -4.411278631192218358e-02 1.789164196714220292e-02
-9.988836544578391097e-01 -4.295808178398984739e-02 1.964914319865569345e-02
-9.990146589778317043e-01 -3.731183345064603696e-02 2.403287800791566522e-02
-9.993276109640704119e-01 -2.698252776848887591e-02 2.482559609316919644e-02
-9.993063560781237920e-01 -2.536114230692096405e-02 2.727013486241744444e-02
-9.995456419556912886e-01 -2.302835935315801844e-02 1.944853056271328429e-02
-9.995902866300596656e-01 -1.846206700737923825e-02 2.187354633630488043e-02
-9.995570126710898728e-01 -1.921400608297834864e-02 2.272974835256693152e-02
-9.996883591711387407e-01 -8.279362322603889962e-03 2.355159881593549276e-02
-9.997016546591434016e-01 4.100198935139015913e-03 2.407968412366111310e-02
-9.997380749800097721e-01 3.960597610992266059e-03 2.254187774844445408e-02
-9.997376660770028733e-01 8.223263000834226538e-03 2.137798148555739713e-02
-9.998211011447301066e-01 1.087225672483641166e-02 1.547904181740344422e-02
-9.998761432321646714e-01 1.261386322403761605e-02 9.414332408363564400e-03
-9.999402165545270282e-01 7.359376530664290227e-03 8.089742497560697965e-03
-9.999326784664117618e-01 8.439795286351170142e-03 7.965515022381002702e-03
-9.998716233448382562e-01 1.342923855181039558e-02 8.742622350680484891e-03
-9.997810069045784953e-01 1.679502549093525587e-02 1.248625063945916873e-02
-9.997850595630833892e-01 1.738586953982751079e-02 1.129634074528887595e-02
-9.998017810332724409e-01 1.927767852202541543e-02 4.981044982248099273e-03
-9.997453820042099260e-01 2.253759614640596723e-02 1.126469869285397305e-03
-9.997958793028314251e-01 1.981878013102406078e-02 3.931497065078411353e-03
-9.997599434866619728e-01 2.131959003593477883e-02 5.056824768194235348e-03
-9.997779903633302601e-01 2.080441774995281032e-02 3.344725940238810202e-03
-9.998388193834406579e-01 1.790255766098610216e-02 1.369205764750184694e-03
-9.998327374158696434e-01 1.813718119949881552e-02 -2.362394664297189171e-03
-9.998102318406395517e-01 1.942123613739247037e-02 -1.535240017993451563e-03
-9.997994913719775445e-01 2.002528117136685368e-02 -7.900922447020186819e-05
-9.998065720472585349e-01 1.965219450748528426e-02 -8.067347355282247301e-04
-9.996907097072196269e-01 2.425390387552017399e-02 5.502218884905317117e-03
-9.997122989876671140e-01 2.384716332547662243e-02 2.583294637612898546e-03
-9.996900263869368253e-01 2.456939468813310740e-02 4.029560001398981364e-03
-9.996193565184023910e-01 2.585710437399585393e-02 9.622560707222149387e-03
-9.994380169680742165e-01 3.044359603054843516e-02 1.403136786778588080e-02
-9.993879953568471919e-01 3.284014588430932136e-02 1.204994279649203304e-02
-9.992896165424624000e-01 3.613191732372513648e-02 1.071393362523589791e-02
-9.993566635417916455e-01 3.478805288716194793e-02 8.723071800329759706e-03
-9.992815942651716021e-01 3.638139223052137133e-02 1.061749722144239225e-02
-9.991998816516759474e-01 3.874635430967444949e-02 9.917565700867377737e-03
-9.992600141163544558e-01 3.710259096575221904e-02 1.014216470679427801e-02
-9.991410311402274536e-01 3.948307311842229328e-02 1.258286316534951502e-02
-9.989123723027931723e-01 4.432082232707254543e-02 1.448374540712438208e-02
-9.986565042150254978e-01 4.997212656337417236e-02 1.371185052776200536e-02
-9.984405464727865720e-01 5.464168790319780949e-02 1.143690235954166606e-02
-9.985098967160007666e-01 5.400899440322063511e-02 7.813856008869858941e-03
-9.985499041132909204e-01 5.379566057508753524e-02 2.039019259563971433e-03
-9.984838450512697472e-01 5.503034565215275675e-02 1.309171398169076735e-03
-9.983946524550462165e-01 5.662991943341150886e-02 1.100851224098436552e-03
-9.982967367289865557e-01 5.832655205104366608e-02 1.296326642017705047e-03
-9.982271087377085905e-01 5.948723688469973597e-02 1.987393565036176760e-03
-9.981754728951472977e-01 6.036966997449105116e-02 1.126923398205204865e-03
-9.980156346093567166e-01 6.296565896036017407e-02 4.006946525323800681e-04
-9.983412802559625820e-01 5.752945576766330116e-02 -2.256475397695855388e-03
-9.984906247507715493e-01 5.492217234718898417e-02 2.628484171356684426e-04
-9.983420638144312464e-01 5.755196836383875275e-02 -9.676580600827657322e-04
-9.982849329116173509e-01 5.846068530257085560e-02 -3.095609596568349442e-03
-9.983195500649021392e-01 5.786725965154178308e-02 -3.081886070872460071e-03
-9.985706826836099337e-01 5.339119109356162823e-02 -2.452383129653287058e-03
-9.987711943853374574e-01 4.954396056946024779e-02 -1.240556595452986695e-03
-9.986355675275131460e-01 5.216064390414682644e-02 -2.512411036596999287e-03
-9.985304803228466364e-01 5.411477725349420759e-02 -2.917611842715358943e-03
-9.986599613013208421e-01 5.156519820588788272e-02 -4.399290010796623289e-03
-9.986966721866409324e-01 4.998002148639599240e-02 -1.034389883168698038e-02
-9.986914306551567533e-01 5.080370759780865331e-02 -5.869540534093311591e-03
-9.987168901425589329e-01 5.052743065105700510e-02 -3.404992740390491018e-03
-9.985001227969865223e-01 5.405242882333601007e-02 -8.710995491141557134e-03
-9.987723768165571725e-01 4.848498078544116047e-02 -1.014828747362809570e-02
-9.990185667785912438e-01 4.322992255576175308e-02 -9.649807946337541145e-03
-9.991163561730032061e-01 4.110695445062877845e-02 -8.761670783481622510e-03
-9.991691771527866361e-01 3.703342370355510588e-02 -1.701537436814880982e-02
-9.992443303505721408e-01 3.645351907242643658e-02 -1.348892940432733570e-02
-9.991826602391956635e-01 3.469026401984009328e-02 -2.075184821631466739e-02
-9.993633370018866202e-01 3.079907893342137548e-02 -1.801053830062171110e-02
-9.995062671054926184e-01 2.793102893582025473e-02 -1.439172359890941028e-02
-9.995702062120196407e-01 2.594020860726196226e-02 -1.365834862582294973e-02
-9.995821350536149286e-01 2.574005648650901784e-02 -1.315472651460838395e-02
-9.995308597300986975e-01 2.576086490957562106e-02 -1.656744861732134533e-02
-9.994413076345354252e-01 2.811176201841039668e-02 -1.807881292186931665e-02
-9.995704607849618117e-01 2.116516349479568085e-02 -2.027244048867084258e-02
-9.995278748737816965e-01 2.187697043560141164e-02 -2.157469751536825187e-02
-9.995167608650410429e-01 2.373056912533033982e-02 -2.007851862226189832e-02
-9.996327435751057866e-01 1.643326020249327724e-02 -2.154920070622611677e-02
-9.995302082220904882e-01 2.129814482001712861e-02 -2.204073471140063217e-02
-9.995012740354256575e-01 2.289268631749599020e-02 -2.175247635125960102e-02
-9.994866261356737391e-01 2.347222123750725836e-02 -2.180782241725180703e-02
-9.995024413061273094e-01 1.714463968569079552e-02 -2.647590186845310070e-02
-9.993512722286495009e-01 1.588000134164169880e-02 -3.232495223027313791e-02
-9.993934774558579370e-01 8.234717431178723707e-03 -3.383650381767391857e-02
-9.992856937287989405e-01 3.582099576691298061e-03 -3.762065026399881440e-02
-9.993563043035510463e-01 -5.895609124523020807e-03 -3.538730163313649757e-02
-9.992286684862414781e-01 -1.122947468763185914e-02 -3.762989894478495356e-02
-9.989111581638174808e-01 -1.680280370100151188e-02 -4.352248223413476141e-02
-9.988078685852866956e-01 -2.324949332902512614e-02 -4.292254955226034591e-02
-9.987887345804350447e-01 -2.791641843295606870e-02 -4.051888149934851358e-02
-9.985463823405623662e-01 -3.681106552605886012e-02 -3.937143949715717767e-02
-9.981490751354625823e-01 -4.365523198813200945e-02 -4.234013619506127313e-02
-9.981394111191115304e-01 -4.561854995686060593e-02 -4.045622886405710744e-02
-9.978264185157122990e-01 -5.271543744819423560e-02 -3.954192349733290368e-02
-9.972756256496699834e-01 -6.214987672701922927e-02 -3.973363641621454473e-02
-9.970245360630245468e-01 -6.669126682385116689e-02 -3.865736552806937898e-02
-9.964680693811972523e-01 -7.595043278755489458e-02 -3.581844268474673049e-02
-9.965606336562934375e-01 -7.661945063728756167e-02 -3.156589288471876170e-02
-9.958174305704282636e-01 -8.495670519466928805e-02 -3.361615116750554105e-02
-9.955859668570447019e-01 -8.950868060900005196e-02 -2.822801794916600035e-02
-9.949333606896502147e-01 -9.589962651001572580e-02 -3.018131549898277893e-02
-9.948402312694775151e-01 -9.735788242100322509e-02 -2.853768296954411685e-02
-9.941082413741387791e-01 -1.031123124093975552e-01 -3.341703102939834469e-02
-9.936865442729906350e-01 -1.071103832420359087e-01 -3.338352936819443534e-02
-9.931291887612740954e-01 -1.128785646032131051e-01 -3.086886132036203295e-02
-9.921640750708720091e-01 -1.193458441923841290e-01 -3.697378228576841952e-02
-9.914066072861188461e-01 -1.258558306040709063e-01 -3.568321559378648949e-02
-9.906851460736569859e-01 -1.318855026772135508e-01 -3.389982869748281447e-02
-9.901354164540865366e-01 -1.360276199092180782e-01 -3.359146547209837519e-02
-9.900648020952456108e-01 -1.367822142447893130e-01 -3.259380871079015085e-02
-9.898054081918756797e-01 -1.377676477732366622e-01 -3.612993266805831355e-02
-9.894492429542254275e-01 -1.405308848289585355e-01 -3.523221409483891925e-02
-9.891231455376268134e-01 -1.437144839189404000e-01 -3.133038158753992386e-02
-9.886844624268953385e-01 -1.477350587042332297e-01 -2.602746404671962832e-02
-9.889413232174336654e-01 -1.460998932824850716e-01 -2.549358978650671098e-02
-9.885742567922188861e-01 -1.484106092575503688e-01 -2.636802214533856201e-02
-9.886398782811112174e-01 -1.488028485256569777e-01 -2.118834754400220413e-02
-9.877666322390230569e-01 -1.541222562826055908e-01 -2.373717014363436323e-02
-9.871409933761449151e-01 -1.581824299130030198e-01 -2.304389180411765131e-02
-9.867853952939714679e-01 -1.602691790955496354e-01 -2.384149246774387026e-02
-9.866251206146879893e-01 -1.614694105516709388e-01 -2.232809258697621146e-02
-9.866654999950210669e-01 -1.617268083606374640e-01 -1.832139406424437844e-02
-9.868887811568223256e-01 -1.602579748482312050e-01 -1.918223191612159276e-02
-9.867205740973018502e-01 -1.613577095360614333e-01 -1.860755534769112721e-02
-9.861054180329963392e-01 -1.653198580433700715e-01 -1.629392260129376713e-02
-9.859025854937872868e-01 -1.664053627164190641e-01 -1.747541224808267860e-02
-9.855326622522728730e-01 -1.685276471996314251e-01 -1.799573919937147437e-02
-9.849835956592010167e-01 -1.720440855561784776e-01 -1.442884753543275007e-02
-9.853892466296839681e-01 -1.697517391004675080e-01 -1.387164161208609935e-02
-9.855864057014284141e-01 -1.689120132434529797e-01 -9.392095681780947281e-03
-9.841880920432932722e-01 -1.767808839375596131e-01 -1.106170835748273261e-02
-9.842688165098180120e-01 -1.761629885017666208e-01 -1.347372112684101959e-02
-9.833110598973449079e-01 -1.815599182847203175e-01 -1.163607803726030877e-02
-9.841543459399229032e-01 -1.771803751641248259e-01 -6.883382542389930234e-03
-9.843002694837705846e-01 -1.763016555729229329e-01 -8.411222827438318700e-03
-9.842800590445143216e-01 -1.765179729014843268e-01 -5.849234906963528616e-03
-9.838016768744949347e-01 -1.791190303572054165e-01 -7.118743134410191603e-03
-9.834244025087048868e-01 -1.812842821788163417e-01 -3.535037076603493068e-03
-9.827608548965859336e-01 -1.848541415748399253e-01 -3.176683827095291152e-03
-9.824037630193043213e-01 -1.867690820637978588e-01 -4.464102825324435704e-04
-9.826958871004806140e-01 -1.852230901919894035e-01 -1.115001410789955233e-03
-9.818218551666147986e-01 -1.896248240003727548e-01 8.265204589178858433e-03
-9.821962802318737751e-01 -1.876043908681201133e-01 9.752045705630553105e-03
-9.820870533328494023e-01 -1.881803300395910317e-01 9.655352523029040943e-03
-9.821921888742137785e-01 -1.877468433031971307e-01 7.047674611103186583e-03
-9.816756844116530933e-01 -1.904177795884960112e-01 7.345925543216594647e-03
-9.813290630239992485e-01 -1.921625405813649490e-01 8.177458981617383160e-03
-9.823083681695838898e-01 -1.869954195030552324e-01 1.015016050261950339e-02
-9.818301932165622858e-01 -1.894318123084626770e-01 1.118494556816664737e-02
-9.813759645152816402e-01 -1.916703280895402928e-01 1.279626532474228105e-02
-9.819820263143111960e-01 -1.878705413590739948e-01 2.039614705087782962e-02
-9.834295945927036264e-01 -1.805182642496107326e-01 1.671620621752209143e-02
-9.834149136439366279e-01 -1.808448661846951688e-01 1.379437604031397667e-02
-9.827118578239304458e-01 -1.846528261219226308e-01 1.344548699342253822e-02
-9.826909567797401657e-01 -1.846250154262404353e-01 1.523581205909104244e-02
-9.835202203353825556e-01 -1.798064838874137150e-01 1.891156932192568363e-02
-9.847202805468528997e-01 -1.728702321191644409e-01 2.102129803714074263e-02
-9.842167442657905330e-01 -1.760005662323241016e-01 1.847279357482733281e-02
-9.844162200678154839e-01 -1.742806242450477827e-01 2.347366236502995696e-02
-9.847185883195787026e-01 -1.723805166551455048e-01 2.478512562928126065e-02
-9.858294164528925707e-01 -1.653425971647278503e-01 2.832367392976830808e-02
-9.861597316942422031e-01 -1.625811179915307159e-01 3.250241608334912546e-02
-9.866018828020538534e-01 -1.592805322766547016e-01 3.530552811886462222e-02
-9.877890491644764071e-01 -1.516620762723360771e-01 3.565743125446994150e-02
-9.890192562862853976e-01 -1.424721909531495023e-01 3.927631780629651376e-02
-9.892493291684033574e-01 -1.404828344844670507e-01 4.062488911514813145e-02
-9.907536754286925262e-01 -1.286363981668452450e-01 4.312627513955831493e-02
-9.912611072318088246e-01 -1.248874005457821512e-01 4.248056479155333520e-02
-9.918342470933121380e-01 -1.188379849414020473e-01 4.628610691653183007e-02
-9.925500349790484789e-01 -1.142895377356259873e-01 4.221816683577183510e-02
-9.932989776151792682e-01 -1.048700197601995648e-01 4.857432213164829260e-02
-9.939730130774061534e-01 -9.914155429493654026e-02 4.678296915053829774e-02
-9.944545988242504686e-01 -9.043291345492462940e-02 5.368411334726956585e-02
-9.951342719775538859e-01 -8.366700428004555934e-02 5.203516223055800610e-02
-9.956316052937592698e-01 -7.913271085019746298e-02 4.955568073648637661e-02
-9.956425401215704962e-01 -7.495556706499374722e-02 5.547648395495917428e-02
-9.962528032943908096e-01 -6.595159925357328701e-02 5.595340475170767353e-02
-9.966046280832866477e-01 -6.182947469999689610e-02 5.437256972375111019e-02
-9.971810551045398041e-01 -5.062470017967583835e-02 5.538165950753629052e-02
-9.978237666898558400e-01 -4.224881605713885768e-02 5.062423401620056579e-02
-9.985082232839536109e-01 -3.257823454875953539e-02 4.381815907797097231e-02
-9.988155903279829495e-01 -2.488517136675153646e-02 4.181135112973190238e-02
-9.988285714488511768e-01 -2.294792112989911884e-02 4.260190258269865027e-02
-9.987663506476328612e-01 -1.965944645899078691e-02 4.559964235148703665e-02
-9.988403885442478369e-01 -8.286445281443550678e-03 4.742633945217553104e-02
-9.991696942219419064e-01 3.045919721671046937e-03 4.062866687723636072e-02
-9.992373176628397413e-01 9.230675514110636692e-03 3.794234498661517435e-02
-9.989398088664606101e-01 1.838994102757890436e-02 4.220323054529307588e-02
-9.987379544495111894e-01 2.541352129564782708e-02 4.332084572905466752e-02
-9.986972003085796690e-01 3.598158134113867146e-02 3.618386604366000125e-02
-9.987450582833840018e-01 4.129551125329159605e-02 2.833784488437134444e-02
-9.985150491144333396e-01 4.948110722816659313e-02 2.278948661508262141e-02
-9.986519684046702983e-01 4.691121185138540095e-02 2.221774484020861556e-02
-9.983762592477339881e-01 5.330602514991934771e-02 2.008373660527294768e-02
-9.981661169496869324e-01 5.458359292561439091e-02 2.617399996149547686e-02
-9.982242819142291834e-01 5.489812847117283429e-02 2.311974043299812320e-02
-9.979699914850308495e-01 5.958745007256484316e-02 2.247834035529053254e-02
-9.981808115534067660e-01 5.695074358274041654e-02 1.979202308415047712e-02
-9.980216310475257258e-01 5.963534713089432837e-02 1.991213860892579457e-02
-9.980872549867474408e-01 5.846178850281659456e-02 2.010210555447269551e-02
-9.976071591674757766e-01 6.551937634387866582e-02 2.207286397934618560e-02
-9.974737529466614072e-01 6.791606352770325483e-02 2.082221171311202101e-02
-9.971291620379275633e-01 7.234005199452059331e-02 2.236951304521680312e-02
-9.965551466724755780e-01 8.014357846165884314e-02 2.132816141647144934e-02
-9.957788547602447471e-01 8.764981680212943771e-02 2.724016223316855917e-02
-9.949133283072679745e-01 9.682832712653635654e-02 2.778108475216196568e-02
-9.944438392623202727e-01 1.026628867530129940e-01 2.327716684379673232e-02
-9.940638264569625626e-01 1.067206728114397513e-01 2.116249351904161968e-02
-9.935983520556553872e-01 1.111311647073029568e-01 2.030328050585368874e-02
-9.927034095056264107e-01 1.194596012932780532e-01 1.641305685139053672e-02
-9.923788032356255506e-01 1.225397396833770719e-01 1.297563424776205544e-02
-9.923828873001477868e-01 1.227813820493416364e-01 1.004894079246959962e-02
-9.922039438742081829e-01 1.241340109368005429e-01 1.105102227546974659e-02
-9.921027649173033147e-01 1.247106589002663080e-01 1.339400680394409876e-02
-9.922717166563126412e-01 1.238027814784677660e-01 8.351988186236690426e-03
-9.921617159262932084e-01 1.244259666499767797e-01 1.154783026901233349e-02
-9.915597123971787719e-01 1.292680918113241206e-01 9.956968831602949765e-03
-9.909042694210299373e-01 1.338773443558896048e-01 1.362459885612984749e-02
-9.900943099915583412e-01 1.393661537231544456e-01 1.704044547167898882e-02
-9.897573861681867591e-01 1.418457773464665561e-01 1.612873911691771467e-02
-9.896594032946698372e-01 1.426009399405677169e-01 1.546873132846655723e-02
-9.895026228555909853e-01 1.434882202007832230e-01 1.719692686328687728e-02
-9.887462786974489104e-01 1.484381237640060580e-01 1.862697137059982425e-02
-9.878508782570420976e-01 1.540834533533611272e-01 2.022315627712542238e-02
-9.878254856353382296e-01 1.546754234123922100e-01 1.662430880934112967e-02
-9.874984454752043783e-01 1.566186052953899566e-01 1.781788402906420501e-02
-9.875353955269756678e-01 1.562089318808984328e-01 1.930431328922931067e-02
-9.867779815559684087e-01 1.606488450335630258e-01 2.147575769517800354e-02
-9.869202444843134803e-01 1.598684537526023353e-01 2.074977077153128749e-02
-9.871459023664979071e-01 1.591316014146672564e-01 1.483729699752854569e-02
-9.868184302442244427e-01 1.612369780400905728e-01 1.385882869843580584e-02
-9.863991514423541274e-01 1.640322349029104121e-01 1.049687714092902187e-02
-9.865651497180950580e-01 1.630419580170083815e-01 1.032326359504999284e-02
-9.868826964969437121e-01 1.610340167995956140e-01 1.142949110830663098e-02
-9.867543065544469583e-01 1.619685738958802912e-01 9.064438343751325330e-03
-9.866591021867601174e-01 1.624639273953250307e-01 1.045623499203651545e-02
-9.870989667008825963e-01 1.599765810049651460e-01 6.570236229283595714e-03
-9.878575486800313943e-01 1.552836451809715967e-01 4.949513139910591795e-03
-9.877458254200293108e-01 1.557892588055100336e-01 9.377412023746960895e-03
-9.877993197914370915e-01 1.554232474562661781e-01 9.806254092713347775e-03
-9.876022874313744593e-01 1.566634406534907209e-01 9.916293360689196895e-03
-9.879442676888431363e-01 1.545950955876836952e-01 8.156289520485566699e-03
-9.879107990610264123e-01 1.547476684269135649e-01 9.244290933501339222e-03
-9.879449592915132694e-01 1.546121041099068338e-01 7.739468763150719050e-03
-9.877447822662158705e-01 1.560607265667729449e-01 2.310728010593794679e-03
-9.879907108998263743e-01 1.545129617297173186e-01 -3.802523617943030440e-04
-9.880976083701703550e-01 1.538185738706030758e-01 1.734190510374781103e-03
-9.888273130102540609e-01 1.490317529986796841e-01 3.182196246502228335e-03
-9.882765077056328007e-01 1.526328017498740086e-01 3.580067501365439327e-03
-9.878530392833669849e-01 1.553911748555459327e-01 -1.592300466172775347e-05
-9.875520828214192637e-01 1.572750730341142544e-01 2.340906923636380723e-03
-9.874759219809081667e-01 1.577280734682939001e-01 3.633604518237956368e-03
-9.874492178737760417e-01 1.579157386922736550e-01 2.589657638409559141e-03
-9.871922028910651292e-01 1.595355529552609786e-01 -8.117916654024536979e-05
-9.884819879320599911e-01 1.513332837460245883e-01 -1.281215436202123728e-03
-9.892721291480418566e-01 1.460355946246826575e-01 -3.782126143582897546e-03
-9.889985146442038522e-01 1.478524855698352125e-01 -4.650314106319988414e-03
-9.895942134577636606e-01 1.436089219588595478e-01 -8.933933707688612377e-03
-9.898070125473085179e-01 1.421068985420085029e-01 -9.367617114692064831e-03
-9.898417467964542027e-01 1.419008599433361495e-01 -8.803817222961777753e-03
-9.903198965280827215e-01 1.382012716139486008e-01 -1.292115045426280029e-02
-9.914713843229732149e-01 1.298885609911085426e-01 -1.065367245739156157e-02
-9.917157555211105757e-01 1.280091776958410810e-01 -1.065624799507837277e-02
-9.915726533336600701e-01 1.288638960350412255e-01 -1.333470664288065322e-02
-9.922866960964572547e-01 1.231992925990405413e-01 -1.375107305733944997e-02
-9.922051284499300294e-01 1.233521554028935430e-01 -1.769954245201918464e-02
-9.922971602400232349e-01 1.226365792620737888e-01 -1.751171532111498244e-02
-9.922347514826870274e-01 1.235556996703724569e-01 -1.429097687389163131e-02
-9.922729450409322194e-01 1.232326813398094412e-01 -1.442753550659883754e-02
-9.918743223347882276e-01 1.265091357205967160e-01 -1.344664536253402376e-02
-9.923229609070344237e-01 1.222907405537705522e-01 -1.844345968169276706e-02
-9.929044554948560641e-01 1.174353018738777538e-01 -1.870126509881063492e-02
-9.932752972959010274e-01 1.139451265400215907e-01 -2.051187847640608894e-02
-9.931091227829785817e-01 1.154174787247645301e-01 -2.032538048157888841e-02
-9.930410510996789952e-01 1.162805275682537720e-01 -1.866427067525627467e-02
-9.937346063455999579e-01 1.113076434605059506e-01 -1.010870107116393531e-02
-9.943827141214722776e-01 1.051645297656271516e-01 -1.197851495934272939e-02
-9.945275633313752639e-01 1.042279261042423494e-01 -7.177077764591412341e-03
-9.943922519627979018e-01 1.054792415791838966e-01 -7.630470655781168392e-03
-9.941955475322784563e-01 1.071884854899893269e-01 -9.267528509386981084e-03
-9.938821702346494202e-01 1.101995590397173985e-01 -7.371168569189804655e-03
-9.943285746484390453e-01 1.058299987783232615e-01 -1.052341562582962547e-02
-9.948321957487956668e-01 1.007641605882185071e-01 -1.247122964357725607e-02
-9.949638439142007851e-01 9.938160050784269894e-02 -1.304960209363816015e-02
-9.950177733785924294e-01 9.901556958629692540e-02 -1.164443929651705865e-02
-9.947009219658390355e-01 1.026870242671727579e-01 -5.049389397836028491e-03
-9.949643834307519974e-01 1.001187822419493806e-01 -4.706441041332769248e-03
-9.947732508914182148e-01 1.019678783100307767e-01 -5.364376867586536160e-03
-9.953079405969631477e-01 9.634554581517087990e-02 -8.926631393595672523e-03
-9.957252644298117961e-01 9.187210645923375718e-02 -9.526773917132991612e-03
-9.954906297974951412e-01 9.390739746209884886e-02 -1.341089944691021760e-02
-9.955834711286090100e-01 9.276387715136881484e-02 -1.443816664333439151e-02
-9.955916438559839765e-01 9.215935478980227802e-02 -1.743495272222703521e-02
-9.956711907413470231e-01 9.075823883834546746e-02 -2.004663533093140743e-02
-9.961581761169766569e-01 8.459101349978921658e-02 -2.265600103937362095e-02
-9.967001471091695430e-01 7.893674095521727163e-02 -1.891701448516125081e-02
-9.968342282469588866e-01 7.725818047753399420e-02 -1.878139238941581649e-02
-9.966941545692907800e-01 7.769063767331320369e-02 -2.376915757428360934e-02
-9.970914275863658194e-01 7.208734814713556316e-02 -2.474156653758062541e-02
-9.972539470221422064e-01 7.039129049162209939e-02 -2.301471673740981133e-02
-9.974553728618388293e-01 6.820240718326184282e-02 -2.076671840963235580e-02
-9.977594324655810754e-01 6.258614889416258542e-02 -2.364602998335980574e-02
-9.979403644326151346e-01 6.056374691106838209e-02 -2.114491470952353097e-02
-9.982050270757261146e-01 5.669011422532928279e-02 -1.931322525217424313e-02
-9.982649524172214628e-01 5.356426917707143853e-02 -2.445403428502703272e-02
-9.980708757668825815e-01 5.875941337682217408e-02 -2.004755431590296913e-02
-9.983118033148274950e-01 5.271399653595316981e-02 -2.438901731577237594e-02
-9.984858362579985824e-01 4.915155541862452349e-02 -2.470234068364094565e-02
-9.986969710033767322e-01 4.323982833652349062e-02 -2.710578699898065144e-02
-9.989196989351286637e-01 3.862414350002868479e-02 -2.583905826920679730e-02
-9.992354037121866650e-01 3.379746145781610533e-02 -1.965669614652046024e-02
-9.992966985628495280e-01 3.408170438481551712e-02 -1.563943175957041576e-02
-9.992764536741937098e-01 3.276178032412607743e-02 -1.932048316393358139e-02
-9.992108934637536910e-01 2.949903882230784508e-02 -2.659781032756721245e-02
-9.990947968086687503e-01 2.926843314104760757e-02 -3.087057270370045098e-02
-9.989843657423570500e-01 2.265760487286446259e-02 -3.894761190234898030e-02
-9.990523556627909363e-01 1.364375116940728938e-02 -4.133140924519284470e-02
-9.991082171109170185e-01 9.297713335197821741e-03 -4.118700905668901818e-02
-9.991417041272370181e-01 7.213125072978068819e-03 -4.079059425646487658e-02
-9.991380251509579535e-01 3.698629652782652738e-03 -4.134698927965776288e-02
-9.992657147322322464e-01 4.676001742223915951e-03 -3.802910837458464699e-02
-9.993995794903253183e-01 -1.548426368014860222e-03 -3.461400742582258772e-02
-9.995422837740373101e-01 -3.508619858467559773e-03 -3.004927782435748776e-02
-9.996258694930731936e-01 -9.907219490536861226e-03 -2.549538134421976479e-02
-9.996233794887019464e-01 -1.219074508874127584e-02 -2.458721880395589934e-02
-9.995089469521877268e-01 -1.653984437987810613e-02 -2.661475161245219906e-02
-9.993452114260826802e-01 -2.148181335637277048e-02 -2.911574619662134558e-02
-9.994080724294451823e-01 -2.154587728449269129e-02 -2.682026321667967811e-02
-9.993780657296741365e-01 -2.702937496111422477e-02 -2.264820241987760413e-02
-9.991818180974556540e-01 -3.011738700837866128e-02 -2.699414556342478316e-02
-9.991941239490690352e-01 -2.887293972222132812e-02 -2.788373218355254604e-02
-9.990525315299804143e-01 -3.635806859089694976e-02 -2.392020784217399609e-02
-9.985265746228723094e-01 -4.347155184566303676e-02 -3.248000625262247032e-02
-9.981889484793258216e-01 -5.071876910424757967e-02 -3.234928812251487013e-02
-9.980804522915227572e-01 -5.244531990868115529e-02 -3.293851883883418263e-02
-9.975982580928806076e-01 -6.036903630632918516e-02 -3.396088637480360051e-02
-9.969753683267188471e-01 -7.101911139794489514e-02 -3.156655717439904585e-02
-9.970244834150312485e-01 -7.250288991466269373e-02 -2.618314688939415297e-02
-9.967332534326832638e-01 -7.604007168515129755e-02 -2.721719667443547527e-02
-9.963454366698177855e-01 -8.116991540181318909e-02 -2.659440602374045157e-02
-9.957950813091283049e-01 -8.802336295014932810e-02 -2.537893492490317718e-02
-9.955659500190247035e-01 -9.155468261182057865e-02 -2.159226400149992856e-02
-9.954155394522674616e-01 -9.276885763403508456e-02 -2.327851997875992479e-02
-9.952118283207238569e-01 -9.555653054991906925e-02 -2.055268277640521363e-02
-9.941929588042144328e-01 -1.053126300938427851e-01 -2.212820159415852111e-02
-9.935850923040616678e-01 -1.112946635131112222e-01 -2.005514671646958097e-02
-9.932156192665010375e-01 -1.144913423478114561e-01 -2.035958879708023306e-02
-9.923978321716140361e-01 -1.209354521192949200e-01 -2.282993501073564760e-02
-9.921373495045150426e-01 -1.227318892494337760e-01 -2.450326337957255823e-02
-9.916712256616738719e-01 -1.267674193943953420e-01 -2.276506969878669753e-02
-9.906489914026513910e-01 -1.343968771025172426e-01 -2.349685370071840848e-02
-9.892936510951156892e-01 -1.440832153053669407e-01 -2.319797021154677494e-02
-9.886458795848335201e-01 -1.494485408900149692e-01 -1.563666244995942645e-02
-9.878732254833567650e-01 -1.545784414452850142e-01 -1.456168198624743261e-02
-9.871985855658126363e-01 -1.588113797994331888e-01 -1.476296312724804244e-02
-9.864395003089306835e-01 -1.637595343800469505e-01 -1.095325428297126528e-02
-9.848737651120014203e-01 -1.730829676749740531e-01 -8.124016611037874341e-03
-9.846046031764856821e-01 -1.746615616334460941e-01 -6.867374722666375400e-03
-9.844877464703557512e-01 -1.752492852523255540e-01 -8.462365292885552087e-03
-9.841634751293995009e-01 -1.771439859680004059e-01 -6.504537304650311394e-03
-9.838705145771911020e-01 -1.787814803843643940e-01 -6.003279438285344903e-03
-9.832135933325193422e-01 -1.823038294353983568e-01 -7.509344064414688255e-03
-9.823459365614483074e-01 -1.869349003338754422e-01 -7.200731827158361048e-03
-9.828637330315250775e-01 -1.841889616272577301e-01 -7.304470260891517130e-03
-9.829602479394662362e-01 -1.837461661080966313e-01 -5.152086887697322065e-03
-9.824527314844048176e-01 -1.864059510365151939e-01 -6.284776750278606335e-03
-9.832121835223165407e-01 -1.824300692990887540e-01 -3.621963267077940238e-03
-9.834191193342249893e-01 -1.813409209288985302e-01 1.533891032166593074e-03
-9.834033030856962343e-01 -1.814202820491437884e-01 2.161351082625655173e-03
-9.837930843901971922e-01 -1.790924640746968666e-01 8.780845032372733630e-03
-9.839094434459355609e-01 -1.784170561151559586e-01 9.466150722964644312e-03
-9.842498557318712926e-01 -1.767033932190063827e-01 5.308398441558324389e-03
-9.850975672460346999e-01 -1.719287903802239059e-01 4.829162650137854701e-03
-9.852600728734738356e-01 -1.707231676281056043e-01 1.078126380822302943e-02
-9.858985972310466694e-01 -1.670183176552669790e-01 1.043476636062426292e-02
-9.871759751764076496e-01 -1.591800495218378408e-01 1.205623462744493356e-02
-9.876593327752424267e-01 -1.563607574280401757e-01 8.966760741536159568e-03
-9.874271260851147369e-01 -1.577850502414253064e-01 9.570552201250612928e-03
-9.873977722923874545e-01 -1.578740849888693454e-01 1.102086381420467123e-02
-9.879226605119694193e-01 -1.542247885012882069e-01 1.495253958177012593e-02
-9.885149964030808256e-01 -1.506699057876660086e-01 1.169308681415904758e-02
-9.893724812031524651e-01 -1.447447598479425501e-01 1.382370949766163412e-02
-9.894516561700078539e-01 -1.437775774038010934e-01 1.770523603816874514e-02
-9.901148831451741517e-01 -1.383308258062976859e-01 2.317645311912917491e-02
-9.910614856988617660e-01 -1.315016975704305091e-01 2.246068196763224487e-02
-9.915695346034142377e-01 -1.268208478416790741e-01 2.657776890646974810e-02
-9.921243640391402829e-01 -1.219704441820609886e-01 2.850446045009075516e-02
-9.925776189337252031e-01 -1.177979616611798258e-01 3.022181228531065772e-02
-9.928773137636014434e-01 -1.143106280728181517e-01 3.358224958454414377e-02
-9.938467594400950400e-01 -1.048466775647094451e-01 3.571890817785951244e-02
-9.945018722537768419e-01 -9.773856307896582052e-02 3.759317554380622872e-02
-9.952087487956993161e-01 -8.939510645991036175e-02 3.959935409034847503e-02
-9.954465319944242330e-01 -8.596969608385882089e-02 4.117597494690296289e-02
-9.957501969505961892e-01 -8.021658315748965429e-02 4.524260153764963349e-02
-9.969280953677169821e-01 -6.637567169139511891e-02 4.157752329700765970e-02
-9.966559030247671425e-01 -6.767678625775584711e-02 4.579204229527265857e-02
-9.969126558281746764e-01 -6.129801903959521125e-02 4.906890275438719612e-02
-9.974064371505110271e-01 -5.408103424158684780e-02 4.749408921882316420e-02
-9.977591993613070809e-01 -4.810699743549447238e-02 4.650101600709735661e-02
-9.979880154487529298e-01 -4.094529387890659400e-02 4.840920985526096787e-02
-9.979690341415146104e-01 -4.070201601506221595e-02 4.900204543411297575e-02
-9.980204090043536258e-01 -3.275938670356556837e-02 5.368550815239392371e-02
-9.981420264833492650e-01 -2.143205102870056333e-02 5.703692133977845968e-02
-9.983163741261967816e-01 -9.985434738326484649e-03 5.713804772859365499e-02
-9.981199126501404395e-01 -4.392809487955686397e-03 6.113421006172487654e-02
-9.980191207857728175e-01 1.158363036505815485e-02 6.183609460636011607e-02
-9.977081980268126538e-01 1.912081930210732597e-02 6.490604413491511682e-02
-9.978183326214160598e-01 3.255098618829292689e-02 5.743740816084662304e-02
-9.974079768901374932e-01 4.019568515847875972e-02 5.967982978850348841e-02
-9.972091108360371381e-01 4.859115083146400837e-02 5.668277368021615997e-02
-9.963806651193133357e-01 6.119919367402587573e-02 5.899386984423769797e-02
-9.957609885517608728e-01 7.144256996729195230e-02 5.793151673989245520e-02
-9.950396087892734442e-01 7.978085867908744910e-02 5.942423191503492380e-02
-9.947912874735346245e-01 8.464134441274832887e-02 5.679951519711980840e-02
-9.945268663320001590e-01 8.972805796080775276e-02 5.352789242837711903e-02
-9.932585365009725109e-01 1.007211878183157383e-01 5.738266054168657954e-02
-9.934210402996845879e-01 1.031537343363827658e-01 4.973923524709356059e-02
-9.926474347219733652e-01 1.124984153235401851e-01 4.466793429882229965e-02
-9.918367906908172049e-01 1.187473205010761701e-01 4.646398638811392867e-02
-9.916546780430337549e-01 1.221885575671695923e-01 4.112181174611088952e-02
-9.910990857585803004e-01 1.266547930913867193e-01 4.100259843555532219e-02
-9.905964052236522210e-01 1.313419444046398099e-01 3.831583218621262277e-02
-9.900844922840774665e-01 1.358824285588612346e-01 3.561897140477018886e-02
-9.897065460011231774e-01 1.390962567600231847e-01 3.366350382575236666e-02
-9.888380201349407095e-01 1.450315253763350132e-01 3.413610889298990952e-02
-9.875794803786442921e-01 1.534159806657094116e-01 3.391687104277586046e-02
-9.875589712202188508e-01 1.538723390067033292e-01 3.241340739040388108e-02
-9.862280165637914431e-01 1.628298721673503147e-01 2.899619478914867293e-02
-9.855553386986192210e-01 1.666332318872355556e-01 3.023388270299020089e-02
-9.852699622750050734e-01 1.686074589471550089e-01 2.854248577442932908e-02
-9.852583490070744299e-01 1.691955297020365512e-01 2.527658427877468167e-02
-9.844342567430793833e-01 1.741132368484447357e-01 2.395458553049177250e-02
-9.838422954718855085e-01 1.771306824350108444e-01 2.605966716007997175e-02
-9.843326806512460170e-01 1.749491584790403009e-01 2.195479668106645535e-02
-9.833443896317919375e-01 1.805364330950815777e-01 2.098702072627745344e-02
-9.830202287865463795e-01 1.825726090085499631e-01 1.839889997936799276e-02
-9.823778308668020820e-01 1.858176959862343214e-01 2.014022349808329906e-02
-9.824407996259920672e-01 1.853341453197700495e-01 2.147969106494529087e-02
-9.823725446774697057e-01 1.856812822766381044e-01 2.160305986345082210e-02
-9.822663962421797068e-01 1.867554791859122598e-01 1.658810225142721279e-02
-9.811110625454487755e-01 1.924666413760319217e-01 1.943508020586718482e-02
-9.797100507879692444e-01 1.993508703034024554e-01 2.067593733276575432e-02
-9.789122317795061479e-01 2.035163305396964772e-01 1.766332687350349179e-02
-9.784768678310358236e-01 2.050608197462729654e-01 2.308954027314638613e-02
-9.776446160102520988e-01 2.086248175148148476e-01 2.620568523961460186e-02
-9.768136376271767674e-01 2.131478195158748035e-01 2.007913965179773316e-02
-9.751407744315478965e-01 2.209650831621177425e-01 1.658159785186921753e-02
-9.747106130058955653e-01 2.228307286319883840e-01 1.690368590130452917e-02
-9.740074093791964982e-01 2.258671127602229489e-01 1.713654514594427011e-02
-9.744169676889754550e-01 2.242781945078543004e-01 1.452280667787884255e-02
-9.731446741736472505e-01 2.300433489659635122e-01 8.339549697396007183e-03
-9.736401979002078377e-01 2.280834267251940772e-01 1.662219101207240007e-03
-9.725650340281194461e-01 2.326269275776753354e-01 -1.419362731764956323e-03
-9.730819002273508600e-01 2.303848067520874732e-01 -5.873993146364411139e-03
-9.728290544475498569e-01 2.313262810185806040e-01 -9.582800457143767978e-03
-9.733897479150528387e-01 2.288266410500163495e-01 -1.228065884416767312e-02
-9.747124390297983165e-01 2.229121900173287041e-01 -1.568006376294878504e-02
-9.746833314874873144e-01 2.232189957475166353e-01 -1.287365246006578166e-02
-9.759629943767754723e-01 2.175386800953484634e-01 -1.316069708500151696e-02
-9.758498455028864482e-01 2.178403821917517802e-01 -1.620785634657111521e-02
-9.764217218939987841e-01 2.152021444113348669e-01 -1.699134369611142101e-02
-9.765616440542786991e-01 2.143410955618023084e-01 -1.962900520336564869e-02
-9.776852096713828377e-01 2.084531541514247632e-01 -2.605688784123489504e-02
-9.776800678945123391e-01 2.081769326777274665e-01 -2.835661548853708747e-02
-9.792994027457152528e-01 2.003002899367086753e-01 -2.919797560007437662e-02
-9.803938265323831613e-01 1.955162814901227897e-01 -2.452298258917667839e-02
-9.805654011799683767e-01 1.951332438833414118e-01 -2.036072818841761639e-02
-9.814791911444158412e-01 1.905685420083329806e-01 -1.955188553695851733e-02
-9.823729251857071798e-01 1.865033134909532542e-01 -1.264901631915438598e-02
-9.829846740861311050e-01 1.833718530860500850e-01 -1.076762027446764164e-02
-9.821038029011158743e-01 1.876592667925396085e-01 -1.600523260920180824e-02
-9.820531848566903532e-01 1.870512207410908179e-01 -2.415430787398041568e-02
-9.816288134933661702e-01 1.891664245171587599e-01 -2.491955057571547741e-02
-9.827544885148039588e-01 1.838106801509233057e-01 -2.018159360306305897e-02
-9.818034857862038001e-01 1.883011575919081027e-01 -2.458936247430937305e-02
-9.824128604119051200e-01 1.857083181744006162e-01 -1.942780399486055201e-02
-9.826547749658685049e-01 1.843192419780813884e-01 -2.039748987079669298e-02
-9.830564043546918818e-01 1.823002398396156298e-01 -1.915138973313810014e-02
-9.830579027970652861e-01 1.822580475408803469e-01 -1.947334516785641928e-02
-9.832982144361425147e-01 1.806343463201031119e-01 -2.226885247520354189e-02
-9.839779750493670152e-01 1.764701413485359471e-01 -2.541025948749207550e-02
-9.834821805705825648e-01 1.784931663693066217e-01 -3.005058306550408009e-02
-9.842646953985929592e-01 1.737856085671446449e-01 -3.196277834271686602e-02
-9.848011967109121523e-01 1.705803512309215786e-01 -3.269547817977964260e-02
-9.850616901599925646e-01 1.681322991829936053e-01 -3.721618194182142736e-02
-9.868563971668671275e-01 1.562549954651578643e-01 -4.121742224873058830e-02
-9.876222187117422724e-01 1.512836551546731245e-01 -4.142048923745225014e-02
-9.889413182225318399e-01 1.439873671603408289e-01 -3.553526480783105596e-02
-9.906095709717823716e-01 1.326797109567622035e-01 -3.299726985347404412e-02
-9.909894151892121306e-01 1.289855166336987269e-01 -3.609381109260467041e-02
-9.922091083150603730e-01 1.190898645569215819e-01 -3.658875880830942534e-02
-9.928672415947193963e-01 1.131495742176498592e-01 -3.757475462554235590e-02
-9.933694600318602186e-01 1.069809556012539936e-01 -4.209796863331245059e-02
-9.938327484512545773e-01 1.018712368742686752e-01 -4.380373524197949536e-02
-9.946711486908583755e-01 9.143116362921546725e-02 -4.764133119074093203e-02
-9.949252090249698366e-01 8.777779555759032681e-02 -4.918267207540533148e-02
-9.955838603153374100e-01 8.046215910775489366e-02 -4.835975810570102701e-02
-9.958637026793516478e-01 7.461349090593455413e-02 -5.184940698804699211e-02
-9.959865210683126469e-01 7.200671766325189571e-02 -5.315948483062069713e-02
-9.963992660338317764e-01 6.762676148135152165e-02 -5.113875359398495357e-02
-9.970653821429825703e-01 6.103676474921010398e-02 -4.620806685649885004e-02
-9.979021263399893149e-01 4.758820189878490425e-02 -4.389484641424405004e-02
-9.977641801986534276e-01 4.464686005619833420e-02 -4.973275521400551819e-02
-9.979883091666701400e-01 3.692077474743361148e-02 -5.153871998941207677e-02
-9.982658837710055577e-01 2.849907170220129793e-02 -5.150802567516143959e-02
-9.984136812648836123e-01 1.720347684733920801e-02 -5.361166042716690450e-02
-9.983759151984897828e-01 8.333115350638090058e-03 -5.635725294067649160e-02
-9.983674834850616575e-01 2.020103796556533930e-03 -5.708183535309337836e-02
-9.980554663613365740e-01 -4.115653719619445997e-03 -6.219643509344838922e-02
-9.979809518262509060e-01 -1.667477068127929535e-02 -6.128638352817338680e-02
-9.978083674204497600e-01 -2.917433039467079436e-02 -5.939165943456826968e-02
-9.973618928912844073e-01 -4.061892811259219110e-02 -6.016150074841612044e-02
-9.964393333201121417e-01 -5.343418462450177236e-02 -6.521880166902861709e-02
-9.955420151536067408e-01 -6.211563862275675668e-02 -7.097741077370994800e-02
-9.951030647436501786e-01 -7.174748153946450269e-02 -6.798704725442060448e-02
-9.942725611656676454e-01 -8.298855415512369771e-02 -6.734258032505183178e-02
-9.937687995708658351e-01 -9.185129783926920810e-02 -6.314238599860257095e-02
-9.923027867072612418e-01 -1.050257992183125655e-01 -6.561105085216287214e-02
-9.910830166884656567e-01 -1.142400755023423031e-01 -6.858358622304489005e-02
-9.895830483059192550e-01 -1.271882096464903023e-01 -6.744330101622031393e-02
-9.875760028083618858e-01 -1.400234510093439355e-01 -7.132405685576155563e-02
-9.862793563839700184e-01 -1.494160071374330545e-01 -7.019926745173227234e-02
-9.840719325576465781e-01 -1.642584297459832032e-01 -6.798271019038526486e-02
-9.827534732583226296e-01 -1.709221434859297117e-01 -7.057818939794821556e-02
-9.809391147582313675e-01 -1.823433651071980910e-01 -6.715205986491964985e-02
-9.781057687090687347e-01 -1.965301430087456336e-01 -6.844747634876087450e-02
-9.765368532537637147e-01 -2.035056519831792698e-01 -7.043630312063368926e-02
-9.749390575508944945e-01 -2.112282279514228478e-01 -6.983207485063015751e-02
-9.734044529604329865e-01 -2.197344707380794182e-01 -6.481189705161238823e-02
-9.707665481759201187e-01 -2.309652819605910179e-01 -6.532531031993940585e-02
-9.686631365500559809e-01 -2.405917497152365858e-01 -6.170402258234295584e-02
-9.669000152563618222e-01 -2.478729664832425850e-01 -6.052603965616545900e-02
-9.642016866309537360e-01 -2.583610313852131579e-01 -5.970538832993580597e-02
-9.618765355668522643e-01 -2.672141791819206413e-01 -5.822508992689090501e-02
-9.606219830798135018e-01 -2.716909390873212815e-01 -5.821930580605589461e-02
-9.597963478006941163e-01 -2.759570580536956363e-01 -5.136848284745455101e-02
-9.562337133063114614e-01 -2.879514936957350835e-01 -5.197182932380037951e-02
-9.547409457087723261e-01 -2.933558003667387504e-01 -4.911363509889185575e-02
-9.531317872088694854e-01 -2.983791934046562400e-01 -5.009691974550721516e-02
-9.517926154916055426e-01 -3.030303221677737024e-01 -4.757614054278002519e-02
-9.511541292414465998e-01 -3.061813851281612875e-01 -3.948202269434061829e-02
-9.476816633272386881e-01 -3.177099747165589849e-01 -3.098200692044634358e-02
-9.482867978746249982e-01 -3.167557342654478414e-01 -2.044509015603244995e-02
-9.462411176669585089e-01 -3.231853022539739606e-01 -1.338115371886532123e-02
-9.443049990669007965e-01 -3.287379435736524913e-01 -1.481488631646923557e-02
-9.427713092853025056e-01 -3.331269316604993369e-01 -1.444830241242136409e-02
-9.415472874271174630e-01 -3.365736327189050026e-01 -1.438551169538098903e-02
-9.418565018167248670e-01 -3.357443944244729028e-01 -1.349367441104045579e-02
-9.429465748066879760e-01 -3.328341537888016011e-01 -8.557500692993266073e-03
-9.410916716008491667e-01 -3.380676245462698737e-01 -7.536216509500147896e-03
-9.405521367044004100e-01 -3.396457804077785414e-01 -1.571506896619972136e-03
-9.396608527428754742e-01 -3.421074563580481787e-01 -1.332635850888278656e-04
-9.383810653253430445e-01 -3.455276570734214237e-01 7.187628216736632707e-03
-9.373936053010749614e-01 -3.481842432694552403e-01 7.810828489582269385e-03
-9.374100470958097731e-01 -3.481332002219428845e-01 8.107161609669301036e-03
-9.389955970405781116e-01 -3.436411770666220056e-01 1.407330952639788274e-02
-9.416098281420499649e-01 -3.360512666721939823e-01 2.098871197834043661e-02
-9.423586028342504362e-01 -3.338335513021555845e-01 2.270400917513427930e-02
-9.416435972466944415e-01 -3.354264600970165433e-01 2.822186902446336548e-02
-9.441152803531047688e-01 -3.274153668360254565e-01 3.802056618866474225e-02
-9.463247661446245740e-01 -3.210387727168785288e-01 3.746454150871865452e-02
-9.481077893128928569e-01 -3.159615895823942866e-01 3.549566424938588316e-02
-9.497241478878054588e-01 -3.101546612414046167e-01 4.275719521027759179e-02
-9.517182193032399651e-01 -3.038024590734313968e-01 4.400620054083821675e-02
-9.533735329775933076e-01 -2.986552394024207246e-01 4.340510755438165003e-02
-9.554766539578601892e-01 -2.911433461552460078e-01 4.795794626511479253e-02
-9.569743447507882417e-01 -2.862757616091998192e-01 4.739557642336657273e-02
-9.588226517648694713e-01 -2.799551986808959114e-01 4.779391254745431888e-02
-9.609396688524832753e-01 -2.719523350255141358e-01 5.135103961667432382e-02
-9.635614131996803611e-01 -2.617359092761560868e-01 5.517033492317403170e-02
-9.671141872602773137e-01 -2.486483953028365834e-01 5.351797069187570755e-02
-9.696818092340593331e-01 -2.384614015396722686e-01 5.341720400223401444e-02
-9.721754953439908364e-01 -2.286996379806622293e-01 5.070828872748977395e-02
-9.751112113208886267e-01 -2.159791690389982477e-01 5.011160349021885618e-02
-9.769297752923956635e-01 -2.063549399071223922e-01 5.500819763441389121e-02
-9.789641135960472917e-01 -1.968963963605066259e-01 5.348945866724081483e-02
-9.794761335891697396e-01 -1.942372984768052646e-01 5.383701712845057052e-02
-9.807410219548214902e-01 -1.871261228027337464e-01 5.595454262668814877e-02
-9.823645573343656734e-01 -1.763941686040157997e-01 6.200825186369521291e-02
-9.844233408885016967e-01 -1.639358848342938602e-01 6.352764158015818119e-02
-9.863571462465506867e-01 -1.521646093661715438e-01 6.281370336770704388e-02
-9.883461474896182430e-01 -1.383866423537925272e-01 6.341198344503634621e-02
-9.897169439831486892e-01 -1.266589670107197418e-01 6.646748780775542376e-02
-9.900745559615471425e-01 -1.191913528301895980e-01 7.447043190186916628e-02
-9.910552911934323861e-01 -1.065992130245481812e-01 8.028740913264993673e-02
-9.926235178472289089e-01 -9.176666655190111876e-02 7.923055693101212216e-02
-9.937848742127994850e-01 -7.723347941167649222e-02 8.016647639741489306e-02
-9.943907945409328208e-01 -6.284041164623663245e-02 8.507691368667284759e-02
-9.955150192904864692e-01 -4.862877106916368986e-02 8.114887313484099585e-02
-9.963183595663972492e-01 -3.101660325522823461e-02 7.992338289336470281e-02
-9.964954096796466709e-01 -2.175654234430801984e-02 8.076881732610369236e-02
-9.963736381369958650e-01 -4.904321533187941395e-03 8.494452074346689474e-02
-9.962912696403100066e-01 9.435025183007835978e-03 8.552623648608645435e-02
-9.962686576442761899e-01 2.428369203976837865e-02 8.281977129186365860e-02
-9.959265810387515350e-01 3.402817053870602765e-02 8.350077370242672825e-02
-9.956895157997780466e-01 4.613864863657400617e-02 8.045907906964032408e-02
-9.954292458132516508e-01 6.064253355481469265e-02 7.377770047795093045e-02
-9.948811582342231841e-01 7.184589027111375203e-02 7.106122833868316890e-02
-9.940617198249711572e-01 8.443897903257951976e-02 6.863967350100325104e-02
-9.926875835454438413e-01 9.793806900886330158e-02 7.056589089589364316e-02
-9.915648880597448533e-01 1.118726695240135349e-01 6.544942112238917586e-02
-9.907328728891749980e-01 1.207978729132051232e-01 6.209908538763037056e-02
-9.899337291356494761e-01 1.284444167086171984e-01 5.944149700763268207e-02
-9.891539976709043946e-01 1.344071639634777660e-01 5.923791845944564177e-02
-9.881648262138843508e-01 1.420508913863692269e-01 5.789532151521122744e-02
-9.868262409872381458e-01 1.501398099457316171e-01 6.026653665401378313e-02
-9.857503487213571391e-01 1.569527971498848318e-01 6.051543057149895433e-02
-9.842045044645101326e-01 1.667458741394903521e-01 5.947566449274577227e-02
-9.825095277341995281e-01 1.773902733694113776e-01 5.663714729960986349e-02
-9.815045812100916534e-01 1.834897196904216321e-01 5.459237497887732549e-02
-9.802669504968380965e-01 1.899074380723513034e-01 5.488094671865280383e-02
-9.781070491867809302e-01 2.001866925125118657e-01 5.685011964606780099e-02
-9.774391999321708768e-01 2.051817494809658193e-01 5.013090485635227078e-02
-9.755580004165238517e-01 2.137272719820301203e-01 5.106161586515808870e-02
-9.743151047870554082e-01 2.193988633737080918e-01 5.073719449215774446e-02
-9.727434206972057629e-01 2.266604623859355960e-01 4.894200446810235278e-02
-9.733766006381836533e-01 2.247451047838265048e-01 4.502975485195748195e-02
-9.704436876736241002e-01 2.372871750505103627e-01 4.397605213501915716e-02
-9.688365481172493965e-01 2.440907601231675494e-01 4.213657948405093168e-02
-9.676971639138903791e-01 2.493905925785682431e-01 3.696726668450558972e-02
-9.662608298167826293e-01 2.551389170467700529e-01 3.527306758649621787e-02
-9.657085653577306417e-01 2.569431147240042179e-01 3.724580709819434038e-02
-9.631317806615478094e-01 2.671210112970248685e-01 3.199352598073154641e-02
-9.616983208476463929e-01 2.724550079058993823e-01 3.007749282551609032e-02
-9.595707968390404519e-01 2.792907992255622696e-01 3.493684321516226515e-02
-9.590659082825573334e-01 2.812865310718131173e-01 3.271878157909548224e-02
-9.581408685643952872e-01 2.847582772993918487e-01 2.964535544919229618e-02
-9.558427718544683094e-01 2.925074401541541969e-01 2.835560780468909803e-02
-9.535876164131960042e-01 3.001194108469428801e-01 2.447538441179171118e-02
-9.522546268416924864e-01 3.037564367618434402e-01 3.071156732783762722e-02
-9.521032245855786114e-01 3.044433887062950039e-01 2.852578458591143243e-02
-9.513038679174566914e-01 3.072411127570963130e-01 2.497793121252470799e-02
-9.495896966453276633e-01 3.126705394204173927e-01 2.272860146511267512e-02
-9.483335703109579962e-01 3.164450558258074531e-01 2.293498611804883208e-02
-9.471013460127695183e-01 3.200809495978031438e-01 2.339387987805760169e-02
-9.465099219739587788e-01 3.222007001388692005e-01 1.748496346407425045e-02
-9.471792458218917243e-01 3.204221448898036950e-01 1.346004983134020672e-02
-9.464813992251389640e-01 3.224393634498085581e-01 1.434801113527721383e-02
-9.450837889627665689e-01 3.266188609709274604e-01 1.169611338778876394e-02
-9.454266544526321869e-01 3.256572183771694884e-01 1.076404879302448117e-02
-9.456074209595553004e-01 3.251798818990379036e-01 9.203120031307245388e-03
-9.450198369538018728e-01 3.269756845043887417e-01 4.945408254942903689e-03
-9.442102063657298316e-01 3.293403137439323558e-01 -1.446181598345611281e-03
-9.451399785928130681e-01 3.266479312749909769e-01 -3.405493467067513460e-03
-9.447755307647580647e-01 3.276193862463993578e-01 -8.048711590487577297e-03
-9.446190564706410386e-01 3.280358620348179932e-01 -9.346598649513225554e-03
-9.450289173268912046e-01 3.269163604474262796e-01 -6.788682171527528168e-03
-9.441428406473025836e-01 3.295277254759694241e-01 -2.412908276473323468e-03
-9.449007215150682093e-01 3.273271162967386072e-01 -4.430911214753434704e-03
-9.447972972640716893e-01 3.275957824458843315e-01 -6.254435712194457084e-03
-9.458054394330485115e-01 3.247074061046463234e-01 -4.149539799059380127e-03
-9.443809114401218174e-01 3.287135605582492404e-01 -9.598777134289283863e-03
-9.445914143450701017e-01 3.282210109907938156e-01 -4.251493175197528646e-03
-9.430711767382508048e-01 3.324872322759412913e-01 -8.309221210687738404e-03
-9.433406310150489471e-01 3.315665267455401022e-01 -1.312019248690846594e-02
-9.434637164440693446e-01 3.311192023699383591e-01 -1.537325013063785099e-02
-9.435807336251341715e-01 3.305473750026614033e-01 -1.984639229686418344e-02
-9.445095791091029369e-01 3.273970247747414186e-01 -2.670000935409008735e-02
-9.466350097754279158e-01 3.208838378906772593e-01 -3.026166436410589536e-02
-9.471536964845976847e-01 3.195220254997840348e-01 -2.838305720455953571e-02
-9.498022713323922561e-01 3.112264794425083636e-01 -3.183977792639732657e-02
-9.527470822151925534e-01 3.019173687859112443e-01 -3.345067114969314803e-02
-9.555676366497685148e-01 2.927301343033217318e-01 -3.463535679725798788e-02
-9.569575715695924911e-01 2.878718097164740808e-01 -3.690630199451325894e-02
-9.588956521210753037e-01 2.809974614141821925e-01 -3.949180802687284747e-02
-9.593848312872005346e-01 2.794876181807727789e-01 -3.830750133724531575e-02
-9.607647779236423435e-01 2.744040730612358758e-01 -4.041650831576604902e-02
-9.626698062828824565e-01 2.676655046644567659e-01 -4.027492574295312572e-02
-9.642743113107719033e-01 2.618546572524547700e-01 -4.009038512107066660e-02
-9.646170554410427034e-01 2.601787100730132418e-01 -4.267344803155027205e-02
-9.660180830686169173e-01 2.556768521174155318e-01 -3.792701335561675380e-02
-9.672879722183617135e-01 2.500850143746597420e-01 -4.256186576321867310e-02
-9.676937756063953566e-01 2.484503368161495029e-01 -4.290961226929565497e-02
-9.699984430412436076e-01 2.397393780467169111e-01 -4.034970988995846553e-02
-9.713444983151401368e-01 2.345995138300308314e-01 -3.811799526731253496e-02
-9.726207498109490368e-01 2.294456683896088645e-01 -3.692709234155738818e-02
-9.739274700906886961e-01 2.232559283451461818e-01 -4.027557027941933154e-02
-9.743469866458730477e-01 2.209875925851974288e-01 -4.257325066635065519e-02
-9.752487504499877113e-01 2.160949960871989817e-01 -4.682815102693133058e-02
-9.755915196687977575e-01 2.141392894786992296e-01 -4.863743195330472169e-02
-9.772124525451014732e-01 2.066544447100147341e-01 -4.847485330119014058e-02
-9.779176501735432625e-01 2.036711218700375525e-01 -4.685287503308199070e-02
-9.800912145698839062e-01 1.925680989554936495e-01 -4.836100493288345015e-02
-9.820626250761479437e-01 1.828385075835379237e-01 -4.607742236211145870e-02
-9.839832049888079801e-01 1.728956162180981804e-01 -4.340744504695923794e-02
-9.849008419930479485e-01 1.675981275711945773e-01 -4.337334628663402913e-02
-9.862224663698269111e-01 1.590060974141703776e-01 -4.563283938331684497e-02
-9.869069916369426210e-01 1.549211436527105079e-01 -4.487847269237414671e-02
-9.880827790588102566e-01 1.475387629950792867e-01 -4.387235247782013403e-02
-9.897308983412085315e-01 1.354298101270984545e-01 -4.573361843300505214e-02
-9.909996743222181381e-01 1.269244322001769620e-01 -4.254271221496463973e-02
-9.913086141754455793e-01 1.264437872488364811e-01 -3.632146064396023916e-02
-9.922403344640055023e-01 1.173915188627141226e-01 -4.096826250272883607e-02
-9.924162882967823007e-01 1.166681962575612380e-01 -3.871035097993692775e-02
-9.931100043028979751e-01 1.105560965274559604e-01 -3.885765616223807450e-02
-9.933394894739268066e-01 1.072460864301782169e-01 -4.213056174178750335e-02
-9.946769613391740483e-01 9.496419874717880460e-02 -3.999489920165077983e-02
-9.954816761147878834e-01 8.679167640325222144e-02 -3.851604560404026101e-02
-9.957184500213392964e-01 8.426279418990337278e-02 -3.800786939744481979e-02
-9.963224145891463879e-01 7.796256958204646204e-02 -3.554619757448587714e-02
-9.968312408817667780e-01 6.981575214652009642e-02 -3.812199213930074493e-02
-9.974841693404262744e-01 6.049504405611673408e-02 -3.695578202555929032e-02
-9.976060109091962058e-01 5.641391678120158404e-02 -3.999706624860970700e-02
-9.977838711447212239e-01 5.206365160651707513e-02 -4.143393569086547407e-02
-9.980373968146821761e-01 4.507648735867194473e-02 -4.346853190451296228e-02
-9.983984195026113229e-01 3.555161603511296925e-02 -4.400826063711230779e-02
-9.988813866266660346e-01 2.753900786520199068e-02 -3.843991231449441631e-02
-9.991548662799610847e-01 1.763910059497337396e-02 -3.712766683485179547e-02
-9.993900405538450604e-01 7.326751488331364331e-03 -3.414547831644060283e-02
-9.994099290362151722e-01 -2.361764246793789102e-03 -3.426753499752667464e-02
-9.993675114562130535e-01 -9.095109548829805046e-03 -3.437883319324924053e-02
-9.992394248102764998e-01 -1.703346589416353252e-02 -3.507821430267967638e-02
-9.992730661395909930e-01 -1.676778116283515405e-02 -3.423782965186682875e-02
-9.994074806063559802e-01 -1.347754965711190495e-02 -3.167162165740154689e-02
-9.995001965157018775e-01 -1.541079907052255935e-02 -2.760276557643539380e-02
-9.995889888428078907e-01 -1.311701938539841690e-02 -2.549206619314561828e-02
-9.995770340027603229e-01 -1.866649929668480132e-02 -2.230163991436837079e-02
-9.994572663825528336e-01 -2.424250484046695797e-02 -2.230519848053378815e-02
-9.993687476223916955e-01 -2.588099409323828953e-02 -2.433780374029924365e-02
-9.994381304528068277e-01 -2.549780560642830179e-02 -2.175623102477605708e-02
-9.991866052946331012e-01 -3.474181555255392850e-02 -2.047394196848035045e-02
-9.989638576254128433e-01 -3.888354142002221903e-02 -2.365015146491952422e-02
-9.987424854089417270e-01 -4.274978560934258875e-02 -2.619068492931758002e-02
-9.987203515352784944e-01 -4.092006378482503787e-02 -2.971962536786601147e-02
-9.984981116193454298e-01 -4.594014637549509450e-02 -2.985083536110811828e-02
-9.979038823806779535e-01 -5.683674629879781337e-02 -3.094307959418516468e-02
-9.975611337071328411e-01 -6.358260022210573958e-02 -2.879384956217329733e-02
-9.972802467480863520e-01 -6.933714904549437286e-02 -2.499034795399775882e-02
-9.970250268879419231e-01 -7.257181004529292268e-02 -2.597068437412154360e-02
-9.966551819154182423e-01 -7.771238714521100377e-02 -2.528401730355772301e-02
-9.963064477261315277e-01 -8.304287953863119520e-02 -2.184927024025016401e-02
