1.000000000000000000e+00 0.000000000000000000e+00 0.000000000000000000e+00
9.999466201216398176e-01 8.794372342062283616e-04 -1.029483766286997705e-02
9.998684358085194734e-01 2.965843415599814670e-03 -1.594726141773011863e-02
9.996327468482718581e-01 9.418715692430695494e-03 -2.540984406068355281e-02
9.993284063813427931e-01 1.639354317864117477e-02 -3.277177777184095420e-02
9.987418564747513328e-01 3.059588109420933316e-02 -3.973157802325104349e-02
9.980465777625641133e-01 3.774422188672961476e-02 -4.978358402835222213e-02
9.971314504179973337e-01 4.487755210528558691e-02 -6.094980960326541047e-02
9.960745762345729615e-01 5.604139666427121469e-02 -6.851864158470631627e-02
9.948937763658119993e-01 7.034341351277970111e-02 -7.237528831125043804e-02
9.940049649947864108e-01 7.462745732373464447e-02 -7.990542375524641028e-02
9.914000785976398999e-01 9.084973534702332765e-02 -9.419244127206907735e-02
9.887546930139726742e-01 1.113217707207740659e-01 -9.985803577293606015e-02
9.865637825434301345e-01 1.217848646541975915e-01 -1.089052650316000431e-01
9.830800470992263618e-01 1.438722002194539884e-01 -1.133773285683801896e-01
9.783557647082820052e-01 1.652872396340951122e-01 -1.244995406110662728e-01
9.748811958723552218e-01 1.842843122255388155e-01 -1.250837949853207121e-01
9.695464278495097288e-01 2.023800605737436920e-01 -1.379204367308296819e-01
9.649172206564829990e-01 2.185526962882543278e-01 -1.454973850817994074e-01
9.578967154151931673e-01 2.429856812309933722e-01 -1.529439630795593474e-01
9.494009819929930538e-01 2.706921659824597648e-01 -1.592593565708500525e-01
9.400807453627963994e-01 2.996934253891203048e-01 -1.625793954457018520e-01
9.305225468666478150e-01 3.261880643551940961e-01 -1.665207316340322763e-01
9.195179492838345681e-01 3.537903083072914678e-01 -1.712284345643579064e-01
9.075154105689475781e-01 3.809206120096340631e-01 -1.769612565544911864e-01
8.958102866271968612e-01 4.044021626364696087e-01 -1.843443560847042029e-01
8.832399321625719057e-01 4.306167893589000206e-01 -1.856244152776901912e-01
8.704513051764966036e-01 4.547202531778299361e-01 -1.885312643298103774e-01
8.541961230968251328e-01 4.827664326309523690e-01 -1.930947354469906008e-01
8.371349045480349638e-01 5.085590775616736225e-01 -2.014270086348804445e-01
8.175752754985330384e-01 5.390706257311115301e-01 -2.024192508772937327e-01
7.977968917947281247e-01 5.661064974426539553e-01 -2.074694632817780660e-01
7.813389331805510318e-01 5.869367156826891252e-01 -2.121668897265908127e-01
7.603556986803421402e-01 6.137333813688059525e-01 -2.125807465959543840e-01
7.387857842678776654e-01 6.383325392249413754e-01 -2.161646618995463898e-01
7.160021333686523715e-01 6.629632927488345873e-01 -2.186793193889506048e-01
6.892690123919290590e-01 6.881544122791164453e-01 -2.266092738252438177e-01
6.635860732860007216e-01 7.117081691323238202e-01 -2.304886879911174080e-01
6.343214397598224696e-01 7.374384485039374715e-01 -2.319932671464752238e-01
6.084187142934195380e-01 7.592073661630001080e-01 -2.311511913629499815e-01
5.719751727321211732e-01 7.860190101502941840e-01 -2.345603304154712798e-01
5.436184775833394767e-01 8.052482341807373212e-01 -2.367578173162303568e-01
5.172557594819504612e-01 8.233384015670011102e-01 -2.335816494668934429e-01
4.839254645051047077e-01 8.433773503682521211e-01 -2.335183518059041619e-01
4.498899018292392693e-01 8.607838763977490038e-01 -2.380130782423084401e-01
4.176591654420703792e-01 8.767474318883086148e-01 -2.384843666985065613e-01
3.861027344813970918e-01 8.910941923573852952e-01 -2.384865814492490022e-01
3.519466013724514841e-01 9.063202265630153631e-01 -2.339172213069596606e-01
3.184236428384693007e-01 9.193986356128794890e-01 -2.308951305773417617e-01
2.881305559561255225e-01 9.293058853532883967e-01 -2.310224728204735012e-01
2.563860636642725788e-01 9.377115672419962245e-01 -2.344423849389011272e-01
2.199658285543998615e-01 9.463377872949368941e-01 -2.367696257931139470e-01
1.851410895526576506e-01 9.534467932795226419e-01 -2.380378506953281237e-01
1.485394231356662043e-01 9.601205831661538959e-01 -2.368639575560822774e-01
1.146140511453229427e-01 9.646463396962520198e-01 -2.373206425373626249e-01
8.100293371220469718e-02 9.686248388550612320e-01 -2.349563266370756909e-01
4.638950576657965147e-02 9.707778887367940479e-01 -2.354534637208100800e-01
1.296153841099216553e-02 9.712814287401875246e-01 -2.375803313828951935e-01
-2.122243540574251380e-02 9.705964019647761454e-01 -2.397754402561283749e-01
-5.057035594487431507e-02 9.687605037805862018e-01 -2.427874678882576132e-01
-8.296047047503005145e-02 9.669660818482631592e-01 -2.410273555452741301e-01
-1.172425063348844776e-01 9.640123019477729871e-01 -2.386095258463100666e-01
-1.522027824383352657e-01 9.590952498486652322e-01 -2.386852407072460047e-01
-1.790459345770683275e-01 9.538535659331811578e-01 -2.410517735605451350e-01
-2.114671385661472391e-01 9.474921431307045117e-01 -2.398756290003942748e-01
-2.444082489069631103e-01 9.392847356405561454e-01 -2.408502079101677018e-01
-2.806412175751166194e-01 9.299774779377402156e-01 -2.374498408063404897e-01
-3.105866626021480115e-01 9.208376400760905911e-01 -2.357837879504742218e-01
-3.450129576524198494e-01 9.082427529913781328e-01 -2.367724429917362206e-01
-3.752761221269462766e-01 8.972587682174931745e-01 -2.325823796614195638e-01
-4.035579026839258843e-01 8.847696320225100219e-01 -2.330745497572846991e-01
-4.332502555348956008e-01 8.710867598814141521e-01 -2.313052123011925254e-01
-4.641371843337738778e-01 8.549905754366774469e-01 -2.314472259404744270e-01
-4.941495955539146889e-01 8.371014660792076567e-01 -2.346856218863597743e-01
-5.178140337088235068e-01 8.222145536227354334e-01 -2.362877118716901204e-01
-5.445252952587680273e-01 8.048482413530224644e-01 -2.360329207120005768e-01
-5.673920664179479267e-01 7.885742547584652096e-01 -2.371010675831055903e-01
-5.924212678348047545e-01 7.725658616804581547e-01 -2.284273613652400003e-01
-6.208556451013734767e-01 7.509184318417307935e-01 -2.250773302782931029e-01
-6.445586593482902638e-01 7.313416982079454787e-01 -2.228979201980583469e-01
-6.684754488507642645e-01 7.111302461917838880e-01 -2.177943402068081291e-01
-6.892541063323716077e-01 6.923917524762898124e-01 -2.133599421123127393e-01
-7.076062203772423009e-01 6.722809583791220511e-01 -2.175586767438302538e-01
-7.350962394877248451e-01 6.449982948438803820e-01 -2.088318564550950829e-01
-7.590506183262305528e-01 6.192140508238951346e-01 -2.010376631947250470e-01
-7.783341075403497067e-01 5.955893525749049733e-01 -1.986689796736550440e-01
-7.958879351017341675e-01 5.747128525746162397e-01 -1.904404211370465116e-01
-8.109538715630699723e-01 5.542445108120690467e-01 -1.875282977214502433e-01
-8.281339193125855092e-01 5.286648476251837314e-01 -1.863000601769806974e-01
-8.421406261123014492e-01 5.087039168061625594e-01 -1.789399658263051140e-01
-8.567874873561929228e-01 4.842043429773012497e-01 -1.773735482278355480e-01
-8.701493242810391937e-01 4.614899385194036197e-01 -1.728213204074595388e-01
-8.812795388335445956e-01 4.418882231957269036e-01 -1.675744341006632498e-01
-8.922428430870513738e-01 4.211074932578856012e-01 -1.630067660354898862e-01
-9.019471137548290551e-01 4.032902607026887520e-01 -1.544292309720487477e-01
-9.122086418471677671e-01 3.820068673587726504e-01 -1.481423766371514350e-01
-9.214412377993158598e-01 3.622621676846928263e-01 -1.404000789153123374e-01
-9.269363295528103563e-01 3.496979514515502485e-01 -1.360161683982080705e-01
-9.336668734494134592e-01 3.350212759310197130e-01 -1.265975013011550465e-01
-9.399255629694350800e-01 3.175518154241013802e-01 -1.253028077774882010e-01
-9.459899293084487182e-01 3.015931974870393328e-01 -1.189311103455269608e-01
-9.515299473255192098e-01 2.863551841832006062e-01 -1.122117613408171455e-01
-9.556168555422683841e-01 2.736582905754194606e-01 -1.091218438111085931e-01
-9.588028851518276552e-01 2.605501189929835815e-01 -1.131842503292716517e-01
-9.627346975273526342e-01 2.457229441097837364e-01 -1.129696796007353954e-01
-9.666639399554867174e-01 2.275201238996977515e-01 -1.174539598213249492e-01
-9.703017571888711279e-01 2.115277016486794004e-01 -1.173479599068219248e-01
-9.717135500319061814e-01 2.011522631567751462e-01 -1.237358326849221229e-01
-9.750982961463622312e-01 1.828924557496285352e-01 -1.254339470762951825e-01
-9.783078963687478202e-01 1.673717791863118531e-01 -1.220670303992008182e-01
-9.810357485716201253e-01 1.482450429370121836e-01 -1.248690514280405145e-01
-9.834001089030942611e-01 1.320512109868845207e-01 -1.244456354882648996e-01
-9.854858967197865915e-01 1.138512379686178466e-01 -1.259184489738958135e-01
-9.871130695159630042e-01 9.338247899930429696e-02 -1.299519662333765146e-01
-9.873160621868589670e-01 7.748027648216235241e-02 -1.385778271297434527e-01
-9.879851298765427448e-01 5.588916102186600177e-02 -1.440895538187753067e-01
-9.892531648052408366e-01 3.310302441583813648e-02 -1.424162218401524571e-01
-9.908916386522916842e-01 1.121132243446171933e-02 -1.341941911781867891e-01
-9.905885327400998364e-01 -8.499054982089970789e-03 -1.366094414159840231e-01
-9.905323080886757614e-01 -2.884624389997082414e-02 -1.342149591221312721e-01
-9.895449932203023158e-01 -4.885350896240550633e-02 -1.356983990426401110e-01
-9.889858898437413615e-01 -6.264265179057112998e-02 -1.341000451166220742e-01
-9.892176278396530575e-01 -7.732622005981475144e-02 -1.243750533375129197e-01
-9.890749754549310602e-01 -9.666036825748966499e-02 -1.112990492221466732e-01
-9.884669307215232514e-01 -1.123162983674905469e-01 -1.015784778088295454e-01
-9.884023255064462443e-01 -1.186686955323973947e-01 -9.475544665301083302e-02
-9.881251826973554975e-01 -1.274053404839689263e-01 -8.588663036298635478e-02
-9.876098442448172365e-01 -1.373863578674517916e-01 -7.584058521555146759e-02
-9.861268942488465861e-01 -1.507119105419672533e-01 -6.956779667904505748e-02
-9.855104760026072164e-01 -1.574227920968288286e-01 -6.314408733852257261e-02
-9.846004415649837194e-01 -1.656890885228076704e-01 -5.575935508422825981e-02
-9.839183555342003729e-01 -1.727335301347384944e-01 -4.547313920133357057e-02
-9.840263161348836718e-01 -1.742274468150365185e-01 -3.656521711322028440e-02
-9.841315322896788675e-01 -1.753935160437037621e-01 -2.687472309521330566e-02
-9.841269818564711835e-01 -1.766249667566852644e-01 -1.725438369179076170e-02
-9.838069023752462616e-01 -1.791993047219066770e-01 -3.405445285641461872e-03
-9.839603095147430034e-01 -1.782643746225927028e-01 6.628057009597315696e-03
-9.847470564329132703e-01 -1.733201616415803725e-01 1.527631098007216359e-02
-9.863626553349945647e-01 -1.636174081815668924e-01 1.783438640337470238e-02
-9.869704823164598961e-01 -1.572995283786916276e-01 3.385462871178183952e-02
-9.880041582803635869e-01 -1.491001313817074403e-01 4.021125300482746717e-02
-9.885424720417222977e-01 -1.427662094381015878e-01 4.900613632094742711e-02
-9.891663320860928366e-01 -1.391867688160513816e-01 4.665856638862074524e-02
-9.903020304517705652e-01 -1.292204417014818918e-01 5.102918143662539541e-02
-9.916214582090704388e-01 -1.178071519660413152e-01 5.299405804368036155e-02
-9.922088489533785749e-01 -1.123524548755369529e-01 5.383806819851814224e-02
-9.935132100869484839e-01 -9.973724696479302487e-02 5.462595236825479317e-02
-9.947929079745237990e-01 -8.818265309389268503e-02 5.109697945106732309e-02
-9.953988927962954536e-01 -8.099489978081778063e-02 5.119454860884624370e-02
-9.956905713294775806e-01 -7.639834157719503638e-02 5.256986773308539723e-02
-9.961292823707704747e-01 -6.757235292138936977e-02 5.621780509298576062e-02
-9.969347607870699957e-01 -5.463175267574429256e-02 5.600416059462770546e-02
-9.971527532125248339e-01 -4.553805365520982584e-02 6.010561017763212110e-02
-9.971758515037484338e-01 -3.698620566707273849e-02 6.536324776657018165e-02
-9.973859767959566414e-01 -2.757983348247697308e-02 6.678756266064633795e-02
-9.976146206493968771e-01 -1.585747267107096015e-02 6.718349288316732837e-02
-9.977099004227895085e-01 -6.992891050228792690e-03 6.727604747295073961e-02
-9.980207074549437563e-01 4.760382506203472003e-03 6.270580806279404951e-02
-9.979617278276050607e-01 1.397115831858695631e-02 6.226723546024002381e-02
-9.975805637563137651e-01 2.531813048963277996e-02 6.474583588139103119e-02
-9.972528251027024115e-01 3.681887260432924192e-02 6.427429940484358228e-02
-9.967121906285530963e-01 5.000070998514810627e-02 6.375539293004343910e-02
-9.960199861784762021e-01 5.992736633087272086e-02 6.597658709342103800e-02
-9.952997473571036924e-01 7.267916766367639447e-02 6.400127744644307226e-02
-9.948662776017566101e-01 8.013229554928978648e-02 6.180547515350101606e-02
-9.938343073456608057e-01 9.300913256605612689e-02 6.035463943215159388e-02
-9.931141472485643940e-01 9.942054893279958505e-02 6.196657780262149889e-02
-9.926780794187725077e-01 1.058574896507491897e-01 5.817588947380601672e-02
-9.920717840519458486e-01 1.124442424589966322e-01 5.612378345156276982e-02
-9.917019242650111366e-01 1.181006437761311090e-01 5.078919798917991973e-02
-9.915526354475328041e-01 1.212572342704398981e-01 4.604416904945221600e-02
-9.909342833078086388e-01 1.254696395435449530e-01 4.802735696601863336e-02
-9.898178895891938112e-01 1.322440041874206329e-01 5.265054971833846992e-02
-9.886887243172118866e-01 1.416388779352467930e-01 4.932591527063189679e-02
-9.874108960049486905e-01 1.504460928138052211e-01 4.884369806740741088e-02
-9.861708147486772935e-01 1.590353198203718899e-01 4.663584803428321574e-02
-9.851184091164181256e-01 1.647926886916528944e-01 4.883749552043013115e-02
-9.835059871040139345e-01 1.736606785760039795e-01 5.057621309785490654e-02
-9.833059103069270446e-01 1.762208962712284999e-01 4.533975892995033979e-02
-9.814086598020770325e-01 1.853717967447487402e-01 4.974284644274828970e-02
-9.792993159104748102e-01 1.948247789684878772e-01 5.491964395639817309e-02
-9.774791434488122599e-01 2.037535438025660228e-01 5.494569542995697553e-02
-9.762151693899693283e-01 2.092197450804668957e-01 5.684235479015355141e-02
-9.746419426697789934e-01 2.165215728882466939e-01 5.649339816504386769e-02
-9.730683495062183441e-01 2.237793457994645130e-01 5.532452910053571593e-02
-9.713224708428733756e-01 2.307885290678885204e-01 5.717800730205607751e-02
-9.691874959104308518e-01 2.402495739213772186e-01 5.436682792832706057e-02
-9.671680065889529665e-01 2.470809490864750990e-01 5.947322009996047765e-02
-9.652415671378047346e-01 2.550996313665118698e-01 5.685866082645454900e-02
-9.641312685955087947e-01 2.592548333470677813e-01 5.690202517592650444e-02
-9.633536346292794761e-01 2.606496109345206036e-01 6.333693444793388194e-02
-9.610288408830648388e-01 2.692028587671364548e-01 6.287606935365824823e-02
-9.593345071028662741e-01 2.754755497865511438e-01 6.156733846181704217e-02
-9.574987487309292167e-01 2.833018213253320483e-01 5.418704753412072195e-02
-9.550822599224723097e-01 2.920037170733543186e-01 5.051453111435507543e-02
-9.538825780771333918e-01 2.949842685314970625e-01 5.560863692440166234e-02
-9.510810809977553459e-01 3.039761262490732752e-01 5.516614866394714545e-02
-9.490194741175854709e-01 3.105395191220074458e-01 5.410412857572809153e-02
-9.464064427978187144e-01 3.179352881287581534e-01 5.685076695849108908e-02
-9.442557760446870230e-01 3.247948003363303471e-01 5.375294501878701697e-02
-9.428021520863526517e-01 3.293729495494862602e-01 5.135731804593266642e-02
-9.406332036910783900e-01 3.353998656627962816e-01 5.211639145791743810e-02
-9.360913805426122059e-01 3.481274629978892143e-01 5.040048337333644796e-02
-9.323045612430813645e-01 3.586632307080283022e-01 4.657149171600058479e-02
-9.274569640062848563e-01 3.702428213925450518e-01 5.238172495157034092e-02
-9.254790356811074536e-01 3.755561363458254087e-01 4.945861745181984875e-02
-9.236042974096397851e-01 3.803804987493136225e-01 4.760031348657883798e-02
-9.198814107501631643e-01 3.894599022075610484e-01 4.625134065063422201e-02
-9.152847898718724506e-01 3.999755002511262703e-01 4.767981308062331502e-02
-9.109648153277063454e-01 4.104179617743923814e-01 4.123364534606576565e-02
-9.082831574751396575e-01 4.166185713331663765e-01 3.808783732778697750e-02
-9.053282748544332348e-01 4.229781519158080094e-01 3.834330773098314910e-02
-9.042546987330283281e-01 4.259599249941845023e-01 2.969164159323457730e-02
-8.999572613122742704e-01 4.350682538407019129e-01 2.815233022163464438e-02
-8.948481587027469208e-01 4.455862103362051019e-01 2.645209250917063618e-02
-8.939252869122223943e-01 4.476029743899070934e-01 2.343437405011983277e-02
-8.915673955867702283e-01 4.521391442644391856e-01 2.603429607971533000e-02
-8.886918549081930241e-01 4.578659941668472011e-01 2.419771963659821459e-02
-8.879956626502653050e-01 4.592179892330942037e-01 2.413612870951463429e-02
-8.842160977005226741e-01 4.666676894133340303e-01 1.957475830591597424e-02
-8.839923728141122483e-01 4.670292922794208046e-01 2.100323547268301977e-02
-8.826100080301677586e-01 4.699349302002420736e-01 1.267856756248204007e-02
-8.802808027805085755e-01 4.742987435123651174e-01 1.210045940939041137e-02
-8.797035276927672731e-01 4.754362940099512991e-01 9.057851230641273885e-03
-8.781023969306408494e-01 4.783660031608078511e-01 1.010734844352881127e-02
-8.778899062212163207e-01 4.788299816993041302e-01 5.583202039268318415e-03
-8.760261950389958141e-01 4.822634684170471475e-01 2.522033122047641004e-04
-8.745503126459504006e-01 4.849334663954508184e-01 1.137888554246504688e-03
-8.743791205818420842e-01 4.852357618358569824e-01 -2.723951766693504320e-03
-8.742652604116791792e-01 4.854320837142463430e-01 -3.994687351087419791e-03
-8.743035719372845849e-01 4.853795161785839918e-01 1.937636571367438998e-05
-8.745741627233104554e-01 4.848883321891784282e-01 -1.830359324070502790e-03
-8.761234198360541292e-01 4.820765620901160120e-01 -3.154765684082290727e-03
-8.758981268188963387e-01 4.824370374668426331e-01 -7.548999151168998140e-03
-8.745584210353272159e-01 4.847702376843351924e-01 -1.205802001878456507e-02
-8.763951209480513871e-01 4.814589672399187670e-01 -1.135190847487401247e-02
-8.755377174543773622e-01 4.827420416898438593e-01 -1.984534122392023203e-02
-8.754352509253522374e-01 4.830725206735734800e-01 -1.593964540049189887e-02
-8.784120588411814534e-01 4.774490647721753023e-01 -2.084842005590994973e-02
-8.797935396031311139e-01 4.750366847635480450e-01 -1.742087789798121150e-02
-8.802823953104809140e-01 4.739910378809788494e-01 -2.086652155803242828e-02
-8.805261625341405107e-01 4.732840469685913876e-01 -2.599806209870390156e-02
-8.809231683281018022e-01 4.721175047008308034e-01 -3.285490228826309922e-02
-8.837705885792470628e-01 4.665330503523175687e-01 -3.600654286841980384e-02
-8.868433538464558508e-01 4.601287154415598657e-01 -4.231362217619928645e-02
-8.894649139890988820e-01 4.550664676572512279e-01 -4.203199311117870179e-02
-8.943050104544265633e-01 4.454177144482822648e-01 -4.268043608809164030e-02
-8.963513490018077956e-01 4.411595754784893852e-01 -4.396020702945065833e-02
-9.012122728598473964e-01 4.310484520229334038e-01 -4.487407969227408949e-02
-9.035325442186641354e-01 4.259775492393423901e-01 -4.660558890040827212e-02
-9.068617622037707937e-01 4.188956699144109064e-01 -4.613213418650175673e-02
-9.086759175518024367e-01 4.146600881369013059e-01 -4.863229430488011373e-02
-9.111390766024116683e-01 4.091815865658970930e-01 -4.894920015468477714e-02
-9.154782661233977770e-01 3.994165089206898056e-01 -4.864163369657590469e-02
-9.196631379393240824e-01 3.896684134003639000e-01 -4.876732702789923768e-02
-9.241095368899248097e-01 3.788333625496151935e-01 -5.006854657694985444e-02
-9.264758722791207601e-01 3.726784801053802942e-01 -5.247114205812641874e-02
-9.303618885561780738e-01 3.628229544612267543e-01 -5.278515177000180775e-02
-9.347454828855212838e-01 3.510221477605059426e-01 -5.508490087942739116e-02
-9.376374702557076501e-01 3.428480459829981730e-01 -5.736901812300075620e-02
-9.396747380529275606e-01 3.364945126191133395e-01 -6.150481514890693280e-02
-9.432652807118552252e-01 3.265718869271420632e-01 -6.001187792619047667e-02
-9.477970176021655035e-01 3.139161620098416261e-01 -5.601311523503905293e-02
-9.513278330903984781e-01 3.036339583939632880e-01 -5.274263560921600702e-02
-9.537241363067274769e-01 2.959235021518756281e-01 -5.328756900207836517e-02
-9.541334910153480564e-01 2.941171865154560972e-01 -5.589610224909634384e-02
-9.547484561814506554e-01 2.924957981933066220e-01 -5.386655531214790821e-02
-9.576670791151684625e-01 2.831475370246218093e-01 -5.197355170636021315e-02
-9.588701774270619316e-01 2.785689260889923080e-01 -5.447337461892443056e-02
-9.615718540648167112e-01 2.689307028336994643e-01 -5.527982333422516714e-02
-9.646019759030176610e-01 2.576399350265135557e-01 -5.625570501806321372e-02
-9.656263752025028291e-01 2.536088694240727359e-01 -5.699348428662037030e-02
-9.684115890112913183e-01 2.429853003724464222e-01 -5.601027050161005993e-02
-9.712559466283247067e-01 2.317762280685115028e-01 -5.423724294524129297e-02
-9.732251757287984084e-01 2.236315291423477403e-01 -5.311975850123758225e-02
-9.747382177655278257e-01 2.173511780892442846e-01 -5.141871672626136675e-02
-9.756988708157529055e-01 2.123264832465006080e-01 -5.412199380797368814e-02
-9.759190765970385817e-01 2.122999018947174243e-01 -5.010708346562618015e-02
-9.779636078378386443e-01 2.013058409497797685e-01 -5.534575643476576795e-02
-9.792914984605466389e-01 1.948181682729602238e-01 -5.508225626771062755e-02
-9.806770834797946534e-01 1.867158723990316738e-01 -5.839224034085185866e-02
-9.823686947814121995e-01 1.760974258036317464e-01 -6.278102545712301030e-02
-9.838496131562440850e-01 1.669181675650576180e-01 -6.463959470330708779e-02
-9.850638481919278266e-01 1.593646367124482710e-01 -6.520844074458230499e-02
-9.869548809445012338e-01 1.469889654225605413e-01 -6.568348543633972803e-02
-9.880189445242663071e-01 1.404648081048914809e-01 -6.393915935695816677e-02
-9.890193428795128749e-01 1.358732735704000494e-01 -5.813093826197617692e-02
-9.901969719719522223e-01 1.264550247118139403e-01 -5.932197368652079861e-02
-9.913013796295619962e-01 1.160938949967726536e-01 -6.199835221296063487e-02
-9.920902760193289760e-01 1.094031359568173878e-01 -6.154552334967156035e-02
-9.934764711694648032e-01 9.799500773603415926e-02 -5.832231838676573549e-02
-9.940328681377984532e-01 9.136123074136492939e-02 -5.959694402093022869e-02
-9.951706933517422415e-01 7.958595353738519285e-02 -5.745763762232158206e-02
-9.958593106324837851e-01 6.884901233315493529e-02 -5.936379525348466080e-02
-9.962215331647188421e-01 6.071540196920546806e-02 -6.209919662594123868e-02
-9.962612798219715460e-01 5.383006831185510599e-02 -6.757070178765516022e-02
-9.971033674004543546e-01 3.807421885828628227e-02 -6.584255588123506808e-02
-9.975553517253530345e-01 3.541433441127135595e-02 -6.024249927443657560e-02
-9.979659555786734026e-01 2.499842657089478004e-02 -5.864335925978992475e-02
-9.986531145542740795e-01 1.637153274958846536e-02 -4.923355588496960977e-02
-9.987830513523648923e-01 6.575682541147404025e-03 -4.887934159312654764e-02
-9.987683419770977400e-01 -1.807666710727530088e-03 -4.958371462120631651e-02
-9.988509056145122855e-01 -1.300980225170685588e-02 -4.612620033268127057e-02
-9.986210576687233331e-01 -2.216727901372131382e-02 -4.758789727139457054e-02
-9.984781404137963445e-01 -2.924109025028553271e-02 -4.675868655750185787e-02
-9.979227785709700038e-01 -3.783672507114176076e-02 -5.213946069757054158e-02
-9.977947182413963167e-01 -3.914416872576286649e-02 -5.360454683477204607e-02
-9.976299170692326523e-01 -4.643519424856940025e-02 -5.077730066260537078e-02
-9.968481256068560947e-01 -5.971569740886832622e-02 -5.222894846126295565e-02
-9.966440895971045988e-01 -6.649764820763186257e-02 -4.773504267492706399e-02
-9.966995385789043649e-01 -6.978886934213432425e-02 -4.146753179773387393e-02
-9.963132832227687974e-01 -7.352705923310977332e-02 -4.419984128784101157e-02
-9.957335651202370297e-01 -8.147759360572848220e-02 -4.331375909294978704e-02
-9.953992265070225054e-01 -8.617739087668777054e-02 -4.187898987663321582e-02
-9.952483545859311942e-01 -8.910049259857913406e-02 -3.926611108384571447e-02
-9.947534772213728615e-01 -9.640783663639335144e-02 -3.422076642205400254e-02
-9.937881303940998556e-01 -1.057829025611129597e-01 -3.457082149189397852e-02
-9.934094339724033329e-01 -1.097266751453049582e-01 -3.313254438952242115e-02
-9.929540948284157897e-01 -1.131320168127428610e-01 -3.526080872996616156e-02
-9.921063551007194281e-01 -1.196672371401841517e-01 -3.747992594612903350e-02
-9.910272973159696130e-01 -1.271807016460155815e-01 -4.110933760080616450e-02
-9.902961012349512648e-01 -1.313197231933918019e-01 -4.548378715463977789e-02
-9.893779953686564488e-01 -1.377595102766926705e-01 -4.640595190555166921e-02
-9.885142821787586964e-01 -1.441512400920157699e-01 -4.538663486941279385e-02
-9.878155663070611325e-01 -1.499626974784138422e-01 -4.161260563455033978e-02
-9.880867678036725499e-01 -1.496205359706200555e-01 -3.603119707862946497e-02
-9.884079538612474680e-01 -1.484285214943916464e-01 -3.191713412918591175e-02
-9.878169860305247019e-01 -1.529281738596025841e-01 -2.881993061988482804e-02
-9.864329175780217618e-01 -1.614556428997904747e-01 -2.970163607450596391e-02
-9.859640964129824381e-01 -1.641820226686495632e-01 -3.031627812084504783e-02
-9.851226317269576871e-01 -1.695034226772153541e-01 -2.831965383739822734e-02
-9.841053387461936586e-01 -1.751415244224435452e-01 -2.936224341967820853e-02
-9.836443649180880433e-01 -1.780446368749995789e-01 -2.727422405368548977e-02
-9.838620321990119155e-01 -1.774638003355056559e-01 -2.284981072723742471e-02
-9.842696003067066268e-01 -1.747043060466764441e-01 -2.630155858533492902e-02
-9.831597325812956312e-01 -1.803809484739218039e-01 -2.932006737008115496e-02
-9.821478943141216389e-01 -1.860113945946773317e-01 -2.802298031113305971e-02
-9.808367978614549454e-01 -1.927284870624275392e-01 -2.854678421729271720e-02
-9.795604228844034811e-01 -1.989671864609781626e-01 -2.955417614545236688e-02
-9.788746342963919878e-01 -2.019260248505330979e-01 -3.209896525889187335e-02
-9.778340450530284000e-01 -2.059261658426058128e-01 -3.788149249871367724e-02
-9.773246745058641327e-01 -2.091562352777179834e-01 -3.301761090438641577e-02
-9.769710836252891717e-01 -2.109845470402725576e-01 -3.182821766563212473e-02
-9.743431118270716729e-01 -2.231678456953374301e-01 -2.918262489777452562e-02
-9.736782472303605607e-01 -2.261788971720185004e-01 -2.817427632092370238e-02
-9.737736282643537633e-01 -2.256654512603700202e-01 -2.898340049071110314e-02
-9.715776372981637099e-01 -2.349806408470612729e-01 -2.865319570750769762e-02
-9.700386491716388448e-01 -2.415513611092949819e-01 -2.603788569337289749e-02
-9.691609732485175766e-01 -2.453142268424202688e-01 -2.340834109065533658e-02
-9.674200298256580011e-01 -2.517987170157051091e-01 -2.638000336325613607e-02
-9.663616820291285325e-01 -2.560142014628202234e-01 -2.453244105212234322e-02
-9.658564191220652129e-01 -2.583013926078761013e-01 -2.004446624397814361e-02
-9.647408216675112946e-01 -2.626660522211424209e-01 -1.678405112463034546e-02
-9.638535452629478639e-01 -2.661667984028906475e-01 -1.189920039319947859e-02
-9.612244885311428400e-01 -2.755075096610651308e-01 -1.196273497532195085e-02
-9.600692115686725314e-01 -2.796499679850101283e-01 -7.938298904080313967e-03
-9.582511193114130466e-01 -2.858680346257948535e-01 -5.854162937651503744e-03
-9.578258194769909695e-01 -2.873488455624422233e-01 -5.938261426353961051e-04
-9.588172386719423512e-01 -2.840237336017515379e-01 1.836317847836893861e-04
-9.579915842360562372e-01 -2.866985579687871821e-01 7.488220738548993956e-03
-9.594535032421886989e-01 -2.818290980317237904e-01 4.620234878558230479e-03
-9.582570802247460939e-01 -2.857983895067356395e-01 7.915848389193898965e-03
-9.604734070912605004e-01 -2.781221794053204688e-01 1.178556834077298943e-02
-9.610865242431146926e-01 -2.758884733211878770e-01 1.408031538856184886e-02
-9.627107979046839459e-01 -2.699584475145621609e-01 1.761727769867588514e-02
-9.633563611970366036e-01 -2.676950102399143772e-01 1.684978018195552874e-02
-9.644537119697410565e-01 -2.637233016507158356e-01 1.670538505274630700e-02
-9.655399374639576093e-01 -2.594831775587460587e-01 2.002803270967221105e-02
-9.672862820152231533e-01 -2.527819850543597813e-01 2.141329230329672151e-02
-9.699797567883304827e-01 -2.417961999205963386e-01 2.595923139064763158e-02
-9.708122358927824269e-01 -2.384819102894686071e-01 2.549497349788720779e-02
-9.712315888748433990e-01 -2.369040852954899801e-01 2.420057236015175917e-02
-9.713405178394443062e-01 -2.365306316488957616e-01 2.347064667591106796e-02
-9.717994807082097619e-01 -2.347974904338559488e-01 2.181559831516474354e-02
-9.717483390764397599e-01 -2.349521258549696900e-01 2.242045064472572916e-02
-9.725130317809600466e-01 -2.313493659386033907e-01 2.637966144802782881e-02
-9.734332387379357465e-01 -2.276002848493754172e-01 2.501704701991604857e-02
-9.739327859982456204e-01 -2.255809996722268895e-01 2.383597096723304859e-02
-9.747699000246883294e-01 -2.217680271772924094e-01 2.534949192763726392e-02
-9.758960739071675938e-01 -2.168123266000518412e-01 2.488534834186625216e-02
-9.769075133541542666e-01 -2.120369180769836326e-01 2.630719246174774081e-02
-9.786837048364378511e-01 -2.028966099710603765e-01 3.179912563804712655e-02
-9.791256527021318101e-01 -2.010931057774911213e-01 2.957248459479599675e-02
-9.807917635272965784e-01 -1.926648461861019401e-01 3.045958738516367156e-02
-9.815045983369595772e-01 -1.886837864787911101e-01 3.235992929866719769e-02
-9.821050764377713405e-01 -1.861025918673654966e-01 2.890427230621251536e-02
-9.821907773487381643e-01 -1.857209529966740158e-01 2.844322996802378309e-02
-9.837492139196873930e-01 -1.772805691533521910e-01 2.844462576641211549e-02
-9.845705695169789662e-01 -1.716171502143206407e-01 3.418128919839505397e-02
-9.849930752378075471e-01 -1.694330672113621705e-01 3.287994214313864905e-02
-9.866595325611140499e-01 -1.589838298545259154e-01 3.503030235747128796e-02
-9.870110988504812166e-01 -1.566332622535750452e-01 3.570889723496176865e-02
-9.875701333424516948e-01 -1.520893276226427671e-01 3.967469757694925409e-02
-9.887180759534034413e-01 -1.443226936096577984e-01 4.009413766750212493e-02
-9.894751153273012578e-01 -1.373683884919051357e-01 4.548555687035827494e-02
-9.903530688562506290e-01 -1.322041890601580449e-01 4.150741052448633783e-02
-9.910842908521219075e-01 -1.266411943842917776e-01 4.139987966483295312e-02
-9.917469041577764433e-01 -1.224675622704879951e-01 3.794453726095229490e-02
-9.917482739978096262e-01 -1.229103215343711059e-01 3.644759951977613599e-02
-9.920433713564728029e-01 -1.187503930641179845e-01 4.181276437758926073e-02
-9.934335444301649609e-01 -1.051476739789033721e-01 4.509737740170199904e-02
-9.936067027120966122e-01 -1.056946245953185037e-01 3.967846629969620093e-02
-9.942338499995365675e-01 -9.974910605599737745e-02 3.935964151944693762e-02
-9.945038102445803441e-01 -9.561097997488056388e-02 4.266996548350117380e-02
-9.950676960428791462e-01 -8.845317804679207752e-02 4.490356048268941830e-02
-9.953488242469251679e-01 -8.312666249597350232e-02 4.868973603640098374e-02
-9.961144209694597906e-01 -7.138933106043264532e-02 5.157167904927185964e-02
-9.965261344517930553e-01 -6.277438707718188682e-02 5.472708679321774267e-02
-9.968696897124259548e-01 -5.427200589918239337e-02 5.749248367703070628e-02
-9.969901277894945846e-01 -4.668648724415831730e-02 6.189565293313078337e-02
-9.973312027596568097e-01 -3.960533792917989709e-02 6.133436271576642868e-02
-9.973703017143569216e-01 -2.893166636158119032e-02 6.644889120830142770e-02
-9.976078123939569053e-01 -1.873150322433204951e-02 6.654170607301967966e-02
-9.976179738077511905e-01 -6.897014941183188599e-03 6.863544962684559048e-02
-9.978348326442967320e-01 2.760258843415607996e-03 6.571181731698863548e-02
-9.978601081387443728e-01 1.526535958235209281e-02 6.357820729351389144e-02
-9.974259958144950922e-01 2.873802769103919741e-02 6.569264588041039132e-02
-9.971331556332492241e-01 3.425723934824558697e-02 6.746796727039378050e-02
-9.967714295918701506e-01 4.026102986436883718e-02 6.946784710277528752e-02
-9.967196868129335474e-01 4.660086196664169067e-02 6.616827439451508641e-02
-9.965029167063016446e-01 5.386935156905495875e-02 6.387522864593354888e-02
-9.958192351627287442e-01 6.379809171814787572e-02 6.537483715033606813e-02
-9.947042246933259779e-01 7.793543302356847891e-02 6.700439375116321039e-02
-9.943640213214329782e-01 8.447213814803478105e-02 6.406766818535489239e-02
-9.937774312885109262e-01 8.928368305989628495e-02 6.659471606658198817e-02
-9.926987822618457136e-01 9.871927664251334278e-02 6.930835051020167725e-02
-9.920235439169229341e-01 1.073425858403631028e-01 6.608231881182086154e-02
-9.909447889819754662e-01 1.151504769364243286e-01 6.905655794565135341e-02
-9.892694634591857605e-01 1.280314857224804925e-01 7.038382501311060691e-02
-9.882218542860207178e-01 1.372457747891425162e-01 6.768441018610255044e-02
-9.878124359534781185e-01 1.414361198157357558e-01 6.498023273449360371e-02
-9.863363803847915445e-01 1.509785004318878743e-01 6.592459644484920112e-02
-9.845448786604148461e-01 1.625260839707076410e-01 6.524315424645303618e-02
-9.828885461882067576e-01 1.726558680230459719e-01 6.418778784231431167e-02
-9.815184519827491183e-01 1.813498929189480136e-01 6.110449856968452886e-02
-9.798229879593032265e-01 1.900123258378767777e-01 6.198583160424028793e-02
-9.782478621651630180e-01 1.975056209099233517e-01 6.342448209418766192e-02
-9.762164960502843769e-01 2.099806381745508155e-01 5.393977665223808476e-02
-9.757208062616360422e-01 2.144857872066176507e-01 4.432572855726038541e-02
-9.751135891769717734e-01 2.168826166036624536e-01 4.599384477216257594e-02
-9.726122088418422962e-01 2.270340526995981156e-01 4.981009182501791588e-02
-9.714239419627722638e-01 2.324924772750234792e-01 4.777853077157010603e-02
-9.695287869357305244e-01 2.401531381136512988e-01 4.837785244752274005e-02
-9.682382559717986892e-01 2.469437910481584453e-01 3.915940119902527883e-02
-9.660550993640002471e-01 2.556684134513166340e-01 3.703001916122385107e-02
-9.639313797930769701e-01 2.638279759983971351e-01 3.508716332570788188e-02
-9.626423673386826918e-01 2.687955434581197345e-01 3.269010950232725810e-02
-9.608866923370860125e-01 2.754840553590962027e-01 2.837806430673664448e-02
-9.597720872718423779e-01 2.793604360491875327e-01 2.820110034525711434e-02
-9.598367519147769089e-01 2.792842601325237761e-01 2.671566048651359201e-02
-9.572773126231458596e-01 2.880678194620088783e-01 2.524069652208503142e-02
-9.562140127046080407e-01 2.917778468971206074e-01 2.281369258676841857e-02
-9.562451591695815267e-01 2.919642514674740674e-01 1.876395610765391186e-02
-9.571698222825542057e-01 2.892074687313785919e-01 1.360095657496771318e-02
-9.562455576313363403e-01 2.924411194341749454e-01 8.522897687907367986e-03
-9.554614144540362064e-01 2.950904219928869310e-01 3.891393194658262535e-03
-9.537177355805379619e-01 3.007026646716927654e-01 -6.347013559713432160e-04
-9.525804417163398208e-01 3.042865072306878971e-01 -4.879805986448868633e-04
-9.531603964940005280e-01 3.024509953066273349e-01 2.944241668892812018e-03
-9.523286137811192154e-01 3.050507181710751525e-01 -3.779585074117942922e-03
-9.515488062346367792e-01 3.074889720444326513e-01 -2.327225171041245010e-03
-9.520758616907477601e-01 3.057707012937834756e-01 -7.473051170828044938e-03
-9.525511779983880656e-01 3.040818915741063111e-01 -1.343396115028495583e-02
-9.528471641331036635e-01 3.030811094976825215e-01 -1.497122822544924049e-02
-9.551487538739105165e-01 2.956972552406751387e-01 -1.593756806488952002e-02
-9.559600784194244305e-01 2.930600063594659965e-01 -1.600549909432510617e-02
-9.558918142701791076e-01 2.929681405261317928e-01 -2.098863833481689339e-02
-9.561963169256912920e-01 2.919904344229193871e-01 -2.074137393940318069e-02
-9.580227616227169340e-01 2.855264121366403174e-01 -2.582772493220175311e-02
-9.593669877039460170e-01 2.814185050871489957e-01 -2.046028092828171968e-02
-9.596493625158777352e-01 2.802845967138146155e-01 -2.266409241800239685e-02
-9.608509777192543178e-01 2.761482061877031380e-01 -2.252958166119841538e-02
-9.616329583260780911e-01 2.735475961412248691e-01 -2.082741695007567923e-02
-9.626020481362487224e-01 2.698863926493911269e-01 -2.363572008296683721e-02
-9.638439019027718047e-01 2.653634039582380422e-01 -2.423245536445687437e-02
-9.649196969510398514e-01 2.612632469930649681e-01 -2.591350072215460598e-02
-9.649688353782233108e-01 2.609229588530947441e-01 -2.746582625604491665e-02
-9.651120712587549777e-01 2.605985124588418023e-01 -2.543856385414067570e-02
-9.670013773476451302e-01 2.532535663859699637e-01 -2.776657530088035702e-02
-9.678717703041157527e-01 2.499350292878271262e-01 -2.750877608137386812e-02
-9.692394164112744237e-01 2.443319506311449618e-01 -2.961193944273389500e-02
-9.703291797754933778e-01 2.400383112368691396e-01 -2.903286729591667351e-02
-9.705543003457395290e-01 2.389521870851487595e-01 -3.043382576754003616e-02
-9.725192045174382294e-01 2.313373306613191460e-01 -2.625740910443020298e-02
-9.730811619721904115e-01 2.291505349809339065e-01 -2.455808980300704797e-02
-9.742288564651204741e-01 2.245089890156676815e-01 -2.176842515560705946e-02
-9.760997416919094949e-01 2.163482222981080449e-01 -2.056103495761101019e-02
-9.765806677059040153e-01 2.132124461497883483e-01 -2.882130503064335783e-02
-9.769578733427839445e-01 2.112097577403716786e-01 -3.072079642743572384e-02
-9.772781847074550887e-01 2.097444722161337094e-01 -3.057157916713405116e-02
-9.778549142598700339e-01 2.070494759964293108e-01 -3.050076276522839178e-02
-9.772765320807617062e-01 2.087333359851514247e-01 -3.689159338843007313e-02
-9.791637729369910836e-01 1.999536259047698938e-01 -3.545234215430164565e-02
-9.793311859192151969e-01 1.981846511559212931e-01 -4.041395475758750161e-02
-9.793108565125334675e-01 1.980838412969901097e-01 -4.138905099298939572e-02
-9.802957250716238802e-01 1.931872124995102913e-01 -4.121902157738824291e-02
-9.810635633726050298e-01 1.892678358089149859e-01 -4.113376173846446104e-02
-9.827125856182121755e-01 1.803055669943895434e-01 -4.202251791577218260e-02
-9.828622660388319776e-01 1.798015916901862243e-01 -4.065918169809643046e-02
-9.837843891313388101e-01 1.753193256747241635e-01 -3.783417947678258120e-02
-9.848726923780618536e-01 1.683213170794514157e-01 -4.115494564543729222e-02
-9.866075432110080756e-01 1.571245680305048964e-01 -4.378859928382706351e-02
-9.871893768015100878e-01 1.534220504269099006e-01 -4.380438791446458063e-02
-9.874480345848698493e-01 1.519524088349591406e-01 -4.309129910213202463e-02
-9.877570922396208264e-01 1.499633768904146125e-01 -4.297589947197199417e-02
-9.889458363101423233e-01 1.415334706798769826e-01 -4.420888147051479228e-02
-9.902630602997448683e-01 1.311096492500169464e-01 -4.679045918088738099e-02
-9.911404911422692088e-01 1.266307903099989085e-01 -4.006476418174900050e-02
-9.927124007484602330e-01 1.128277462507967788e-01 -4.233207829303285014e-02
-9.933918872712274029e-01 1.053559965086701272e-01 -4.552678522770305797e-02
-9.945154091376540162e-01 9.593067358053228300e-02 -4.167040326262864275e-02
-9.953000724723792825e-01 8.591414971576800952e-02 -4.468266453838343200e-02
-9.955989113374126287e-01 8.217939924904901772e-02 -4.504852924086930749e-02
-9.960589326336267701e-01 7.860905867472248176e-02 -4.107595850128988035e-02
-9.970862678091010345e-01 6.887120018894736517e-02 -3.279859253531559882e-02
-9.972128830761222140e-01 6.453380448394838154e-02 -3.744154739392693831e-02
-9.973225663692525389e-01 6.203962276589451708e-02 -3.871433061887560173e-02
-9.973469543671910076e-01 5.781772727822385993e-02 -4.422870948777998801e-02
-9.979090523731745099e-01 4.785126055420937941e-02 -4.344877098384015285e-02
-9.980519308669552059e-01 4.210125412068180945e-02 -4.604175787843135803e-02
-9.983589730083056724e-01 3.806434379050355199e-02 -4.278413769107504427e-02
-9.986033087578406464e-01 3.287310110406912317e-02 -4.136189801543589672e-02
-9.990374498866514408e-01 2.138854275456160067e-02 -3.829777164661265360e-02
-9.992463028916225287e-01 1.822073026514693661e-02 -3.427603238741418895e-02
-9.993144531523153740e-01 1.130675823122620320e-02 -3.525331506256365599e-02
-9.993670677973532923e-01 3.913238118505792291e-03 -3.535768171321905518e-02
-9.991840101047884115e-01 -4.906289830612664028e-03 -4.009061901474945261e-02
-9.991157051126049460e-01 -8.345724355559570179e-03 -4.120888459607680021e-02
-9.990656622400785336e-01 -1.674849893067859724e-02 -3.984100525697807649e-02
-9.988243993849497127e-01 -2.477548165629765015e-02 -4.166545466598441105e-02
-9.986583903118069205e-01 -2.833324823053278221e-02 -4.334353439682939180e-02
-9.985960654312743268e-01 -2.753968016910638208e-02 -4.524908388739792148e-02
-9.986891852530556113e-01 -3.261916139461443209e-02 -3.944511306257891814e-02
-9.988205311301020517e-01 -3.267439908904123946e-02 -3.591581298696785995e-02
-9.986866115451040748e-01 -3.707888994715662079e-02 -3.535849562336135232e-02
-9.982114675954331107e-01 -4.654127314029606749e-02 -3.752054598483423042e-02
-9.974805481277798647e-01 -5.798974954299181139e-02 -4.086270620888299981e-02
-9.974037253559987493e-01 -6.253034522928460626e-02 -3.571806670205444206e-02
-9.965787772043982473e-01 -7.279146387664002515e-02 -3.914280836347538289e-02
-9.962436531134635231e-01 -7.556726597015629709e-02 -4.228697007826761473e-02
-9.959861602621525867e-01 -7.899864400684063204e-02 -4.208085908263255182e-02
-9.951494118715437098e-01 -9.017828013682521737e-02 -3.931337516289817868e-02
-9.944165341111342871e-01 -1.004001012766915085e-01 -3.248986871212174166e-02
-9.938817817003524624e-01 -1.060017030450556702e-01 -3.102673285555270638e-02
-9.933879246735779489e-01 -1.108937608286667681e-01 -2.971565364273260137e-02
-9.934095511075172746e-01 -1.115043235122777365e-01 -2.653798686183862082e-02
-9.931247674671098702e-01 -1.138862964923397642e-01 -2.707624171927614301e-02
-9.930785865036151350e-01 -1.150542813338620574e-01 -2.361034724795103151e-02
-9.925211169089729335e-01 -1.202283376842510770e-01 -2.114224155646991787e-02
-9.923023291471356755e-01 -1.221911465530337720e-01 -2.013520128581995292e-02
-9.924330842116758644e-01 -1.207974552395939677e-01 -2.201279632380202453e-02
-9.922620541982558606e-01 -1.215373472887490147e-01 -2.539102326682996652e-02
-9.912855466923050640e-01 -1.292140982549617179e-01 -2.562609581635671291e-02
-9.907235668736025236e-01 -1.335876722114650861e-01 -2.492314031731455645e-02
-9.901271787775236533e-01 -1.374912471500571443e-01 -2.728262976137898338e-02
-9.900268552222285523e-01 -1.382187257368845401e-01 -2.724747470489862280e-02
-9.893641932376775472e-01 -1.430941253175985473e-01 -2.612622149809100056e-02
-9.882822500504908625e-01 -1.503653396472318937e-01 -2.623878584954662807e-02
-9.871044107851987270e-01 -1.578185240414637092e-01 -2.679945406889271825e-02
-9.865886681013155135e-01 -1.618185998140553306e-01 -2.139055012567901704e-02
-9.859333420167372131e-01 -1.665950412079443832e-01 -1.347413086077199965e-02
-9.860532494008542592e-01 -1.661105486742657233e-01 -1.030969649932955701e-02
-9.870965125641771865e-01 -1.599280568839658023e-01 -7.969092067056104262e-03
-9.874130555220184124e-01 -1.581375433036343037e-01 -2.826689138026524523e-03
-9.870394128663352307e-01 -1.604707012354847639e-01 -1.538330223559055679e-03
-9.874083983763266570e-01 -1.581226354001809831e-01 4.679967509510047155e-03
-9.875884837602832977e-01 -1.567235554697282152e-01 1.033097591273382694e-02
-9.877050301478426109e-01 -1.556250545645164185e-01 1.481995377753851997e-02
-9.873729745274448799e-01 -1.575260722856959839e-01 1.673800791329431437e-02
-9.876269343380605914e-01 -1.555276744136419864e-01 2.010463369138971654e-02
-9.885802530079245143e-01 -1.487657339442477467e-01 2.403861841201512459e-02
-9.889041879397502122e-01 -1.463979015996335897e-01 2.522254742090487833e-02
-9.891241496179413728e-01 -1.444427831890134906e-01 2.774372883239502319e-02
-9.900260168827607066e-01 -1.381622878841687052e-01 2.756235763018251295e-02
-9.907935608496868385e-01 -1.326092873728454691e-01 2.725641438657442489e-02
-9.909828402201219522e-01 -1.304250061421939333e-01 3.069761686371166864e-02
-9.919117876842328263e-01 -1.226343445376997243e-01 3.273894708908559048e-02
-9.926282499787665303e-01 -1.164336519447793095e-01 3.365082104019583714e-02
-9.935391917613829449e-01 -1.065912912587397843e-01 3.896392114935076645e-02
-9.932069314046976238e-01 -1.089712241861495179e-01 4.080783949627393714e-02
-9.940019311680534653e-01 -1.014389842448249063e-01 4.086941849482833566e-02
-9.940490633556777755e-01 -1.003297655922398279e-01 4.243128382496171719e-02
-9.949792363366668502e-01 -8.897603960103110665e-02 4.582139398178976947e-02
-9.959303470881766263e-01 -7.805020533848044950e-02 4.506579265069002999e-02
-9.966528406155397146e-01 -6.787976503344371471e-02 4.555731873338567106e-02
-9.969659993465013192e-01 -5.922641225063748904e-02 5.050786834514056634e-02
-9.977312682074322980e-01 -4.185817335188123101e-02 5.272785387999914114e-02
-9.981674308272939777e-01 -3.273493266181679018e-02 5.089421319600246491e-02
-9.983185069940991863e-01 -3.097600780380388094e-02 4.899655322493254306e-02
-9.984793162610661188e-01 -2.491071327678699709e-02 4.917853260894350376e-02
-9.986564414832654890e-01 -1.924744070638443466e-02 4.811303921834316627e-02
-9.988877233283726120e-01 -7.175037609018858342e-03 4.660312751376773088e-02
-9.991998259831190721e-01 5.535638174914555773e-04 3.999272153544344843e-02
-9.993222542750794801e-01 6.235558491697499976e-03 3.627900585002514361e-02
-9.990832043255528649e-01 1.120410976058414804e-02 4.131870518803153203e-02
-9.989631816919011253e-01 2.020123407188085390e-02 4.079814197522632635e-02
-9.989941804844183482e-01 2.725528705569444862e-02 3.560608108860432303e-02
-9.988114569561509226e-01 3.220428531394081695e-02 3.658652510744174469e-02
-9.984220916529803480e-01 3.904434864729922766e-02 4.035941440239573796e-02
-9.983018238710527070e-01 4.293438775105946903e-02 3.937160612500924944e-02
-9.979412599944826878e-01 4.974061782177020830e-02 4.048616021350779498e-02
-9.977559245281346634e-01 5.451903381716659974e-02 3.886909597113236831e-02
-9.976540605564656605e-01 5.696519182506189216e-02 3.796523365399486621e-02
-9.978207098205978953e-01 5.509573601564356909e-02 3.630850491480416137e-02
-9.972120050978046102e-01 6.219595493023091781e-02 4.122981045922517740e-02
-9.965282979229275195e-01 7.323235685114687366e-02 3.960290973904323497e-02
-9.961885170252499089e-01 7.867764268464866317e-02 3.766011364347374851e-02
-9.954008344797669050e-01 8.754559875544210001e-02 3.889683818024283063e-02
-9.946574236092317056e-01 9.613558101541457013e-02 3.761086064246756816e-02
-9.938892765652626027e-01 1.048293446792512018e-01 3.456777833866924582e-02
-9.938068247999841676e-01 1.056698926296513602e-01 3.437856378333078999e-02
-9.933795341948782331e-01 1.112358011154076787e-01 2.870042336443066194e-02
-9.931357851779613055e-01 1.137538879746290837e-01 2.722832818085504578e-02
-9.924365977231628388e-01 1.195803866306327234e-01 2.775152853535451519e-02
-9.925409636013399206e-01 1.188501528081746111e-01 2.714946513824637725e-02
-9.923440706020286717e-01 1.211376822499258959e-01 2.406084245604048211e-02
-9.916283033483613840e-01 1.272034342696983511e-01 2.219483977196463897e-02
-9.911951353101086104e-01 1.301393579946498735e-01 2.441245427098521353e-02
-9.912395389837590498e-01 1.300806404130006311e-01 2.287400343306605216e-02
-9.906206688022713980e-01 1.345358421996639131e-01 2.389172254851235078e-02
-9.900882967581317029e-01 1.382732693435480831e-01 2.461065474733004077e-02
-9.895183981084465508e-01 1.421021110652668784e-01 2.569720961750882743e-02
-9.885458474892372394e-01 1.491567276896730854e-01 2.300857614126608844e-02
-9.881162275326066391e-01 1.517980581672150608e-01 2.415961537583539639e-02
-9.877315108163360335e-01 1.548090017732414447e-01 2.050980417178671633e-02
-9.869983920050915405e-01 1.599699032392742637e-01 1.561475682921520391e-02
-9.864821280356891320e-01 1.628740296867350057e-01 1.802991911669873937e-02
-9.862521926479492773e-01 1.650483636091172879e-01 8.103491153662257390e-03
-9.863043175618848579e-01 1.647702304270271534e-01 7.387877080310771213e-03
-9.867398811264697089e-01 1.623050163416829006e-01 1.226874523155352566e-03
-9.864809251962797232e-01 1.637564615653302191e-01 6.262760308559061143e-03
-9.851974084336601045e-01 1.712061333951560294e-01 8.633828466587690001e-03
-9.845158769526630715e-01 1.750916737704197590e-01 8.450472681118459048e-03
-9.845793935026310173e-01 1.748188105764420519e-01 6.466687672173498762e-03
-9.840927007373165836e-01 1.776056765243482494e-01 4.218611268417216988e-03
-9.841309681728549474e-01 1.774395162629665845e-01 -1.213361067093729484e-03
-9.847950855534525205e-01 1.736331474748560311e-01 -5.494215476575571751e-03
-9.854021035938032025e-01 1.696283648977498226e-01 -1.445438273631195758e-02
-9.865444485639961458e-01 1.632026347163262059e-01 -9.745151500342271594e-03
-9.870151275610195007e-01 1.601654737196974709e-01 -1.217275657336480341e-02
-9.877931823770177422e-01 1.555893349440316820e-01 -7.523611883389436615e-03
-9.883524593840495864e-01 1.519299011592429582e-01 -8.760035243427864021e-03
-9.883440674106082069e-01 1.515712624965414035e-01 -1.421878660434592115e-02
-9.887381761980998940e-01 1.491193188035112582e-01 -1.265957220413032464e-02
-9.890117164958354135e-01 1.469396996673733302e-01 -1.626549872734653693e-02
-9.897745017311394555e-01 1.421664775126332270e-01 -1.162520573473177846e-02
-9.910200939460804825e-01 1.332907497259560037e-01 -1.061915157296090297e-02
-9.908471509428111723e-01 1.344602295937814551e-01 -1.193260520387155570e-02
-9.918308033831598758e-01 1.269981094917553566e-01 -1.196472259643876351e-02
-9.918950775465130709e-01 1.264068610216441679e-01 -1.286380850803018477e-02
-9.918598182578838296e-01 1.262165330917005557e-01 -1.683759674225532993e-02
-9.926803466353945060e-01 1.190312199136033672e-01 -2.042829157352874306e-02
-9.929159034717908172e-01 1.173618722273040982e-01 -1.855307454492003197e-02
-9.930677397863374445e-01 1.160312813659812869e-01 -1.879422619031145131e-02
-9.933596010075412819e-01 1.137116860491659970e-01 -1.750350031395743466e-02
-9.936929098463416210e-01 1.095868210803511711e-01 -2.377281533250563683e-02
-9.946211137515117429e-01 1.015273807422034935e-01 -2.051945750051180004e-02
-9.947802296965022606e-01 9.948993863259102122e-02 -2.267297608932128047e-02
-9.950086078245606869e-01 9.701272758441854827e-02 -2.337558937680567911e-02
-9.951072012052187832e-01 9.561067054594780956e-02 -2.490531955515480622e-02
-9.950745014171296088e-01 9.404339272966612262e-02 -3.134635812793227366e-02
-9.956365823935665604e-01 8.764042208505540277e-02 -3.204636503558169758e-02
-9.955890609348736486e-01 8.727486366171438581e-02 -3.443163119494546676e-02
-9.962336409305088125e-01 7.795254871177809131e-02 -3.797302162220270172e-02
-9.965809656965031182e-01 7.126539145917223927e-02 -4.180479095447819926e-02
-9.968225827851955323e-01 6.759136746020467934e-02 -4.214455190549403624e-02
-9.977194609733915920e-01 5.604129535128678230e-02 -3.762004539341052417e-02
-9.978910729310395133e-01 5.338369904937011884e-02 -3.692701768373856525e-02
-9.981679614001902623e-01 4.780486153566110286e-02 -3.708683653624121612e-02
-9.983827887574753257e-01 4.409751226716140254e-02 -3.587804212086763422e-02
-9.985645395508208066e-01 3.915827027894026174e-02 -3.654459774524947135e-02
-9.989060259033145650e-01 2.885526605052024865e-02 -3.679867468784726869e-02
-9.991424165292562831e-01 2.279775503414483567e-02 -3.456459451769322566e-02
-9.992080780670437035e-01 1.791401748634147140e-02 -3.552917236180583999e-02
-9.993645933890700217e-01 1.082470535891663643e-02 -3.395957215909723576e-02
-9.993869216259545496e-01 2.387609888690005872e-03 -3.492989434178878777e-02
-9.994380341466335693e-01 -2.302312106299426661e-03 -3.344147953218506997e-02
-9.995718071854761133e-01 -1.032490229785197784e-02 -2.737911015293484004e-02
-9.994947286905695449e-01 -1.603011246349728830e-02 -2.744703658236982355e-02
-9.991824179448426380e-01 -1.838587167097694222e-02 -3.600656462258513407e-02
-9.990599623652891559e-01 -2.584806053377830190e-02 -3.480066984705070671e-02
-9.989917828846632819e-01 -2.885243760024622239e-02 -3.439435741432975147e-02
-9.989860129522722954e-01 -3.345606941568611548e-02 -3.012730484492676108e-02
-9.989079076584238548e-01 -3.892366995665741403e-02 -2.584486616392284164e-02
-9.989052008867878030e-01 -4.179190135820693569e-02 -2.102031800258678113e-02
-9.986387662191562598e-01 -4.684198509601241595e-02 -2.294472214552767050e-02
-9.985715244639399302e-01 -4.651372096541609574e-02 -2.629451527683102433e-02
-9.984619355095989413e-01 -4.905981098112713323e-02 -2.582470762855114399e-02
-9.985270353316700875e-01 -4.940811857656716294e-02 -2.241907162711928581e-02
-9.979794017167310516e-01 -5.948530553404250687e-02 -2.233001140558860120e-02
-9.978401908312956037e-01 -6.340996931468431685e-02 -1.715070088792715330e-02
-9.977587400085230485e-01 -6.346484792798587349e-02 -2.120676824059191529e-02
-9.978350885358355793e-01 -6.262853594051152883e-02 -2.007037088720527857e-02
-9.978522501673350309e-01 -6.387740335489452970e-02 -1.451142321134794855e-02
-9.974378519899720352e-01 -6.976367798672576670e-02 -1.583597011121126719e-02
-9.969718987169341462e-01 -7.575048359559953537e-02 -1.757596978394594320e-02
-9.968094945070320456e-01 -7.732640448591890370e-02 -1.978575670348598631e-02
-9.966032248293881235e-01 -8.062512638275495802e-02 -1.678149366134917830e-02
-9.966236700120894021e-01 -8.023126862702628648e-02 -1.744193735352900926e-02
-9.962202954444969727e-01 -8.554103186162682892e-02 -1.509543101412989634e-02
-9.962062803379717613e-01 -8.667994540144224880e-02 -7.723424127610211895e-03
-9.961367986008563546e-01 -8.769287746387159632e-02 -4.631944872125560823e-03
-9.961934796143356863e-01 -8.677832517735883933e-02 -8.251706004250217510e-03
-9.962650402329886745e-01 -8.632395493918217089e-02 -2.040015623541572599e-03
-9.962150900610059479e-01 -8.679180025873581283e-02 -4.763927758987676793e-03
-9.961200118219863953e-01 -8.797092620449820100e-02 -2.460782798468895936e-03
-9.957148426889835813e-01 -9.247561947041495201e-02 -4.785921558722395011e-04
-9.960263947215765024e-01 -8.903979897888518458e-02 1.830980014731250789e-03
-9.963280672821879236e-01 -8.561111761356024474e-02 1.065900676794960837e-03
-9.961722819070003565e-01 -8.727110187968337152e-02 -4.955490621894385710e-03
-9.964117874567317568e-01 -8.455850907103254488e-02 -3.664116408876406505e-03
-9.962362344061915786e-01 -8.666241351891786071e-02 -1.734563007211978357e-03
-9.960320656921108906e-01 -8.899509779134184839e-02 1.184773726433027956e-04
-9.960566711770003634e-01 -8.869604079174951694e-02 -2.034087013526287256e-03
-9.965052144571082682e-01 -8.352670185996424745e-02 8.155654321579074162e-04
-9.968167080054263218e-01 -7.969082654837530977e-02 -2.416673854512382119e-03
-9.969303260748280104e-01 -7.827104873103388205e-02 1.893523009813274580e-03
-9.972260371523665734e-01 -7.430945046366344009e-02 4.284161341921424206e-03
-9.971669120996270452e-01 -7.519098406724025740e-02 2.117304970834626206e-03
-9.970476677782731389e-01 -7.643605445686005306e-02 7.314054616148778221e-03
-9.970450271174273738e-01 -7.626105706753213975e-02 9.245686512882074840e-03
-9.970911268058562094e-01 -7.424953157427846562e-02 1.721365015927325132e-02
-9.971654893385230034e-01 -7.163554015156801957e-02 2.300769829777885023e-02
-9.974160024054747886e-01 -6.881045776663904934e-02 2.065083383859559266e-02
-9.977104973920830622e-01 -6.404049249155792378e-02 2.173928747286976715e-02
-9.976834579398121683e-01 -6.400069869683769341e-02 2.305745489516159569e-02
-9.980652306267393525e-01 -5.675308711133565664e-02 2.539489120060571883e-02
-9.979464168934587542e-01 -5.547572838617034763e-02 3.202203411451177290e-02
-9.983058011984999869e-01 -4.832009655961629763e-02 3.241471400474821296e-02
-9.984350226761119496e-01 -4.174511452129123223e-02 3.721382833867470374e-02
-9.988388138005495076e-01 -3.390291726906711350e-02 3.422914270134440329e-02
-9.989174159984167689e-01 -2.819128549608020812e-02 3.700358782206680103e-02
-9.991813102988956752e-01 -2.264371747669031293e-02 3.352594697786171613e-02
-9.991536393000286509e-01 -2.354314533460215297e-02 3.373045051964961016e-02
-9.991995759023190038e-01 -2.019703011992176819e-02 3.452977558791592294e-02
-9.993133167744537859e-01 -1.689120261396464054e-02 3.297878207580694915e-02
-9.992359119199141215e-01 -1.342987871128450104e-02 3.670488642099105359e-02
-9.993770547633311629e-01 -1.019767717817583394e-02 3.378650215966742115e-02
-9.993138087427408944e-01 -8.075782004789349572e-03 3.614846299016824527e-02
-9.992727770007168164e-01 -8.059649564603312347e-04 3.812198315479582711e-02
-9.993491240518270757e-01 7.398143770884556096e-03 3.530741621304932243e-02
-9.993332654614506261e-01 1.554756278385242482e-02 3.303506584813116487e-02
-9.990383577560741912e-01 2.858258326245866413e-02 3.324775833782704637e-02
-9.987812479349610362e-01 3.580948571975740152e-02 3.396641433918504843e-02
-9.985092613632245984e-01 4.247148499469194372e-02 3.428477425059602707e-02
-9.980775429012069822e-01 4.836964582531434742e-02 3.875066155479833796e-02
-9.975166852610091173e-01 5.632500404462094379e-02 4.228445018691633778e-02
-9.969441134780556713e-01 6.576874256464815272e-02 4.215359155444163564e-02
-9.963736839823786884e-01 7.223650266823750110e-02 4.495984721518036381e-02
-9.960120482280816478e-01 7.578299049442899227e-02 4.708456759899603411e-02
-9.953921641754961414e-01 8.253570124349070281e-02 4.880897378894827332e-02
-9.954770185101446955e-01 8.390107066802582336e-02 4.456606727983724453e-02
-9.947944399420526329e-01 9.305230507624323577e-02 4.153683741393329742e-02
-9.944058797884484102e-01 9.527975466644955649e-02 4.559312127479718535e-02
-9.935860611632140182e-01 1.038773547111114526e-01 4.467943924570689368e-02
-9.930460920004182679e-01 1.089432529872529365e-01 4.461888434866994463e-02
-9.920616730662485949e-01 1.185070188700142330e-01 4.206829108295843250e-02
-9.915043631661998313e-01 1.235504763392235722e-01 4.067425945898207190e-02
-9.911480188263349644e-01 1.260118371509786617e-01 4.179281598091932892e-02
-9.900134482112029621e-01 1.335555526642753510e-01 4.512543263411655792e-02
-9.880481404996069861e-01 1.474437980411474891e-01 4.495794065426452629e-02
-9.869384430546505049e-01 1.543643571724303554e-01 4.608874976112364158e-02
-9.852522368827995036e-01 1.656169116072011005e-01 4.300100304546354557e-02
-9.835948526081462751e-01 1.755068505921213995e-01 4.169567383705004293e-02
-9.823162095678572570e-01 1.830911676909610653e-01 3.914724058620530633e-02
-9.818669169200617830e-01 1.869679563512653131e-01 3.131067505347897434e-02
-9.814355227928038827e-01 1.893714360409540221e-01 3.037748223814863702e-02
-9.804123865360910850e-01 1.948940041185661110e-01 2.842352991578328547e-02
-9.790584009483609407e-01 2.014993095348228680e-01 2.902918141970917826e-02
-9.781795122806832277e-01 2.055339842036668085e-01 3.034206222315988938e-02
-9.757486435018392079e-01 2.170277944712228069e-01 2.852259876262935867e-02
-9.750159646147915637e-01 2.201583958050831180e-01 2.956631579940683860e-02
-9.735664905755460063e-01 2.273994675034474999e-01 2.139598070037405930e-02
-9.728488994970720949e-01 2.306000490445427598e-01 1.971429557129519838e-02
-9.731442705168512619e-01 2.289844280834895385e-01 2.358766084528911289e-02
-9.710351611747444212e-01 2.380324350557214974e-01 2.076758693429507641e-02
-9.708030901596718110e-01 2.391658523302808981e-01 1.846814174004867554e-02
-9.687947794194654572e-01 2.471119957342595985e-01 1.929647792194739628e-02
-9.701264397767017655e-01 2.417840361304968988e-01 1.987933125835232573e-02
-9.689007145466848048e-01 2.461732354523531452e-01 2.510300211311970731e-02
-9.677666241822019400e-01 2.507639337133635293e-01 2.335011426228626730e-02
-9.660850317410510923e-01 2.567437644762785021e-01 2.761101622216430296e-02
-9.647818761940987198e-01 2.618706683161662330e-01 2.489380871255712085e-02
-9.634106098716889166e-01 2.666452137405179168e-01 2.720926552232087389e-02
-9.637297460533469362e-01 2.658848778129740964e-01 2.302663088074792530e-02
-9.615195918825218957e-01 2.738597367972340213e-01 2.193025999742149318e-02
-9.609428905725122538e-01 2.758539296442997779e-01 2.221233615023133004e-02
-9.611197190653815170e-01 2.752008038140612567e-01 2.265878464327653746e-02
-9.600444793087699047e-01 2.794248780247758912e-01 1.537376066226897597e-02
-9.588653413722625363e-01 2.835997557014708903e-01 1.218412243415916384e-02
-9.569899462215372132e-01 2.897775576611248405e-01 1.411478636989764793e-02
-9.571125476518355102e-01 2.894789501456652703e-01 1.172714148157779496e-02
-9.566247968181312844e-01 2.912273093063233453e-01 7.461213403622223711e-03
-9.572138061321613378e-01 2.893770660676598938e-01 1.631062752889153762e-03
-9.563473277891977320e-01 2.922119240308424515e-01 3.463740920708197057e-03
-9.561312718227946705e-01 2.929318571770943014e-01 1.983811496578040661e-03
-9.549914733672735245e-01 2.966328944851648330e-01 -4.785998891021110702e-04
-9.559171713129306358e-01 2.936203613397480039e-01 -3.076102540385726013e-03
-9.543061347006748241e-01 2.987903582554921056e-01 -4.913293280493049794e-03
-9.551559816370611689e-01 2.959600839983629328e-01 -9.203089224032547089e-03
-9.567710087048155732e-01 2.906383928942753991e-01 -1.088939719735845281e-02
-9.554242999473352427e-01 2.952066193235006741e-01 -4.180530230899829648e-03
-9.556426921804035413e-01 2.944494280283435628e-01 -6.826206437485580342e-03
-9.561124503666295071e-01 2.928785070890350672e-01 -8.436837533077598539e-03
-9.571238323147835958e-01 2.895786558824236523e-01 -7.628206555801556044e-03
-9.570379213644936156e-01 2.897801221116894088e-01 -1.029153866115412042e-02
-9.583491121595930640e-01 2.853288515785651902e-01 -1.242753397277422331e-02
-9.588227229228080128e-01 2.835730413702061137e-01 -1.566314704476324052e-02
-9.594733147612097834e-01 2.811440374394942321e-01 -1.920954157373119461e-02
-9.608580609644623571e-01 2.764050590558350673e-01 -1.876294221561751116e-02
-9.622030972843743646e-01 2.711776385967217262e-01 -2.505805362143550055e-02
-9.623606274164216989e-01 2.706520891599857315e-01 -2.468780228894442569e-02
-9.638023801451006678e-01 2.649112075393832422e-01 -3.011714674283479110e-02
-9.651613226447349758e-01 2.601840417134593242e-01 -2.771108147651632839e-02
-9.658340821645491348e-01 2.574824319265486827e-01 -2.945065941513707111e-02
-9.670562105718133461e-01 2.528026287438153719e-01 -2.988536215642228697e-02
-9.693321170965648603e-01 2.441943731368210746e-01 -2.764730032813917174e-02
-9.691457770566034302e-01 2.448857341427860823e-01 -2.806168825601116842e-02
-9.694812518179458660e-01 2.433250518195939349e-01 -2.998399369638561976e-02
-9.712860268646394957e-01 2.355674320751495743e-01 -3.333852956254833994e-02
-9.723118197729287981e-01 2.311323849862031987e-01 -3.446105517069558699e-02
-9.731812062762992266e-01 2.271972574580044812e-01 -3.605224770274653018e-02
-9.736895995350922650e-01 2.247081009668672469e-01 -3.787943684219868823e-02
-9.737459646450730144e-01 2.245229732131949762e-01 -3.752664993264796106e-02
-9.750083096762458545e-01 2.192523005724933971e-01 -3.587817355201170649e-02
-9.756189748523660388e-01 2.161984666563334934e-01 -3.776052854760426902e-02
-9.772961496018854888e-01 2.077922455168297600e-01 -4.140818115098206242e-02
-9.779457044877709615e-01 2.045625526120476989e-01 -4.214712269718074583e-02
-9.792413937452881800e-01 1.973855146966932428e-01 -4.610065486767186971e-02
-9.802782614578520182e-01 1.917945105890140611e-01 -4.763837619567012904e-02
-9.811985390200037571e-01 1.868064952968505610e-01 -4.850545773969467539e-02
-9.815656659721631039e-01 1.841910726695843437e-01 -5.101481426476030950e-02
-9.836186482350449678e-01 1.734592521548893040e-01 -4.905366009859298687e-02
-9.853680566581625166e-01 1.623294243773910073e-01 -5.195161096939740486e-02
-9.872496227416697190e-01 1.508254405395554332e-01 -5.089093983915728148e-02
-9.882976169316630699e-01 1.430141292795264751e-01 -5.305467067996577635e-02
-9.891622682854706028e-01 1.384338878397831929e-01 -4.892938175056275180e-02
-9.902789349227767435e-01 1.307529774534376410e-01 -4.744795629077185051e-02
-9.918723734805697800e-01 1.203698790924301598e-01 -4.123475842095050692e-02
-9.927157456003101732e-01 1.131999455342694583e-01 -4.124608026694980695e-02
-9.930650685213185946e-01 1.085098331964498286e-01 -4.524825112893409579e-02
-9.935620487955821867e-01 1.018734955483544952e-01 -4.956071710634843419e-02
-9.941941273638200682e-01 9.551315004294870514e-02 -4.955092195262295746e-02
-9.940021412539894463e-01 9.614353888002155624e-02 -5.211700012017609490e-02
-9.951018384088944346e-01 8.698540679925156893e-02 -4.696688882971788298e-02
-9.959091989091523045e-01 7.779108514244208183e-02 -4.597208947249005473e-02
-9.961082840788949566e-01 7.274278540734741005e-02 -4.976738078792054126e-02
-9.967381003746450530e-01 6.200480527270266218e-02 -5.165832020945463482e-02
-9.971048758255489641e-01 5.654712485651578607e-02 -5.083608853667322125e-02
-9.974954648136447055e-01 5.099431902375980291e-02 -4.901423896570302613e-02
-9.977002261115722748e-01 4.619931925881924639e-02 -4.959738154280346478e-02
-9.979819964689318201e-01 3.244950967321048874e-02 -5.458006325932967390e-02
-9.982103758915363834e-01 2.381192968114409503e-02 -5.485486973363151025e-02
-9.983235505212737504e-01 1.309653921629258706e-02 -5.637897191125425256e-02
-9.983052310171681709e-01 -6.863191749374077805e-04 -5.819118669834923846e-02
-9.983977000535032564e-01 -1.688815791468213211e-03 -5.656147053597738311e-02
-9.984162312176728671e-01 -8.605768070081171520e-03 -5.559666805926104932e-02
-9.981848987886783320e-01 -1.508041533965604440e-02 -5.830530542066952177e-02
-9.978289893200685823e-01 -2.668180369751034509e-02 -6.021137139010202671e-02
-9.972759608048976654e-01 -4.147393903246034130e-02 -6.099664146147164290e-02
-9.970601316338726372e-01 -4.894718095507306910e-02 -5.895156652492785504e-02
-9.965373854866297343e-01 -5.659964342703052015e-02 -6.090763185807925029e-02
-9.963337760578448998e-01 -6.427844088711115456e-02 -5.645625318675552562e-02
-9.957636631185412535e-01 -7.363617134464486846e-02 -5.506778753029265699e-02
-9.949937658927223705e-01 -8.222449167490557265e-02 -5.680280519213658924e-02
-9.941811032107364943e-01 -9.079390859647143430e-02 -5.796913036675618164e-02
-9.933550273201339209e-01 -1.031975374782865273e-01 -5.095171597988314843e-02
-9.925948988466534173e-01 -1.109488731699736913e-01 -4.945435926672549221e-02
-9.923810335925227211e-01 -1.133572932408844075e-01 -4.827035886738365728e-02
-9.912799843082068518e-01 -1.228375950573228903e-01 -4.769630173929022277e-02
-9.904731781712361460e-01 -1.306436218359472434e-01 -4.353328137898470479e-02
-9.896692639831151661e-01 -1.374887935088404123e-01 -4.063986631719040260e-02
-9.892863494318232531e-01 -1.417179855212897799e-01 -3.505068534999971480e-02
-9.892152566494991639e-01 -1.424952419473329568e-01 -3.388659269565545695e-02
-9.876450534931323633e-01 -1.515200923757161477e-01 -3.998661915671516270e-02
-9.858256679257166866e-01 -1.633512866728221435e-01 -3.826394133110957302e-02
-9.848101460692169073e-01 -1.700323060408739095e-01 -3.518537529482996390e-02
-9.835806381627379968e-01 -1.772847272919462203e-01 -3.375312118899404662e-02
-9.834174842788566684e-01 -1.784013954764929188e-01 -3.260388300393560201e-02
-9.811238654475831211e-01 -1.904857977458356277e-01 -3.333378231245213985e-02
-9.817267252264232358e-01 -1.870824720617715320e-01 -3.482535200506806095e-02
-9.814919716938841354e-01 -1.893848645596297731e-01 -2.840601998306956436e-02
-9.798480564728230258e-01 -1.974801585408310356e-01 -2.998987628814681408e-02
-9.783930743754039039e-01 -2.046885035593927760e-01 -2.914837831799366522e-02
-9.774403816760364183e-01 -2.097553832011590513e-01 -2.475881280811657523e-02
-9.773935649806462234e-01 -2.103640931669037983e-01 -2.118458796852409551e-02
-9.760801130860871089e-01 -2.161681647067830170e-01 -2.321544497260905060e-02
-9.747278462106148123e-01 -2.225511662347750275e-01 -1.940679034651597926e-02
-9.761186919902951065e-01 -2.166095673250366116e-01 -1.651102070734323385e-02
-9.754532611174073775e-01 -2.198500219310057235e-01 -1.252687146008587930e-02
-9.741099621796752706e-01 -2.258095446547831731e-01 -1.094761628786518164e-02
-9.738019719610659930e-01 -2.272794607272698164e-01 -7.333847079685439779e-03
-9.743189538297198915e-01 -2.251084458615240369e-01 -5.364981096024758894e-03
-9.739493193846276986e-01 -2.266415643230463295e-01 -7.506252427928343518e-03
-9.730668774268089738e-01 -2.304636806997559517e-01 -5.230979526061109788e-03
-9.729762655900179302e-01 -2.307022953520090625e-01 -9.677642172130702242e-03
-9.718566885431391134e-01 -2.352803474020348229e-01 -1.173687999600978374e-02
-9.710249478238720533e-01 -2.386066256892164505e-01 -1.332096832087820842e-02
-9.693048967207228417e-01 -2.456341382934721373e-01 -1.057858838123668793e-02
-9.681109909604225239e-01 -2.504087537578914557e-01 -7.522258891318408386e-03
-9.676837338224800744e-01 -2.519562107039351462e-01 -1.030914134302874513e-02
-9.686323201952081741e-01 -2.484562741326241664e-01 -4.574659247105365700e-03
-9.677405266474752299e-01 -2.519457989428771083e-01 -1.267617790404886036e-03
-9.668354360460539310e-01 -2.553986157611195518e-01 8.978034953287224521e-04
-9.675887433005828653e-01 -2.525230083201733255e-01 2.042914906725075072e-03
-9.656578567956493053e-01 -2.598117123107241966e-01 1.672475307704416074e-03
-9.651507541234906062e-01 -2.616944538094883033e-01 2.325926543001097507e-04
-9.655085057375116797e-01 -2.603510790507391759e-01 3.265036578153213478e-03
-9.644385944330187144e-01 -2.643005597786511895e-01 1.852335652667741125e-03
-9.656417419317124828e-01 -2.598715678440954857e-01 -1.677452382120225502e-03
-9.651769201005170329e-01 -2.615823982797315650e-01 2.860283932050038634e-03
-9.659694820788864433e-01 -2.585284298768826261e-01 8.125892703980213544e-03
-9.654031810051386664e-01 -2.606500809992851608e-01 7.632357476433536923e-03
-9.660642540435234737e-01 -2.580545458304056017e-01 1.130168043033731411e-02
-9.661532678108296635e-01 -2.578443689960361884e-01 8.010245025695743315e-03
-9.664111895039302347e-01 -2.568619757832829031e-01 8.447351718284255503e-03
-9.662045109972371426e-01 -2.575048297593445223e-01 1.183744597255167313e-02
-9.672276161591559784e-01 -2.533055212440378234e-01 1.752344516667303856e-02
-9.679893925993448001e-01 -2.502725627480523185e-01 1.897893133503875465e-02
-9.682505243713107612e-01 -2.492515392824608267e-01 1.909481355359449531e-02
-9.682913211713226609e-01 -2.490024207402335432e-01 2.024182542876883095e-02
-9.683048898151842554e-01 -2.482005343211718673e-01 2.796703258016725382e-02
-9.691817391428644290e-01 -2.446647639107533967e-01 2.873899109837040056e-02
-9.701399461542740132e-01 -2.407070691495512005e-01 2.980958829194077855e-02
-9.719133152717052138e-01 -2.336880562691833751e-01 2.782839776250157701e-02
-9.746669346368371789e-01 -2.217700823592037296e-01 2.902441952008530737e-02
-9.755790329602070932e-01 -2.181103107687798748e-01 2.595115571568874790e-02
-9.771289755431600277e-01 -2.108397350390862623e-01 2.766931562235809550e-02
-9.773497862091706789e-01 -2.093890324150034510e-01 3.071885876864722392e-02
-9.789999743049219161e-01 -2.019761432347928765e-01 2.765334501021152538e-02
-9.804773723808293262e-01 -1.941584930285793764e-01 3.109053651109590019e-02
-9.807866663035307297e-01 -1.921286963767037115e-01 3.382453098596345520e-02
-9.815258481577699978e-01 -1.874660614367296696e-01 3.825578483978361866e-02
-9.835005220972402595e-01 -1.768185300402302373e-01 3.823545912032699778e-02
-9.848771134645488701e-01 -1.683887707945565526e-01 4.077147498667077485e-02
-9.858422506704025423e-01 -1.635261803586704199e-01 3.707107977060972170e-02
-9.868752334844921315e-01 -1.572455441036392509e-01 3.675775027539562173e-02
-9.881032078199383228e-01 -1.501932695428300768e-01 3.307645889442747261e-02
-9.887255809744918134e-01 -1.454994692592249117e-01 3.537866069200563957e-02
-9.893985540241519994e-01 -1.389279452208473931e-01 4.230304158317808871e-02
-9.899423397826414561e-01 -1.327180840272212670e-01 4.899075505205601616e-02
-9.899805587034224974e-01 -1.303016891680685296e-01 5.440572848867317179e-02
-9.914695505334830683e-01 -1.189621219921134093e-01 5.325564677994727020e-02
-9.919540729076788965e-01 -1.150306909712899839e-01 5.286849147878782545e-02
-9.931192443873624320e-01 -1.037378832601973944e-01 5.433818247348307789e-02
-9.937616000100017999e-01 -9.531275037273267969e-02 5.790839589068244586e-02
-9.948342722705290075e-01 -8.662213216134266591e-02 5.292822449127124185e-02
-9.949661889536511872e-01 -8.194965528015532574e-02 5.767631235848562354e-02
-9.959727306249491763e-01 -6.844057884825864579e-02 5.791569037247677049e-02
-9.964933766120731562e-01 -5.657554910013753297e-02 6.164558473074615436e-02
-9.970950502414545058e-01 -4.877380116531436494e-02 5.850297032634037969e-02
-9.972192177347237729e-01 -4.328836270124217234e-02 6.066275554565155742e-02
-9.975663603114942601e-01 -3.848082253312461176e-02 5.814295684556122779e-02
-9.976956885516888862e-01 -2.796556971854417123e-02 6.181634588369069178e-02
-9.981608811114869306e-01 -1.984037910883472075e-02 5.728206832298680246e-02
-9.986177600139415356e-01 -1.608592766753852085e-02 5.003831384156544326e-02
-9.986374968106029870e-01 -1.371554018682409094e-02 5.034932434390784750e-02
-9.985701493556782271e-01 -5.305750271523839573e-03 5.319329495002655256e-02
-9.984217417539288375e-01 4.240602921149467033e-03 5.600056930539917127e-02
-9.986011858062944224e-01 1.638455260752582840e-02 5.027165293251586314e-02
-9.984365192445207038e-01 2.479678113662451763e-02 5.009648311591345660e-02
-9.983508701350364278e-01 3.193685796099380442e-02 4.770322923537093085e-02
-9.982629953309168913e-01 3.795812170992190343e-02 4.505767311817888976e-02
-9.983621001517239968e-01 4.052791875553482526e-02 4.038100385536190495e-02
-9.979935718018307922e-01 5.057192823525055725e-02 3.809634038994248045e-02
-9.980812484758561087e-01 5.077225470474292651e-02 3.544037287578761380e-02
-9.979524085350827134e-01 5.190452320418120769e-02 3.737554325829231527e-02
-9.977281492861779233e-01 5.329519282061512958e-02 4.120901681920349086e-02
-9.972990750768431223e-01 5.686205829460413974e-02 4.648958726055217594e-02
-9.974168777996637036e-01 5.952580291112385263e-02 4.020287476812551414e-02
-9.970634137740277403e-01 6.325473884042871753e-02 4.316720311706919583e-02
-9.964429511551631258e-01 7.083219182243397083e-02 4.565376610676931401e-02
-9.963767715907241307e-01 7.205647283902594236e-02 4.517980103274691489e-02
-9.962409162397455331e-01 7.582945343637031987e-02 4.188020307657773500e-02
-9.957485945983638453e-01 8.211968825934290450e-02 4.172665521789485632e-02
-9.950462075373776027e-01 8.990643075963718200e-02 4.242521875143386717e-02
-9.942835678735529870e-01 9.951265872745648777e-02 3.869674250755061884e-02
-9.941006455475767112e-01 1.020048207522822048e-01 3.686385107061582872e-02
-9.932484988422276562e-01 1.098011620884982720e-01 3.743186871603236543e-02
-9.924585523542103216e-01 1.181354927369031305e-01 3.271158105422908996e-02
-9.925209659748682745e-01 1.183389223636101134e-01 2.996751366687680843e-02
-9.927646542277140940e-01 1.175126458187579076e-01 2.468075676336134450e-02
-9.915987681866482717e-01 1.267402809012746212e-01 2.586125521447459052e-02
-9.911124485957623076e-01 1.309168487637272504e-01 2.359900994207021763e-02
-9.909691235046639290e-01 1.331830934723193804e-01 1.557177472200947134e-02
-9.899205115686136036e-01 1.405194795060087098e-01 1.765437631613934327e-02
-9.896913875452155729e-01 1.417763929682903101e-01 2.025912629083057026e-02
-9.890599602096346032e-01 1.467505648774748428e-01 1.498956696903905837e-02
-9.887361909110392588e-01 1.490043895074527891e-01 1.408747605643679776e-02
-9.885471185635607005e-01 1.500974398384821162e-01 1.566439405948262531e-02
-9.886515902975039349e-01 1.495379280256790011e-01 1.436876456798417967e-02
-9.880389679448420281e-01 1.539098873713611315e-01 9.527044670575458146e-03
-9.871215788971536842e-01 1.595920867204571325e-01 1.101701026259142673e-02
-9.860757230010114283e-01 1.660502326183931343e-01 9.055874123749464016e-03
-9.858716975054958587e-01 1.673181403040409077e-01 7.852137895045742735e-03
-9.859376378212671987e-01 1.670606055155070269e-01 4.212899028324917916e-03
-9.856779678423835955e-01 1.686377412314753188e-01 5.253873858904528280e-04
-9.853138996921673165e-01 1.707528127065992274e-01 1.269410759628385480e-04
-9.857504126930201060e-01 1.682110819180858141e-01 1.084375662028478748e-03
-9.859764973885155603e-01 1.668730489927722216e-01 -1.937069658474458150e-03
-9.855746575522496000e-01 1.692016497166361488e-01 3.662827992199057300e-03
-9.856909037581774724e-01 1.685140433512569424e-01 4.059510444713807994e-03
-9.859943761855588518e-01 1.667783674290486684e-01 2.941586434093185383e-04
-9.856447523422898760e-01 1.687385630192085872e-01 -5.633798308715418438e-03
-9.863160750273844979e-01 1.646040117829469240e-01 -9.281150145610114408e-03
-9.859413680392765666e-01 1.669565755483412017e-01 -6.718705944652167417e-03
-9.860011531672092655e-01 1.666416460464123228e-01 -5.684020890302159817e-03
-9.862044734872080776e-01 1.655163080035511047e-01 -2.260215126536016788e-03
-9.870330731440191130e-01 1.605057765830637528e-01 -1.904861487226214116e-03
-9.870019674213215133e-01 1.607055277117065417e-01 -9.327195017217239934e-04
-9.872001853583627362e-01 1.594704184571906214e-01 -2.236060793149721032e-03
-9.865838136612132825e-01 1.631869411583459217e-01 4.735130606680693251e-03
-9.854834443985046599e-01 1.694302802243101425e-01 1.076019772674829782e-02
-9.856499142143623216e-01 1.687431322079331608e-01 4.474695172577684670e-03
-9.858130996361699205e-01 1.678467654271389720e-01 -1.301425703619969731e-04
-9.855277874212997613e-01 1.695031235727784691e-01 -1.921539302569287870e-03
-9.850624369775959899e-01 1.721897913619324649e-01 -1.640733892814941891e-03
-9.842498292154805428e-01 1.767809545921245340e-01 8.881811459463071629e-04
-9.843512811224075509e-01 1.761879174341231813e-01 3.224000884288228449e-03
-9.832288482899029791e-01 1.823451127811825112e-01 3.363453787883182496e-03
-9.827320466369510177e-01 1.849624317929872974e-01 5.161824934215828581e-03
-9.821419369125017340e-01 1.879848916556362270e-01 7.675765320659413277e-03
-9.826096204727048367e-01 1.855654396608977796e-01 6.619855438623671248e-03
-9.825261666376386982e-01 1.861244778139610756e-01 1.783376058147540313e-04
-9.828861547196354742e-01 1.841978988000441964e-01 -2.441752055743881891e-03
-9.828463478614554161e-01 1.843380895370839434e-01 -5.704950845054698391e-03
-9.830017380986886266e-01 1.835960563298404402e-01 3.036816625276491516e-04
-9.827675738264234351e-01 1.848374743435094170e-01 1.739300393411881678e-03
-9.812851205335817451e-01 1.925305716114080468e-01 3.393022487148179746e-03
-9.804765598311784291e-01 1.965128166266454646e-01 6.960602393746476158e-03
-9.805297331696585239e-01 1.963324854240356965e-01 3.875437098307055010e-03
-9.796503565167598016e-01 2.007079387700778927e-01 -1.234398399148626743e-03
-9.797621787269527038e-01 2.001543559823237839e-01 -2.080472991536414917e-03
-9.802195090329174354e-01 1.978840666304585161e-01 3.410535931582559053e-03
-9.803573812836658963e-01 1.970936127680790184e-01 7.316708820518439543e-03
-9.798043481565581470e-01 1.998750296248968938e-01 5.782153985552092139e-03
-9.805988300980826855e-01 1.959539155888067041e-01 5.293280486307053688e-03
-9.804132241476865017e-01 1.968571307991212327e-01 6.099296452933464750e-03
-9.805966357864344118e-01 1.959019337421662732e-01 7.258903596210116577e-03
-9.803439420656823167e-01 1.972809984867398558e-01 2.446285133092564179e-03
-9.806022563545183646e-01 1.959806074643445639e-01 -3.292086234931706525e-03
-9.800675263142730742e-01 1.986085324444624434e-01 -4.724001177616808655e-03
-9.811337972504553528e-01 1.931843013754231397e-01 -7.504617539368714507e-03
-9.809831423800863259e-01 1.937821577340964607e-01 -1.098050106136831509e-02
-9.818825199085101652e-01 1.889132108143434241e-01 -1.478302437935143793e-02
-9.822461324585661790e-01 1.872998132367635626e-01 -1.055164157373379534e-02
-9.822615624085156982e-01 1.870769566106890713e-01 -1.282408816438014749e-02
-9.826168264555603660e-01 1.852647588494785724e-01 -1.188122095741370350e-02
-9.827672506482156844e-01 1.842674024005546973e-01 -1.463138408948266161e-02
-9.841068674465324184e-01 1.771027920367424513e-01 -1.297291100330399266e-02
-9.851197871440432463e-01 1.714725564727468676e-01 -1.167001521479667583e-02
-9.837334679247408120e-01 1.791680795647387914e-01 -1.293387885662122642e-02
-9.835009521699652479e-01 1.800777423590281534e-01 -1.725994320524204886e-02
-9.839814115119753790e-01 1.768666098346521887e-01 -2.233396684501818066e-02
-9.853236712461264091e-01 1.688947937385024967e-01 -2.473526905496669509e-02
-9.858690110196131062e-01 1.650865262773570930e-01 -2.843860149674168336e-02
-9.861299437028189230e-01 1.637370125257348874e-01 -2.716517899024569610e-02
-9.883113384741301077e-01 1.501097617241247406e-01 -2.660412971221432638e-02
-9.882083642226034970e-01 1.508970350469311106e-01 -2.596797526948484494e-02
-9.897371442933662333e-01 1.416017496916723017e-01 -1.921851967576418754e-02
-9.907480910681344399e-01 1.343191206616717315e-01 -1.940658886430513333e-02
-9.906488768466045203e-01 1.353284710991267958e-01 -1.735020292348984916e-02
-9.907042127822534017e-01 1.347015440013920040e-01 -1.899154177344336211e-02
-9.908415749223110636e-01 1.333120117931040349e-01 -2.146864686835349076e-02
-9.915741029399535167e-01 1.280768397810225778e-01 -1.942017845421149455e-02
-9.923766316083640904e-01 1.222781013341339845e-01 -1.538533937537443774e-02
-9.925915848417693477e-01 1.201924566151384710e-01 -1.776909686710464661e-02
-9.925828586421677757e-01 1.190497313745067648e-01 -2.462624645487812222e-02
-9.930156364561295579e-01 1.145480551914535294e-01 -2.826147024908550950e-02
-9.935323225647952894e-01 1.091815521919173443e-01 -3.119190077156749549e-02
-9.939970777908935240e-01 1.056430164705042390e-01 -2.844968107241112668e-02
-9.942901295305076603e-01 1.032573910208371415e-01 -2.692715096629180391e-02
-9.945047208453252630e-01 1.012653146356031902e-01 -2.656535723901477103e-02
-9.950268543161957524e-01 9.700356810866150870e-02 -2.262495792285665677e-02
-9.954128750830278927e-01 9.337245854265083245e-02 -2.085218985538153658e-02
-9.959660069915864389e-01 8.786286804212994905e-02 -1.821677670690355355e-02
-9.962381507117313850e-01 8.511257216101206224e-02 -1.629167664778618727e-02
-9.967678985684834680e-01 7.932763987288368734e-02 -1.268477271812550565e-02
-9.969420146204708288e-01 7.711225367493311500e-02 -1.266259613359817758e-02
-9.971193505858159112e-01 7.493992580578835716e-02 -1.170596963209229700e-02
-9.970997982505404034e-01 7.521905700601441702e-02 -1.158047103909436853e-02
-9.976792957925222360e-01 6.706564719860948209e-02 -1.175768851812130159e-02
-9.978786948455766748e-01 6.232954372611877042e-02 -1.879255481558833249e-02
-9.980544593679218091e-01 5.804092479712939789e-02 -2.277211079725235260e-02
-9.983547441376673381e-01 5.164969540355315858e-02 -2.490252573082876730e-02
-9.986360082604563981e-01 4.800026453413844263e-02 -2.054554957169943061e-02
-9.987638974379877688e-01 4.589354495226165287e-02 -1.909140330899167584e-02
-9.987848950890968469e-01 4.325140926466269214e-02 -2.362352588100324891e-02
-9.989121736234150006e-01 3.903636034360424140e-02 -2.550792104232305416e-02
-9.989977983045117416e-01 3.057938416018980005e-02 -3.268520508890268572e-02
-9.991200886467033193e-01 2.510158756373821395e-02 -3.360031529751748847e-02
-9.991855056635081667e-01 1.630023108474155241e-02 -3.691409350450988031e-02
-9.992472610400988664e-01 9.296956428329982910e-03 -3.766298557189882990e-02
-9.993252683211080178e-01 4.875547334895600007e-03 -3.640411591350410647e-02
-9.993498937636314805e-01 -2.781394055650582633e-03 -3.594546125449951668e-02
-9.993438723204741692e-01 -7.225076562088103907e-03 -3.549148656836921545e-02
-9.991167583755005133e-01 -1.659948920518637683e-02 -3.860288584719338834e-02
-9.990140617687240931e-01 -2.617962473187833081e-02 -3.585462625510610346e-02
-9.990724150199499221e-01 -3.078437334881718376e-02 -3.011070301485421763e-02
-9.991246662831835268e-01 -3.127780458053597973e-02 -2.777809754472474954e-02
-9.990840733301891152e-01 -3.370602047211464225e-02 -2.636173580857938473e-02
-9.991959801856870049e-01 -3.169249789763579211e-02 -2.455608493382416616e-02
-9.990915903152854938e-01 -3.639249380228972569e-02 -2.217212166641899587e-02
-9.989236333839789372e-01 -4.237495963533868815e-02 -1.886689574303997835e-02
-9.987761073658990574e-01 -4.699465514575162928e-02 -1.542115308345955692e-02
-9.988436725063303268e-01 -4.662255048068415092e-02 -1.173362350560925790e-02
-9.989727943676264266e-01 -4.363990448254345678e-02 -1.220397804660291151e-02
-9.988622035622588546e-01 -4.681150713750926312e-02 -9.110614281335683434e-03
-9.987893781834812357e-01 -4.849365781318944191e-02 -8.256232370679359236e-03
-9.986599313347942486e-01 -5.165393820210069376e-02 -3.199106034060824645e-03
-9.986889414069239912e-01 -5.114943774014168304e-02 2.038488765318108992e-03
-9.986958879147446178e-01 -5.077719856484268907e-02 5.312409113835668897e-03
-9.987540192853906484e-01 -4.938153294139548122e-02 7.203839840049164854e-03
-9.988961559614376595e-01 -4.663828837905237973e-02 5.600157407427430907e-03
-9.988432903694932641e-01 -4.731006922469813830e-02 8.594226590011756414e-03
-9.990636191303372549e-01 -4.289776183907043766e-02 5.629299043814750374e-03
-9.990531897660869243e-01 -4.338875970601146354e-02 3.187728202194864500e-03
-9.991750814124207292e-01 -3.934395295837141149e-02 1.006142652330699848e-02
-9.990798611127849060e-01 -4.114960461016274607e-02 1.208980522541499431e-02
-9.992296061536889429e-01 -3.716099280306300184e-02 1.262050074461739183e-02
-9.992835235962072016e-01 -3.667910146948532429e-02 9.333017506319558204e-03
-9.993682210636336549e-01 -3.502537673416357411e-02 6.033567389624180238e-03
-9.992667204007139592e-01 -3.775484079947532406e-02 6.373045741957357457e-03
-9.992963595342763128e-01 -3.665437040023342141e-02 7.953941468524152597e-03
-9.993669609605738691e-01 -3.478902263951570706e-02 7.444694146995242331e-03
-9.993656962233786745e-01 -3.551235545061970367e-02 2.664598760954431204e-03
-9.994188053925711079e-01 -3.404137644913746152e-02 1.805094347333604946e-03
-9.993987640915851234e-01 -3.434307889100522704e-02 4.762931749037701418e-03
-9.992892264134991542e-01 -3.665230516265770982e-02 8.813208729190443597e-03
-9.993073862380652539e-01 -3.616436096962876573e-02 8.769774996796814506e-03
-9.992718228788697310e-01 -3.741098577377544726e-02 7.500953376513030263e-03
-9.993634108296984842e-01 -3.487540596652102809e-02 7.516735412142208465e-03
-9.994229918999081308e-01 -3.348858052442757471e-02 5.676299849211198859e-03
-9.992921822877082194e-01 -3.715501722649424549e-02 5.887380784607929192e-03
-9.991852550072322092e-01 -3.965370373511734048e-02 7.512127362690915015e-03
-9.992826945368489255e-01 -3.757355701083286981e-02 4.727183039980969309e-03
-9.992943323344332107e-01 -3.745712755364038332e-02 2.796964092429922531e-03
-9.993025826246123566e-01 -3.712810156654103300e-02 3.984279847117415570e-03
-9.992448591269930125e-01 -3.753421770329896240e-02 1.004569961597676434e-02
-9.992842884390450431e-01 -3.680611873497771636e-02 8.731698976085536593e-03
-9.992987010363678646e-01 -3.644105674914043663e-02 8.612639232721168783e-03
-9.992010491276580586e-01 -3.876142813227002187e-02 9.738437183397253075e-03
-9.992695398532867035e-01 -3.656723242017484443e-02 1.110163485012160590e-02
-9.992212140749675564e-01 -3.697633171832644811e-02 1.377455271660291483e-02
-9.990982393372026538e-01 -4.051975433532573057e-02 1.268383741987505302e-02
-9.992483498333045722e-01 -3.561266012905661693e-02 1.531326027699658580e-02
-9.993547585950041112e-01 -3.176701882012682859e-02 1.676141900613827007e-02
-9.994595563699941732e-01 -2.857237500379968681e-02 1.625536017085111792e-02
-9.995076109678779908e-01 -2.550261091215905856e-02 1.828044407045626915e-02
-9.995920937132897199e-01 -2.275855409681732527e-02 1.725446516566334423e-02
-9.997240464937817706e-01 -1.616965723008007352e-02 1.704098600001925298e-02
-9.996135123485401230e-01 -1.577155775645243049e-02 2.289336378671778804e-02
-9.996274331406549418e-01 -4.655344879409358330e-03 2.689507855149639998e-02
-9.997041297698061602e-01 1.899570220235793742e-03 2.425009447669240412e-02
-9.997384745902879732e-01 5.036200197395741471e-03 2.230788192694723934e-02
-9.996996912467774887e-01 7.618577625488148763e-03 2.329178164535937109e-02
-9.996403479324105223e-01 9.104938884005549238e-03 2.522493588350195604e-02
-9.995243098269867010e-01 9.101125528279820770e-03 2.946771312281947636e-02
-9.994389397208734982e-01 1.133936845944572697e-02 3.151582265860471826e-02
-9.992978062717373655e-01 1.600094488225040773e-02 3.388047822799799408e-02
-9.992009616822111751e-01 2.521866795780857567e-02 3.100773062799944135e-02
-9.991179977874996565e-01 3.089882166917348044e-02 2.843433727714961626e-02
-9.989974680879221136e-01 3.726409835500307799e-02 2.480862378583860092e-02
-9.988984501450499653e-01 3.908143095080017504e-02 2.597210335064909989e-02
-9.984300667372603133e-01 4.541215348394408990e-02 3.278964174591943170e-02
-9.978863061953917590e-01 5.619467159296790554e-02 3.263588873757822945e-02
-9.976764204113355294e-01 5.815381033206648564e-02 3.549530920597095129e-02
-9.974463157224271459e-01 6.104069033756385348e-02 3.707969612651304536e-02
-9.966133070043766695e-01 7.007681422093547940e-02 4.302533438387030201e-02
-9.959789802459441121e-01 8.016579873032625425e-02 3.999172944025074228e-02
-9.959623521324859619e-01 8.188298489815992731e-02 3.679935713996879132e-02
-9.955105570079385569e-01 8.791282809548976729e-02 3.507261386709430162e-02
-9.952546173151485265e-01 9.099094498165691269e-02 3.448068061244601024e-02
-9.954422712039144860e-01 9.075683616942731291e-02 2.929000016154861136e-02
-9.950632463770529013e-01 9.643225366646690500e-02 2.345162614919337266e-02
-9.953224712592322332e-01 9.349076806151102037e-02 2.434496019623014207e-02
-9.952644588313009910e-01 9.520602177250755971e-02 1.960849243094050023e-02
-9.952097844097557156e-01 9.485922721831549498e-02 2.364814156313828353e-02
-9.946726359087761926e-01 9.960633194797531564e-02 2.655086887913500615e-02
-9.938790285133721758e-01 1.063289174798926900e-01 2.997766957608815480e-02
-9.934738151308911691e-01 1.105129572457004966e-01 2.822565480364365095e-02
-9.926272098872239713e-01 1.176726853469792777e-01 2.905828651682908909e-02
-9.921946386012964192e-01 1.216775282010940373e-01 2.728371132031231702e-02
-9.915598302655177498e-01 1.270499161976886837e-01 2.583494465453831102e-02
-9.908248421769654257e-01 1.338748360647603330e-01 1.853867902104684370e-02
-9.898939101199969448e-01 1.405884583040385716e-01 1.857294613034013095e-02
-9.900284959415416308e-01 1.403074951868857057e-01 1.254616627778475969e-02
-9.896961270559716528e-01 1.426489330709828918e-01 1.236447540353189690e-02
-9.894267790179277489e-01 1.443453333044329157e-01 1.411013842354742753e-02
-9.883313714736121636e-01 1.519706297905214498e-01 1.029805694699507598e-02
-9.889581416619475096e-01 1.480771887835322376e-01 5.912907273710945634e-03
-9.889526720666886872e-01 1.482228021719700639e-01 1.623453947803855761e-03
-9.895634509883953767e-01 1.440532120888398104e-01 3.587586992322600206e-03
-9.888707335182970182e-01 1.485249253978755957e-01 8.662639609487451584e-03
-9.889395405703903519e-01 1.481956020997507173e-01 6.055660467435209499e-03
-9.890728572378162387e-01 1.473732496133077774e-01 4.003848156359839094e-03
-9.892878225799149883e-01 1.459759254850001575e-01 8.097818801600679614e-04
-9.887793169791742054e-01 1.493630210612702514e-01 -2.484488811510804276e-03
-9.887938733381265166e-01 1.492790758382994964e-01 1.567166489273162395e-03
-9.886973476092767443e-01 1.499208777699593820e-01 -1.143538600381605909e-03
-9.891109091757736005e-01 1.471569359254781828e-01 -2.113767063680800553e-03
-9.888008253829601024e-01 1.492407990964085274e-01 -3.661717991564848989e-04
-9.890316282836251194e-01 1.475603991820519101e-01 -6.510713868176674218e-03
-9.883359876106309061e-01 1.520877663079572839e-01 -7.830035879273977359e-03
-9.888145378902489790e-01 1.490938778535121356e-01 -4.104602989793395412e-03
-9.886503261183170466e-01 1.502303888187241088e-01 -1.177065983174664220e-03
-9.894252753377283938e-01 1.449837741859769935e-01 -4.165616437695312743e-03
-9.904911478249868173e-01 1.373218724833261128e-01 -8.367336406368249338e-03
-9.907140221227437316e-01 1.347595015919907935e-01 -1.804511581476772250e-02
-9.909470832044988686e-01 1.323772216228361054e-01 -2.236454072471250054e-02
-9.918391864023585747e-01 1.254024445111533714e-01 -2.300605219991429598e-02
-9.922724029059083461e-01 1.224881006546812839e-01 -1.980320181233775900e-02
-9.928924579643525483e-01 1.174368483867532231e-01 -1.931778218145297626e-02
-9.926303766856290345e-01 1.198572049373648751e-01 -1.786641691897178016e-02
-9.929235801445032150e-01 1.171935345732458833e-01 -1.919537994750837237e-02
-9.936535463289356551e-01 1.112612668052736231e-01 -1.654036003718224734e-02
-9.936890934688232813e-01 1.101902224673417668e-01 -2.097912192749988580e-02
-9.942143107247690681e-01 1.060280169827548385e-01 -1.720427361636982927e-02
-9.953732261724640429e-01 9.454931912078179401e-02 -1.710526034808991513e-02
-9.955029653253768540e-01 9.320354844681989770e-02 -1.694011933463475394e-02
-9.959805515576271029e-01 8.753599810762853484e-02 -1.897928046257465334e-02
-9.959296752364978911e-01 8.776597175100007975e-02 -2.052411556627371791e-02
-9.962155824196108345e-01 8.399893253939676174e-02 -2.233194678154055632e-02
-9.966493580358429805e-01 7.902987383013707068e-02 -2.107983147080838560e-02
-9.969678510077855105e-01 7.556470484263659582e-02 -1.857693544676698380e-02
-9.972188792725911188e-01 7.223648095282823867e-02 -1.834177551790659721e-02
-9.974278757277300622e-01 6.868679202761197866e-02 -2.048854471115977779e-02
-9.975318378927576779e-01 6.567296309768970441e-02 -2.484587613576728221e-02
-9.980160673560430906e-01 5.886898644619530802e-02 -2.232476172479878895e-02
-9.983492750941186378e-01 5.382683700126861259e-02 -2.003546235454430752e-02
-9.983764998110236100e-01 5.370253598456980332e-02 -1.898487474385334578e-02
-9.982611801369726257e-01 5.421198731861816972e-02 -2.314519150612873513e-02
-9.982721304217140323e-01 5.217842634584488742e-02 -2.702200499171031334e-02
-9.984798502413204657e-01 4.786387977605276178e-02 -2.733241646403946831e-02
-9.987672711762506372e-01 4.291991187410124781e-02 -2.493676803998749053e-02
-9.991031210218261904e-01 3.786902739218784425e-02 -1.894501149881862301e-02
-9.993526382021441501e-01 2.925246780729816309e-02 -2.094327863788612853e-02
-9.994115380896111400e-01 2.483744453143900757e-02 -2.365802771668343990e-02
-9.996055801598109358e-01 1.449912147185130999e-02 -2.405167379674600162e-02
-9.995731500642730527e-01 1.108444868285545469e-02 -2.703102313079970564e-02
-9.994604651272041007e-01 7.005356244318614728e-03 -3.208936431386016919e-02
-9.996492035174748825e-01 2.739661550952963813e-03 -2.634364454374514206e-02
-9.995734566915206454e-01 -4.583172809314596183e-03 -2.884307405012655548e-02
-9.993619622471625608e-01 -1.233896275458551059e-02 -3.351779094948160315e-02
-9.993211625013863619e-01 -1.529774875678478405e-02 -3.351442910661597135e-02
-9.993239798028459298e-01 -2.315957058305142396e-02 -2.855243313930325849e-02
-9.991475830436465921e-01 -2.947884870283079550e-02 -2.889859067765096143e-02
-9.990644718666729096e-01 -3.004857094556956029e-02 -3.110125744738628795e-02
-9.990523238443691501e-01 -3.265043310986895375e-02 -2.878241087346215810e-02
-9.988153356001915339e-01 -3.784550094093500072e-02 -3.058867820565077181e-02
-9.987885362083979146e-01 -3.764879830753919965e-02 -3.168677532090891091e-02
-9.987274112021966577e-01 -3.989675129741086096e-02 -3.085176076035940629e-02
-9.980487828701242181e-01 -5.193221841527330407e-02 -3.466548231156131588e-02
-9.981036245973358145e-01 -5.205253518348653546e-02 -3.285897304501182725e-02
-9.977605141225425189e-01 -5.588073027091333689e-02 -3.676036513153164986e-02
-9.973695328095234514e-01 -6.300919851365821556e-02 -3.583126988330108398e-02
-9.967095395888780907e-01 -6.906393484145345596e-02 -4.242983362911974948e-02
-9.960998560079391551e-01 -7.764482352958450295e-02 -4.190921595702570834e-02
-9.956161898114785913e-01 -8.455817675929638844e-02 -3.997926229807694659e-02
-9.951372100704536372e-01 -9.108179076411104802e-02 -3.749752691316703829e-02
-9.941097787363090132e-01 -1.020202951781677692e-01 -3.657364030052718401e-02
-9.927810993287127239e-01 -1.134192849075231491e-01 -3.900998330593876545e-02
-9.924781709472363378e-01 -1.178688789919146718e-01 -3.307615048340845076e-02
-9.914082162164500334e-01 -1.262247329323072376e-01 -3.430874301799233250e-02
-9.907769401106110152e-01 -1.312016552840549743e-01 -3.387041217074919508e-02
-9.903797227466011321e-01 -1.346788169676846614e-01 -3.177491494632438129e-02
-9.890026156598074047e-01 -1.447910897491678506e-01 -3.015610408948094651e-02
-9.882914063301209140e-01 -1.492410395897648401e-01 -3.173692485156675430e-02
-9.873426720093113618e-01 -1.549814671391747389e-01 -3.369298347225495316e-02
-9.862695673315444722e-01 -1.614497700731564456e-01 -3.473235686425923258e-02
-9.847420890170727192e-01 -1.705481183922080146e-01 -3.458875164347820913e-02
-9.842357512432563516e-01 -1.737262859703398443e-01 -3.315400157000356063e-02
-9.833266646077281070e-01 -1.786930316984567391e-01 -3.372677560869213886e-02
-9.824435264844121329e-01 -1.833511846181954952e-01 -3.445409519550338834e-02
-9.813370743385853023e-01 -1.899988031159578483e-01 -2.963149465924270684e-02
-9.799778185905188010e-01 -1.964755815950469109e-01 -3.226213158721991103e-02
-9.785168042183318704e-01 -2.046236520636665057e-01 -2.518032852828086532e-02
-9.775314209179177816e-01 -2.095932454544088552e-01 -2.242803149385214426e-02
-9.746581129178369940e-01 -2.230136394925967269e-01 -1.750722259324116736e-02
-9.737547202245546707e-01 -2.268305020955057871e-01 -1.870003992027707493e-02
-9.735692779783116091e-01 -2.279655314941363142e-01 -1.394993779954582444e-02
-9.740781479105508067e-01 -2.258818837110232181e-01 -1.221309631925236554e-02
-9.725406016474215098e-01 -2.324539068081408755e-01 -1.140099400412227827e-02
-9.718506038634930899e-01 -2.352285461374603037e-01 -1.318932110573397057e-02
-9.705623414553216088e-01 -2.406970200863456644e-01 -8.585395528488496894e-03
-9.710549862650836861e-01 -2.387638018369718229e-01 -6.639560897657328757e-03
-9.695767192024346004e-01 -2.447112822723825909e-01 -6.115316370225261020e-03
-9.694495302683008298e-01 -2.452008078106207856e-01 -6.647954447419350023e-03
-9.698132837867680101e-01 -2.438199751880021360e-01 -3.746667859340491961e-03
-9.706508360759887877e-01 -2.404906345935793333e-01 1.110160810603963519e-03
-9.714549994061345561e-01 -2.372124029169246362e-01 -2.341646013111014623e-03
-9.715848302468288455e-01 -2.366909858364144859e-01 -5.640357768461725166e-04
-9.711492390072875569e-01 -2.384670181610694384e-01 1.630983673296707796e-03
-9.721089665473824359e-01 -2.344933160595783495e-01 4.131008685563996446e-03
-9.727060103590620121e-01 -2.318948626137007918e-01 8.234897728062594291e-03
-9.729260848978521503e-01 -2.305418482479152931e-01 1.628843415368997488e-02
-9.730701053693445735e-01 -2.300026130269504920e-01 1.527715905826002897e-02
-9.735779655657371690e-01 -2.280624638358171308e-01 1.155340225102939600e-02
-9.717257104374261711e-01 -2.354722969669343635e-01 1.737712392173840215e-02
-9.726441044518567836e-01 -2.318439361813797450e-01 1.455536674376221515e-02
-9.724391809205783499e-01 -2.325722921337284588e-01 1.649823350864234109e-02
-9.733071326427569225e-01 -2.287816980808952405e-01 1.822590417111608768e-02
-9.735709807409761440e-01 -2.278466610735862263e-01 1.566741527063498715e-02
-9.750907215008421947e-01 -2.213808269661362849e-01 1.373454241378312991e-02
-9.771194309770643294e-01 -2.125574793813683472e-01 7.547071885658082277e-03
-9.766531314477427950e-01 -2.145850646581518029e-01 1.009621437820189954e-02
-9.775230881715878395e-01 -2.106799989014375707e-01 7.910298191054050687e-03
-9.767193460148971829e-01 -2.144786978388468213e-01 4.269664047730311295e-03
-9.771676739140767731e-01 -2.124176063484404520e-01 4.703223373141159763e-03
-9.777377069290480449e-01 -2.097592617249231517e-01 5.481908346525950909e-03
-9.782640101615057704e-01 -2.073149136154591454e-01 4.480595979898667827e-03
-9.782874153935335881e-01 -2.071593947018015858e-01 6.224210706843293951e-03
-9.778879123571841969e-01 -2.087148849211447055e-01 1.316626108841308096e-02
-9.781717731540785499e-01 -2.071087600333984258e-01 1.691054498796301306e-02
-9.783607838427220704e-01 -2.061823503332669005e-01 1.729271124781296340e-02
-9.796059385407102083e-01 -1.995411729827872571e-01 2.357007269065562044e-02
-9.807710000194119759e-01 -1.937908313171520791e-01 2.309506613020104529e-02
-9.804633036341714458e-01 -1.959316823553466647e-01 1.739278681911483188e-02
-9.803675483277449754e-01 -1.965176122364119538e-01 1.613447334983311027e-02
-9.798117726213942946e-01 -1.992427305056402309e-01 1.646959419867064650e-02
-9.806520135599438026e-01 -1.950936760928095315e-01 1.612788900413105950e-02
-9.809609550078433049e-01 -1.931540519235891151e-01 2.017771008372088240e-02
-9.812802641972255824e-01 -1.918160911036317640e-01 1.719457137348134185e-02
-9.816323050457570476e-01 -1.899546327092239140e-01 1.775607502125149326e-02
-9.828859303160680794e-01 -1.831815343676752861e-01 1.948836937186614743e-02
-9.828817992716055718e-01 -1.830763502827129074e-01 2.065046530115020179e-02
-9.834389725821246486e-01 -1.800698386438138454e-01 2.055878170228998131e-02
-9.843597482843944313e-01 -1.749215424528095808e-01 2.093712128670899286e-02
-9.847607156768528602e-01 -1.726021878084787187e-01 2.132699540091585744e-02
-9.855694347521499754e-01 -1.671557007281870011e-01 2.668116184057219703e-02
-9.860586788531008340e-01 -1.643813416425745910e-01 2.582788727935259737e-02
-9.872624793124135101e-01 -1.579219578176089822e-01 1.932551199428397121e-02
-9.879823892473512670e-01 -1.528360530790614513e-01 2.306431705660810794e-02
-9.887070622545363063e-01 -1.482692472583285459e-01 2.178528495349068769e-02
-9.894586279464318013e-01 -1.430860965208376745e-01 2.231626908483635291e-02
-9.901701396324827931e-01 -1.381604787222348307e-01 2.178990561357499814e-02
-9.907356248489591621e-01 -1.341006441930467363e-01 2.144672851966114915e-02
-9.914972003261971478e-01 -1.280266367017070805e-01 2.329174520340876117e-02
-9.921554317340680607e-01 -1.222068287172918682e-01 2.632705387641888842e-02
-9.922743361179675592e-01 -1.201660818659740781e-01 3.085090255619834035e-02
-9.926098566919135946e-01 -1.170339673334434838e-01 3.207407730278209051e-02
-9.937172292307295818e-01 -1.069696314639478479e-01 3.291792621034517891e-02
-9.934993392881821261e-01 -1.086805554063751261e-01 3.387658923085840740e-02
-9.934852817405885883e-01 -1.072246255332495457e-01 3.859920055115619031e-02
-9.945723475090737509e-01 -9.395011992431907821e-02 4.471291120888939291e-02
-9.952538486357100922e-01 -8.625152816559071567e-02 4.506078755238668992e-02
-9.958012041524628710e-01 -8.043351166641118932e-02 4.370853264136921601e-02
-9.963823179839391697e-01 -6.992894836210895859e-02 4.829330157101944382e-02
-9.967436637410905798e-01 -5.930532304898050722e-02 5.463489923044780039e-02
-9.970831034743162791e-01 -4.892878835627886142e-02 5.857715789675568135e-02
-9.971638267081864848e-01 -4.093908796470207417e-02 6.315313913644610144e-02
-9.976491071450150905e-01 -2.957203531138247188e-02 6.182053738452466390e-02
-9.979853426695983742e-01 -1.846488225512429165e-02 6.069867367645963296e-02
-9.981040130143722378e-01 -8.167479603524128301e-03 6.100570914728194877e-02
-9.981957171850086574e-01 -3.796092261024348880e-03 5.992432664177056029e-02
-9.980041664970017434e-01 1.226601733307561282e-03 6.313639449780777957e-02
-9.978240649381362459e-01 1.183759905250249440e-02 6.486163744964880407e-02
-9.972435273945435830e-01 2.026177419508238403e-02 7.137810186441903570e-02
-9.967245349564946011e-01 3.316868137988090298e-02 7.375680284117445973e-02
-9.960388920903416876e-01 4.610700874085841422e-02 7.603088435670513068e-02
-9.949545727486186486e-01 6.333199648718618180e-02 7.781055606911270461e-02
-9.941980376092380833e-01 7.944868976251473480e-02 7.251340020666835473e-02
-9.937665237615551650e-01 9.052120708890026846e-02 6.506944370462169891e-02
-9.924524188181642614e-01 9.947959602764024079e-02 7.170796383324863632e-02
-9.912311843852325000e-01 1.120247761722024810e-01 7.008005500723407666e-02
-9.903274007066320550e-01 1.212040499797547577e-01 6.753697558466870143e-02
-9.890135933155097536e-01 1.340499195995483450e-01 6.231176585756492692e-02
-9.877069676002975251e-01 1.432278272956609977e-01 6.261597655871545265e-02
-9.867802850431919293e-01 1.498752823728319583e-01 6.166111932204604990e-02
-9.850656312536433257e-01 1.622377507412574027e-01 5.765968268844046118e-02
-9.838501762730293976e-01 1.692896400325230311e-01 5.813667601853112626e-02
-9.832269254116234869e-01 1.740204783648206799e-01 5.460504391848309408e-02
-9.813618968669072240e-01 1.834364748425925395e-01 5.727051495292768274e-02
-9.802760829229028028e-01 1.899571392034247463e-01 5.454457991277893159e-02
-9.773992809898585099e-01 2.046801766422338686e-01 5.288379080921774139e-02
-9.756510082082621160e-01 2.139826572230849600e-01 4.813062287998585986e-02
-9.742716556221765467e-01 2.198005298308247091e-01 4.982461742348198719e-02
-9.722175598324001022e-01 2.294482683836936987e-01 4.633068605940540013e-02
-9.718066055380840673e-01 2.315679233822520722e-01 4.436487634281968684e-02
-9.714364637742756159e-01 2.329136619380370032e-01 4.541417065872282305e-02
-9.701160165619563402e-01 2.397142711237369717e-01 3.757667657415689894e-02
-9.702500056384602001e-01 2.397400685908557261e-01 3.375870365208498425e-02
-9.678864828986613045e-01 2.490560463857709739e-01 3.415942036612625021e-02
-9.662398711036209731e-01 2.560537577159307521e-01 2.858336135176666598e-02
-9.651978394049788301e-01 2.601828070572002605e-01 2.642085359892194091e-02
-9.624006882107389860e-01 2.705700818220138082e-01 2.401603211079383210e-02
-9.597569719889902373e-01 2.799926397874490380e-01 2.169562172380083004e-02
-9.599326466406775671e-01 2.795948238811628572e-01 1.886987031848396876e-02
-9.588515769110490528e-01 2.831946406089425605e-01 2.011150504189150243e-02
-9.592229696956654506e-01 2.820948530235996010e-01 1.771473852936500046e-02
-9.578052947621908952e-01 2.868888670914200856e-01 1.743040202206791109e-02
-9.568261683950536334e-01 2.901903227536640761e-01 1.653129409512681114e-02
-9.571911724568178403e-01 2.892079715866475165e-01 1.199300661770462580e-02
-9.571405892420773442e-01 2.895820404766241696e-01 4.915074396335221765e-03
-9.561641747825987414e-01 2.928282157457404722e-01 1.315516827430093273e-03
-9.558868348281747140e-01 2.937343947320449344e-01 6.985769816627306105e-04
-9.569596703412752703e-01 2.902182099870072585e-01 -1.266343220229197361e-03
-9.570090458262288102e-01 2.899546851144143012e-01 -7.745355551924870165e-03
-9.584952978237104571e-01 2.849242567021557093e-01 -1.024479215400084936e-02
-9.590517767444254327e-01 2.832008872216468243e-01 -4.119551568599059271e-03
-9.604767417543267349e-01 2.783206130243524590e-01 -4.699852421793267870e-03
-9.606967491024911432e-01 2.775995034160653741e-01 -5.437481436871786228e-04
-9.610382871117573167e-01 2.764057261692822176e-01 -2.304116391438210121e-03
-9.625440360008666874e-01 2.710489093648680847e-01 -6.441376805247031774e-03
-9.612394746975594373e-01 2.754874129127024007e-01 -1.119738702169368640e-02
-9.620554989029740378e-01 2.722611333738081396e-01 -1.797543667814302526e-02
-9.640907020964666341e-01 2.645786939540837879e-01 -2.296207739755747046e-02
-9.642436213101031051e-01 2.639123859324099541e-01 -2.417675503588172237e-02
-9.634882939643315547e-01 2.667037358004726300e-01 -2.365267180506091388e-02
-9.636002171837249053e-01 2.660317376992934468e-01 -2.649075642743985506e-02
-9.630671726573980518e-01 2.673190984839829976e-01 -3.228226626251403525e-02
-9.630899358652177389e-01 2.673365633838500344e-01 -3.144775816639337057e-02
-9.649133086597364573e-01 2.596970852384375417e-01 -3.872667493732708660e-02
-9.668735982999078216e-01 2.523500824788798003e-01 -3.840449746863679181e-02
-9.694653710319026674e-01 2.416179393201272341e-01 -4.192482175469216393e-02
-9.714821163115341385e-01 2.327967194819486052e-01 -4.503565162961857549e-02
-9.727129791757517241e-01 2.277162276438174093e-01 -4.443877387621544828e-02
-9.735272560433639866e-01 2.232946104679815469e-01 -4.882851171965110065e-02
-9.744312596241581081e-01 2.183100799328702435e-01 -5.314559497530225995e-02
-9.760936671784076202e-01 2.099182761042819034e-01 -5.635153384568553775e-02
-9.767975319018001867e-01 2.058781219403384155e-01 -5.899835302827697442e-02
-9.791664091202573195e-01 1.940112729990244034e-01 -5.993992262049496755e-02
-9.809062223082405385e-01 1.837591711183314824e-01 -6.368339929702110380e-02
-9.815573825470584879e-01 1.809650363564584141e-01 -6.161806267515081842e-02
-9.837916373977517726e-01 1.680604937623695616e-01 -6.252767321956405333e-02
-9.852121098513396680e-01 1.575530213121240641e-01 -6.733624354806634627e-02
-9.867202285443684717e-01 1.473387422683766768e-01 -6.837039765830167648e-02
-9.884048340744002736e-01 1.357783605316887632e-01 -6.797165900678665829e-02
-9.896438024187718119e-01 1.278396893651571331e-01 -6.528540217238314181e-02
-9.911300814892065603e-01 1.151612823359524640e-01 -6.632545787436953943e-02
-9.921112152857617383e-01 1.023413372360471030e-01 -7.239898907739024392e-02
-9.931375837906227799e-01 9.522587888393267697e-02 -6.789549255916450810e-02
-9.941653709144321338e-01 8.387620044147298115e-02 -6.782348065369452061e-02
-9.949545402571748909e-01 7.291887582757046460e-02 -6.890810322231902263e-02
-9.953020791384301624e-01 6.623505126100809326e-02 -7.061668104989302086e-02
-9.963462254733563839e-01 5.294498679266617519e-02 -6.701532398744221297e-02
-9.966851051600646993e-01 4.511259844412159048e-02 -6.770288728884654716e-02
-9.970834995953095081e-01 3.225055414904435397e-02 -6.916952351870964133e-02
-9.972368723810012270e-01 1.906791889590969680e-02 -7.179875614097418202e-02
-9.977346794148798104e-01 1.047164021980525987e-02 -6.645209182758514410e-02
-9.978304763325148707e-01 7.536024689528669079e-04 -6.583159421424847335e-02
-9.977113231152662243e-01 -7.215931905184477801e-03 -6.723148312201882026e-02
-9.977724292783267668e-01 -1.675275998118119086e-02 -6.457205662309004057e-02
-9.971195375822726747e-01 -2.889852082915352754e-02 -7.012510172793312568e-02
-9.968207050450158535e-01 -4.444171207504796217e-02 -6.613200836875379740e-02
-9.957736272539035038e-01 -5.921463461842483428e-02 -7.020354024870599507e-02
-9.950700567716971312e-01 -7.192767247832543287e-02 -6.827897630889813441e-02
-9.943844423424971213e-01 -8.391685355218211906e-02 -6.447921209663348696e-02
-9.934438605858464388e-01 -9.150642666060944397e-02 -6.852660854876055363e-02
-9.925061054617082545e-01 -1.012147648026894275e-01 -6.846333573297694319e-02
-9.913198909037453932e-01 -1.101954381301241681e-01 -7.170680570601183079e-02
-9.900253663876407151e-01 -1.216537336032356142e-01 -7.106454545464099826e-02
-9.889918566035172942e-01 -1.296436349137734534e-01 -7.132784958078636217e-02
-9.871844691951803252e-01 -1.423344049887973473e-01 -7.216486453822577862e-02
-9.858349225268838723e-01 -1.533517076278226032e-01 -6.791749202882080283e-02
-9.836346798188098095e-01 -1.674040016603529080e-01 -6.662389378045595334e-02
-9.816012691113742417e-01 -1.774418467763054785e-01 -7.052209479629105437e-02
-9.796948990275294866e-01 -1.878313112445029187e-01 -7.012367410162657910e-02
-9.783865147184548361e-01 -1.958799545336609715e-01 -6.626384831118785346e-02
-9.750797897407252890e-01 -2.108972943261028798e-01 -6.886045015779983236e-02
-9.726101837121695626e-01 -2.219001600091260462e-01 -6.920820936755858743e-02
-9.696976449124289354e-01 -2.345770490955340626e-01 -6.826501408574167651e-02
-9.662418273387215484e-01 -2.484305053947055419e-01 -6.825717361866151522e-02
-9.624976898378415635e-01 -2.641874388833410636e-01 -6.167025568883433700e-02
-9.612921552453239649e-01 -2.696852945100388088e-01 -5.645582584191431025e-02
-9.602016442047427436e-01 -2.733560139268236822e-01 -5.735257815211546734e-02
-9.575362702284345717e-01 -2.831609979554497447e-01 -5.426017293697137783e-02
-9.549029032527210914e-01 -2.922309836693246510e-01 -5.255019830017849947e-02
-9.508999468494293561e-01 -3.049140993912045627e-01 -5.307267586679936811e-02
-9.467572379980335739e-01 -3.175351557107599643e-01 -5.312422275447641756e-02
-9.440577737421632643e-01 -3.260217649800359330e-01 -4.964629097339107178e-02
-9.420604602244869730e-01 -3.321424852630543989e-01 -4.694128613551726281e-02
-9.375561869264971149e-01 -3.451473598285870747e-01 -4.314767465245656491e-02
-9.354351868854321461e-01 -3.510887803147014763e-01 -4.120321457908446977e-02
-9.347347669691201677e-01 -3.533039178532459412e-01 -3.804316597312963621e-02
-9.339693520681739969e-01 -3.558496738785638658e-01 -3.274575406191758409e-02
-9.346708483677800272e-01 -3.542521433504610129e-01 -2.993074644547325316e-02
-9.341509783789657684e-01 -3.559700641845635061e-01 -2.544186336529646181e-02
-9.326147941753368809e-01 -3.598257936653095346e-01 -2.747852586173722689e-02
-9.309376714666561803e-01 -3.643485656061677402e-01 -2.460081318895678687e-02
-9.280800453129197658e-01 -3.712942315107138902e-01 -2.842619613544339688e-02
-9.249747325026694833e-01 -3.793433745592236783e-01 -2.281170050729255244e-02
-9.259480020707031578e-01 -3.774020523507939373e-01 -1.371181366126712764e-02
-9.263271139130617726e-01 -3.765017346332320547e-01 -1.282760077295395408e-02
-9.255455377790416938e-01 -3.785077496046675982e-01 -9.867444461516088755e-03
-9.238559875140277544e-01 -3.826108096854096141e-01 -9.955306148044875542e-03
-9.223123174200111851e-01 -3.863771634658535459e-01 -7.259625140444511508e-03
-9.206119597107447206e-01 -3.904183545530024446e-01 -6.866842051029123373e-03
-9.179756152242666278e-01 -3.965690570780176505e-01 -7.333368213960873155e-03
-9.168760438207808061e-01 -3.991683377493056573e-01 -1.727385476067934758e-03
-9.168809232213338545e-01 -3.991608093646201727e-01 -2.153073516134391876e-04
-9.165405966123534309e-01 -3.999363765574326379e-01 2.062742172015991950e-03
-9.166615711268686351e-01 -3.995823148150429716e-01 8.097110187012729332e-03
-9.171177410915251071e-01 -3.984482326834153376e-01 1.157930697063615927e-02
-9.164084829206735616e-01 -3.999519717420721987e-01 1.529503814061219762e-02
-9.161586721860079940e-01 -4.004992350646938704e-01 1.592719536243994080e-02
-9.195546425132311574e-01 -3.924990134914471129e-01 1.907378872973949924e-02
-9.212446771286537661e-01 -3.880953736078056049e-01 2.627263924952220886e-02
-9.241559624423604236e-01 -3.807692309004117037e-01 3.083140824845637118e-02
-9.264860547856583750e-01 -3.746788875122276652e-01 3.520436819563907416e-02
-9.286835109313552605e-01 -3.690694494859140806e-01 3.653360116820417863e-02
-9.310590490521816198e-01 -3.633933215701350417e-01 3.277753870423871785e-02
-9.330542075142789216e-01 -3.582371236908781231e-01 3.280297362587966670e-02
-9.340584342024138564e-01 -3.553929240037077553e-01 3.508186323410632940e-02
-9.361831859556750679e-01 -3.502440130048425915e-01 2.983621191004982506e-02
-9.381667488367989582e-01 -3.452472821346107557e-01 2.544585203677630914e-02
-9.382850082361521293e-01 -3.445751468347780788e-01 2.982008322692547564e-02
-9.387589685131924044e-01 -3.431878722532571424e-01 3.088218315700809458e-02
-9.430026203996009215e-01 -3.310538559467810504e-01 3.390322159517428213e-02
-9.444445139255429611e-01 -3.267480084703321408e-01 3.550105853086666513e-02
-9.468272544842248895e-01 -3.199756676765852514e-01 3.367117824644420832e-02
-9.485756284624499157e-01 -3.145923587442574498e-01 3.515609395029932471e-02
-9.498231602373525817e-01 -3.105498687673562963e-01 3.734661098698135312e-02
-9.516128297037264039e-01 -3.050941653960085875e-01 3.675049177436668507e-02
-9.540327915862063524e-01 -2.971589501617920015e-01 3.896173789067947091e-02
-9.555587444036902633e-01 -2.923337178574267337e-01 3.805928870980330309e-02
-9.575553294561931494e-01 -2.853960773598276379e-01 4.045857348355026001e-02
-9.585646500862784469e-01 -2.809643940519984673e-01 4.704090996779780598e-02
-9.608255962517402438e-01 -2.728333550542623720e-01 4.874587538435150302e-02
-9.611963971150461195e-01 -2.711512809040388938e-01 5.077888806735376265e-02
-9.632799680906333206e-01 -2.622285468240088679e-01 5.768812055143834883e-02
-9.648586283915430162e-01 -2.563953470362163589e-01 5.752634333426197982e-02
-9.676569778582730930e-01 -2.450352755841821162e-01 5.998094691758744379e-02
-9.698056789754190277e-01 -2.341687479993904142e-01 6.813200506605497642e-02
-9.723353945129472597e-01 -2.230040924151861226e-01 6.952037870072512449e-02
-9.742386971454959355e-01 -2.142977430042021236e-01 7.025287211567815548e-02
-9.774219472141310039e-01 -1.993181787035635533e-01 7.013293411374835196e-02
-9.798801405598402958e-01 -1.871366283558346111e-01 6.938890438057099264e-02
-9.808570317203026967e-01 -1.819734579829690169e-01 6.931934434001506273e-02
-9.825234947946636099e-01 -1.687926050926514265e-01 7.846442904427577969e-02
-9.844753341321066387e-01 -1.576656331375005105e-01 7.713554606153376347e-02
-9.861065996169617875e-01 -1.475708884907215024e-01 7.626686615368698241e-02
-9.874132047727626205e-01 -1.390415868531029442e-01 7.538320725458302896e-02
-9.892623797704417354e-01 -1.261059047162929048e-01 7.387335418699700340e-02
-9.901950509003467626e-01 -1.159689908469056924e-01 7.787799472478955376e-02
-9.915025341343384202e-01 -1.051158521123631007e-01 7.663817620196318459e-02
-9.925362276986087195e-01 -9.158174662270311683e-02 8.052731318616394851e-02
-9.939218567692192918e-01 -7.450354505479353517e-02 8.104685200317852944e-02
-9.945448642295567909e-01 -6.442428087048954199e-02 8.203689949738326992e-02
-9.951218323532150523e-01 -5.499476849160033626e-02 8.190324791553695027e-02
-9.964211564706063617e-01 -4.270683517989549288e-02 7.294540217163296425e-02
-9.966836320759168144e-01 -3.478745344743756213e-02 7.356355889979077078e-02
-9.968955419564189402e-01 -2.518725360485334769e-02 7.459830622624474827e-02
-9.968379966695779526e-01 -1.762358124551443445e-02 7.748189795897326981e-02
-9.966698487142964247e-01 -7.800654047250308448e-03 8.116889407236971277e-02
-9.967782750181495288e-01 4.524457397835451172e-03 8.007887705909019771e-02
-9.963739498762662627e-01 2.075753167883449823e-02 8.251123598806683890e-02
-9.964194187332938712e-01 3.065148874541599386e-02 7.879628975039529304e-02
-9.962207959888652598e-01 4.265790311670137475e-02 7.566013181055303294e-02
-9.960639071069669059e-01 4.919652744789455162e-02 7.373209036599315258e-02
-9.961791253865126539e-01 5.431671752367798339e-02 6.838765080070211000e-02
-9.954868240922026823e-01 6.564391831661633980e-02 6.853382741519954691e-02
-9.948852175169183853e-01 7.475870379698779100e-02 6.793060131285530434e-02
-9.941020703381138190e-01 8.506918134813951093e-02 6.726317338191131756e-02
-9.931118479406743083e-01 9.660122036266315104e-02 6.631054244244467821e-02
-9.920262057432044367e-01 1.075376188028808883e-01 6.572437870791705827e-02
-9.910213022466978217e-01 1.180950443484692219e-01 6.269262341296781560e-02
-9.888077123381424638e-01 1.350437946088888508e-01 6.342324290045701918e-02
-9.870795363006388268e-01 1.480208763420229334e-01 6.135010339861018264e-02
-9.857943277024926454e-01 1.580389962376798074e-01 5.686163049215234994e-02
-9.839039097965610603e-01 1.706324462030047451e-01 5.308191835934709946e-02
-9.823051553775996592e-01 1.803588573768456493e-01 5.047068033913494622e-02
-9.810018809185867550e-01 1.874922794264184400e-01 4.981947465902980543e-02
-9.796204436851763120e-01 1.947489808303267400e-01 4.915939403521864259e-02
-9.777875894310984473e-01 2.037286276718557054e-01 4.925547148359160632e-02
-9.760763576700280941e-01 2.118634005551457422e-01 4.887605474360295216e-02
-9.739238778845006328e-01 2.218641926972184930e-01 4.741924954212514698e-02
-9.725652810024526529e-01 2.279143859384223925e-01 4.660291856861314280e-02
-9.702798631109859073e-01 2.377098842102700338e-01 4.528822399733378745e-02
-9.694464350277905984e-01 2.413645146616126558e-01 4.378133943231325015e-02
-9.677209936060285900e-01 2.479383291497959385e-01 4.519611206435315137e-02
-9.671690547208343647e-01 2.501464169651745340e-01 4.484210899055139643e-02
-9.656812994609426104e-01 2.558096500575394172e-01 4.495637751188406861e-02
-9.644161792001152422e-01 2.614046935957401452e-01 3.961116312132943740e-02
-9.634448092424795496e-01 2.658800757492174593e-01 3.289239217582375086e-02
-9.608859381109875475e-01 2.752276169118665350e-01 3.078956415244166883e-02
-9.590969481755533543e-01 2.812375067075779667e-01 3.222628209120896592e-02
-9.572596718361102708e-01 2.876616610731638768e-01 3.007846143299935937e-02
-9.568474627796409449e-01 2.892212144933744566e-01 2.817883018081688423e-02
-9.565850188157015710e-01 2.901575365129203110e-01 2.745414710630064703e-02
-9.554748980856986318e-01 2.940837856508173864e-01 2.413442518226771583e-02
-9.552751642917598485e-01 2.950691282284019223e-01 1.958556659711595954e-02
-9.545748438038681449e-01 2.972193642469035391e-01 2.115517635771332200e-02
-9.539868258516555066e-01 2.990546486069424192e-01 2.180544999159208727e-02
-9.528059671801449859e-01 3.034013865670301402e-01 1.041209675346938673e-02
-9.514256367215334631e-01 3.077429193767856619e-01 9.142077008144244149e-03
-9.500421211242564556e-01 3.120225855198670017e-01 7.867552002589418142e-03
-9.493368303047807766e-01 3.142413109239792779e-01 3.464852796462731740e-03
-9.520719882416025515e-01 3.058614227187498313e-01 2.782695278348267139e-03
-9.523244418224078300e-01 3.050833634772862069e-01 -1.524129302631745120e-03
-9.533340627864022032e-01 3.018778641246789296e-01 -4.893269502480990414e-03
-9.523611034761541028e-01 3.049033022971237017e-01 -6.506075055322871337e-03
-9.528684398040384584e-01 3.032754201701032271e-01 -8.110496674317816887e-03
-9.538100510917603136e-01 3.003334852137784505e-01 -6.797667722654178978e-03
-9.531421926066678818e-01 3.021973353058988176e-01 -1.402694704838201509e-02
-9.531802485050893115e-01 3.016248165072709653e-01 -2.167736246654789617e-02
-9.544543112938386198e-01 2.979231756859319069e-01 -1.608642627764600430e-02
-9.557925086114655855e-01 2.936663556117901086e-01 -1.485853562298303406e-02
-9.562034366302395449e-01 2.919734901619510103e-01 -2.065170508461040139e-02
-9.584734270771901876e-01 2.844805336295193610e-01 -1.998848774934632033e-02
-9.585128424632589628e-01 2.840344926729571062e-01 -2.403251756959154384e-02
-9.596343822170479987e-01 2.805539753756715604e-01 -1.978240049746193482e-02
-9.613217171884700374e-01 2.745226452555584729e-01 -2.231361498440096597e-02
-9.626654687597759885e-01 2.696095187389443981e-01 -2.420592532539248345e-02
-9.620625661964976594e-01 2.717443727113214580e-01 -2.430306112525641715e-02
-9.638832684675076035e-01 2.646218472655373910e-01 -3.007236822413511187e-02
-9.647208100368616090e-01 2.609431797023387678e-01 -3.496341554260876811e-02
-9.649244495802696830e-01 2.594877086752094275e-01 -3.983667270614271727e-02
-9.674577743950967257e-01 2.498541619743403219e-01 -3.997971176634700780e-02
-9.678388616623047058e-01 2.476898523404693631e-01 -4.401931204174885232e-02
-9.696645874625628991e-01 2.404187460689770628e-01 -4.415245513732458243e-02
-9.704790798270525043e-01 2.366946316977247278e-01 -4.632528401462127077e-02
-9.727625357540071738e-01 2.275985853877532106e-01 -4.395404144134603536e-02
-9.748655902665338546e-01 2.176557605023050623e-01 -4.757179706553595760e-02
-9.768330151961973629e-01 2.077046105757038852e-01 -5.153717481725189620e-02
-9.775508911825880887e-01 2.033887732599901355e-01 -5.502079048734318661e-02
-9.801875545401395051e-01 1.910255423383733220e-01 -5.236053126797945989e-02
-9.811438012463556957e-01 1.854104536005174442e-01 -5.458782067491177448e-02
-9.820506055699799175e-01 1.807915656231791068e-01 -5.376842087685992227e-02
-9.835792759032816468e-01 1.717109497870479562e-01 -5.556242461463452298e-02
-9.862161369441613257e-01 1.578491612414356371e-01 -4.961248398661569081e-02
-9.872814220477726943e-01 1.527742190635714981e-01 -4.399382295208759813e-02
-9.871685180966045525e-01 1.528044371876947083e-01 -4.635887885072013243e-02
-9.882277546402994384e-01 1.467185839862118479e-01 -4.335420040458259211e-02
-9.895393727997859878e-01 1.383985579355966056e-01 -4.071478056206993129e-02
-9.902620105301339626e-01 1.326885928266830217e-01 -4.212970904006584083e-02
-9.909871148467340740e-01 1.267855740305162682e-01 -4.324327708851948004e-02
-9.920214083279356165e-01 1.190914630573890465e-01 -4.136149617310822674e-02
-9.930257064167238301e-01 1.096830640117838346e-01 -4.323883015172979433e-02
-9.936250384178657580e-01 1.028259653295913595e-01 -4.621827135446843204e-02
-9.936408536803724711e-01 1.028303611585858618e-01 -4.586714995830493830e-02
-9.944250148343584117e-01 9.497483884178022084e-02 -4.581151143862387948e-02
-9.946514416721917717e-01 9.160140653272917655e-02 -4.772543016823225376e-02
-9.948246058655462187e-01 8.957290536342155107e-02 -4.796585219711119175e-02
-9.953730229203046065e-01 8.195096378562352624e-02 -5.016582093550282784e-02
-9.954309158578632521e-01 8.034142740564119423e-02 -5.160011257598954432e-02
-9.961119434269485318e-01 7.250188092150702812e-02 -5.004496195302913369e-02
-9.962515045888700183e-01 6.809475345923828027e-02 -5.334856194370556776e-02
-9.970726600009139906e-01 5.671876767116811047e-02 -5.127491351848255385e-02
-9.970964454917324860e-01 5.339630404358507165e-02 -5.429123196458394279e-02
-9.975190352374190272e-01 4.517110806639514087e-02 -5.399416723814172425e-02
-9.979778133631670434e-01 3.548702409284321124e-02 -5.273499666468814406e-02
-9.983526445062129717e-01 2.582545733645144267e-02 -5.123541390248850802e-02
-9.984679789665652505e-01 1.646827482440824109e-02 -5.282533132809118931e-02
-9.986918542445458735e-01 6.561026615143015703e-03 -5.071052965496501003e-02
-9.988413093529292519e-01 -1.298357201112437451e-03 -4.810797762052169968e-02
-9.986101885204801132e-01 -1.155426347172837376e-02 -5.142193384139330525e-02
-9.984158828942343300e-01 -2.436821731918182091e-02 -5.071429420294746443e-02
-9.985347875563435061e-01 -3.188424449410021816e-02 -4.372296473633427438e-02
-9.978179260036210696e-01 -3.784281220612503716e-02 -5.410483501014164143e-02
-9.970221908633363217e-01 -4.684763298515517982e-02 -6.125419033495131671e-02
-9.966032593791765981e-01 -5.330855513366430931e-02 -6.277074980724223208e-02
-9.959724273491433744e-01 -6.103175366164883403e-02 -6.568161731444742413e-02
-9.955351359573607617e-01 -6.856303578532735310e-02 -6.487625917626813066e-02
-9.945942360795249071e-01 -8.272290079071700775e-02 -6.276346799594854919e-02
-9.937264054999764840e-01 -9.418338195725831086e-02 -6.031042213908865968e-02
-9.925678903623016414e-01 -1.049375024301337916e-01 -6.162084924219878718e-02
-9.912063775667824261e-01 -1.165518057745238978e-01 -6.265476197631576760e-02
-9.897804412109461047e-01 -1.241522075907261213e-01 -7.014936881067578012e-02
-9.889057973654126199e-01 -1.328555461664816806e-01 -6.644361527849333704e-02
-9.880637710621780201e-01 -1.400941490242667009e-01 -6.405965863179774455e-02
-9.866871145962581302e-01 -1.505941370110986666e-01 -6.140007813811057535e-02
-9.841104203292786456e-01 -1.674294558341062888e-01 -5.911077407369035031e-02
-9.821114269984777545e-01 -1.781760819810225549e-01 -6.091350148652653618e-02
-9.800703521674696272e-01 -1.884895954843390231e-01 -6.272003841880773034e-02
-9.783158602926479430e-01 -1.977912143830062863e-01 -6.145517867205644441e-02
-9.777985290680325514e-01 -2.015122352936219996e-01 -5.747070053689956604e-02
-9.759665990456165563e-01 -2.112516163173143724e-01 -5.349745808879492054e-02
-9.747202965927781459e-01 -2.171997275463757315e-01 -5.238938451977129263e-02
-9.723547371259376737e-01 -2.281698974926756607e-01 -4.964663852343011163e-02
-9.706941707554738175e-01 -2.349745688100411678e-01 -5.039647345241041881e-02
-9.681752115351408561e-01 -2.456039234029379070e-01 -4.811962240313806538e-02
-9.665698306708810916e-01 -2.518672094592347421e-01 -4.801767087144626078e-02
-9.639513671724529997e-01 -2.612623079528670900e-01 -5.039636729382614838e-02
-9.620057193955861008e-01 -2.682252155181410469e-01 -5.099269839662730341e-02
-9.599182624956816845e-01 -2.757695510611778422e-01 -5.008103121963743132e-02
-9.587989689179127195e-01 -2.790644454467890445e-01 -5.317516547069874727e-02
-9.579539493391037164e-01 -2.819716032918826998e-01 -5.306855579978279197e-02
-9.561104781739137026e-01 -2.889236758838799601e-01 -4.874309100536365624e-02
-9.543382370585413721e-01 -2.951277715564133430e-01 -4.624017307430071388e-02
-9.535055749221393873e-01 -2.976256393681522838e-01 -4.739328270967290563e-02
-9.527429420470924226e-01 -3.009730200880171846e-01 -4.118438251961333008e-02
-9.508747982678488198e-01 -3.069888109913647689e-01 -3.993762245734782529e-02
-9.481054757090559004e-01 -3.159796212789745540e-01 -3.539648839582327372e-02
-9.454846826853029462e-01 -3.242056091103543425e-01 -3.081335777981733526e-02
-9.435427429498755014e-01 -3.294963913167450742e-01 -3.404769715926878743e-02
-9.425222055764584939e-01 -3.327097581689288375e-01 -3.092141838280546701e-02
-9.420207750534294044e-01 -3.344372439515139739e-01 -2.736082010667635969e-02
-9.408266475761067893e-01 -3.381128010085073798e-01 -2.291240275177082106e-02
-9.408690527647798341e-01 -3.382546546311846480e-01 -1.868794729340573016e-02
-9.392536491479828165e-01 -3.428456267878229879e-01 -1.610850505911823327e-02
-9.383515266882024308e-01 -3.452387836088399165e-01 -1.751056437453641160e-02
-9.400338104775338710e-01 -3.408438682171814893e-01 -1.272469862590116033e-02
-9.401896920883153763e-01 -3.402947571577104591e-01 -1.558353093372482137e-02
-9.390208250000322554e-01 -3.435509898098629833e-01 -1.458193707865596163e-02
-9.386012925053864864e-01 -3.446869609113176747e-01 -1.478302942100239749e-02
-9.395595149143166624e-01 -3.421066762563034769e-01 -1.381901867717448204e-02
-9.390817657501819848e-01 -3.434400990771177553e-01 -1.320457725502900692e-02
-9.377107103734799720e-01 -3.472132022590502243e-01 -1.190130571605352815e-02
-9.363692560543757093e-01 -3.509789760716440221e-01 -5.138085264704200968e-03
-9.364450179060124224e-01 -3.507434731857868027e-01 -7.054764593303106991e-03
-9.343482393617158488e-01 -3.563540841326634512e-01 -2.271477066829121275e-03
-9.351975754523416118e-01 -3.541149863144134047e-01 2.845458767023888343e-03
-9.357828675677687391e-01 -3.525665796368121496e-01 2.693879991999304901e-03
-9.353059441207147717e-01 -3.538377535903322046e-01 1.288541289296334753e-03
-9.353870162367982077e-01 -3.536209965821731638e-01 1.829192455148915403e-03
-9.344996519603010476e-01 -3.559485751276136867e-01 3.322296849205901102e-03
-9.358429107973303962e-01 -3.524174663515415862e-01 -3.252658920878349555e-05
-9.365334771966531413e-01 -3.505742035222590980e-01 -1.673091423566104748e-03
-9.358551650225606089e-01 -3.523815496336160091e-01 1.542369939436337347e-03
-9.335624139534822730e-01 -3.584148921409300859e-01 -9.859097073004080038e-05
-9.340448068931007652e-01 -3.571005912019016293e-01 6.284257871992601080e-03
-9.335294862175008701e-01 -3.584414861093777604e-01 6.513433389070644522e-03
-9.339655803258525291e-01 -3.572597265119885068e-01 8.591158621457140737e-03
-9.330908195568540231e-01 -3.595249913993447954e-01 9.128441320130371156e-03
-9.335509466702276438e-01 -3.583979525385047049e-01 5.793359383051260511e-03
-9.347744866244416251e-01 -3.552194558550239023e-01 3.977779513556758614e-03
-9.340406725647526498e-01 -3.570666058682083754e-01 8.454959949035657091e-03
-9.344156749964294129e-01 -3.560721141419225799e-01 8.945458958375059749e-03
-9.337294035151801896e-01 -3.579411958796002158e-01 5.246593765637208931e-03
-9.344248809916656517e-01 -3.561246225829575174e-01 5.041866262028641722e-03
-9.344249771650754433e-01 -3.561569626470217909e-01 1.485081014809562505e-03
-9.338062405267244515e-01 -3.577038708943405254e-01 7.339706993558797396e-03
-9.335054773723784338e-01 -3.582190944311127168e-01 1.570444348610992857e-02
-9.354591304214647796e-01 -3.529559107775911975e-01 1.839472594114566900e-02
-9.375192213276892783e-01 -3.474755614541953364e-01 1.784571152113459055e-02
-9.394372733798359576e-01 -3.420995113642071317e-01 2.062909168645142219e-02
-9.402434089971025699e-01 -3.398119922363470047e-01 2.168334613983002521e-02
-9.427561617072119926e-01 -3.324669807250453801e-01 2.601061649220941241e-02
-9.443065833695452049e-01 -3.275423233912787557e-01 3.164062228010799255e-02
-9.444880232228786143e-01 -3.269526132196046708e-01 3.231700301735850045e-02
-9.463454059203250113e-01 -3.212214011987855056e-01 3.531586278636984766e-02
-9.480006119257344821e-01 -3.158333796638362334e-01 3.929557607744700587e-02
-9.506342710646723537e-01 -3.075936581529024050e-01 4.099573693028561727e-02
-9.509665726086300452e-01 -3.065906633079595878e-01 4.080158400675266278e-02
-9.519609377751307999e-01 -3.032960400655643762e-01 4.221269209330454075e-02
-9.526939270377341451e-01 -3.010842957921229801e-01 4.150366916330989336e-02
-9.537849188455670424e-01 -2.975615748095300495e-01 4.185049731744408530e-02
-9.553347098523620184e-01 -2.924625252365853911e-01 4.244160517067745858e-02
-9.569549831236169313e-01 -2.865150554711886066e-01 4.632828166005752840e-02
-9.593899360202420290e-01 -2.787496026595606136e-01 4.323928806102640687e-02
-9.603889854850253815e-01 -2.745347645632676414e-01 4.778792807223750105e-02
-9.615332707946234736e-01 -2.691456512009181568e-01 5.490368217490377428e-02
-9.638194174033019035e-01 -2.607844674014873076e-01 5.516900329706998785e-02
-9.648631184995931642e-01 -2.565359114075385638e-01 5.682002702883170303e-02
-9.669561536444024608e-01 -2.477145426038385168e-01 6.027710426990639386e-02
-9.697626275163084841e-01 -2.357191295873179715e-01 6.322155817709494696e-02
-9.716097408577848427e-01 -2.268889282934600793e-01 6.705186870735371785e-02
-9.740522905013688781e-01 -2.160973019282119156e-01 6.726157066676584362e-02
-9.764766373747257866e-01 -2.042519591978415039e-01 6.909805485203389386e-02
-9.786364534081751776e-01 -1.923587203630213738e-01 7.258679169427138811e-02
-9.814929383517521089e-01 -1.786373658863391334e-01 6.899514917323468222e-02
-9.832581571456715519e-01 -1.688594650593734647e-01 6.848287810369407813e-02
-9.841308994233913809e-01 -1.620660874424947884e-01 7.225637289827135934e-02
-9.861621346984696945e-01 -1.522274062385012838e-01 6.565887498007440259e-02
-9.879541234665313310e-01 -1.412945224635394348e-01 6.310732793843801258e-02
-9.895772957536494996e-01 -1.300514743322645494e-01 6.183378254330426649e-02
-9.906313489196161282e-01 -1.210922072169866442e-01 6.313663617407382078e-02
-9.917489352800824554e-01 -1.083422390700943816e-01 6.852763094062756799e-02
-9.927571362284676182e-01 -9.807870343867552965e-02 6.938201552474575207e-02
-9.936558673368018901e-01 -8.601004624022220990e-02 7.245907287477562631e-02
-9.945791493425010232e-01 -7.775631731254237233e-02 6.903838563533783168e-02
-9.954758760034495557e-01 -6.424230687763229919e-02 7.000524490681964140e-02
-9.966100108068923769e-01 -5.096098148559597557e-02 6.458708864502410441e-02
-9.972493654249298123e-01 -4.333734352989752903e-02 6.012989990733177276e-02
-9.976202893473925526e-01 -3.130316463868099836e-02 6.143205484530599864e-02
-9.981002532384993797e-01 -1.717470071053530181e-02 5.916875145423605015e-02
-9.979225192040926951e-01 -4.700838949144187442e-03 6.425399131119295670e-02
-9.975342945213305779e-01 7.552790185183443430e-03 6.977331020743943180e-02
-9.973953421501381422e-01 1.769934660249559977e-02 6.992347811385092593e-02
-9.969981718694812534e-01 3.002215744494739214e-02 7.136766474821566730e-02
-9.970467319833333786e-01 3.606111712365906580e-02 6.780441133918659047e-02
-9.962144223542986898e-01 5.035160753288794866e-02 7.086302615768158564e-02
-9.951919923734121598e-01 6.349280010172683730e-02 7.457607552317151167e-02
-9.945294528727101069e-01 7.640498207018014964e-02 7.122832640013800065e-02
-9.939456166933735570e-01 8.371246313535349315e-02 7.116433775441001475e-02
-9.932291476670030983e-01 9.386317480138599290e-02 6.845139032653484168e-02
-9.925042202348227649e-01 1.004250674019370043e-01 6.964342675052677401e-02
-9.908123183476174045e-01 1.122430934766965871e-01 7.544843633024191087e-02
-9.889755466132383876e-01 1.256275529680045688e-01 7.839078502093459189e-02
-9.874777670364964788e-01 1.350370274261454007e-01 8.156402387432568069e-02
-9.856707062724977542e-01 1.475425298853930145e-01 8.175872942905328122e-02
-9.846977223820665426e-01 1.584549675427116000e-01 7.254272366724288934e-02
-9.824827531138162762e-01 1.712494438555242082e-01 7.349350933993718804e-02
-9.807706230755742771e-01 1.807244934398838376e-01 7.367272557361786989e-02
-9.791943166000491861e-01 1.905559146666814807e-01 6.976361323037681694e-02
-9.786761117762212692e-01 1.955564139715462169e-01 6.285527070749025169e-02
-9.772810509799860768e-01 2.018522692724443179e-01 6.463309315351470352e-02
-9.750050832842465098e-01 2.111762066432432972e-01 6.906320040802935156e-02
-9.736289776055184753e-01 2.177562433638630390e-01 6.803573153551153996e-02
-9.717226134729629594e-01 2.270987733639555084e-01 6.466326452017173709e-02
-9.690516062558587329e-01 2.385724983490817019e-01 6.342062396210725039e-02
-9.672483427806881640e-01 2.464235120984515914e-01 6.087794415956783445e-02
-9.661674499433157148e-01 2.518061668080955329e-01 5.580448853589254493e-02
-9.643011821903498815e-01 2.585620674295724397e-01 5.717442850790366293e-02
-9.626512035940206768e-01 2.656065385507212495e-01 5.249623652537187268e-02
-9.621056833541221653e-01 2.685329717433090901e-01 4.735741788921732365e-02
-9.585066469025887992e-01 2.812307755077897431e-01 4.662924568637635825e-02
-9.557754419101587295e-01 2.906077910379512574e-01 4.517127550185727480e-02
-9.544811726583994904e-01 2.953455061005008653e-01 4.167434083157823405e-02
-9.536095682839509369e-01 2.979007426531403713e-01 4.340468221154028527e-02
-9.519526823411675887e-01 3.038103649494171554e-01 3.854063257748992916e-02
-9.514758971409712496e-01 3.052185588124903814e-01 3.918260000166238349e-02
-9.491735922051258711e-01 3.122285712452595452e-01 3.978490676087040323e-02
-9.464258165036454340e-01 3.208290638534876393e-01 3.670031670497891918e-02
-9.450098569795997161e-01 3.249072330322159696e-01 3.730533132467848956e-02
-9.433764988902567650e-01 3.298037796556492762e-01 3.564092871463821893e-02
-9.435001614054923103e-01 3.292364328554305275e-01 3.756120656009891839e-02
-9.414177228775318929e-01 3.354489552887432446e-01 3.473754242577448137e-02
-9.409575374273103643e-01 3.367299583876112723e-01 3.481199920984081458e-02
-9.392544637123453333e-01 3.416201396758087871e-01 3.311736599695389027e-02
-9.358579137743320286e-01 3.507817079548466999e-01 3.349904427464656109e-02
-9.371037526222596448e-01 3.481534386660615765e-01 2.501534714542293786e-02
-9.345782535660909218e-01 3.549858931375892146e-01 2.342074342903482931e-02
-9.351001514411884097e-01 3.541463074757414953e-01 1.296639552916880461e-02
-9.345885081138542994e-01 3.555936371289474818e-01 9.874891298658103680e-03
-9.341457621440298897e-01 3.568520492408100986e-01 5.323322020635908904e-03
-9.330078720737376985e-01 3.598010959802701580e-01 6.285675446630507000e-03
-9.341216248717415516e-01 3.569454068374123268e-01 2.606583730228567708e-03
-9.344880622109910107e-01 3.559866358707723388e-01 -2.367386691156593732e-03
-9.328018545144870499e-01 3.603769360456675064e-01 -3.031834396500193100e-03
-9.339298955700120475e-01 3.573689560086360517e-01 -7.899832674470561727e-03
-9.334461984357450559e-01 3.585804101414103440e-01 -9.915240724825340884e-03
-9.334976025941111866e-01 3.582613854266145648e-01 -1.519978980643477834e-02
-9.354150141952163322e-01 3.533284189089436755e-01 -1.256214670334548054e-02
-9.361643870732136996e-01 3.512629108415478152e-01 -1.451329688831285748e-02
-9.377255764158434204e-01 3.467479326145478935e-01 -2.089599770081262617e-02
-9.385258401172313913e-01 3.445887362634179607e-01 -2.068522241911190454e-02
-9.384880014120272618e-01 3.447055905672240517e-01 -2.045373294685341389e-02
-9.389292719842771140e-01 3.434476035351741730e-01 -2.134464795886489852e-02
-9.415154855712901671e-01 3.363109510403967106e-01 -2.106093027349215802e-02
-9.419883907906452247e-01 3.345363728711784890e-01 -2.726380567557806778e-02
-9.441583564764415293e-01 3.283423252746037191e-01 -2.750170161751610415e-02
-9.456349253883328254e-01 3.238677607802640246e-01 -2.973700882049371344e-02
-9.474780233778272720e-01 3.184276576268675329e-01 -2.982030108928156176e-02
-9.500121652660573623e-01 3.107207266685844127e-01 -3.048842653776857523e-02
-9.508895349115161766e-01 3.076309448478672381e-01 -3.423919550293792746e-02
-9.527850614809640906e-01 3.019009246577433747e-01 -3.250363909847166222e-02
-9.542057109503089274e-01 2.975107616418225520e-01 -3.128635632427907709e-02
-9.553873423798738829e-01 2.932734605668975703e-01 -3.501045097576735432e-02
-9.559164547913425736e-01 2.912680738936274105e-01 -3.723800387687612595e-02
-9.575543038953229225e-01 2.852615068129180087e-01 -4.142048097147139202e-02
-9.599112233855340293e-01 2.765250704455998187e-01 -4.587327443470790717e-02
-9.616043054230086762e-01 2.702389585527044669e-01 -4.783402312244109528e-02
-9.625363464790616108e-01 2.661551293450477029e-01 -5.181947135680807504e-02
-9.638151350521734217e-01 2.607960788420207732e-01 -5.518894476293205453e-02
-9.642658522074353256e-01 2.585507518768433988e-01 -5.781785115890904214e-02
-9.654402850840825279e-01 2.531881052593621950e-01 -6.181317282582513006e-02
-9.688828118747438989e-01 2.403996658751375581e-01 -5.894172137824985058e-02
-9.710349717887880594e-01 2.306528967395564123e-01 -6.237270329527768581e-02
-9.736948218032051017e-01 2.170055598865114899e-01 -6.947669570885463275e-02
-9.761933899011715488e-01 2.046953801847084531e-01 -7.173769730919310472e-02
-9.782218541164013903e-01 1.934576085109169508e-01 -7.520763517003623000e-02
-9.796426677234196800e-01 1.855362184543763726e-01 -7.665889284501103962e-02
-9.818698865717445656e-01 1.723028174036883575e-01 -7.901452992187185664e-02
-9.841519402640448444e-01 1.606001636519366615e-01 -7.518361932648259804e-02
-9.861178310364271393e-01 1.488064369777131746e-01 -7.367698561070590291e-02
-9.884983803760716281e-01 1.319022301026429866e-01 -7.397826937815650539e-02
-9.905896416463447762e-01 1.175844426161164608e-01 -7.004349380746149878e-02
-9.916277788938998583e-01 1.074508548485117732e-01 -7.161488882749574014e-02
-9.923611262548590606e-01 9.988488305263898415e-02 -7.240466590252808698e-02
-9.932831621139380784e-01 8.758884587220959472e-02 -7.560942267702402964e-02
-9.946291845835291134e-01 6.777828795823284680e-02 -7.822352736119901617e-02
-9.950109670131018769e-01 5.856120030814442046e-02 -8.076999973879887829e-02
-9.950080249115114128e-01 4.565958138284031964e-02 -8.873705795033597077e-02
-9.954498129440585430e-01 2.846085978244377798e-02 -9.093779217542297122e-02
-9.957701826621401242e-01 1.711017992654095474e-02 -9.027190994866207685e-02
-9.957262983429255865e-01 4.121194218691812822e-03 -9.226151675552284048e-02
-9.959013549421176226e-01 -8.487935224529129935e-03 -9.004709246654578336e-02
-9.958228938441809897e-01 -2.162292835285563319e-02 -8.870876848266567860e-02
-9.956424897714373223e-01 -3.466000562160988924e-02 -8.657221745773903410e-02
-9.950547861423266749e-01 -4.645368134806514976e-02 -8.779556037607387509e-02
-9.947655915664985748e-01 -5.773070814438956838e-02 -8.431260401456495968e-02
-9.938695431455302209e-01 -7.114457074095015265e-02 -8.462749738630763463e-02
-9.932951358574342304e-01 -7.936440555086864135e-02 -8.406007521348715650e-02
-9.917483790255460230e-01 -9.659214982095454261e-02 -8.429200049300177022e-02
-9.909610170667798590e-01 -1.054855899198732933e-01 -8.287994353859866326e-02
-9.898698105920251678e-01 -1.172693430620592031e-01 -8.003556196490901886e-02
-9.883908519912903978e-01 -1.319087594021242371e-01 -7.538988159846048143e-02
-9.871688266628692032e-01 -1.405722135303422715e-01 -7.574425267206080781e-02
-9.846275998369984350e-01 -1.582407547055474650e-01 -7.394852577878824329e-02
-9.825322887169797292e-01 -1.712461870063601843e-01 -7.283595434383989542e-02
-9.807939790726473150e-01 -1.815739131561922570e-01 -7.123282759395771491e-02
-9.790522587455861014e-01 -1.897551546536933031e-01 -7.382199608889775111e-02
-9.772608070769766009e-01 -1.992805476676032250e-01 -7.244728684680748487e-02
-9.751234829341349775e-01 -2.094186176161200452e-01 -7.265030440628096609e-02
-9.716879920314486219e-01 -2.251933174035407881e-01 -7.148738946623911517e-02
-9.683467200437075872e-01 -2.408871398564965960e-01 -6.540677316460366542e-02
-9.663804775342640374e-01 -2.494098773311717587e-01 -6.247812344490857178e-02
-9.639866562769832115e-01 -2.581223517914313925e-01 -6.405160651528853111e-02
-9.612962167045265849e-01 -2.689650725788651497e-01 -5.972774491343977449e-02
-9.569147618043455372e-01 -2.845339512409756910e-01 -5.791890139753482630e-02
-9.529740281929007795e-01 -2.984656835906892014e-01 -5.252396417253298033e-02
-9.524804214543722836e-01 -3.002623414771997123e-01 -5.122111410941256743e-02
-9.507710310842745205e-01 -3.058546541254190676e-01 -4.987390578113153061e-02
-9.497187212713615878e-01 -3.092788347530930904e-01 -4.879531014114505544e-02
-9.475004031549730810e-01 -3.162161952143540122e-01 -4.743767775642317858e-02
-9.466947367323557128e-01 -3.188700060467010156e-01 -4.572771634744279140e-02
-9.455657437998256087e-01 -3.227006361957249769e-01 -4.206843092305029286e-02
-9.434114639275865688e-01 -3.283820726655116151e-01 -4.626071205104402562e-02
-9.402990763215153258e-01 -3.370291461041404757e-01 -4.742395106607839861e-02
-9.379052294083695118e-01 -3.440238908470915624e-01 -4.451260974191279668e-02
-9.353541082445476773e-01 -3.509073149286516813e-01 -4.446096904775478920e-02
-9.330436125965142491e-01 -3.570601277332550727e-01 -4.401944352420329026e-02
-9.310473639505568721e-01 -3.619012918612757868e-01 -4.667215855972197541e-02
-9.276853534524538425e-01 -3.703454189728124235e-01 -4.737283006691624804e-02
-9.232752639244009574e-01 -3.803413720491710670e-01 -5.388188570149564371e-02
-9.210832087889690989e-01 -3.862127347585679882e-01 -4.945175150568580785e-02
-9.191940840871279939e-01 -3.905323514966793641e-01 -5.066308294892212655e-02
-9.143365420859289605e-01 -4.018337564311549315e-01 -5.018316199821295370e-02
-9.106984459960864031e-01 -4.106336296701315614e-01 -4.481508640970482960e-02
-9.086810453021118006e-01 -4.151376979411073309e-01 -4.426600255927681110e-02
-9.055974308104473014e-01 -4.230221522295676828e-01 -3.075029587593912372e-02
-9.044301219349719645e-01 -4.257425380512961377e-01 -2.737653051178222385e-02
-9.018350099824955501e-01 -4.314335181262944352e-01 -2.363816148078365029e-02
-9.015273652040390884e-01 -4.323356945267387563e-01 -1.828347598210279881e-02
-8.991372698944626318e-01 -4.375588289016051902e-01 -9.719545649412237101e-03
-8.976417313879224702e-01 -4.406995340642818615e-01 -4.824023766802888746e-03
-8.957515596509567635e-01 -4.445546069642001830e-01 6.109797677875984656e-04
-8.960997437595080717e-01 -4.438527303930628887e-01 -1.773131378165057268e-04
-8.972215582231812814e-01 -4.415431574730391828e-01 5.757093447703529217e-03
-9.002695329419142523e-01 -4.352709660174875483e-01 7.347302678442868724e-03
-9.012503650957913726e-01 -4.332475040259202714e-01 6.663957010306960881e-03
-9.009026058283421401e-01 -4.339925055951603383e-01 5.002854837185084433e-03
-9.022951368906575453e-01 -4.310349760104985051e-01 8.506711953901312240e-03
-9.035177969967546074e-01 -4.283437794558014322e-01 1.331262108421886123e-02
-9.047514941275081046e-01 -4.258339175991759373e-01 9.499327980855769987e-03
-9.058903718566005958e-01 -4.233330214543316594e-01 1.232136010454005018e-02
-9.071676002748475520e-01 -4.204683248395182926e-01 1.591733790176978747e-02
-9.078557126414162903e-01 -4.189735999597166138e-01 1.609833500127711564e-02
-9.066155536213407196e-01 -4.216248150884954193e-01 1.675655238929092683e-02
-9.065822399687309963e-01 -4.213460883371193955e-01 2.400301846513738444e-02
-9.085921875674558557e-01 -4.165128028506986935e-01 3.126261015559091833e-02
-9.131932600153084278e-01 -4.059317346993498998e-01 3.602118961217311288e-02
-9.181876808681842528e-01 -3.943692359547959492e-01 3.747423148218730071e-02
-9.178973744361196285e-01 -3.950299578637613829e-01 3.762674559517247691e-02
-9.195728741701770792e-01 -3.906136635723949646e-01 4.250558391197604979e-02
-9.233437210123308647e-01 -3.815108114094617475e-01 4.342698969746464771e-02
-9.251870948137327355e-01 -3.766374723850717809e-01 4.661634693011458552e-02
-9.273523364437427086e-01 -3.711694755847078087e-01 4.744359085597176645e-02
-9.278528073946050725e-01 -3.693402827267048827e-01 5.173928116091954660e-02
-9.314843044965716023e-01 -3.604084434486353183e-01 4.942442875597290869e-02
-9.346545314523675430e-01 -3.521522184535814670e-01 4.908922126693007065e-02
-9.378227898699468268e-01 -3.432340579780737144e-01 5.175737843408444172e-02
-9.383570125203268830e-01 -3.417161771551383009e-01 5.211718819116142182e-02
-9.407116786468042724e-01 -3.346645672882707645e-01 5.532806866199101170e-02
-9.439037143543634878e-01 -3.255595229313473782e-01 5.528838193713560278e-02
-9.468629897471383394e-01 -3.160432699299023374e-01 5.972570963476127315e-02
-9.484285234967387845e-01 -3.101525471081674201e-01 6.548865328111720674e-02
-9.519489943109156194e-01 -2.988316143599178965e-01 6.702841919269822424e-02
-9.547151159905138407e-01 -2.893069021946512165e-01 6.943049930917984114e-02
-9.569582146780203358e-01 -2.800125191838812033e-01 7.631510578097355779e-02
-9.576122352121465564e-01 -2.759127717713527050e-01 8.277065013983292419e-02
-9.616502522362772032e-01 -2.623564789523437635e-01 7.998688265222750338e-02
-9.651558518589210545e-01 -2.476009818186137301e-01 8.466384647106384165e-02
-9.690592468302993145e-01 -2.304354196726640935e-01 8.845182324947646613e-02
-9.719000921603151433e-01 -2.173186968608464276e-01 9.045897733723747003e-02
-9.746219909362199285e-01 -2.044540167111597306e-01 9.116228203106536976e-02
-9.757457796496380453e-01 -1.982767532200725435e-01 9.277141011422454508e-02
-9.777389116975317984e-01 -1.887881333224355196e-01 9.157343023553211891e-02
-9.812724773837768755e-01 -1.687307962968880859e-01 9.292080227150788241e-02
-9.834402863554757568e-01 -1.550151049618412324e-01 9.389117409853950380e-02
-9.847091627306474582e-01 -1.434088279646825170e-01 9.890300897823646464e-02
-9.869133246317112196e-01 -1.264947910991563451e-01 1.000059490262342615e-01
-9.884118619375653614e-01 -1.159085869235437910e-01 9.801644151713911901e-02
-9.907206900795948457e-01 -9.908240003944397689e-02 9.303345349349192994e-02
-9.918193525507934538e-01 -8.367740201846424197e-02 9.639759387470875351e-02
-9.924493694255464016e-01 -7.082509901409854425e-02 1.001403331735397501e-01
-9.936468166325405083e-01 -5.222060343977492913e-02 9.969475506860707437e-02
-9.941845616850235601e-01 -4.013456231515123707e-02 9.993150684312303300e-02
-9.945196014111328253e-01 -2.750950955015216831e-02 1.008663531400759428e-01
-9.947603831872743330e-01 -9.372527041530128583e-03 1.018035745838489492e-01
-9.950978256147385848e-01 6.621658948897761465e-04 9.889343136092904052e-02
-9.946380891204911201e-01 1.576525657012573661e-02 1.022084170850077883e-01
-9.941692953504354113e-01 2.852544297198178480e-02 1.039891512203793139e-01
-9.941308153058053820e-01 3.852606879091072939e-02 1.010925132517750541e-01
-9.940797746775391630e-01 5.350600057216117061e-02 9.456501190145923108e-02
-9.935076165676793858e-01 6.907155293965783205e-02 9.039782958428689563e-02
-9.925423575021505851e-01 8.232545719195905054e-02 8.990116139524449712e-02
-9.916911250954095758e-01 9.673680913741238008e-02 8.479818834357509549e-02
-9.908077413224000152e-01 1.105012605903085837e-01 7.803538292531793374e-02
-9.892312358522736826e-01 1.192509381895960341e-01 8.485756080125592127e-02
-9.881670830258932892e-01 1.294684205835033575e-01 8.224216702658335154e-02
-9.870434727549382004e-01 1.386399832861130721e-01 8.077232116534500961e-02
-9.860719583928211351e-01 1.459565699797094607e-01 7.974209974760065878e-02
-9.842767390255654503e-01 1.564869484546162759e-01 8.192170647117177906e-02
-9.824024316135968604e-01 1.677005667327893801e-01 8.223145561929975922e-02
-9.802314868072905529e-01 1.801271990966628045e-01 8.185630354671349918e-02
-9.787370714656145054e-01 1.883856032790752477e-01 8.114579108304856292e-02
-9.769312318096647907e-01 1.965989684527437442e-01 8.339210941321788251e-02
-9.749875801334568770e-01 2.082128796528178727e-01 7.776017907352256175e-02
-9.712296830143051229e-01 2.249042529439033988e-01 7.830076620372380947e-02
-9.678040811970763935e-01 2.380972060632648712e-01 8.163952016423835223e-02
-9.645732105128040912e-01 2.528513469282536175e-01 7.526452014849248362e-02
-9.623114980558938880e-01 2.608661038288260792e-01 7.684716482399049642e-02
-9.587617814522165771e-01 2.742166873745993105e-01 7.470665833184374216e-02
-9.568548886296662781e-01 2.809109473541934743e-01 7.428184003064701446e-02
-9.530859497682694359e-01 2.942330753784646036e-01 7.109219060214878871e-02
-9.503978681734217560e-01 3.026599443837107994e-01 7.169993112341406516e-02
