1.000000000000000000e+00 0.000000000000000000e+00 0.000000000000000000e+00
9.999403657965943992e-01 4.477111790790199580e-03 -9.960957349311431661e-03
9.997939832523494719e-01 7.505076211814573975e-03 -1.885909581786896633e-02
9.995310094765709197e-01 1.541948042157283323e-02 -2.645754289303648907e-02
9.990520516327640044e-01 2.377739510721585403e-02 -3.646416602482026315e-02
9.986510720309402789e-01 2.969440576674381438e-02 -4.259437610684102538e-02
9.978414972496407742e-01 4.275639961572922504e-02 -4.984214868548821759e-02
9.967570555388047815e-01 5.713699002588795706e-02 -5.666339449292304847e-02
9.955733554787434825e-01 7.179954069792836291e-02 -6.065083307410740199e-02
9.936627117911361884e-01 8.768370606107576959e-02 -7.032771486304749409e-02
9.914588129216106438e-01 1.067972515292474195e-01 -7.485836230369209698e-02
9.892644477665559766e-01 1.161013769248250838e-01 -8.874868223233091380e-02
9.858140623335400754e-01 1.359237100393753672e-01 -9.846515589273335811e-02
9.820693908251419968e-01 1.530778766608674457e-01 -1.100312878912572540e-01
9.777390836948733899e-01 1.749550305906757974e-01 -1.158319109811261488e-01
9.726268315532854425e-01 1.961407567527522766e-01 -1.246028193224592850e-01
9.662925268313552474e-01 2.235661841679590645e-01 -1.276594195315785274e-01
9.606660700798101971e-01 2.430923540749178879e-01 -1.342640087160663909e-01
9.533890973445319217e-01 2.671971864615540482e-01 -1.401959657055422137e-01
9.474593667845611078e-01 2.870203320907859790e-01 -1.412093959421098777e-01
9.381800395942536674e-01 3.141325355993474511e-01 -1.453925047345236976e-01
9.274372846653713420e-01 3.398254779488573685e-01 -1.561369454014717717e-01
9.170319283905143948e-01 3.657529361045413485e-01 -1.589882102402413178e-01
9.054160133015504153e-01 3.900643335563840908e-01 -1.675460505001666878e-01
8.927127295353247671e-01 4.148946781966429964e-01 -1.758590635291172599e-01
8.766060408796136905e-01 4.429825920896221514e-01 -1.879582308069012997e-01
8.593759910218936593e-01 4.729831571614753205e-01 -1.943189792031612129e-01
8.430909096257521718e-01 5.006410002795462777e-01 -1.963576681682819292e-01
8.279558981399613993e-01 5.227852095931152521e-01 -2.029400977229064429e-01
8.117954306860469815e-01 5.491806966492958075e-01 -1.984660389163585281e-01
7.919216973989204877e-01 5.773448011574492389e-01 -1.988291557479837102e-01
7.732525030836976399e-01 6.025764074422358396e-01 -1.974392733889266671e-01
7.493677680279419162e-01 6.322947979682437269e-01 -1.965992457930185733e-01
7.251874354758107710e-01 6.580215658819504876e-01 -2.027580575503165339e-01
7.049422603762200978e-01 6.796479215948508790e-01 -2.028179966338230777e-01
6.806686722460433270e-01 7.037375735429874934e-01 -2.035770464325469820e-01
6.604024934902358313e-01 7.217487988877213656e-01 -2.072371742785154292e-01
6.363728558746702957e-01 7.422432452969317529e-01 -2.100109087648751038e-01
6.122674462772578208e-01 7.611481901926820948e-01 -2.139673713276466216e-01
5.824852922035177460e-01 7.836321483429617984e-01 -2.159434409525156362e-01
5.554131416631953311e-01 8.033536930524087794e-01 -2.148001738911253511e-01
5.258048071368746079e-01 8.233365905506758731e-01 -2.136496942465926085e-01
4.946099995456417764e-01 8.416818736486910701e-01 -2.166393328540689167e-01
4.633555931187483545e-01 8.578858965706269712e-01 -2.221112615399528090e-01
4.358532751131865002e-01 8.730627817156718651e-01 -2.186168588492557463e-01
4.039794550972042875e-01 8.876358740672692926e-01 -2.211406445785482344e-01
3.695295418952284083e-01 9.024802659224544499e-01 -2.213081944969555737e-01
3.423004530497293918e-01 9.117301329201121796e-01 -2.271092144430461035e-01
3.064049177359794429e-01 9.243292919354382242e-01 -2.274454155196597993e-01
2.748761490551879239e-01 9.346987111372232482e-01 -2.253474039564563047e-01
2.414963477886020726e-01 9.437413579520259610e-01 -2.259021771168120973e-01
2.112676819656750804e-01 9.512398596457640743e-01 -2.247414653478781166e-01
1.763906596335282628e-01 9.590737695526884155e-01 -2.215036556617878960e-01
1.410074135383450056e-01 9.645094212821261337e-01 -2.232454155851995303e-01
1.123759797872207894e-01 9.682744902212100380e-01 -2.231953867701899352e-01
7.513899743470062176e-02 9.715905707293426286e-01 -2.244235366553810895e-01
4.298914047377400127e-02 9.742357212140485556e-01 -2.213972065474390516e-01
1.058032232504509118e-02 9.754612220815644941e-01 -2.199170087342757485e-01
-1.916822107435837627e-02 9.744818638587899873e-01 -2.236463859658768261e-01
-4.797577883633507428e-02 9.733925181875433541e-01 -2.240655257428968428e-01
-8.328851085661069520e-02 9.699614355930042953e-01 -2.285560467891451231e-01
-1.175485781801266782e-01 9.670503860232195770e-01 -2.258227451022872811e-01
-1.521811635472079260e-01 9.617156362187380125e-01 -2.279121721357129926e-01
-1.804848306077444231e-01 9.570673497622999015e-01 -2.268200685207906742e-01
-2.108547786491174747e-01 9.520110723317273260e-01 -2.218450142884204612e-01
-2.424945006377447199e-01 9.442249814327381419e-01 -2.227905552760902907e-01
-2.785806053974456131e-01 9.341397079254327718e-01 -2.231050924045588080e-01
-3.128228573510016819e-01 9.248386679111814113e-01 -2.163684994556962782e-01
-3.450951560564675114e-01 9.136185572735202598e-01 -2.149662627213607957e-01
-3.732777792706888365e-01 9.036335361998194537e-01 -2.100241904825498607e-01
-3.967125562473610700e-01 8.928584401206031140e-01 -2.131266815891883493e-01
-4.227302673937389788e-01 8.819818994272841106e-01 -2.083436576309898869e-01
-4.456906834468430390e-01 8.704834562422516520e-01 -2.088501775619634182e-01
-4.741382716821955778e-01 8.552892572754671185e-01 -2.089813754166388315e-01
-4.988377788846242167e-01 8.415414979239398408e-01 -2.072891869914364749e-01
-5.236086168305138511e-01 8.265836932673991111e-01 -2.063817912174275848e-01
-5.498571828659832850e-01 8.100815184938793267e-01 -2.035314239968665229e-01
-5.758665831714577799e-01 7.921528618156785662e-01 -2.021671350071483908e-01
-5.955811533278559944e-01 7.778159800960858794e-01 -2.007122802940914663e-01
-6.163658169215660010e-01 7.607929035193193856e-01 -2.031929294931424101e-01
-6.376945043700656957e-01 7.438030713530130456e-01 -2.002566828174490166e-01
-6.565592713425616456e-01 7.281760373897555594e-01 -1.966967464088380524e-01
-6.786758254413520763e-01 7.082517505184996454e-01 -1.943672047401177605e-01
-6.962211770360418051e-01 6.912358149083012160e-01 -1.935694945037735037e-01
-7.171520218228604193e-01 6.699849665706633095e-01 -1.918675338814637699e-01
-7.371681461591957918e-01 6.495239405426601609e-01 -1.862841976314449921e-01
-7.543061005915777661e-01 6.317781043693007081e-01 -1.785462406942288915e-01
-7.690099965104295610e-01 6.141263894166378856e-01 -1.774047055568425679e-01
-7.864452097195291369e-01 5.945929064764826633e-01 -1.672221136232807104e-01
-7.995817277213425056e-01 5.784049548195279167e-01 -1.616069177444739713e-01
-8.113053582735083591e-01 5.626811515626513049e-01 -1.586617911814520165e-01
-8.217006630292607028e-01 5.484848821520255102e-01 -1.548301670496566862e-01
-8.330585745764653716e-01 5.319165705951726109e-01 -1.519151040405674613e-01
-8.430330962133435468e-01 5.167763214261142934e-01 -1.491222911102883519e-01
-8.520883649179668007e-01 5.026343997374643768e-01 -1.459592531406237736e-01
-8.633399747898053977e-01 4.834357623760365819e-01 -1.446857855097656576e-01
-8.736453867420579389e-01 4.662235557107531903e-01 -1.392097625812715178e-01
-8.844697345327462434e-01 4.470367502532547332e-01 -1.336841637664181737e-01
-8.925721712362361115e-01 4.315947967584627953e-01 -1.305406951830466455e-01
-9.005620430231329188e-01 4.153041142585240930e-01 -1.284932749815856368e-01
-9.074727748207994660e-01 4.014952201644936269e-01 -1.236720362897488351e-01
-9.155807675169098658e-01 3.849852092448955987e-01 -1.161820429677342392e-01
-9.223686815035911923e-01 3.684785628307971628e-01 -1.160154489429043451e-01
-9.294352314524459979e-01 3.488352496652784573e-01 -1.202669538999849713e-01
-9.367539111458025314e-01 3.276237547042578635e-01 -1.231048605625710141e-01
-9.433343302187719992e-01 3.092422009420630613e-01 -1.203728512225837460e-01
-9.473879331790459046e-01 2.949980508567088267e-01 -1.242267082695752978e-01
-9.518465963739796143e-01 2.779179900466386410e-01 -1.294205132656748303e-01
-9.562081724538921135e-01 2.597900162572035487e-01 -1.348150616921455769e-01
-9.620344670904589224e-01 2.363132073407013811e-01 -1.365495329456555829e-01
-9.652209856015108169e-01 2.211271404143614616e-01 -1.394677733296159627e-01
-9.698393772039028971e-01 2.010944898743353693e-01 -1.377411034145335500e-01
-9.746883288387574451e-01 1.755133132669127738e-01 -1.384837957076768267e-01
-9.787582916352453033e-01 1.551484831702112377e-01 -1.340193185853675306e-01
-9.818108412899365645e-01 1.357907623637726879e-01 -1.326965093033518617e-01
-9.847111622293049926e-01 1.132056196847353036e-01 -1.323950052102738084e-01
-9.867594979700041735e-01 9.708753941240377827e-02 -1.299219972262075640e-01
-9.889283554716510327e-01 7.610593774105647857e-02 -1.273915857123126827e-01
-9.901227663466479756e-01 5.493987461027957653e-02 -1.289904651374697564e-01
-9.909328762999324303e-01 3.416910047707169551e-02 -1.299404855065860454e-01
-9.908643907715469767e-01 1.501470369056499485e-02 -1.340236580935879329e-01
-9.908183498661190525e-01 -7.272423198989148158e-03 -1.350041956040030910e-01
-9.919485292912512131e-01 -2.117308142503092697e-02 -1.248592749234270077e-01
-9.928141433250400327e-01 -3.768373509887450179e-02 -1.135783204769386517e-01
-9.929602938374988419e-01 -5.062093972895766181e-02 -1.070859318798985937e-01
-9.934106949040366619e-01 -6.489016896109729704e-02 -9.446945715207979988e-02
-9.935591445520334242e-01 -7.708639036687700563e-02 -8.305380417578750452e-02
-9.936429736196548124e-01 -8.340888876721402889e-02 -7.560831647480542594e-02
-9.944962466490523401e-01 -8.526233371203334466e-02 -6.088981084548648198e-02
-9.942376472274233601e-01 -9.128590784227177957e-02 -5.619967065147378482e-02
-9.943246756238978135e-01 -9.269070239846693982e-02 -5.221965380740129642e-02
-9.945139431322995716e-01 -9.805768163144057414e-02 -3.642426643439123507e-02
-9.946695194585921662e-01 -9.895025280922414845e-02 -2.900713310891271310e-02
-9.950261357380174587e-01 -9.764163007857896981e-02 -1.972614104594302628e-02
-9.954625617548868988e-01 -9.466498066122912280e-02 -9.635828769621735193e-03
-9.955801417967303779e-01 -9.390938884967098277e-02 1.108002452457897830e-03
-9.961960132847644811e-01 -8.708628653251974938e-02 3.082465671246024854e-03
-9.963350185854025209e-01 -8.436168857542955535e-02 1.412998039340179930e-02
-9.966443726519875757e-01 -7.899518716595964329e-02 2.144236648222043462e-02
-9.969538278359051375e-01 -7.092092690585732884e-02 3.245470712019175169e-02
-9.970677417113471552e-01 -6.147320460741118042e-02 4.557395401133512713e-02
-9.970900807322586878e-01 -5.502373218703300595e-02 5.276155559652962596e-02
-9.974924252932502178e-01 -4.638459688328225305e-02 5.345421047908334444e-02
-9.980350091765393117e-01 -3.465619858083024418e-02 5.220239659878102290e-02
-9.983264726438006997e-01 -2.515831185198290007e-02 5.207048306659078224e-02
-9.985324329199563032e-01 -1.960032949464609806e-02 5.048593141983216681e-02
-9.984292660789053642e-01 -1.184796572266842707e-02 5.475991516108417306e-02
-9.985155883149036127e-01 -8.060564069296064643e-03 5.386714354092403401e-02
-9.985477625689179737e-01 3.854282425904022660e-03 5.373576394250807048e-02
-9.986693742606370661e-01 1.212820544425500385e-02 5.012393980831922335e-02
-9.986272282883666973e-01 2.459140187429824376e-02 4.624871306642400204e-02
-9.984725807558172406e-01 2.943467480839825900e-02 4.675603706477669819e-02
-9.982552719517322481e-01 3.297410104715425838e-02 4.898104075024985876e-02
-9.980360382426675114e-01 4.121064279496620270e-02 4.717807588797039847e-02
-9.977960356945182463e-01 4.628588310816356133e-02 4.754692153673822225e-02
-9.974718287574411146e-01 5.094059673701753499e-02 4.954823990465553191e-02
-9.966796926924299527e-01 6.483770195281465809e-02 4.925123548385932498e-02
-9.958451608184977211e-01 7.492169693091443872e-02 5.176076516728831539e-02
-9.952287632975098663e-01 8.092727295101836971e-02 5.450235939066202379e-02
-9.948053505290205267e-01 8.593259657098038795e-02 5.457037097932451730e-02
-9.944399684424619634e-01 9.083824457591896384e-02 5.326898190328684113e-02
-9.944402788874897592e-01 9.396707609186175092e-02 4.752622751339920931e-02
-9.941445358035205793e-01 9.670521673721151068e-02 4.821581656685162975e-02
-9.930532726940612953e-01 1.078882233671718816e-01 4.696116191521847866e-02
-9.910565642351562010e-01 1.224378254013285400e-01 5.306494025004220016e-02
-9.904631169763689069e-01 1.291201584492741861e-01 4.807099900593848896e-02
-9.903085709049783691e-01 1.314584468357974656e-01 4.480662289914550539e-02
-9.891077801309819950e-01 1.408921016254979786e-01 4.260559980784072581e-02
-9.876892909980793389e-01 1.498046119323543923e-01 4.503848343600021231e-02
-9.867400269076938013e-01 1.571523136642380969e-01 4.058684189354686694e-02
-9.854881306306849664e-01 1.659875313549306064e-01 3.551487091246883360e-02
-9.850938904823622888e-01 1.683665225463357451e-01 3.525284739746856189e-02
-9.842045024427503730e-01 1.739069810721339815e-01 3.313429453768655664e-02
-9.841239224655666806e-01 1.744282741717843865e-01 3.278573725226640451e-02
-9.829923597353000808e-01 1.810948464634703492e-01 3.050736586962719821e-02
-9.826492318426360839e-01 1.834006987757491880e-01 2.765308189747640866e-02
-9.823805779476179056e-01 1.851589331771016644e-01 2.538880828084742400e-02
-9.815395527634405148e-01 1.899476947730907583e-01 2.236071396748798637e-02
-9.802781541192808756e-01 1.958233448709371660e-01 2.660789862815145582e-02
-9.790732981717805705e-01 2.012885286222008407e-01 2.997377635563276688e-02
-9.785375896228376558e-01 2.031847433441773265e-01 3.435357480277462933e-02
-9.772056718064657810e-01 2.096487640446607348e-01 3.341396393684178956e-02
-9.754194245698291077e-01 2.171101245042596772e-01 3.768504384787415423e-02
-9.741085463965717395e-01 2.237408056765240461e-01 3.244401304074936293e-02
-9.718313595738858890e-01 2.334219539109814168e-01 3.252725404340448684e-02
-9.686648296580407935e-01 2.464264818001234980e-01 3.102352243646740171e-02
-9.667653032655232348e-01 2.533799946836483019e-01 3.410936761300725761e-02
-9.663936999939884975e-01 2.547938092264190879e-01 3.410797054562379749e-02
-9.653105753885926621e-01 2.595841043541450288e-01 2.813552745089640400e-02
-9.639329824741238451e-01 2.647349462439211876e-01 2.736120639536407384e-02
-9.619249101373301691e-01 2.723479178915327870e-01 2.295867388771614254e-02
-9.611916185478812658e-01 2.748278108715195844e-01 2.409084146454412365e-02
-9.608562509624661852e-01 2.763743949902480734e-01 1.929975634188953182e-02
-9.605838613320996089e-01 2.774871490341530578e-01 1.671972728078888193e-02
-9.605261809724515709e-01 2.777290569380681529e-01 1.600151273878818239e-02
-9.612964777336588940e-01 2.750832957194003781e-01 1.543645481222623295e-02
-9.617370619107633578e-01 2.734767051378515501e-01 1.650264542276030921e-02
-9.607145544154838124e-01 2.773109041615195447e-01 1.123517101898934348e-02
-9.595562037328076999e-01 2.813910740523016263e-01 8.424780800868208325e-03
-9.599695358000596146e-01 2.800402632721477048e-01 5.996907495348507977e-03
-9.580642773887730890e-01 2.865509312858303126e-01 1.193974755628691986e-03
-9.591161751185405260e-01 2.829987790645487333e-01 2.806257951417878878e-03
-9.582731034302043316e-01 2.858498669464016317e-01 1.591916547418858151e-03
-9.576669126244222729e-01 2.878190468042176042e-01 -5.856801265692785502e-03
-9.584288087374220888e-01 2.848967033783548763e-01 -1.575146504541446307e-02
-9.580365449730317007e-01 2.860554094019075455e-01 -1.839301187602739029e-02
-9.594091149525132423e-01 2.816562922490122300e-01 -1.427952422012978423e-02
-9.592854034025535270e-01 2.817003772554610985e-01 -2.040671286353444580e-02
-9.611680422654030886e-01 2.754117277175826550e-01 -1.744695692404267182e-02
-9.616926801792223811e-01 2.736889632996956090e-01 -1.554225794385894963e-02
-9.618778442416004992e-01 2.731383555753727488e-01 -1.365551131965883971e-02
-9.626285458189014488e-01 2.704408291591589020e-01 -1.442436237165123022e-02
-9.622676944429653378e-01 2.717779504072169727e-01 -1.332859526817939053e-02
-9.641949241182908859e-01 2.648019260463326252e-01 -1.442601368299914477e-02
-9.642427280984054994e-01 2.647902188957521052e-01 -1.105092313537462019e-02
-9.652549757803162711e-01 2.608449470823322458e-01 -1.558098333283913957e-02
-9.636423610515276739e-01 2.666771506782871226e-01 -1.663487271573583018e-02
-9.638168501024397816e-01 2.660395631983262232e-01 -1.673475333748244281e-02
-9.647222961742639713e-01 2.622280929477732725e-01 -2.339530627013733377e-02
-9.659744018118180398e-01 2.572965684018624910e-01 -2.630499648100388665e-02
-9.667457684151221642e-01 2.537706385609258541e-01 -3.167182255777079014e-02
-9.676554180345715572e-01 2.497494529497447380e-01 -3.561214630311598794e-02
-9.684847538806151679e-01 2.468484849406245019e-01 -3.321338930925811506e-02
-9.686820754763905139e-01 2.457640112189595494e-01 -3.542752743230013351e-02
-9.695910177966053922e-01 2.420117683870533221e-01 -3.638110030899988773e-02
-9.726151414676861284e-01 2.292090980899857966e-01 -3.850971678671706588e-02
-9.736017891836209470e-01 2.252636883067260509e-01 -3.682185699087742181e-02
-9.752662010532721082e-01 2.172803914520893276e-01 -4.055972122582469225e-02
-9.776194788275186509e-01 2.060140489333454339e-01 -4.264256971844000710e-02
-9.779192295094331078e-01 2.050455552035014839e-01 -4.037726259100146708e-02
-9.779465998863795528e-01 2.044166345687777886e-01 -4.282884288094963854e-02
-9.788996035599516476e-01 1.989710926004100433e-01 -4.654130498443743991e-02
-9.797852200722589888e-01 1.940041744464060802e-01 -4.881931442367931639e-02
-9.813629962576322363e-01 1.849289907490284934e-01 -5.222988363084193897e-02
-9.821926617494745049e-01 1.807938642943254792e-01 -5.109967319253760215e-02
-9.841920640893153660e-01 1.704348826200427214e-01 -4.814513895004492866e-02
-9.858657167460266324e-01 1.603875436498826690e-01 -4.842155550079171866e-02
-9.867316792979078377e-01 1.545700243751876313e-01 -4.968624895072367570e-02
-9.879828085214142908e-01 1.471795362757956915e-01 -4.720356748830224769e-02
-9.898647662634811883e-01 1.325011619661975171e-01 -5.109999588626117778e-02
-9.907062672874967779e-01 1.258484000814447112e-01 -5.160712319391997510e-02
-9.916088485079302961e-01 1.171875726043506982e-01 -5.458010204578465224e-02
-9.925876616151539933e-01 1.085832826813334651e-01 -5.458413582163591793e-02
-9.932513857870701734e-01 1.000521786855225054e-01 -5.866233427266345779e-02
-9.938387913606080426e-01 9.229878584362748162e-02 -6.136297224879026790e-02
-9.949054098804074320e-01 7.667276259308586361e-02 -6.545637514827878922e-02
-9.956275726706081963e-01 6.526817566800581505e-02 -6.682683680280665506e-02
-9.961900320961992739e-01 5.635784581266357895e-02 -6.655251675409569467e-02
-9.967261257309260047e-01 5.360904134595156911e-02 -6.052375714328923906e-02
-9.970420616266634228e-01 4.221321061517061685e-02 -6.422769591081260721e-02
-9.969625955748843138e-01 3.608008318553250493e-02 -6.902054329685929079e-02
-9.971214948208468876e-01 2.167932720003905994e-02 -7.265504851132416342e-02
-9.973584072765053765e-01 7.863934354197642945e-03 -7.221073773098761472e-02
-9.969359135526243421e-01 8.164061030582073566e-04 -7.821855755828753531e-02
-9.969961803991591598e-01 -1.650378177896880474e-02 -7.567209638748022271e-02
-9.969549531720690583e-01 -3.106621879816211934e-02 -7.152437367704177207e-02
-9.968706204440362928e-01 -3.688864311461489964e-02 -6.991579698149170963e-02
-9.963747393711724909e-01 -4.539012089049587056e-02 -7.195234791345103686e-02
-9.960829025766939626e-01 -5.419299676124573334e-02 -6.987127378647460529e-02
-9.956674486548894309e-01 -6.030578014053489255e-02 -7.077831021183932092e-02
-9.950610085827726881e-01 -6.782518485308121348e-02 -7.248005396150285218e-02
-9.948351441226309655e-01 -7.701435765476503936e-02 -6.611996264052173722e-02
-9.942087915378503560e-01 -8.592107501693585503e-02 -6.454821758185239067e-02
-9.933800774575129999e-01 -9.784883942747447938e-02 -6.018014967415232647e-02
-9.924717918057344157e-01 -1.056188782499181134e-01 -6.200338098482878479e-02
-9.918049540808323572e-01 -1.140921426502257141e-01 -5.749730494803004244e-02
-9.910014637090729384e-01 -1.202159136145594109e-01 -5.885794015362900283e-02
-9.895151470616011524e-01 -1.318208306592097423e-01 -5.901750950857655165e-02
-9.883688506468862878e-01 -1.411531961819215142e-01 -5.659341167985833948e-02
-9.876071577214243780e-01 -1.465499429255321118e-01 -5.617152474480362201e-02
-9.867543537933781694e-01 -1.519100212498002977e-01 -5.691409926075075010e-02
-9.863006837129091320e-01 -1.552614794158626854e-01 -5.572125543153293864e-02
-9.852417421650019325e-01 -1.626727688605483224e-01 -5.325695771987800503e-02
-9.839964893808569313e-01 -1.702311769482837134e-01 -5.265243620073557784e-02
-9.837550059880459941e-01 -1.723332118826071124e-01 -5.027301463489530081e-02
-9.823763198867659918e-01 -1.805808591301852617e-01 -4.824254512681811630e-02
-9.803464141543786203e-01 -1.912991780937530473e-01 -4.822402341273300530e-02
-9.798229468097313655e-01 -1.934095954802665662e-01 -5.039588313917053169e-02
-9.789997197116241390e-01 -1.989354077781694263e-01 -4.454521403537691632e-02
-9.774047757485926358e-01 -2.075860714361298653e-01 -3.984910128094009546e-02
-9.765055273908829214e-01 -2.118869569729001645e-01 -3.925424808864277221e-02
-9.750778831095296972e-01 -2.194104110219705916e-01 -3.289706494874602288e-02
-9.732655062720267924e-01 -2.272754159954004372e-01 -3.316870622695888143e-02
-9.715987669482070155e-01 -2.343794171781047597e-01 -3.259061724692031287e-02
-9.704896572505770092e-01 -2.393127856734391934e-01 -2.965196671052313868e-02
-9.697622329545524389e-01 -2.426032676096939178e-01 -2.654975348651972267e-02
-9.707815604625605888e-01 -2.387333671892187259e-01 -2.428095202459967447e-02
-9.713798785586693629e-01 -2.366348785091773876e-01 -2.061769207935465129e-02
-9.703726645816098673e-01 -2.406089063438001108e-01 -2.200612358146612768e-02
-9.702526830840996208e-01 -2.410267378411169170e-01 -2.271268527133899970e-02
-9.700838889611977933e-01 -2.419388018386849637e-01 -2.007206973067647213e-02
-9.702989368687654492e-01 -2.413544274220900399e-01 -1.637183389362974889e-02
-9.698392438011089745e-01 -2.432957116666235320e-01 -1.480071950168268188e-02
-9.694216109123039438e-01 -2.450905989878756075e-01 -1.234350064346468809e-02
-9.696340075223665034e-01 -2.442441535898198512e-01 -1.243817981166648289e-02
-9.699182202439583511e-01 -2.430319580506107580e-01 -1.393329908309158711e-02
-9.702248150391787895e-01 -2.419693258177752493e-01 -1.070873897063238066e-02
-9.700951425753145951e-01 -2.425858411950387872e-01 -8.218725234954177283e-03
-9.699828161562495943e-01 -2.431143643771670193e-01 -5.363361911713604435e-03
-9.695823452828978839e-01 -2.447653961486754570e-01 -3.421968780088248396e-06
-9.687158555699069140e-01 -2.481710274796301019e-01 8.693218541010670460e-04
-9.666401536959606799e-01 -2.561171609593108078e-01 -3.291967158888980775e-03
-9.678210416406730632e-01 -2.515370157491372827e-01 -7.182265363330617505e-03
-9.671564423773476582e-01 -2.540627658268664324e-01 -7.781443616012082357e-03
-9.682379035557000524e-01 -2.498947850495955025e-01 -8.245143203054652870e-03
-9.690470685197594136e-01 -2.468432573468709590e-01 -4.026063561430046414e-03
-9.673026587649782293e-01 -2.536027966748392037e-01 -3.348392089011227590e-03
-9.657278360114747162e-01 -2.595350321999751464e-01 -3.367147102642070646e-03
-9.667330512961130884e-01 -2.557833825569240105e-01 -1.446606276343398272e-03
-9.664789093147859722e-01 -2.567226114221929922e-01 -3.470242158163330207e-03
-9.665981010924431516e-01 -2.562028710959490252e-01 -6.944333094505327625e-03
-9.660208731470611987e-01 -2.584322276083595993e-01 -4.059588641240072585e-03
-9.649360881461720441e-01 -2.624550088591688923e-01 -3.967114752652854855e-03
-9.634888688615637076e-01 -2.676870352036825884e-01 -5.733645269533375541e-03
-9.636704922184758937e-01 -2.670940015956100866e-01 2.676997386050639777e-05
-9.630149223983355267e-01 -2.693292190490697013e-01 8.003431532362669659e-03
-9.632517252209481518e-01 -2.684342727400815254e-01 9.443463025346871334e-03
-9.629085296859365428e-01 -2.696151721878589647e-01 1.071663616069525038e-02
-9.622693978228060718e-01 -2.718284630048101724e-01 1.212091587882787626e-02
-9.620786332743663793e-01 -2.726111046279570127e-01 9.376189731279165746e-03
-9.625706071187530855e-01 -2.707696515899532530e-01 1.190151248252789562e-02
-9.624459859870043710e-01 -2.709538667996871375e-01 1.678541219901923121e-02
-9.618832205399044932e-01 -2.727416014799817767e-01 1.981698236634339000e-02
-9.620521413050626691e-01 -2.720776825146988820e-01 2.072283802637418099e-02
-9.627243089308374913e-01 -2.695500117104041027e-01 2.246597710949977192e-02
-9.632392915548236845e-01 -2.678647176322877521e-01 2.045933029115405699e-02
-9.640467121715887711e-01 -2.646255121713376179e-01 2.423425451706866934e-02
-9.658614341092710553e-01 -2.574436544981318908e-01 2.888735426001025688e-02
-9.666148387760289395e-01 -2.547097025095589884e-01 2.790600771586860401e-02
-9.685008903335283748e-01 -2.468865973962912075e-01 3.245085507005586456e-02
-9.693342054413192077e-01 -2.441842931393966576e-01 2.766321833909360720e-02
-9.687832466845278656e-01 -2.458934718177709644e-01 3.155068812750428525e-02
-9.696560016693972495e-01 -2.424702195214155642e-01 3.123228349350786609e-02
-9.709062190627832933e-01 -2.372527024536162377e-01 3.243907292025893091e-02
-9.714042991865406984e-01 -2.347657536950129853e-01 3.547890873134835338e-02
-9.731067804727008275e-01 -2.282384401875858504e-01 3.115177041872121619e-02
-9.738813865501533273e-01 -2.246049373946275851e-01 3.328200246991386280e-02
-9.737404624927107344e-01 -2.247003493947375974e-01 3.659630250853836836e-02
-9.742538293493070434e-01 -2.215410043006426910e-01 4.182205349575010556e-02
-9.754356108175020745e-01 -2.153643413846687282e-01 4.629897010856971751e-02
-9.778842193975800789e-01 -2.037572387547409158e-01 4.717484734990212009e-02
-9.795055758752334585e-01 -1.963517072266807162e-01 4.488717974034203695e-02
-9.805371220520944231e-01 -1.930114695137271907e-01 3.596595297817620218e-02
-9.811563439242213525e-01 -1.898681068258053772e-01 3.580999363118537310e-02
-9.814644407989279173e-01 -1.880263148690740627e-01 3.706320596351925928e-02
-9.833351876756536436e-01 -1.776629607492662410e-01 3.857208869850264205e-02
-9.850996754830960711e-01 -1.668800726451565297e-01 4.158961205042305959e-02
-9.861538920908395900e-01 -1.605575275176981398e-01 4.149465727100595802e-02
-9.875705263222027686e-01 -1.523500976227062931e-01 3.865136873716650684e-02
-9.883693434278860712e-01 -1.463207139458489459e-01 4.142842929018882708e-02
-9.893721364808240049e-01 -1.389527055371194142e-01 4.283627451498953076e-02
-9.900885226310836007e-01 -1.338048911546278752e-01 4.267310258425728586e-02
-9.897493251880944420e-01 -1.352038727131105178e-01 4.600229682753801536e-02
-9.903250136165245854e-01 -1.300824408522452680e-01 4.832133317047120069e-02
-9.912023240455316575e-01 -1.227216121515489200e-01 4.957200851574819489e-02
-9.920324515760098327e-01 -1.159317176879201688e-01 4.931001068024343931e-02
-9.927113156573987851e-01 -1.085075579464269274e-01 5.244405716515775084e-02
-9.937321678241711753e-01 -1.011084940707509122e-01 4.768098562503802346e-02
-9.947013683519582150e-01 -8.931622801293009895e-02 5.090996691661853202e-02
-9.952310241648112399e-01 -7.667432818823162466e-02 6.030159941476741919e-02
-9.957347480946381335e-01 -6.792964759633485228e-02 6.243317645135552235e-02
-9.962556129646730207e-01 -6.072317166644620318e-02 6.154248250848864260e-02
-9.965617145191020265e-01 -4.970033076662691562e-02 6.629218444368849272e-02
-9.971890193961796545e-01 -3.968288438722133299e-02 6.355592538824740567e-02
-9.974240753471083076e-01 -3.399013313295094763e-02 6.316575121716548613e-02
-9.974632309323683277e-01 -2.318819911258263727e-02 6.730109951557512737e-02
-9.977579457603019675e-01 -1.461551678515659973e-02 6.531076380829620165e-02
-9.983216038482464194e-01 -3.404890103439162444e-03 5.781356985807848542e-02
-9.979817578801378763e-01 1.341728647542174933e-02 6.206782566875611307e-02
-9.978167080514638299e-01 2.579906772949560126e-02 6.079681558725394397e-02
-9.979200378116775960e-01 3.120775987797955869e-02 5.640657180744697297e-02
-9.974648029129233873e-01 3.883220732555818511e-02 5.963266086160702584e-02
-9.971360776970773498e-01 4.672487454205150048e-02 5.946811134855711084e-02
-9.966621141936584660e-01 5.884517787818917267e-02 5.658535755243697396e-02
-9.963906986177477609e-01 6.558741870670038721e-02 5.388778686736075962e-02
-9.955280317595143202e-01 7.566262186714743654e-02 5.656087973635307714e-02
-9.948878222221152479e-01 8.434623894815876377e-02 5.553341875975147807e-02
-9.944072744063953140e-01 9.198197231069993318e-02 5.189910089630164064e-02
-9.939140466147274866e-01 9.885662351231545852e-02 4.860311822087994005e-02
-9.927103789942290923e-01 1.082387749087520973e-01 5.301413385760343072e-02
-9.909347940297971169e-01 1.234554034646568044e-01 5.298136162865976079e-02
-9.898220888975809428e-01 1.328853617067148329e-01 5.092877576225485203e-02
-9.881850692598300734e-01 1.457000582379194553e-01 4.755826842828091150e-02
-9.867348286382784384e-01 1.561000128550646682e-01 4.457791577796321042e-02
-9.852093018055519957e-01 1.651427634466645644e-01 4.572227092592414527e-02
-9.841047884744485996e-01 1.715321582662900080e-01 4.598380952006010658e-02
-9.834780589530102146e-01 1.749212158003366768e-01 4.662083860858856621e-02
-9.815901597943744727e-01 1.859897121037456524e-01 4.345816051062794533e-02
-9.812468208631213162e-01 1.879486271650926132e-01 4.277869341599269126e-02
-9.801004282585007443e-01 1.941506417951632535e-01 4.133648850276636783e-02
-9.788090386583960800e-01 2.007037145435498215e-01 4.063140714582182816e-02
-9.778525553910023538e-01 2.058690688030670457e-01 3.771382738677641483e-02
-9.772008581726934207e-01 2.085233449889115631e-01 3.995652324002134381e-02
-9.764659585435245814e-01 2.119737536021808200e-01 3.976664371082420241e-02
-9.744375304398473769e-01 2.204800794712755696e-01 4.312841715493367922e-02
-9.729629982719562031e-01 2.270721282768788651e-01 4.220520194589143237e-02
-9.715038831625013582e-01 2.335994350333413516e-01 4.014393367615442382e-02
-9.709468660257917216e-01 2.359679362464517094e-01 3.976610210633527848e-02
-9.701886450679624296e-01 2.394017236470054599e-01 3.769395395333327570e-02
-9.682189808988104218e-01 2.470629411784043272e-01 3.888360400245992332e-02
-9.662110855600863912e-01 2.555090489322734415e-01 3.393067390745398149e-02
-9.663808676710221590e-01 2.554747152550164713e-01 2.899508687457660883e-02
-9.658334060217722561e-01 2.570810187592244556e-01 3.279036834414589263e-02
-9.645607796049859850e-01 2.616947514401231634e-01 3.373997925891283195e-02
-9.628898082597948660e-01 2.677951325994190057e-01 3.360075572215592138e-02
-9.614548523461561302e-01 2.721252636001787462e-01 3.940094632352539317e-02
-9.598474485001001755e-01 2.771937587452778518e-01 4.308738311115753450e-02
-9.578129543167812621e-01 2.843434848603883514e-01 4.175109483813475159e-02
-9.556518397182998115e-01 2.921140255375817563e-01 3.740299517722797673e-02
-9.537668368377411054e-01 2.982806400900597232e-01 3.684436693975261939e-02
-9.523435721455965064e-01 3.036601040996522727e-01 2.884940828305392405e-02
-9.497867183187224116e-01 3.116135176067130752e-01 2.832369831428255616e-02
-9.485464624083955743e-01 3.155290428900527355e-01 2.647750523439586570e-02
-9.474416940265527609e-01 3.188522397642245543e-01 2.622045292375687828e-02
-9.456040314395462998e-01 3.243382169388521197e-01 2.525397485661745600e-02
-9.446323672451911735e-01 3.272794715934149168e-01 2.361915982716389362e-02
-9.439941712592491152e-01 3.294050160699357188e-01 1.916680702567110511e-02
-9.439764256306548695e-01 3.297938322917222664e-01 1.202341668977360833e-02
-9.421619050586611532e-01 3.349017075161482282e-01 1.310791775872557907e-02
-9.417777528266076947e-01 3.360718596896788424e-01 1.050694812019765424e-02
-9.409201063222524253e-01 3.385626013251522570e-01 6.689172179432288645e-03
-9.409858618306330413e-01 3.383672262448037538e-01 7.297572215477362081e-03
-9.422109915270193703e-01 3.350065125542934230e-01 3.018381452058519626e-03
-9.429701014542555271e-01 3.328749502678682859e-01 1.296880409233790122e-03
-9.418224773221568480e-01 3.361013316332270850e-01 2.518484114418028091e-03
-9.427455317344319852e-01 3.335088776962915058e-01 -1.648525851026565268e-03
-9.430655756191865802e-01 3.325935920548749314e-01 -2.974787641769143474e-03
-9.438939633517100525e-01 3.301794458627935192e-01 -6.763602926971063779e-03
-9.429764796628189449e-01 3.326481455397415354e-01 -1.185735610941004298e-02
-9.433952376595622358e-01 3.312499420672705419e-01 -1.670114702844625182e-02
-9.435829826088196759e-01 3.304767787225833531e-01 -2.088733022080926233e-02
-9.448691821515967648e-01 3.263505564142519244e-01 -2.678749616511859333e-02
-9.461565758789259872e-01 3.221308751174906670e-01 -3.192898984802629986e-02
-9.482040197906779211e-01 3.158527896557477566e-01 -3.385527161411552161e-02
-9.489364003409371806e-01 3.136345104721765531e-01 -3.395775680544955988e-02
-9.510163143073792069e-01 3.072608357770318377e-01 -3.404079937671963124e-02
-9.531227234838715034e-01 3.005005266512909001e-01 -3.544763470311818737e-02
-9.536312686804967464e-01 2.984477109565127906e-01 -3.894091205047809506e-02
-9.556257644197196921e-01 2.915096297354413668e-01 -4.244480861233389246e-02
-9.566553612955448482e-01 2.879566937624836731e-01 -4.349126179782320661e-02
-9.596006950089688292e-01 2.781553871926397692e-01 -4.238058840633516372e-02
-9.619787422905865526e-01 2.684169674932684324e-01 -5.049018501723427643e-02
-9.644449071672560603e-01 2.596141269110600613e-01 -4.946265229117051410e-02
-9.665312506936708514e-01 2.514913720454606816e-01 -5.068983199528490080e-02
-9.682782553986047924e-01 2.445320582340131388e-01 -5.139377864607288376e-02
-9.700600392761411506e-01 2.364748215298958234e-01 -5.534624631648062121e-02
-9.726040249137338778e-01 2.255596558404749929e-01 -5.625193761602228365e-02
-9.741018675766888180e-01 2.200778387497872857e-01 -5.187797646363963983e-02
-9.752826481323141339e-01 2.128940248676204905e-01 -5.916010838653172621e-02
-9.774710976131119056e-01 2.033879349209875009e-01 -5.642365579448022084e-02
-9.794772045353737910e-01 1.938909782831259032e-01 -5.505199317166301065e-02
-9.818055605264478514e-01 1.812309301284505958e-01 -5.668526246946573727e-02
-9.838863293716823000e-01 1.717142730160897413e-01 -4.981893859789612161e-02
-9.853321338846062760e-01 1.621171955714794943e-01 -5.327877772753429608e-02
-9.862494636417160621e-01 1.561022140536233727e-01 -5.425976036423953153e-02
-9.873352015905517698e-01 1.486871846366392413e-01 -5.532945180328810442e-02
-9.886456176414288866e-01 1.380116880821033454e-01 -5.943605220901370528e-02
-9.893918533641350432e-01 1.330555567164510566e-01 -5.830957824251119942e-02
-9.906040276882235318e-01 1.245766301237583445e-01 -5.643005394646846001e-02
-9.917215848899350039e-01 1.130113101822456251e-01 -6.096531208763149301e-02
-9.919742398966266972e-01 1.080388098973549954e-01 -6.568676080876946488e-02
-9.935661231253750669e-01 9.390825971788027693e-02 -6.330580663333738867e-02
-9.940851476054595182e-01 8.997060111206733879e-02 -6.082793472955807385e-02
-9.947013882232695892e-01 8.413085886903415300e-02 -5.908615927646530819e-02
-9.954150010099653834e-01 7.512810649622610193e-02 -5.920110424855671433e-02
-9.959995835457519098e-01 6.881035556752516935e-02 -5.700869950894297405e-02
-9.966921924702776270e-01 5.577870314623951942e-02 -5.910530525869328589e-02
-9.969229393479923651e-01 4.876618121324047955e-02 -6.137214461786452691e-02
-9.971921815939355227e-01 3.969702287398227392e-02 -6.349745594249274483e-02
-9.977926948212586522e-01 2.765628425284898800e-02 -6.037297001433712673e-02
-9.979774597453616725e-01 1.640961873216530836e-02 -6.141450774985977162e-02
-9.981407686749436126e-01 1.032334280193891035e-02 -6.007047511470923334e-02
-9.980688814198291903e-01 6.231961096295757230e-04 -6.211398487788915429e-02
-9.981293812516710551e-01 -1.273822201944205083e-02 -5.979551378211753199e-02
-9.979236377228249966e-01 -2.087489380506942632e-02 -6.093176169673151371e-02
-9.977457954970829768e-01 -2.707216704961504586e-02 -6.140401328349585214e-02
-9.974922396056847829e-01 -3.613256138559887282e-02 -6.085801044143698130e-02
-9.968970259890024277e-01 -4.882013834496359839e-02 -6.174901797459619868e-02
-9.966884373230832095e-01 -5.865410000203694074e-02 -5.631947172493119436e-02
-9.960857262028115500e-01 -6.795975163803601171e-02 -5.652190433954352999e-02
-9.957625245153766125e-01 -7.550266566396436618e-02 -5.250113817733616239e-02
-9.954474391808391109e-01 -8.096153662669246243e-02 -5.029565149401642177e-02
-9.944647253125447062e-01 -9.360690393855368441e-02 -4.772509386746101590e-02
-9.937563792822738939e-01 -1.012922969750555402e-01 -4.677773080764879160e-02
-9.930206633434868202e-01 -1.084968815070138509e-01 -4.624300762645543877e-02
-9.919610275105688046e-01 -1.191669625147971645e-01 -4.257442475909269108e-02
-9.910413734576812850e-01 -1.243904529083233040e-01 -4.862137623769684919e-02
-9.907278916451118800e-01 -1.298321338476796649e-01 -4.002360160413528239e-02
-9.898265077265381295e-01 -1.360926927835769684e-01 -4.150048809829356283e-02
-9.887780113896786904e-01 -1.438586912759479697e-01 -4.028334682409175083e-02
-9.879689943329149626e-01 -1.500846374960277951e-01 -3.730810353138176716e-02
-9.869793856499708973e-01 -1.564580004939244984e-01 -3.731773236193181714e-02
-9.863353554582707794e-01 -1.618777372442238016e-01 -3.062990780397325044e-02
-9.851568944143526130e-01 -1.687408906576428058e-01 -3.150288491008580022e-02
-9.840743124849673507e-01 -1.753801581968885137e-01 -2.897540465027434800e-02
-9.833405851182488444e-01 -1.796644203550151475e-01 -2.760463977063558338e-02
-9.822002759721920606e-01 -1.865839399463271042e-01 -2.165819741347647584e-02
-9.819185975652999776e-01 -1.881943802661505405e-01 -2.046385254694625677e-02
-9.809838679026765540e-01 -1.930451120084074046e-01 -2.010626523296784110e-02
-9.809112358719437319e-01 -1.936236761536477002e-01 -1.797347007992841639e-02
-9.815315040774119648e-01 -1.908126546370188803e-01 -1.365517010910868856e-02
-9.811803289195935029e-01 -1.924615074437872608e-01 -1.561270801120341611e-02
-9.804639385536825236e-01 -1.963518598792169390e-01 -1.168069259717656461e-02
-9.811875588522692704e-01 -1.928875504199681901e-01 -8.086633648463592908e-03
-9.814791939730604931e-01 -1.914273569154664734e-01 -7.361061287830580023e-03
-9.806577613163087737e-01 -1.955569109880160861e-01 -8.238698155009081120e-03
-9.810709777816692956e-01 -1.932591243628448141e-01 -1.227492444011777165e-02
-9.805829478303389468e-01 -1.957865763737064724e-01 -1.116804784301294283e-02
-9.808973117727487478e-01 -1.943676667353821386e-01 -7.854951991363984601e-03
-9.810809200731026580e-01 -1.935895165423308917e-01 -1.831342507736901694e-03
-9.808038253700306353e-01 -1.949812463179852184e-01 2.489206802816841535e-03
-9.811913635649147647e-01 -1.928531557141343333e-01 8.437706869245014188e-03
-9.812830257267696199e-01 -1.918709130847806310e-01 1.640739894063945187e-02
-9.810724578357920000e-01 -1.930722235201409731e-01 1.483157433412557805e-02
-9.820309753521534457e-01 -1.880520262291879297e-01 1.586270790240374221e-02
-9.826539338855307948e-01 -1.845571983055011578e-01 1.816352028758706078e-02
-9.822415282871304054e-01 -1.870488377383123513e-01 1.464032767926025901e-02
-9.822846249277203956e-01 -1.863481084451542313e-01 1.978193489926218310e-02
-9.821548696105242282e-01 -1.870956561097483484e-01 1.915866400316133117e-02
-9.823007747040782833e-01 -1.861382662219061290e-01 2.092273204605274092e-02
-9.831721796674379732e-01 -1.816482297185273709e-01 1.940135413269675896e-02
-9.837570009939758942e-01 -1.775231534308540915e-01 2.660300718732407435e-02
-9.852425874073481582e-01 -1.681582728117707592e-01 3.193535185555131800e-02
-9.863623532877631161e-01 -1.604187609290723404e-01 3.681245552355220940e-02
-9.876077994818593941e-01 -1.518396894622047466e-01 3.969346293196254066e-02
-9.886955904704635145e-01 -1.439081395810231367e-01 4.208924707084542999e-02
-9.897371200851431405e-01 -1.364438828841519069e-01 4.246796365352380892e-02
-9.906731463520448422e-01 -1.296483054363442300e-01 4.192924952510170000e-02
-9.912159818931678412e-01 -1.249046876464375566e-01 4.347095877977226464e-02
-9.922483758019182698e-01 -1.191073505665276588e-01 3.544894389781046151e-02
-9.926756209604798986e-01 -1.144919580231683470e-01 3.855815144213491780e-02
-9.931730614304012938e-01 -1.100314727462447656e-01 3.873464859924053566e-02
-9.941914815063682687e-01 -1.005009437080461865e-01 3.850826335049192112e-02
-9.951700080111439695e-01 -9.066921729189314494e-02 3.762679943951736244e-02
-9.958373358251511043e-01 -8.432528219769389044e-02 3.460166292690528000e-02
-9.961527866785711005e-01 -8.027752727457945769e-02 3.514501288114844219e-02
-9.963035011603844637e-01 -7.792382527410737780e-02 3.615575700634085510e-02
-9.971036878079375665e-01 -6.881737380312066832e-02 3.237950300887773580e-02
-9.973313046004310678e-01 -6.512493423422165140e-02 3.300059414695565019e-02
-9.975374881677391281e-01 -6.029120507209973640e-02 3.583235721189768214e-02
-9.976409688961870303e-01 -5.589486372977545831e-02 3.985334439930381112e-02
-9.978587981201648693e-01 -5.217666599817852302e-02 3.943909480571906878e-02
-9.983259981455772092e-01 -4.243274086910490961e-02 3.930256455204275690e-02
-9.987329456780998926e-01 -3.309150990303375006e-02 3.791414913111394724e-02
-9.989362901668324968e-01 -2.863497872583626799e-02 3.614351443186016727e-02
-9.988448833486767153e-01 -2.379494514589631377e-02 4.174598530504761845e-02
-9.989650896278023939e-01 -2.132402634101960431e-02 4.017540613062765831e-02
-9.992022968257008309e-01 -1.243539131886666621e-02 3.794942207947733792e-02
-9.993564260174711000e-01 -1.095571775166226912e-02 3.415748205093390583e-02
-9.992964438257686544e-01 -7.172564207173732359e-03 3.681303188673067800e-02
-9.994528022452415783e-01 -2.505337741854211583e-03 3.298252378279275393e-02
-9.995106668671364103e-01 3.726367594909216034e-03 3.105750184786109508e-02
-9.994803355314864080e-01 6.723081942588982236e-03 3.152596514973534519e-02
-9.992898243353167675e-01 1.456989451497070140e-02 3.475043605703435901e-02
-9.993941463790988466e-01 1.929279071793518069e-02 2.896818873126654273e-02
-9.990717699049466161e-01 2.762809878174931136e-02 3.305018026887551752e-02
-9.989657767724243742e-01 3.093477643688010564e-02 3.332332708501113683e-02
-9.989067340338784184e-01 3.574764344619657530e-02 3.012424989418579016e-02
-9.990280885339537509e-01 3.721536969692790936e-02 2.362037961759699475e-02
-9.989552344254287730e-01 4.088113756218215294e-02 2.042547258234046412e-02
-9.986589021395763099e-01 4.479593882015779627e-02 2.595667431574903011e-02
-9.983033019176752454e-01 5.179353932756823597e-02 2.660779162356741862e-02
-9.982407750601420826e-01 5.407876954461249275e-02 2.430780918371212851e-02
-9.978474266230118461e-01 6.019036604412715541e-02 2.603192256284202893e-02
-9.979309648474531391e-01 5.942869916265972052e-02 2.453664797018175955e-02
-9.973451794725169961e-01 6.864966992615499641e-02 2.428669943963167668e-02
-9.972219405722690944e-01 7.070078324539137704e-02 2.344842088262443294e-02
-9.966780120569833645e-01 7.829475953040976322e-02 2.242540610528739875e-02
-9.961149940358776655e-01 8.531856549143834734e-02 2.181029473532800772e-02
-9.962483878503184398e-01 8.395721051101347199e-02 2.098486192055176724e-02
-9.960544689464236878e-01 8.580293812074896165e-02 2.265786036114539673e-02
-9.958723862407232730e-01 8.787536619291963502e-02 2.271867677195933341e-02
-9.953989242131203730e-01 9.320405114172412853e-02 2.222643549964850931e-02
-9.951268953399743378e-01 9.573683934068388801e-02 2.359973959824082645e-02
-9.948124598050710476e-01 9.860749498825513437e-02 2.499519431292441737e-02
-9.946264448899725386e-01 1.016390423306084978e-01 1.969182722873796809e-02
-9.946400851217450656e-01 1.028987721772627040e-01 1.014749310485690836e-02
-9.947682866695055637e-01 1.021397745001872415e-01 1.884211500152369392e-03
-9.945143436452499319e-01 1.045997322505906463e-01 -3.797789699239565754e-04
-9.941701443996030507e-01 1.077546507769231304e-01 -3.832379517641659478e-03
-9.943408394552417651e-01 1.060709078680557166e-01 -5.940153788226373160e-03
-9.941378355524126409e-01 1.080932717540787763e-01 -2.415890358239126262e-03
-9.941203967213899650e-01 1.075827079718384982e-01 -1.227297412226003616e-02
-9.944669729482114029e-01 1.035739222989165154e-01 -1.754737808280711422e-02
-9.945343002979595282e-01 1.026450846199205569e-01 -1.911910770034586093e-02
-9.948732541062936807e-01 9.894730705190639408e-02 -2.089657541469664218e-02
-9.950583219383561939e-01 9.652837269229469497e-02 -2.326451026612034317e-02
-9.954417214884321297e-01 9.314479845392907575e-02 -2.049033485663992460e-02
-9.957879807432999941e-01 8.851317813861177275e-02 -2.391114933472149665e-02
-9.958187467244629110e-01 8.898961399331925537e-02 -2.063736067955505502e-02
-9.959288484009918285e-01 8.697826348318295209e-02 -2.367570514868142309e-02
-9.956491345719838959e-01 8.991433835383699780e-02 -2.445896551719461964e-02
-9.963509453771947078e-01 8.261737374174943360e-02 -2.142875305805751890e-02
-9.968439611801225286e-01 7.756046304812415360e-02 -1.692689689854029109e-02
-9.968436549676326086e-01 7.746178121079903833e-02 -1.739046322095217506e-02
-9.970246967971616581e-01 7.643197908175687616e-02 -9.996735211721443845e-03
-9.970067917742699848e-01 7.717220891713609532e-02 -4.683537860576358208e-03
-9.973483127556507233e-01 7.233918749182279007e-02 -7.963245602363906023e-03
-9.972977690404953854e-01 7.329100960867543368e-02 -5.061235061393756264e-03
-9.973166066735976720e-01 7.287490690091867618e-02 -6.990159426657219233e-03
-9.974449470862676304e-01 7.097613875635858105e-02 -8.123645151145886256e-03
-9.976602175421067642e-01 6.753405448494062546e-02 -1.064284873120331307e-02
-9.978336903406419545e-01 6.528880195090451533e-02 -8.082518929656043460e-03
-9.979923792134131055e-01 6.188263576188086229e-02 -1.348254212979916114e-02
-9.982733847911519076e-01 5.708449507258986366e-02 -1.384334380430957308e-02
-9.981924451029913214e-01 5.776815266222050382e-02 -1.657442600065676952e-02
-9.982446230807876519e-01 5.475826957780071530e-02 -2.256619502431283369e-02
-9.985532428211453260e-01 4.769987043206103811e-02 -2.482282076771375259e-02
-9.984881642820579994e-01 4.819397782951743286e-02 -2.643397635921750435e-02
-9.985237468565011376e-01 4.682529049021083578e-02 -2.752722205741427522e-02
-9.986934452308483534e-01 4.295950232925308671e-02 -2.767512306648804363e-02
-9.988770078097851668e-01 3.879201182699194839e-02 -2.720168924678181832e-02
-9.989119645786851409e-01 3.577698157504762694e-02 -2.991527193711434815e-02
-9.990965573163045343e-01 3.012684118874812619e-02 -2.997451396998701209e-02
-9.992449498909073968e-01 2.404873269353091300e-02 -3.051585653895443409e-02
-9.994181553419652086e-01 1.964720622993001639e-02 -2.788129985749254400e-02
-9.994966085337497752e-01 1.291508118531033145e-02 -2.897859713267078932e-02
-9.995402242534416892e-01 8.258118811393315439e-03 -2.917486009565219141e-02
-9.995474129959841525e-01 2.724655539934927803e-03 -2.995954514248115250e-02
-9.995283592233473735e-01 -5.825032290678842928e-03 -3.015223101084587437e-02
-9.993022470742896068e-01 -1.487012488660437171e-02 -3.426262709151597224e-02
-9.990240883713749076e-01 -1.988482209142534290e-02 -3.943975260299040914e-02
-9.988139469371858370e-01 -2.492370970173120662e-02 -4.182747368072684685e-02
-9.985685872963397935e-01 -3.187086006476641531e-02 -4.295409458410064107e-02
-9.986751729702764147e-01 -3.068019329058787811e-02 -4.131167085114494097e-02
-9.985063273851080279e-01 -3.800301561172886311e-02 -3.925448240380582932e-02
-9.981900167536753576e-01 -4.473929296917075749e-02 -4.018849979911139764e-02
-9.979333482893621987e-01 -5.010836673362348281e-02 -4.022702269831668342e-02
-9.980996040542434722e-01 -5.136337751318390682e-02 -3.404428305431043272e-02
-9.978709347400095409e-01 -5.700238582749230648e-02 -3.169155852725923095e-02
-9.978852565422404730e-01 -5.713155990607626106e-02 -3.100046627828997176e-02
-9.977197288622832172e-01 -6.146009784753414529e-02 -2.789315640394530310e-02
-9.973684811767932201e-01 -6.624882536964374347e-02 -2.944885590299631956e-02
-9.967695858903227180e-01 -7.501682070942100600e-02 -2.868620673470046595e-02
-9.964213782857553880e-01 -7.936170464807897063e-02 -2.908927549374281524e-02
-9.963782510309581175e-01 -8.198855031134996696e-02 -2.254523556291915948e-02
-9.959525240119656564e-01 -8.619171358416215234e-02 -2.548700925800745018e-02
-9.953529231526812016e-01 -9.415330733110496841e-02 -2.019263022310286912e-02
-9.951350712870158377e-01 -9.691506113552122992e-02 -1.771129650368740566e-02
-9.944741604711393457e-01 -1.034546111300534560e-01 -1.784143495426593687e-02
-9.943806225748286209e-01 -1.048342467551152263e-01 -1.473049088338960512e-02
-9.946443836975709107e-01 -1.019851697962308873e-01 -1.678106946937147140e-02
-9.947661829667596711e-01 -1.008296438105417969e-01 -1.654247047929189446e-02
-9.948338113720568421e-01 -1.003229726581288533e-01 -1.552475724046377056e-02
-9.947855841654815734e-01 -1.003205907246689232e-01 -1.836980674654749984e-02
-9.942914127727487950e-01 -1.054561076592881175e-01 -1.623653152771657032e-02
-9.941996148734217886e-01 -1.065184804043695921e-01 -1.486499997685964206e-02
-9.938525192306009171e-01 -1.096511207295636225e-01 -1.529152876193658889e-02
-9.939996863423312679e-01 -1.079368188514933796e-01 -1.772838838628666355e-02
-9.931665717268594040e-01 -1.152821316233852145e-01 -1.817195682229914497e-02
-9.930631525974156215e-01 -1.167134766700769349e-01 -1.426773953288352353e-02
-9.932167427010616390e-01 -1.155102919449356169e-01 -1.333804900234886529e-02
-9.930190873134637775e-01 -1.177015172703697876e-01 -7.711943368342953978e-03
-9.924623580136042733e-01 -1.218623034288546653e-01 -1.296441583258360619e-02
-9.917092268013957268e-01 -1.280968185757200284e-01 -1.020017989196400632e-02
-9.920320873348663637e-01 -1.254328454808441018e-01 -1.178847099612459655e-02
-9.919739869322860004e-01 -1.261729004589550451e-01 -8.248485085415341311e-03
-9.914305467724431331e-01 -1.299510945409088347e-01 -1.334965133353286856e-02
-9.911186332802957022e-01 -1.324117511154249693e-01 -1.228870023274754655e-02
-9.900893008968564279e-01 -1.397458022175003534e-01 -1.393973714406705061e-02
-9.901778635110023430e-01 -1.390709238325688046e-01 -1.439117836535884661e-02
-9.896933846367694798e-01 -1.423927377974033293e-01 -1.520992771917391469e-02
-9.894507289383989157e-01 -1.438464267380341055e-01 -1.718981700010624447e-02
-9.898384902079192527e-01 -1.417134514363813935e-01 -1.170855969059232497e-02
-9.891916882725118043e-01 -1.454546558155238034e-01 -1.851422750277271351e-02
-9.887342767616744688e-01 -1.485976708206571406e-01 -1.798031795784493445e-02
-9.891800005774971094e-01 -1.462804582114100027e-01 -1.117961563596359814e-02
-9.898524405109270230e-01 -1.412735798371449192e-01 -1.529546831663094325e-02
-9.904820672098658685e-01 -1.370326364062947888e-01 -1.293680161651656127e-02
-9.901310766256556928e-01 -1.396946433028084245e-01 -1.121995627628752032e-02
-9.898379840766872162e-01 -1.419318960864286439e-01 -8.725353351590107651e-03
-9.897816241519525882e-01 -1.425278625908043550e-01 -4.263155485114889474e-03
-9.901111366200392450e-01 -1.402381089571054229e-01 -3.638621663055502300e-03
-9.910566410864664055e-01 -1.334404182572483111e-01 6.471508166398594504e-04
-9.911992134889463513e-01 -1.323358451985942041e-01 3.372410282581324824e-03
-9.915226472387800305e-01 -1.299340870900236866e-01 5.348794922059411927e-05
-9.923955842961980078e-01 -1.228638253056511254e-01 7.450837400117048086e-03
-9.925952234363913940e-01 -1.214119331495026738e-01 3.727619864651698922e-03
-9.927547721476598364e-01 -1.197678220934958598e-01 9.677884627467036108e-03
-9.929707739238281539e-01 -1.178376914256360347e-01 1.110634486723946143e-02
-9.931230236106963760e-01 -1.165462895699997808e-01 1.111992111315453224e-02
-9.934420589345172026e-01 -1.139856852362419459e-01 8.953734888759839680e-03
-9.941930858397840520e-01 -1.071654782203790707e-01 9.782568183775579990e-03
-9.942790394635592222e-01 -1.057757199883460064e-01 1.485661830667861852e-02
-9.944843274326569116e-01 -1.039103479007797287e-01 1.426858244213796006e-02
-9.955394113582716198e-01 -9.380624044564478403e-02 1.008464039013853321e-02
-9.953797077055251963e-01 -9.562312588247126599e-02 8.688244082154933379e-03
-9.950249828170534272e-01 -9.916931094473739605e-02 9.526889289784489998e-03
-9.954702746372308120e-01 -9.439242114654658455e-02 1.135929057253307929e-02
-9.958654219246180217e-01 -9.055988344590798489e-02 7.141370715592185517e-03
-9.956735664323836943e-01 -9.277724360084793620e-02 5.153876837725317878e-03
-9.954355676903938743e-01 -9.537098721367848198e-02 3.526425327369192217e-03
-9.955129432420007918e-01 -9.432088027375717942e-02 7.588261195523602308e-03
-9.954737342096929842e-01 -9.471175261195324824e-02 7.858672974368851802e-03
-9.953091938706216668e-01 -9.497448274420612624e-02 1.842516492815478302e-02
-9.961881229222007139e-01 -8.480665789888190698e-02 2.042266230427453380e-02
-9.962346845829077591e-01 -8.299044880339562225e-02 2.508125459151450132e-02
-9.966342140160381335e-01 -7.969321099912707318e-02 1.921629964620502964e-02
-9.968160556838003838e-01 -7.607305041949828650e-02 2.388876099076704673e-02
-9.971128228237132740e-01 -7.274053336219883648e-02 2.179137654287219977e-02
-9.972720187062162900e-01 -6.825666130416434274e-02 2.809946470257316739e-02
-9.973454187473972388e-01 -6.471067702556430878e-02 3.338675033602555436e-02
-9.974772440835129039e-01 -6.346378986786282983e-02 3.180449674522745768e-02
-9.978966060255813897e-01 -5.650423163057659987e-02 3.177525124142643875e-02
-9.981673302423484939e-01 -5.030307240526568635e-02 3.363945438626210482e-02
-9.985375019989207734e-01 -4.108644838534775828e-02 3.513960927940915080e-02
-9.989260174900961298e-01 -3.347788513565924662e-02 3.203239023586806900e-02
-9.989784474211228504e-01 -2.909452534708851373e-02 3.457747044044622020e-02
-9.989148882436624799e-01 -2.812880814597716259e-02 3.711936823517819617e-02
-9.991525410851113120e-01 -2.132793388798335035e-02 3.520440568408104987e-02
-9.993180325202392078e-01 -1.860142748854056935e-02 3.189808824804574172e-02
-9.994978918422808833e-01 -1.187736564816527750e-02 2.937556035090356857e-02
-9.995058920023078830e-01 -5.382555175190931879e-03 3.096822861740633828e-02
-9.996382930861333893e-01 -3.569864214308533443e-03 2.665652371767790463e-02
-9.996820196406301928e-01 1.495566828316431326e-03 2.517248601135413377e-02
-9.996931434148088602e-01 6.390468554779584962e-03 2.393349180981604180e-02
-9.996405745125581666e-01 4.920138121587745196e-03 2.635422415168491017e-02
-9.997746368743019030e-01 3.491056687834601970e-03 2.094084912945818472e-02
-9.997924972905678498e-01 4.092017489866435487e-03 1.995617518211420527e-02
-9.998102289044841218e-01 2.862673359130017432e-03 1.927024792864326722e-02
-9.998176308704360693e-01 2.657706640939928866e-03 1.891223869809680047e-02
-9.998362466846995034e-01 2.672029108222436899e-03 1.789891765150637346e-02
-9.998693414788695222e-01 3.135064532166449702e-03 1.585883097920109258e-02
-9.998603023558424452e-01 6.169931772618450147e-03 1.553508555370625675e-02
-9.998891280261513748e-01 8.001496621891559385e-03 1.255941429579240237e-02
-9.997980534276104114e-01 1.155768920635870910e-02 1.644090720159640390e-02
-9.997534182850355000e-01 1.142806877161298314e-02 1.904030253269235751e-02
-9.997748735028625378e-01 1.040009623695931779e-02 1.849517671658973753e-02
-9.996823806574117732e-01 1.747656025966961083e-02 1.815871366572784085e-02
-9.995860757795459461e-01 2.126368923773321387e-02 1.937947097680459141e-02
-9.995788140816349587e-01 2.066636708392012231e-02 2.037466500181169329e-02
-9.993527424093088252e-01 2.895445334358590084e-02 2.134870513911432330e-02
-9.992129372985742997e-01 2.952364903843874427e-02 2.649323431980976293e-02
-9.990368862265284200e-01 3.363896584451277899e-02 2.817359355212515834e-02
-9.984837350957251889e-01 4.329668862222584014e-02 3.399498625770878968e-02
-9.981312703522708940e-01 5.045603052518993908e-02 3.447009922467830084e-02
-9.979741489446749547e-01 5.724182091944474832e-02 2.776694415018121642e-02
-9.977543859692432626e-01 5.984063100758368892e-02 3.008845956424180401e-02
-9.973551798693751635e-01 6.410355120081687175e-02 3.425509118010813120e-02
-9.971720361495557405e-01 6.732654337175805748e-02 3.339308661379554455e-02
-9.963029886513961042e-01 7.752622738669005809e-02 3.701446084863799918e-02
-9.957836551206926679e-01 8.289520782195050619e-02 3.928521607869549237e-02
-9.955356016248464446e-01 8.729333496517695246e-02 3.589945569125636143e-02
-9.948069226248296149e-01 9.507423806055501081e-02 3.633328126769424377e-02
-9.943944844197446509e-01 1.007040976047871433e-01 3.222305676127239921e-02
-9.939028656078143786e-01 1.046208063232397234e-01 3.480821728936763643e-02
-9.929860386356134105e-01 1.128068559129273701e-01 3.540299090366424983e-02
-9.926473396391304327e-01 1.156730982589453671e-01 3.565143591640404508e-02
-9.928372489608506823e-01 1.153495295567211476e-01 3.112417982134264155e-02
-9.925288446165185796e-01 1.168687003842346916e-01 3.504612669054726903e-02
-9.917503633899569238e-01 1.228831980792698952e-01 3.648243301475926487e-02
-9.916669441505837623e-01 1.223611402046146240e-01 4.030452616749759243e-02
-9.908649481998170749e-01 1.291292849996896752e-01 3.888847824166472705e-02
-9.906614048218472801e-01 1.321621989106059880e-01 3.351366336994498346e-02
-9.901801591892410714e-01 1.359419624190529308e-01 3.260470270256749653e-02
-9.892264747679556658e-01 1.426703692550121416e-01 3.280516431886738166e-02
-9.888466826842738921e-01 1.448129273463580058e-01 3.480640313733702335e-02
-9.880296247924316155e-01 1.505536143224172063e-01 3.363184762141157441e-02
-9.867345398979008309e-01 1.593940099383920339e-01 3.079819187219050292e-02
-9.862081042885514348e-01 1.629458379664633638e-01 2.902171787803954281e-02
-9.843244425268098396e-01 1.739522977648843560e-01 2.908644247082475820e-02
-9.835440136851748560e-01 1.786423096567610058e-01 2.698387492157766632e-02
-9.846058334935008372e-01 1.730173882761474879e-01 2.482674553995775635e-02
-9.846406743458508970e-01 1.730023115833281278e-01 2.351539712748512354e-02
-9.835814173369282765e-01 1.791156865781314556e-01 2.202720001630621358e-02
-9.835992856372497428e-01 1.789761366488111793e-01 2.236110582900025304e-02
-9.837605079362753413e-01 1.779581569303048394e-01 2.337067934031451105e-02
-9.829330774265401249e-01 1.827598291063256830e-01 2.101050604745554815e-02
-9.828948811966073951e-01 1.825090192718423487e-01 2.466052747486844124e-02
-9.827149362740188465e-01 1.838615393132337350e-01 2.159443388457674487e-02
-9.826300604465866284e-01 1.845608155477611867e-01 1.937784438059248632e-02
-9.822374195867294988e-01 1.862931829143065487e-01 2.246180734919453817e-02
-9.814895185393434085e-01 1.894126665080435867e-01 2.830544295504635807e-02
-9.814586905403462902e-01 1.897532865875933006e-01 2.706585176191943221e-02
-9.817820111294279783e-01 1.877344515108709533e-01 2.932387549320369935e-02
-9.809632902760535567e-01 1.921274157335224331e-01 2.825085070461678255e-02
-9.803266690506663439e-01 1.959654406321930664e-01 2.360506908121053071e-02
-9.793580052617820719e-01 2.001005941592547965e-01 2.859512376694441083e-02
-9.787068052892737846e-01 2.029471957427540496e-01 3.074827514867169848e-02
-9.775915169287862083e-01 2.089800285102779709e-01 2.534176181858915217e-02
-9.773679335990308470e-01 2.103828004729057788e-01 2.215921480656673007e-02
-9.765035294818800171e-01 2.147441427994199181e-01 1.805107182645010813e-02
-9.764456043826847953e-01 2.151772513063912040e-01 1.589853302297096482e-02
-9.752868343371867699e-01 2.205653523393235893e-01 1.290531399762737119e-02
-9.757180137118981467e-01 2.185900530670975839e-01 1.388443029429523370e-02
-9.748688689079845204e-01 2.224198566527319509e-01 1.265412117905537724e-02
-9.747396378120650740e-01 2.226854251736127555e-01 1.714266325108815617e-02
-9.751843357726145411e-01 2.210667538134185317e-01 1.204295226277815947e-02
-9.744592221017657208e-01 2.242754615463095624e-01 1.139178914806386091e-02
-9.736541239650708945e-01 2.277067002986839228e-01 1.213822811303851695e-02
-9.743145017587091505e-01 2.249320020491125394e-01 1.081097685472763061e-02
-9.753173907739021153e-01 2.207167212838772596e-01 6.336196743454539787e-03
-9.749138441066101946e-01 2.224523201749344647e-01 7.615314354294048724e-03
-9.752489253066397579e-01 2.210399251280869559e-01 5.560252771189853199e-03
-9.739643273831026793e-01 2.265293893771096467e-01 8.829276430991780944e-03
-9.723450076103536954e-01 2.331914081631120406e-01 1.292226030503572723e-02
-9.708768712478427210e-01 2.391773633857068315e-01 1.386799306628759901e-02
-9.706977901026552225e-01 2.399457632163178311e-01 1.310963427390144688e-02
-9.706939617300041068e-01 2.401492389858200516e-01 9.033670008880280780e-03
-9.696462064122906011e-01 2.442592246274107870e-01 1.112192177168114249e-02
-9.695717081281135519e-01 2.446161079252904824e-01 9.679571827878756529e-03
-9.691978911677945341e-01 2.462539455345138517e-01 3.804421202643209175e-03
-9.677371041980356026e-01 2.519578686614245000e-01 -1.470046324285908916e-03
-9.680480813312077881e-01 2.507454859576846995e-01 -3.105635107787567753e-03
-9.687500891744651454e-01 2.479934616181940776e-01 -4.747550073913295310e-03
-9.679846334118795692e-01 2.509370134956666054e-01 -6.032926816389755365e-03
-9.681316409063164263e-01 2.501781359837725871e-01 -1.149163505985890954e-02
-9.689429330982242128e-01 2.469936365883879659e-01 -1.199030540888792150e-02
-9.699072013669540748e-01 2.432013474232699313e-01 -1.153936223258669909e-02
-9.714842659066346142e-01 2.367893591230204042e-01 -1.221278409578915869e-02
-9.718827332339087244e-01 2.349327823729488174e-01 -1.582947511652843531e-02
-9.725383875556716795e-01 2.323173274031764546e-01 -1.406327728387206377e-02
-9.735060589697456246e-01 2.283918340247533263e-01 -1.109751798386742969e-02
-9.738995950092196319e-01 2.263798309728238534e-01 -1.648583178395823801e-02
-9.739092110140969982e-01 2.261570571931595386e-01 -1.881132297742362999e-02
-9.748609748143670650e-01 2.219278837178483843e-01 -1.985260500109978926e-02
-9.750009290534417117e-01 2.209228470663454624e-01 -2.379738934834857086e-02
-9.761567155411706720e-01 2.155818481095762018e-01 -2.534887078751916004e-02
-9.774466975261710822e-01 2.087494480665641750e-01 -3.196331653410619533e-02
-9.776636654728523279e-01 2.080891731933802447e-01 -2.954124890905899040e-02
-9.791405895517284463e-01 2.010778401158536399e-01 -2.917944929418659142e-02
-9.797811693245936926e-01 1.980265445685061021e-01 -2.853734443695054787e-02
-9.796991539371212587e-01 1.974347112775419189e-01 -3.477261513024163669e-02
-9.814148627700745031e-01 1.883171800654543648e-01 -3.689903993083949035e-02
-9.823060228031411656e-01 1.840498713590448254e-01 -3.464902079267721813e-02
-9.833924492357869473e-01 1.788336208263207605e-01 -3.094929451705475884e-02
-9.840995408932519117e-01 1.752687172190654785e-01 -2.879240012638889859e-02
-9.852187596508112932e-01 1.676692132029180826e-01 -3.508650523494782209e-02
-9.858494524028272865e-01 1.629967036872899677e-01 -3.915308617636832633e-02
-9.865995202026248689e-01 1.593913966264615401e-01 -3.486834933302707107e-02
-9.874332667299396959e-01 1.538796457208074508e-01 -3.600876023104059021e-02
-9.881498954670467905e-01 1.497710079287705165e-01 -3.359258361300930529e-02
-9.888477988042152500e-01 1.453263788297104731e-01 -3.256235245141016199e-02
-9.892394692054476968e-01 1.418858863334796772e-01 -3.568893723130030921e-02
-9.900617109854794595e-01 1.350845229169930217e-01 -3.911537692458056520e-02
-9.907850995360176771e-01 1.274383983368962137e-01 -4.587345930043558451e-02
-9.919317879841127450e-01 1.157512066051567534e-01 -5.170125340515570322e-02
-9.930282887329823227e-01 1.066329269593851992e-01 -5.024211405861209179e-02
-9.933521301320463737e-01 1.022294989732565051e-01 -5.292172104023140644e-02
-9.940603455451806347e-01 9.438137667679140363e-02 -5.418688703737387091e-02
-9.950535515824533439e-01 8.278675166889706838e-02 -5.490734838848777832e-02
-9.955830571570316589e-01 7.871356987222878632e-02 -5.117209940728784101e-02
-9.958772721859399102e-01 7.427076225950196564e-02 -5.208019013455653795e-02
-9.965984296222683003e-01 6.614358157523689274e-02 -4.915923267938734215e-02
-9.972166165226630241e-01 5.884539695081103527e-02 -4.578506590593565961e-02
-9.972725837960846329e-01 5.205949347889048812e-02 -5.231860232517373394e-02
-9.977794767720541413e-01 4.410405136685149885e-02 -4.990973520389049151e-02
-9.979525180207681201e-01 3.990519311519530321e-02 -4.998380359804770190e-02
-9.979316654667228503e-01 3.660429908176872360e-02 -5.284458057731635655e-02
-9.982275994900811078e-01 3.157814199672842603e-02 -5.044317449365205708e-02
-9.982998711417219173e-01 2.104310676094093766e-02 -5.435612743260812701e-02
-9.984150420747656129e-01 1.278880950519209643e-02 -5.480769824260374457e-02
-9.985381894969406202e-01 4.577577783312622439e-03 -5.385687963001909578e-02
-9.983004359035875241e-01 -4.583175467627906979e-03 -5.809705620052602049e-02
-9.981745646942826733e-01 -5.901859110547590798e-03 -6.010607481172440536e-02
-9.978996295823917562e-01 -1.075227227907363942e-02 -6.388076184861682383e-02
-9.977394369458553181e-01 -2.183795849939548783e-02 -6.355433368437224395e-02
-9.976790443393392938e-01 -3.058777153967200818e-02 -6.083540462433703611e-02
-9.974511299642038198e-01 -3.684670033378651538e-02 -6.110317304723984072e-02
-9.965775711719312424e-01 -5.187172229313706528e-02 -6.436228298149419824e-02
-9.959889410019668876e-01 -5.765724582974204176e-02 -6.842299250176234193e-02
-9.952820741777677060e-01 -6.944684216689424316e-02 -6.775517267896728757e-02
-9.945335200065223979e-01 -8.116593289475690365e-02 -6.569020664301446211e-02
-9.942048208048682723e-01 -8.730139084406952910e-02 -6.273177612046354490e-02
-9.931647743207070445e-01 -9.744498757818169377e-02 -6.425138013318355823e-02
-9.924872704333564943e-01 -1.070025314864516686e-01 -5.932546142523486415e-02
-9.912348821814928046e-01 -1.166814568942485114e-01 -6.195869677259954050e-02
-9.907717702279711380e-01 -1.224718977985349150e-01 -5.806864556583991865e-02
-9.896773769770587093e-01 -1.326230013609747127e-01 -5.431264039623044659e-02
-9.886654728386958801e-01 -1.400636708419704113e-01 -5.406278586354952564e-02
-9.872044043175505212e-01 -1.519499500946882298e-01 -4.836021556046902342e-02
-9.864030225737829838e-01 -1.570072188915271338e-01 -4.855763549647908878e-02
-9.843953399424261175e-01 -1.690363977941473084e-01 -4.891364484830826309e-02
-9.842221879873991330e-01 -1.722480536994882017e-01 -4.046389109365834680e-02
-9.829800773878466513e-01 -1.795248742201803194e-01 -3.900026688482838289e-02
-9.831153935280576572e-01 -1.794476388394628807e-01 -3.581482592907002382e-02
-9.820254147794227340e-01 -1.863629658196477856e-01 -2.991593507713129207e-02
-9.817557765470706910e-01 -1.880046608064819269e-01 -2.845832366467736935e-02
-9.814347481472597279e-01 -1.900529861673517784e-01 -2.580176375025925936e-02
-9.808860821301059740e-01 -1.933354289407925863e-01 -2.199861824471621013e-02
-9.803225975953899773e-01 -1.966492870007393590e-01 -1.722486242390053324e-02
-9.789011727996299594e-01 -2.036346495323604622e-01 -1.689546379625433623e-02
-9.778307959212397815e-01 -2.087896430186314267e-01 -1.593275811849835522e-02
-9.775929302365757856e-01 -2.099166917523195841e-01 -1.571873210220961839e-02
-9.759736291356618798e-01 -2.168631344912608505e-01 -2.111609898562018597e-02
-9.752991300710266431e-01 -2.202751426709653737e-01 -1.644693626847678128e-02
-9.761662915669542251e-01 -2.165823946102754805e-01 -1.383730193004163722e-02
-9.759165051504025135e-01 -2.176974360844374234e-01 -1.395831900715565656e-02
-9.743443914634543068e-01 -2.246375152991943180e-01 -1.382124863036919733e-02
-9.743999945078906100e-01 -2.246606802398230796e-01 -8.500756164072680726e-03
-9.752761821542204057e-01 -2.208628053320021434e-01 -7.484861794478288484e-03
-9.761758568411172954e-01 -2.169320501960991798e-01 -4.606039880623871707e-03
-9.760111982723795876e-01 -2.177201592325559709e-01 -3.264452532210767796e-04
-9.744681063952437272e-01 -2.245251759509707401e-01 -6.232607671379470715e-04
-9.748475381789855065e-01 -2.228391354469577146e-01 -3.876914007449333219e-03
-9.757327953827704681e-01 -2.189345086830607745e-01 -3.636806834935989510e-03
-9.756206939541417489e-01 -2.194240649606309101e-01 -4.168295506244276347e-03
-9.754255950032209022e-01 -2.201683580799929096e-01 -8.416424256485567634e-03
-9.754165362714530829e-01 -2.202952285781523967e-01 -5.711963287881585347e-03
-9.746885884051607052e-01 -2.235151591332321108e-01 -4.812769712299857713e-03
-9.743835348348737213e-01 -2.248923861105327493e-01 4.184950327126395198e-04
-9.750949502051247109e-01 -2.217372567352451085e-01 4.739259338629672053e-03
-9.756971913119679707e-01 -2.190119585105030631e-01 6.984730620958315775e-03
-9.766007714404544293e-01 -2.150473973099586711e-01 2.362968637119633106e-03
-9.769759004400677682e-01 -2.133411756409673288e-01 1.914737653007235214e-03
-9.758506196243599273e-01 -2.183972662921616625e-01 4.270315168973455242e-03
-9.765461311938450351e-01 -2.152661832253638663e-01 4.261143809147849640e-03
-9.759142136921156174e-01 -2.181171537477504252e-01 4.048221186073396559e-03
-9.778722644325347213e-01 -2.091997054841614467e-01 1.162289330853396273e-03
-9.779388589161133183e-01 -2.088767849835258816e-01 2.471873113976057624e-03
-9.784410591490516618e-01 -2.065073015277478774e-01 2.803824602378044047e-03
-9.786856865958482032e-01 -2.050668094682602249e-01 1.104372764577452731e-02
-9.793416504402904232e-01 -2.019719751656670337e-01 9.863384992005005264e-03
-9.803702719189054671e-01 -1.968113322789867836e-01 1.180943952282667748e-02
-9.806482808281268282e-01 -1.954145717172948993e-01 1.192174097358964478e-02
-9.810400183798566598e-01 -1.932137191384247221e-01 1.513190497207073798e-02
-9.819373687801681294e-01 -1.881736074404962711e-01 1.974160370028402861e-02
-9.835468576700469034e-01 -1.799972857685959160e-01 1.538145712454909095e-02
-9.844320799597082727e-01 -1.748407999207801933e-01 1.800577685540173320e-02
-9.842574478731813681e-01 -1.758060836245965708e-01 1.815297872199317722e-02
-9.846493478843886260e-01 -1.732105369714710963e-01 2.153613282855248307e-02
-9.848528094007634737e-01 -1.715714923547712600e-01 2.506392375646170068e-02
-9.854917798010192076e-01 -1.684814853808166424e-01 2.049327656309617163e-02
-9.860069714584313028e-01 -1.656999703958534076e-01 1.827034091964613999e-02
-9.860245147973490942e-01 -1.652065513585940226e-01 2.150546305884014353e-02
-9.864735468141551111e-01 -1.622590836249069579e-01 2.328013261269270412e-02
-9.867803103220291749e-01 -1.598674036525093434e-01 2.659070895038050109e-02
-9.872461965212194768e-01 -1.559069458051374202e-01 3.221808704012162072e-02
-9.887146660950643096e-01 -1.452930753033821465e-01 3.651390443183603896e-02
-9.899403015024332841e-01 -1.355095111808100328e-01 4.068668014540654382e-02
-9.899466195814439207e-01 -1.343732719967725697e-01 4.415368938205514043e-02
-9.912328610248669625e-01 -1.229322114715540593e-01 4.842644650952172142e-02
-9.917551374602090464e-01 -1.175162776461994851e-01 5.110485345602622936e-02
-9.920602716785749120e-01 -1.143104722307601434e-01 5.243631907011362531e-02
-9.933094245916556098e-01 -1.031997051552989847e-01 5.182896973089087117e-02
-9.944727564072696202e-01 -9.359774887469572702e-02 4.757554279280880316e-02
-9.951611886173836741e-01 -8.979477317179052065e-02 3.988911103008343367e-02
-9.956699881243513683e-01 -8.668113134428821753e-02 3.358109588920279998e-02
-9.960114426962481948e-01 -8.313995601756256348e-02 3.238807640046661301e-02
-9.964724691879661700e-01 -7.652075258753039677e-02 3.445615273920203669e-02
-9.965236917142419326e-01 -7.303608374795879377e-02 4.007862661849719010e-02
-9.968657162893816981e-01 -6.686095599578679993e-02 4.228936436881448879e-02
-9.969486378778150693e-01 -6.656676528777009938e-02 4.077147630665126088e-02
-9.974404765825163333e-01 -6.016165601045522088e-02 3.864071481248172041e-02
-9.977515716355495057e-01 -5.192300034086654026e-02 4.237732406635152937e-02
-9.981892797085503144e-01 -4.330906334056168483e-02 4.174351598300019006e-02
-9.984022259926547127e-01 -3.664957432218790556e-02 4.300974493623636874e-02
-9.985543034277064578e-01 -3.067522307346975258e-02 4.414032401235983699e-02
-9.986761336741704076e-01 -2.413034877097600811e-02 4.542841383445520020e-02
-9.988388508545851252e-01 -1.829676677942425334e-02 4.456694750185192372e-02
-9.989265366994927176e-01 -1.221517206558120697e-02 4.468331137767046074e-02
-9.989310992608527728e-01 -2.414649427888538452e-03 4.616127110383808768e-02
-9.987750005261788466e-01 9.199616418365056877e-03 4.861995548846279047e-02
-9.984372651247613861e-01 2.016752691414933074e-02 5.211845439855579409e-02
-9.983549922440998481e-01 2.672546724125403686e-02 5.072567002543447445e-02
-9.980079430327220003e-01 3.488559135069392581e-02 5.256592007275353445e-02
-9.974856623849160941e-01 4.767013861975043232e-02 5.243992762218852716e-02
-9.974557055405069983e-01 5.546673237816170804e-02 4.478383037141731027e-02
-9.974072877380019131e-01 5.827450844760188181e-02 4.222343377161920375e-02
-9.974657426242827807e-01 6.008909616297929829e-02 3.809759949398972001e-02
-9.969656290006123633e-01 6.487403685667249287e-02 4.302241751104921713e-02
-9.967331658911835479e-01 7.039993965979687851e-02 3.958381983722052133e-02
-9.962275307393712032e-01 7.673689129531627295e-02 4.052395394088731395e-02
-9.957424232172060741e-01 8.348873728230439550e-02 3.907290153922815534e-02
-9.953949625247356936e-01 8.668864835155964954e-02 4.091431471594353386e-02
-9.941471912962293045e-01 1.013198040579751796e-01 3.749257786918779728e-02
-9.932477672879111985e-01 1.117065358752904192e-01 3.131383829841982019e-02
-9.932684045575781440e-01 1.123117047843770477e-01 2.835474078245577012e-02
-9.929020017521731356e-01 1.153439735371233066e-01 2.900718087746862600e-02
-9.922157150913168966e-01 1.208524193542461767e-01 3.004498859202616584e-02
-9.923163764848855761e-01 1.204512955265604757e-01 2.827946699223323965e-02
-9.916025330548738914e-01 1.255652776248054880e-01 3.094853068788040035e-02
-9.909345836570516708e-01 1.292311888484825866e-01 3.671491521639306393e-02
-9.902058510788769308e-01 1.338297046439144433e-01 3.977457761576864981e-02
-9.893444682823104852e-01 1.400469972001103236e-01 3.980447255130669520e-02
-9.879337820589171315e-01 1.484634767602822092e-01 4.410751816458170077e-02
-9.866211963320952183e-01 1.578373372601186708e-01 4.081696175957151562e-02
-9.850329926795921009e-01 1.666367161035514632e-01 4.407088310773941975e-02
-9.834090061179096010e-01 1.745867730180802879e-01 4.925667802930936562e-02
-9.826764048161802378e-01 1.786554056168743188e-01 4.928858305253719374e-02
-9.813463189587469104e-01 1.873253100467636711e-01 4.322806138135352333e-02
-9.798054581920419004e-01 1.946235008765767882e-01 4.585838989261441928e-02
-9.782053502139212986e-01 2.008596046536748059e-01 5.262838800229514141e-02
-9.767570892278508721e-01 2.074856257044352115e-01 5.380835416830575396e-02
-9.752161863613155734e-01 2.121497459073298231e-01 6.281648519447947943e-02
-9.725901917102919292e-01 2.244971995833564549e-01 6.057525854556071454e-02
-9.702788148763032972e-01 2.349021664500684781e-01 5.813801758265178810e-02
-9.667452628771905365e-01 2.497906173615447867e-01 5.484778314087157547e-02
-9.655118991473371493e-01 2.538756881722800673e-01 5.774030429310755830e-02
-9.639244739903854997e-01 2.602301254441974354e-01 5.594573558069539099e-02
-9.613232432002076777e-01 2.709206967114392017e-01 4.959467963927743916e-02
-9.588846203445253735e-01 2.801494291382797819e-01 4.534992762013388690e-02
-9.573694984774875349e-01 2.862217746387857864e-01 3.899708277668307438e-02
-9.559105549659562273e-01 2.913148109941267050e-01 3.702330570915504659e-02
-9.543971236532057256e-01 2.962557304383091616e-01 3.686062813162493956e-02
-9.532686592496418809e-01 2.997470660719321889e-01 3.782318159872993801e-02
-9.511029534654045214e-01 3.064027852104495020e-01 3.899408371569260123e-02
-9.481964084786468350e-01 3.153503971680468587e-01 3.844127150817697874e-02
-9.478231757855201112e-01 3.165539396740810196e-01 3.774737229320965920e-02
-9.474851504941520508e-01 3.170101131489820312e-01 4.214867948792533348e-02
-9.464563594940735847e-01 3.197292879366896989e-01 4.464947409832866615e-02
-9.448444413169662104e-01 3.242420643476564557e-01 4.621795086963896571e-02
-9.425905071621190068e-01 3.306429969146238990e-01 4.688686356438326319e-02
-9.401684883009080451e-01 3.380648313612090172e-01 4.237236082034131351e-02
-9.381739512403445280e-01 3.436259923707388753e-01 4.184313705083952256e-02
-9.369435149097492532e-01 3.475676023934729519e-01 3.651910642734649409e-02
-9.358091996988291417e-01 3.510261459962080721e-01 3.227723712279032681e-02
-9.356263004979314957e-01 3.517367689520330409e-01 2.974398455407968600e-02
-9.332837670129218166e-01 3.580513403592381905e-01 2.794067465654918175e-02
-9.333834709780062244e-01 3.581519825097154719e-01 2.285797368205273045e-02
-9.310565717697100174e-01 3.643582737549027617e-01 1.940983838133075040e-02
-9.308806287476524277e-01 3.650450521746133048e-01 1.426177564705935139e-02
-9.259537897062799505e-01 3.773547662995774266e-01 1.459428074987865510e-02
-9.259723296992218300e-01 3.772730619747251546e-01 1.550208669643482993e-02
-9.269974778537358739e-01 3.746297988973438242e-01 1.811692934983284015e-02
-9.252063828233461074e-01 3.791160057073269529e-01 1.625535918231582611e-02
-9.241293364447487058e-01 3.817783230194477517e-01 1.517612888217433759e-02
-9.236941670033599339e-01 3.828399992574791355e-01 1.492159864152891452e-02
-9.236548353831531832e-01 3.830167490268603925e-01 1.264706820553831990e-02
-9.234820161642758318e-01 3.836108626459203141e-01 4.868797245740501961e-03
-9.233165400027320002e-01 3.840119149003125010e-01 4.631358017917390144e-03
-9.236198118002701962e-01 3.832765250619286634e-01 5.057854286185824687e-03
-9.229578737459019910e-01 3.848954621935868348e-01 -2.068786587610479781e-03
-9.233300981720052869e-01 3.839498213128838544e-01 -6.640630667641297079e-03
-9.240052351225732652e-01 3.823489320790767199e-01 -4.863440422464043039e-03
-9.235374018983940614e-01 3.834590422862890202e-01 -6.153343192380691593e-03
-9.259204340589410887e-01 3.776528898743100049e-01 -7.048266271273042304e-03
-9.253137425814927930e-01 3.791846549535680122e-01 -3.675429816583436742e-03
-9.248875224709466325e-01 3.802152493558785262e-01 -4.412309977655205599e-03
-9.243613233625374015e-01 3.814127277192128629e-01 -8.972654925216179758e-03
-9.256292579638885076e-01 3.783868918824238592e-01 -5.819825671846266812e-03
-9.257658165253535021e-01 3.780381167231473549e-01 -6.698416083592000948e-03
-9.290407718371853640e-01 3.699247562194517003e-01 -6.241194362160577824e-03
-9.290212315933866760e-01 3.697792016563439810e-01 -1.352504524913180836e-02
-9.297373911762789600e-01 3.678282331096567326e-01 -1.705309310471849957e-02
-9.324326226560647468e-01 3.605376029968361262e-01 -2.412623523157924471e-02
-9.341397875778701954e-01 3.559615879532005978e-01 -2.596612004018374747e-02
-9.358873580075456333e-01 3.512785281578981178e-01 -2.680080255468154579e-02
-9.368614980817742133e-01 3.485937011237353889e-01 -2.780286316090218451e-02
-9.380731202137800873e-01 3.449584076498467544e-01 -3.197737476072656793e-02
-9.387763452009098009e-01 3.433848629911369077e-01 -2.803290720898838836e-02
-9.401592012087740535e-01 3.395422302039113327e-01 -2.849183442334134175e-02
-9.436606522132549024e-01 3.294771732068895731e-01 -3.081233834526224402e-02
-9.463276730148727500e-01 3.218175039816769667e-01 -2.995770034717056690e-02
-9.486251418385405199e-01 3.144354587276108060e-01 -3.522381534994660501e-02
-9.507594562480146116e-01 3.073650364874403462e-01 -3.978976740282452740e-02
-9.522803850328824815e-01 3.021766929825723258e-01 -4.302731071204606017e-02
-9.535754468347106272e-01 2.971115347201720436e-01 -4.917965244758244064e-02
-9.558604868940753230e-01 2.898224192229923446e-01 -4.830869470142210714e-02
-9.585948670166818397e-01 2.801360057974108253e-01 -5.118334325310373162e-02
-9.606658666908488575e-01 2.722901373281720883e-01 -5.458213318207646991e-02
-9.629473226760435489e-01 2.637344688693819550e-01 -5.636150632849011577e-02
-9.640862947866739585e-01 2.600372921694423245e-01 -5.402090875381219959e-02
-9.656911689652682984e-01 2.530623503279487152e-01 -5.830994044968602213e-02
-9.676080712593327915e-01 2.455780551113309895e-01 -5.853268678505410549e-02
-9.698649683420241807e-01 2.360385784487333549e-01 -6.039676273839752335e-02
-9.715937923570923118e-01 2.268803828723301719e-01 -6.731144785677915798e-02
-9.731924137057438307e-01 2.193999540531371695e-01 -6.899436653400320418e-02
-9.755324592543526130e-01 2.072820374597040549e-01 -7.328447885044328536e-02
-9.771000672455053548e-01 1.991116317796750579e-01 -7.503368399027268709e-02
-9.802917134116623243e-01 1.820081013522459323e-01 -7.681955998974390742e-02
-9.827041929436342027e-01 1.707207073367160433e-01 -7.174222073576971836e-02
-9.853967697361095679e-01 1.525025131105965104e-01 -7.573788388543221950e-02
-9.869599500644157253e-01 1.412473621349000785e-01 -7.719635431202301334e-02
-9.886360878938976748e-01 1.252423082127051557e-01 -8.314498188437242920e-02
-9.897493071660649067e-01 1.136808052324518037e-01 -8.644664048361451469e-02
-9.914156602318960898e-01 9.612975171999312007e-02 -8.862334862833246008e-02
-9.923533424710596629e-01 8.127859367675970004e-02 -9.289064887880496557e-02
-9.929551921424241145e-01 7.254120983537518108e-02 -9.368990391674186791e-02
-9.932687811681797374e-01 5.810301320499906136e-02 -1.002058255891867117e-01
-9.942104058920264720e-01 4.172985306508544823e-02 -9.901680350479247217e-02
-9.947640162752121595e-01 2.423316712734210551e-02 -9.928416168335178760e-02
-9.945490855808188924e-01 1.535852979959379666e-02 -1.031323002908550585e-01
-9.948853299016975349e-01 -1.632430569300933471e-03 -1.009977952615386948e-01
-9.951086401344703125e-01 -1.848133011513825377e-02 -9.704263794798206888e-02
-9.940441023396363596e-01 -3.565348485923258703e-02 -1.029815091660264970e-01
-9.936366625550506759e-01 -5.036712415045597330e-02 -1.007441067688263359e-01
-9.921527650290409284e-01 -6.730922176693381054e-02 -1.053679239370586135e-01
-9.903000903501094632e-01 -8.690732773543155543e-02 -1.084107358475318028e-01
-9.887188277589226137e-01 -1.034217637462414158e-01 -1.083469363698407184e-01
-9.867200228034082032e-01 -1.212782367816855889e-01 -1.080519599683939930e-01
-9.857290448320330523e-01 -1.332938257370115398e-01 -1.028155925555676448e-01
-9.840540181696494360e-01 -1.484548600150416842e-01 -9.797389194835913473e-02
-9.810389976810647283e-01 -1.647731749071726648e-01 -1.020408051986488873e-01
-9.783670336541403501e-01 -1.810515929944194746e-01 -1.000914971712046075e-01
-9.767846631286044579e-01 -1.916580212235812763e-01 -9.570247653240891716e-02
-9.748870510135565493e-01 -2.023520555404875743e-01 -9.299958266684180130e-02
-9.709212691550282992e-01 -2.203873792590952396e-01 -9.349508665210466696e-02
-9.668022117396481985e-01 -2.371495943341182799e-01 -9.515036900306056422e-02
-9.633696388704989788e-01 -2.535831236929949051e-01 -8.726154233538797877e-02
-9.592109519539359086e-01 -2.676147310227568465e-01 -9.108646386747286383e-02
-9.556893082105319959e-01 -2.798714323145842231e-01 -9.126864783418121851e-02
-9.518117192297115281e-01 -2.924085590251969680e-01 -9.247553363549841643e-02
-9.496436834505395108e-01 -2.994904395497455241e-01 -9.209988964160470415e-02
-9.455789034302422014e-01 -3.132862109699219300e-01 -8.793364425495747705e-02
-9.413502580888437610e-01 -3.269393226611602699e-01 -8.348897388622140980e-02
-9.361029821083441949e-01 -3.420866310466098570e-01 -8.178007942640111438e-02
-9.298764099487826229e-01 -3.590088604748176149e-01 -8.026542026513942829e-02
-9.260732593329383810e-01 -3.694312758596804969e-01 -7.686929107890033697e-02
-9.197238593016855424e-01 -3.850374753183056220e-01 -7.651275935962432995e-02
-9.142971625912934552e-01 -3.978992971813957169e-01 -7.574222632686007650e-02
-9.099407120312764663e-01 -4.087174287305216369e-01 -7.041307378960810770e-02
-9.066227435234219811e-01 -4.160178153639574883e-01 -7.045860591778579929e-02
-9.030854544231616821e-01 -4.242966294989715670e-01 -6.640081985178408752e-02
-8.995707516873243659e-01 -4.324081338632841942e-01 -6.160929243991535020e-02
-8.964101927853307394e-01 -4.391072969128553827e-01 -6.027922093390512825e-02
-8.921231469591874852e-01 -4.482202097510957217e-01 -5.670071137525420357e-02
-8.899543803015418364e-01 -4.533556679317208293e-01 -4.949621998722571192e-02
-8.870979001127972108e-01 -4.587670254689164007e-01 -5.089369755575049586e-02
-8.827613656102371031e-01 -4.674389540881381810e-01 -4.725708327207263360e-02
-8.783905329205902168e-01 -4.762015735502484470e-01 -4.076970681172188693e-02
-8.785447202324718763e-01 -4.762556578961218423e-01 -3.660271656563186121e-02
-8.758372842383619350e-01 -4.814935650261152333e-01 -3.275720233703990902e-02
-8.731851921539693917e-01 -4.865608346830518904e-01 -2.839384279625491864e-02
-8.716791733929416530e-01 -4.895733287324020022e-01 -2.221284208949863420e-02
-8.694869700745961882e-01 -4.934362331266374246e-01 -2.265234196254393290e-02
-8.691501904464941086e-01 -4.942454728151745025e-01 -1.730303303604986340e-02
-8.667332185498117791e-01 -4.984718561106444290e-01 -1.730238225609978531e-02
-8.652067658257980298e-01 -5.011242787932729259e-01 -1.708055833345747260e-02
-8.619990507194446039e-01 -5.067262206825773330e-01 -1.364586326411412059e-02
-8.594011867999092891e-01 -5.108854779985986250e-01 -2.063163855438542027e-02
-8.589523452403975412e-01 -5.116678199537523231e-01 -1.992351979838525439e-02
-8.558646262363578394e-01 -5.168488547169629577e-01 -1.905358031689712711e-02
-8.538118895208703929e-01 -5.201049578337331170e-01 -2.227389037607529695e-02
-8.526515780595335103e-01 -5.221837166855621826e-01 -1.759228525742346366e-02
-8.509126990291742132e-01 -5.252229918992157298e-01 -9.403379049342953239e-03
-8.508679311667814993e-01 -5.253655778006487420e-01 -3.848314653619290884e-03
-8.494626792485716615e-01 -5.276485978294330748e-01 3.871297193077574000e-04
-8.499107157299889970e-01 -5.267825414956058827e-01 1.232743223823209652e-02
-8.503897629774146427e-01 -5.258809978730247803e-01 1.692523160065517729e-02
-8.518279672033659544e-01 -5.235325367127600105e-01 1.740211652798944603e-02
-8.504222898545000797e-01 -5.256804172070220771e-01 2.102532342433027432e-02
-8.501136602450047874e-01 -5.259321218808478138e-01 2.649913624221172589e-02
-8.527635151126926605e-01 -5.210840761920810804e-01 3.557822098699060104e-02
-8.561524523790214891e-01 -5.152806638072919831e-01 3.858565661751733183e-02
-8.584224627934310403e-01 -5.117475883696110950e-01 3.500454660117433003e-02
-8.601236597680297358e-01 -5.086388435132599417e-01 3.839080520376118161e-02
-8.627000997767243495e-01 -5.040440795245186845e-01 4.108699287861059674e-02
-8.642892978166147877e-01 -5.011607869119559799e-01 4.291750950178902652e-02
-8.678557611854673670e-01 -4.945107458073619289e-01 4.780729486759669605e-02
-8.683199865354747082e-01 -4.935710663624361394e-01 4.907179253843041433e-02
-8.724271165387057492e-01 -4.861778471182023886e-01 5.002064319151323935e-02
-8.755259893279900840e-01 -4.805872000811883815e-01 4.990212995538963886e-02
-8.793767485610611834e-01 -4.731412408257866797e-01 5.323474401009488377e-02
-8.855630255398702078e-01 -4.605070506785966522e-01 6.092144572695074728e-02
-8.874792838912630710e-01 -4.569523899264450462e-01 5.979190962243390028e-02
-8.901495766438418666e-01 -4.509714021164522579e-01 6.525767639604027059e-02
-8.931505825755324812e-01 -4.445550013321415417e-01 6.821236191688964667e-02
-8.994815206354102033e-01 -4.311960342400883994e-01 7.073197827490970702e-02
-9.046378406115560544e-01 -4.204144809764056578e-01 6.987188379555114848e-02
-9.110239615540756120e-01 -4.066781108721294613e-01 6.817839910478568077e-02
-9.153379969762135415e-01 -3.959411729977757588e-01 7.339603353246421102e-02
-9.203885615692357636e-01 -3.838287023552499067e-01 7.456850510636271745e-02
-9.244665039971562415e-01 -3.723486780594680301e-01 8.196453171400390481e-02
-9.277434888683003811e-01 -3.626311785518345210e-01 8.826487044528597004e-02
-9.312207648539728710e-01 -3.535200859420380426e-01 8.860855554234448039e-02
-9.361987386305163916e-01 -3.399813741133504985e-01 8.913263855131654811e-02
-9.420132512418184501e-01 -3.230854446405952429e-01 9.070209633388041925e-02
-9.460013947692763603e-01 -3.094711968685028292e-01 9.648305738189977276e-02
-9.498260829705059693e-01 -2.975838247546497284e-01 9.630327251148618206e-02
-9.548301977914096517e-01 -2.797822598482003764e-01 1.001060531008966109e-01
-9.583688904979208445e-01 -2.650570189768209906e-01 1.061785695127583501e-01
-9.621578743408282230e-01 -2.513252341992988637e-01 1.052990676442513984e-01
-9.665839535915655700e-01 -2.331443273905488833e-01 1.065796671802454743e-01
-9.712214155766170087e-01 -2.133214748748607503e-01 1.059384365331743211e-01
-9.757039480793391339e-01 -1.943263413508331816e-01 1.011885380325654726e-01
-9.779954853707871765e-01 -1.787684054023632174e-01 1.075487333850799476e-01
-9.805739248973847078e-01 -1.685551130435065659e-01 1.003194577210857752e-01
-9.823448632530326075e-01 -1.584091362100203404e-01 9.952465552712901065e-02
-9.853145465717060292e-01 -1.398716322699443682e-01 9.793473516424977543e-02
-9.873317360533598874e-01 -1.265233799208248799e-01 9.574924892035277524e-02
-9.886846944418588023e-01 -1.134524715234995901e-01 9.813843806974285877e-02
-9.904679152964771527e-01 -9.662953911014932062e-02 9.816354866175670824e-02
-9.918759531607900248e-01 -7.910875450303717082e-02 9.961897383229745273e-02
-9.924603760147466813e-01 -6.785488804536293772e-02 1.020693770256759225e-01
-9.934645920034195221e-01 -5.004107594368263634e-02 1.025867277301463071e-01
-9.947847469273908283e-01 -3.691566184466846257e-02 9.508197242526963966e-02
-9.951390688072404567e-01 -2.901611579272398572e-02 9.410812411603006189e-02
-9.953869980494260972e-01 -1.185970790992748464e-02 9.520562920836751764e-02
-9.952343439339130793e-01 1.991053186713637180e-03 9.749193168668426890e-02
-9.954821884861849712e-01 1.565536121934030245e-02 9.364914440625354830e-02
-9.952431553518220619e-01 2.952736481568603993e-02 9.283984371881791320e-02
-9.938760728334691263e-01 4.861424167856481793e-02 9.923229268656801050e-02
-9.934831032119796346e-01 6.370143984238918478e-02 9.451714127119498210e-02
-9.928754582757237657e-01 7.824582644835222089e-02 8.986631249369700369e-02
-9.919799205445593016e-01 8.799874338723095990e-02 9.073090732854767471e-02
-9.912252277039738102e-01 1.008733351320303812e-01 8.542339836273936393e-02
-9.900937224938453074e-01 1.111869484301395566e-01 8.574334937172739535e-02
-9.884653332004919024e-01 1.246840609472682770e-01 8.596632380504803939e-02
-9.877622092650404362e-01 1.287605158707113839e-01 8.801469401821382377e-02
-9.868072280031334742e-01 1.365163523330820139e-01 8.703343691035911323e-02
-9.845877607627301353e-01 1.512088430684686846e-01 8.787983857901013329e-02
-9.823703213232661824e-01 1.649246736060385188e-01 8.802523911005113999e-02
-9.813979365739561311e-01 1.719537639053447808e-01 8.538168432977075173e-02
-9.783591390151400446e-01 1.874397539141928748e-01 8.763431437059594764e-02
-9.748816184623392278e-01 2.036663342592859582e-01 9.014373990417540172e-02
-9.720684128594496709e-01 2.159107074483089528e-01 9.200873191674771578e-02
-9.697442586130712305e-01 2.267535266811039618e-01 9.043755042776999153e-02
-9.665599112188143494e-01 2.400824897528432977e-01 9.012422328561593698e-02
-9.634073668473986940e-01 2.526848894302698434e-01 8.942388713709722992e-02
-9.598357568150999164e-01 2.660658923370912698e-01 8.901853883732524508e-02
-9.577325943652948981e-01 2.751034755512045127e-01 8.406185023900460129e-02
-9.544391573773183257e-01 2.872816099239662302e-01 8.071685438846684657e-02
-9.527641116591780701e-01 2.936022916082719481e-01 7.770637582304709690e-02
-9.484944123490710588e-01 3.068943004400453978e-01 7.857656845934149481e-02
-9.453466864599684438e-01 3.162833752332512294e-01 7.927488874407319364e-02
-9.432404592708196756e-01 3.218897449029275437e-01 8.175859130824877918e-02
-9.405799986538727619e-01 3.306423721306379626e-01 7.736230721847403569e-02
-9.382706586931649495e-01 3.388024605201325201e-01 6.972160481989464476e-02
-9.338572311601104348e-01 3.508350252026875560e-01 6.946578493521225750e-02
-9.309153228404632996e-01 3.590534985995620376e-01 6.691251866468374276e-02
-9.260792751067332684e-01 3.711072085515759178e-01 6.823968271859429113e-02
-9.203908900777373336e-01 3.851248711039114148e-01 6.752393204058988740e-02
-9.171954726033423322e-01 3.928088487445007271e-01 6.673613458211054283e-02
-9.128294137153311061e-01 4.033766857065363420e-01 6.348030476741145511e-02
-9.110612832726739940e-01 4.081084234759973506e-01 5.843706747650431743e-02
-9.063443433105219382e-01 4.187189119625980283e-01 5.669605131080910493e-02
-9.030208296709885119e-01 4.259156784288538056e-01 5.611821575989400096e-02
-8.997956707848583369e-01 4.331442609127802434e-01 5.247702415622705618e-02
-8.985862673991344973e-01 4.366154904930482639e-01 4.369978753384057280e-02
-8.969826458812336645e-01 4.404851028198262242e-01 3.735030288021811556e-02
-8.929495225704504602e-01 4.487110755258147954e-01 3.604939356174540616e-02
-8.895722881807168747e-01 4.554673758031972386e-01 3.479441822683935343e-02
-8.869534923409568838e-01 4.606986113855527920e-01 3.271589419214369909e-02
-8.865747642647994198e-01 4.617912512567849403e-01 2.709364226623952113e-02
-8.842396309262263721e-01 4.661574256690342311e-01 2.859313620774371623e-02
-8.847155275155145215e-01 4.654039052285557365e-01 2.603225358980375270e-02
-8.840156738752484866e-01 4.668163994756245327e-01 2.446988720530266642e-02
-8.807399282444543509e-01 4.728570856499406116e-01 2.652156224196459619e-02
-8.811160098601530377e-01 4.721397445744300869e-01 2.680814574667151826e-02
-8.804359444946635582e-01 4.735946927628259528e-01 2.325193609878059564e-02
-8.775825564122115008e-01 4.791185510580299733e-01 1.715541837328970337e-02
-8.751519111296934827e-01 4.836618530596019649e-01 1.343063598074822548e-02
-8.752413831016457868e-01 4.835257950101401470e-01 1.246453004726108885e-02
-8.758342407164769750e-01 4.824874126592281209e-01 1.096891358760724786e-02
-8.735467151479429093e-01 4.865548858241799945e-01 1.343567009984004273e-02
-8.714842638196204083e-01 4.901689484378617956e-01 1.579929267409885610e-02
-8.695452601838266071e-01 4.936490571539720040e-01 1.420164039568266694e-02
-8.700041356228679357e-01 4.929316573357869213e-01 1.054622869599427908e-02
-8.690125436683512339e-01 4.946161137644167760e-01 1.312008812965110779e-02
-8.681416764865189650e-01 4.962095357944510954e-01 1.030358562160452705e-02
-8.703168154582853200e-01 4.924612879315662384e-01 5.527975204966990505e-03
-8.680083602079147198e-01 4.965491095476289307e-01 -7.115171304904579011e-04
-8.657257393311288407e-01 5.005153843842836681e-01 -1.825399640330736036e-03
-8.681438241859985583e-01 4.963063428757082951e-01 -2.520393660837317272e-03
-8.681502426533401762e-01 4.962107014748837752e-01 -9.493883081561632284e-03
-8.698997022711171256e-01 4.930944154571511029e-01 -1.150840513795695769e-02
-8.709988928235034011e-01 4.909760330481057755e-01 -1.742130121322982977e-02
-8.723625081190841124e-01 4.885413157951583596e-01 -1.763732558435712403e-02
-8.720602905645454817e-01 4.887656715968771715e-01 -2.487983189561995823e-02
-8.733278990350651361e-01 4.865375742947851134e-01 -2.407504329335231549e-02
-8.765023432464370545e-01 4.806958487346725817e-01 -2.598425509652373122e-02
-8.752233889991017923e-01 4.828906511190245165e-01 -2.829622969757616610e-02
-8.752537555124877411e-01 4.823989071350821001e-01 -3.495992165901740806e-02
-8.802149049821744731e-01 4.730676945533017208e-01 -3.779835737040719568e-02
-8.804534765410904074e-01 4.721503320118879410e-01 -4.331025397594153586e-02
-8.848475925803760411e-01 4.639430278090060367e-01 -4.244576863848373988e-02
-8.885955544566422892e-01 4.562552295989151796e-01 -4.721381996628184335e-02
-8.906191628743147515e-01 4.513457739349903686e-01 -5.553861825752856585e-02
-8.952003437361119031e-01 4.423069227689061522e-01 -5.459825681406530601e-02
-8.968519278771033276e-01 4.384291097067211096e-01 -5.862230284982272721e-02
-8.981524940790782674e-01 4.353841291962367577e-01 -6.134163843616249195e-02
-9.014747425316175233e-01 4.280724613716808125e-01 -6.401012168786156253e-02
-9.050906174242649982e-01 4.196924590754098072e-01 -6.833193624497756191e-02
-9.088704969328077476e-01 4.111231055765960374e-01 -7.022998923349800526e-02
-9.122633988587619536e-01 4.022505834387192780e-01 -7.726576985078818793e-02
-9.155379537765108156e-01 3.938143511635823213e-01 -8.185690147530480520e-02
-9.184908100099237194e-01 3.866996473448528482e-01 -8.269253313379518189e-02
-9.227986300624869687e-01 3.765576343129602432e-01 -8.152960641982813506e-02
-9.272074313601554874e-01 3.644806234111661603e-01 -8.625714656758237675e-02
-9.309948661173857998e-01 3.545623196491480278e-01 -8.679954925986578529e-02
-9.355193411689695093e-01 3.419884491303976093e-01 -8.858613949959939782e-02
-9.386527262863036958e-01 3.315562937494249129e-01 -9.487636776412289308e-02
-9.429413198952038000e-01 3.173226560569218369e-01 -1.008367038720230646e-01
-9.455822529645231400e-01 3.065434631628280449e-01 -1.091116411080906429e-01
-9.499160809530322602e-01 2.917776124615384936e-01 -1.119165155683656265e-01
-9.548724533211427890e-01 2.730763624061068318e-01 -1.168244032491341372e-01
-9.591177597044270309e-01 2.578431315676844027e-01 -1.166622711850312522e-01
-9.638126767424376462e-01 2.372331393095646057e-01 -1.215960747603292702e-01
-9.665558942630503303e-01 2.231408537870911979e-01 -1.264037432814305306e-01
-9.701147210536832377e-01 2.075099445862660930e-01 -1.257660308662077175e-01
-9.736708549379873290e-01 1.902127977706107309e-01 -1.256351918076601126e-01
-9.772458884119424871e-01 1.693345164383807111e-01 -1.277354257035370755e-01
-9.799890816332518240e-01 1.516979290712255624e-01 -1.288766156082040704e-01
-9.824800198653056427e-01 1.332929831776469842e-01 -1.302537343183578222e-01
-9.852806181932486362e-01 1.162537669200797291e-01 -1.253284021066577991e-01
-9.871174996885262454e-01 9.731438481204120194e-02 -1.269999840074431952e-01
-9.886771440548638434e-01 8.341924835515519832e-02 -1.247348278993991588e-01
-9.894396271179208835e-01 6.454671168192818720e-02 -1.297805482181317582e-01
-9.902670409558499420e-01 4.004901733820979970e-02 -1.332940682540131871e-01
-9.901175864348794597e-01 2.127749294596441645e-02 -1.386162990346769541e-01
-9.904614745939185338e-01 1.501987530719894881e-03 -1.377819157758335966e-01
-9.897868453972372693e-01 -2.058019599224224228e-02 -1.410620498233970399e-01
-9.893725024748335484e-01 -4.237547090492491120e-02 -1.390913954149063658e-01
-9.887532919034218715e-01 -6.238120074705426343e-02 -1.359248279056796682e-01
-9.871906122495999192e-01 -8.256708278109320398e-02 -1.365189265838259169e-01
-9.852416751797933303e-01 -1.058660526353418924e-01 -1.345037748972204295e-01
-9.836555704632800046e-01 -1.240654929685340857e-01 -1.304971911633464876e-01
-9.812986133426752078e-01 -1.440623581889738658e-01 -1.276679792262934154e-01
-9.793287274258744013e-01 -1.587750999563485033e-01 -1.253226060487516724e-01
-9.766783751737059260e-01 -1.741011104212842331e-01 -1.256511008839673316e-01
-9.740024681346147739e-01 -1.894590564837967117e-01 -1.241954196870493077e-01
-9.701344397303962586e-01 -2.078038689968460251e-01 -1.251269969145284711e-01
-9.664750552293503993e-01 -2.266677101270912764e-01 -1.206140975644665325e-01
-9.631528855969557767e-01 -2.404324900060196557e-01 -1.205353907994130558e-01
-9.588052309420282970e-01 -2.573139124310673265e-01 -1.203416939069629210e-01
-9.552316613845954762e-01 -2.710671498213002573e-01 -1.185542778542028330e-01
-9.511840538259748179e-01 -2.860697127728402123e-01 -1.158147594255185542e-01
-9.459078303459832471e-01 -3.030985773183542120e-01 -1.157137512574919064e-01
-9.407532097035277152e-01 -3.181589408441010125e-01 -1.172959093000921077e-01
-9.364265982185838721e-01 -3.306731826298577870e-01 -1.173052257321359343e-01
-9.307351388653349877e-01 -3.466573239118442840e-01 -1.164510395129971232e-01
-9.250618669616655909e-01 -3.617677317682851945e-01 -1.156922384729458381e-01
-9.185423046865287544e-01 -3.789274946697435142e-01 -1.126677940359232660e-01
-9.119199099650064921e-01 -3.946600756896500029e-01 -1.124524165234299239e-01
-9.047546093095661934e-01 -4.111218440684406561e-01 -1.113461701644965496e-01
-9.012438055398467318e-01 -4.200033869608829629e-01 -1.065682940289030683e-01
-8.980325977397551895e-01 -4.273774076798070309e-01 -1.043362263270374013e-01
-8.913796535602100946e-01 -4.407479619338143806e-01 -1.057524976433958930e-01
-8.853628745370079045e-01 -4.532992749279105005e-01 -1.032104214170021100e-01
-8.786826555443351117e-01 -4.651329654631755073e-01 -1.075553765647428162e-01
-8.696772423233066762e-01 -4.819067622536563067e-01 -1.068990665013862668e-01
-8.639217465704797094e-01 -4.926287411625911439e-01 -1.046717857025475373e-01
-8.576534001809366092e-01 -5.039609240801753431e-01 -1.022451739927605768e-01
-8.469189324957819842e-01 -5.211875477369273257e-01 -1.053181158390731204e-01
-8.360038507215006298e-01 -5.384792682862012958e-01 -1.055352210453604778e-01
-8.275426574345723374e-01 -5.520540589223026373e-01 -1.020270045304422502e-01
-8.196709188185491435e-01 -5.651101087490041364e-01 -9.375602795882080620e-02
-8.124598992897354988e-01 -5.764103274789240672e-01 -8.752193559517019994e-02
-8.064604607101165668e-01 -5.855041597055046232e-01 -8.250119320308198223e-02
-7.973124235939554882e-01 -5.977535472418032958e-01 -8.356816689641864693e-02
-7.933226329670767241e-01 -6.033314525745748780e-01 -8.142727417254534694e-02
-7.855052452830746379e-01 -6.139280146280527983e-01 -7.793551911993565340e-02
-7.800592558035731594e-01 -6.212649733139545827e-01 -7.441392976655443470e-02
-7.701942214490206107e-01 -6.331686379262853048e-01 -7.680090923177500251e-02
-7.642233364816199970e-01 -6.406760970647399356e-01 -7.414089963455479382e-02
-7.615677254365665894e-01 -6.445219216901201253e-01 -6.786850827084664473e-02
-7.580798024242797473e-01 -6.493405462186174759e-01 -6.059629269711074712e-02
-7.541445159884363481e-01 -6.542179503681531116e-01 -5.713987146598482891e-02
-7.483029932679992058e-01 -6.613467376929219599e-01 -5.160586841059829066e-02
-7.403648855950152319e-01 -6.702305653770045391e-01 -5.148658323513822382e-02
-7.334220489433773693e-01 -6.778296617995273055e-01 -5.137207946999723662e-02
-7.274327051060581750e-01 -6.846030777131535405e-01 -4.647933275791362590e-02
-7.237840169643726673e-01 -6.888986545127128158e-01 -3.943834917712089883e-02
-7.215159959781666243e-01 -6.914920337376979642e-01 -3.540448701194490178e-02
-7.204561065635862738e-01 -6.928142730555567619e-01 -3.084516867071613114e-02
-7.116560491889327711e-01 -7.019588775817313664e-01 -2.827445474738877335e-02
-7.109124853481540995e-01 -7.027773767328483467e-01 -2.659774225436862746e-02
-7.072304611315103351e-01 -7.065798280762138894e-01 -2.387602016205866637e-02
-7.098491433984988053e-01 -7.041531011611728008e-01 -1.681210137619183753e-02
-7.102993976748299687e-01 -7.036925187400168147e-01 -1.707769723266614262e-02
-7.088054473456780746e-01 -7.053378583709370986e-01 -9.663660957659258449e-03
-7.074295386392749352e-01 -7.067556419926266376e-01 -6.320866926419998512e-03
-7.075037873286496026e-01 -7.067048722289078766e-01 -2.580211160394863847e-03
-7.104054993816365515e-01 -7.037706996978780882e-01 5.556240069939576316e-03
-7.112063599214424325e-01 -7.029118591269248872e-01 1.002372274803355230e-02
-7.130684646178463426e-01 -7.010248418464571918e-01 9.878208045602694665e-03
-7.139030215013101310e-01 -7.002004839710788131e-01 7.861378151626581545e-03
-7.114882435510503367e-01 -7.026253116601502979e-01 1.010909775018538521e-02
-7.140091643032381308e-01 -6.999770201868782404e-01 1.493745827657102891e-02
-7.119638067430057449e-01 -7.020099999531728141e-01 1.701590495441757112e-02
-7.191748512698509233e-01 -6.944847159293597860e-01 2.187592024346945302e-02
-7.188151578492795180e-01 -6.947230287495890222e-01 2.578226986117513123e-02
-7.194020275315610169e-01 -6.940626045673564670e-01 2.716370739274450580e-02
-7.242700875806421523e-01 -6.890076634414497025e-01 2.648250806410619093e-02
-7.241231761754526319e-01 -6.891346916977766357e-01 2.718539503383355163e-02
-7.248832658964370346e-01 -6.881665749355582173e-01 3.116182401174474870e-02
-7.278216409837326983e-01 -6.850699081277209501e-01 3.090183169083197609e-02
-7.305573364210311560e-01 -6.818030905703545974e-01 3.782283870327254188e-02
-7.305081862020376127e-01 -6.814946205184377881e-01 4.385105916576641227e-02
-7.369392809058246119e-01 -6.746107783501364974e-01 4.267126947729810854e-02
-7.401892280486190856e-01 -6.707705488480876221e-01 4.676345580253415263e-02
-7.434422532739557443e-01 -6.667213475477302698e-01 5.269064759740073323e-02
-7.480995598366009247e-01 -6.612180129446747490e-01 5.601635028546288197e-02
-7.534458327350842533e-01 -6.544762253353759718e-01 6.308955049494971434e-02
-7.626539984560356533e-01 -6.439502215901151683e-01 6.072095603134122083e-02
-7.718226797181215737e-01 -6.321434009099965445e-01 6.844352242016274457e-02
-7.780395711458087948e-01 -6.242163198042856020e-01 7.077044526909857802e-02
-7.869541447489588615e-01 -6.130088908284221372e-01 7.016635891467869202e-02
-7.927055133950541288e-01 -6.058223249351867290e-01 6.780356716680238649e-02
-8.018333873349166030e-01 -5.937856197047433060e-01 6.694700037700865303e-02
-8.112168359732109257e-01 -5.809826560100681547e-01 6.623022388351929024e-02
-8.150210569154877627e-01 -5.752184528866437496e-01 6.974562540008716338e-02
-8.233617680184462939e-01 -5.630564125604705650e-01 7.101351431021483973e-02
-8.252836434079269257e-01 -5.599898417629293190e-01 7.292687476276223102e-02
-8.322477892733133320e-01 -5.494866437886769539e-01 7.367556994387711167e-02
-8.376435921724921796e-01 -5.400735910265704875e-01 8.169316606810637926e-02
-8.445035166364072143e-01 -5.282460365943368874e-01 8.814749184925925463e-02
-8.485143585223040574e-01 -5.210470424330986283e-01 9.237644814768559975e-02
-8.541297882316913892e-01 -5.113854505118389238e-01 9.459001560977559064e-02
-8.597443887446514221e-01 -5.016691552724925618e-01 9.574805410288138308e-02
-8.669656313013456295e-01 -4.883902935015329017e-01 9.922479926721289312e-02
-8.730807205607534760e-01 -4.756568958519207246e-01 1.071476472636781196e-01
-8.818125771947288305e-01 -4.568227210351522571e-01 1.171308106947344940e-01
-8.895464964676426112e-01 -4.402688065738679102e-01 1.219444779121971051e-01
-8.968610771205725030e-01 -4.253508314111014710e-01 1.213133367699323895e-01
-9.031071260941417878e-01 -4.124540167276705693e-01 1.194958154118550414e-01
-9.101046114999632453e-01 -3.963033342986042595e-01 1.210508591166359893e-01
-9.180536951443467597e-01 -3.756874812397197894e-01 1.266348159552772579e-01
-9.246047000549064698e-01 -3.585777746373503549e-01 1.285619529276378625e-01
-9.293312082401616880e-01 -3.467560650898711128e-01 1.269006868196133064e-01
-9.380753051660145614e-01 -3.249772307714043906e-01 1.200190312946557702e-01
-9.427007469791095495e-01 -3.116775534535724534e-01 1.190481029796829487e-01
-9.494858109375291511e-01 -2.911290788688628006e-01 1.171349671844559848e-01
-9.546842537948603269e-01 -2.722208120451288238e-01 1.203073204636545129e-01
-9.589401741804250978e-01 -2.530823591090217151e-01 1.279965186669572430e-01
-9.631251371174003317e-01 -2.377508728214786926e-01 1.259545141852067840e-01
-9.677315444874986516e-01 -2.177375302589056316e-01 1.268308826607840722e-01
-9.715258137408441241e-01 -1.976962068182880894e-01 1.305903920432388843e-01
-9.749958196864808579e-01 -1.807922674984236977e-01 1.292182454513834955e-01
-9.793981491040417708e-01 -1.600854628617339181e-01 1.230932822492624146e-01
-9.837537820764349350e-01 -1.321829885656799763e-01 1.214750991923984752e-01
-9.861406786368238642e-01 -1.169469845735561647e-01 1.176860652943332725e-01
-9.880763450800363890e-01 -1.034148017112967166e-01 1.140638412186673889e-01
-9.897306181689405902e-01 -8.686704965108768550e-02 1.135229663585046872e-01
-9.907958052609323607e-01 -7.629084606768408994e-02 1.118187097338373404e-01
-9.919341378457021685e-01 -6.072136673892801484e-02 1.112637697487729033e-01
-9.929465875771098515e-01 -4.096854154604351317e-02 1.112595950144007195e-01
-9.938924545951522971e-01 -2.615944983016621483e-02 1.072078185614931123e-01
-9.945263040424699996e-01 -8.670198482322588607e-03 1.041263751567389761e-01
-9.943745761784947845e-01 4.400367619585704437e-03 1.058294990081354442e-01
-9.936996582888012464e-01 1.978027918883110831e-02 1.103166976290186480e-01
-9.926157041971600536e-01 3.899671546617197726e-02 1.148623714535619705e-01
-9.913129767736126308e-01 6.004510867310782624e-02 1.170179967598941884e-01
-9.900387851707171949e-01 7.752907878920786700e-02 1.175265519025914251e-01
-9.886671961195825364e-01 9.199370463388983898e-02 1.186354847033288806e-01
-9.878159097293199853e-01 1.097502306456288879e-01 1.103388392228659559e-01
-9.852493825666956972e-01 1.309765530934965949e-01 1.101310162135493986e-01
-9.829517168825002704e-01 1.475297348096490657e-01 1.097312335958270241e-01
-9.795307055766953042e-01 1.678676494381436402e-01 1.110859724879950661e-01
-9.758870082083210828e-01 1.892149012488441029e-01 1.088223878492323715e-01
-9.731424470841791852e-01 2.006750289203634297e-01 1.127978482785848280e-01
-9.693149684163440138e-01 2.172388296286729414e-01 1.150470661048096366e-01
-9.659452083092922026e-01 2.333048428838967459e-01 1.118872162551354799e-01
-9.627866197220126265e-01 2.460162444270394266e-01 1.118837642067661980e-01
-9.584324478850575479e-01 2.622544191129621005e-01 1.123828583589507463e-01
-9.551593080931228830e-01 2.743691783775812354e-01 1.113206826514589187e-01
-9.507275616092312198e-01 2.902444549601481683e-01 1.089738694204491765e-01
-9.466616028502438107e-01 3.034487257191735843e-01 1.084007601760924866e-01
-9.429575924274096188e-01 3.149040526066554935e-01 1.080113919334419470e-01
-9.376479680444751441e-01 3.312352802375372329e-01 1.053542654744690499e-01
-9.331260242818406603e-01 3.446328666759760906e-01 1.024892868408665142e-01
-9.283484029093193035e-01 3.574356962288684492e-01 1.020245546617613297e-01
-9.217437936698450462e-01 3.749812869662275117e-01 9.888102371513167455e-02
-9.169149213137649523e-01 3.877984749643776374e-01 9.423063807059003927e-02
-9.104476874557039245e-01 4.034873067658105161e-01 9.101123254140400243e-02
-9.078016538560537141e-01 4.106099360017804178e-01 8.541475511418035460e-02
-9.031014900228897524e-01 4.210201142163613186e-01 8.455651833886385083e-02
-8.956327621776682957e-01 4.367788544878802859e-01 8.406087193567503280e-02
-8.917164151236768310e-01 4.458420220780185961e-01 7.788946285930542501e-02
-8.847236159245662757e-01 4.601650782557058506e-01 7.424463655764032555e-02
-8.795156012758522657e-01 4.702435681554106295e-01 7.296119218250021743e-02
-8.774505698932081321e-01 4.735559875010463826e-01 7.632342999178270970e-02
-8.738155534177940442e-01 4.803936087488959727e-01 7.528878482895183522e-02
-8.686302438981543528e-01 4.895040670656401471e-01 7.659836567631019000e-02
-8.609177053270364866e-01 5.034317345350047823e-01 7.332963325211586114e-02
-8.547779960821223488e-01 5.138861136777875815e-01 7.263388562822285788e-02
-8.522362723804636220e-01 5.186021435238219457e-01 6.888537165400783480e-02
-8.489477032317511718e-01 5.242323578861917133e-01 6.684514758060255968e-02
-8.446603263145028295e-01 5.311223439163073046e-01 6.676848489523513897e-02
-8.379797342337230726e-01 5.420815064229080882e-01 6.275067232914635640e-02
-8.331797651385668413e-01 5.496501988756732349e-01 6.079621123641517494e-02
-8.234553747643234001e-01 5.639723881137400641e-01 6.210018335066180839e-02
-8.178521346852484220e-01 5.722642053559483521e-01 6.026281237577210681e-02
-8.149233640738177131e-01 5.770132248855412982e-01 5.436626117251164292e-02
-8.091920500056407617e-01 5.850412620282342546e-01 5.417554150058510876e-02
-8.028896436009106408e-01 5.941516439366260061e-01 4.849830359825396675e-02
-7.983846144972843728e-01 6.001809326104206033e-01 4.863020369579826307e-02
-7.932127546141328756e-01 6.071691513832288001e-01 4.646707215847839523e-02
-7.867053788955536975e-01 6.159471024076383916e-01 4.127777629177890178e-02
-7.811704842543578664e-01 6.232394828896359318e-01 3.667781718431480792e-02
-7.791736202553631863e-01 6.259802217761526455e-01 3.220671094139918034e-02
-7.788558547054106329e-01 6.265877634616797698e-01 2.777360403603277086e-02
-7.736171109251979150e-01 6.332272963087093309e-01 2.323354490094011598e-02
-7.723972766792420730e-01 6.348900557564675085e-01 1.780743742525919826e-02
-7.710485963661858344e-01 6.366742410658585705e-01 1.140235282384493253e-02
-7.673915866640892425e-01 6.410999838204836099e-01 1.005009078759010188e-02
-7.676151087100002712e-01 6.408653737763609914e-01 7.658879989876965499e-03
-7.667947572136406542e-01 6.418627657120216101e-01 6.166941788242767501e-03
-7.625155658660779379e-01 6.469510193922268781e-01 4.942792818252670153e-03
-7.597310496108093947e-01 6.502327200888734504e-01 2.486538784834866310e-03
-7.579508673400709995e-01 6.523093976354960022e-01 -1.724359111973507684e-03
-7.577903834040483622e-01 6.524543012362389316e-01 -7.560464335819986649e-03
-7.586931654299475802e-01 6.514004760714167119e-01 -7.882988306748398011e-03
-7.626838504478476999e-01 6.466692164635525764e-01 -1.150260278825716159e-02
-7.654004860123936327e-01 6.434184747268200111e-01 -1.322132867859518446e-02
-7.680660661777694020e-01 6.401418084767286354e-01 -1.711794886548264824e-02
-7.706125289357953489e-01 6.368380693000479376e-01 -2.436482848261545958e-02
-7.712179898657774979e-01 6.357930574720010997e-01 -3.146492362393836506e-02
-7.734678026519250515e-01 6.328590285780261171e-01 -3.517171455859288004e-02
-7.814925055919172969e-01 6.227145586938653832e-01 -3.867923704163046816e-02
-7.891284850057557199e-01 6.130166977114034355e-01 -3.855909429381215725e-02
-7.920642336436124475e-01 6.090990639012798802e-01 -4.040571023443966653e-02
-7.956858487463867036e-01 6.042608793750593454e-01 -4.186718280056277164e-02
-7.994106367072699726e-01 5.993970337947730487e-01 -4.081508345995280007e-02
-8.023268786554876852e-01 5.952296624262877200e-01 -4.442150419971765962e-02
-8.074609702911718090e-01 5.881331625561252441e-01 -4.589341845959778177e-02
-8.125658321093087721e-01 5.813098213294146666e-01 -4.261104589181587826e-02
-8.180980845869527673e-01 5.734221291234576912e-01 -4.361911210118810805e-02
-8.246673511158386649e-01 5.638645989411866788e-01 -4.450297978018056405e-02
-8.286012311595696289e-01 5.579134571099721995e-01 -4.639628538710015293e-02
-8.333985684557800866e-01 5.504599476578835304e-01 -4.940357650311450605e-02
-8.365389432943696191e-01 5.449674345419555088e-01 -5.668450427808434389e-02
-8.418737622479248728e-01 5.360771079533631633e-01 -6.220887745132751973e-02
-8.449820961356865334e-01 5.314894159605483281e-01 -5.936581132410390094e-02
-8.505168307851204146e-01 5.220077455699920765e-01 -6.425788853270757162e-02
-8.581063307076651769e-01 5.091240628595944395e-01 -6.668025208203920418e-02
-8.637759033486605009e-01 4.991721287081024583e-01 -6.869073395491402667e-02
-8.691866739742827308e-01 4.891124519374719926e-01 -7.268822079071075859e-02
-8.743338303359178276e-01 4.797957289732743269e-01 -7.305103617110195180e-02
-8.773883772340363985e-01 4.727653939752702317e-01 -8.174692673676124677e-02
-8.824782985460009055e-01 4.621518823806389786e-01 -8.745131476511178170e-02
-8.882936503844682807e-01 4.495725261996128541e-01 -9.390940851015010249e-02
-8.960480287060434978e-01 4.335707454189308141e-01 -9.546927139556869724e-02
-9.015109622342165618e-01 4.209993591454175843e-01 -1.001876627693178562e-01
-9.073566349316551927e-01 4.085948762323048933e-01 -9.876339018719583474e-02
-9.113391072504047896e-01 3.986604647360634246e-01 -1.026202158857729974e-01
-9.172015869437678548e-01 3.839255464266078111e-01 -1.065010203307274472e-01
-9.223741895605873653e-01 3.697763446648393293e-01 -1.117647215086496754e-01
-9.281511012090393198e-01 3.542163166208288083e-01 -1.143082591380379931e-01
-9.334043365320293661e-01 3.386285259261969105e-01 -1.186891315512457606e-01
-9.385818102240752747e-01 3.237894756917530370e-01 -1.192669482176273582e-01
-9.455674148787963640e-01 3.034576203012490647e-01 -1.175405482343062774e-01
-9.485693021004821812e-01 2.925733238523797186e-01 -1.209015018178963563e-01
-9.545126840190494288e-01 2.714820386702949673e-01 -1.233007823447540008e-01
-9.612494560856698067e-01 2.476227911613427257e-01 -1.211712850755133491e-01
-9.668147367007771109e-01 2.272118255067417381e-01 -1.168079387939869179e-01
-9.716071847544015538e-01 2.057173761415873603e-01 -1.168755021905252267e-01
-9.747153377335836533e-01 1.891338167525319636e-01 -1.189892987438098265e-01
-9.789875899525024572e-01 1.665458021183437165e-01 -1.176683382606633771e-01
-9.818637845455028268e-01 1.500841082480127708e-01 -1.158374379995386338e-01
-9.845254015702917805e-01 1.353109205859995834e-01 -1.113585693969412066e-01
-9.854833898347046262e-01 1.219075317165042027e-01 -1.181570367524894111e-01
-9.865825258364613326e-01 1.094515251614064794e-01 -1.211417637470302983e-01
-9.889054993724668563e-01 8.648768990619898345e-02 -1.207718357126196518e-01
-9.902711036575440051e-01 7.268954579322718657e-02 -1.186567082901527487e-01
-9.912880112887203499e-01 4.675524707646777633e-02 -1.231343562332427172e-01
-9.916985927082371255e-01 3.141942548955966447e-02 -1.246866684162949851e-01
-9.918162171945192895e-01 3.225660256597085579e-03 -1.276331886516215153e-01
-9.925082401923441822e-01 -1.740354202744290313e-02 -1.209320197542175512e-01
-9.926381204555750903e-01 -3.538141176391128295e-02 -1.158350578288553923e-01
-9.916878555157732089e-01 -5.112767221264614970e-02 -1.180728658881459864e-01
-9.908980085534438986e-01 -6.829527941981090866e-02 -1.160040276822698613e-01
-9.894907933412177004e-01 -8.684330089028255428e-02 -1.156125161494095110e-01
-9.882310395059732411e-01 -1.013243623899064000e-01 -1.145985557170443453e-01
-9.859007023677694992e-01 -1.193120116366365585e-01 -1.173221727988140173e-01
-9.838018735389358893e-01 -1.372075013607801930e-01 -1.153603841137859493e-01
-9.825797115778981405e-01 -1.527753216806118919e-01 -1.058151853813520116e-01
-9.802024442782824032e-01 -1.691595595622858161e-01 -1.028992395623476719e-01
-9.778069788177522481e-01 -1.838686111325286976e-01 -1.004285193111438823e-01
-9.751409142815470332e-01 -1.956353831143647359e-01 -1.040530446979456985e-01
-9.715273739232783701e-01 -2.117287304376147816e-01 -1.063275539557554661e-01
-9.684630443298086755e-01 -2.255559296061878105e-01 -1.058484607475316253e-01
-9.652381700660940256e-01 -2.393879226542350580e-01 -1.049225418465406789e-01
-9.610401673792519084e-01 -2.575603247295189524e-01 -1.003220678796138132e-01
-9.563676177217915741e-01 -2.770197993484105337e-01 -9.284961402571428879e-02
-9.520388964431109047e-01 -2.930063832320174977e-01 -8.814328639879673299e-02
-9.488156379013870101e-01 -3.040185345162377817e-01 -8.556667479422107314e-02
-9.470777778595558249e-01 -3.110035938564139624e-01 -7.950149088105992745e-02
-9.429006643313918579e-01 -3.237496459521100878e-01 -7.825946301515940284e-02
-9.392023446596149405e-01 -3.341725021623963565e-01 -7.891599478300143078e-02
-9.343407224782234177e-01 -3.486524493700051130e-01 -7.381682206081616182e-02
-9.304058663111840488e-01 -3.590797438205749481e-01 -7.353027158994253354e-02
-9.287976426787712958e-01 -3.639167098412486312e-01 -6.999718881719858843e-02
-9.247464644679359580e-01 -3.749426792965616650e-01 -6.528401257158963911e-02
-9.222523013556772620e-01 -3.813226742101724631e-01 -6.359048115852772298e-02
-9.195460083258082395e-01 -3.875433158088977814e-01 -6.515639254551700010e-02
-9.159336156958330921e-01 -3.965752067192004349e-01 -6.159346997797223583e-02
-9.121150206753541045e-01 -4.051764772245358692e-01 -6.227559635956177175e-02
-9.089082237825336641e-01 -4.122851354760080911e-01 -6.250477069219197157e-02
-9.037874340143798868e-01 -4.246404009651313927e-01 -5.337454394232899607e-02
-9.000605356118396294e-01 -4.327381882055194584e-01 -5.127114791395166044e-02
-8.967048051980371914e-01 -4.401167903557199335e-01 -4.709289678078117103e-02
-8.929039473185180764e-01 -4.473892235634571168e-01 -5.065038303232090311e-02
-8.893444337914008235e-01 -4.547302135260009037e-01 -4.782205176403051677e-02
-8.854557179932520672e-01 -4.627020322660696516e-01 -4.330171424076179054e-02
-8.821438726490271609e-01 -4.691321714553607358e-01 -4.168010624614095633e-02
-8.796338859055284898e-01 -4.742341462222635640e-01 -3.669112877015783675e-02
-8.759903198737336583e-01 -4.811244661989004801e-01 -3.406237108710804401e-02
-8.751753710654158747e-01 -4.829271590696860850e-01 -2.914560863830270229e-02
-8.742970205193678623e-01 -4.847257184091910975e-01 -2.541132333926906031e-02
-8.714234724883856975e-01 -4.898131859972814084e-01 -2.653699267239899642e-02
-8.695904790063934131e-01 -4.931905372466882653e-01 -2.399021337987626568e-02
-8.656530424130880474e-01 -5.002259558041801668e-01 -2.046560172089869137e-02
-8.662624394031496200e-01 -4.993084129225145995e-01 -1.674910265815017507e-02
-8.656726455927745700e-01 -5.004391466739751548e-01 -1.309842458037532159e-02
-8.631270301681910340e-01 -5.048934212907568719e-01 -9.715989695271244619e-03
-8.630596602508664450e-01 -5.050424533083285317e-01 -7.757624242236969489e-03
-8.649449855589513847e-01 -5.018650464361463781e-01 -1.297972515313903195e-03
-8.658735943848782091e-01 -5.002520029001880086e-01 3.299969883613881536e-03
-8.642850604882267307e-01 -5.029840932497745554e-01 4.286470481957403364e-03
-8.667765347203826298e-01 -4.986183498723351093e-01 8.844086517210282550e-03
-8.673453452090216231e-01 -4.974228181640522051e-01 1.681160508039092338e-02
-8.658658396447267425e-01 -4.999231670287298535e-01 1.879395500146868736e-02
-8.693062228127389490e-01 -4.937332907691237005e-01 2.311204423766456684e-02
-8.679270138537987789e-01 -4.959425478386658703e-01 2.727133757885642773e-02
-8.705585078218507356e-01 -4.912536688674691288e-01 2.824456178592371636e-02
-8.729892752172169201e-01 -4.866911548653173880e-01 3.196065136996537742e-02
-8.702738006629977541e-01 -4.912851040250943435e-01 3.553162782425704769e-02
-8.735040504180539012e-01 -4.849128684936144240e-01 4.301421024421452077e-02
-8.769375337255240765e-01 -4.782306673177827427e-01 4.770774783848970996e-02
-8.785448589673259256e-01 -4.755140473111733046e-01 4.522565653720872492e-02
-8.796465311020911226e-01 -4.732592302240118398e-01 4.741012310664076412e-02
-8.829103232182984318e-01 -4.669106635911798864e-01 4.963700094706401805e-02
-8.853094504181568958e-01 -4.621463286529302605e-01 5.145858904492758151e-02
-8.862956264839673137e-01 -4.600597079180770432e-01 5.315229168340495497e-02
-8.902988883270976928e-01 -4.521708254580543707e-01 5.393952687635725912e-02
-8.934224688648350066e-01 -4.456952626955615338e-01 5.614324149873001907e-02
-8.988207724496203310e-01 -4.335176686079187935e-01 6.468144873568282271e-02
-9.018561688553403677e-01 -4.273779993719198922e-01 6.327350222021989323e-02
-9.055589346253659633e-01 -4.190795927077347049e-01 6.584338011299462057e-02
-9.088740201017072584e-01 -4.107421643490665186e-01 7.238045283359785531e-02
-9.132413958977358970e-01 -4.007122469136562559e-01 7.361988893182198901e-02
-9.156429708150561897e-01 -3.932344428510263779e-01 8.345455814261867888e-02
-9.200617997716344920e-01 -3.826655847100698948e-01 8.398437476346917729e-02
-9.234282896109927696e-01 -3.734092181935420030e-01 8.857646516654697766e-02
-9.279362599001457212e-01 -3.619604476591788411e-01 8.898860820125679971e-02
-9.325952867159779114e-01 -3.498331886616812825e-01 8.878520033300350833e-02
-9.379048047167179991e-01 -3.351869546427191926e-01 8.935504031718412288e-02
-9.413468738999273278e-01 -3.257916711946193256e-01 8.789704479663802694e-02
-9.429439464131018633e-01 -3.191123391008369170e-01 9.499510469288327541e-02
-9.465110731337722516e-01 -3.072520527390186218e-01 9.855458354171177382e-02
-9.505408468285309054e-01 -2.942816382970390721e-01 9.935017535109309794e-02
-9.562219966401996896e-01 -2.773324171646434633e-01 9.341447573889484490e-02
-9.597700995067388607e-01 -2.641739342743704699e-01 9.515003604809869897e-02
-9.633877304139834008e-01 -2.522796684425113733e-01 9.076943675843193726e-02
-9.657028002052324700e-01 -2.411885409971319394e-01 9.615732258793982523e-02
-9.697623080992775479e-01 -2.247800155839842495e-01 9.505288880543381891e-02
-9.738628220735453533e-01 -2.054615051065787068e-01 9.683395597581717640e-02
-9.763477918462625249e-01 -1.948620798314446845e-01 9.366856684234957375e-02
-9.794904010118057336e-01 -1.787239263335125838e-01 9.303952715072066892e-02
-9.807435960556870613e-01 -1.725565091649530758e-01 9.146743146968336347e-02
-9.835781170181883137e-01 -1.569206181875176520e-01 8.916304195196558813e-02
-9.857019776831008606e-01 -1.412753801968098244e-01 9.183092661490994957e-02
-9.866353754009595800e-01 -1.320098501562381732e-01 9.552003270224282416e-02
-9.886377128182076701e-01 -1.146961101397618865e-01 9.716129132867501461e-02
-9.894003936898352336e-01 -1.025787020178293707e-01 1.027838141371575365e-01
-9.908377323845811713e-01 -8.249898688912979394e-02 1.069324426234935510e-01
-9.914270871803092522e-01 -7.295166273479522512e-02 1.083993901992348491e-01
-9.924651430370443617e-01 -5.409721847381894488e-02 1.099384969589501659e-01
-9.925005202099825841e-01 -4.004450365220146857e-02 1.154954457104266502e-01
-9.929821487795551516e-01 -2.136905343367340865e-02 1.163179206752186362e-01
-9.928409668149775769e-01 -3.583642538925874144e-03 1.193901824330862588e-01
-9.929014896300389914e-01 1.072858525746935889e-02 1.184549397592610659e-01
-9.923718260882725684e-01 3.558342685805730016e-02 1.180339860174964978e-01
-9.904559319830873454e-01 5.796085282309315634e-02 1.250505138297564600e-01
-9.900366640783688776e-01 7.146050890431657199e-02 1.213294846170027974e-01
-9.892397577092820748e-01 9.072417027424987956e-02 1.147774823632401742e-01
-9.872403019823939863e-01 1.108077196319145752e-01 1.143603040198942072e-01
-9.854414976146683713e-01 1.257196696528576907e-01 1.144537599760305918e-01
-9.836990379368835136e-01 1.390397460331359303e-01 1.140359395962966538e-01
-9.801639430998383418e-01 1.585484884071806377e-01 1.189162144670146415e-01
-9.778051163465092399e-01 1.713796757155069683e-01 1.205247111875710347e-01
-9.749934662309177602e-01 1.887401674663157503e-01 1.173240580502533797e-01
-9.729400569076318561e-01 2.020312277327905581e-01 1.121207962894232441e-01
-9.697388479757595992e-01 2.184069300612104803e-01 1.091101445050299129e-01
-9.661633480629772119e-01 2.345427577399956665e-01 1.073225215038027397e-01
-9.618878668309810420e-01 2.523742688394169376e-01 1.052568477234581412e-01
-9.578599548903297123e-01 2.675481467784167067e-01 1.045099990063527301e-01
-9.549948232754538191e-01 2.784121885807154806e-01 1.023307601969294101e-01
-9.536494486205716603e-01 2.847547842022225550e-01 9.730100488449514029e-02
-9.495002595387369571e-01 2.995726106662124910e-01 9.330354486487449361e-02
-9.434205999523480601e-01 3.180892451086817507e-01 9.368482888925774854e-02
-9.382707124257960718e-01 3.333381328526459075e-01 9.237858421866247671e-02
-9.330253279828871760e-01 3.467347806967996937e-01 9.611853668971599707e-02
-9.263669898193850338e-01 3.648985640767777316e-01 9.323776919144115272e-02
-9.198319360199821437e-01 3.810837635961333847e-01 9.319022530902956736e-02
-9.138425014784561373e-01 3.960606246510048889e-01 8.959859102473385906e-02
-9.082253782576408252e-01 4.092683034742995996e-01 8.732789550081793140e-02
-9.045366701495640704e-01 4.191917515777565106e-01 7.804953945942952331e-02
-9.002544844141295854e-01 4.288044449510685086e-01 7.529046390016241874e-02
-8.948309817165300828e-01 4.405926561640494676e-01 7.180298073621234345e-02
-8.897579302965971104e-01 4.506022062374631654e-01 7.272220974825860385e-02
-8.827557870736600920e-01 4.651956523300590507e-01 6.584275529340610777e-02
-8.807160614061610993e-01 4.695807955370091546e-01 6.191234613340659831e-02
-8.761838910558872318e-01 4.784453995698778050e-01 5.823943232620736044e-02
-8.721190083955825401e-01 4.863942596569421628e-01 5.318930529555715436e-02
-8.680289079792335993e-01 4.937449382157906297e-01 5.236213986131767195e-02
-8.660087168559131854e-01 4.973644990158613277e-01 5.155094782483379823e-02
-8.642864556777096752e-01 5.005562614364295060e-01 4.952165613074177575e-02
-8.611118751133018945e-01 5.060373233375233815e-01 4.911831307262533308e-02
-8.583851686297662154e-01 5.109303463061201089e-01 4.609909077710337699e-02
-8.559200136278604099e-01 5.152008431587724591e-01 4.437413826121760357e-02
-8.565660550471920764e-01 5.145222825182926840e-01 3.951527344987051937e-02
-8.555236249255755432e-01 5.164886709274836285e-01 3.631559912943623653e-02
-8.532375954495419190e-01 5.206889956689202403e-01 2.947233071151897366e-02
-8.538157612985809441e-01 5.200212061078346437e-01 2.401320036837578317e-02
-8.532312323539705812e-01 5.211927629283222840e-01 1.883111465454441469e-02
-8.533482199470738827e-01 5.210063615388574876e-01 1.868768636206080691e-02
-8.519430922537315487e-01 5.235397916498716331e-01 9.954744657159269455e-03
-8.502747354892968845e-01 5.262877240802559253e-01 7.358563365046692784e-03
-8.499483096948342586e-01 5.268495958209874486e-01 4.173370026628108603e-03
-8.479822707418458450e-01 5.299837849798461065e-01 6.580196718767602690e-03
-8.505815596222503494e-01 5.257439517340058988e-01 1.021520205049715468e-02
-8.529888502321458787e-01 5.218530181115128563e-01 8.915805757108302004e-03
-8.521779741501822603e-01 5.232337183111818169e-01 4.383965828631273924e-03
-8.532542564115132011e-01 5.214748855420020535e-01 4.600045930599459994e-03
-8.515062308752849862e-01 5.243436825378110511e-01 9.402816024452311308e-04
-8.507076416244688799e-01 5.256299564051514217e-01 -3.114509942859037921e-03
-8.503948779668608626e-01 5.261137519953047459e-01 -5.737094390848256412e-03
-8.516675007212044513e-01 5.239374198072626054e-01 -1.233252542330883113e-02
-8.548745384722211682e-01 5.183771222835463766e-01 -2.178819898989080989e-02
-8.540453230572191412e-01 5.194565051462279870e-01 -2.777712216922094066e-02
-8.566454748433366406e-01 5.153386790779781457e-01 -2.417890116900382400e-02
-8.581168902291319567e-01 5.128833018571661295e-01 -2.421083155453869831e-02
-8.567639070400493440e-01 5.148618847426502665e-01 -2.954471477085168080e-02
-8.594089058073017817e-01 5.103970000795735595e-01 -3.018737952923607887e-02
-8.600729097101170728e-01 5.089632563388178932e-01 -3.508613232918708635e-02
-8.623339691620496295e-01 5.047056871469631778e-01 -4.064896169043657331e-02
-8.646869064025909379e-01 4.999072670542805685e-01 -4.908484004349539936e-02
-8.681728821677870966e-01 4.928014703845307043e-01 -5.850299779743080991e-02
-8.705438117984006796e-01 4.880114437883257827e-01 -6.323247550135724371e-02
-8.760378984057892726e-01 4.786961211936697214e-01 -5.837522981156274826e-02
-8.816744813863816033e-01 4.683139549294432769e-01 -5.772514008498524918e-02
-8.867166682313694093e-01 4.578382246286024637e-01 -6.416972716391693143e-02
-8.910783269497849490e-01 4.485531496222810999e-01 -6.913415141052842161e-02
-8.961299544178272791e-01 4.383476753716419316e-01 -6.929981224621012403e-02
-9.014154929007299755e-01 4.265444860686120609e-01 -7.422907027016818760e-02
-9.047628895908277347e-01 4.173328832631271190e-01 -8.507304728325594534e-02
-9.104846726332295193e-01 4.028006596817036433e-01 -9.364472773526374971e-02
-9.170114750551300320e-01 3.875655803600737692e-01 -9.424925024471576818e-02
-9.204564514414321774e-01 3.789182146726715050e-01 -9.581729145503108114e-02
-9.254083913070166867e-01 3.660209921596994653e-01 -9.822417434908824185e-02
-9.305309172531939232e-01 3.526434068288366031e-01 -9.876682404285862249e-02
-9.388296289414128637e-01 3.306243531616855913e-01 -9.636654437007047269e-02
-9.441090186425394881e-01 3.133923319307111433e-01 -1.021932161553769786e-01
-9.470567304881902793e-01 3.027910250129874914e-01 -1.067763596502950274e-01
-9.506667327379754173e-01 2.901664698619621507e-01 -1.097097523413071846e-01
-9.559401726716726388e-01 2.709206179234105449e-01 -1.130506605438003770e-01
-9.603641956897375209e-01 2.546708328017464051e-01 -1.133288373328919935e-01
-9.643172596193710921e-01 2.416617029025327212e-01 -1.081290477912220938e-01
-9.674299318389134594e-01 2.278108844482660822e-01 -1.103701719560773037e-01
-9.711474231079381125e-01 2.084130847823827404e-01 -1.159168494423336027e-01
-9.748091215884503447e-01 1.939765077627536860e-01 -1.100924060212180866e-01
-9.788234439921941199e-01 1.743054471282300399e-01 -1.073420845254852568e-01
-9.817448646112111321e-01 1.587446932270416000e-01 -1.047720826531575028e-01
-9.845313140292908383e-01 1.423859105579258488e-01 -1.020999017147026094e-01
-9.871839921118559236e-01 1.235838297264354041e-01 -1.009695416630477793e-01
-9.888254581238856700e-01 1.076836746663899363e-01 -1.030945453953358570e-01
-9.903600163530040801e-01 9.186059835669041496e-02 -1.036760061392282550e-01
-9.916736840041531220e-01 7.745389547997334756e-02 -1.028797560992755211e-01
-9.925849576977846533e-01 6.504227905859555348e-02 -1.026871430805476187e-01
-9.930404665961072297e-01 4.955585092696117300e-02 -1.068405138925025699e-01
-9.938149516328959043e-01 3.089864856488539965e-02 -1.066637777627499895e-01
-9.943685408280072968e-01 1.926015210814215409e-02 -1.042127511673646284e-01
-9.946985041132924144e-01 6.622002656362596315e-03 -1.026210545760130044e-01
-9.947338801705092326e-01 -9.369243606392419974e-03 -1.020625823722928344e-01
-9.945456121542475270e-01 -2.921168575095393904e-02 -1.001286590012068906e-01
-9.940525242448721155e-01 -4.895921156873588032e-02 -9.727599862587538171e-02
-9.936823186542472763e-01 -6.100759844682798749e-02 -9.419961575305320356e-02
-9.926330531962749282e-01 -7.655977575061703733e-02 -9.390563084416439499e-02
-9.920599095211158902e-01 -8.442824293156986348e-02 -9.321508872220915509e-02
-9.917008023451693299e-01 -9.234566213669619106e-02 -8.945301656765172749e-02
-9.900898058254480327e-01 -1.074673885740023288e-01 -9.040454485606029544e-02
-9.884609354775281131e-01 -1.223582817321357541e-01 -8.929431592283500196e-02
-9.875293505819403572e-01 -1.310952795551581507e-01 -8.717714328845127536e-02
-9.852256308300906262e-01 -1.476099914075478803e-01 -8.684348938437767840e-02
-9.839915408818721287e-01 -1.574311351494813160e-01 -8.352322932752916096e-02
-9.816431668630982710e-01 -1.715673228264638916e-01 -8.331501275658365069e-02
-9.805143566238302411e-01 -1.810831019625863403e-01 -7.616134657709600075e-02
-9.789166555062482900e-01 -1.922760184902322644e-01 -6.893590004537288041e-02
-9.763378194155578615e-01 -2.054553994261758831e-01 -6.747284738161454798e-02
-9.744829574106544934e-01 -2.152303917503683439e-01 -6.370940033761803012e-02
-9.724349176129717387e-01 -2.249606252235400450e-01 -6.134404120364577578e-02
-9.687110434239910584e-01 -2.408612488243309091e-01 -5.987333466315816061e-02
-9.674708338733181145e-01 -2.473157460060942947e-01 -5.324612828375135942e-02
-9.667346092832895810e-01 -2.518880707410852127e-01 -4.445939091008623695e-02
-9.636177823046244706e-01 -2.637327866205861904e-01 -4.342613558714434469e-02
-9.613037601457912196e-01 -2.729841216480286548e-01 -3.707818827138208845e-02
-9.584107082756324614e-01 -2.834701913428071540e-01 -3.306972559562400271e-02
-9.592114586622937367e-01 -2.808753632406535972e-01 -3.197576868189030974e-02
-9.593724682102398038e-01 -2.801480082135842098e-01 -3.349033611472794492e-02
-9.590463879704863581e-01 -2.819795619313512636e-01 -2.678794764436461667e-02
-9.567654719902601856e-01 -2.899344046157051324e-01 -2.319297624300784358e-02
-9.568912947895542587e-01 -2.897232513918875374e-01 -2.048240927183366672e-02
-9.558994243353071685e-01 -2.929624945000482983e-01 -2.071977095828267737e-02
-9.530158308117462340e-01 -3.022516509479729607e-01 -2.011982136323992032e-02
-9.519290591579452343e-01 -3.056959139511152834e-01 -1.952219271067303502e-02
-9.494995813814940400e-01 -3.134595221465450998e-01 -1.391812782194161435e-02
-9.466470681576645285e-01 -3.218620528020111338e-01 -1.625388471113770050e-02
-9.466144794926921735e-01 -3.218116306438372209e-01 -1.892995133996974721e-02
-9.455643974029114274e-01 -3.252186793025397260e-01 -1.186686605631010957e-02
-9.468114107402941793e-01 -3.217704038528823030e-01 -3.464292929569555771e-03
-9.465199043010680269e-01 -3.226313203020668152e-01 -3.023830037709713744e-03
-9.471143608883394460e-01 -3.208954327656372008e-01 -7.418107906397059144e-04
-9.497571507310691441e-01 -3.129575699140979550e-01 4.353847694064638327e-03
-9.498520202966856951e-01 -3.126438076286105483e-01 5.918700629205754168e-03
-9.484651452146762862e-01 -3.168351930211096290e-01 5.419476742272087005e-03
-9.468835214491307939e-01 -3.214523424915904926e-01 8.945961678183875915e-03
-9.475326844374030166e-01 -3.194637388456472715e-01 1.117020351488032422e-02
-9.474779372024505486e-01 -3.195019750491497335e-01 1.428595193084378039e-02
-9.489470801338065753e-01 -3.152357364691991126e-01 1.122102834408437132e-02
-9.512910418174678195e-01 -3.078648760357098890e-01 1.626696070353530685e-02
-9.518635802776587163e-01 -3.061050864465138521e-01 1.598257608896740817e-02
-9.529952427559290618e-01 -3.025402318382800493e-01 1.641698992795640258e-02
-9.532579653691432009e-01 -3.017927265456935015e-01 1.484735048238326229e-02
-9.534229010562843554e-01 -3.012352488484780766e-01 1.556080807572873120e-02
-9.538581264975011242e-01 -2.998246560009911743e-01 1.612117644881966988e-02
-9.544755086200659155e-01 -2.979149708829016974e-01 1.494040596660453461e-02
-9.558154557834951381e-01 -2.934507420525841459e-01 1.742178871005870336e-02
-9.568414010032826322e-01 -2.901014470668291656e-01 1.719668503598670295e-02
-9.571729112092298708e-01 -2.888759337566088603e-01 1.925500470620533991e-02
-9.579111900889445419e-01 -2.866282819621787104e-01 1.582472948259104964e-02
-9.582406292903875578e-01 -2.854972880059389873e-01 1.631677363801387753e-02
-9.583667960954233012e-01 -2.853218507859520137e-01 1.116099501865506702e-02
-9.585644671559745422e-01 -2.845603020541483952e-01 1.340294771014414327e-02
-9.581631287990455270e-01 -2.859976453455895795e-01 1.134934779991948750e-02
-9.584194062516018242e-01 -2.850345304652053824e-01 1.369673007575846098e-02
-9.594479029396841829e-01 -2.814361788653491625e-01 1.591983273379254937e-02
-9.601731130508952550e-01 -2.786432765926015187e-01 2.062910031870857780e-02
-9.617835188327306106e-01 -2.727641610051866339e-01 2.392107630145182476e-02
-9.632907788851460262e-01 -2.671414351282763722e-01 2.657765378607284193e-02
-9.631887160508191270e-01 -2.671189565283618172e-01 3.024901778838183161e-02
-9.645646639256163501e-01 -2.618817133612850179e-01 3.214062973878473173e-02
-9.653777378221606309e-01 -2.587752921262092554e-01 3.288182294409754819e-02
-9.668976034489867866e-01 -2.528195195276255469e-01 3.451605160079065926e-02
-9.693708004325004568e-01 -2.419900458394925735e-01 4.196561353771043751e-02
-9.701455863928397649e-01 -2.387804199681591855e-01 4.244403358928448139e-02
-9.716806235918470369e-01 -2.315754358803001345e-01 4.700667143827987754e-02
-9.719466011907711422e-01 -2.295315965458809004e-01 5.133317267053089800e-02
-9.743057100701202344e-01 -2.197962696058418375e-01 4.917343725273222443e-02
-9.769213691939925281e-01 -2.080408240589744773e-01 4.841175048796637903e-02
-9.784216215671687200e-01 -2.002762799331734289e-01 5.079946730610465644e-02
-9.802404473755009784e-01 -1.902610890211718919e-01 5.412418393819105888e-02
-9.818467764803934239e-01 -1.805164212910904398e-01 5.823034783375971579e-02
-9.839440618557314666e-01 -1.677585536978797309e-01 6.091958175470595788e-02
-9.850766582518456493e-01 -1.615814619790986728e-01 5.929125687213927104e-02
-9.865712265004106252e-01 -1.524355959610025901e-01 5.865704322409641402e-02
-9.882031697953707061e-01 -1.423550278881191011e-01 5.647641756453330303e-02
-9.891279604306415507e-01 -1.361632615252686973e-01 5.554717443281793204e-02
-9.906807692325088066e-01 -1.266829371616198241e-01 5.003090104781945935e-02
-9.916171422400525959e-01 -1.199146208047226214e-01 4.812453640093675156e-02
-9.920850825361985370e-01 -1.158078328002162954e-01 4.853636737846689364e-02
-9.926116936194291362e-01 -1.102855202693539538e-01 5.058827863246430356e-02
-9.934618906256250659e-01 -1.041256693288880458e-01 4.681197500410449325e-02
-9.944433255818659889e-01 -9.238059406825202546e-02 5.048110898838448907e-02
-9.950377509201647763e-01 -8.612216066594174935e-02 4.982862600969382300e-02
-9.953718322557782994e-01 -8.089592795095845723e-02 5.187300618884286424e-02
-9.962269926705320522e-01 -6.841813556221099102e-02 5.339271705807044355e-02
-9.966366518469752522e-01 -6.433110172869890842e-02 5.076354914226342135e-02
-9.971002182273233094e-01 -5.757644650683111515e-02 4.976094830227743154e-02
-9.972987774493867752e-01 -4.917639476933435838e-02 5.456074916462930885e-02
-9.977385741195861080e-01 -4.420417241225844951e-02 5.063371860388150847e-02
-9.982486455014942806e-01 -3.506299770930823567e-02 4.764737565092742877e-02
-9.983354649867354214e-01 -2.801092463132789229e-02 5.041559285068097918e-02
-9.986175813435376192e-01 -1.537435870574506945e-02 5.026529492160670270e-02
-9.989382213964724810e-01 -5.305579826744890801e-03 4.576379113213747962e-02
-9.987000657169629037e-01 -5.678496957004279533e-03 5.065547708224726192e-02
-9.989744120371238933e-01 2.953991897822350748e-03 4.518231682902002638e-02
-9.986267176801389978e-01 1.340303486270912059e-02 5.064663303871491662e-02
-9.984710537788115126e-01 2.021557442316222059e-02 5.144831769914772618e-02
-9.981306384751759131e-01 3.305085138835485437e-02 5.140927771228837040e-02
-9.980194594249567341e-01 4.015329437050521588e-02 4.842432822113966473e-02
-9.978110449880045474e-01 4.359791623531286686e-02 4.972307549056194376e-02
-9.972837160972635173e-01 4.808606250715026509e-02 5.579394632110971919e-02
-9.967398361353890790e-01 5.482971314258942158e-02 5.918991482621523831e-02
-9.963444813350180729e-01 6.125606962856740279e-02 5.954336961477153800e-02
-9.955097531271315248e-01 7.285226059276861399e-02 6.043942489934336221e-02
-9.948696374643227758e-01 8.232245324666029318e-02 5.880019138189007677e-02
-9.943022036032971300e-01 9.021728339188511692e-02 5.678040062203318361e-02
-9.931486528021148397e-01 1.014620677958859296e-01 5.797625842632823934e-02
-9.920434184277382439e-01 1.106382848804034202e-01 6.007553856172387352e-02
-9.911082716415841043e-01 1.198835944351301086e-01 5.772661377338809963e-02
-9.899879066738465072e-01 1.305253712566140645e-01 5.373189023949655196e-02
-9.888804085678498668e-01 1.392447007440447693e-01 5.221584758986713704e-02
-9.886539428212177683e-01 1.426248866169272100e-01 4.713350111783962820e-02
-9.873595497420113443e-01 1.498562840564779397e-01 5.161644820412795986e-02
-9.867784069006311221e-01 1.554276521124232924e-01 4.594197171584487455e-02
-9.857345678951091594e-01 1.630663556436764416e-01 4.167456403157433070e-02
-9.839940235295988602e-01 1.725205484942846090e-01 4.463704847872549536e-02
-9.823379776480503089e-01 1.818930956041498459e-01 4.389810360967091873e-02
-9.809389820974153684e-01 1.897751499317957835e-01 4.176301974360675101e-02
-9.794382797196652390e-01 1.975231916467667104e-01 4.105227033009441889e-02
-9.785791036466128245e-01 2.013856184772202518e-01 4.274125128088167302e-02
-9.768867383789689995e-01 2.100409160375740769e-01 3.968825772237170174e-02
-9.742943246673808622e-01 2.216574316285868373e-01 4.023177595943160795e-02
-9.726119682320969462e-01 2.292563437179827857e-01 3.830837959346256733e-02
-9.724173565846044864e-01 2.305699931784235546e-01 3.524211513460732970e-02
-9.705519099161593610e-01 2.380888159801810289e-01 3.664355001431503916e-02
-9.693318238265632436e-01 2.429829169452948079e-01 3.681251543253732939e-02
-9.684419276110723951e-01 2.465948725811765441e-01 3.621112479700371034e-02
-9.656856488648731807e-01 2.565831609196637109e-01 4.020389473118339552e-02
-9.645455273279351927e-01 2.612799843750193696e-01 3.721208733955816417e-02
-9.616952105849947419e-01 2.720290024284571229e-01 3.380218352262884945e-02
-9.601417556713326418e-01 2.771983130013014329e-01 3.590192458126578723e-02
-9.609029092121544879e-01 2.749958848237691877e-01 3.229406081592004624e-02
-9.591164282938272612e-01 2.819959525399490796e-01 2.395837542348763088e-02
-9.586371173574642635e-01 2.839965898568506120e-01 1.899626604841559568e-02
-9.589186743118993661e-01 2.830112257557385602e-01 1.948502241261826362e-02
-9.579728604806123649e-01 2.864534122265168237e-01 1.524746349147155719e-02
-9.557414525781764425e-01 2.940064633560033891e-01 1.088665129693730180e-02
-9.559672703049183484e-01 2.932587798391538270e-01 1.122096251447461494e-02
-9.553967510926767437e-01 2.952298138877726963e-01 7.513243621230379816e-03
-9.526088888697659129e-01 3.041469841223959913e-01 5.564231464485027909e-03
-9.526924823484418381e-01 3.038485143399309307e-01 7.290966112947613355e-03
-9.528131038959173349e-01 3.035297580251186123e-01 4.113250220127514893e-03
-9.523319360399782330e-01 3.050190008831860644e-01 5.228432639186141387e-03
-9.514419071049552423e-01 3.078246527670964183e-01 1.524575049310139974e-03
-9.523783528882585614e-01 3.049128774453803703e-01 -1.911539625668114833e-03
-9.526143999866207857e-01 3.041176694774526679e-01 -6.188048635775144149e-03
-9.534115045556541546e-01 3.016178197782958814e-01 -5.765211740881920170e-03
-9.531278582107447495e-01 3.024303981278827491e-01 -9.120529729544793116e-03
-9.544170307886651328e-01 2.984023866214188248e-01 -6.647620709353723248e-03
-9.551233842280184572e-01 2.960891940083645313e-01 -8.399641759017016998e-03
-9.553054615826858109e-01 2.953474300579391199e-01 -1.270490279369661246e-02
-9.569222006444337847e-01 2.898188924713335779e-01 -1.746297972378470925e-02
-9.577502974137077629e-01 2.869305206088804683e-01 -1.962876347738652313e-02
-9.583956266251579814e-01 2.848154772526376166e-01 -1.892117810613690512e-02
-9.601820055649188390e-01 2.783066137253552563e-01 -2.441289129448448100e-02
-9.615414036050553559e-01 2.733175657419625870e-01 -2.712345452288404679e-02
-9.622768556578358279e-01 2.704792994519579219e-01 -2.939806161518016339e-02
-9.628663038280145248e-01 2.683606932006321055e-01 -2.951378817443085431e-02
-9.637714856166055277e-01 2.648692997144909689e-01 -3.144554007115650529e-02
-9.650893797691874054e-01 2.600217326400437456e-01 -3.148383746990512932e-02
-9.664844100225367107e-01 2.545809666452357178e-01 -3.311285356577959443e-02
-9.694888335332471074e-01 2.431962460791007585e-01 -3.077388347995715229e-02
-9.708286711664896318e-01 2.379101424811337906e-01 -2.984124145177630485e-02
-9.728023442227340389e-01 2.297730915305231936e-01 -2.932524203985003783e-02
-9.750498311466290202e-01 2.199741976864063864e-01 -2.981985015417900134e-02
-9.737143383561763788e-01 2.261253663597928287e-01 -2.734502582573935733e-02
-9.754694461153751162e-01 2.186408601198950030e-01 -2.560426412885403319e-02
-9.761090952527483600e-01 2.155683435250576874e-01 -2.722807073629407090e-02
-9.771548594836981794e-01 2.103488310676058237e-01 -3.036106588003616158e-02
-9.782233622674839646e-01 2.046474052806541433e-01 -3.461990274435672310e-02
-9.786582902670074580e-01 2.014866826362883279e-01 -4.038703226226336707e-02
-9.802019342933334656e-01 1.932287520007212878e-01 -4.320720171123108161e-02
-9.823590231985298571e-01 1.824968405472024713e-01 -4.081295799905043653e-02
-9.838540156868974540e-01 1.752552359120181924e-01 -3.628943059027233548e-02
-9.853181537423421066e-01 1.659000562661478995e-01 -4.031565579520653836e-02
-9.862877341765933226e-01 1.587106118431822199e-01 -4.524922306764934260e-02
-9.865493424599705019e-01 1.557222407259856167e-01 -4.970939478183668964e-02
-9.872434519529413866e-01 1.504696247771943607e-01 -5.205097489484697415e-02
-9.884791124129144180e-01 1.415817018662720028e-01 -5.351365736649841415e-02
-9.898533312021985386e-01 1.324230357528137503e-01 -5.152249670485319760e-02
-9.910618175832537347e-01 1.198210487063475771e-01 -5.864670834910894193e-02
-9.920365485037424547e-01 1.129438418584198106e-01 -5.574245490682095544e-02
-9.922899956660183873e-01 1.091907827516977320e-01 -5.863432251765378356e-02
-9.932224831096602147e-01 1.007164863435329460e-01 -5.801150494345998915e-02
-9.934532960679848257e-01 1.001864195225617843e-01 -5.489331611360552532e-02
-9.938241647688985658e-01 9.237188943678537045e-02 -6.148991952978283271e-02
-9.945036752355020937e-01 8.097377632056279584e-02 -6.637570644178471257e-02
-9.952089944799511478e-01 7.108009367522236110e-02 -6.713214235686444653e-02
-9.961612195199339714e-01 5.844535653351274479e-02 -6.516910182689648889e-02
-9.968312626019945055e-01 4.891859535055706476e-02 -6.272520766022128547e-02
-9.974758630391622471e-01 3.894525908537226772e-02 -5.937352877943368606e-02
-9.979110774030002240e-01 2.759319831401308917e-02 -5.841355521026558861e-02
-9.979516060362438878e-01 2.019853326601321261e-02 -6.070138283237642290e-02
-9.980906303177110583e-01 9.906442610133212728e-03 -6.096722648393934629e-02
-9.980718176392959773e-01 1.245176589739573764e-03 -6.205757827263629067e-02
-9.981882167512894366e-01 -1.098565381812339516e-02 -5.915780475866980193e-02
-9.978404120477378791e-01 -1.753933653925203451e-02 -6.330031975870692440e-02
-9.977473967828002221e-01 -2.703259214663331078e-02 -6.139558490092822396e-02
-9.970863530241808048e-01 -3.832413494294810430e-02 -6.595538226171093754e-02
-9.966281300490352768e-01 -4.564335267360070114e-02 -6.818432363194718016e-02
-9.965339829007665573e-01 -5.240683994431946657e-02 -6.460333718421799876e-02
-9.961850002288948902e-01 -6.442057874772402770e-02 -5.886833697548616434e-02
-9.954455154666407291e-01 -7.305810646914893958e-02 -6.124365877607753500e-02
-9.949600850083449854e-01 -8.103257333057485579e-02 -5.906096930871058276e-02
-9.942399464744668958e-01 -8.809049426148733708e-02 -6.104949251770266927e-02
-9.934747878703032997e-01 -9.749159755064337740e-02 -5.918852115411278592e-02
-9.924813456803197598e-01 -1.075175009605589677e-01 -5.848770960739767960e-02
-9.915935610974569991e-01 -1.169422941437148061e-01 -5.537829936183417956e-02
-9.905295068296396943e-01 -1.253249947421306298e-01 -5.608019633681347177e-02
-9.893001716377985977e-01 -1.349471458803001012e-01 -5.544803716386063203e-02
-9.880465823275572657e-01 -1.427067491115979470e-01 -5.829907070927563967e-02
-9.872373082133014677e-01 -1.495559020678411399e-01 -5.473185561795770177e-02
-9.863603035594313839e-01 -1.567789302743380075e-01 -5.013746216780197440e-02
-9.843068621765973525e-01 -1.694018956668597309e-01 -4.942717149324403481e-02
-9.829648153757808426e-01 -1.783186646870890679e-01 -4.452720234632193824e-02
-9.821447441544650658e-01 -1.832463769282144384e-01 -4.257361865653520178e-02
-9.815227624369293746e-01 -1.860784433521146253e-01 -4.458616279705281127e-02
-9.811680275427461240e-01 -1.886760339893990834e-01 -4.136063449396909508e-02
-9.812240838522836572e-01 -1.883912638509263326e-01 -4.132886561169845513e-02
-9.807809623513481512e-01 -1.917747273661061236e-01 -3.593332591115346725e-02
-9.797644185121588967e-01 -1.963100651143988851e-01 -3.903957900612919224e-02
-9.784800806972469012e-01 -2.032159893018548880e-01 -3.577763887504076257e-02
-9.777271375458628233e-01 -2.066625442812770330e-01 -3.660988104335115290e-02
-9.772044160566316640e-01 -2.096606449227244873e-01 -3.337647751913670052e-02
-9.761946275575952292e-01 -2.138835379232285894e-01 -3.602676041277521474e-02
-9.752172840474225834e-01 -2.180101513961787418e-01 -3.772093520023889202e-02
-9.735183292809997946e-01 -2.251465701860425328e-01 -3.963749128442292657e-02
-9.720327152091444711e-01 -2.314152359189463048e-01 -3.999294164076917096e-02
-9.723022763769011423e-01 -2.304920885278825271e-01 -3.875211889388949227e-02
-9.718565626292199333e-01 -2.333407864325147685e-01 -3.235653307006629287e-02
-9.720326121231879224e-01 -2.327492853086465252e-01 -3.131161657619276062e-02
-9.705511991757093115e-01 -2.395340144385146031e-01 -2.557091683175841818e-02
-9.711911039551801572e-01 -2.371269339985646041e-01 -2.363689742280233527e-02
-9.710172930291276483e-01 -2.378044298848492333e-01 -2.396906161673794181e-02
-9.710468989239797732e-01 -2.376767411240383598e-01 -2.403607638541195926e-02
-9.700942046568825639e-01 -2.421694309211938345e-01 -1.646957008214917223e-02
-9.707032675871866134e-01 -2.398577679366484805e-01 -1.426406044937732209e-02
-9.697023498417193244e-01 -2.438421841355632447e-01 -1.477795416895799976e-02
-9.699197275619162451e-01 -2.429920243372422628e-01 -1.451358596891840977e-02
-9.685699535545039263e-01 -2.484627770520512480e-01 -1.177027511180819656e-02
-9.677696061412373041e-01 -2.514861734792020465e-01 -1.329435540400740988e-02
-9.687407491664751236e-01 -2.478640060097392628e-01 -1.023920909620427457e-02
-9.692058024518919179e-01 -2.461664105250244705e-01 -6.500527618067965599e-03
-9.689375473050000354e-01 -2.472927044238318606e-01 -2.528595062177101810e-03
-9.688406211267578394e-01 -2.476850535685610200e-01 1.054905656404907938e-04
