1.000000000000000000e+00 0.000000000000000000e+00 0.000000000000000000e+00
9.999436192939060719e-01 3.576044952672460461e-03 -9.998521155115984091e-03
9.997776918108911559e-01 1.035129165173883856e-02 -1.836894987751151037e-02
9.994174522742474975e-01 2.235830867028871377e-02 -2.578494737567540301e-02
9.987569477835516185e-01 3.039787404724206277e-02 -3.950354951133446674e-02
9.981295368367534282e-01 4.045405865345245988e-02 -4.583556634157094634e-02
9.972743510275355883e-01 4.989301301751009055e-02 -5.435585802113633569e-02
9.962371587454854627e-01 6.052641767998478972e-02 -6.203289294935756398e-02
9.949288785365523191e-01 7.460611146129124405e-02 -6.745708936862523930e-02
9.934570568792020495e-01 8.888984215761275287e-02 -7.170548663139347800e-02
9.913728136134621893e-01 1.029026573658649857e-01 -8.118493469387584593e-02
9.900557621990211388e-01 1.145573703242819680e-01 -8.164681732819496773e-02
9.877455808811556048e-01 1.309568361429803429e-01 -8.490571734340122967e-02
9.852996242225262602e-01 1.463530487797219670e-01 -8.812174629971351869e-02
9.819506310974087659e-01 1.629195623180889896e-01 -9.607383468916423641e-02
9.779967423723512354e-01 1.828727115171220885e-01 -1.003989618668133105e-01
9.732300563364846280e-01 2.037888459936194885e-01 -1.062702811332989494e-01
9.684843596338427174e-01 2.218079075848014003e-01 -1.133106683019316913e-01
9.626262207955053052e-01 2.400569630258801990e-01 -1.253930861682095999e-01
9.566737263539605296e-01 2.599560238801279510e-01 -1.311421386291778957e-01
9.508924418564286274e-01 2.801357212321038404e-01 -1.316341723792057994e-01
9.426717235620856172e-01 3.040403640899871363e-01 -1.375844953766770795e-01
9.334476814667883593e-01 3.287701488970618535e-01 -1.434769370361975438e-01
9.232105170446058828e-01 3.559597578936563589e-01 -1.448275138802339324e-01
9.141954352533987471e-01 3.764559755255331153e-01 -1.500920481046603971e-01
9.021700939729946356e-01 4.028447633381612714e-01 -1.542894585831613430e-01
8.887860442501414049e-01 4.304963477649799142e-01 -1.572650041057080117e-01
8.744689715775672001e-01 4.569445673244352801e-01 -1.628057144888350738e-01
8.610652446482566225e-01 4.817552149069642131e-01 -1.627223950123417862e-01
8.496897912445329215e-01 5.012358471667718307e-01 -1.636762189801855283e-01
8.346777896633633675e-01 5.251040289572352915e-01 -1.660685617087656052e-01
8.178137428458488456e-01 5.503542470205209369e-01 -1.681990070604525433e-01
8.014621885666549650e-01 5.738599293482408159e-01 -1.683542779923300758e-01
7.848842207253801107e-01 5.956072213034498963e-01 -1.709058787370193178e-01
7.698024836897563450e-01 6.141250820512150765e-01 -1.739383279520712866e-01
7.495818353308988380e-01 6.378762544388423272e-01 -1.767511773000838282e-01
7.276369680791131556e-01 6.622724047123534907e-01 -1.787168917800426027e-01
7.105722828060747620e-01 6.794066821445656768e-01 -1.830126078600836648e-01
6.954236838715636138e-01 6.945405886632675108e-01 -1.843889753783106988e-01
6.726061565317468238e-01 7.159449285014439779e-01 -1.871465785550418814e-01
6.536917868488261174e-01 7.327693763997559229e-01 -1.890399777266895676e-01
6.334724278354643134e-01 7.505483870558381509e-01 -1.881218384659884002e-01
6.094918655660900297e-01 7.703174041411517958e-01 -1.874320856089460308e-01
5.871330095772986368e-01 7.864780379766891372e-01 -1.916432868464743311e-01
5.634495488945053809e-01 8.039885011184421115e-01 -1.900713553948187029e-01
5.337742830487525181e-01 8.231605078910002593e-01 -1.936280394397615623e-01
5.043737562045403910e-01 8.415996424846973190e-01 -1.931765520357437149e-01
4.742429848923990776e-01 8.594425783256435247e-01 -1.909242489471789372e-01
4.533942589030973136e-01 8.700599708245815300e-01 -1.934665767020529448e-01
4.276274359112833823e-01 8.833601093244022318e-01 -1.918585835347274837e-01
3.989883729878613283e-01 8.970216840300618832e-01 -1.901588791366890241e-01
3.692395704019488245e-01 9.094263491701881641e-01 -1.913266264083602897e-01
3.394772749382060084e-01 9.214486749458988823e-01 -1.889114655451425706e-01
3.082555049805544845e-01 9.331158596173888542e-01 -1.851306537023885423e-01
2.780676104859043374e-01 9.426957157057112013e-01 -1.843996042314197392e-01
2.516411655634772648e-01 9.493858100749108520e-01 -1.879982172796066109e-01
2.195746075822148369e-01 9.564111647262969473e-01 -1.925219426102657561e-01
1.893711371399353915e-01 9.624718583195642774e-01 -1.943875440317534009e-01
1.657948033256434750e-01 9.672460180417805642e-01 -1.922166663629807926e-01
1.350548635116280427e-01 9.720730999503419678e-01 -1.919221071265740652e-01
1.108326172731342318e-01 9.751509699815277266e-01 -1.918247630244800661e-01
7.520386878648657736e-02 9.777785410625003948e-01 -1.956873179222377301e-01
4.853099052618170539e-02 9.801546574263702016e-01 -1.922020124756501080e-01
1.843184877195681859e-02 9.822079147789247733e-01 -1.868900780146494078e-01
-8.532318792094269189e-03 9.818685728962911474e-01 -1.893708723422513063e-01
-3.568534054687133583e-02 9.815259474209951929e-01 -1.879717881458951578e-01
-6.602426969894222009e-02 9.796747540083536876e-01 -1.894154013983880558e-01
-9.450540319119307697e-02 9.774431018509261992e-01 -1.888749147673879913e-01
-1.220534070544296995e-01 9.741318828276503972e-01 -1.901842862137966828e-01
-1.556174520912075032e-01 9.692778676745206212e-01 -1.904826654300514344e-01
-1.854770784411276241e-01 9.630404746931070514e-01 -1.953236283633197623e-01
-2.121872012879813807e-01 9.587443377500189934e-01 -1.891716387815916278e-01
-2.382775991909222291e-01 9.534511026867688033e-01 -1.848101813076738209e-01
-2.636999796011467168e-01 9.464983654702057159e-01 -1.860193202740364760e-01
-2.930403334184106257e-01 9.379081860621910627e-01 -1.856222510831286865e-01
-3.216403855962177705e-01 9.278029451570318775e-01 -1.890216386829336181e-01
-3.429845463190005495e-01 9.199536302540205490e-01 -1.898603217371922225e-01
-3.695062893007521887e-01 9.109308656928628567e-01 -1.834940928678457928e-01
-3.933307141163859821e-01 9.011767947323415795e-01 -1.821300521600822953e-01
-4.167691448309516766e-01 8.915945765686782432e-01 -1.770949279992281300e-01
-4.342216808652373250e-01 8.839171983278624189e-01 -1.736143450464404381e-01
-4.535712708987668651e-01 8.743164875224130883e-01 -1.727535939509597385e-01
-4.742695727162113406e-01 8.639695086199886687e-01 -1.691894873078270134e-01
-4.940094028637631585e-01 8.531699851467462459e-01 -1.674983835860703596e-01
-5.201650712905026008e-01 8.382066235013759803e-01 -1.638230030579868601e-01
-5.376684869029270120e-01 8.280138717452831809e-01 -1.590774898091693867e-01
-5.538365939201568278e-01 8.167062379890462909e-01 -1.620369389782309877e-01
-5.739810943807323040e-01 8.041465455145709873e-01 -1.545770262742227341e-01
-5.882259931646683926e-01 7.943809040662729304e-01 -1.514898695152323282e-01
-6.063381053981077295e-01 7.810703686683363456e-01 -1.492755876495226175e-01
-6.206475041235816059e-01 7.690102193827966781e-01 -1.530358732148392187e-01
-6.352264284358699609e-01 7.575198577718488258e-01 -1.505027229749509032e-01
-6.506977522269834502e-01 7.453811853284653122e-01 -1.449115028807694550e-01
-6.689389775921188441e-01 7.299839518932619287e-01 -1.401573893513599345e-01
-6.828064008972772880e-01 7.174860623509807800e-01 -1.378012638752353358e-01
-6.978554959238787436e-01 7.036859719369179533e-01 -1.335057246301508405e-01
-7.093220235405288676e-01 6.925078069512541346e-01 -1.315113030927081983e-01
-7.273949674855866299e-01 6.742129309281282845e-01 -1.278025961828760104e-01
-7.382927398464739221e-01 6.625630767135113341e-01 -1.262300208560715731e-01
-7.529990077186116126e-01 6.464846042960200601e-01 -1.226791304916337311e-01
-7.623353298052316651e-01 6.364386458720984185e-01 -1.174338656582827184e-01
-7.727460381968523917e-01 6.249482212859346353e-01 -1.109202367580020276e-01
-7.829744984813922226e-01 6.114396594066175972e-01 -1.144224413694584080e-01
-7.937491616063148125e-01 5.963827685880900287e-01 -1.195402830712997133e-01
-8.036876306593140340e-01 5.822943690197041056e-01 -1.225539781986958177e-01
-8.149929962881078405e-01 5.664842814422025308e-01 -1.219917716081187070e-01
-8.272412529092068034e-01 5.478495623541973503e-01 -1.246305897868171808e-01
-8.348586318837680764e-01 5.349745694542831220e-01 -1.296660806176275771e-01
-8.431406300291860445e-01 5.219836501969893350e-01 -1.290231163053033037e-01
-8.528382385878159333e-01 5.055697251006444626e-01 -1.306377038795849266e-01
-8.602666893835200224e-01 4.927036041562360968e-01 -1.310892802749355768e-01
-8.677846270592723954e-01 4.773496068316665508e-01 -1.381564745283161422e-01
-8.763124460298628016e-01 4.611178323569523063e-01 -1.394519964111641808e-01
-8.826338965526429048e-01 4.492440929944326866e-01 -1.383371505297900927e-01
-8.918497644450487094e-01 4.304598399905074091e-01 -1.389544586128171888e-01
-8.999040551744135197e-01 4.141651074151735390e-01 -1.365282863962980209e-01
-9.110413195124423824e-01 3.876695471753927591e-01 -1.404138680868945166e-01
-9.181210786163228610e-01 3.684095118333357566e-01 -1.460415531346947737e-01
-9.272551619797338995e-01 3.454329558173513948e-01 -1.444782203569216772e-01
-9.324954895327899340e-01 3.300214870209574047e-01 -1.467583011103908985e-01
-9.388508123225971502e-01 3.084157844793566361e-01 -1.530976021028747081e-01
-9.454379019308783993e-01 2.866733963032965793e-01 -1.548081299511173403e-01
-9.522538449736492883e-01 2.672081455485647572e-01 -1.476903544208274799e-01
-9.583238742096999996e-01 2.493396595965612361e-01 -1.394457050822465738e-01
-9.640261085886825398e-01 2.317565745777702968e-01 -1.301636262405898026e-01
-9.690007921416067260e-01 2.148042243828707509e-01 -1.220517364137482519e-01
-9.726992591474177274e-01 2.018921666807763082e-01 -1.144365315723060716e-01
-9.768276787371912295e-01 1.853631068162508999e-01 -1.069963529085575932e-01
-9.801304319014958466e-01 1.725490809066785869e-01 -9.783233435302986225e-02
-9.821444613382813715e-01 1.628522542053527089e-01 -9.418818686477381519e-02
-9.853748490909927105e-01 1.484346871090050923e-01 -8.368729570666151585e-02
-9.876821494597997075e-01 1.381630267588720429e-01 -7.345040657726389921e-02
-9.888134571242924720e-01 1.349556603794438425e-01 -6.352109269163161431e-02
-9.908213849963231068e-01 1.206362221780124672e-01 -6.099095944036694861e-02
-9.922072242361155148e-01 1.125325902969529918e-01 -5.349067145435674325e-02
-9.932649191172249203e-01 1.061205437313439415e-01 -4.651066353197873954e-02
-9.941932364288134094e-01 9.957866366788413470e-02 -4.079104399351415194e-02
-9.942709143847832109e-01 1.014585720281098585e-01 -3.363804462062957440e-02
-9.948340609147729996e-01 9.874300682300918286e-02 -2.355888227880896524e-02
-9.946260854776531879e-01 1.022708485252336458e-01 -1.611319265941262360e-02
-9.948814436264419303e-01 1.010376024679035950e-01 -1.525652468999520381e-03
-9.939651386289356516e-01 1.095390662663138087e-01 5.874391836605240454e-03
-9.939865700688772510e-01 1.088239881664559566e-01 1.216759827819535386e-02
-9.931028423388676973e-01 1.158441580148916045e-01 1.808004624539609473e-02
-9.929031703063716519e-01 1.182606808873018917e-01 1.255858982942518326e-02
-9.926113501826511198e-01 1.203262145816113571e-01 1.563080314438368076e-02
-9.932216114130089091e-01 1.155242938054325680e-01 1.284448034139367562e-02
-9.932759324082602870e-01 1.156129100521664510e-01 6.048940188501941533e-03
-9.925498143298305820e-01 1.218135720981589620e-01 2.516384840500584478e-03
-9.927372937253396978e-01 1.202636380459019688e-01 3.055401334569021916e-03
-9.922119788684425901e-01 1.244760760548542650e-01 4.594346606979019150e-03
-9.918820871233716696e-01 1.271460888044738391e-01 1.951895209612135307e-03
-9.915163643283383399e-01 1.299818955411542742e-01 1.364960401189605106e-04
-9.906746972841603549e-01 1.362407325564242155e-01 -1.455817250705487278e-03
-9.906808182202834212e-01 1.361920223927080287e-01 -1.806072436467098287e-03
-9.909805591163912686e-01 1.339756321690636909e-01 -2.841460823027459632e-03
-9.910202399400888096e-01 1.336276348727188368e-01 -4.748862850073575295e-03
-9.912443200187259773e-01 1.320355676555818036e-01 -1.148637710930529385e-03
-9.919644045301615476e-01 1.264993864915080479e-01 -2.130226715299666108e-03
-9.924809543137558254e-01 1.223990161534450893e-01 -2.204611996382427070e-04
-9.922019021004009343e-01 1.246186896008157630e-01 2.362231723711764354e-03
-9.923442295212894226e-01 1.234933934125736071e-01 1.524596776779441575e-03
-9.930213016106720358e-01 1.179081118363497771e-01 -2.526734511929172762e-03
-9.931958471561129764e-01 1.163391194019231661e-01 -5.218353134173759136e-03
-9.932978540178611926e-01 1.152329144410745576e-01 -8.986734785874705284e-03
-9.939087856333971294e-01 1.092241426632973439e-01 -1.467738102402102972e-02
-9.939681566428547610e-01 1.079218967298110760e-01 -1.949822681945722128e-02
-9.944705825459103643e-01 1.031547041770538714e-01 -1.968198485451910784e-02
-9.949304255318228707e-01 9.957081505283868483e-02 -1.411078163810719488e-02
-9.951294534473759112e-01 9.707031731315725331e-02 -1.716791854716239601e-02
-9.958105217524068076e-01 9.002274234573287570e-02 -1.604131047960220130e-02
-9.963532896879715439e-01 8.458878823837429062e-02 -1.117460819468157548e-02
-9.966479463871388278e-01 8.107805999635236960e-02 -1.091933972801396695e-02
-9.966333575327686045e-01 8.189238379510919985e-02 -3.949814935983642430e-03
-9.967045822063295146e-01 8.108448348509955661e-02 -2.301141209412539863e-03
-9.965400169943984254e-01 8.278752386441089184e-02 -7.364326476068647209e-03
-9.966679778972848958e-01 8.031068753103491609e-02 -1.425301301332247694e-02
-9.968787146466119298e-01 7.760316961812260828e-02 -1.451169996998495290e-02
-9.970441539073597870e-01 7.477723571660804813e-02 -1.764464016600781129e-02
-9.971768430289690288e-01 7.163213912664026517e-02 -2.252096016274234697e-02
-9.972487440296867733e-01 7.031764746637286789e-02 -2.346026988434442642e-02
-9.970241677429734217e-01 7.103609248158952727e-02 -2.994487923683299482e-02
-9.977076526815864543e-01 6.181375637192441236e-02 -2.754110471418252937e-02
-9.975722766027488309e-01 6.539687110111619406e-02 -2.393356292724381496e-02
-9.976726505158256542e-01 6.210229817554396847e-02 -2.815315919248512905e-02
-9.977343172859655107e-01 6.002986819823989684e-02 -3.037532685346864061e-02
-9.978945511183540118e-01 5.606849974476381393e-02 -3.260063911860137942e-02
-9.980721781106640655e-01 5.464305747072693148e-02 -2.942918623981443521e-02
-9.984505104266183650e-01 5.092057216334840153e-02 -2.244297004834448425e-02
-9.982472517142142454e-01 5.199424634550321028e-02 -2.826722716921513737e-02
-9.982528920714843768e-01 5.005754808518857180e-02 -3.139138010819639973e-02
-9.981541356198070369e-01 5.086044344083918978e-02 -3.318961034995476789e-02
-9.984754448150222617e-01 4.552113784528797474e-02 -3.121899244361853523e-02
-9.988236565713001225e-01 4.070255550229056468e-02 -2.635561138954708310e-02
-9.989202079982250071e-01 3.779073908176515395e-02 -2.702390253607449624e-02
-9.989438433886657087e-01 3.876802776300025677e-02 -2.466274537409894607e-02
-9.993089189310222498e-01 3.051806287798837503e-02 -2.122134157594551124e-02
-9.992634208773145676e-01 3.179220647145702267e-02 -2.149149264616244739e-02
-9.994808826407560742e-01 2.667001187166271811e-02 -1.807452804714945391e-02
-9.996637965370778200e-01 2.204713796627745179e-02 -1.364662306093595082e-02
-9.996648668869225762e-01 2.193805792680957392e-02 -1.374366205993799751e-02
-9.996777938844026989e-01 2.222365355423677746e-02 -1.226500559400951242e-02
-9.997043787813095772e-01 2.022942776693600203e-02 -1.348844118456422186e-02
-9.997558817207056192e-01 1.657550269882902133e-02 -1.460967010954886125e-02
-9.998228024304570694e-01 1.101225822433929587e-02 -1.526783292160131984e-02
-9.999170338221418097e-01 1.120705190402761578e-02 -6.351405767269049582e-03
-9.998860823565818290e-01 1.421848221676435750e-02 -5.066558906963726863e-03
-9.999203878799171052e-01 1.141521624682978464e-02 -5.378075235900434126e-03
-9.998499734523309534e-01 1.468617933376896618e-02 -9.184747246900569484e-03
-9.998979302011128389e-01 1.089804618788471104e-02 -9.239839170497166423e-03
-9.998342838102516339e-01 1.010055304634068646e-02 -1.514584631637617626e-02
-9.998709263639862233e-01 4.214251890883674578e-03 -1.550430973767070661e-02
-9.998416322119797472e-01 3.034604151996472474e-03 -1.753609460324159416e-02
-9.997994697681230614e-01 7.471387605964725787e-05 -2.002567576092709190e-02
-9.997792536344340952e-01 -5.722936436004784442e-04 -2.100308321120317526e-02
-9.998408824513833615e-01 -4.097172397418880410e-03 -1.736191093081489167e-02
-9.998545711696628091e-01 -7.494591026567722081e-03 -1.531928798537512786e-02
-9.997281181630119917e-01 -1.136484713737892505e-02 -2.036032955702041583e-02
-9.997244282275392635e-01 -1.592598851462579887e-02 -1.724654926704386609e-02
-9.997736342086462891e-01 -1.241281160787764334e-02 -1.728049233670549828e-02
-9.997768332303239580e-01 -1.727280992347914393e-02 -1.216332508812372620e-02
-9.997355780434036276e-01 -2.041713183695500686e-02 -1.057957364909186022e-02
-9.996029499484930803e-01 -2.495303582182889501e-02 -1.308820710210510316e-02
-9.995037481964916815e-01 -2.830976677954693752e-02 -1.381402090989660922e-02
-9.995032623932922355e-01 -2.995160634394814989e-02 -9.805225681792251874e-03
-9.993091101010097566e-01 -3.454366104052743192e-02 -1.371316188846492812e-02
-9.993325066230102083e-01 -3.375882306612679878e-02 -1.396051318146452301e-02
-9.992420718256469492e-01 -3.500692304688338835e-02 -1.702381027848002409e-02
-9.990495707213260523e-01 -3.915037980633254144e-02 -1.916287985297240523e-02
-9.986403292989082248e-01 -4.593709810928862936e-02 -2.464323452732931907e-02
-9.983852071900708447e-01 -5.158894677213930746e-02 -2.378175548670770356e-02
-9.982517489512979791e-01 -5.646692499169383289e-02 -1.746268422373731949e-02
-9.981149937419180329e-01 -5.845464021059230963e-02 -1.869565630050683616e-02
-9.980993421276576072e-01 -5.878489249658849780e-02 -1.849467266820154637e-02
-9.978678517916154123e-01 -6.320381098601915437e-02 -1.628010371560468725e-02
-9.975052420999530600e-01 -6.882059663397895044e-02 -1.571720646447039710e-02
-9.973302409487486697e-01 -7.215654180068600820e-02 -1.121770837000544627e-02
-9.971855495331155561e-01 -7.416501224663692160e-02 -1.097924295625395813e-02
-9.969735972747176822e-01 -7.727348393992335140e-02 -8.512813907409972833e-03
-9.968409135662348319e-01 -7.843632234417173554e-02 -1.248797050279085510e-02
-9.965784904212792172e-01 -8.248375070230774819e-02 -5.268401206848228463e-03
-9.961289393819124927e-01 -8.788829734777736657e-02 -1.672077304752492884e-03
-9.963944509430304741e-01 -8.476266211472643919e-02 3.660847782707823527e-03
-9.960510758909404405e-01 -8.853794854676873272e-02 6.580145537229927996e-03
-9.958956390863634711e-01 -9.010662787157164288e-02 8.525495890097118529e-03
-9.959957053269680172e-01 -8.845166527018893943e-02 1.299501382972291334e-02
-9.963319443388075625e-01 -8.401320654672014832e-02 1.626193406674873027e-02
-9.962999752900365547e-01 -8.448942352250010668e-02 1.574513371031483616e-02
-9.963513700771206016e-01 -8.396548294965654191e-02 1.528913673596074899e-02
-9.967897657551236801e-01 -7.870987221802684675e-02 1.466054456853920288e-02
-9.970178678780046155e-01 -7.634376493545512454e-02 1.127001990616411514e-02
-9.970754047095260475e-01 -7.566740718415544686e-02 1.072816260769336900e-02
-9.968436480906870401e-01 -7.888816484235602888e-02 8.911309092619720124e-03
-9.969514320991349487e-01 -7.748989139632261880e-02 9.119840374223251930e-03
-9.975080511391875016e-01 -6.964486070775491311e-02 1.128247010251050113e-02
-9.976104004963857186e-01 -6.828807315112934984e-02 1.049955832155877178e-02
-9.974954605554667841e-01 -6.958230535520837368e-02 1.269337563086877022e-02
-9.973231770629709114e-01 -7.195017726445167294e-02 1.302556381956264386e-02
-9.977599846052153110e-01 -6.611823364087746069e-02 1.016882517116867585e-02
-9.980082432722245933e-01 -6.210302583733347259e-02 1.108030963465498828e-02
-9.980701939720174609e-01 -6.050121453787079412e-02 1.398226447112036613e-02
-9.981269832191489444e-01 -6.017504239665884269e-02 1.102281334722337615e-02
-9.979021656629961656e-01 -6.245118639974751862e-02 1.706252582041494978e-02
-9.977304913414133392e-01 -6.467430995274130179e-02 1.873800813503755103e-02
-9.978855279340563822e-01 -6.196165856786790133e-02 1.962749817251430856e-02
-9.982153973102934064e-01 -5.669916601126599037e-02 1.874133913541651056e-02
-9.985775046675402500e-01 -5.119313631439458001e-02 1.490780272433882975e-02
-9.985149292023640655e-01 -5.304410995568731996e-02 1.242059724748359635e-02
-9.987972279929142605e-01 -4.641794325489455308e-02 1.579508404637995633e-02
-9.990114056001427878e-01 -4.102635122045301952e-02 1.711907892595377831e-02
-9.990058514719828420e-01 -4.065354112321113711e-02 1.829238090309514078e-02
-9.992614693159058703e-01 -3.546688971810849772e-02 1.478609206312281842e-02
-9.991698105351879411e-01 -3.662544888443046431e-02 1.784037690075816057e-02
-9.993008122494667633e-01 -3.170291003505806143e-02 1.981981371409432396e-02
-9.993224866418656260e-01 -3.200150210492185010e-02 1.817923101145954567e-02
-9.995966533911846419e-01 -2.464558840396460782e-02 1.411163456899818501e-02
-9.996271237373851593e-01 -2.495139632717801800e-02 1.109297303467582374e-02
-9.997836087652435255e-01 -1.745724546699059174e-02 1.131339826736734236e-02
-9.997604668262844996e-01 -1.829264987454534697e-02 1.201668361142360815e-02
-9.997285712704226945e-01 -1.339601691809782016e-02 1.906157320713704889e-02
-9.996959364549220517e-01 -1.073437370039246469e-02 2.219957051955775973e-02
-9.996348558048260280e-01 -4.986330870171067770e-03 2.655757786659695280e-02
-9.996787861040563605e-01 7.227093055453279527e-04 2.533408097034279410e-02
-9.996644640767669010e-01 1.898602522584481866e-03 2.583346533187405591e-02
-9.995668659676628653e-01 5.500570303815651221e-03 2.891085691548004113e-02
-9.996172633583256806e-01 1.080358873166810917e-02 2.546806986288066565e-02
-9.995486358800925730e-01 1.724134293951546174e-02 2.460231494488399756e-02
-9.995739772303440240e-01 2.020863261582167211e-02 2.105916677875013104e-02
-9.994093026251901213e-01 2.347690091050952388e-02 2.509769593587875269e-02
-9.995990187634904434e-01 2.047861345187051638e-02 1.955611314537927803e-02
-9.992663591349353336e-01 2.634536808044980749e-02 2.779710406629058023e-02
-9.989538455078837975e-01 3.403565348194672463e-02 3.054182176836706814e-02
-9.989342635876354848e-01 3.809407985412084641e-02 2.606131447161432260e-02
-9.987391164819093836e-01 4.307875893126611455e-02 2.577618535312588971e-02
-9.985617177494434671e-01 4.796068585032232934e-02 2.396418985168578819e-02
-9.985761443287521910e-01 4.992389369054344578e-02 1.879634839870370291e-02
-9.983800056881654283e-01 5.334354691860127701e-02 1.979505442045621094e-02
-9.985083332754107754e-01 5.231493199635403601e-02 1.562914708407116618e-02
-9.980041192490640700e-01 6.134180214980389234e-02 1.499917321408501293e-02
-9.981612258650937042e-01 5.975774319702322618e-02 1.015841008020159156e-02
-9.983157595079897861e-01 5.685355128955336262e-02 1.154694650320240053e-02
-9.982667893718151220e-01 5.704409995424833402e-02 1.447072421907489963e-02
-9.982126351606924741e-01 5.592028931153996546e-02 2.108246247349816402e-02
-9.977006126648940709e-01 6.410845591337789584e-02 2.199107544782398158e-02
-9.975640552452007537e-01 6.692887250587305215e-02 1.965949403784525429e-02
-9.973958736054885366e-01 6.912119759174217837e-02 2.058507640451875606e-02
-9.969703402724953145e-01 7.480238163161055664e-02 2.132506388385678117e-02
-9.968679819468344583e-01 7.577284008381836300e-02 2.264326200708903156e-02
-9.960681366146297844e-01 8.515407894526083599e-02 2.443489816924694635e-02
-9.957413193523124706e-01 8.891481453528787826e-02 2.435969778739495439e-02
-9.956985365827721868e-01 8.968155802883806538e-02 2.327351663446034294e-02
-9.957751377060954923e-01 8.980140019444203536e-02 1.917284123059554563e-02
-9.950593371778113649e-01 9.757697829997420691e-02 1.832110711506061695e-02
-9.944595345426814337e-01 1.023541140028571828e-01 2.395587187224030093e-02
-9.942705100332079882e-01 1.037275454748872450e-01 2.582176411262326887e-02
-9.939117307022199421e-01 1.063695861515825541e-01 2.872276221215248893e-02
-9.937492906219609345e-01 1.084456750023326116e-01 2.649334460429377328e-02
-9.936731567307365287e-01 1.091860471859942977e-01 2.630739512007101988e-02
-9.934068011496707262e-01 1.117794986051400957e-01 2.546145036216767091e-02
-9.928322806971271453e-01 1.175390770114908556e-01 2.164813646039202497e-02
-9.923654086759948756e-01 1.209467770117919755e-01 2.414097861678410686e-02
-9.913665446420851790e-01 1.301033227907873180e-01 1.629457121203244097e-02
-9.914401555801334309e-01 1.298268865542283323e-01 1.383513381354896724e-02
-9.905117097938704873e-01 1.363720029411892021e-01 1.700714918553227276e-02
-9.897658109759522871e-01 1.417853899819269126e-01 1.614175108460016300e-02
-9.902073833815755455e-01 1.379641913651607765e-01 2.133619432351627557e-02
-9.897151859938285723e-01 1.410682194953513657e-01 2.374071424891583543e-02
-9.889452413664269192e-01 1.467617277067175818e-01 2.117352616164973333e-02
-9.878459836486235268e-01 1.535989446026826966e-01 2.382625292942078254e-02
-9.875703745137089928e-01 1.558035949215201554e-01 2.073665123028736387e-02
-9.868336171832861048e-01 1.598165431031676464e-01 2.486158057695866952e-02
-9.868214977367988361e-01 1.601852076701533456e-01 2.289201803878446878e-02
-9.862119582023092246e-01 1.641804756270512089e-01 2.075472276980858469e-02
-9.860652923280680549e-01 1.647427494644672086e-01 2.313178281793469918e-02
-9.848042286370985998e-01 1.717190747275635643e-01 2.594618174783177439e-02
-9.836005000949566979e-01 1.792425315625177096e-01 2.005453834172219590e-02
-9.832644484304178256e-01 1.813413427133723221e-01 1.750300678973240598e-02
-9.826844451801022284e-01 1.848152709886422551e-01 1.321400938036572902e-02
-9.825694649649008294e-01 1.856187082290557400e-01 1.014666947798985482e-02
-9.830929277656921261e-01 1.829044981101779488e-01 8.617030522602910081e-03
-9.833772328977963273e-01 1.815414225932866499e-01 3.455872220289782533e-03
-9.829867562772798273e-01 1.836559666365130683e-01 2.745221160115825926e-03
-9.832006922275209337e-01 1.825061817461166858e-01 2.811719072282003150e-03
-9.829277063059006503e-01 1.839851390283414878e-01 1.614346765633506908e-03
-9.824770717570171508e-01 1.863277245100960211e-01 -4.560246384768994014e-03
-9.818088796547895791e-01 1.898358646776157621e-01 -3.698867008231035858e-03
-9.815599802944554586e-01 1.909012401594654962e-01 -9.835390650342442503e-03
-9.822438027841458030e-01 1.870407336806115539e-01 -1.459072716759942864e-02
-9.826527307762727981e-01 1.846762970787315106e-01 -1.697909040684005347e-02
-9.829122209128531296e-01 1.833603269419934179e-01 -1.620401167961381741e-02
-9.835570684804577635e-01 1.801822595747016587e-01 -1.224172585598482313e-02
-9.838031496168556655e-01 1.789635965524106198e-01 -1.016894230812962624e-02
-9.845042028385844191e-01 1.749285506990516659e-01 -1.230814046718628485e-02
-9.847292710122219628e-01 1.736616239271398521e-01 -1.224405017218217415e-02
-9.843631857022160370e-01 1.755354213365998839e-01 -1.471217394993336487e-02
-9.854335773318216862e-01 1.697267258670258072e-01 -1.065441708279726146e-02
-9.856956687718114729e-01 1.683661735540807058e-01 -7.542782043332559375e-03
-9.862367294046076038e-01 1.651707858146788943e-01 -7.465820729091216836e-03
-9.863384555461985892e-01 1.645275422015533839e-01 -8.194654633359724910e-03
-9.870901403490546233e-01 1.591521082692412548e-01 -1.799097726777271200e-02
-9.874467482835763699e-01 1.562409596688593694e-01 -2.318827283413093035e-02
-9.894555506981319581e-01 1.433308643883905997e-01 -2.083243985888415251e-02
-9.903341602951558631e-01 1.374247470094058787e-01 -1.878041314809753698e-02
-9.906192408288170270e-01 1.351486138466165277e-01 -2.020856125030955422e-02
-9.910516633080642679e-01 1.312769570209491865e-01 -2.414488433380576615e-02
-9.918538297725011388e-01 1.252891057279240661e-01 -2.299205423702854051e-02
-9.921746337339097943e-01 1.224454910377589245e-01 -2.442564476251935998e-02
-9.925740548191567258e-01 1.185344581247775309e-01 -2.731926540918476823e-02
-9.924503696589747070e-01 1.187402361962813374e-01 -3.070886529892868574e-02
-9.931155717322445176e-01 1.119800972662112065e-01 -3.437925930566779892e-02
-9.932696920873597124e-01 1.085996243089369789e-01 -4.026729510874037937e-02
-9.934821271811782317e-01 1.062271116413082001e-01 -4.134100161463200029e-02
-9.939799698880920076e-01 1.026547379344969618e-01 -3.828627460134415711e-02
-9.944562133627611322e-01 9.827568377205331274e-02 -3.739978945886476835e-02
-9.948536487163309738e-01 9.099231100753789325e-02 -4.457165018042973798e-02
-9.955390788509960176e-01 8.443548248506173304e-02 -4.210233535796198412e-02
-9.958032831182569433e-01 7.748703252432631583e-02 -4.869903749413257571e-02
-9.965475896184339266e-01 6.874213129016057411e-02 -4.655573062107272453e-02
-9.971512694689271816e-01 6.142894933858702999e-02 -4.377036578117965426e-02
-9.974306433581078268e-01 5.875348134453131643e-02 -4.098969339848704263e-02
-9.979995457847479212e-01 4.728050179627391048e-02 -4.196993784873075117e-02
-9.984645924922578297e-01 3.616942984072580441e-02 -4.195527146356922699e-02
-9.986881629284651840e-01 2.594623104737330682e-02 -4.414477741634960373e-02
-9.991078112271500888e-01 2.104070034216365404e-02 -3.661810180103333007e-02
-9.990272575367032948e-01 1.919790043553829331e-02 -3.969879394520017812e-02
-9.991823821140554118e-01 1.752904765876592968e-02 -3.643233022700372720e-02
-9.991606282269722694e-01 1.616972208748109624e-02 -3.763766761661412746e-02
-9.989965138106312592e-01 1.930778007347236716e-02 -4.041274407713106587e-02
-9.991038758477069903e-01 6.945427746490829765e-03 -4.175190196063787579e-02
-9.992512723639253025e-01 -2.562443337351495015e-03 -3.860496581744424921e-02
-9.993741643332294533e-01 -2.477109641413069267e-03 -3.528680241947668161e-02
-9.994326191167045570e-01 -2.880063289955804573e-03 -3.355830619761412947e-02
-9.994029219989737367e-01 -6.326430601055060832e-03 -3.396749353976862701e-02
-9.995320732495588389e-01 -1.044714466400223363e-02 -2.874902492353047234e-02
-9.996029155455113946e-01 -1.196796569410582892e-02 -2.551065928180413014e-02
-9.992794606039877570e-01 -2.005635417515926749e-02 -3.222293002013920660e-02
-9.989409076013410216e-01 -2.726615496661081300e-02 -3.706258532881123724e-02
-9.988953977158043784e-01 -3.191447912005426768e-02 -3.448863237479356941e-02
-9.985164489866612536e-01 -3.983316180641763293e-02 -3.712459762486702147e-02
-9.984080272712534398e-01 -4.245646446258303369e-02 -3.713320792959401428e-02
-9.980786110882764461e-01 -4.908718426881028551e-02 -3.780938865223666678e-02
-9.980242502482612466e-01 -5.126740683791017328e-02 -3.632167882306091417e-02
-9.975529503758159278e-01 -5.820343894857208517e-02 -3.873611301209455710e-02
-9.968871057183603668e-01 -7.029645426855840595e-02 -3.570045513419146249e-02
-9.963036890672699597e-01 -7.866421852837815476e-02 -3.450964120598457724e-02
-9.954695761551048960e-01 -8.790068513129647987e-02 -3.624649133243276755e-02
-9.947587837018879720e-01 -9.434636460983482353e-02 -3.941752713172622102e-02
-9.938938867617150841e-01 -1.022736032928554528e-01 -4.141337507936394824e-02
-9.931795464922696937e-01 -1.094778173274522787e-01 -4.011248677193818973e-02
-9.925307535287856142e-01 -1.152620055264646781e-01 -3.996734953993122397e-02
-9.923375367633303634e-01 -1.178777111505857345e-01 -3.702801560230650768e-02
-9.919305253994137317e-01 -1.207408655994339497e-01 -3.867158887111499938e-02
-9.922657101945753233e-01 -1.197202860918192974e-01 -3.279983474102536600e-02
-9.924063092177877188e-01 -1.191190597186241318e-01 -3.066566051443125884e-02
-9.920090215710597459e-01 -1.213779552362283798e-01 -3.443121958250452280e-02
-9.913155313004252678e-01 -1.270630614514546008e-01 -3.388969728896255862e-02
-9.910816707423224514e-01 -1.294441032395396152e-01 -3.164430129830394373e-02
-9.903109386965849303e-01 -1.366192590055471390e-01 -2.488851616213515194e-02
-9.900518053764969517e-01 -1.388893816340788234e-01 -2.252060743072216431e-02
-9.895561501835659080e-01 -1.420378101735554899e-01 -2.457440963321399705e-02
-9.890494292527138853e-01 -1.451922408615013427e-01 -2.646611500120331362e-02
-9.886402484002071445e-01 -1.481472013738773519e-01 -2.535510807617521317e-02
-9.875796384410506779e-01 -1.552227309169259550e-01 -2.433879676422295163e-02
-9.869342391729644115e-01 -1.600998062082979179e-01 -1.813491352334039436e-02
-9.866298840311353846e-01 -1.620352180136270803e-01 -1.749501503110139494e-02
-9.862198531048764760e-01 -1.649180453760055176e-01 -1.313221694574878695e-02
-9.867839018946024110e-01 -1.618811093461301476e-01 -7.214782722863168941e-03
-9.867931835950157771e-01 -1.618674001158729170e-01 -6.178453087718428424e-03
-9.874952053824409548e-01 -1.575993365031412019e-01 -3.960327046346042920e-03
-9.868127595276712238e-01 -1.617983486660718451e-01 -4.678433371765474379e-03
-9.865810858224213220e-01 -1.632612236689852392e-01 -1.884058322390422171e-03
-9.870098574840800998e-01 -1.606322165116277345e-01 2.974568926094555126e-03
-9.875076120645768230e-01 -1.575709004162665072e-01 -3.784958741304095091e-04
-9.870104189860219313e-01 -1.606516836281036975e-01 1.218670912063011744e-03
-9.881359793597147556e-01 -1.534710039805041448e-01 5.826936355187395562e-03
-9.880902833068934132e-01 -1.536235854848593541e-01 8.797839286868407507e-03
-9.877041414774255790e-01 -1.562005991190206500e-01 6.474392077970726918e-03
-9.875129192082355845e-01 -1.571942986560787570e-01 1.040206004542021563e-02
-9.880530689908938458e-01 -1.536773714448871897e-01 1.159372116836974650e-02
-9.876744187753099258e-01 -1.561272411725234399e-01 1.111499349692799711e-02
-9.867892968591016611e-01 -1.618446239705292888e-01 7.295033560577927206e-03
-9.872031277689988782e-01 -1.591170112967550399e-01 1.057248866771864047e-02
-9.879489387887320229e-01 -1.543876318682164406e-01 1.101679490632520401e-02
-9.884587320298908741e-01 -1.505962309826886225e-01 1.643553004795871714e-02
-9.894346635417258229e-01 -1.441081169430624698e-01 1.587178464812913012e-02
-9.899488916160914531e-01 -1.407254023776091378e-01 1.405594043678924654e-02
-9.899951748100022098e-01 -1.399429396029751027e-01 1.804283462699651785e-02
-9.899242252145358245e-01 -1.403317979281059058e-01 1.889526912386954929e-02
-9.906505498964982559e-01 -1.349979783498285457e-01 1.967359232636413380e-02
-9.911540600896212583e-01 -1.309690308837919148e-01 2.146528748003631235e-02
-9.916293177608309639e-01 -1.277879320630888049e-01 1.848126025671021841e-02
-9.923876575644632325e-01 -1.208562029529291759e-01 2.367555646722382598e-02
-9.927296835417874776e-01 -1.174952012309716520e-01 2.612795037965419398e-02
-9.932911597826437067e-01 -1.125861084023089265e-01 2.640183307672522295e-02
-9.930395952933067649e-01 -1.147227039487723338e-01 2.666608467545153113e-02
-9.933742849221119942e-01 -1.108980821253907761e-01 3.015231644786825829e-02
-9.943322556644444976e-01 -1.004431966731692827e-01 3.485034450875710427e-02
-9.947431133653152902e-01 -9.778607596311839067e-02 3.039800271088460501e-02
-9.945494156269572006e-01 -9.828691169800259086e-02 3.480171934544481344e-02
-9.955067626536424630e-01 -8.712702930656643363e-02 3.708346378751044975e-02
-9.959608972628157808e-01 -8.218876504890797186e-02 3.615127927729914342e-02
-9.963174360179315459e-01 -7.830687516166441597e-02 3.492301441253824190e-02
-9.968220088073121987e-01 -6.993295136916534427e-02 3.814816040586951201e-02
-9.971401075279663351e-01 -6.516906979039246983e-02 3.827029364282263924e-02
-9.973192596038844560e-01 -6.203728867594766883e-02 3.880317412910256475e-02
-9.974431460125960935e-01 -6.107291166940783528e-02 3.711181772346904689e-02
-9.973469214134071947e-01 -5.984405216823936169e-02 4.144665136495869623e-02
-9.974984507274707868e-01 -5.458385972883305487e-02 4.491614755273171805e-02
-9.975314720188999118e-01 -5.346885712627620635e-02 4.551989578373161899e-02
-9.982654620728956818e-01 -4.220537912429678240e-02 4.104619489460355902e-02
-9.985821637277303431e-01 -3.906410232749300826e-02 3.616178943925851125e-02
-9.988970333867522866e-01 -3.159885377366229015e-02 3.473105098413580005e-02
-9.989441972905047651e-01 -2.455710737524579093e-02 3.882597436147603581e-02
-9.989704462836481724e-01 -1.820441511087358619e-02 4.155314587719916714e-02
-9.989803173762187294e-01 -9.796737987422780500e-03 4.407228993782171672e-02
-9.990273499204178620e-01 -1.384918755143568075e-03 4.407327344589497681e-02
-9.989431342326453578e-01 6.131568089127978870e-03 4.555256089906727091e-02
-9.990051143699756331e-01 1.482182327484154669e-02 4.206081743039083443e-02
-9.988170898188670765e-01 2.082290059035269564e-02 4.394138549782598824e-02
-9.987235350050936988e-01 2.735255333706544667e-02 4.246358300036515154e-02
-9.983877152629514473e-01 3.622817807861919426e-02 4.369790207436952123e-02
-9.979231114700518601e-01 4.287935760313603406e-02 4.807121855543926986e-02
-9.979286963244717867e-01 4.940749031153439386e-02 4.119750311897563827e-02
-9.976827372475326472e-01 5.696851579389122094e-02 3.719894066613466110e-02
-9.973524038501964117e-01 6.294063903441850238e-02 3.642355874455542597e-02
-9.964612338214202669e-01 7.543856900117387743e-02 3.706816675097827918e-02
-9.962751861493180927e-01 7.634402064387808828e-02 4.009190941177963319e-02
-9.956521799249482552e-01 8.552198094573651432e-02 3.691536648451074903e-02
-9.956708601652702884e-01 8.676166224949441452e-02 3.334620009493367843e-02
-9.948128310233744775e-01 9.501688688106711689e-02 3.632133751079528322e-02
-9.944386133204901057e-01 9.852729467222712256e-02 3.720529104304178686e-02
-9.931031621706934986e-01 1.095047445550557386e-01 4.189078490393386561e-02
-9.921735485365963392e-01 1.183282622658998334e-01 3.987592591735700936e-02
-9.914146021320745517e-01 1.257772635907570824e-01 3.573771116913052048e-02
-9.904286656217109464e-01 1.326223484544823694e-01 3.824118803387565463e-02
-9.899216188268105121e-01 1.375512502154440375e-01 3.368767482964474952e-02
-9.894971104981862275e-01 1.413548930371265056e-01 3.023705950906115103e-02
-9.884215593904375208e-01 1.481211843843771581e-01 3.290825213859770865e-02
-9.879108083316235911e-01 1.511356598122481909e-01 3.450021088359631755e-02
-9.875151353271265364e-01 1.547397736354701181e-01 2.948690118321301706e-02
-9.861794077816790072e-01 1.624329186184281237e-01 3.264567430489705158e-02
-9.858130144411997309e-01 1.648022355811824824e-01 3.182673604893152680e-02
-9.843313118416955332e-01 1.730351404995321418e-01 3.392235425303261748e-02
-9.831102706359364785e-01 1.799593023513211820e-01 3.329958986393240922e-02
-9.810888868125253737e-01 1.904923227715847323e-01 3.431163991071461278e-02
-9.801980641630105850e-01 1.959128487360432824e-01 2.880847043729132390e-02
-9.793078064355827950e-01 2.001189741777020525e-01 3.014355146596626317e-02
-9.794711128664056465e-01 1.999150111212193714e-01 2.589101535748282445e-02
-9.784092573190321662e-01 2.050741514100113405e-01 2.568919808163652035e-02
-9.778956204776443339e-01 2.080095032818161382e-01 2.126544716402550481e-02
-9.767142976439305846e-01 2.139903093989698191e-01 1.540601772927204481e-02
-9.754917351550141946e-01 2.197208646611485960e-01 1.177425982470073004e-02
-9.759338074998654688e-01 2.179812605195714237e-01 6.114772747835204442e-03
-9.750917506552577718e-01 2.216375657491135576e-01 8.537230838789884591e-03
-9.739929146212039646e-01 2.264475519096924017e-01 7.702306222594397685e-03
-9.734089251663625708e-01 2.290428764210208079e-01 3.800277081567265004e-03
-9.733619811020620682e-01 2.292715563463821049e-01 -1.012002678548451929e-03
-9.729023322432394094e-01 2.310382718328062857e-01 -9.076661051704853697e-03
-9.728370638968908413e-01 2.311984142448154644e-01 -1.163431455566309863e-02
-9.728492734051352731e-01 2.309892775523524622e-01 -1.443127914224582795e-02
-9.731037131670150497e-01 2.296788385219939166e-01 -1.779919983736266698e-02
-9.728134157627854606e-01 2.311664150023305941e-01 -1.400584488851754940e-02
-9.737129420723509288e-01 2.271366374160118662e-01 -1.709010038045863725e-02
-9.742934902469515546e-01 2.244338704025676812e-01 -1.953586087434763113e-02
-9.743797131584454041e-01 2.235072134031176883e-01 -2.507423741994074806e-02
-9.747971842418693411e-01 2.215372205560576790e-01 -2.630069909007751866e-02
-9.757245523023608813e-01 2.174322818403106872e-01 -2.616902973223414475e-02
-9.768712178475154051e-01 2.117963808894652300e-01 -2.940976221399470292e-02
-9.773236932446472958e-01 2.091885777682525316e-01 -3.284136046332838954e-02
-9.783585597408087642e-01 2.048387167969347722e-01 -2.925142825749575681e-02
-9.794371380416618811e-01 2.000381053686691724e-01 -2.622339344729267621e-02
-9.806970966348654839e-01 1.929921030266791571e-01 -3.142085922849111035e-02
-9.819660119103011953e-01 1.864745248205519901e-01 -3.114515386632464231e-02
-9.826422627676191235e-01 1.831193888989509910e-01 -2.968990344804692261e-02
-9.837896198029670858e-01 1.761813213897707175e-01 -3.343865373443850875e-02
-9.844472084540925039e-01 1.722817060310954385e-01 -3.439077162186039011e-02
-9.855886306142966902e-01 1.642730349356421871e-01 -4.036631298149728070e-02
-9.870390588732512738e-01 1.558804059093452099e-01 -3.814725628393055012e-02
-9.886653963663345479e-01 1.425873953599438304e-01 -4.700624818505241137e-02
-9.897094688206965474e-01 1.338968013054013528e-01 -5.046615519830731367e-02
-9.901493696769787523e-01 1.287482465073354343e-01 -5.502848150369417379e-02
-9.903963986986318302e-01 1.256643949968791751e-01 -5.764939154680089745e-02
-9.908650217899644952e-01 1.222179983009806653e-01 -5.700253114492303402e-02
-9.921377587807962417e-01 1.085146813187617548e-01 -6.234782191375490973e-02
-9.925448063007897836e-01 1.034847545304157790e-01 -6.438736258726036887e-02
-9.937897349803351821e-01 9.000407676818919511e-02 -6.543124816221930484e-02
-9.953090730755156379e-01 7.816777720239398430e-02 -5.700584783687578233e-02
-9.959793263244017814e-01 6.783568774084818009e-02 -5.851085389520977592e-02
-9.964319081401753486e-01 6.031877371510745156e-02 -5.903487964328518744e-02
-9.967003386028453482e-01 4.745852356324621601e-02 -6.584939502806484712e-02
-9.966250342031804932e-01 4.327527631669100816e-02 -6.975536510953647684e-02
-9.972770424243048160e-01 2.639341959371720170e-02 -6.886150797471465856e-02
-9.975922302796400576e-01 1.569665804994310049e-02 -6.755276541983144811e-02
-9.978049721090015423e-01 7.825100953798081946e-03 -6.575731466366671607e-02
-9.979435130978269175e-01 -3.001120401389681391e-03 -6.402934372260585261e-02
-9.977615197462118557e-01 -8.304017694552245921e-03 -6.635519562850807074e-02
-9.975402785631730662e-01 -1.441730070013694590e-02 -6.859703466365482671e-02
-9.973244372165166460e-01 -3.135042700559671769e-02 -6.603890177465097933e-02
-9.967943132497589787e-01 -4.325106881399945480e-02 -6.730869982720244504e-02
-9.968596841933426989e-01 -4.831116793232983347e-02 -6.274408236219490564e-02
-9.964993993045853093e-01 -5.572087304219484893e-02 -6.232295128132103040e-02
-9.960615662859095831e-01 -6.501795618066658067e-02 -6.028300085860196361e-02
-9.954116050639725266e-01 -7.211426989527053300e-02 -6.289107545767849694e-02
-9.950083787904394628e-01 -8.210292661562167138e-02 -5.672260600408002285e-02
-9.942312040992768996e-01 -9.222566012115676615e-02 -5.476092407480531721e-02
-9.931088993508414564e-01 -1.023671701204278001e-01 -5.705869895490135041e-02
-9.918128603658988851e-01 -1.131067943390102748e-01 -5.928002973790897495e-02
-9.903917287698069671e-01 -1.232316044722402415e-01 -6.275519325710370022e-02
-9.897792453835994042e-01 -1.311849219398786293e-01 -5.592477416382764244e-02
-9.888139237728816866e-01 -1.380573050632034338e-01 -5.645549917502531295e-02
-9.869702733902283587e-01 -1.497921015308159853e-01 -5.875393440272879547e-02
-9.853089077243090133e-01 -1.607579141258056454e-01 -5.764779600352702010e-02
-9.834564737653941346e-01 -1.713689389113953743e-01 -5.870323709912865506e-02
-9.806858100877322570e-01 -1.860970772584167321e-01 -6.019334672234028655e-02
-9.790708561303925750e-01 -1.956529560806039569e-01 -5.603747392799210414e-02
-9.785995018489327402e-01 -1.971410179686435282e-01 -5.897841202088591195e-02
-9.778030317228126878e-01 -2.029821909585126372e-01 -5.195652198333784721e-02
-9.766630806386270569e-01 -2.088678967538675491e-01 -5.003446242845720898e-02
-9.743166456145738730e-01 -2.194035353088138185e-01 -5.068709520797767126e-02
-9.730940843035414956e-01 -2.261079915026121545e-01 -4.430686062099119943e-02
-9.715312785718727140e-01 -2.327937716697127679e-01 -4.397787230175424777e-02
-9.697346366566746978e-01 -2.399932427808300073e-01 -4.492211650736285811e-02
-9.673855064542808968e-01 -2.500648798561879160e-01 -4.040861441437980373e-02
-9.658115376316688261e-01 -2.569110752620618054e-01 -3.471010332048671265e-02
-9.661287875715898199e-01 -2.562773990783043798e-01 -3.028330691776137326e-02
-9.646998721216699657e-01 -2.615243591896733166e-01 -3.097070284949555996e-02
-9.633805436838908109e-01 -2.666864881874349558e-01 -2.786149957998972429e-02
-9.634445828947436619e-01 -2.666132141159405222e-01 -2.630490148013520449e-02
-9.603967449616619412e-01 -2.775293875084280937e-01 -2.481026682740920114e-02
-9.591257408908390181e-01 -2.817924217320462721e-01 -2.590100842415803475e-02
-9.573944478011943149e-01 -2.878838614202197110e-01 -2.277655883396783806e-02
-9.572506209362774410e-01 -2.883934128464635815e-01 -2.237199415353530521e-02
-9.569001351290066237e-01 -2.900291468622822610e-01 -1.500811000573853624e-02
-9.565729999924375004e-01 -2.912515280028395437e-01 -1.186006368979054988e-02
-9.572631568845231254e-01 -2.890930723272323588e-01 -8.512464655352301041e-03
-9.578033873850092528e-01 -2.870267078630416857e-01 -1.511152184236363126e-02
-9.588247355666584815e-01 -2.837726266420774746e-01 -1.132434829156933956e-02
-9.586871610333488336e-01 -2.844000252667368556e-01 -5.964138326707404091e-03
-9.582055242465066236e-01 -2.860203172453072984e-01 -5.879581074870435416e-03
-9.574516851744856449e-01 -2.885622491462985773e-01 -4.256400950744648401e-03
-9.577725656256654840e-01 -2.874599102525122185e-01 -6.207298765842889955e-03
-9.589892367478549673e-01 -2.833778492870236421e-01 -6.054450030739174510e-03
-9.569304893888349595e-01 -2.902971502813410098e-01 -3.408952759200535587e-03
-9.576244055355990215e-01 -2.880167129708889884e-01 1.374404215422828958e-03
-9.584266259902807228e-01 -2.853224445486770011e-01 3.085980369786561935e-03
-9.588579575301359181e-01 -2.838230073796207953e-01 5.994653219330596181e-03
-9.590103273024256358e-01 -2.832090824071160640e-01 9.582583160316467119e-03
-9.594960393949228949e-01 -2.816428751376117701e-01 6.682767359897966511e-03
-9.610687333617882189e-01 -2.761117187334038436e-01 1.045116008020295466e-02
-9.620735838574244747e-01 -2.726615482609244245e-01 8.373619338480318974e-03
-9.633766149759591668e-01 -2.678211903382303749e-01 1.331638133408635100e-02
-9.620346366452317000e-01 -2.723941335026743849e-01 1.705321379428081582e-02
-9.632145149876081280e-01 -2.684310992398242779e-01 1.274994742625838208e-02
-9.638288761479583133e-01 -2.657461261245778750e-01 2.032024341262170936e-02
-9.641187923650109681e-01 -2.644785909760184461e-01 2.293572501145844586e-02
-9.644406577742470343e-01 -2.634404322192481773e-01 2.129259623679205168e-02
-9.645324777573383024e-01 -2.630532612411288773e-01 2.191117189132596454e-02
-9.652087783976784907e-01 -2.603281831964986415e-01 2.452079789311962382e-02
-9.668322002828507733e-01 -2.541601863684421203e-01 2.526093000472413516e-02
-9.681293910170426509e-01 -2.493681016463955014e-01 2.326049135012808744e-02
-9.682140851244956936e-01 -2.492311256480851112e-01 2.110331032967543638e-02
-9.682911086888466023e-01 -2.489113931935114377e-01 2.134163782391498843e-02
-9.693101010750336810e-01 -2.438784629698799167e-01 3.100390397050740293e-02
-9.704704086428029841e-01 -2.392189468890682791e-01 3.100806679097345073e-02
-9.710487216056008508e-01 -2.356115906459584075e-01 3.939006937287424515e-02
-9.723951553723304553e-01 -2.307675019046182552e-01 3.455489426688387183e-02
-9.721227319449265991e-01 -2.323625803508442278e-01 3.138541339027151045e-02
-9.733971905317290174e-01 -2.269131305427569689e-01 3.175467749579751614e-02
-9.737427335508550552e-01 -2.248827904249832699e-01 3.539545721079067481e-02
-9.751317188587973472e-01 -2.171845830118940279e-01 4.414755732135460659e-02
-9.760570692634927825e-01 -2.132128019240921157e-01 4.304552990193189627e-02
-9.781875358632821094e-01 -2.042398318401663637e-01 3.788475519040960388e-02
-9.784171737292227666e-01 -2.030151091816403131e-01 3.853204516017372239e-02
-9.793864660500137820e-01 -1.990193393698175273e-01 3.454665670880565503e-02
-9.798671748750484856e-01 -1.960330735582745398e-01 3.783348455166156421e-02
-9.815980570038927988e-01 -1.864865925079082498e-01 4.108557495379628471e-02
-9.821676484786600048e-01 -1.840987933669502585e-01 3.813612091178623931e-02
-9.830687828362874026e-01 -1.785915846861175771e-01 4.099796782823827285e-02
-9.833226208058709616e-01 -1.776081022035485846e-01 3.914083188311325706e-02
-9.848642697571167171e-01 -1.687688595565643990e-01 3.949001780213785839e-02
-9.855110503084577589e-01 -1.657425752576621447e-01 3.601926906927209460e-02
-9.876542310495496357e-01 -1.521752025396210795e-01 3.717320356017186217e-02
-9.886827290625526121e-01 -1.444782685331765792e-01 4.040434078845465959e-02
-9.890249871052708697e-01 -1.432044044380911541e-01 3.636059645573180843e-02
-9.893090427130658560e-01 -1.420284013935133038e-01 3.309940688351019344e-02
-9.900611185883234633e-01 -1.378043619298367772e-01 2.808840845334931863e-02
-9.911396247117287839e-01 -1.307980227545616769e-01 2.311148666558658984e-02
-9.912207126215567543e-01 -1.302308089462830276e-01 2.283537861154140078e-02
-9.915147147498477587e-01 -1.281270591149206717e-01 2.195555496220953640e-02
-9.915871945388768927e-01 -1.261872252280705486e-01 2.883815408487053894e-02
-9.924728106921741899e-01 -1.171629659551462477e-01 3.564518634884136783e-02
-9.928537343731691500e-01 -1.120544406305253732e-01 4.105221933060088785e-02
-9.935332511207389805e-01 -1.046568253485885558e-01 4.403008278189280561e-02
-9.941453616133449911e-01 -9.793469069484860012e-02 4.564884214062343154e-02
-9.946946046120059837e-01 -9.138579086781567495e-02 4.723665152568987113e-02
-9.949388217625491082e-01 -8.834212714109389297e-02 4.787932758579593884e-02
-9.957430665199176190e-01 -8.099449246938178471e-02 4.399611223257695464e-02
-9.961229652659306932e-01 -7.392459652825716931e-02 4.768870386262596961e-02
-9.966114517395268102e-01 -6.594397926726852655e-02 4.916326149818989188e-02
-9.967699929070876763e-01 -6.134157687119902447e-02 5.183447368065476762e-02
-9.969974810500269458e-01 -5.914839201617726194e-02 4.997510351596288342e-02
-9.973230238035969419e-01 -5.405458046472467332e-02 4.924336450853411540e-02
-9.976047046002258778e-01 -4.881642026048001182e-02 4.900847766494009772e-02
-9.978399363447858494e-01 -4.265462401784341634e-02 4.996063374100673943e-02
-9.981167430558467446e-01 -3.695960580860725014e-02 4.895891320035126310e-02
-9.982276552794538960e-01 -3.544238029309067228e-02 4.780592348616936188e-02
-9.986694375284661529e-01 -2.681185631555286358e-02 4.405109760573889394e-02
-9.988227857376578145e-01 -2.024242281665439638e-02 4.408295932396162631e-02
-9.986690163245098839e-01 -1.085001978321954719e-02 5.042314525543430126e-02
-9.988127137944978751e-01 -7.681671872295313397e-03 4.810587644256802270e-02
-9.985060887213520475e-01 1.080078350762406908e-03 5.463007742860204186e-02
-9.985142622557482417e-01 6.996150907519370875e-03 5.404019841168240107e-02
-9.986080544071325171e-01 1.655335978639808220e-02 5.007954569152189839e-02
-9.984228900279563668e-01 2.263083368724567307e-02 5.137702845198805629e-02
-9.980162946644096644e-01 3.228001761440595779e-02 5.405087704730689863e-02
-9.976209863452875082e-01 4.437635917704552818e-02 5.275535584536712036e-02
-9.974185071666540336e-01 4.754872963467932090e-02 5.380948904885866219e-02
-9.970452981341528798e-01 5.632564272601270350e-02 5.223137632723300061e-02
-9.969222004857249964e-01 6.284721602067704083e-02 4.686549540870092040e-02
-9.965731746109853795e-01 6.532968138503759958e-02 5.073422382620144944e-02
-9.959472045616933888e-01 7.267136865558684877e-02 5.299112286690316892e-02
-9.949547592272168783e-01 8.386861610447440829e-02 5.505546074279973195e-02
-9.937658059941543165e-01 9.717964443123486284e-02 5.464120206766767684e-02
-9.921532680657653147e-01 1.104790678393204884e-01 5.853451702462542094e-02
-9.917043348934240221e-01 1.157436891109585447e-01 5.591003389048748023e-02
-9.911465567618793493e-01 1.219207752658476446e-01 5.257231989721887488e-02
-9.900628594096019253e-01 1.305039705839741160e-01 5.238577394328312875e-02
-9.886319576273562282e-01 1.408854477884310952e-01 5.251822736744363868e-02
-9.882090609283255001e-01 1.455802579475537206e-01 4.742637983771674781e-02
-9.866867031911312758e-01 1.560405367164105495e-01 4.583362984856494821e-02
-9.854848571182434069e-01 1.641403662918430595e-01 4.333078959974259042e-02
-9.838479070981540620e-01 1.749080564778641711e-01 3.808527367525418178e-02
-9.834990346233247749e-01 1.765318303922633059e-01 3.957502190668064218e-02
-9.823290704514361371e-01 1.826403752965745642e-01 4.089145769262256258e-02
-9.818500207076232833e-01 1.867888074396963083e-01 3.287094220220213026e-02
-9.819095031688442887e-01 1.860887270078624978e-01 3.499619774278301537e-02
-9.815991713898442050e-01 1.887605753896246241e-01 2.885363792262731972e-02
-9.806952316147158344e-01 1.934496106616248323e-01 2.853298686409231483e-02
-9.804025639145894644e-01 1.955007121770079292e-01 2.429618729728033957e-02
-9.791643567453645058e-01 2.016582665623990744e-01 2.389825339812470112e-02
-9.793362381294726804e-01 2.015577523390937875e-01 1.658389915035461681e-02
-9.786254897560262567e-01 2.047931786357035100e-01 1.875967502854235594e-02
-9.779545828813452912e-01 2.076692462500527303e-01 2.187095495664429651e-02
-9.784481174258735647e-01 2.056527983405683768e-01 1.860722428500493839e-02
-9.778489829659312571e-01 2.083785462956779522e-01 1.974256159286025616e-02
-9.782935183801884094e-01 2.065119405266621910e-01 1.716482243971930582e-02
-9.773511076165257716e-01 2.113270889112409123e-01 1.121136271947249449e-02
-9.769383204755632821e-01 2.131583997319325685e-01 1.245131940088897021e-02
-9.764370106994560983e-01 2.156186667163708937e-01 8.909289824218527554e-03
-9.761738299118922768e-01 2.167614973014653779e-01 9.956296373924677576e-03
-9.762057535733766889e-01 2.166442262144232245e-01 9.360913063311429236e-03
-9.763126769039774944e-01 2.158448973127990167e-01 1.498525937717853050e-02
-9.756037136009010347e-01 2.189867753666902006e-01 1.556300160131436974e-02
-9.752872325847055102e-01 2.201513524415407985e-01 1.866056771937971495e-02
-9.742172994024825838e-01 2.245603584653428353e-01 2.175591408199281651e-02
-9.728076556750854254e-01 2.308604689242825803e-01 1.867430783440398104e-02
-9.727361489683863383e-01 2.314539130110176979e-01 1.461134738958027451e-02
-9.723294458745719293e-01 2.331624428597257048e-01 1.451705046940177969e-02
-9.724372194501420541e-01 2.326693327684353219e-01 1.519396736843655997e-02
-9.726823662177646046e-01 2.316361148786958146e-01 1.528873963278193880e-02
-9.718350337356258528e-01 2.352379911916590016e-01 1.413419712847384900e-02
-9.708996275640549012e-01 2.391685105521003385e-01 1.234332085729649732e-02
-9.705023113044459748e-01 2.408435522553158403e-01 1.093928180893983214e-02
-9.704624932962954142e-01 2.410924738096356101e-01 8.774336277151857655e-03
-9.702812692511852966e-01 2.419402159032344179e-01 4.383066350196078431e-03
-9.698685214747757577e-01 2.436264265430297116e-01 1.111807282438571909e-03
-9.697679536047185689e-01 2.440246207740543183e-01 1.456499683703470997e-03
-9.715283233952936026e-01 2.369195781022713221e-01 -1.360589221617683996e-03
-9.710976001818631964e-01 2.386824318795101596e-01 4.105137212486351887e-04
-9.722465447699167873e-01 2.339573054868551161e-01 -8.101102110470033944e-04
-9.730805069558637888e-01 2.304639131745931102e-01 -8.559173358230954447e-04
-9.734411899784444211e-01 2.288552932063832590e-01 -6.125799267978598861e-03
-9.741109776283989330e-01 2.260115235846663351e-01 -5.159017002656811519e-03
-9.746401026714833771e-01 2.237340404478155853e-01 -4.446390575230150556e-03
-9.759337989294294413e-01 2.180667073389760957e-01 -3.899945834509093920e-04
-9.755890907590386574e-01 2.195566694679620678e-01 -4.562423270851771913e-03
-9.750152246606179629e-01 2.219081844495402744e-01 -1.010396147254241650e-02
-9.754710340301595561e-01 2.198452406216063748e-01 -1.115135172598247237e-02
-9.756727355536352064e-01 2.188067850540463544e-01 -1.365007795651801067e-02
-9.760528529355139149e-01 2.166431494823370107e-01 -1.966201603985303498e-02
-9.759033974311528414e-01 2.172597181906550379e-01 -2.026806722783132397e-02
-9.772191151255918973e-01 2.115709427683260535e-01 -1.674986080134201888e-02
-9.783393797300863337e-01 2.059305686022853132e-01 -2.108743175573133538e-02
-9.792347055709602621e-01 2.019099461522398109e-01 -1.821498829778187001e-02
-9.782387887620614952e-01 2.061767661293307796e-01 -2.323863093650442926e-02
-9.783178119011011198e-01 2.059751844630320350e-01 -2.164493015598164052e-02
-9.785264304246963363e-01 2.041760115802764841e-01 -2.825247057767864278e-02
-9.787521500787007556e-01 2.031110283586066712e-01 -2.810977967703832264e-02
-9.789339818281632688e-01 2.017979568470490426e-01 -3.107836391409811092e-02
-9.787603085505556244e-01 2.017646136203884166e-01 -3.632244479870769260e-02
-9.793805292595614276e-01 1.994629921305343112e-01 -3.206734246710415959e-02
-9.798693995119014399e-01 1.953254321603992427e-01 -4.127900754452087928e-02
-9.809084174635838149e-01 1.897632994711261900e-01 -4.252749471796935660e-02
-9.828678960658681074e-01 1.797991716781165150e-01 -4.053366347674404457e-02
-9.843995188746290648e-01 1.706837611032930024e-01 -4.271606499922158545e-02
-9.849493310117516387e-01 1.661556231146402440e-01 -4.761455212401863313e-02
-9.858434124221001627e-01 1.607172931137809957e-01 -4.777802018908213627e-02
-9.881818285068703078e-01 1.451871714499495258e-01 -4.916686493874795200e-02
-9.887523541274407801e-01 1.398912631836672638e-01 -5.290782851731001823e-02
-9.898896763843608726e-01 1.308842975870748715e-01 -5.466032375840254587e-02
-9.916658630102709315e-01 1.159437719599997613e-01 -5.617721667021137455e-02
-9.925205868108057938e-01 1.089996105826158829e-01 -5.497264200908892617e-02
-9.934405589670246561e-01 9.898161693959449392e-02 -5.725833705426509879e-02
-9.940438722983542252e-01 9.151288363365737977e-02 -5.917933810069424261e-02
-9.942222878229052263e-01 8.701720164570843352e-02 -6.284959055918643012e-02
-9.950479065051341943e-01 7.865637703381747614e-02 -6.076890667936648421e-02
-9.959287408388735052e-01 6.989687838071542703e-02 -5.692443407636040009e-02
-9.964274943441888688e-01 6.025699280634351507e-02 -5.917233347117580727e-02
-9.970292311816439934e-01 5.008081821407753265e-02 -5.852047108490514987e-02
-9.976740143736940736e-01 3.760909813758802483e-02 -5.685189900936655355e-02
-9.978736997199102454e-01 2.525141820062934764e-02 -6.008716299682127088e-02
-9.978198836416771744e-01 1.677864733302527472e-02 -6.382772825012400508e-02
-9.982662156544915844e-01 4.090460162621423895e-03 -5.871841636517914631e-02
-9.981127233156211753e-01 1.006520410424478588e-03 -6.140032647945349586e-02
-9.983279798842360497e-01 -7.467582081041431764e-03 -5.731929169677883046e-02
-9.981281764226274111e-01 -1.327416994750855311e-02 -5.969892191188579805e-02
-9.981402550917954919e-01 -2.193503073119235092e-02 -5.687624240165672918e-02
-9.982306773528757393e-01 -2.470761666028191764e-02 -5.408391465185707903e-02
-9.977604966333465386e-01 -3.703209723884022531e-02 -5.570131643374537367e-02
-9.973575681774681234e-01 -4.773739488074356385e-02 -5.476352637390752287e-02
-9.970208626470390412e-01 -5.721989725149578820e-02 -5.172334178814168987e-02
-9.961764052953313575e-01 -6.620057658010436441e-02 -5.700942768553034917e-02
-9.959697541339526117e-01 -7.140987976145071747e-02 -5.426692886287308448e-02
-9.953387027381906949e-01 -8.165129095582296381e-02 -5.132207153635015562e-02
-9.949569558666589986e-01 -8.467015594061545747e-02 -5.377399219166260902e-02
-9.942746584884755157e-01 -9.303737011509699562e-02 -5.255447484807827807e-02
-9.934906260968107139e-01 -1.019478067267428761e-01 -5.082363632098815809e-02
-9.930107452067848950e-01 -1.080800681683618814e-01 -4.741708616779301971e-02
-9.922413596525568869e-01 -1.158122674583535183e-01 -4.521751954124569872e-02
-9.915831159846926202e-01 -1.221037499066227883e-01 -4.305368120855482261e-02
-9.900816897562162433e-01 -1.335983039699717156e-01 -4.347139209136747368e-02
-9.899233858606683034e-01 -1.374600925874181478e-01 -3.400638517523036503e-02
-9.891781135290619309e-01 -1.418465251287921169e-01 -3.749992327610136150e-02
-9.877916458362097085e-01 -1.519309075192611380e-01 -3.441925071250625384e-02
-9.862548992525965730e-01 -1.614990453946521243e-01 -3.491923734733712315e-02
-9.848456058687857784e-01 -1.703023672189517557e-01 -3.280636139415451374e-02
-9.833291010234013196e-01 -1.793155242518537640e-01 -3.016359934919735433e-02
-9.829176545369766593e-01 -1.813935840673327471e-01 -3.113314879765035834e-02
-9.824969814011079716e-01 -1.839648024291694883e-01 -2.926865049162281560e-02
-9.824274558261115731e-01 -1.845550625040862369e-01 -2.785217832988853490e-02
-9.806905699365507934e-01 -1.932125978863748206e-01 -3.024762915124960469e-02
-9.797814387541685655e-01 -1.975712474413484354e-01 -3.152706016993588045e-02
-9.785670023584714938e-01 -2.033563092418339546e-01 -3.244771918835509528e-02
-9.780454191486348536e-01 -2.065261223869201412e-01 -2.782336819266745948e-02
-9.779627363783465199e-01 -2.064961240675341203e-01 -3.079379756835704668e-02
-9.764535941118729356e-01 -2.135093572907205972e-01 -3.085699052730954059e-02
-9.754759404641728526e-01 -2.181983489200052806e-01 -2.891696775973851691e-02
-9.728781180623098379e-01 -2.286777851275805518e-01 -3.485195933324947842e-02
-9.715156990659272740e-01 -2.338770702840699267e-01 -3.819402739565336963e-02
-9.701150192985673604e-01 -2.398782123257134080e-01 -3.654194520287035175e-02
-9.665352700259314256e-01 -2.541278286470533554e-01 -3.505195585748283049e-02
-9.653885160442127189e-01 -2.588478469992797071e-01 -3.198165464354767867e-02
-9.625723677364136366e-01 -2.693282040274619371e-01 -3.027831382561949752e-02
-9.626442781443272922e-01 -2.690820456799087323e-01 -3.018057904225629126e-02
-9.620003782731614272e-01 -2.710692574291732604e-01 -3.281388120905916889e-02
-9.605840628534682013e-01 -2.764160879568758888e-01 -2.953684704723447477e-02
-9.602449651081012005e-01 -2.778692440900746297e-01 -2.680132415689361058e-02
-9.597444364717833132e-01 -2.793846714155642785e-01 -2.889364767268725112e-02
-9.585878155220143304e-01 -2.840605770515289841e-01 -2.046971784473485684e-02
-9.569150204353890077e-01 -2.900859943671233454e-01 -1.279765516061460821e-02
-9.573334160693511841e-01 -2.888699270770315741e-01 -8.180231986691290785e-03
-9.569841117485368143e-01 -2.898485849233146117e-01 -1.300877444584088230e-02
-9.548818311845657103e-01 -2.968011356892918950e-01 -1.047829789466890420e-02
-9.561710066335824543e-01 -2.927362727396467523e-01 -6.519288099194019137e-03
-9.563913148067898495e-01 -2.920853194377805995e-01 -1.356317563400905903e-03
-9.555556968479552715e-01 -2.947979726362725539e-01 -2.736061019517757771e-03
-9.565423333669991202e-01 -2.915834400359866296e-01 2.425397682883116517e-03
-9.582207626780117060e-01 -2.860257584790664720e-01 1.502000084803041839e-03
-9.582289531909807812e-01 -2.859732523424133310e-01 4.073421567961649746e-03
-9.587971333238585192e-01 -2.840645912382718241e-01 3.922458994512090930e-03
-9.594297390296820938e-01 -2.819330592895295529e-01 2.889029977922620909e-03
-9.601864777507024273e-01 -2.793002070632005229e-01 5.774329769493791523e-03
-9.603998764325956117e-01 -2.785978496972178475e-01 3.916133136476846778e-03
-9.615113883452238719e-01 -2.747359351496648783e-01 4.004575921843532733e-03
-9.600721984224471761e-01 -2.796658684459452093e-01 6.956753808615907288e-03
-9.606737819035181536e-01 -2.772437142713019553e-01 1.555083404628277918e-02
-9.594525785208769530e-01 -2.816361389971593909e-01 1.148284307854714921e-02
-9.598021170711787953e-01 -2.803656672425491880e-01 1.322912046860536678e-02
-9.595132791958191909e-01 -2.813297492984808135e-01 1.370620786393470479e-02
-9.606655745413856806e-01 -2.773314177230639666e-01 1.445543426211435070e-02
-9.609157422802236947e-01 -2.763880982266208042e-01 1.582960351902583038e-02
-9.616954269412781864e-01 -2.733867050497793549e-01 2.004086601973657095e-02
-9.615053597579052980e-01 -2.738317580921382222e-01 2.288301623783498689e-02
-9.636451630036250160e-01 -2.656091960852603462e-01 2.897889267747170636e-02
-9.662016270512225891e-01 -2.557307741508746957e-01 3.249936677669529317e-02
-9.675425348180709539e-01 -2.502593600000850294e-01 3.509583952165420961e-02
-9.691013029035987492e-01 -2.435265901675761069e-01 3.921079640166881541e-02
-9.705588339040401857e-01 -2.379519495745807955e-01 3.734222153613267481e-02
-9.706502457192076605e-01 -2.362156089147022797e-01 4.516977523058346433e-02
-9.719760810350014379e-01 -2.307503779139643552e-01 4.490860706274624192e-02
-9.741386554507199813e-01 -2.217612025298018597e-01 4.331132566592203748e-02
-9.757818746731001802e-01 -2.139732583238036501e-01 4.544446947343547955e-02
-9.773448269104886288e-01 -2.060799964894627911e-01 4.825086936548991789e-02
-9.781647584592337852e-01 -2.018074018789845214e-01 4.967393607113389925e-02
-9.797153266089234647e-01 -1.927380767538728612e-01 5.486287536202693466e-02
-9.818600446135153925e-01 -1.816946835234293234e-01 5.420255733095789147e-02
-9.836627705202907190e-01 -1.717350265924436070e-01 5.398756320842108825e-02
-9.844342308781491857e-01 -1.665506848671177431e-01 5.612608052744184201e-02
-9.856630907115490059e-01 -1.584801231834008783e-01 5.789943588877518449e-02
-9.872255611935324415e-01 -1.484720100359915584e-01 5.780809690370954795e-02
-9.880080683049430323e-01 -1.426324018590513221e-01 5.912763703725617409e-02
-9.894039225174933172e-01 -1.318768121077225908e-01 6.073225830694586186e-02
-9.902877695464372687e-01 -1.244280235428398551e-01 6.203082442676359498e-02
-9.916562527923320491e-01 -1.119671798470261159e-01 6.388465988253701211e-02
-9.930039105654280274e-01 -1.002818450251643512e-01 6.234426879822029671e-02
-9.937553097963521820e-01 -9.107882189592941824e-02 6.445971778440937050e-02
-9.946794465859731815e-01 -8.358185791602887327e-02 6.022370243324190464e-02
-9.956109607401517625e-01 -7.181181247038807836e-02 6.001584129978802112e-02
-9.956778512209116805e-01 -6.868228424054362291e-02 6.251706357961503424e-02
-9.960569343431543432e-01 -5.852788572703564868e-02 6.667153283117485674e-02
-9.962646720408773193e-01 -4.888200270193572561e-02 7.118480473186082624e-02
-9.966243234263998385e-01 -4.001311865914602278e-02 7.168634276426497087e-02
-9.967838146425604950e-01 -2.625692537923525471e-02 7.571409918510658976e-02
-9.971749017467291809e-01 -1.210338877971301949e-02 7.413330732187121963e-02
-9.968478359508146092e-01 -2.426365968464008413e-03 7.930024632201820856e-02
-9.967721610925781572e-01 9.214029609626004508e-03 7.975202123139209232e-02
-9.964210022208660478e-01 2.014730872127297803e-02 8.209322063184867901e-02
-9.957109929664389458e-01 3.161846271405203967e-02 8.694777797017382015e-02
-9.947324126949667056e-01 5.196621279597982146e-02 8.835703086649110416e-02
-9.935428639244510141e-01 7.206958610462645132e-02 8.762749129374165780e-02
-9.923625391951851338e-01 8.766882115872945413e-02 8.678014439505483957e-02
-9.915501980304803897e-01 1.013372502741853587e-01 8.098759814491843234e-02
-9.907942589249333354e-01 1.116415485665490648e-01 7.656974382478691499e-02
-9.892389143053250677e-01 1.296235617580588084e-01 6.785371237341299155e-02
-9.877028626308284043e-01 1.425685070680193511e-01 6.416618539429989887e-02
-9.857893040505404381e-01 1.559405542125734401e-01 6.246610974286081336e-02
-9.845070551483042776e-01 1.651125588765701702e-01 5.902308457244583723e-02
-9.838643110443541229e-01 1.694809632908898522e-01 5.733448976638315375e-02
-9.815396155290873059e-01 1.824083229943317952e-01 5.750834757529564578e-02
-9.802536103823170643e-01 1.903294542978074544e-01 5.364309132759830651e-02
-9.791315112631114870e-01 1.965284466125966634e-01 5.175013415277566337e-02
-9.771115901969291695e-01 2.066147431023919179e-01 5.062915432154165701e-02
-9.760385284380012072e-01 2.124205132129869389e-01 4.718410141884981507e-02
-9.744344854658277821e-01 2.210697604768648294e-01 4.007014988675888789e-02
-9.741851754833265042e-01 2.224277810304856884e-01 3.858948633506475295e-02
-9.728237297624381386e-01 2.283349402468229650e-01 3.843394631726798627e-02
-9.715336067807865961e-01 2.338625976828688224e-01 3.782537048434086308e-02
-9.702751508810169012e-01 2.393651656256349791e-01 3.564367227571871993e-02
-9.687910867241686930e-01 2.447569641769220539e-01 3.921582805231389746e-02
-9.665297687721263742e-01 2.541003519601540139e-01 3.540111975393212679e-02
-9.651831438836462329e-01 2.593222297720160219e-01 3.425641433264139946e-02
-9.648038506953434679e-01 2.610743977607730137e-01 3.152317359634152633e-02
-9.645156923454950570e-01 2.630388309433734362e-01 2.280514225483346730e-02
-9.625408858877673168e-01 2.703914497960600016e-01 2.008802433348389621e-02
-9.616160912330427024e-01 2.736272832725760717e-01 2.055784009256263895e-02
-9.605909787025812552e-01 2.772880914566292487e-01 1.939865463952739413e-02
-9.596888012627259323e-01 2.804651667150104832e-01 1.834984542447444869e-02
-9.603550124868702742e-01 2.782792244877216881e-01 1.670164832751096576e-02
-9.614056142323831322e-01 2.747026274906983478e-01 1.541859997727621813e-02
-9.610369527965708647e-01 2.761542901985212795e-01 1.211631950784103004e-02
-9.617791739108998428e-01 2.736082317016216292e-01 1.092602529091713827e-02
-9.615893542131480620e-01 2.742706298792477737e-01 1.102530281753448700e-02
-9.616039392408174402e-01 2.742155076400529246e-01 1.112390483937840922e-02
-9.615322673359470995e-01 2.744831146603517458e-01 1.071169876590468556e-02
-9.602501331667004925e-01 2.787867987747724152e-01 1.405790016250036203e-02
-9.601991269689638120e-01 2.792160855234142591e-01 7.485730985518704306e-03
-9.623266343475412876e-01 2.717048769105511186e-01 1.019463627955150865e-02
-9.606526623106362850e-01 2.776473695266099551e-01 7.643461964056033620e-03
-9.588906343237176833e-01 2.837632195184757733e-01 2.684875037035933977e-03
-9.578197119838267604e-01 2.873587086883125363e-01 2.528590968019466066e-03
-9.588253323643634030e-01 2.839931764877998699e-01 1.370998968201937902e-03
-9.602875490922074819e-01 2.789993944595486330e-01 -2.680112884422916099e-03
-9.616815692401639026e-01 2.741631124271680098e-01 -1.780230473510411703e-03
-9.625183135944724855e-01 2.711415450470571198e-01 -6.385975624507570989e-03
-9.636000946821038360e-01 2.673230772479873174e-01 -3.640327262309896953e-03
-9.643429763001480914e-01 2.645300284781985090e-01 -8.155386612593275297e-03
-9.645103921586418716e-01 2.639354589930599237e-01 -7.602574519456508154e-03
-9.647962102789303662e-01 2.628770670375075724e-01 -7.996405056706398090e-03
-9.640801206339084661e-01 2.653203936849086730e-01 -1.243510659047447273e-02
-9.657237862721040900e-01 2.592727139488222310e-01 -1.245996042768646693e-02
-9.654696311757223759e-01 2.603220719724352872e-01 -1.004152985402688436e-02
-9.656797040744020677e-01 2.595309670896512877e-01 -1.031544771679905950e-02
-9.679515036762962321e-01 2.508088801075722407e-01 -1.283800987585493117e-02
-9.688940161840047249e-01 2.472146198412376872e-01 -1.137274860578275752e-02
-9.690014634922065051e-01 2.463193413998618631e-01 -1.905172343827391326e-02
-9.706453672119736975e-01 2.397913802405743922e-01 -1.864637777393492873e-02
-9.714651259709735642e-01 2.363426652526689764e-01 -1.994181444167818229e-02
-9.716106246133774382e-01 2.356381115212877742e-01 -2.115412270837089409e-02
-9.715740765650435762e-01 2.361724470788496288e-01 -1.632211350605573819e-02
-9.714683805571027175e-01 2.367270520216993579e-01 -1.447448906124579673e-02
-9.720545579417471105e-01 2.342819927160228466e-01 -1.489653309708296840e-02
-9.721612756331371452e-01 2.338931571987039881e-01 -1.401668999690892752e-02
-9.734882805201821032e-01 2.281569791507950251e-01 -1.627830170937389145e-02
-9.741080148192903243e-01 2.252713190785460562e-01 -1.914238459543849899e-02
-9.732764733124088519e-01 2.290266244994402234e-01 -1.672526495251666634e-02
-9.741566805048317290e-01 2.252013773354147597e-01 -1.741046271441512583e-02
-9.748218472669399892e-01 2.225093772510300938e-01 -1.455904556454931664e-02
-9.750905444496933416e-01 2.209742557298291776e-01 -1.920497835206883691e-02
-9.760937990279097143e-01 2.166729252917654613e-01 -1.713947623331278647e-02
-9.774609266313004641e-01 2.106295428929479963e-01 -1.433021971279514750e-02
-9.781155115334041472e-01 2.074146496033816289e-01 -1.640828749446054599e-02
-9.784715928390251838e-01 2.055837057471917029e-01 -1.813021287615593918e-02
-9.790042385993331653e-01 2.026974101091961467e-01 -2.155187822487460506e-02
-9.793264812256284868e-01 2.016384153462118245e-01 -1.617452915239001379e-02
-9.793371426404154922e-01 2.012073642793777983e-01 -2.035633544702054876e-02
-9.802185364973176052e-01 1.964930685552168932e-01 -2.370901829899912938e-02
-9.809338321071415789e-01 1.929359597193540943e-01 -2.333570848623119434e-02
-9.823126267319883809e-01 1.857221161157922851e-01 -2.385836924094877215e-02
-9.833693499116904491e-01 1.803147325878734497e-01 -2.171040418253381704e-02
-9.827779910625615845e-01 1.830263294199980517e-01 -2.547166624820473846e-02
-9.837533546925345540e-01 1.777025192623565841e-01 -2.551812177115863473e-02
-9.838823316044844614e-01 1.769104904851029614e-01 -2.604339985402274321e-02
-9.855265916661420933e-01 1.671045737025629030e-01 -2.852054520277013533e-02
-9.870373181119026507e-01 1.583773924287601720e-01 -2.596068239650927909e-02
-9.878755763555424618e-01 1.528174903593066403e-01 -2.736207485711397713e-02
-9.880028462920165122e-01 1.522798583458858657e-01 -2.571465179472605042e-02
-9.885286597584914681e-01 1.477664350331581167e-01 -3.124407934836163567e-02
-9.885954302086754630e-01 1.465240873183841219e-01 -3.478203870173263157e-02
-9.889918198831367802e-01 1.444564852602525651e-01 -3.205506264278139283e-02
-9.892353699924580912e-01 1.425265336017181028e-01 -3.316011100450300120e-02
-9.904652226884995692e-01 1.334406466548273273e-01 -3.423827515932231086e-02
-9.913646444726088580e-01 1.274765913791406913e-01 -3.075521514935409748e-02
-9.911222076146368742e-01 1.277825754453594809e-01 -3.672064738904329273e-02
-9.924387661202952460e-01 1.186487216471751177e-01 -3.142926931339333485e-02
-9.930648347319597224e-01 1.134487827172248470e-01 -3.084850552772166327e-02
-9.935755764818726687e-01 1.084378619315883308e-01 -3.238559199020105139e-02
-9.942406975171952377e-01 1.021237058077071880e-01 -3.249933487473864735e-02
-9.942147823446130239e-01 1.011004126957537330e-01 -3.627252159490914479e-02
-9.944826144765568365e-01 9.911949996244436012e-02 -3.434642512712818285e-02
-9.947354950767846038e-01 9.727590705887489975e-02 -3.222910792704938854e-02
-9.947835432044681570e-01 9.587282163393337497e-02 -3.484432386316426572e-02
-9.950525369279851207e-01 9.248086753217127365e-02 -3.630097223618489188e-02
-9.954660600030208473e-01 8.531803288667887120e-02 -4.204972974106589018e-02
-9.964667948169027012e-01 7.497353650892940591e-02 -3.785391269826213906e-02
-9.968373665207900247e-01 6.943549071546070706e-02 -3.865230157592301763e-02
-9.974329912166048917e-01 5.689296847512496924e-02 -4.348150826613187553e-02
-9.978622402443718675e-01 4.894717994239613373e-02 -4.330296113445335215e-02
-9.981811275933633043e-01 4.440163783064757230e-02 -4.077933809581511804e-02
-9.983549704326518670e-01 3.766776571955689212e-02 -4.322633359628137023e-02
-9.985433394064477941e-01 3.534151649294663827e-02 -4.077008633555251338e-02
-9.989595965134924205e-01 2.847211548065724240e-02 -3.562423836139949618e-02
-9.990547659690770521e-01 2.413499064243027417e-02 -3.615383818477083122e-02
-9.992861522000502372e-01 1.667048354087034140e-02 -3.390138742048040554e-02
-9.990300517843323513e-01 1.101560532863759059e-02 -4.263373865367688087e-02
-9.990034868170060145e-01 2.610416985243814436e-03 -4.455606214990472796e-02
-9.990116248974082458e-01 -3.523241883180659555e-03 -4.431008576934204052e-02
-9.989120906090741547e-01 -4.197498448016788626e-03 -4.644394323734517271e-02
-9.989277378327032775e-01 -1.066763722055268961e-02 -4.505107854586212768e-02
-9.989001142794677879e-01 -1.547520810868088098e-02 -4.426175741462059360e-02
-9.989531783872617199e-01 -2.000214668321764755e-02 -4.113982240830244691e-02
-9.987265146243091696e-01 -2.851528569590292342e-02 -4.162031913408906908e-02
-9.984644303001583010e-01 -3.609834873077816253e-02 -4.202040163323282618e-02
-9.980070270319966186e-01 -4.340865099543710082e-02 -4.580051076308995495e-02
-9.977035140385799306e-01 -5.328374051339920814e-02 -4.181584183097734886e-02
-9.972775738775883081e-01 -5.808102214559619780e-02 -4.543191729154491543e-02
-9.970202532569509835e-01 -6.402243938047535998e-02 -4.303214346096156939e-02
-9.967906203746955685e-01 -7.098849538917614832e-02 -3.700156954902010520e-02
-9.966687275496608489e-01 -7.062215561132913211e-02 -4.079193757158344757e-02
-9.957359631218164475e-01 -8.128916973567769377e-02 -4.361176757454682251e-02
-9.950504724853438399e-01 -8.924251508287629753e-02 -4.370760064231898889e-02
-9.944962962240863069e-01 -9.603606368992025077e-02 -4.188334760695172632e-02
-9.935715012946932934e-01 -1.053688072844566198e-01 -4.138973046142536277e-02
-9.929310969125495490e-01 -1.127083695039585720e-01 -3.721133653560728533e-02
-9.916578348962048484e-01 -1.221467779267625953e-01 -4.116948801580336964e-02
-9.908606040660596914e-01 -1.287174393308521680e-01 -4.033742323775549310e-02
-9.906121849421796188e-01 -1.325709252882795453e-01 -3.335374516382041965e-02
-9.897373982507262635e-01 -1.390260733113989067e-01 -3.304023210390854420e-02
-9.902735545674422601e-01 -1.364433603667559447e-01 -2.723086740724958710e-02
-9.900933803108458164e-01 -1.378676275629002745e-01 -2.660148739239286825e-02
-9.896333085718331812e-01 -1.413276819015034935e-01 -2.554260115056445138e-02
-9.894079268407648398e-01 -1.430885720595207744e-01 -2.444664448895082776e-02
-9.891102886318733356e-01 -1.453225750272929273e-01 -2.328539618181902499e-02
-9.889382615690739398e-01 -1.466762102670249868e-01 -2.207323516226889284e-02
-9.889507809625192047e-01 -1.472344454145410320e-01 -1.727409872275003158e-02
-9.886186364052000908e-01 -1.487996993158152981e-01 -2.217802721173763036e-02
-9.889219216951523617e-01 -1.472155655975664612e-01 -1.900088787486759606e-02
-9.886022010191445331e-01 -1.497184775297149828e-01 -1.581421168647908007e-02
-9.888972532073455612e-01 -1.481638689300159573e-01 -1.138921638401179867e-02
-9.887935226577984071e-01 -1.490492190996398902e-01 -8.468974813241648275e-03
-9.885881514657939295e-01 -1.505737952374359423e-01 -4.585046540487764527e-03
-9.883886540439740243e-01 -1.518362037866678171e-01 -5.801678413377395031e-03
-9.882188018834472398e-01 -1.528337138034454590e-01 -8.091924628219301571e-03
-9.890216723937774734e-01 -1.474878082553452430e-01 -9.137922646410596636e-03
-9.878369474606241152e-01 -1.553740788071701073e-01 -6.089695040210139909e-03
-9.875886156210553768e-01 -1.570421846355796180e-01 -2.549910132357062660e-03
-9.874256197706269278e-01 -1.580831194219241009e-01 -6.295009498549798948e-04
-9.874058403736722944e-01 -1.580879652839257687e-01 6.158340241235657313e-03
-9.878389854643709889e-01 -1.547934784113743911e-01 1.459936831535659646e-02
-9.874750001461582993e-01 -1.573369082241184158e-01 1.175776965080420865e-02
-9.875299390180848347e-01 -1.572924055022169310e-01 6.613810026414727525e-03
-9.879867959220126616e-01 -1.540748490489584621e-01 1.196059469723744807e-02
-9.880109588960067635e-01 -1.535013806600620812e-01 1.648317696283862349e-02
-9.877870107382618059e-01 -1.546743817883383110e-01 1.877980045309280907e-02
-9.888719153054641442e-01 -1.479235414008833460e-01 1.584250054994092161e-02
-9.888019962540876007e-01 -1.487849730382724833e-01 1.156148124570179764e-02
-9.887465837270803526e-01 -1.483812434440762162e-01 1.905842818916369391e-02
-9.887490176838625855e-01 -1.479628993021864514e-01 2.196325121055804630e-02
-9.887678940336761535e-01 -1.476161143622321814e-01 2.339996709545074521e-02
-9.887908192723147138e-01 -1.472170648229727818e-01 2.489729910154294540e-02
-9.890448780891729630e-01 -1.454465857032941623e-01 2.520999381160628564e-02
-9.902086118957083016e-01 -1.363106985954082861e-01 3.010519212357600297e-02
-9.905953898595233342e-01 -1.336028538521512599e-01 2.951398382725669081e-02
-9.910593569671471981e-01 -1.292865829389802657e-01 3.295989618888293948e-02
-9.916211411999459324e-01 -1.237621415090543464e-01 3.701985001952390331e-02
-9.917114310977620528e-01 -1.232457140447393157e-01 3.631743438867888335e-02
-9.921595191641947586e-01 -1.200358492085476930e-01 3.479810429458290999e-02
-9.926178403845188347e-01 -1.170028294320988316e-01 3.194034112671644693e-02
-9.928302834602321658e-01 -1.148756028981905847e-01 3.304010674454478658e-02
-9.938197185559024538e-01 -1.054318224136875370e-01 3.473503204265396965e-02
-9.948035182186276693e-01 -9.458119758262523158e-02 3.768795745287382287e-02
-9.948209515518401380e-01 -9.497629896815190653e-02 3.620499864204465568e-02
-9.950836799610800476e-01 -9.204187418019217637e-02 3.656211456992642522e-02
-9.953299793067843515e-01 -8.999652029387350538e-02 3.491251300834945920e-02
-9.958731309822985711e-01 -8.273900400661478305e-02 3.729596791786327081e-02
-9.964058872471833750e-01 -7.729414221911966310e-02 3.465470233295647046e-02
-9.966895006781147925e-01 -7.477206843487753385e-02 3.192494154678347795e-02
-9.966196485958851436e-01 -7.505194868481868120e-02 3.341415724008747756e-02
-9.968669577729618592e-01 -7.346187495309901283e-02 2.931972492742969741e-02
-9.972101012491263461e-01 -6.897563063215339518e-02 2.853771483042149421e-02
-9.975550981204561740e-01 -6.404393284172803236e-02 2.796829794267303645e-02
-9.978256949743575799e-01 -5.940682749237017474e-02 2.854358300675370608e-02
-9.980926220652840408e-01 -5.579725733323109144e-02 2.641606816857643494e-02
-9.983736218278439489e-01 -4.923397005293776718e-02 2.874286500666705518e-02
-9.988324313268609478e-01 -4.229847665601230156e-02 2.333747311058926785e-02
-9.990681228298105010e-01 -3.893781176817069645e-02 1.862141986436632868e-02
-9.991986708496642944e-01 -3.754222696426223055e-02 1.387882733892322092e-02
-9.992620033650351230e-01 -3.547527141062106065e-02 1.473018119418280196e-02
-9.994819359996115482e-01 -3.035266600298319739e-02 1.070512540832550819e-02
-9.994251956610901155e-01 -3.159368408700546221e-02 1.229397525289911350e-02
-9.995321029604521401e-01 -2.404253440268782488e-02 1.890916034084193925e-02
-9.996594219988103047e-01 -1.768382674540962263e-02 1.919236690453671179e-02
-9.997146012634734458e-01 -1.474492089949411278e-02 1.879702068446259533e-02
-9.998075621956591386e-01 -7.890464520713045410e-03 1.796117468711528123e-02
-9.997747998190386065e-01 -4.265990481733853215e-03 2.078883609905410323e-02
-9.996592116871968470e-01 -3.931334368839727728e-03 2.580755454235560825e-02
-9.995657384240592691e-01 1.178142843304007432e-03 2.944437931475992615e-02
-9.994023245749847906e-01 9.082307080484575135e-03 3.335461940817402438e-02
-9.994660832642952020e-01 7.797014587157638163e-03 3.172980127780563459e-02
-9.994106572925168797e-01 1.240771728988765421e-02 3.200643644731267223e-02
-9.993486143814335199e-01 1.656109772036322078e-02 3.206403452211874922e-02
-9.992728206989673900e-01 2.173782858738083565e-02 3.132605827289870748e-02
-9.992116520069305174e-01 2.164328082624492403e-02 3.328164955409513431e-02
-9.989807242794656039e-01 2.754853347547231435e-02 3.575774302971772289e-02
-9.988288245897840589e-01 3.489712066678024582e-02 3.351410815796187354e-02
-9.984521132498664908e-01 4.125328514104092958e-02 3.730374651172831818e-02
-9.984039962502144760e-01 4.183906110192608940e-02 3.793387313893632762e-02
-9.981094542171223827e-01 4.739288670319966729e-02 3.913383728901619063e-02
-9.977493918615533142e-01 5.588617232597013762e-02 3.705282822263872289e-02
-9.971712633710794194e-01 6.413899408785671274e-02 3.918783383170795082e-02
-9.967711371445069357e-01 7.039332746088741710e-02 3.862777432267539002e-02
-9.963193280010617103e-01 7.748609539259804224e-02 3.665688129764653469e-02
-9.957470212474720528e-01 8.637422199420545510e-02 3.205290206187066948e-02
-9.955159261179408192e-01 8.987030622836973681e-02 2.951938188786780090e-02
-9.945471450535313673e-01 9.890548793921402626e-02 3.307122611930474881e-02
-9.946112678443201904e-01 9.849175617600758326e-02 3.237012697867591021e-02
-9.955442884814056370e-01 9.088250762763543100e-02 2.513891972118125623e-02
-9.950130378271433429e-01 9.650536616092644793e-02 2.521496899941749054e-02
-9.949469862931596964e-01 9.763846422395572322e-02 2.339338732875448704e-02
-9.946216453111997868e-01 1.004743194854397365e-01 2.515391872910406959e-02
-9.941814481941732007e-01 1.058031852695316410e-01 2.022275377977530639e-02
-9.938169108772559879e-01 1.091769583362416363e-01 2.020804641383613584e-02
-9.933684103100597351e-01 1.136607445330677924e-01 1.733384578402696538e-02
-9.933898338908957459e-01 1.136532934161035707e-01 1.611187383709952736e-02
-9.934062640443018788e-01 1.137379237603136778e-01 1.441197137880098275e-02
-9.929538347954618427e-01 1.177695478168429150e-01 1.315451280085592166e-02
-9.926759308860751974e-01 1.197379880258113705e-01 1.604170005377080280e-02
-9.925042074099121869e-01 1.205358062106130362e-01 2.016292151721173556e-02
-9.919184094078995484e-01 1.246050499342826606e-01 2.390557219764873412e-02
-9.916497414580589531e-01 1.264089278567175623e-01 2.552643767595866309e-02
-9.910895433739084215e-01 1.312105037430241206e-01 2.292043736646210556e-02
-9.901961766839044721e-01 1.376350185593674669e-01 2.383608848801201802e-02
-9.902484728964741079e-01 1.367620030645414764e-01 2.653567819236328854e-02
-9.894514326279830740e-01 1.419370475630847284e-01 2.897866237694309011e-02
-9.886641630653408841e-01 1.477123826639229753e-01 2.691190241654852974e-02
-9.882596151033463672e-01 1.506130633794320883e-01 2.566445235931064453e-02
-9.887174911965667112e-01 1.472581663965313870e-01 2.743685170199579304e-02
-9.880743888957337351e-01 1.531620597977468579e-01 1.582438318775672079e-02
-9.883610371307672837e-01 1.514662053366613859e-01 1.415890502607271631e-02
-9.879021523365060231e-01 1.541447974739665050e-01 1.699248466504967719e-02
-9.882182020264062006e-01 1.524720175214078211e-01 1.330769814605673937e-02
-9.870916067884570877e-01 1.591225150173236902e-01 1.817170602797621437e-02
-9.868098759290483413e-01 1.611734617310671136e-01 1.514628074628316182e-02
-9.860576584889625407e-01 1.661110417604918510e-01 9.871249144667405134e-03
-9.850117343553518312e-01 1.723638721788956496e-01 6.527197598165373343e-03
-9.849110794222133425e-01 1.730238961008494780e-01 3.594797875527256433e-03
-9.853305040736105580e-01 1.706263213371226883e-01 -3.237569525390025359e-03
-9.859928792103038742e-01 1.667312242095021213e-01 -4.332054435464658369e-03
-9.861397532311687586e-01 1.657945952136598844e-01 -6.369065388767019588e-03
-9.861504765396118533e-01 1.657910163201919418e-01 -4.538967854452746926e-03
-9.864037738163100588e-01 1.641488069801372296e-01 -7.924008567443501655e-03
-9.861418338783324300e-01 1.655672448924857265e-01 -1.057339223830348549e-02
-9.873923853569795961e-01 1.575214199773782298e-01 -1.559826003436068365e-02
-9.879007458000389486e-01 1.543629204351955331e-01 -1.497435645436962816e-02
-9.884168200739963384e-01 1.506119403016604463e-01 -1.866170831062950036e-02
-9.892515567753144001e-01 1.442847079514267827e-01 -2.373408870325162054e-02
-9.892253076685394442e-01 1.435480198707666522e-01 -2.876253139161810690e-02
-9.894222611860890026e-01 1.418528372730368525e-01 -3.035437676646031771e-02
-9.898838714235067560e-01 1.386385216420466526e-01 -3.015473380985573409e-02
-9.903635002138480026e-01 1.350884409626847971e-01 -3.051683353960148518e-02
-9.911399897658476066e-01 1.273435897987805210e-01 -3.775126305875575738e-02
-9.917204207152314765e-01 1.235779815103573154e-01 -3.491585037640775047e-02
-9.930669889903641634e-01 1.131707944481131767e-01 -3.178605625361465015e-02
-9.937000558873877454e-01 1.079652819520182661e-01 -3.006199269592542758e-02
-9.944705687429247210e-01 1.000013160297673065e-01 -3.206324084504466598e-02
-9.947248409498666843e-01 9.540623081808900785e-02 -3.768512727565487275e-02
-9.951735951524044443e-01 8.906171718688807304e-02 -4.120137282060672840e-02
-9.959201826135372082e-01 8.054757420664551693e-02 -4.068298432055949404e-02
-9.964105847682896977e-01 7.307274243329929531e-02 -4.273579347001387613e-02
-9.970113698165378180e-01 6.590285940286190469e-02 -4.031337993345185389e-02
-9.974490956084133275e-01 6.216521279153447432e-02 -3.508297131245330380e-02
-9.975295093542649871e-01 5.917712885730083694e-02 -3.785462090342816416e-02
-9.974793910587995693e-01 5.318958445188547157e-02 -4.696551587499454838e-02
-9.978148347660924511e-01 4.400542842525341503e-02 -4.928595287640779449e-02
-9.981603696838707851e-01 3.689464350784975311e-02 -4.811121462429095857e-02
-9.981673329112931148e-01 3.451477827240874430e-02 -4.970646750641537909e-02
-9.981370553976829374e-01 3.157088728008596717e-02 -5.220847686467392640e-02
-9.987672486469374444e-01 2.332051707879755770e-02 -4.381967011290091585e-02
-9.989182191492599339e-01 1.700349480954638920e-02 -4.328163078137080289e-02
-9.990410789044316120e-01 1.075445803605251140e-02 -4.244162128121264227e-02
-9.993557187833000954e-01 4.073270298339246032e-03 -3.565925343011300264e-02
-9.994258276817590270e-01 -2.991192720158349777e-03 -3.375046889752384566e-02
-9.994869347726322850e-01 -1.011054286764535848e-02 -3.039194698903587011e-02
-9.993590396224152350e-01 -1.432960922177653126e-02 -3.280546560401405298e-02
-9.994568013159289555e-01 -1.628255569832067623e-02 -2.865321992273379623e-02
-9.993762320764745244e-01 -1.959059301693446761e-02 -2.938335887568846450e-02
-9.991003030318239553e-01 -2.483059257592189206e-02 -3.438099084138886846e-02
-9.988965325560006381e-01 -3.424707241404684188e-02 -3.213847420723745657e-02
-9.985489449572482190e-01 -4.316957079568649325e-02 -3.219346104962168137e-02
-9.984691366383718902e-01 -4.396403915021978442e-02 -3.356445593943829103e-02
-9.982362732640740477e-01 -4.981770928996926556e-02 -3.228877223463073876e-02
-9.981707878926315836e-01 -5.164131047703898053e-02 -3.143691252238375172e-02
-9.981081983375342803e-01 -5.113002616563020603e-02 -3.414338961396420208e-02
-9.977604495500557169e-01 -5.792965211433091094e-02 -3.344049819254713701e-02
-9.980146003003007582e-01 -5.631149046078962050e-02 -2.821169765767189003e-02
-9.976574427688410518e-01 -6.122827894479239419e-02 -3.050821263941548914e-02
-9.974489213737555149e-01 -6.413840313871596588e-02 -3.133593462548979469e-02
-9.969549484761212055e-01 -6.954886205200344618e-02 -3.526773191956629472e-02
-9.966766563575262250e-01 -7.318901743761863088e-02 -3.576362430426344857e-02
-9.966189484431250412e-01 -7.479999728628505817e-02 -3.399497642423867511e-02
-9.966081053319088001e-01 -7.466923454918983349e-02 -3.459503158858712873e-02
-9.964944559046141626e-01 -7.725579925672892978e-02 -3.209933387990039633e-02
-9.959522116367380828e-01 -8.613348131239513539e-02 -2.569516672749093747e-02
-9.957084928006921798e-01 -8.972237422126566608e-02 -2.268300916021489394e-02
-9.952990513285483454e-01 -9.361039723512032396e-02 -2.483783357515614507e-02
-9.949246498170470909e-01 -9.723917491865188834e-02 -2.587489332172975692e-02
-9.944852038363790614e-01 -1.008676862187656564e-01 -2.872133908099703745e-02
-9.939275808123281264e-01 -1.065782901935092564e-01 -2.736892811700200601e-02
-9.936323966602426117e-01 -1.078625991708820481e-01 -3.256295648783118224e-02
-9.927298997998091901e-01 -1.153551575629372244e-01 -3.435927615204336510e-02
-9.922553032101653070e-01 -1.190546165494941605e-01 -3.543215676909673012e-02
-9.916411378460935344e-01 -1.232573982847526145e-01 -3.815093377719137174e-02
-9.912287668150342457e-01 -1.274182059543201295e-01 -3.507361857293753160e-02
-9.903375184650018426e-01 -1.347984894262241884e-01 -3.257288430499891141e-02
-9.900524961586306683e-01 -1.377617863911339557e-01 -2.859669595624824215e-02
-9.902166866956911839e-01 -1.365920601875207918e-01 -2.852277060109480178e-02
-9.893376636788457912e-01 -1.425827505049779287e-01 -2.968454925175150264e-02
-9.884592940044937270e-01 -1.488778668720625309e-01 -2.799340628029382480e-02
-9.879991324130213970e-01 -1.524899777203560236e-01 -2.458753566277688610e-02
-9.878867139939798703e-01 -1.528475493901454707e-01 -2.678605665946875991e-02
-9.876418231711184825e-01 -1.548076375240086955e-01 -2.445915607539989045e-02
-9.875639482567192262e-01 -1.551412580965034760e-01 -2.546888239939311752e-02
-9.869521523547369890e-01 -1.594831645748611693e-01 -2.214937782629847890e-02
-9.860211872208766160e-01 -1.645912560984421069e-01 -2.592224346556381079e-02
-9.858096558890212524e-01 -1.661302364618550687e-01 -2.408511609969436751e-02
-9.845219452826068363e-01 -1.737214719417280451e-01 -2.318222039289244765e-02
-9.842592579922155860e-01 -1.749948534506970965e-01 -2.470911255668023151e-02
-9.826054603178953073e-01 -1.844392654665783504e-01 -2.164930311355908743e-02
-9.815919618659070256e-01 -1.902582166352514426e-01 -1.670499395343126928e-02
-9.815077022345983782e-01 -1.909618584857432078e-01 -1.327495703550026981e-02
-9.823307574635782302e-01 -1.870843609018101317e-01 -5.074502610052999269e-03
-9.820667381074027480e-01 -1.882507755850583164e-01 -1.032439927252548975e-02
-9.810493842388103847e-01 -1.935789077553214110e-01 -8.326944072434193378e-03
-9.810987748997512803e-01 -1.934772950576929829e-01 -3.428709817649491787e-03
-9.800152014535488121e-01 -1.989217299735818179e-01 6.132322414995235171e-04
-9.795104361009517868e-01 -2.013649791421706359e-01 3.387699928000720631e-03
-9.799828131184507019e-01 -1.989851050862890269e-01 6.216087697232211551e-03
-9.795620911025941790e-01 -2.008506647280435264e-01 1.082339758960848206e-02
-9.791439839394655564e-01 -2.025590782376953669e-01 1.571318843657871361e-02
-9.803761436818507757e-01 -1.959756002439358158e-01 2.135900130797952282e-02
-9.808929092631119007e-01 -1.933489945692063172e-01 2.157064644107080376e-02
-9.819032641259080041e-01 -1.880782644452760055e-01 2.219396959664514737e-02
-9.827118538801767889e-01 -1.834973365381008803e-01 2.462043387595502092e-02
-9.822179236628474364e-01 -1.860596197622283177e-01 2.509570406056810254e-02
-9.831023443532090900e-01 -1.810382349698582138e-01 2.711022149428200453e-02
-9.839947711692635934e-01 -1.759201860126155259e-01 2.839726381403415503e-02
-9.837230002939680862e-01 -1.770140518476313041e-01 3.090485827969676955e-02
-9.843284184185440155e-01 -1.736781170349035730e-01 3.055327269893102354e-02
-9.857482258099139472e-01 -1.651695193328726330e-01 3.192947517277424513e-02
-9.876311502739539838e-01 -1.527107709211297515e-01 3.555499683584201209e-02
-9.886407823946449236e-01 -1.439830580273551985e-01 4.310810893932744831e-02
-9.898327176959296203e-01 -1.354712105697399305e-01 4.334476639229872807e-02
-9.902826863978079208e-01 -1.310547174536246806e-01 4.652836562722641178e-02
-9.911184545144561264e-01 -1.248021853588206498e-01 4.592004325907074469e-02
-9.921518807854907696e-01 -1.156487293441212649e-01 4.753991688648724623e-02
-9.927654125632646709e-01 -1.093712698520060561e-01 4.954581593199687550e-02
-9.934333800393067015e-01 -1.024147319783259014e-01 5.100361923321603680e-02
-9.944316466726573767e-01 -9.114918533347363128e-02 5.289190261860650388e-02
-9.949101681290056787e-01 -8.143403392491692372e-02 5.934882324312122648e-02
-9.955668226444983615e-01 -7.147688356944081889e-02 6.113742152120110046e-02
-9.960986945907281953e-01 -6.084307809379310011e-02 6.391821481734649701e-02
-9.963828957583149570e-01 -5.102568813675922160e-02 6.795242590453837161e-02
-9.964423395376081904e-01 -4.360453894472818975e-02 7.212029091427019090e-02
-9.969088612136899341e-01 -3.155974151805326228e-02 7.194951938309070150e-02
-9.969941527188649344e-01 -2.086790963812238525e-02 7.461379297909294384e-02
-9.971491637933914687e-01 -1.063081507993506730e-02 7.470314071666415978e-02
-9.972997587935997776e-01 1.413643670047410802e-03 7.342493362185287253e-02
-9.975392505175632030e-01 1.573269543935323575e-02 6.832242416456464629e-02
-9.972211274942889281e-01 2.585603797349401989e-02 6.986784649673584424e-02
-9.969471301392036633e-01 3.254713737797864520e-02 7.097275084485901719e-02
-9.963375254130664160e-01 4.825334519209376755e-02 7.059162765000535911e-02
-9.958678102938025578e-01 5.989199756118460810e-02 6.826624863388749964e-02
-9.951624594636596655e-01 7.139112771645987621e-02 6.749084193100583773e-02
-9.947217516896373901e-01 8.049702577148157290e-02 6.363091229342585087e-02
-9.936781135678520727e-01 9.309106883989684555e-02 6.275258510445727578e-02
-9.924018341708770174e-01 1.039712346158217227e-01 6.579216966514993270e-02
-9.922828603982550844e-01 1.066906145181229087e-01 6.318121066709467271e-02
-9.917587081322341014e-01 1.125920478927425888e-01 6.113692131445324501e-02
-9.904387207806304438e-01 1.218339103140069768e-01 6.471218134420736456e-02
-9.889791094498643353e-01 1.337249151081587040e-01 6.354522650672822515e-02
-9.872188292924168884e-01 1.458033907375267946e-01 6.434580087000027482e-02
-9.861937832508994584e-01 1.538751570361632792e-01 6.119056659291437911e-02
-9.849449229129579875e-01 1.614247374516948053e-01 6.185127733417816048e-02
-9.836890042425187053e-01 1.696786303335090229e-01 5.970873234587827094e-02
-9.824519215457374610e-01 1.768158424333750312e-01 5.936671693192387134e-02
-9.806371443973057600e-01 1.872216818353423518e-01 5.743570461803577942e-02
-9.782757683288298978e-01 1.993631922944009982e-01 5.684070623429433172e-02
-9.767054554169027902e-01 2.064612330298915832e-01 5.848281659847961306e-02
-9.739712221919201163e-01 2.191744745720081711e-01 5.781552763348105778e-02
-9.720477508325905402e-01 2.277524075126703962e-01 5.702664452623090741e-02
-9.702509710800587550e-01 2.356192304505400070e-01 5.564762822694219874e-02
-9.676014524226510538e-01 2.456197827437882619e-01 5.846690425289820248e-02
-9.666042738551571256e-01 2.501648057388565771e-01 5.562171357621426004e-02
-9.647324294622563468e-01 2.572093631167163830e-01 5.598848420316387964e-02
-9.614885968618248624e-01 2.691929307089727108e-01 5.545152309615170722e-02
-9.581906338340462348e-01 2.811278884342540696e-01 5.327144316932549972e-02
-9.550891766511679926e-01 2.905033953955948323e-01 5.841634344963526904e-02
-9.537795062986763606e-01 2.959873506652691555e-01 5.192464368340482528e-02
-9.520298909745509297e-01 3.021781658656220726e-01 4.824385733345496613e-02
-9.510739583726948165e-01 3.066511659123226097e-01 3.772817311833755183e-02
-9.493953158172562246e-01 3.123930274197846968e-01 3.254469868171758901e-02
-9.479383418657726379e-01 3.167973331519169933e-01 3.244035160971454196e-02
-9.466777067231353371e-01 3.209228175600709609e-01 2.845859122077487591e-02
-9.453450530915198380e-01 3.249686520373802345e-01 2.679799231492698344e-02
-9.430550600470999356e-01 3.316247927465818535e-01 2.592637887968392632e-02
-9.431236055417142605e-01 3.317682191378079071e-01 2.115986817987197677e-02
-9.433067305040864214e-01 3.311603660103148439e-01 2.247778343470261536e-02
-9.428536328339280903e-01 3.324852486235779780e-01 2.192288926182414319e-02
-9.413507400584418816e-01 3.368236510849821341e-01 2.021481562835654444e-02
-9.410913095229155312e-01 3.378597795937779424e-01 1.406922180452354308e-02
-9.379881966379199909e-01 3.463140857604906087e-01 1.564364462299216302e-02
-9.376543724751673636e-01 3.474551109821815698e-01 8.902265752766150980e-03
-9.381810667003026571e-01 3.460870349187076811e-01 6.330644697443905435e-03
-9.381257357656861418e-01 3.462322956339830560e-01 6.582406132580382284e-03
-9.370754689187249520e-01 3.490170676348117729e-01 8.756643780206865846e-03
-9.379041824673278738e-01 3.467329521909529588e-01 1.058447641016928807e-02
-9.358105506067528889e-01 3.524313321411596256e-01 7.127140224296065786e-03
-9.337936325876429189e-01 3.577584695869521214e-01 6.193203978834167789e-03
-9.336290485152352048e-01 3.582355998016908405e-01 2.020244961878935042e-03
-9.329017692028106490e-01 3.601251870305421376e-01 -2.040892841943763719e-03
-9.335319977580334161e-01 3.584328964021209485e-01 -6.625296528542039265e-03
-9.345740038014775930e-01 3.556130246520078919e-01 -1.052780966720432386e-02
-9.345965656161890900e-01 3.553067575234811204e-01 -1.692318851901240470e-02
-9.338449291981070211e-01 3.572026309869151262e-01 -1.843787792798428499e-02
-9.370883792130524359e-01 3.483588292735688152e-01 -2.261686143397057674e-02
-9.381324433861848444e-01 3.454179221504004582e-01 -2.437220859242470242e-02
-9.397908377565108440e-01 3.407710079837882877e-01 -2.585204540264109813e-02
-9.408799473230555765e-01 3.374316954166087790e-01 -2.974563158667560547e-02
-9.438466695272116347e-01 3.289577154971201067e-01 -3.066452113932799373e-02
-9.445773943249551330e-01 3.267387492206292321e-01 -3.186475986294125262e-02
-9.456359957224517165e-01 3.233716190438784555e-01 -3.468986420618512534e-02
-9.475419218035368019e-01 3.175506292859816004e-01 -3.641334135272628059e-02
-9.500529489150771889e-01 3.092510069252786264e-01 -4.199091133341213700e-02
-9.510087683520962454e-01 3.067123459882186154e-01 -3.885726386555570649e-02
-9.525401413964780239e-01 3.018107986952951460e-01 -3.971836436540812643e-02
-9.540495808566550329e-01 2.973164544350316296e-01 -3.731421733578583338e-02
-9.555212081303724458e-01 2.929665065712571681e-01 -3.390979768069828787e-02
-9.566047162961803796e-01 2.889020473232818964e-01 -3.798751666998421289e-02
-9.573820598681225258e-01 2.863725793160882271e-01 -3.755482470340298917e-02
-9.591728510624616399e-01 2.801238668871612325e-01 -3.896265657591806153e-02
-9.608522399914225520e-01 2.735687790135401531e-01 -4.385343720917391636e-02
-9.636479978536623969e-01 2.639812442532140091e-01 -4.118818628640455448e-02
-9.652201529145825187e-01 2.581713908594680529e-01 -4.120214951624245198e-02
-9.664860267221716539e-01 2.521991568765309943e-01 -4.796220816912465101e-02
-9.700625239482683071e-01 2.387623712580161650e-01 -4.439884682153918266e-02
-9.714608567001499217e-01 2.321011669992065207e-01 -4.891707613419257750e-02
-9.733553854280935225e-01 2.247448094319241252e-01 -4.548727480451938282e-02
-9.745854711347397004e-01 2.196773563687783315e-01 -4.387535022881124819e-02
-9.769138702891062565e-01 2.085077641128924297e-01 -4.651699044535777261e-02
-9.780506574287067822e-01 2.035407043766803981e-01 -4.458835285980323332e-02
-9.792841043381699251e-01 1.976804560656675036e-01 -4.387605600045821341e-02
-9.811154075109057571e-01 1.899137152059093558e-01 -3.667922800289321467e-02
-9.813958395199563478e-01 1.881203543407033441e-01 -3.837924338760186765e-02
-9.834164666299025637e-01 1.774324988982366458e-01 -3.754716118290469390e-02
-9.842694483851920362e-01 1.718659300867302342e-01 -4.093632825927154273e-02
-9.846811038118927772e-01 1.705110630862546606e-01 -3.645722215374122555e-02
-9.858386468202008368e-01 1.638034019874864966e-01 -3.592541975535882420e-02
-9.869868702967158347e-01 1.581572188266696100e-01 -2.903859024733366351e-02
-9.874074640286530924e-01 1.548127713453196497e-01 -3.255047818539955062e-02
-9.877157647128733675e-01 1.532391661747354583e-01 -3.058355581177062132e-02
-9.881559154637307163e-01 1.497648216265052568e-01 -3.344267936624915200e-02
-9.892577538230152845e-01 1.430973283781048488e-01 -2.987103724266493635e-02
-9.892751804319447340e-01 1.414259874086884472e-01 -3.651486399849715458e-02
-9.896963835355819805e-01 1.373976049477193540e-01 -4.028640682496615472e-02
-9.904290222035155855e-01 1.315923609527339944e-01 -4.163929134007042510e-02
-9.920125366617684737e-01 1.193679843793712114e-01 -4.077302318872098874e-02
-9.928829009814014173e-01 1.117992921693490849e-01 -4.104255384916175725e-02
-9.936737188991990877e-01 1.049678107958347123e-01 -3.992902523789305241e-02
-9.945198775814476644e-01 9.506522660376016953e-02 -4.350682704785158866e-02
-9.952806714722225445e-01 8.756962954868660609e-02 -4.180876795024080633e-02
-9.958945685656260816e-01 8.287082578015653178e-02 -3.642063374994228275e-02
-9.966739172611205344e-01 7.185188183435740894e-02 -3.845045985801380517e-02
-9.965912692194897060e-01 7.215572059194941268e-02 -3.999277732619598014e-02
-9.969153508054834356e-01 6.900935540675447177e-02 -3.738342238209167029e-02
-9.967767014740516185e-01 7.235841150211418105e-02 -3.464817200656179069e-02
-9.969560186974588678e-01 6.844279129596871070e-02 -3.734045190788404939e-02
-9.972176439167171891e-01 6.542365486070149394e-02 -3.573155859297266063e-02
-9.974760971925122899e-01 6.424000135710038195e-02 -3.024377570268954596e-02
-9.976244342680125055e-01 5.982798032889495576e-02 -3.414863579371268248e-02
-9.977695589057543613e-01 5.729458860452998903e-02 -3.425296839415135214e-02
-9.983116100009090665e-01 4.656590131018276124e-02 -3.472138595630370334e-02
-9.984241960068817034e-01 4.369859339677832633e-02 -3.520775818724596745e-02
-9.988250915422571818e-01 3.297252718095759066e-02 -3.551446822336207232e-02
-9.990647778154938541e-01 2.795248041738773725e-02 -3.298874090769897405e-02
-9.991342853760202258e-01 2.596694692767736665e-02 -3.250270618424030977e-02
-9.990055438351069794e-01 2.286297748609769295e-02 -3.827840430924706050e-02
-9.991565967884205035e-01 1.689390097906821528e-02 -3.742619079311593211e-02
-9.991078574713472271e-01 1.553797612029053643e-02 -3.926944107957777708e-02
-9.992367021013416339e-01 8.346625985540326309e-03 -3.816248827201157434e-02
-9.992585839565299999e-01 1.240834410293852400e-03 -3.848079050412984981e-02
-9.992919548010550379e-01 -1.152781763779484742e-02 -3.581517543357534694e-02
-9.991391483024878450e-01 -2.021556548116627827e-02 -3.622597921015863198e-02
-9.989908265775953033e-01 -2.078493859477525962e-02 -3.981636731966581993e-02
-9.987846099044839221e-01 -2.718303028223922543e-02 -4.111464797895211104e-02
-9.984246740738609294e-01 -3.647124317218687628e-02 -4.263856329492492908e-02
-9.977099801644332411e-01 -5.215475731694981659e-02 -4.306628911760089495e-02
-9.972438321086065649e-01 -6.015099635845310572e-02 -4.343530211564369109e-02
-9.972414998819106868e-01 -6.217466420877527239e-02 -4.054294607665839822e-02
-9.971655351679641344e-01 -6.377121125377414879e-02 -3.992688962870946656e-02
-9.964599598661293411e-01 -7.262965177348364165e-02 -4.233805226877627309e-02
-9.962201533692881528e-01 -7.655077754663383582e-02 -4.105378248024627030e-02
-9.959981076440143077e-01 -8.039529093216878086e-02 -3.904350509038764100e-02
-9.954838079388131922e-01 -8.928538548053054080e-02 -3.225114418065890692e-02
-9.949358593548359719e-01 -9.565972437962935726e-02 -3.085256986789576550e-02
-9.942629130108515678e-01 -1.030766345348590185e-01 -2.857438208766499566e-02
-9.935779323950977293e-01 -1.091257533834841531e-01 -2.990803192713082856e-02
-9.933416107011064922e-01 -1.118045592735164157e-01 -2.778872298100569863e-02
-9.925430501631254954e-01 -1.195045684445017464e-01 -2.402040392568941668e-02
-9.916918279762155786e-01 -1.256010285130654824e-01 -2.777999716494206420e-02
-9.909760725039414853e-01 -1.316612932812542824e-01 -2.513475138240607934e-02
-9.910786214036887420e-01 -1.321262455505657629e-01 -1.748855614568136513e-02
-9.911317440822845493e-01 -1.326730960214254074e-01 -7.466167162928026221e-03
-9.908585183863609647e-01 -1.348885585882855509e-01 -2.121660359860518159e-03
-9.907000186472816328e-01 -1.360385926453086536e-01 2.646226764897024845e-03
-9.910546283493918418e-01 -1.333895869705961912e-01 4.239088573787362473e-03
-9.915645458339873430e-01 -1.296121043439371623e-01 6.942039733986607279e-04
-9.910888703637928954e-01 -1.332017433324100830e-01 -4.179815104813941300e-04
-9.901980858187986456e-01 -1.396595006235950842e-01 1.732839242510430047e-03
-9.903253482649119199e-01 -1.387334329429214808e-01 2.960943008751578190e-03
-9.896170560065551403e-01 -1.437000132897577054e-01 2.901147810313276735e-03
-9.894889019656186724e-01 -1.446089157441667605e-01 4.914041602683974844e-05
-9.892332342422094360e-01 -1.463368268140138040e-01 1.780276815262807040e-03
-9.886629525812380415e-01 -1.501359174442082056e-01 2.190997513551918088e-03
-9.884238917627354848e-01 -1.516854343978698560e-01 3.125245932064505891e-03
-9.884219715174178411e-01 -1.516200719097610394e-01 5.778235170942200988e-03
-9.879343100112966125e-01 -1.548022317826315830e-01 4.700652301429355910e-03
-9.884162207393407673e-01 -1.515446196294679415e-01 8.223800721538299455e-03
-9.890387697606660700e-01 -1.473416692400182360e-01 9.631849681762137683e-03
-9.893319269045542930e-01 -1.453892783003495059e-01 9.182824922219745903e-03
-9.898551197729438256e-01 -1.417874870010611688e-01 9.120224746352814313e-03
-9.897317432551061556e-01 -1.426820229340273194e-01 8.540774961799918463e-03
-9.898019570877167883e-01 -1.418532377461449168e-01 1.302969047753412685e-02
-9.904900511371105276e-01 -1.363562561203670587e-01 1.834280120004583986e-02
-9.905277489380013289e-01 -1.358953698028450563e-01 1.967880577154380861e-02
-9.907972113733022335e-01 -1.346505105878941511e-01 1.378964370557043961e-02
-9.907489926821503312e-01 -1.350513091386366382e-01 1.332688034889135953e-02
-9.914339147935918861e-01 -1.302123677418867143e-01 1.017644884411637342e-02
-9.916035480251393919e-01 -1.287829800337496056e-01 1.172074380218011448e-02
-9.912841042761838528e-01 -1.312213307817871877e-01 1.169680277015789846e-02
-9.917026627468936706e-01 -1.279008355617580195e-01 1.293186771518310164e-02
-9.921268245921586182e-01 -1.242663075678404200e-01 1.556524984709188424e-02
-9.926600462904441313e-01 -1.198923994247733382e-01 1.587051771279733223e-02
-9.925299518719217229e-01 -1.206952470819480927e-01 1.780393895946398922e-02
-9.937822036690686645e-01 -1.095074418597124927e-01 2.012660512242760158e-02
-9.943217798389896167e-01 -1.047862866180682140e-01 1.854887154259997339e-02
-9.946913888518251756e-01 -1.014341929731873843e-01 1.732552381708736544e-02
-9.953645338453214197e-01 -9.428387456318072790e-02 1.897430346716203961e-02
-9.959340723243172988e-01 -8.903490371400443748e-02 1.371632495182344147e-02
-9.960409867812514140e-01 -8.835817568123438548e-02 9.757739905662112662e-03
-9.960524461663561313e-01 -8.754552270990562102e-02 1.467426454168177866e-02
-9.963527788153411224e-01 -8.447706446452983575e-02 1.203302912555134774e-02
-9.962128616214531718e-01 -8.653075088333544995e-02 8.508326499318572683e-03
-9.963566112546088371e-01 -8.498368311588452850e-02 7.162745731637796230e-03
-9.967347527259097228e-01 -8.056851966544624488e-02 5.345505428793006705e-03
-9.969331104711559588e-01 -7.819373562473039274e-02 3.184493691741792365e-03
-9.971778226409375723e-01 -7.488035128312846289e-02 5.417668721058462554e-03
-9.975682228590104783e-01 -6.941932821593983782e-02 6.214959736482826048e-03
-9.973094746985429193e-01 -7.260160039878350846e-02 1.014137003499203035e-02
-9.974190643190394834e-01 -7.149325683792905062e-02 6.629662726366730360e-03
-9.974260951966458233e-01 -7.151215438675170843e-02 5.217706992003677893e-03
-9.970448413520451858e-01 -7.680694512429026011e-02 1.518434083257669352e-03
-9.971841428795311657e-01 -7.494080731833270559e-02 2.772856431473121747e-03
-9.972739371377791207e-01 -7.305823320826698719e-02 1.035457328647154326e-02
-9.972491781622664364e-01 -7.310151684372981351e-02 1.225859759640611502e-02
-9.973177390010766752e-01 -7.233952930695719541e-02 1.115115683312767336e-02
-9.975645509510224773e-01 -6.650198338057342062e-02 2.103524872886745889e-02
-9.975777072897080711e-01 -6.471560483703303612e-02 2.550759282638088987e-02
-9.979390970251601489e-01 -5.780443734074921375e-02 2.786098803320892492e-02
-9.978208247021537192e-01 -5.822014276015857054e-02 3.104908642511081118e-02
-9.983154477093427737e-01 -5.203731499551065426e-02 2.565957020165756525e-02
-9.986397243399305346e-01 -4.331560944741251473e-02 2.902564450476569080e-02
-9.987992764112139099e-01 -3.670663519159557409e-02 3.244468606014200285e-02
-9.989317351444574333e-01 -3.105744070799289214e-02 3.421773244701978300e-02
-9.989938064114451954e-01 -3.073519318050115315e-02 3.266116911506154741e-02
-9.990933599435607437e-01 -2.526075385911291660e-02 3.426925430809082962e-02
-9.989134177650780266e-01 -1.954119752347926314e-02 4.231022361524289926e-02
-9.989907405240110450e-01 -1.679153101858600269e-02 4.166022597277996981e-02
-9.989543886193660294e-01 -1.148327975139924739e-02 4.425260898034764218e-02
-9.992704411986959023e-01 -4.824945554094436755e-03 3.788581419166811570e-02
-9.992615782900404753e-01 2.646872438173317708e-03 3.833173510887544211e-02
-9.993706829475034192e-01 8.908067597516160230e-03 3.433531681286028370e-02
-9.991868126762563085e-01 1.757491269693061547e-02 3.628864155158140897e-02
-9.991516487268925495e-01 2.086473976793198210e-02 3.550598757575059577e-02
-9.991783397531108779e-01 2.430051086347167003e-02 3.243701842262721596e-02
-9.989918844156755462e-01 3.184537160665457806e-02 3.164042932166645505e-02
-9.988373361858530197e-01 3.647398146793261881e-02 3.152227946119363911e-02
-9.988304155246505722e-01 3.349445996924834551e-02 3.487049819223293073e-02
-9.985589430621868434e-01 4.043683523040959849e-02 3.528355239714307118e-02
-9.983894161866266881e-01 4.429486401632702630e-02 3.544810508432318097e-02
-9.981950129284450357e-01 4.764595043481312242e-02 3.655966483654282673e-02
-9.977532994475963868e-01 5.438194016805589226e-02 3.912783725820954267e-02
-9.975293615354725585e-01 5.942130639252789920e-02 3.747413514275209356e-02
-9.974471835494261862e-01 6.325996521989547816e-02 3.312585631977819911e-02
-9.970037703229068793e-01 7.049327164397464762e-02 3.184666487002146829e-02
-9.965500450760438333e-01 7.745170312746815777e-02 2.982064270520366420e-02
-9.965800459268282507e-01 7.916198923970876877e-02 2.369854179571164593e-02
-9.962829516226126003e-01 8.295157756718796183e-02 2.322381180262779107e-02
-9.958630291553879355e-01 8.843122245742775223e-02 2.089917042476209866e-02
-9.951007520510257720e-01 9.747760759508063144e-02 1.651176507741444754e-02
-9.946997497146626843e-01 1.017243912732711530e-01 1.498616615263749334e-02
-9.949471181382272267e-01 9.949887349941768933e-02 1.342517596386382135e-02
-9.950128026700896244e-01 9.949382778330138899e-02 7.108435613493324472e-03
-9.949881991269607928e-01 9.998651618981124756e-02 1.099681829390287274e-03
-9.948858931036195230e-01 1.008619892190487088e-01 5.380333275389847375e-03
-9.951184111679367561e-01 9.865348880777556617e-02 -2.620345982252712813e-03
-9.948098287994754374e-01 1.015598667534529098e-01 -6.247178841260377265e-03
-9.952126722286184224e-01 9.762423169331370387e-02 -4.612555482147628200e-03
-9.955420465934221586e-01 9.411095221417785373e-02 -6.260305276065442071e-03
-9.950858831176911945e-01 9.895832630479264869e-02 -3.371094249076980656e-03
-9.952713302896526448e-01 9.697283785552279767e-02 -5.592606625631121528e-03
-9.953441173772411554e-01 9.630899438059357942e-02 -3.833409402522620132e-03
-9.955011893365370845e-01 9.474445058764548178e-02 -9.489599037468400382e-04
-9.956958950457294177e-01 9.262576319484298881e-02 -3.190930785712616739e-03
-9.960656711750891512e-01 8.853125181191885684e-02 -3.927549295610581817e-03
-9.961429692358775290e-01 8.759557464380905711e-02 -5.121488144150409920e-03
-9.961788897021351952e-01 8.682559330241604312e-02 -9.432157321239200212e-03
-9.968458827422741475e-01 7.893056818568430777e-02 -8.263229102021086431e-03
-9.968497129372274612e-01 7.882403707463446485e-02 -8.800595788033977948e-03
-9.967923323645068168e-01 7.914046437558670821e-02 -1.191060597563835602e-02
-9.969125146367785462e-01 7.676729674560664463e-02 -1.649999583096694103e-02
-9.969190261916159868e-01 7.698780721884514178e-02 -1.501207224363924550e-02
-9.970408493411604400e-01 7.535544177471154015e-02 -1.520301608291165819e-02
-9.971915854945178070e-01 7.239580557421312901e-02 -1.917860249086566007e-02
-9.973959124538497312e-01 6.859159704057943285e-02 -2.228489094404653703e-02
-9.978692894120162471e-01 5.797051497321233093e-02 -2.993878951745939168e-02
-9.981704342161277221e-01 5.313775440511332715e-02 -2.884776872622546104e-02
-9.985120506011062602e-01 4.813533342608886101e-02 -2.562625363902317280e-02
-9.986492922491315705e-01 4.755285421666809870e-02 -2.093675136164827033e-02
-9.987136411363847222e-01 4.556024207237691082e-02 -2.225663432444795198e-02
-9.988439220427174359e-01 4.305937072703264895e-02 -2.137148574940616469e-02
-9.990643424682120743e-01 3.842074353615174825e-02 -1.985740225501617801e-02
-9.990914558189898376e-01 3.565085490214777580e-02 -2.335187214021322566e-02
-9.992251707790322790e-01 3.205619775084182776e-02 -2.283612779474568019e-02
-9.993295517569784625e-01 3.168710140296097238e-02 -1.834134852656283537e-02
-9.993348717151120386e-01 3.088212402675654528e-02 -1.939430514090375451e-02
-9.995009853855365556e-01 2.618289166151901992e-02 -1.767107321058126318e-02
-9.996761463525377645e-01 2.026773614168370097e-02 -1.538998380964323211e-02
-9.998026174841475600e-01 1.508624550499838152e-02 -1.292909426205237321e-02
-9.998492017900606488e-01 1.473942761906457156e-02 -9.184397936138391158e-03
-9.998378921077497594e-01 1.717290248490346838e-02 -5.413978746080457677e-03
-9.998634946912776655e-01 1.625682634949478234e-02 -2.955981420141580267e-03
-9.999109438084800017e-01 1.317937039285970932e-02 -2.106862768610393791e-03
-9.999446382406339540e-01 9.960759321632515345e-03 -3.396170233705743131e-03
-9.999650285010517337e-01 5.702622296922265493e-03 -6.119818087397570910e-03
-9.999629069040036899e-01 3.553237139776008365e-03 -7.847907285853390758e-03
-9.999787083457737369e-01 2.775148847380426095e-03 -5.908614471965211237e-03
-9.999713523525769476e-01 -6.089240180642083861e-04 -7.546789162764124155e-03
-9.999472399301359005e-01 -6.966439543703724022e-03 -7.550921609289051005e-03
-9.999768332432243945e-01 -5.474783832980717815e-03 -4.048467937801622854e-03
-9.999738663248332049e-01 -7.230859480774030901e-03 -1.081864169239429851e-04
-9.999462943051414809e-01 -1.013967149788761943e-02 2.150782397792254819e-03
-9.998651202170832919e-01 -1.589728741371047860e-02 4.128904992268978003e-03
-9.999062419444844085e-01 -1.295365030263038834e-02 4.443028903890837086e-03
-9.999095835418156941e-01 -1.119235586315663056e-02 7.455615413023884697e-03
-9.999408483280206594e-01 -9.636032837241768206e-03 5.047473992677412730e-03
-9.999689485419304136e-01 -7.054048640626749828e-03 3.517470014632380348e-03
-9.999420259867547456e-01 -1.073822252375131528e-02 8.158203456510139742e-04
-9.999370751495026965e-01 -1.033107412956962672e-02 4.375498956748512247e-03
-9.999613489745211581e-01 -8.421544799151234328e-03 2.531493129557087825e-03
-9.999921454506859320e-01 -3.769801794649483943e-03 1.236085718702824299e-03
-9.999758572606762819e-01 -6.791382628773681013e-03 1.480637957282198748e-03
-9.999891951920426569e-01 -4.583018712624162272e-03 7.973073202079423299e-04
-9.999671046339214664e-01 -8.111453085460473139e-03 -1.557742923057240216e-04
-9.998996164596851699e-01 -1.416914623466811185e-02 1.502538306340389131e-04
-9.998862013735001497e-01 -1.504145918282897253e-02 1.170077074923960535e-03
-9.999414742453061056e-01 -1.043252861338854302e-02 2.870670201264561953e-03
-9.999630618267817406e-01 -8.592082892939601618e-03 2.852445350210392264e-04
-9.999716974884657050e-01 -7.524699681549865300e-03 1.156955803880189179e-04
-9.999862030108900290e-01 -4.622456297894349427e-03 -2.501380577184588415e-03
-9.999592463600178727e-01 -7.982966360788710733e-03 -4.219965579733553698e-03
-9.999795391979906523e-01 -5.681037898928811489e-03 -2.945718805207402438e-03
-9.999827472549929208e-01 -5.505419591434690396e-03 -2.055678697921179202e-03
-9.999729625092526053e-01 -7.125161022324106620e-03 -1.826635666540697700e-03
-9.999775510032651304e-01 -6.700525859765773910e-03 1.752695554462107598e-04
-9.999364769733911640e-01 -8.584217128425065610e-03 7.306394697981557010e-03
-9.999101678152571004e-01 -8.638450235982619504e-03 1.025005629808567811e-02
-9.999642809493857198e-01 -8.253436044413510475e-03 1.829705614036765057e-03
-9.999635474163451887e-01 -1.443828591410671602e-03 8.417238212633515460e-03
-9.999829119977688974e-01 -2.647403349411864455e-03 5.215141082414808879e-03
-9.999522937935579892e-01 -5.222698743627461268e-03 8.256165719917000351e-03
-9.999848185807426182e-01 -2.060959288118347551e-03 5.113286867026372445e-03
-9.999561855475170846e-01 1.284436841169444340e-03 9.274043345561406790e-03
-9.999379771306661224e-01 2.771724782278186389e-03 1.078842555639309211e-02
-9.998939743848200834e-01 3.889390556450332374e-03 1.403365079317677247e-02
-9.998681533313672487e-01 4.608288435668644704e-03 1.557145999280482029e-02
-9.998768540224718393e-01 1.153583403334056470e-02 1.064104744351009740e-02
-9.999062682877768449e-01 1.010541198558714653e-02 9.239365335854099123e-03
-9.998975050581524471e-01 1.294547513401869514e-02 6.117564606028783394e-03
-9.998892802740472208e-01 1.426633250581166475e-02 4.234321848373305726e-03
-9.998592906434061733e-01 1.672960589988914393e-02 -1.244852327392627182e-03
-9.998485134377524952e-01 1.619641482750456760e-02 -6.376270594518462960e-03
-9.998280302147444232e-01 1.740136058197943106e-02 -6.413513087853980194e-03
-9.998507049140487046e-01 1.651997899382413523e-02 -5.068399590043736434e-03
-9.997934365593380557e-01 1.944383005653771423e-02 -5.920486436607471509e-03
-9.997420225686693973e-01 2.112944624426021586e-02 -8.334584282676416045e-03
-9.997064479208292997e-01 1.900605006787826207e-02 -1.502726352396788201e-02
-9.997996241098057180e-01 1.280266016389822008e-02 -1.538941671477796896e-02
-9.998841749193859707e-01 5.675088558126166818e-03 -1.412305423164768141e-02
-9.998721849488804159e-01 1.028425356853985943e-03 -1.595577431647402650e-02
-9.997543198080220961e-01 1.565705613650934889e-03 -2.211061298956648255e-02
-9.995778277631292008e-01 -3.803291271124055375e-03 -2.880506731310209304e-02
-9.995361044644792692e-01 -1.396811808105467498e-02 -2.706470007758882829e-02
-9.993603706196542147e-01 -1.778664138547189286e-02 -3.102443553565430515e-02
-9.993239561697434548e-01 -2.108980340040285395e-02 -3.011447128515558694e-02
-9.993999506927551124e-01 -1.979753611623809653e-02 -2.842229232442090164e-02
-9.994004238695443076e-01 -2.542247788329776020e-02 -2.350576371257008523e-02
-9.990389603623832659e-01 -3.403772772814297326e-02 -2.761556592075930378e-02
-9.988956742996597526e-01 -4.016330216516887652e-02 -2.437973949606552643e-02
-9.990218615140828984e-01 -3.889091694514087982e-02 -2.104394271177969719e-02
-9.987535010675301361e-01 -4.606526820060057037e-02 -1.922149408491939312e-02
-9.987215421814304994e-01 -4.695182922353544758e-02 -1.873065870331726279e-02
-9.986258414846894693e-01 -4.725597492773098846e-02 -2.265683639860182827e-02
-9.983879489198097534e-01 -5.280959057945869284e-02 -2.080099146580761255e-02
-9.980206374018829596e-01 -6.050802530359185999e-02 -1.713523911252898269e-02
-9.981816266852396868e-01 -5.838071403685559518e-02 -1.500542016278486220e-02
-9.979967223563989132e-01 -6.238369364246284382e-02 -1.052839758404772522e-02
-9.976554751175780167e-01 -6.775215060473389894e-02 -9.655530150289456937e-03
-9.977157030651336855e-01 -6.738393200885617329e-02 -4.776170250346935611e-03
-9.975551082347712262e-01 -6.959476909318292048e-02 -6.356446049543438767e-03
-9.973232027307566971e-01 -7.292069461856973134e-02 -5.388118705723489964e-03
-9.976171490079185356e-01 -6.881675257609060070e-02 -4.930397201538272607e-03
-9.976077600877524265e-01 -6.905192249123745518e-02 -3.258721027682405860e-03
-9.975651851666166303e-01 -6.974026929907702066e-02 -1.625640390693627868e-04
-9.975759336792451304e-01 -6.957313370640777483e-02 -1.365963862199049772e-03
-9.974888497560087108e-01 -7.081240942346278544e-02 -1.275747289958242998e-03
-9.971166203335284361e-01 -7.588444477663752741e-02 1.634083813227113404e-04
-9.972096302798367784e-01 -7.465164179494167274e-02 -3.403787510549677970e-04
-9.970927792214929752e-01 -7.600273211017956332e-02 -5.441014340187121621e-03
-9.970480063665191350e-01 -7.667799367972578939e-02 -3.973484619667642069e-03
-9.973251008198227296e-01 -7.307787925238810878e-02 1.515673250465349349e-03
-9.975801677353085539e-01 -6.930690483871705665e-02 5.512924580751652273e-03
-9.978595832081932349e-01 -6.538070421297027812e-02 1.282971862865904533e-03
-9.976790821688934496e-01 -6.806485953436786085e-02 1.911593199770000731e-03
-9.975984985421810780e-01 -6.915428243389620810e-02 -3.866689902200228131e-03
-9.972603939954256536e-01 -7.396829980871580390e-02 -6.538161646617527550e-04
-9.969023716589442419e-01 -7.860635639290801391e-02 2.594682874406667797e-03
-9.967443343550371759e-01 -8.024887311855448402e-02 7.802600768475768077e-03
-9.967670865814706183e-01 -7.973086375405062654e-02 9.919413649226603222e-03
-9.966144368579530344e-01 -8.111438169622114946e-02 1.342205667624954066e-02
-9.965254987834513134e-01 -8.190124480407760810e-02 1.513759058199061827e-02
-9.967138817825357266e-01 -7.886968687395795596e-02 1.846728775530902950e-02
-9.964816999069729953e-01 -8.176888698215713236e-02 1.838752939277074269e-02
-9.967501052721203791e-01 -7.662931400264970383e-02 2.484364348580298670e-02
-9.972517843388143399e-01 -6.864574309408554009e-02 2.786882676886789575e-02
-9.974373479517333330e-01 -6.471051543790271032e-02 3.051748814897115719e-02
-9.976016104316405286e-01 -6.234941757114489252e-02 3.006007261457884633e-02
-9.980525589322131186e-01 -5.528959893569149187e-02 2.888218834144478525e-02
-9.985297466663073385e-01 -4.871616410786320378e-02 2.377206564883779794e-02
-9.986513756168946543e-01 -4.566945719359697536e-02 2.469334733353638692e-02
-9.987261955832972271e-01 -4.333917095011197151e-02 2.584053581065542254e-02
-9.989603033245758601e-01 -3.762797126093908595e-02 2.573866608803043396e-02
-9.988375939305323969e-01 -3.832105591297980951e-02 2.924018462404685825e-02
-9.988692167582032821e-01 -3.589336405108420336e-02 3.117667436167145464e-02
-9.989172816444268355e-01 -3.295541359303347934e-02 3.283650344458575315e-02
-9.989884840658111997e-01 -2.741018896008838579e-02 3.564717559796526380e-02
-9.991852470140245579e-01 -2.637011202535104529e-02 3.055307213499938029e-02
-9.991575941978184661e-01 -2.097449370241816560e-02 3.527327059017235783e-02
-9.994526634131354337e-01 -1.330053671079477196e-02 3.029026740156725087e-02
-9.994534575650481090e-01 -4.582612301548886352e-03 3.273861516897923207e-02
-9.993851331626023571e-01 1.481177114686081132e-03 3.503131365677139564e-02
-9.992716336944594824e-01 8.391788279520594890e-03 3.722648654191278161e-02
-9.990816608367586449e-01 1.416330000677443191e-02 4.043843955223238446e-02
-9.989122854639337357e-01 2.050669135373498972e-02 4.187783524425767873e-02
-9.987302742500059338e-01 2.825445096492357894e-02 4.170799463625508852e-02
-9.987380607450726533e-01 3.080308046503257499e-02 3.966721261173813962e-02
-9.985982286053757262e-01 3.649041273459419782e-02 3.834134959843281398e-02
-9.983755516523272755e-01 4.392034449054250944e-02 3.629452575018567856e-02
-9.981741524372282903e-01 4.882049195752474063e-02 3.556616872675764929e-02
-9.975990597753072731e-01 5.609678504642007235e-02 4.061155257139736907e-02
-9.972730872248978251e-01 6.325744507174271836e-02 3.801205741584397918e-02
-9.968865050095774283e-01 7.011689680183932905e-02 3.606865952364760042e-02
-9.962244413001628551e-01 7.717433193943121217e-02 3.976199892873009262e-02
-9.960219553539798598e-01 8.019683804065569355e-02 3.884280018553234320e-02
-9.956117275509236419e-01 8.452671643934187018e-02 4.015661500461926992e-02
-9.949118624301678260e-01 9.130691105537853958e-02 4.258480482184680282e-02
-9.939131060007317942e-01 9.958741227693229670e-02 4.710750355671351752e-02
-9.937223450894218102e-01 1.033796490677990204e-01 4.276190877581304006e-02
-9.938051806304354363e-01 1.057002866015643583e-01 3.433284115976932560e-02
-9.931906043090846792e-01 1.108576470799745028e-01 3.581950950709757858e-02
-9.924122233662441284e-01 1.180704200199512999e-01 3.431306546901018856e-02
-9.920194926268527391e-01 1.226078204210385852e-01 2.940544461503507429e-02
-9.914660358504416848e-01 1.274622225518969310e-01 2.735896686436637554e-02
-9.916658146057921730e-01 1.262314676408242964e-01 2.577906568287616218e-02
-9.916469633248279347e-01 1.274730263645276473e-01 1.967127869669085122e-02
-9.909813214113399882e-01 1.324129855222017649e-01 2.056340009344900452e-02
-9.911432947076898037e-01 1.316793865386599871e-01 1.719127912124238794e-02
-9.901549850342358239e-01 1.387886794363796805e-01 1.818899898593459921e-02
-9.893658571151662251e-01 1.448266281151849022e-01 1.343428457703874090e-02
-9.894337582289198796e-01 1.446964753154418304e-01 9.154210315377981841e-03
-9.889152161827408083e-01 1.481195515064344381e-01 1.035978448610602905e-02
-9.890295614910301625e-01 1.475995085843108123e-01 5.911265121398029398e-03
-9.892229518105414288e-01 1.462619596490405960e-01 6.739603054655575465e-03
-9.896115877518990578e-01 1.436401392825758516e-01 6.037157400110028035e-03
-9.899337961429652832e-01 1.414842132441916089e-01 3.650779281783098854e-03
-9.900339590692602831e-01 1.407529514728796394e-01 4.625805111833830585e-03
-9.907696579566637185e-01 1.355024802586786981e-01 3.820245459839133675e-03
-9.900998888439619394e-01 1.403589035180596856e-01 1.272720711443291186e-03
-9.906612689299304497e-01 1.363461832016065467e-01 -9.990368640628742233e-06
-9.912671376624186959e-01 1.318469312629121093e-01 -2.424896430673911633e-03
-9.914710711900299733e-01 1.300849990832293190e-01 -7.939756316393519961e-03
-9.918586225120427091e-01 1.271572639674062311e-01 -6.894554257840137916e-03
-9.921528818988385456e-01 1.247349807429641577e-01 -8.595071836768667511e-03
-9.926090634545345903e-01 1.207361437270477317e-01 -1.225000714296067481e-02
-9.930039447660917729e-01 1.178759804522490212e-01 -6.960664363255475266e-03
-9.930369528759594999e-01 1.172220660449859869e-01 -1.168885955681489910e-02
-9.929073551887693805e-01 1.182606787718148283e-01 -1.222406832341676325e-02
-9.932994375153482158e-01 1.153572139678092634e-01 -6.998035060750314174e-03
-9.928361407400380090e-01 1.190244871140011679e-01 -1.046904824271585946e-02
-9.930560622108697277e-01 1.173763473605779206e-01 -7.904569794391327203e-03
-9.930850829884192432e-01 1.173526772658617101e-01 -3.224739396124018907e-03
-9.927173130172888271e-01 1.204671025551772856e-01 -2.133947810626555218e-04
-9.930056921945696891e-01 1.180535760267960865e-01 1.755081440860093139e-03
-9.926202253882552284e-01 1.212618402332538980e-01 -8.282784642962464153e-04
-9.924971204492539778e-01 1.222589439697036734e-01 -1.499435885019147294e-03
-9.923881478631696451e-01 1.229856275491945095e-01 -6.350682410383091947e-03
-9.928783985126864442e-01 1.186196137580510235e-01 -1.104105366936421889e-02
-9.929117606984370070e-01 1.182589020791266071e-01 -1.187852753832086342e-02
-9.929300965302302329e-01 1.177791303025327030e-01 -1.476251179328195821e-02
-9.930464262173820389e-01 1.162499866536744059e-01 -1.856792633889915722e-02
-9.926381526249231646e-01 1.197765786673056360e-01 -1.797501268655736506e-02
-9.936394541102783196e-01 1.114160745032420352e-01 -1.634397043219313478e-02
-9.946859675576116278e-01 1.012321125254204840e-01 -1.875946003333967341e-02
-9.948648085150697540e-01 9.961797214823756019e-02 -1.789704992824078106e-02
-9.951477170956848362e-01 9.579947554384894703e-02 -2.243911204279639554e-02
-9.955946586132280451e-01 9.105096331407581955e-02 -2.238369770062856312e-02
-9.960007032094421175e-01 8.735444994184789202e-02 -1.875716859158408842e-02
-9.963098060532216138e-01 8.439352510060177393e-02 -1.563762675568906510e-02
-9.964783440587633434e-01 8.220729377152832806e-02 -1.651976928724224053e-02
-9.965432742796447307e-01 8.154305864372252133e-02 -1.588282648747255804e-02
-9.967900969688276991e-01 7.801936753745747355e-02 -1.795864784637240391e-02
-9.967941035662194471e-01 7.632725623175562468e-02 -2.399369348190249010e-02
-9.970453547480574441e-01 7.206264693455302628e-02 -2.660014775587471458e-02
-9.975534413904402209e-01 6.583049950583770571e-02 -2.352677528968241671e-02
-9.975046809265301073e-01 6.650972777526224788e-02 -2.368332516827534664e-02
-9.977101802922665463e-01 6.380604419264870875e-02 -2.243250056805339704e-02
-9.977621281437200063e-01 6.234266523271222299e-02 -2.416940160989986680e-02
-9.979901236186236035e-01 5.910074400941512512e-02 -2.286585716491944600e-02
-9.978617387512491721e-01 5.988029146232270311e-02 -2.619796252535971232e-02
-9.976835744022777286e-01 6.040060344546521048e-02 -3.129352479200332715e-02
-9.979347270268559278e-01 5.456180503543878180e-02 -3.390165711340995675e-02
-9.983787956812048003e-01 4.953973921922606022e-02 -2.802903418966553456e-02
-9.986090126670068567e-01 4.330818129455606819e-02 -3.007446645920030734e-02
-9.989172977567489786e-01 3.775870401388341929e-02 -2.717617930006860361e-02
-9.989777476897804265e-01 3.965403646782788422e-02 -2.170367052875899969e-02
-9.989179991843621931e-01 3.904809002324821643e-02 -2.526083724368441072e-02
-9.993206892918944373e-01 2.858075288873048597e-02 -2.326655641831669452e-02
-9.993849757539551293e-01 2.463902664630019182e-02 -2.495236963540965400e-02
-9.993321449165798454e-01 2.251756922935091443e-02 -2.877942784587970981e-02
-9.991281728566261400e-01 2.012018414959994284e-02 -3.658011483155389210e-02
-9.990053676795961346e-01 1.963928287567289280e-02 -4.003256601771602169e-02
-9.992520608805289806e-01 1.218208166123702606e-02 -3.670078929325159417e-02
-9.992616545735152345e-01 5.435044638131309933e-03 -3.803469790478062468e-02
-9.989603071227520781e-01 2.650440532125783108e-04 -4.558801517860070623e-02
-9.990763682158565473e-01 -3.963292448250973869e-03 -4.278709236749499156e-02
-9.991793056135653828e-01 -3.495668239932293603e-03 -4.035502490053923669e-02
-9.991543691590580867e-01 -8.743054445834046867e-03 -4.017633736783188247e-02
-9.990774606923583656e-01 -1.102578988843548428e-02 -4.150532502556830011e-02
-9.989196512388388571e-01 -1.781159009726467068e-02 -4.292214145238809619e-02
-9.988110356686629165e-01 -2.664977559190725293e-02 -4.082079000571085803e-02
-9.986847803826514047e-01 -3.127637223120976334e-02 -4.062671999183570248e-02
-9.985797130387059628e-01 -3.513749319063784460e-02 -4.004929046863757447e-02
-9.980514254820244124e-01 -4.492735386850234269e-02 -4.330031747690767097e-02
-9.978862767209308871e-01 -5.230135554162609890e-02 -3.856914939265809750e-02
-9.977615922573268570e-01 -5.674522376536049462e-02 -3.538102395554398871e-02
-9.976694990055118284e-01 -5.689475272983249982e-02 -3.766417573133402918e-02
-9.974304198050357728e-01 -6.143495160316426312e-02 -3.685561862672807887e-02
-9.971199652094455690e-01 -6.657804531116076618e-02 -3.632039505171674038e-02
-9.967257972710206193e-01 -7.290798826364718044e-02 -3.495915462928873840e-02
-9.964147823789044622e-01 -7.626007999225241363e-02 -3.663350778674881458e-02
-9.960160350699486242e-01 -8.119045811275182878e-02 -3.688088445400655724e-02
-9.959712809330761862e-01 -8.186480278301379310e-02 -3.659773030070524041e-02
-9.954467829964686043e-01 -8.987564337787525004e-02 -3.175063670141946987e-02
-9.943777561513822416e-01 -9.926228482197207992e-02 -3.687694484046352000e-02
-9.937599152825650206e-01 -1.027563660929388251e-01 -4.338654557975690079e-02
-9.933056462900815564e-01 -1.072326655741958762e-01 -4.295440376834047669e-02
-9.926208265396545549e-01 -1.131041239382084701e-01 -4.371938045500264186e-02
-9.911624348904821691e-01 -1.248342228922752345e-01 -4.487178311061901237e-02
-9.909926859809051747e-01 -1.274799824168997286e-01 -4.101686104905364477e-02
-9.903040298639755878e-01 -1.324773102453811746e-01 -4.180577951311607171e-02
-9.902251585439824089e-01 -1.339596291755818236e-01 -3.884566387617071487e-02
-9.890915995864587584e-01 -1.413819265348179310e-01 -4.133994555304411345e-02
-9.877052932765888471e-01 -1.512129738985552307e-01 -3.966008955161279964e-02
-9.872970878418075857e-01 -1.546145457914391008e-01 -3.659009446155039869e-02
-9.869611423271852368e-01 -1.578240450973475706e-01 -3.161181277341160861e-02
-9.862912668705007269e-01 -1.611855923097016974e-01 -3.533799951190334798e-02
-9.856595506644678650e-01 -1.650978779403063090e-01 -3.489947488281800597e-02
-9.848165444876307850e-01 -1.699419502088613809e-01 -3.544206153809301152e-02
-9.831387555991523142e-01 -1.790688077270969070e-01 -3.704837277106923926e-02
-9.824357775907397450e-01 -1.825591207869861343e-01 -3.862826649801768403e-02
-9.811891854684069436e-01 -1.892733967247847704e-01 -3.799205492319211730e-02
-9.800814022715884644e-01 -1.957424692400125399e-01 -3.354643251473675425e-02
-9.791598325648592782e-01 -1.999187412293487454e-01 -3.575684114471833208e-02
-9.786265333982386849e-01 -2.030971323036579457e-01 -3.227530615486878807e-02
-9.775975062494447476e-01 -2.084917469174717986e-01 -2.888493805571439380e-02
-9.763340086424060482e-01 -2.147112193258620683e-01 -2.590421142166749596e-02
-9.758542611907471409e-01 -2.166861406350975849e-01 -2.748835584334486867e-02
-9.748794336546832140e-01 -2.207195703545634657e-01 -2.988299622303379130e-02
-9.740499033451437416e-01 -2.248522181051895719e-01 -2.585146291050224865e-02
-9.722036544480094911e-01 -2.322388901365518010e-01 -2.975205400951585685e-02
-9.718843695148363659e-01 -2.335308104408213847e-01 -3.006934320766631308e-02
-9.715864561960707579e-01 -2.354270115296779597e-01 -2.437032668080075029e-02
-9.706538905863100197e-01 -2.390277618846902707e-01 -2.639670901712747042e-02
-9.690275962324695902e-01 -2.456984078535315863e-01 -2.485643948564360620e-02
-9.677054319467204291e-01 -2.510786583748945144e-01 -2.248859096963501392e-02
-9.670752260904442732e-01 -2.539134117222690556e-01 -1.713239004743308258e-02
-9.661293298021442766e-01 -2.574246723688012883e-01 -1.807452736487414821e-02
-9.659366514964845551e-01 -2.586649308005637415e-01 -7.672763844121962412e-03
-9.669585978144054073e-01 -2.548940834358873753e-01 -4.484288873675303447e-03
-9.663964011137561316e-01 -2.570470727949668577e-01 -2.197896932831071466e-03
-9.662938928396602734e-01 -2.574394846552099936e-01 1.028040347789753190e-03
-9.666126117703278675e-01 -2.560970578186991808e-01 8.624866447728182783e-03
-9.648884571733912230e-01 -2.623851325696527903e-01 1.201414840565676392e-02
-9.655511581056833714e-01 -2.596493801754339303e-01 1.712287647796102361e-02
-9.666763145016660230e-01 -2.554268037165089433e-01 1.714885911028935297e-02
-9.688449705880999296e-01 -2.469179547338594127e-01 1.926081662055784821e-02
-9.683749413326468991e-01 -2.489865658195521969e-01 1.599048310690077274e-02
-9.677255469033176905e-01 -2.516158211108467380e-01 1.402772108813574170e-02
-9.675111095785197124e-01 -2.524122697318908481e-01 1.450280836546509813e-02
-9.672802802143686263e-01 -2.531901612523000389e-01 1.623681842510538154e-02
-9.678323456555090187e-01 -2.512525400007734055e-01 1.314322489196012578e-02
-9.695401821078690752e-01 -2.447362945627775122e-01 9.798668828680667450e-03
-9.707480205163326881e-01 -2.400114314403593574e-01 6.544143812633923356e-03
-9.708998933834844802e-01 -2.394259215682223441e-01 5.353268267236906651e-03
-9.711860515220899215e-01 -2.381329223159942554e-01 9.507736529912699797e-03
-9.718844379888553764e-01 -2.348695308821105165e-01 1.664257169629870109e-02
-9.739687828912775291e-01 -2.261508080478288885e-01 1.551304284048517571e-02
-9.755227780219432043e-01 -2.192093649594383242e-01 1.739530119988778531e-02
-9.749583805471363496e-01 -2.220660929211266121e-01 1.195154034655437555e-02
-9.759529678002225594e-01 -2.177526358975784559e-01 9.981328752645880764e-03
-9.768000885618167706e-01 -2.140026834441183801e-01 8.029392937166396349e-03
-9.774529822632231912e-01 -2.109608438449425138e-01 9.012354636860907958e-03
-9.771268796995079553e-01 -2.125831731532832336e-01 5.611438643204832988e-03
-9.783923067779087823e-01 -2.066666948167665274e-01 6.115889079726337732e-03
-9.779792946485281746e-01 -2.085667803507540441e-01 7.512001910829247883e-03
-9.772925406141320659e-01 -2.116582945609255806e-01 1.000445761970127599e-02
-9.769779009571771811e-01 -2.129215087646270654e-01 1.336581123406538514e-02
-9.780127716607924793e-01 -2.080753716515535978e-01 1.398895870649647169e-02
-9.787224161014591584e-01 -2.043118058506629420e-01 1.895128120270414551e-02
-9.783336925350719637e-01 -2.062007405045915842e-01 1.855999771888315608e-02
-9.789047273381082936e-01 -2.034667814818050258e-01 1.862354634095679876e-02
-9.797208644644443964e-01 -1.994751620403762971e-01 1.888704115002218242e-02
-9.799815639609200657e-01 -1.982596884426839901e-01 1.814560798835444799e-02
-9.796723658084707242e-01 -2.000417458877780108e-01 1.501294366909974171e-02
-9.810438008958040079e-01 -1.933502195549131886e-01 1.299177244116266061e-02
-9.820629381944240288e-01 -1.879209399834512462e-01 1.543174171773773092e-02
-9.824481841295622520e-01 -1.860291918491641106e-01 1.373820106593274734e-02
-9.831668454744136865e-01 -1.820543845202124422e-01 1.546570305989517641e-02
-9.831378998952852166e-01 -1.817003275646433824e-01 2.061295038704422794e-02
-9.834979614028075412e-01 -1.797385869773920619e-01 2.063572725886125489e-02
-9.843964853637053869e-01 -1.745012792660821654e-01 2.264721090656232616e-02
-9.850272976169422989e-01 -1.708717457279272101e-01 2.289328485045712472e-02
-9.860365368867766156e-01 -1.636443132284456925e-01 3.086292267779148016e-02
-9.872578023616181975e-01 -1.556363630557122402e-01 3.315701419479601120e-02
-9.874785359073389168e-01 -1.542145929578143393e-01 3.322700499993508361e-02
-9.885150785554908115e-01 -1.477480422021209827e-01 3.175671382948003912e-02
-9.890971436295912245e-01 -1.434666268645589937e-01 3.322951785467154195e-02
-9.901311637933055687e-01 -1.363163828312072834e-01 3.252930428784968353e-02
-9.901716424815323325e-01 -1.367343283687047772e-01 2.939175501088424000e-02
-9.907693859864238339e-01 -1.323636511256636450e-01 2.925612829796375366e-02
-9.912877846212786448e-01 -1.274041257458436438e-01 3.341781388440966116e-02
-9.918216739921087433e-01 -1.221490266340110736e-01 3.700562020510678174e-02
-9.927156394241706261e-01 -1.129839973993181229e-01 4.183669994997844810e-02
-9.931097738879077763e-01 -1.096177932534570382e-01 4.143609880749526270e-02
-9.936479020778656857e-01 -1.043081722300520653e-01 4.223370452733823249e-02
-9.944717797597006914e-01 -9.661391275508629528e-02 4.112985512300243451e-02
-9.949134110052570978e-01 -8.706208968617130950e-02 5.067081642903527305e-02
-9.952735389938356381e-01 -8.337591961782409022e-02 4.979029114446688331e-02
-9.960961407380162225e-01 -7.238361040312006611e-02 5.052846598350687474e-02
-9.967097512494430545e-01 -6.311903334136891031e-02 5.084971930781876509e-02
-9.976695338542944658e-01 -4.663004442348508971e-02 4.981139132821236354e-02
-9.976833816939296717e-01 -4.245333733647521646e-02 5.315654821644931471e-02
-9.977728708151232251e-01 -3.154867136436338010e-02 5.877086669539065278e-02
-9.981540963026359625e-01 -1.677717507865657959e-02 5.836918317569845388e-02
-9.983754450666479929e-01 -4.560407419471054075e-03 5.679532044756146342e-02
-9.982774753497619669e-01 3.862264698854625880e-03 5.854229455579944980e-02
-9.984028777677771416e-01 7.527149574850606692e-03 5.599170276913839617e-02
-9.983681609668842993e-01 1.957065750408885224e-02 5.364736229032374126e-02
-9.981131742929406636e-01 3.036283683305564252e-02 5.336875836221572494e-02
-9.977010513418057558e-01 4.213808730410989467e-02 5.307568814743899438e-02
-9.972065231940649976e-01 5.277873882186694121e-02 5.285442026601926135e-02
-9.966190973798485508e-01 6.390588864809387815e-02 5.163765052639843894e-02
-9.965409631879110774e-01 6.880328807047411677e-02 4.660741225821286859e-02
-9.961544985227349658e-01 7.422139502907201813e-02 4.655571102695420932e-02
-9.954806116797857429e-01 8.268943939810463606e-02 4.669949701586866703e-02
-9.950267460089757821e-01 8.827315917384734312e-02 4.614822556144475285e-02
-9.951746855400597225e-01 8.945231565301807464e-02 4.031951241425048987e-02
-9.947661553271907042e-01 9.115345995330771667e-02 4.616684550585057473e-02
-9.938339262472392077e-01 9.867393801639789963e-02 5.057287762419115928e-02
-9.925751473055759444e-01 1.094247365944599482e-01 5.311157177553497283e-02
-9.923818357921949662e-01 1.141473514013267021e-01 4.635417093411157985e-02
-9.915061094769147543e-01 1.210024888341040689e-01 4.768718536346540360e-02
-9.901820898437295737e-01 1.304620186670275295e-01 5.019089266599421895e-02
-9.893018175459463714e-01 1.353449582591874367e-01 5.443979437341597144e-02
-9.892093975198378297e-01 1.377121060038431488e-01 5.000178786829727329e-02
-9.872866602173190342e-01 1.494587740889189442e-01 5.410324371449613812e-02
-9.853089229301331686e-01 1.619462473730621244e-01 5.421969145037873472e-02
-9.841610361979706845e-01 1.678142947353315761e-01 5.714414207494003528e-02
-9.829025694757818066e-01 1.747919459144115228e-01 5.788221034130176107e-02
-9.824046591502884063e-01 1.786130349556412644e-01 5.457568247370626208e-02
-9.809872776313544041e-01 1.870525270051872080e-01 5.172377464718334178e-02
-9.792336645512478288e-01 1.968865142120009293e-01 4.834424736711950138e-02
-9.785796297591712323e-01 1.998013377610574903e-01 4.961218818464172009e-02
-9.766700387948157314e-01 2.089393983309062175e-01 4.959837409173556422e-02
-9.749984028916851564e-01 2.157837091932978124e-01 5.306167041632267600e-02
-9.746062571017766185e-01 2.176621945756405385e-01 5.259133313605750260e-02
-9.721700291998016663e-01 2.292823628101924860e-01 4.811515194255122640e-02
-9.702259890915203577e-01 2.377886563009437015e-01 4.602304174167547862e-02
-9.679063239063927515e-01 2.471646625850437984e-01 4.546441488599728409e-02
-9.659319709578041424e-01 2.544979314714744811e-01 4.697090367939587424e-02
-9.640715253615423919e-01 2.627246365978306852e-01 3.926695919956097597e-02
-9.637473381328761635e-01 2.638800566981370221e-01 3.947681208372014888e-02
-9.618300189028183844e-01 2.714587421765716213e-01 3.454273523371556576e-02
-9.591009925373942258e-01 2.809475821606398638e-01 3.455107403332079857e-02
-9.586640923274969417e-01 2.828107825416520393e-01 3.132497265393738989e-02
-9.559247395760558375e-01 2.922537684401323999e-01 2.820746845146128445e-02
-9.539458153376061400e-01 2.991688480939841410e-01 2.203214804668795351e-02
-9.536225918540304214e-01 2.998353635791294325e-01 2.650926081937844334e-02
-9.524400710763677447e-01 3.038965438736050406e-01 2.246854126459889647e-02
-9.505564776878576705e-01 3.097347228451083345e-01 2.251261663493282772e-02
-9.492387891678822909e-01 3.140197864247145643e-01 1.836650273706268155e-02
-9.467698701354494428e-01 3.215685167517325915e-01 1.485044346891021237e-02
-9.447536885837714005e-01 3.272736950125882394e-01 1.823266622307238502e-02
-9.454969956007669429e-01 3.252905819364232953e-01 1.488295439874462098e-02
-9.442523184158803096e-01 3.290945470540195261e-01 9.185412449961096598e-03
-9.439886339433378737e-01 3.297706143595003914e-01 1.169762552723000240e-02
-9.433991475601305465e-01 3.315139566684867645e-01 9.827434748410218690e-03
-9.428712947046907766e-01 3.331036291905246638e-01 5.977239964688125899e-03
-9.427428642283364191e-01 3.335169073591710553e-01 1.548550449352335823e-03
-9.432163070104231384e-01 3.321783988828631018e-01 7.369275300223410803e-04
-9.428402798122291761e-01 3.332108715887290851e-01 -4.770261472670139606e-03
-9.426282276478525901e-01 3.337792974981233507e-01 -6.590795047968212722e-03
-9.433718300237496912e-01 3.317200937273246941e-01 -3.376874347624891307e-03
-9.455590515642992022e-01 3.253784008813333517e-01 -6.856379445093154293e-03
-9.449072967674297940e-01 3.271432960136425594e-01 -1.129150280430313291e-02
-9.453061236204940432e-01 3.261269874875070141e-01 -6.128158778495120668e-03
-9.472712665212855709e-01 3.203347009518718314e-01 -7.928476047422281653e-03
-9.468334462766642146e-01 3.217165067404710310e-01 -2.224435089166853889e-03
-9.468965784690347443e-01 3.215240384213933211e-01 -3.032525495899087743e-03
-9.458956429017627565e-01 3.244168064415063890e-01 -5.933144303242762069e-03
-9.448815755279605932e-01 3.271843219687372017e-01 -1.221725991009089268e-02
-9.445142031038055164e-01 3.283026865666148764e-01 -1.050237554551157991e-02
-9.473502488052220061e-01 3.198894248095875970e-01 -1.408175769264183828e-02
-9.486886868150197216e-01 3.156747505905289075e-01 -1.841904800182060653e-02
-9.482536327740144211e-01 3.170510279529295539e-01 -1.713848275215263187e-02
-9.497589318613690601e-01 3.118727810314071425e-01 -2.633199953819406053e-02
-9.512750989419768155e-01 3.075161743717718110e-01 -2.257261428005756868e-02
-9.534965632699133886e-01 3.005081296762357468e-01 -2.322072647253732927e-02
-9.549022624228770129e-01 2.960940628306921729e-01 -2.213615725639944687e-02
-9.556028775339883152e-01 2.935048402845446547e-01 -2.604003643417008781e-02
-9.574955749136268013e-01 2.873450580107073660e-01 -2.520071308123660730e-02
-9.597433388280344202e-01 2.800120404475509583e-01 -2.204574821428744932e-02
-9.607047799904189223e-01 2.764298387457679307e-01 -2.515758808112877887e-02
-9.616549462245969071e-01 2.726116242107052834e-01 -3.004498602116953063e-02
-9.632408454320124935e-01 2.672508461085942311e-01 -2.727807311219021189e-02
-9.652018945124632987e-01 2.592232831187780140e-01 -3.447646998677039720e-02
-9.664289247272072059e-01 2.541759007748262689e-01 -3.754703322888248984e-02
-9.686452359321479078e-01 2.456191345055670494e-01 -3.738559147540432975e-02
-9.704514136197499585e-01 2.378631273322910633e-01 -4.056132979544147671e-02
-9.718379697675503248e-01 2.320997467920389024e-01 -4.075172487673726918e-02
-9.730107309000282090e-01 2.273238532041797766e-01 -3.967389942314394902e-02
-9.742019860132530296e-01 2.221264048786311951e-01 -3.987963999392455522e-02
-9.755581324170224944e-01 2.161814241965015204e-01 -3.939488640415901577e-02
-9.770954516143175450e-01 2.077919091857009237e-01 -4.590246769014073164e-02
-9.789332826546526256e-01 1.982158196563623409e-01 -4.899135460545258475e-02
-9.810568704776584381e-01 1.870475859371327210e-01 -5.040489510905688669e-02
-9.822287014457600218e-01 1.809366431434460687e-01 -4.988732467929555409e-02
-9.833450936532873721e-01 1.756673950360218284e-01 -4.662004915148153933e-02
-9.843074191785974314e-01 1.697373930375729312e-01 -4.825098815138933322e-02
-9.855031906816016374e-01 1.622944772636084887e-01 -4.943682585164378002e-02
-9.868116293330870814e-01 1.551036619492910940e-01 -4.632168135918379032e-02
-9.872790697111205604e-01 1.515819941462216991e-01 -4.798930625422036939e-02
-9.885317282267136463e-01 1.440580032536731003e-01 -4.530286599281241333e-02
-9.896138480781597746e-01 1.370662199560701011e-01 -4.332803551457686114e-02
-9.897869409746243852e-01 1.340792637792544151e-01 -4.842105141714832250e-02
-9.905537904724792675e-01 1.303182509165600189e-01 -4.266588031946624837e-02
-9.913229657316378063e-01 1.246490231949522742e-01 -4.173049567156747464e-02
-9.923726642606836013e-01 1.177440769154746852e-01 -3.650839565593862884e-02
-9.926499724356435683e-01 1.153240725950032686e-01 -3.669367629938628111e-02
-9.932879756605540456e-01 1.112801563996642928e-01 -3.155565518941044756e-02
-9.936365516231892014e-01 1.085634914176627497e-01 -3.000677904489318717e-02
-9.936085270866976682e-01 1.079389080846777510e-01 -3.303516643593526481e-02
-9.935840597222018733e-01 1.077477407198710047e-01 -3.436823879743936688e-02
-9.940907308364426154e-01 1.036428543008547226e-01 -3.227712517788258739e-02
-9.947486809104917338e-01 9.531457347521160584e-02 -3.728577896460759378e-02
-9.954220852982682555e-01 8.954394311576867327e-02 -3.341840375099105337e-02
-9.957136661283793044e-01 8.757106698166966519e-02 -2.975968175106104632e-02
-9.959411309786128097e-01 8.394169090911063336e-02 -3.248217301577852739e-02
-9.962659760713346024e-01 7.944011097420598799e-02 -3.381433341111480390e-02
-9.968003231616795468e-01 7.224388984497391586e-02 -3.420484768932748748e-02
-9.967312713667562107e-01 7.324361484365417285e-02 -3.409077654603714230e-02
-9.969544066417184158e-01 7.229377789648559760e-02 -2.924989258729101399e-02
-9.972990357093780567e-01 6.881599531565900374e-02 -2.567153148388184869e-02
-9.974728504826122499e-01 6.331259969720788583e-02 -3.224070054874306201e-02
-9.975861762806823574e-01 5.868436622149034165e-02 -3.712144493613039886e-02
-9.976902218969997405e-01 5.532986273187702475e-02 -3.940638342405370503e-02
-9.977054252506852849e-01 5.560090585099555088e-02 -3.863236115738145904e-02
-9.979068155228373316e-01 5.382112363216984968e-02 -3.585121738272126213e-02
-9.980719102161679235e-01 4.918231814549568065e-02 -3.786287488008883984e-02
-9.982654432281896639e-01 4.225767054703515740e-02 -4.099304865725313107e-02
-9.985791430978548933e-01 3.727099793933688621e-02 -3.808678953793397104e-02
-9.985428973565351196e-01 2.519638513098843013e-02 -4.772065857137260114e-02
-9.987511611583125282e-01 1.420744161998161760e-02 -4.789888984261018307e-02
-9.988689396180016056e-01 1.016443368716375695e-02 -4.644957148347510223e-02
-9.990862735699934660e-01 7.148429631577413179e-03 -4.213733290117657737e-02
-9.992693160410238695e-01 8.015242515919110064e-04 -3.821293337738895790e-02
-9.994061905915646582e-01 -8.559465899629910973e-03 -3.337720925756865881e-02
-9.994184097115147436e-01 -1.347375316238073883e-02 -3.132629214353022801e-02
-9.992177091401404088e-01 -1.447007632070242827e-02 -3.680520297806247343e-02
-9.992470206030508173e-01 -1.865187055328093590e-02 -3.402257818178042181e-02
-9.990705548116660673e-01 -2.215008797540211211e-02 -3.697886501836161049e-02
